trader_id,strategy_id,instrument_id,venue_order_id,position_id,account_id,last_trade_id,type,side,quantity,time_in_force,is_reduce_only,is_quote_quantity,filled_qty,liquidity_side,avg_px,slippage,commissions,emulation_trigger,status,contingency_type,order_list_id,linked_order_ids,parent_order_id,exec_algorithm_id,exec_algorithm_params,exec_spawn_id,tags,init_id,ts_init,ts_last,price,expire_time_ns,is_post_only,display_qty,trigger_instrument_id
TESTER-001,SRGridStrategyV3-000,BTC/USDT.SIM,SIM-1-001,BTC/USDT.SIM-SRGridStrategyV3-000,SIM-001,T-c8c99e566a70b473-1620,MARKET,SELL,2.793511,GTC,False,False,2.793511,TAKER,21478.350000000002,0.0,['36.00000000 USDT'],NO_TRIGGER,FILLED,NO_CONTINGENCY,,,,,,,,94a33bba-64b4-40d7-940f-6a0fe90c1419,2022-08-23 20:00:00+00:00,2022-08-23 20:00:00+00:00,,,,,
TESTER-001,SRGridStrategyV3-000,BTC/USDT.SIM,SIM-1-002,BTC/USDT.SIM-SRGridStrategyV3-000,SIM-001,T-c8c99e566a70b473-1621,MARKET,SELL,2.793511,GTC,False,False,2.793511,TAKER,21478.350000000002,0.0,['36.00000000 USDT'],NO_TRIGGER,FILLED,NO_CONTINGENCY,,,,,,,,6ba2692b-ac38-4e04-a84e-49ee4586e593,2022-08-23 20:00:00+00:00,2022-08-23 20:00:00+00:00,,,,,
TESTER-001,SRGridStrategyV3-000,BTC/USDT.SIM,SIM-1-012,BTC/USDT.SIM-SRGridStrategyV3-000,SIM-001,T-2f7bbb4bc4280e57-3289,LIMIT,SELL,0.231676,GTC,False,False,0.231676,MAKER,21581.83,0.0,['1.00000000 USDT'],NO_TRIGGER,FILLED,NO_CONTINGENCY,,,,,,,,66c15fd6-ad92-4b4b-8960-f91e28c4d9a3,2022-09-10 03:00:00+00:00,2022-09-10 05:00:00+00:00,21581.83,,False,,
TESTER-001,SRGridStrategyV3-000,BTC/USDT.SIM,SIM-1-003,BTC/USDT.SIM-SRGridStrategyV3-000,SIM-001,T-ecf22271ea6b9ea3-3282,MARKET,BUY,5.587022,GTC,True,False,5.587022,TAKER,21303.070000000003,0.0,['71.41000000 USDT'],NO_TRIGGER,FILLED,NO_CONTINGENCY,,,,,,,,bd9e9240-a5ef-4c14-b585-c3213c09b19b,2022-09-10 03:00:00+00:00,2022-09-10 03:00:00+00:00,,,,,
TESTER-001,SRGridStrategyV3-000,BTC/USDT.SIM,SIM-1-028,BTC/USDT.SIM-SRGridStrategyV3-000,SIM-001,T-8395283717ef8ff8-3404,MARKET,BUY,0.231676,GTC,True,False,0.231676,TAKER,21604.0,0.0,['3.00000000 USDT'],NO_TRIGGER,FILLED,NO_CONTINGENCY,,,,,,,,73d2a4d7-bc3d-4c5e-b4b3-ad3429e90d17,2022-09-11 09:00:00+00:00,2022-09-11 09:00:00+00:00,,,,,
TESTER-001,SRGridStrategyV3-000,BTC/USDT.SIM,SIM-1-029,BTC/USDT.SIM-SRGridStrategyV3-000,SIM-001,T-8395283717ef8ff8-3405,MARKET,BUY,2.777263,GTC,False,False,2.777263,TAKER,21604.0,0.0,['36.00000000 USDT'],NO_TRIGGER,FILLED,NO_CONTINGENCY,,,,,,,,34e22801-e8bc-4b1a-9963-57bda3b4df14,2022-09-11 09:00:00+00:00,2022-09-11 09:00:00+00:00,,,,,
TESTER-001,SRGridStrategyV3-000,BTC/USDT.SIM,SIM-1-030,BTC/USDT.SIM-SRGridStrategyV3-000,SIM-001,T-4ac74b0da2ee665f-3914,MARKET,SELL,2.777263,GTC,True,False,2.777263,TAKER,19535.54,0.0,['32.55000000 USDT'],NO_TRIGGER,FILLED,NO_CONTINGENCY,,,,,,,,4293f750-2b6e-4279-a429-9882d14fbffb,2022-09-16 16:00:00+00:00,2022-09-16 16:00:00+00:00,,,,,
TESTER-001,SRGridStrategyV3-000,BTC/USDT.SIM,SIM-1-039,BTC/USDT.SIM-SRGridStrategyV3-000,SIM-001,T-b9ecc68f38cb89de-3933,LIMIT,SELL,0.252961,GTC,False,False,0.252961,MAKER,19765.91,0.0,['1.00000000 USDT'],NO_TRIGGER,FILLED,NO_CONTINGENCY,,,,,,,,e77e0042-18fd-4412-b850-f42b0b71dc5d,2022-09-16 16:00:00+00:00,2022-09-16 21:00:00+00:00,19765.91,,False,,
TESTER-001,SRGridStrategyV3-000,BTC/USDT.SIM,SIM-1-040,BTC/USDT.SIM-SRGridStrategyV3-000,SIM-001,T-edfa77d7b1aa7845-3946,LIMIT,SELL,0.132167,GTC,False,False,0.132167,MAKER,19996.27,0.0,['0.53000000 USDT'],NO_TRIGGER,FILLED,NO_CONTINGENCY,,,,,,,,39e9eef0-2d67-4299-a050-5495a8abbe85,2022-09-16 16:00:00+00:00,2022-09-17 00:00:00+00:00,19996.27,,False,,
TESTER-001,SRGridStrategyV3-000,BTC/USDT.SIM,SIM-1-063,BTC/USDT.SIM-SRGridStrategyV3-000,SIM-001,T-4c61885ea9657d02-4009,MARKET,BUY,0.385128,GTC,True,False,0.385128,TAKER,19963.34,0.0,['4.61000000 USDT'],NO_TRIGGER,FILLED,NO_CONTINGENCY,,,,,,,,d9cbee0c-b30c-40bd-8ed3-fa4d266009d8,2022-09-17 15:00:00+00:00,2022-09-17 15:00:00+00:00,,,,,
TESTER-001,SRGridStrategyV3-000,BTC/USDT.SIM,SIM-1-064,BTC/USDT.SIM-SRGridStrategyV3-000,SIM-001,T-4c61885ea9657d02-4010,MARKET,SELL,3.005509,GTC,False,False,3.005509,TAKER,19963.34,0.0,['36.00000000 USDT'],NO_TRIGGER,FILLED,NO_CONTINGENCY,,,,,,,,22b0eceb-c0f8-4a6c-8290-11d9ed19f898,2022-09-17 15:00:00+00:00,2022-09-17 15:00:00+00:00,,,,,
TESTER-001,SRGridStrategyV3-000,BTC/USDT.SIM,SIM-1-065,BTC/USDT.SIM-SRGridStrategyV3-000,SIM-001,T-ec6c238dc279843e-5242,MARKET,BUY,3.005509,GTC,True,False,3.005509,TAKER,19436.289999999997,0.0,['35.05000000 USDT'],NO_TRIGGER,FILLED,NO_CONTINGENCY,,,,,,,,d0283409-3c5e-4ce2-9a05-179f8b19aaeb,2022-09-30 11:00:00+00:00,2022-09-30 11:00:00+00:00,,,,,
TESTER-001,SRGridStrategyV3-000,BTC/USDT.SIM,SIM-1-066,BTC/USDT.SIM-SRGridStrategyV3-000,SIM-001,T-70d81e27deb16177-5246,LIMIT,BUY,0.224610,GTC,False,False,0.224610,MAKER,19230.36,0.0,['0.86000000 USDT'],NO_TRIGGER,FILLED,NO_CONTINGENCY,,,,,,,,83a3311e-a34c-4b83-9c44-ee2b1661427e,2022-09-30 11:00:00+00:00,2022-09-30 12:00:00+00:00,19230.36,,False,,
TESTER-001,SRGridStrategyV3-000,BTC/USDT.SIM,SIM-1-067,BTC/USDT.SIM-SRGridStrategyV3-000,SIM-001,T-c691716e5471e166-5489,LIMIT,BUY,0.262820,GTC,False,False,0.262820,MAKER,19024.43,0.0,['1.00000000 USDT'],NO_TRIGGER,FILLED,NO_CONTINGENCY,,,,,,,,406397e0-aabf-4107-8941-f6842c8cbcdc,2022-09-30 11:00:00+00:00,2022-10-02 23:00:00+00:00,19024.43,,False,,
TESTER-001,SRGridStrategyV3-000,BTC/USDT.SIM,SIM-1-074,BTC/USDT.SIM-SRGridStrategyV3-000,SIM-001,T-624f6435a01627d7-5254,LIMIT,SELL,0.189314,GTC,False,False,0.189314,MAKER,19642.22,0.0,['0.74000000 USDT'],NO_TRIGGER,FILLED,NO_CONTINGENCY,,,,,,,,d87c5dd3-2f4c-43da-b2a0-bae3fbd387dd,2022-09-30 11:00:00+00:00,2022-09-30 14:00:00+00:00,19642.22,,False,,
TESTER-001,SRGridStrategyV3-000,BTC/USDT.SIM,SIM-1-075,BTC/USDT.SIM-SRGridStrategyV3-000,SIM-001,T-624f6435a01627d7-5258,LIMIT,SELL,0.181838,GTC,False,False,0.181838,MAKER,19848.15,0.0,['0.72000000 USDT'],NO_TRIGGER,FILLED,NO_CONTINGENCY,,,,,,,,abc57e25-ed56-4257-8958-346b2322bdc4,2022-09-30 11:00:00+00:00,2022-09-30 14:00:00+00:00,19848.15,,False,,
TESTER-001,SRGridStrategyV3-000,BTC/USDT.SIM,SIM-1-076,BTC/USDT.SIM-SRGridStrategyV3-000,SIM-001,T-2fd47d6d36834223-5262,LIMIT,SELL,0.165405,GTC,False,False,0.165405,MAKER,20054.08,0.0,['0.66000000 USDT'],NO_TRIGGER,FILLED,NO_CONTINGENCY,,,,,,,,a0f52ee7-4b05-49f4-811d-6ac9461cf0c2,2022-09-30 11:00:00+00:00,2022-09-30 15:00:00+00:00,20054.08,,False,,
TESTER-001,SRGridStrategyV3-000,BTC/USDT.SIM,SIM-1-082,BTC/USDT.SIM-SRGridStrategyV3-000,SIM-001,T-624f6435a01627d7-5255,LIMIT,SELL,0.244309,GTC,False,False,0.244309,MAKER,19642.22,0.0,['0.96000000 USDT'],NO_TRIGGER,FILLED,NO_CONTINGENCY,,,,,,,,b73ce4f8-713c-42e1-b6a0-6e71b52f6150,2022-09-30 12:00:00+00:00,2022-09-30 14:00:00+00:00,19642.22,,False,,
TESTER-001,SRGridStrategyV3-000,BTC/USDT.SIM,SIM-1-083,BTC/USDT.SIM-SRGridStrategyV3-000,SIM-001,T-624f6435a01627d7-5259,LIMIT,SELL,0.234713,GTC,False,False,0.234713,MAKER,19848.15,0.0,['0.93000000 USDT'],NO_TRIGGER,FILLED,NO_CONTINGENCY,,,,,,,,1b907dc5-afe3-403f-ad0f-e267a4706c80,2022-09-30 12:00:00+00:00,2022-09-30 14:00:00+00:00,19848.15,,False,,
TESTER-001,SRGridStrategyV3-000,BTC/USDT.SIM,SIM-1-084,BTC/USDT.SIM-SRGridStrategyV3-000,SIM-001,T-2fd47d6d36834223-5263,LIMIT,SELL,0.213435,GTC,False,False,0.213435,MAKER,20054.08,0.0,['0.86000000 USDT'],NO_TRIGGER,FILLED,NO_CONTINGENCY,,,,,,,,cd2bb6a1-4dc4-4843-8048-41e6a0026e08,2022-09-30 12:00:00+00:00,2022-09-30 15:00:00+00:00,20054.08,,False,,
TESTER-001,SRGridStrategyV3-000,BTC/USDT.SIM,SIM-1-090,BTC/USDT.SIM-SRGridStrategyV3-000,SIM-001,T-c691716e5471e166-5490,LIMIT,BUY,0.262820,GTC,False,False,0.262820,MAKER,19024.43,0.0,['1.00000000 USDT'],NO_TRIGGER,FILLED,NO_CONTINGENCY,,,,,,,,18d6052e-a07f-4b5d-b81d-b7357cc3f426,2022-09-30 14:00:00+00:00,2022-10-02 23:00:00+00:00,19024.43,,False,,
TESTER-001,SRGridStrategyV3-000,BTC/USDT.SIM,SIM-1-097,BTC/USDT.SIM-SRGridStrategyV3-000,SIM-001,T-c691716e5471e166-5491,LIMIT,BUY,0.262820,GTC,False,False,0.262820,MAKER,19024.43,0.0,['1.00000000 USDT'],NO_TRIGGER,FILLED,NO_CONTINGENCY,,,,,,,,517a9429-ecce-4573-9b1c-ab2278b0d961,2022-09-30 15:00:00+00:00,2022-10-02 23:00:00+00:00,19024.43,,False,,
TESTER-001,SRGridStrategyV3-000,BTC/USDT.SIM,SIM-1-117,BTC/USDT.SIM-SRGridStrategyV3-000,SIM-001,T-566f581abc7327af-5647,LIMIT,SELL,0.248010,GTC,False,False,0.248010,MAKER,20160.44,0.0,['1.00000000 USDT'],NO_TRIGGER,FILLED,NO_CONTINGENCY,,,,,,,,1fd12255-043c-48ed-9a57-b0db47d3f703,2022-10-04 11:00:00+00:00,2022-10-04 14:00:00+00:00,20160.44,,False,,
TESTER-001,SRGridStrategyV3-000,BTC/USDT.SIM,SIM-1-118,BTC/USDT.SIM-SRGridStrategyV3-000,SIM-001,T-c8a568b1c7b293a5-5672,LIMIT,SELL,0.024532,GTC,False,False,0.024532,MAKER,20381.88,0.0,['0.10000000 USDT'],NO_TRIGGER,FILLED,NO_CONTINGENCY,,,,,,,,90dfa969-a114-45e8-b662-55c57920a0d5,2022-10-04 11:00:00+00:00,2022-10-04 20:00:00+00:00,20381.88,,False,,
TESTER-001,SRGridStrategyV3-000,BTC/USDT.SIM,SIM-1-141,BTC/USDT.SIM-SRGridStrategyV3-000,SIM-001,T-f4aba3aa11492037-5711,MARKET,BUY,0.488486,GTC,True,False,0.488486,TAKER,20198.72,0.0,['5.92000000 USDT'],NO_TRIGGER,FILLED,NO_CONTINGENCY,,,,,,,,a9b9fa29-3f1b-4499-8e97-d9a4355db9ac,2022-10-05 05:00:00+00:00,2022-10-05 05:00:00+00:00,,,,,
TESTER-001,SRGridStrategyV3-000,BTC/USDT.SIM,SIM-1-142,BTC/USDT.SIM-SRGridStrategyV3-000,SIM-001,T-f4aba3aa11492037-5712,MARKET,BUY,2.970485,GTC,False,False,2.970485,TAKER,20198.72,0.0,['36.00000000 USDT'],NO_TRIGGER,FILLED,NO_CONTINGENCY,,,,,,,,bf7be38a-de7c-4381-9fcc-4cb51c3a9995,2022-10-05 05:00:00+00:00,2022-10-05 05:00:00+00:00,,,,,
TESTER-001,SRGridStrategyV3-000,BTC/USDT.SIM,SIM-1-143,BTC/USDT.SIM-SRGridStrategyV3-000,SIM-001,T-3cd33226aba500d2-6225,MARKET,SELL,2.970485,GTC,True,False,2.970485,TAKER,19315.809999999998,0.0,['34.43000000 USDT'],NO_TRIGGER,FILLED,NO_CONTINGENCY,,,,,,,,c73503ee-e1ae-408e-b6e4-ebc45f7484a5,2022-10-10 13:00:00+00:00,2022-10-10 13:00:00+00:00,,,,,
TESTER-001,SRGridStrategyV3-000,BTC/USDT.SIM,SIM-1-144,BTC/USDT.SIM-SRGridStrategyV3-000,SIM-001,T-db81b5cd3e4b6e42-6237,LIMIT,BUY,0.260939,GTC,False,False,0.260939,MAKER,19161.56,0.0,['1.00000000 USDT'],NO_TRIGGER,FILLED,NO_CONTINGENCY,,,,,,,,a2260016-4ad0-4599-b00b-2206e5accc80,2022-10-10 13:00:00+00:00,2022-10-10 16:00:00+00:00,19161.56,,False,,
TESTER-001,SRGridStrategyV3-000,BTC/USDT.SIM,SIM-1-145,BTC/USDT.SIM-SRGridStrategyV3-000,SIM-001,T-14a65504cea3184f-6270,LIMIT,BUY,0.227247,GTC,False,False,0.227247,MAKER,19007.32,0.0,['0.86000000 USDT'],NO_TRIGGER,FILLED,NO_CONTINGENCY,,,,,,,,9f6e0d3c-3706-4d5d-91a8-9ebf2f1ac7f7,2022-10-10 13:00:00+00:00,2022-10-11 00:00:00+00:00,19007.32,,False,,
TESTER-001,SRGridStrategyV3-000,BTC/USDT.SIM,SIM-1-176,BTC/USDT.SIM-SRGridStrategyV3-000,SIM-001,T-7bfbfbc97dc0e95a-6460,MARKET,SELL,0.488186,GTC,True,False,0.488186,TAKER,19155.53,0.0,['5.61000000 USDT'],NO_TRIGGER,FILLED,NO_CONTINGENCY,,,,,,,,558bfe90-91c5-4947-8932-5e951c91ae9b,2022-10-12 23:00:00+00:00,2022-10-12 23:00:00+00:00,,,,,
TESTER-001,SRGridStrategyV3-000,BTC/USDT.SIM,SIM-1-177,BTC/USDT.SIM-SRGridStrategyV3-000,SIM-001,T-7bfbfbc97dc0e95a-6461,MARKET,SELL,3.132255,GTC,False,False,3.132255,TAKER,19155.53,0.0,['36.00000000 USDT'],NO_TRIGGER,FILLED,NO_CONTINGENCY,,,,,,,,a998705e-c069-461b-8b5e-57bb75895f94,2022-10-12 23:00:00+00:00,2022-10-12 23:00:00+00:00,,,,,
TESTER-001,SRGridStrategyV3-000,BTC/USDT.SIM,SIM-1-178,BTC/USDT.SIM-SRGridStrategyV3-000,SIM-001,T-558333e16f43e27c-6622,MARKET,BUY,3.132255,GTC,True,False,3.132255,TAKER,19358.59,0.0,['36.38000000 USDT'],NO_TRIGGER,FILLED,NO_CONTINGENCY,,,,,,,,15a40f9a-0865-4288-8cd4-ab8c95c03f24,2022-10-14 15:00:00+00:00,2022-10-14 15:00:00+00:00,,,,,
TESTER-001,SRGridStrategyV3-000,BTC/USDT.SIM,SIM-1-179,BTC/USDT.SIM-SRGridStrategyV3-000,SIM-001,T-d06429ac3d6e48ac-6638,LIMIT,BUY,0.261533,GTC,False,False,0.261533,MAKER,19118.05,0.0,['1.00000000 USDT'],NO_TRIGGER,FILLED,NO_CONTINGENCY,,,,,,,,ed37eb48-8c7b-4f44-9197-891f5ad18af9,2022-10-14 15:00:00+00:00,2022-10-14 19:00:00+00:00,19118.05,,False,,
TESTER-001,SRGridStrategyV3-000,BTC/USDT.SIM,SIM-1-203,BTC/USDT.SIM-SRGridStrategyV3-000,SIM-001,T-bcc526e1f54f9a73-6684,MARKET,SELL,0.261533,GTC,True,False,0.261533,TAKER,19168.2,0.0,['3.01000000 USDT'],NO_TRIGGER,FILLED,NO_CONTINGENCY,,,,,,,,6d5cda1e-a2fb-40d9-ad7b-946395d9430b,2022-10-15 06:00:00+00:00,2022-10-15 06:00:00+00:00,,,,,
TESTER-001,SRGridStrategyV3-000,BTC/USDT.SIM,SIM-1-204,BTC/USDT.SIM-SRGridStrategyV3-000,SIM-001,T-bcc526e1f54f9a73-6685,MARKET,SELL,3.130184,GTC,False,False,3.130184,TAKER,19168.2,0.0,['36.00000000 USDT'],NO_TRIGGER,FILLED,NO_CONTINGENCY,,,,,,,,5e49c087-131e-4c1a-b2f2-fb65e6b8894a,2022-10-15 06:00:00+00:00,2022-10-15 06:00:00+00:00,,,,,
TESTER-001,SRGridStrategyV3-000,BTC/USDT.SIM,SIM-1-205,BTC/USDT.SIM-SRGridStrategyV3-000,SIM-001,T-64541052260cff13-6934,MARKET,BUY,3.130184,GTC,True,False,3.130184,TAKER,19526.969999999998,0.0,['36.67000000 USDT'],NO_TRIGGER,FILLED,NO_CONTINGENCY,,,,,,,,c39dab6a-8ecd-48a9-9366-f707be4097d4,2022-10-17 20:00:00+00:00,2022-10-17 20:00:00+00:00,,,,,
TESTER-001,SRGridStrategyV3-000,BTC/USDT.SIM,SIM-1-206,BTC/USDT.SIM-SRGridStrategyV3-000,SIM-001,T-e0ac2bec0e9abe20-7011,LIMIT,BUY,0.237353,GTC,False,False,0.237353,MAKER,19351.82,0.0,['0.92000000 USDT'],NO_TRIGGER,FILLED,NO_CONTINGENCY,,,,,,,,1ba3ae03-7b5a-4ff3-a505-d56992851875,2022-10-17 20:00:00+00:00,2022-10-18 15:00:00+00:00,19351.82,,False,,
TESTER-001,SRGridStrategyV3-000,BTC/USDT.SIM,SIM-1-207,BTC/USDT.SIM-SRGridStrategyV3-000,SIM-001,T-21b215913b4b9ea6-7029,LIMIT,BUY,0.260733,GTC,False,False,0.260733,MAKER,19176.68,0.0,['1.00000000 USDT'],NO_TRIGGER,FILLED,NO_CONTINGENCY,,,,,,,,ddde8840-8d51-41d5-8751-66ccdd75a345,2022-10-17 20:00:00+00:00,2022-10-18 19:00:00+00:00,19176.68,,False,,
TESTER-001,SRGridStrategyV3-000,BTC/USDT.SIM,SIM-1-208,BTC/USDT.SIM-SRGridStrategyV3-000,SIM-001,T-d46969749ae5e471-7147,LIMIT,BUY,0.146631,GTC,False,False,0.146631,MAKER,19001.53,0.0,['0.56000000 USDT'],NO_TRIGGER,FILLED,NO_CONTINGENCY,,,,,,,,7ff2ea0b-e07b-4ae8-a8bf-918a6bfafe79,2022-10-17 20:00:00+00:00,2022-10-20 00:00:00+00:00,19001.53,,False,,
TESTER-001,SRGridStrategyV3-000,BTC/USDT.SIM,SIM-1-214,BTC/USDT.SIM-SRGridStrategyV3-000,SIM-001,T-04cd4374e1d77f2e-6973,LIMIT,SELL,0.085424,GTC,False,False,0.085424,MAKER,19702.12,0.0,['0.34000000 USDT'],NO_TRIGGER,FILLED,NO_CONTINGENCY,,,,,,,,3096677b-1374-444e-a9bf-c1b0136254c2,2022-10-17 20:00:00+00:00,2022-10-18 06:00:00+00:00,19702.12,,False,,
TESTER-001,SRGridStrategyV3-000,BTC/USDT.SIM,SIM-1-222,BTC/USDT.SIM-SRGridStrategyV3-000,SIM-001,T-e0ac2bec0e9abe20-7012,LIMIT,BUY,0.258374,GTC,False,False,0.258374,MAKER,19351.82,0.0,['1.00000000 USDT'],NO_TRIGGER,FILLED,NO_CONTINGENCY,,,,,,,,5270d99f-6856-46e2-b9f8-8ffe9edff976,2022-10-18 06:00:00+00:00,2022-10-18 15:00:00+00:00,19351.82,,False,,
TESTER-001,SRGridStrategyV3-000,BTC/USDT.SIM,SIM-1-223,BTC/USDT.SIM-SRGridStrategyV3-000,SIM-001,T-21b215913b4b9ea6-7030,LIMIT,BUY,0.260733,GTC,False,False,0.260733,MAKER,19176.68,0.0,['1.00000000 USDT'],NO_TRIGGER,FILLED,NO_CONTINGENCY,,,,,,,,9e8e0a02-7238-4c58-b597-e631385fc958,2022-10-18 06:00:00+00:00,2022-10-18 19:00:00+00:00,19176.68,,False,,
TESTER-001,SRGridStrategyV3-000,BTC/USDT.SIM,SIM-1-224,BTC/USDT.SIM-SRGridStrategyV3-000,SIM-001,T-d46969749ae5e471-7148,LIMIT,BUY,0.163840,GTC,False,False,0.163840,MAKER,19001.53,0.0,['0.62000000 USDT'],NO_TRIGGER,FILLED,NO_CONTINGENCY,,,,,,,,d8433596-bdbf-437a-94f8-e154a9152a71,2022-10-18 06:00:00+00:00,2022-10-20 00:00:00+00:00,19001.53,,False,,
TESTER-001,SRGridStrategyV3-000,BTC/USDT.SIM,SIM-1-251,BTC/USDT.SIM-SRGridStrategyV3-000,SIM-001,T-9d677f5e9ef0e3eb-7262,MARKET,SELL,1.242240,GTC,True,False,1.242240,TAKER,19047.46,0.0,['14.20000000 USDT'],NO_TRIGGER,FILLED,NO_CONTINGENCY,,,,,,,,3d1abd1f-696f-4177-a0aa-ae1e02017751,2022-10-21 04:00:00+00:00,2022-10-21 04:00:00+00:00,,,,,
TESTER-001,SRGridStrategyV3-000,BTC/USDT.SIM,SIM-1-252,BTC/USDT.SIM-SRGridStrategyV3-000,SIM-001,T-9d677f5e9ef0e3eb-7263,MARKET,SELL,3.150026,GTC,False,False,3.150026,TAKER,19047.46,0.0,['36.00000000 USDT'],NO_TRIGGER,FILLED,NO_CONTINGENCY,,,,,,,,8e356a76-1ed7-42df-9c49-b34a4178a986,2022-10-21 04:00:00+00:00,2022-10-21 04:00:00+00:00,,,,,
TESTER-001,SRGridStrategyV3-000,BTC/USDT.SIM,SIM-1-253,BTC/USDT.SIM-SRGridStrategyV3-000,SIM-001,T-d626fe3a26e609bb-7552,MARKET,BUY,3.150026,GTC,True,False,3.150026,TAKER,19336.06,0.0,['36.55000000 USDT'],NO_TRIGGER,FILLED,NO_CONTINGENCY,,,,,,,,ca4fd392-159a-41ae-a7ec-86d4f353040d,2022-10-24 04:00:00+00:00,2022-10-24 04:00:00+00:00,,,,,
TESTER-001,SRGridStrategyV3-000,BTC/USDT.SIM,SIM-1-262,BTC/USDT.SIM-SRGridStrategyV3-000,SIM-001,T-777ff0530d893419-7683,LIMIT,SELL,0.256166,GTC,False,False,0.256166,MAKER,19518.58,0.0,['1.00000000 USDT'],NO_TRIGGER,FILLED,NO_CONTINGENCY,,,,,,,,e1657efb-851a-4229-b714-694c34f8adb5,2022-10-24 04:00:00+00:00,2022-10-25 13:00:00+00:00,19518.58,,False,,
TESTER-001,SRGridStrategyV3-000,BTC/USDT.SIM,SIM-1-263,BTC/USDT.SIM-SRGridStrategyV3-000,SIM-001,T-557e5b17a4b7f082-7692,LIMIT,SELL,0.114097,GTC,False,False,0.114097,MAKER,19701.11,0.0,['0.45000000 USDT'],NO_TRIGGER,FILLED,NO_CONTINGENCY,,,,,,,,2cf7772b-cd98-4523-a234-bed053ac6592,2022-10-24 04:00:00+00:00,2022-10-25 15:00:00+00:00,19701.11,,False,,
TESTER-001,SRGridStrategyV3-000,BTC/USDT.SIM,SIM-1-264,BTC/USDT.SIM-SRGridStrategyV3-000,SIM-001,T-5f0168c6c217a548-7701,LIMIT,SELL,0.063032,GTC,False,False,0.063032,MAKER,19883.63,0.0,['0.25000000 USDT'],NO_TRIGGER,FILLED,NO_CONTINGENCY,,,,,,,,68d9196e-3704-41a5-9a6b-d0ed80d28cb9,2022-10-24 04:00:00+00:00,2022-10-25 17:00:00+00:00,19883.63,,False,,
TESTER-001,SRGridStrategyV3-000,BTC/USDT.SIM,SIM-1-265,BTC/USDT.SIM-SRGridStrategyV3-000,SIM-001,T-5f0168c6c217a548-7704,LIMIT,SELL,0.024918,GTC,False,False,0.024918,MAKER,20066.16,0.0,['0.10000000 USDT'],NO_TRIGGER,FILLED,NO_CONTINGENCY,,,,,,,,6928b144-0310-42c6-b7b2-afc065bac21d,2022-10-24 04:00:00+00:00,2022-10-25 17:00:00+00:00,20066.16,,False,,
TESTER-001,SRGridStrategyV3-000,BTC/USDT.SIM,SIM-1-266,BTC/USDT.SIM-SRGridStrategyV3-000,SIM-001,T-94a34ada9ae56a0a-7707,LIMIT,SELL,0.024693,GTC,False,False,0.024693,MAKER,20248.68,0.0,['0.10000000 USDT'],NO_TRIGGER,FILLED,NO_CONTINGENCY,,,,,,,,dad7ba3f-a960-4b6c-b782-258d9c2fa1b8,2022-10-24 04:00:00+00:00,2022-10-25 18:00:00+00:00,20248.68,,False,,
TESTER-001,SRGridStrategyV3-000,BTC/USDT.SIM,SIM-1-267,BTC/USDT.SIM-SRGridStrategyV3-000,SIM-001,T-6b26ef95b690030e-7764,LIMIT,SELL,0.024472,GTC,False,False,0.024472,MAKER,20431.21,0.0,['0.10000000 USDT'],NO_TRIGGER,FILLED,NO_CONTINGENCY,,,,,,,,1ed50d07-33e2-44e5-8ed5-319c267a04ac,2022-10-24 04:00:00+00:00,2022-10-26 08:00:00+00:00,20431.21,,False,,
TESTER-001,SRGridStrategyV3-000,BTC/USDT.SIM,SIM-1-268,BTC/USDT.SIM-SRGridStrategyV3-000,SIM-001,T-6b26ef95b690030e-7767,LIMIT,SELL,0.024256,GTC,False,False,0.024256,MAKER,20613.73,0.0,['0.10000000 USDT'],NO_TRIGGER,FILLED,NO_CONTINGENCY,,,,,,,,c1ee26e7-b616-4b97-aae7-e304b50b9aa5,2022-10-24 04:00:00+00:00,2022-10-26 08:00:00+00:00,20613.73,,False,,
TESTER-001,SRGridStrategyV3-000,BTC/USDT.SIM,SIM-1-302,BTC/USDT.SIM-SRGridStrategyV3-000,SIM-001,T-6b26ef95b690030e-7768,MARKET,BUY,0.531634,GTC,True,False,0.531634,TAKER,20671.04,0.0,['6.59000000 USDT'],NO_TRIGGER,FILLED,NO_CONTINGENCY,,,,,,,,21dd4427-0355-4c70-a9b8-579ea59739a2,2022-10-26 08:00:00+00:00,2022-10-26 08:00:00+00:00,,,,,
TESTER-001,SRGridStrategyV3-000,BTC/USDT.SIM,SIM-1-303,BTC/USDT.SIM-SRGridStrategyV3-000,SIM-001,T-6b26ef95b690030e-7769,MARKET,BUY,2.902612,GTC,False,False,2.902612,TAKER,20671.04,0.0,['36.00000000 USDT'],NO_TRIGGER,FILLED,NO_CONTINGENCY,,,,,,,,8f56e0f0-98c6-48f9-8c8a-782dca65e302,2022-10-26 08:00:00+00:00,2022-10-26 08:00:00+00:00,,,,,
TESTER-001,SRGridStrategyV3-000,BTC/USDT.SIM,SIM-1-304,BTC/USDT.SIM-SRGridStrategyV3-000,SIM-001,T-53bec02a1f489db9-9078,MARKET,SELL,2.902612,GTC,True,False,2.902612,TAKER,18547.230000000003,0.0,['32.30000000 USDT'],NO_TRIGGER,FILLED,NO_CONTINGENCY,,,,,,,,4b0cdb46-a2f2-4d88-ab45-ee2ccb20cc41,2022-11-08 23:00:00+00:00,2022-11-08 23:00:00+00:00,,,,,
TESTER-001,SRGridStrategyV3-000,BTC/USDT.SIM,SIM-1-305,BTC/USDT.SIM-SRGridStrategyV3-000,SIM-001,T-e395d18946c68f42-9118,LIMIT,BUY,0.283010,GTC,False,False,0.283010,MAKER,17667.2,0.0,['1.00000000 USDT'],NO_TRIGGER,FILLED,NO_CONTINGENCY,,,,,,,,92b3d6b3-3f84-4015-96e7-29e4e9c96363,2022-11-08 23:00:00+00:00,2022-11-09 09:00:00+00:00,17667.20,,False,,
TESTER-001,SRGridStrategyV3-000,BTC/USDT.SIM,SIM-1-321,BTC/USDT.SIM-SRGridStrategyV3-000,SIM-001,T-e395d18946c68f42-9120,MARKET,SELL,0.283010,GTC,True,False,0.283010,TAKER,17763.99,0.0,['3.02000000 USDT'],NO_TRIGGER,FILLED,NO_CONTINGENCY,,,,,,,,12ef023b-8a9a-4cf1-93ad-ef9e79e1090d,2022-11-09 09:00:00+00:00,2022-11-09 09:00:00+00:00,,,,,
TESTER-001,SRGridStrategyV3-000,BTC/USDT.SIM,SIM-1-322,BTC/USDT.SIM-SRGridStrategyV3-000,SIM-001,T-e395d18946c68f42-9121,MARKET,SELL,3.377620,GTC,False,False,3.377620,TAKER,17763.99,0.0,['36.00000000 USDT'],NO_TRIGGER,FILLED,NO_CONTINGENCY,,,,,,,,07d63d4b-ba89-44e4-a29a-67c398627d94,2022-11-09 09:00:00+00:00,2022-11-09 09:00:00+00:00,,,,,
TESTER-001,SRGridStrategyV3-000,BTC/USDT.SIM,SIM-1-323,BTC/USDT.SIM-SRGridStrategyV3-000,SIM-001,T-63156ef28cb9e0b7-10761,MARKET,BUY,3.377620,GTC,True,False,3.377620,TAKER,16580.31,0.0,['33.60000000 USDT'],NO_TRIGGER,FILLED,NO_CONTINGENCY,,,,,,,,6b4ee13e-a76e-4e70-8ba6-f9abb4d5ac8d,2022-11-26 11:00:00+00:00,2022-11-26 11:00:00+00:00,,,,,
TESTER-001,SRGridStrategyV3-000,BTC/USDT.SIM,SIM-1-324,BTC/USDT.SIM-SRGridStrategyV3-000,SIM-001,T-e15950d0330e917f-10778,LIMIT,BUY,0.303221,GTC,False,False,0.303221,MAKER,16489.6,0.0,['1.00000000 USDT'],NO_TRIGGER,FILLED,NO_CONTINGENCY,,,,,,,,5c4c59b2-9819-4047-b70c-6bc5a0405892,2022-11-26 11:00:00+00:00,2022-11-26 15:00:00+00:00,16489.60,,False,,
TESTER-001,SRGridStrategyV3-000,BTC/USDT.SIM,SIM-1-325,BTC/USDT.SIM-SRGridStrategyV3-000,SIM-001,T-8b730b1887850c0c-10808,LIMIT,BUY,0.138381,GTC,False,False,0.138381,MAKER,16398.9,0.0,['0.45000000 USDT'],NO_TRIGGER,FILLED,NO_CONTINGENCY,,,,,,,,2b6a1520-8fff-4b47-ad95-54b050776241,2022-11-26 11:00:00+00:00,2022-11-26 22:00:00+00:00,16398.90,,False,,
TESTER-001,SRGridStrategyV3-000,BTC/USDT.SIM,SIM-1-332,BTC/USDT.SIM-SRGridStrategyV3-000,SIM-001,T-548667dc698d5e14-10772,LIMIT,SELL,0.299922,GTC,False,False,0.299922,MAKER,16671.02,0.0,['1.00000000 USDT'],NO_TRIGGER,FILLED,NO_CONTINGENCY,,,,,,,,c2b264b2-2765-4ced-8f10-7beacbf10d50,2022-11-26 11:00:00+00:00,2022-11-26 14:00:00+00:00,16671.02,,False,,
TESTER-001,SRGridStrategyV3-000,BTC/USDT.SIM,SIM-1-340,BTC/USDT.SIM-SRGridStrategyV3-000,SIM-001,T-e15950d0330e917f-10779,LIMIT,BUY,0.303221,GTC,False,False,0.303221,MAKER,16489.6,0.0,['1.00000000 USDT'],NO_TRIGGER,FILLED,NO_CONTINGENCY,,,,,,,,dc6fd47a-9b8f-44dd-95f7-56dfa539c8f0,2022-11-26 14:00:00+00:00,2022-11-26 15:00:00+00:00,16489.60,,False,,
TESTER-001,SRGridStrategyV3-000,BTC/USDT.SIM,SIM-1-341,BTC/USDT.SIM-SRGridStrategyV3-000,SIM-001,T-8b730b1887850c0c-10809,LIMIT,BUY,0.179447,GTC,False,False,0.179447,MAKER,16398.9,0.0,['0.59000000 USDT'],NO_TRIGGER,FILLED,NO_CONTINGENCY,,,,,,,,83bb361c-ab3f-4885-9ad7-c8dd3664a456,2022-11-26 14:00:00+00:00,2022-11-26 22:00:00+00:00,16398.90,,False,,
TESTER-001,SRGridStrategyV3-000,BTC/USDT.SIM,SIM-1-362,BTC/USDT.SIM-SRGridStrategyV3-000,SIM-001,T-21a3de4fa0009187-10835,MARKET,SELL,0.624348,GTC,True,False,0.624348,TAKER,16565.7,0.0,['6.21000000 USDT'],NO_TRIGGER,FILLED,NO_CONTINGENCY,,,,,,,,2f4c1f45-9587-4980-8774-2720e5f4f3f5,2022-11-27 04:00:00+00:00,2022-11-27 04:00:00+00:00,,,,,
TESTER-001,SRGridStrategyV3-000,BTC/USDT.SIM,SIM-1-363,BTC/USDT.SIM-SRGridStrategyV3-000,SIM-001,T-21a3de4fa0009187-10836,MARKET,SELL,3.621942,GTC,False,False,3.621942,TAKER,16565.7,0.0,['36.00000000 USDT'],NO_TRIGGER,FILLED,NO_CONTINGENCY,,,,,,,,f5f30c58-2a83-4279-947b-0286961d2af9,2022-11-27 04:00:00+00:00,2022-11-27 04:00:00+00:00,,,,,
TESTER-001,SRGridStrategyV3-000,BTC/USDT.SIM,SIM-1-364,BTC/USDT.SIM-SRGridStrategyV3-000,SIM-001,T-1d753c9119e7dd8e-10889,MARKET,BUY,3.621942,GTC,True,False,3.621942,TAKER,16534.2,0.0,['35.93000000 USDT'],NO_TRIGGER,FILLED,NO_CONTINGENCY,,,,,,,,85ba3623-b447-418e-9c2f-41e15da575a9,2022-11-27 17:00:00+00:00,2022-11-27 17:00:00+00:00,,,,,
TESTER-001,SRGridStrategyV3-000,BTC/USDT.SIM,SIM-1-365,BTC/USDT.SIM-SRGridStrategyV3-000,SIM-001,T-d718a7890d249c3d-10913,LIMIT,BUY,0.283798,GTC,False,False,0.283798,MAKER,16461.129999999997,0.0,['0.93000000 USDT'],NO_TRIGGER,FILLED,NO_CONTINGENCY,,,,,,,,955ec191-8ffc-4d5e-b895-c7a30e901d9b,2022-11-27 17:00:00+00:00,2022-11-27 23:00:00+00:00,16461.13,,False,,
TESTER-001,SRGridStrategyV3-000,BTC/USDT.SIM,SIM-1-366,BTC/USDT.SIM-SRGridStrategyV3-000,SIM-001,T-534590c177316c47-10922,LIMIT,BUY,0.091584,GTC,False,False,0.091584,MAKER,16388.06,0.0,['0.30000000 USDT'],NO_TRIGGER,FILLED,NO_CONTINGENCY,,,,,,,,7771c1dc-4f91-417e-8697-25a630e2edc6,2022-11-27 17:00:00+00:00,2022-11-28 01:00:00+00:00,16388.06,,False,,
TESTER-001,SRGridStrategyV3-000,BTC/USDT.SIM,SIM-1-367,BTC/USDT.SIM-SRGridStrategyV3-000,SIM-001,T-534590c177316c47-10924,LIMIT,BUY,0.064558,GTC,False,False,0.064558,MAKER,16314.990000000002,0.0,['0.21000000 USDT'],NO_TRIGGER,FILLED,NO_CONTINGENCY,,,,,,,,646c8dea-e0f1-4a6b-85ec-a0506083f901,2022-11-27 17:00:00+00:00,2022-11-28 01:00:00+00:00,16314.99,,False,,
TESTER-001,SRGridStrategyV3-000,BTC/USDT.SIM,SIM-1-368,BTC/USDT.SIM-SRGridStrategyV3-000,SIM-001,T-534590c177316c47-10925,LIMIT,BUY,0.101269,GTC,False,False,0.101269,MAKER,16241.92,0.0,['0.33000000 USDT'],NO_TRIGGER,FILLED,NO_CONTINGENCY,,,,,,,,901b7663-3894-41a5-a2d8-1e9fe8dec63d,2022-11-27 17:00:00+00:00,2022-11-28 01:00:00+00:00,16241.92,,False,,
TESTER-001,SRGridStrategyV3-000,BTC/USDT.SIM,SIM-1-369,BTC/USDT.SIM-SRGridStrategyV3-000,SIM-001,T-884c0de55aa57395-10927,LIMIT,BUY,0.142371,GTC,False,False,0.142371,MAKER,16168.849999999999,0.0,['0.46000000 USDT'],NO_TRIGGER,FILLED,NO_CONTINGENCY,,,,,,,,51d3fcda-33c3-4c9e-b57d-fba71f1eb0ce,2022-11-27 17:00:00+00:00,2022-11-28 02:00:00+00:00,16168.85,,False,,
TESTER-001,SRGridStrategyV3-000,BTC/USDT.SIM,SIM-1-370,BTC/USDT.SIM-SRGridStrategyV3-000,SIM-001,T-884c0de55aa57395-10930,LIMIT,BUY,0.121024,GTC,False,False,0.121024,MAKER,16095.78,0.0,['0.39000000 USDT'],NO_TRIGGER,FILLED,NO_CONTINGENCY,,,,,,,,3da506bb-e1f3-47c5-95b5-703184eea94c,2022-11-27 17:00:00+00:00,2022-11-28 02:00:00+00:00,16095.78,,False,,
TESTER-001,SRGridStrategyV3-000,BTC/USDT.SIM,SIM-1-371,BTC/USDT.SIM-SRGridStrategyV3-000,SIM-001,T-37b866784a626f6e-10987,LIMIT,BUY,0.083949,GTC,False,False,0.083949,MAKER,16022.710000000001,0.0,['0.27000000 USDT'],NO_TRIGGER,FILLED,NO_CONTINGENCY,,,,,,,,08f02672-2a9b-47b5-80c4-0e1435272b40,2022-11-27 17:00:00+00:00,2022-11-28 16:00:00+00:00,16022.71,,False,,
TESTER-001,SRGridStrategyV3-000,BTC/USDT.SIM,SIM-1-373,BTC/USDT.SIM-SRGridStrategyV3-000,SIM-001,T-c1929b4e1b4d3ead-11115,LIMIT,SELL,0.252934,GTC,False,False,0.252934,MAKER,16607.27,0.0,['0.84000000 USDT'],NO_TRIGGER,FILLED,NO_CONTINGENCY,,,,,,,,c2b51b4f-d17c-4c10-8959-da574ba8ba8c,2022-11-27 17:00:00+00:00,2022-11-30 00:00:00+00:00,16607.27,,False,,
TESTER-001,SRGridStrategyV3-000,BTC/USDT.SIM,SIM-1-374,BTC/USDT.SIM-SRGridStrategyV3-000,SIM-001,T-c1929b4e1b4d3ead-11122,LIMIT,SELL,0.166791,GTC,False,False,0.166791,MAKER,16680.34,0.0,['0.56000000 USDT'],NO_TRIGGER,FILLED,NO_CONTINGENCY,,,,,,,,2b71f1cf-0359-4b14-8f1f-732e4ab07a52,2022-11-27 17:00:00+00:00,2022-11-30 00:00:00+00:00,16680.34,,False,,
TESTER-001,SRGridStrategyV3-000,BTC/USDT.SIM,SIM-1-375,BTC/USDT.SIM-SRGridStrategyV3-000,SIM-001,T-c1929b4e1b4d3ead-11127,LIMIT,SELL,0.140396,GTC,False,False,0.140396,MAKER,16753.41,0.0,['0.47000000 USDT'],NO_TRIGGER,FILLED,NO_CONTINGENCY,,,,,,,,63488934-5619-470e-b30a-6f9bfa95a6c2,2022-11-27 17:00:00+00:00,2022-11-30 00:00:00+00:00,16753.41,,False,,
TESTER-001,SRGridStrategyV3-000,BTC/USDT.SIM,SIM-1-376,BTC/USDT.SIM-SRGridStrategyV3-000,SIM-001,T-7b2466480128adb9-11133,LIMIT,SELL,0.131021,GTC,False,False,0.131021,MAKER,16826.48,0.0,['0.44000000 USDT'],NO_TRIGGER,FILLED,NO_CONTINGENCY,,,,,,,,ca137267-34d5-4123-bb49-61279ec0c04f,2022-11-27 17:00:00+00:00,2022-11-30 01:00:00+00:00,16826.48,,False,,
TESTER-001,SRGridStrategyV3-000,BTC/USDT.SIM,SIM-1-377,BTC/USDT.SIM-SRGridStrategyV3-000,SIM-001,T-7b2466480128adb9-11139,LIMIT,SELL,0.118712,GTC,False,False,0.118712,MAKER,16899.550000000003,0.0,['0.40000000 USDT'],NO_TRIGGER,FILLED,NO_CONTINGENCY,,,,,,,,da060b61-942b-4e3d-b90d-78d6e0a890e0,2022-11-27 17:00:00+00:00,2022-11-30 01:00:00+00:00,16899.55,,False,,
TESTER-001,SRGridStrategyV3-000,BTC/USDT.SIM,SIM-1-378,BTC/USDT.SIM-SRGridStrategyV3-000,SIM-001,T-6962b549966c9f4a-11148,LIMIT,SELL,0.052870,GTC,False,False,0.052870,MAKER,16972.62,0.0,['0.18000000 USDT'],NO_TRIGGER,FILLED,NO_CONTINGENCY,,,,,,,,f883051c-38eb-4298-99b9-6e6544e7926f,2022-11-27 17:00:00+00:00,2022-11-30 02:00:00+00:00,16972.62,,False,,
TESTER-001,SRGridStrategyV3-000,BTC/USDT.SIM,SIM-1-379,BTC/USDT.SIM-SRGridStrategyV3-000,SIM-001,T-90fc6bb8660b2a94-11221,LIMIT,SELL,0.029333,GTC,False,False,0.029333,MAKER,17045.69,0.0,['0.10000000 USDT'],NO_TRIGGER,FILLED,NO_CONTINGENCY,,,,,,,,0d7bb67e-82e6-4e5c-b199-48e4de7f055f,2022-11-27 17:00:00+00:00,2022-11-30 19:00:00+00:00,17045.69,,False,,
TESTER-001,SRGridStrategyV3-000,BTC/USDT.SIM,SIM-1-380,BTC/USDT.SIM-SRGridStrategyV3-000,SIM-001,T-c1d8b36e1019580c-11238,LIMIT,SELL,0.029208,GTC,False,False,0.029208,MAKER,17118.76,0.0,['0.10000000 USDT'],NO_TRIGGER,FILLED,NO_CONTINGENCY,,,,,,,,6518cb47-3f14-4045-99ca-bdebfe49f290,2022-11-27 17:00:00+00:00,2022-11-30 22:00:00+00:00,17118.76,,False,,
TESTER-001,SRGridStrategyV3-000,BTC/USDT.SIM,SIM-1-381,BTC/USDT.SIM-SRGridStrategyV3-000,SIM-001,T-c1929b4e1b4d3ead-11116,LIMIT,SELL,0.301073,GTC,False,False,0.301073,MAKER,16607.27,0.0,['1.00000000 USDT'],NO_TRIGGER,FILLED,NO_CONTINGENCY,,,,,,,,6c2fe3c9-d475-409b-94fe-c6b98ea066fe,2022-11-27 23:00:00+00:00,2022-11-30 00:00:00+00:00,16607.27,,False,,
TESTER-001,SRGridStrategyV3-000,BTC/USDT.SIM,SIM-1-382,BTC/USDT.SIM-SRGridStrategyV3-000,SIM-001,T-c1929b4e1b4d3ead-11123,LIMIT,SELL,0.219408,GTC,False,False,0.219408,MAKER,16680.34,0.0,['0.73000000 USDT'],NO_TRIGGER,FILLED,NO_CONTINGENCY,,,,,,,,832b9845-5d33-4d72-b086-5aeedf1a6a99,2022-11-27 23:00:00+00:00,2022-11-30 00:00:00+00:00,16680.34,,False,,
TESTER-001,SRGridStrategyV3-000,BTC/USDT.SIM,SIM-1-383,BTC/USDT.SIM-SRGridStrategyV3-000,SIM-001,T-c1929b4e1b4d3ead-11128,LIMIT,SELL,0.184702,GTC,False,False,0.184702,MAKER,16753.41,0.0,['0.62000000 USDT'],NO_TRIGGER,FILLED,NO_CONTINGENCY,,,,,,,,1c167edc-b6da-4799-8df6-0ac84fe6bb6a,2022-11-27 23:00:00+00:00,2022-11-30 00:00:00+00:00,16753.41,,False,,
TESTER-001,SRGridStrategyV3-000,BTC/USDT.SIM,SIM-1-384,BTC/USDT.SIM-SRGridStrategyV3-000,SIM-001,T-7b2466480128adb9-11134,LIMIT,SELL,0.172366,GTC,False,False,0.172366,MAKER,16826.48,0.0,['0.58000000 USDT'],NO_TRIGGER,FILLED,NO_CONTINGENCY,,,,,,,,3e994504-a3ba-4f2f-8fa5-961a324cbd9e,2022-11-27 23:00:00+00:00,2022-11-30 01:00:00+00:00,16826.48,,False,,
TESTER-001,SRGridStrategyV3-000,BTC/USDT.SIM,SIM-1-385,BTC/USDT.SIM-SRGridStrategyV3-000,SIM-001,T-7b2466480128adb9-11140,LIMIT,SELL,0.156225,GTC,False,False,0.156225,MAKER,16899.550000000003,0.0,['0.53000000 USDT'],NO_TRIGGER,FILLED,NO_CONTINGENCY,,,,,,,,579b1965-6501-4e19-8ca2-25b120f90537,2022-11-27 23:00:00+00:00,2022-11-30 01:00:00+00:00,16899.55,,False,,
TESTER-001,SRGridStrategyV3-000,BTC/USDT.SIM,SIM-1-386,BTC/USDT.SIM-SRGridStrategyV3-000,SIM-001,T-6962b549966c9f4a-11149,LIMIT,SELL,0.069312,GTC,False,False,0.069312,MAKER,16972.62,0.0,['0.24000000 USDT'],NO_TRIGGER,FILLED,NO_CONTINGENCY,,,,,,,,473cecd5-1e9b-4547-8a9f-78187b0c022a,2022-11-27 23:00:00+00:00,2022-11-30 02:00:00+00:00,16972.62,,False,,
TESTER-001,SRGridStrategyV3-000,BTC/USDT.SIM,SIM-1-387,BTC/USDT.SIM-SRGridStrategyV3-000,SIM-001,T-90fc6bb8660b2a94-11222,LIMIT,SELL,0.034284,GTC,False,False,0.034284,MAKER,17045.69,0.0,['0.12000000 USDT'],NO_TRIGGER,FILLED,NO_CONTINGENCY,,,,,,,,c00645e9-f059-4520-8763-f299c7d7cf74,2022-11-27 23:00:00+00:00,2022-11-30 19:00:00+00:00,17045.69,,False,,
TESTER-001,SRGridStrategyV3-000,BTC/USDT.SIM,SIM-1-388,BTC/USDT.SIM-SRGridStrategyV3-000,SIM-001,T-c1d8b36e1019580c-11239,LIMIT,SELL,0.029898,GTC,False,False,0.029898,MAKER,17118.76,0.0,['0.10000000 USDT'],NO_TRIGGER,FILLED,NO_CONTINGENCY,,,,,,,,9db1a205-9099-44f1-be5f-99bad6002fbb,2022-11-27 23:00:00+00:00,2022-11-30 22:00:00+00:00,17118.76,,False,,
TESTER-001,SRGridStrategyV3-000,BTC/USDT.SIM,SIM-1-389,BTC/USDT.SIM-SRGridStrategyV3-000,SIM-001,T-c1929b4e1b4d3ead-11117,LIMIT,SELL,0.301073,GTC,False,False,0.301073,MAKER,16607.27,0.0,['1.00000000 USDT'],NO_TRIGGER,FILLED,NO_CONTINGENCY,,,,,,,,0794454a-3b89-4cb4-b2fc-26a8808da866,2022-11-28 01:00:00+00:00,2022-11-30 00:00:00+00:00,16607.27,,False,,
TESTER-001,SRGridStrategyV3-000,BTC/USDT.SIM,SIM-1-390,BTC/USDT.SIM-SRGridStrategyV3-000,SIM-001,T-c1929b4e1b4d3ead-11124,LIMIT,SELL,0.248075,GTC,False,False,0.248075,MAKER,16680.34,0.0,['0.83000000 USDT'],NO_TRIGGER,FILLED,NO_CONTINGENCY,,,,,,,,5f117833-3fe4-42cc-921d-4b2b30d44383,2022-11-28 01:00:00+00:00,2022-11-30 00:00:00+00:00,16680.34,,False,,
TESTER-001,SRGridStrategyV3-000,BTC/USDT.SIM,SIM-1-391,BTC/USDT.SIM-SRGridStrategyV3-000,SIM-001,T-c1929b4e1b4d3ead-11129,LIMIT,SELL,0.208931,GTC,False,False,0.208931,MAKER,16753.41,0.0,['0.70000000 USDT'],NO_TRIGGER,FILLED,NO_CONTINGENCY,,,,,,,,bbd35572-df38-40a7-91c2-a03e6df6f9f2,2022-11-28 01:00:00+00:00,2022-11-30 00:00:00+00:00,16753.41,,False,,
TESTER-001,SRGridStrategyV3-000,BTC/USDT.SIM,SIM-1-392,BTC/USDT.SIM-SRGridStrategyV3-000,SIM-001,T-7b2466480128adb9-11135,LIMIT,SELL,0.194973,GTC,False,False,0.194973,MAKER,16826.48,0.0,['0.66000000 USDT'],NO_TRIGGER,FILLED,NO_CONTINGENCY,,,,,,,,541fd794-1342-41b1-971f-d251f9f70c0b,2022-11-28 01:00:00+00:00,2022-11-30 01:00:00+00:00,16826.48,,False,,
TESTER-001,SRGridStrategyV3-000,BTC/USDT.SIM,SIM-1-393,BTC/USDT.SIM-SRGridStrategyV3-000,SIM-001,T-7b2466480128adb9-11141,LIMIT,SELL,0.176814,GTC,False,False,0.176814,MAKER,16899.550000000003,0.0,['0.60000000 USDT'],NO_TRIGGER,FILLED,NO_CONTINGENCY,,,,,,,,e203ea75-036b-4a0a-9c11-85143ad10528,2022-11-28 01:00:00+00:00,2022-11-30 01:00:00+00:00,16899.55,,False,,
TESTER-001,SRGridStrategyV3-000,BTC/USDT.SIM,SIM-1-394,BTC/USDT.SIM-SRGridStrategyV3-000,SIM-001,T-6962b549966c9f4a-11150,LIMIT,SELL,0.078240,GTC,False,False,0.078240,MAKER,16972.62,0.0,['0.27000000 USDT'],NO_TRIGGER,FILLED,NO_CONTINGENCY,,,,,,,,684f3ee0-cdfa-4240-b34f-21fc9ee2b828,2022-11-28 01:00:00+00:00,2022-11-30 02:00:00+00:00,16972.62,,False,,
TESTER-001,SRGridStrategyV3-000,BTC/USDT.SIM,SIM-1-395,BTC/USDT.SIM-SRGridStrategyV3-000,SIM-001,T-90fc6bb8660b2a94-11223,LIMIT,SELL,0.036973,GTC,False,False,0.036973,MAKER,17045.69,0.0,['0.13000000 USDT'],NO_TRIGGER,FILLED,NO_CONTINGENCY,,,,,,,,8d547eda-8bab-4900-936b-85c911f1e28c,2022-11-28 01:00:00+00:00,2022-11-30 19:00:00+00:00,17045.69,,False,,
TESTER-001,SRGridStrategyV3-000,BTC/USDT.SIM,SIM-1-396,BTC/USDT.SIM-SRGridStrategyV3-000,SIM-001,T-c1d8b36e1019580c-11240,LIMIT,SELL,0.030265,GTC,False,False,0.030265,MAKER,17118.76,0.0,['0.10000000 USDT'],NO_TRIGGER,FILLED,NO_CONTINGENCY,,,,,,,,fba75ad8-6eac-4b9a-abca-84330e5717d8,2022-11-28 01:00:00+00:00,2022-11-30 22:00:00+00:00,17118.76,,False,,
TESTER-001,SRGridStrategyV3-000,BTC/USDT.SIM,SIM-1-397,BTC/USDT.SIM-SRGridStrategyV3-000,SIM-001,T-c1929b4e1b4d3ead-11118,LIMIT,SELL,0.301073,GTC,False,False,0.301073,MAKER,16607.27,0.0,['1.00000000 USDT'],NO_TRIGGER,FILLED,NO_CONTINGENCY,,,,,,,,26fa8932-17a4-4c78-a04b-60f357c1b5b3,2022-11-28 02:00:00+00:00,2022-11-30 00:00:00+00:00,16607.27,,False,,
TESTER-001,SRGridStrategyV3-000,BTC/USDT.SIM,SIM-1-398,BTC/USDT.SIM-SRGridStrategyV3-000,SIM-001,T-c1929b4e1b4d3ead-11125,LIMIT,SELL,0.299754,GTC,False,False,0.299754,MAKER,16680.34,0.0,['1.00000000 USDT'],NO_TRIGGER,FILLED,NO_CONTINGENCY,,,,,,,,d932e604-66aa-41b1-bc67-2d774e933f2f,2022-11-28 02:00:00+00:00,2022-11-30 00:00:00+00:00,16680.34,,False,,
TESTER-001,SRGridStrategyV3-000,BTC/USDT.SIM,SIM-1-399,BTC/USDT.SIM-SRGridStrategyV3-000,SIM-001,T-c1929b4e1b4d3ead-11130,LIMIT,SELL,0.264852,GTC,False,False,0.264852,MAKER,16753.41,0.0,['0.89000000 USDT'],NO_TRIGGER,FILLED,NO_CONTINGENCY,,,,,,,,d2ebd580-cc1b-4807-bc81-ef9b2e6c8c83,2022-11-28 02:00:00+00:00,2022-11-30 00:00:00+00:00,16753.41,,False,,
TESTER-001,SRGridStrategyV3-000,BTC/USDT.SIM,SIM-1-400,BTC/USDT.SIM-SRGridStrategyV3-000,SIM-001,T-7b2466480128adb9-11136,LIMIT,SELL,0.247150,GTC,False,False,0.247150,MAKER,16826.48,0.0,['0.83000000 USDT'],NO_TRIGGER,FILLED,NO_CONTINGENCY,,,,,,,,9658f4eb-91bf-4a43-8313-c2d8bc835a3c,2022-11-28 02:00:00+00:00,2022-11-30 01:00:00+00:00,16826.48,,False,,
TESTER-001,SRGridStrategyV3-000,BTC/USDT.SIM,SIM-1-401,BTC/USDT.SIM-SRGridStrategyV3-000,SIM-001,T-7b2466480128adb9-11142,LIMIT,SELL,0.224351,GTC,False,False,0.224351,MAKER,16899.550000000003,0.0,['0.76000000 USDT'],NO_TRIGGER,FILLED,NO_CONTINGENCY,,,,,,,,d50a9f39-33c9-4c35-a8c5-68fc4bffdd8f,2022-11-28 02:00:00+00:00,2022-11-30 01:00:00+00:00,16899.55,,False,,
TESTER-001,SRGridStrategyV3-000,BTC/USDT.SIM,SIM-1-402,BTC/USDT.SIM-SRGridStrategyV3-000,SIM-001,T-6962b549966c9f4a-11151,LIMIT,SELL,0.098832,GTC,False,False,0.098832,MAKER,16972.62,0.0,['0.34000000 USDT'],NO_TRIGGER,FILLED,NO_CONTINGENCY,,,,,,,,251c09a0-ec0d-4396-bfa3-651df94f53a2,2022-11-28 02:00:00+00:00,2022-11-30 02:00:00+00:00,16972.62,,False,,
TESTER-001,SRGridStrategyV3-000,BTC/USDT.SIM,SIM-1-403,BTC/USDT.SIM-SRGridStrategyV3-000,SIM-001,T-90fc6bb8660b2a94-11224,LIMIT,SELL,0.043174,GTC,False,False,0.043174,MAKER,17045.69,0.0,['0.15000000 USDT'],NO_TRIGGER,FILLED,NO_CONTINGENCY,,,,,,,,375f9d11-d3e9-41b9-a376-b078514853c9,2022-11-28 02:00:00+00:00,2022-11-30 19:00:00+00:00,17045.69,,False,,
TESTER-001,SRGridStrategyV3-000,BTC/USDT.SIM,SIM-1-404,BTC/USDT.SIM-SRGridStrategyV3-000,SIM-001,T-c1d8b36e1019580c-11241,LIMIT,SELL,0.031111,GTC,False,False,0.031111,MAKER,17118.76,0.0,['0.11000000 USDT'],NO_TRIGGER,FILLED,NO_CONTINGENCY,,,,,,,,71639056-4453-4303-8cf2-59560896bda4,2022-11-28 02:00:00+00:00,2022-11-30 22:00:00+00:00,17118.76,,False,,
TESTER-001,SRGridStrategyV3-000,BTC/USDT.SIM,SIM-1-405,BTC/USDT.SIM-SRGridStrategyV3-000,SIM-001,T-c1929b4e1b4d3ead-11119,LIMIT,SELL,0.301073,GTC,False,False,0.301073,MAKER,16607.27,0.0,['1.00000000 USDT'],NO_TRIGGER,FILLED,NO_CONTINGENCY,,,,,,,,9fad4e37-5f66-47f2-907b-3105f7eb1a6f,2022-11-28 16:00:00+00:00,2022-11-30 00:00:00+00:00,16607.27,,False,,
TESTER-001,SRGridStrategyV3-000,BTC/USDT.SIM,SIM-1-406,BTC/USDT.SIM-SRGridStrategyV3-000,SIM-001,T-c1929b4e1b4d3ead-11126,LIMIT,SELL,0.299754,GTC,False,False,0.299754,MAKER,16680.34,0.0,['1.00000000 USDT'],NO_TRIGGER,FILLED,NO_CONTINGENCY,,,,,,,,045a73ca-1ac3-4a4a-9816-c6fbe3f33d77,2022-11-28 16:00:00+00:00,2022-11-30 00:00:00+00:00,16680.34,,False,,
TESTER-001,SRGridStrategyV3-000,BTC/USDT.SIM,SIM-1-407,BTC/USDT.SIM-SRGridStrategyV3-000,SIM-001,T-c1929b4e1b4d3ead-11131,LIMIT,SELL,0.278654,GTC,False,False,0.278654,MAKER,16753.41,0.0,['0.93000000 USDT'],NO_TRIGGER,FILLED,NO_CONTINGENCY,,,,,,,,f34e489c-28cd-4689-b8f5-da7b8ab86db3,2022-11-28 16:00:00+00:00,2022-11-30 00:00:00+00:00,16753.41,,False,,
TESTER-001,SRGridStrategyV3-000,BTC/USDT.SIM,SIM-1-408,BTC/USDT.SIM-SRGridStrategyV3-000,SIM-001,T-7b2466480128adb9-11137,LIMIT,SELL,0.257972,GTC,False,False,0.257972,MAKER,16826.48,0.0,['0.87000000 USDT'],NO_TRIGGER,FILLED,NO_CONTINGENCY,,,,,,,,a59a493b-baff-46da-b197-fd59383d4a94,2022-11-28 16:00:00+00:00,2022-11-30 01:00:00+00:00,16826.48,,False,,
TESTER-001,SRGridStrategyV3-000,BTC/USDT.SIM,SIM-1-409,BTC/USDT.SIM-SRGridStrategyV3-000,SIM-001,T-7b2466480128adb9-11143,LIMIT,SELL,0.232517,GTC,False,False,0.232517,MAKER,16899.550000000003,0.0,['0.79000000 USDT'],NO_TRIGGER,FILLED,NO_CONTINGENCY,,,,,,,,52c0d867-81fa-40fb-9678-7f5c57834bf3,2022-11-28 16:00:00+00:00,2022-11-30 01:00:00+00:00,16899.55,,False,,
TESTER-001,SRGridStrategyV3-000,BTC/USDT.SIM,SIM-1-410,BTC/USDT.SIM-SRGridStrategyV3-000,SIM-001,T-6962b549966c9f4a-11152,LIMIT,SELL,0.103006,GTC,False,False,0.103006,MAKER,16972.62,0.0,['0.35000000 USDT'],NO_TRIGGER,FILLED,NO_CONTINGENCY,,,,,,,,842411a4-ea01-47aa-bc01-0df0980c3f2f,2022-11-28 16:00:00+00:00,2022-11-30 02:00:00+00:00,16972.62,,False,,
TESTER-001,SRGridStrategyV3-000,BTC/USDT.SIM,SIM-1-411,BTC/USDT.SIM-SRGridStrategyV3-000,SIM-001,T-90fc6bb8660b2a94-11225,LIMIT,SELL,0.044435,GTC,False,False,0.044435,MAKER,17045.69,0.0,['0.15000000 USDT'],NO_TRIGGER,FILLED,NO_CONTINGENCY,,,,,,,,cf9c9fd8-5d6b-4c99-94ee-3a966de60e80,2022-11-28 16:00:00+00:00,2022-11-30 19:00:00+00:00,17045.69,,False,,
TESTER-001,SRGridStrategyV3-000,BTC/USDT.SIM,SIM-1-412,BTC/USDT.SIM-SRGridStrategyV3-000,SIM-001,T-c1d8b36e1019580c-11242,LIMIT,SELL,0.031153,GTC,False,False,0.031153,MAKER,17118.76,0.0,['0.11000000 USDT'],NO_TRIGGER,FILLED,NO_CONTINGENCY,,,,,,,,961ea76f-d81e-4c9d-91c1-a13c5626a9b8,2022-11-28 16:00:00+00:00,2022-11-30 22:00:00+00:00,17118.76,,False,,
TESTER-001,SRGridStrategyV3-000,BTC/USDT.SIM,SIM-1-418,BTC/USDT.SIM-SRGridStrategyV3-000,SIM-001,T-5ed87c1675384c00-11293,MARKET,BUY,5.534185,GTC,True,False,5.534185,TAKER,17096.31,0.0,['56.77000000 USDT'],NO_TRIGGER,FILLED,NO_CONTINGENCY,,,,,,,,42ef854a-54be-43ac-91bd-976ec8ac11e7,2022-12-01 10:00:00+00:00,2022-12-01 10:00:00+00:00,,,,,
TESTER-001,SRGridStrategyV3-000,BTC/USDT.SIM,SIM-1-419,BTC/USDT.SIM-SRGridStrategyV3-000,SIM-001,T-5ed87c1675384c00-11294,MARKET,BUY,3.509529,GTC,False,False,3.509529,TAKER,17096.31,0.0,['36.00000000 USDT'],NO_TRIGGER,FILLED,NO_CONTINGENCY,,,,,,,,7e9e786c-c799-45f2-b21a-4f83aeb5fe80,2022-12-01 10:00:00+00:00,2022-12-01 10:00:00+00:00,,,,,
TESTER-001,SRGridStrategyV3-000,BTC/USDT.SIM,SIM-1-420,BTC/USDT.SIM-SRGridStrategyV3-000,SIM-001,T-6d5fa4d2f6b7b447-12817,MARKET,SELL,3.509529,GTC,True,False,3.509529,TAKER,16745.54,0.0,['35.26000000 USDT'],NO_TRIGGER,FILLED,NO_CONTINGENCY,,,,,,,,ccf915af-1f64-494a-a1ec-48c8a1460c8a,2022-12-17 07:00:00+00:00,2022-12-17 07:00:00+00:00,,,,,
TESTER-001,SRGridStrategyV3-000,BTC/USDT.SIM,SIM-1-421,BTC/USDT.SIM-SRGridStrategyV3-000,SIM-001,T-580f70c2264f48e1-13045,LIMIT,BUY,0.301250,GTC,False,False,0.301250,MAKER,16597.52,0.0,['1.00000000 USDT'],NO_TRIGGER,FILLED,NO_CONTINGENCY,,,,,,,,c4d90c77-24c8-4dba-9c6f-7ab2803ba0c5,2022-12-17 07:00:00+00:00,2022-12-19 16:00:00+00:00,16597.52,,False,,
TESTER-001,SRGridStrategyV3-000,BTC/USDT.SIM,SIM-1-437,BTC/USDT.SIM-SRGridStrategyV3-000,SIM-001,T-580f70c2264f48e1-13047,MARKET,SELL,0.301250,GTC,True,False,0.301250,TAKER,16635.86,0.0,['3.01000000 USDT'],NO_TRIGGER,FILLED,NO_CONTINGENCY,,,,,,,,12168ec9-8453-4545-98d8-98de8cfcef1e,2022-12-19 16:00:00+00:00,2022-12-19 16:00:00+00:00,,,,,
TESTER-001,SRGridStrategyV3-000,BTC/USDT.SIM,SIM-1-438,BTC/USDT.SIM-SRGridStrategyV3-000,SIM-001,T-580f70c2264f48e1-13048,MARKET,SELL,3.606667,GTC,False,False,3.606667,TAKER,16635.86,0.0,['36.00000000 USDT'],NO_TRIGGER,FILLED,NO_CONTINGENCY,,,,,,,,adaa4f4f-fc12-4fb7-9139-17ad9990e3ac,2022-12-19 16:00:00+00:00,2022-12-19 16:00:00+00:00,,,,,
TESTER-001,SRGridStrategyV3-000,BTC/USDT.SIM,SIM-1-439,BTC/USDT.SIM-SRGridStrategyV3-000,SIM-001,T-e44ea45e7e4c6337-14383,MARKET,BUY,3.606667,GTC,True,False,3.606667,TAKER,16698.69,0.0,['36.14000000 USDT'],NO_TRIGGER,FILLED,NO_CONTINGENCY,,,,,,,,caf2a16a-b69d-4e49-b2e9-ee2666b6f233,2023-01-02 14:00:00+00:00,2023-01-02 14:00:00+00:00,,,,,
TESTER-001,SRGridStrategyV3-000,BTC/USDT.SIM,SIM-1-440,BTC/USDT.SIM-SRGridStrategyV3-000,SIM-001,T-867e83a409d412a6-14488,LIMIT,BUY,0.300883,GTC,False,False,0.300883,MAKER,16617.73,0.0,['1.00000000 USDT'],NO_TRIGGER,FILLED,NO_CONTINGENCY,,,,,,,,64162e44-c46c-4187-bb32-360361c0519a,2023-01-02 14:00:00+00:00,2023-01-03 16:00:00+00:00,16617.73,,False,,
TESTER-001,SRGridStrategyV3-000,BTC/USDT.SIM,SIM-1-448,BTC/USDT.SIM-SRGridStrategyV3-000,SIM-001,T-22a2cd641fbbecd9-14410,LIMIT,SELL,0.297980,GTC,False,False,0.297980,MAKER,16779.649999999998,0.0,['1.00000000 USDT'],NO_TRIGGER,FILLED,NO_CONTINGENCY,,,,,,,,043e8187-f0ec-4959-99d6-fbeff0fe715d,2023-01-02 14:00:00+00:00,2023-01-02 21:00:00+00:00,16779.65,,False,,
TESTER-001,SRGridStrategyV3-000,BTC/USDT.SIM,SIM-1-449,BTC/USDT.SIM-SRGridStrategyV3-000,SIM-001,T-d196cbe96bf3a2c8-14533,LIMIT,SELL,0.296549,GTC,False,False,0.296549,MAKER,16860.609999999997,0.0,['1.00000000 USDT'],NO_TRIGGER,FILLED,NO_CONTINGENCY,,,,,,,,18754039-cf2e-4013-829e-7b9601bf4765,2023-01-02 14:00:00+00:00,2023-01-04 03:00:00+00:00,16860.61,,False,,
TESTER-001,SRGridStrategyV3-000,BTC/USDT.SIM,SIM-1-450,BTC/USDT.SIM-SRGridStrategyV3-000,SIM-001,T-755cf5e4e17b4735-14595,LIMIT,SELL,0.073866,GTC,False,False,0.073866,MAKER,16941.57,0.0,['0.25000000 USDT'],NO_TRIGGER,FILLED,NO_CONTINGENCY,,,,,,,,b00640fa-e109-4e6f-a556-9d9da56ff8aa,2023-01-02 14:00:00+00:00,2023-01-04 18:00:00+00:00,16941.57,,False,,
TESTER-001,SRGridStrategyV3-000,BTC/USDT.SIM,SIM-1-456,BTC/USDT.SIM-SRGridStrategyV3-000,SIM-001,T-867e83a409d412a6-14489,LIMIT,BUY,0.300883,GTC,False,False,0.300883,MAKER,16617.73,0.0,['1.00000000 USDT'],NO_TRIGGER,FILLED,NO_CONTINGENCY,,,,,,,,b71a585c-6b95-45d1-8f04-a0f5463a72b0,2023-01-02 21:00:00+00:00,2023-01-03 16:00:00+00:00,16617.73,,False,,
TESTER-001,SRGridStrategyV3-000,BTC/USDT.SIM,SIM-1-464,BTC/USDT.SIM-SRGridStrategyV3-000,SIM-001,T-d196cbe96bf3a2c8-14534,LIMIT,SELL,0.296549,GTC,False,False,0.296549,MAKER,16860.609999999997,0.0,['1.00000000 USDT'],NO_TRIGGER,FILLED,NO_CONTINGENCY,,,,,,,,bb08a658-90fc-4e21-ae58-e5c0e24f5189,2023-01-03 16:00:00+00:00,2023-01-04 03:00:00+00:00,16860.61,,False,,
TESTER-001,SRGridStrategyV3-000,BTC/USDT.SIM,SIM-1-465,BTC/USDT.SIM-SRGridStrategyV3-000,SIM-001,T-755cf5e4e17b4735-14596,LIMIT,SELL,0.152318,GTC,False,False,0.152318,MAKER,16941.57,0.0,['0.52000000 USDT'],NO_TRIGGER,FILLED,NO_CONTINGENCY,,,,,,,,905cb41a-83ad-4236-a22c-176fc4dd04a8,2023-01-03 16:00:00+00:00,2023-01-04 18:00:00+00:00,16941.57,,False,,
TESTER-001,SRGridStrategyV3-000,BTC/USDT.SIM,SIM-1-493,BTC/USDT.SIM-SRGridStrategyV3-000,SIM-001,T-dfce6f1b5abbaeb1-14777,LIMIT,SELL,0.297336,GTC,False,False,0.297336,MAKER,16815.98,0.0,['1.00000000 USDT'],NO_TRIGGER,FILLED,NO_CONTINGENCY,,,,,,,,919feea9-5fbc-40d8-9275-ce8f3feccfb9,2023-01-06 14:00:00+00:00,2023-01-06 15:00:00+00:00,16815.98,,False,,
TESTER-001,SRGridStrategyV3-000,BTC/USDT.SIM,SIM-1-494,BTC/USDT.SIM-SRGridStrategyV3-000,SIM-001,T-0b96cbc787a9415c-14794,LIMIT,SELL,0.296153,GTC,False,False,0.296153,MAKER,16883.14,0.0,['1.00000000 USDT'],NO_TRIGGER,FILLED,NO_CONTINGENCY,,,,,,,,41adc9be-5c50-46d3-84cf-e7b624319d34,2023-01-06 14:00:00+00:00,2023-01-06 19:00:00+00:00,16883.14,,False,,
TESTER-001,SRGridStrategyV3-000,BTC/USDT.SIM,SIM-1-495,BTC/USDT.SIM-SRGridStrategyV3-000,SIM-001,T-fd802e801df4ea08-14799,LIMIT,SELL,0.040370,GTC,False,False,0.040370,MAKER,16950.3,0.0,['0.14000000 USDT'],NO_TRIGGER,FILLED,NO_CONTINGENCY,,,,,,,,a1bd03e7-8c5e-441c-b0d9-561ab0fbcf07,2023-01-06 14:00:00+00:00,2023-01-06 20:00:00+00:00,16950.30,,False,,
TESTER-001,SRGridStrategyV3-000,BTC/USDT.SIM,SIM-1-496,BTC/USDT.SIM-SRGridStrategyV3-000,SIM-001,T-bf7dc52111e8d8a2-14972,LIMIT,SELL,0.029382,GTC,False,False,0.029382,MAKER,17017.47,0.0,['0.10000000 USDT'],NO_TRIGGER,FILLED,NO_CONTINGENCY,,,,,,,,096a1546-7dd8-4c44-9038-b2caad895d45,2023-01-06 14:00:00+00:00,2023-01-08 15:00:00+00:00,17017.47,,False,,
TESTER-001,SRGridStrategyV3-000,BTC/USDT.SIM,SIM-1-497,BTC/USDT.SIM-SRGridStrategyV3-000,SIM-001,T-09377a5b888d8f61-15005,LIMIT,SELL,0.029266,GTC,False,False,0.029266,MAKER,17084.63,0.0,['0.10000000 USDT'],NO_TRIGGER,FILLED,NO_CONTINGENCY,,,,,,,,05c46cd9-addf-4ab1-96b7-f8764a3c916f,2023-01-06 14:00:00+00:00,2023-01-08 23:00:00+00:00,17084.63,,False,,
TESTER-001,SRGridStrategyV3-000,BTC/USDT.SIM,SIM-1-498,BTC/USDT.SIM-SRGridStrategyV3-000,SIM-001,T-984cef98eaa8ebfa-15010,LIMIT,SELL,0.029151,GTC,False,False,0.029151,MAKER,17151.79,0.0,['0.10000000 USDT'],NO_TRIGGER,FILLED,NO_CONTINGENCY,,,,,,,,701f648d-2172-4a68-ba16-3b8624bb671c,2023-01-06 14:00:00+00:00,2023-01-09 00:00:00+00:00,17151.79,,False,,
TESTER-001,SRGridStrategyV3-000,BTC/USDT.SIM,SIM-1-499,BTC/USDT.SIM-SRGridStrategyV3-000,SIM-001,T-8f265021d208430c-15015,LIMIT,SELL,0.029038,GTC,False,False,0.029038,MAKER,17218.95,0.0,['0.10000000 USDT'],NO_TRIGGER,FILLED,NO_CONTINGENCY,,,,,,,,329b9a5e-56b3-4995-803f-fcacf0ebfe2e,2023-01-06 14:00:00+00:00,2023-01-09 01:00:00+00:00,17218.95,,False,,
TESTER-001,SRGridStrategyV3-000,BTC/USDT.SIM,SIM-1-500,BTC/USDT.SIM-SRGridStrategyV3-000,SIM-001,T-8f25cf2b13f8a430-15064,LIMIT,SELL,0.028925,GTC,False,False,0.028925,MAKER,17286.11,0.0,['0.10000000 USDT'],NO_TRIGGER,FILLED,NO_CONTINGENCY,,,,,,,,4bae556d-47c6-4968-978f-10cdc180dedb,2023-01-06 14:00:00+00:00,2023-01-09 13:00:00+00:00,17286.11,,False,,
TESTER-001,SRGridStrategyV3-000,BTC/USDT.SIM,SIM-1-565,BTC/USDT.SIM-SRGridStrategyV3-000,SIM-001,T-8b133c4837ce850d-15071,MARKET,BUY,1.295117,GTC,True,False,1.295117,TAKER,17264.25,0.0,['13.42000000 USDT'],NO_TRIGGER,FILLED,NO_CONTINGENCY,,,,,,,,365d03c0-780d-4e08-be9a-a2c37566e365,2023-01-09 14:00:00+00:00,2023-01-09 14:00:00+00:00,,,,,
TESTER-001,SRGridStrategyV3-000,BTC/USDT.SIM,SIM-1-566,BTC/USDT.SIM-SRGridStrategyV3-000,SIM-001,T-8b133c4837ce850d-15072,MARKET,BUY,3.475390,GTC,False,False,3.475390,TAKER,17264.25,0.0,['36.00000000 USDT'],NO_TRIGGER,FILLED,NO_CONTINGENCY,,,,,,,,71f724ef-3f2e-4231-9646-9b55c88a5e9c,2023-01-09 14:00:00+00:00,2023-01-09 14:00:00+00:00,,,,,
TESTER-001,SRGridStrategyV3-000,BTC/USDT.SIM,SIM-1-567,BTC/USDT.SIM-SRGridStrategyV3-000,SIM-001,T-094b59e57061fead-17791,MARKET,SELL,3.475390,GTC,True,False,3.475390,TAKER,22879.37,0.0,['47.71000000 USDT'],NO_TRIGGER,FILLED,NO_CONTINGENCY,,,,,,,,2a4ddf1e-a477-44b7-94fb-c0da23bd9c01,2023-02-06 22:00:00+00:00,2023-02-06 22:00:00+00:00,,,,,
TESTER-001,SRGridStrategyV3-000,BTC/USDT.SIM,SIM-1-568,BTC/USDT.SIM-SRGridStrategyV3-000,SIM-001,T-89b86b7a6efa25a8-17795,LIMIT,BUY,0.220435,GTC,False,False,0.220435,MAKER,22682.44,0.0,['1.00000000 USDT'],NO_TRIGGER,FILLED,NO_CONTINGENCY,,,,,,,,f90f5233-4e2c-444f-a851-2d6a0ada67fb,2023-02-06 22:00:00+00:00,2023-02-06 23:00:00+00:00,22682.44,,False,,
TESTER-001,SRGridStrategyV3-000,BTC/USDT.SIM,SIM-1-569,BTC/USDT.SIM-SRGridStrategyV3-000,SIM-001,T-93499f00bab782a2-18008,LIMIT,BUY,0.124721,GTC,False,False,0.124721,MAKER,22485.510000000002,0.0,['0.56000000 USDT'],NO_TRIGGER,FILLED,NO_CONTINGENCY,,,,,,,,0f454fdf-a1f1-4d02-b007-b230f9f4b775,2023-02-06 22:00:00+00:00,2023-02-09 03:00:00+00:00,22485.51,,False,,
TESTER-001,SRGridStrategyV3-000,BTC/USDT.SIM,SIM-1-570,BTC/USDT.SIM-SRGridStrategyV3-000,SIM-001,T-33310d935832b83c-18074,LIMIT,BUY,0.022433,GTC,False,False,0.022433,MAKER,22288.59,0.0,['0.10000000 USDT'],NO_TRIGGER,FILLED,NO_CONTINGENCY,,,,,,,,72c30629-c7be-492c-bc02-7e9ea34c0acc,2023-02-06 22:00:00+00:00,2023-02-09 19:00:00+00:00,22288.59,,False,,
TESTER-001,SRGridStrategyV3-000,BTC/USDT.SIM,SIM-1-571,BTC/USDT.SIM-SRGridStrategyV3-000,SIM-001,T-33310d935832b83c-18077,LIMIT,BUY,0.022633,GTC,False,False,0.022633,MAKER,22091.66,0.0,['0.10000000 USDT'],NO_TRIGGER,FILLED,NO_CONTINGENCY,,,,,,,,34b5631c-5ab5-45fc-858e-90a7490f284f,2023-02-06 22:00:00+00:00,2023-02-09 19:00:00+00:00,22091.66,,False,,
TESTER-001,SRGridStrategyV3-000,BTC/USDT.SIM,SIM-1-572,BTC/USDT.SIM-SRGridStrategyV3-000,SIM-001,T-ebcba27a24e5ecab-18082,LIMIT,BUY,0.022837,GTC,False,False,0.022837,MAKER,21894.73,0.0,['0.10000000 USDT'],NO_TRIGGER,FILLED,NO_CONTINGENCY,,,,,,,,dfc667a7-973d-42b3-bb19-22391c97d566,2023-02-06 22:00:00+00:00,2023-02-09 20:00:00+00:00,21894.73,,False,,
TESTER-001,SRGridStrategyV3-000,BTC/USDT.SIM,SIM-1-576,BTC/USDT.SIM-SRGridStrategyV3-000,SIM-001,T-caa9aa35df30a07f-17867,LIMIT,SELL,0.216673,GTC,False,False,0.216673,MAKER,23076.3,0.0,['1.00000000 USDT'],NO_TRIGGER,FILLED,NO_CONTINGENCY,,,,,,,,b2146259-48c4-464e-932e-cce408755be5,2023-02-06 22:00:00+00:00,2023-02-07 17:00:00+00:00,23076.30,,False,,
TESTER-001,SRGridStrategyV3-000,BTC/USDT.SIM,SIM-1-577,BTC/USDT.SIM-SRGridStrategyV3-000,SIM-001,T-caa9aa35df30a07f-17871,LIMIT,SELL,0.102615,GTC,False,False,0.102615,MAKER,23273.22,0.0,['0.48000000 USDT'],NO_TRIGGER,FILLED,NO_CONTINGENCY,,,,,,,,b08be292-42dc-44a2-91fb-3c4ac34f3a28,2023-02-06 22:00:00+00:00,2023-02-07 17:00:00+00:00,23273.22,,False,,
TESTER-001,SRGridStrategyV3-000,BTC/USDT.SIM,SIM-1-584,BTC/USDT.SIM-SRGridStrategyV3-000,SIM-001,T-caa9aa35df30a07f-17868,LIMIT,SELL,0.216673,GTC,False,False,0.216673,MAKER,23076.3,0.0,['1.00000000 USDT'],NO_TRIGGER,FILLED,NO_CONTINGENCY,,,,,,,,b1f4aa2c-e2e9-4f5f-a0e5-b7556354efc1,2023-02-06 23:00:00+00:00,2023-02-07 17:00:00+00:00,23076.30,,False,,
TESTER-001,SRGridStrategyV3-000,BTC/USDT.SIM,SIM-1-585,BTC/USDT.SIM-SRGridStrategyV3-000,SIM-001,T-caa9aa35df30a07f-17872,LIMIT,SELL,0.136752,GTC,False,False,0.136752,MAKER,23273.22,0.0,['0.64000000 USDT'],NO_TRIGGER,FILLED,NO_CONTINGENCY,,,,,,,,ec25b5d6-c515-4dcd-ae83-bc03837ce533,2023-02-06 23:00:00+00:00,2023-02-07 17:00:00+00:00,23273.22,,False,,
TESTER-001,SRGridStrategyV3-000,BTC/USDT.SIM,SIM-1-592,BTC/USDT.SIM-SRGridStrategyV3-000,SIM-001,T-93499f00bab782a2-18009,LIMIT,BUY,0.222365,GTC,False,False,0.222365,MAKER,22485.510000000002,0.0,['1.00000000 USDT'],NO_TRIGGER,FILLED,NO_CONTINGENCY,,,,,,,,577b12f8-45f2-4735-84ac-da29e134b41e,2023-02-07 17:00:00+00:00,2023-02-09 03:00:00+00:00,22485.51,,False,,
TESTER-001,SRGridStrategyV3-000,BTC/USDT.SIM,SIM-1-593,BTC/USDT.SIM-SRGridStrategyV3-000,SIM-001,T-33310d935832b83c-18075,LIMIT,BUY,0.032850,GTC,False,False,0.032850,MAKER,22288.59,0.0,['0.15000000 USDT'],NO_TRIGGER,FILLED,NO_CONTINGENCY,,,,,,,,35fed732-83b5-49a8-8f45-8411bce7f688,2023-02-07 17:00:00+00:00,2023-02-09 19:00:00+00:00,22288.59,,False,,
TESTER-001,SRGridStrategyV3-000,BTC/USDT.SIM,SIM-1-594,BTC/USDT.SIM-SRGridStrategyV3-000,SIM-001,T-33310d935832b83c-18078,LIMIT,BUY,0.022633,GTC,False,False,0.022633,MAKER,22091.66,0.0,['0.10000000 USDT'],NO_TRIGGER,FILLED,NO_CONTINGENCY,,,,,,,,67390deb-5818-47d9-bf51-b21a2c074a0c,2023-02-07 17:00:00+00:00,2023-02-09 19:00:00+00:00,22091.66,,False,,
TESTER-001,SRGridStrategyV3-000,BTC/USDT.SIM,SIM-1-595,BTC/USDT.SIM-SRGridStrategyV3-000,SIM-001,T-ebcba27a24e5ecab-18083,LIMIT,BUY,0.022837,GTC,False,False,0.022837,MAKER,21894.73,0.0,['0.10000000 USDT'],NO_TRIGGER,FILLED,NO_CONTINGENCY,,,,,,,,e5bd0215-b34c-4092-81d3-3e0add6a305d,2023-02-07 17:00:00+00:00,2023-02-09 20:00:00+00:00,21894.73,,False,,
TESTER-001,SRGridStrategyV3-000,BTC/USDT.SIM,SIM-1-611,BTC/USDT.SIM-SRGridStrategyV3-000,SIM-001,T-ebcba27a24e5ecab-18085,MARKET,SELL,0.041031,GTC,True,False,0.041031,TAKER,21994.21,0.0,['0.54000000 USDT'],NO_TRIGGER,FILLED,NO_CONTINGENCY,,,,,,,,45a83501-3f57-41b4-9e32-cc89071d5c29,2023-02-09 20:00:00+00:00,2023-02-09 20:00:00+00:00,,,,,
TESTER-001,SRGridStrategyV3-000,BTC/USDT.SIM,SIM-1-612,BTC/USDT.SIM-SRGridStrategyV3-000,SIM-001,T-ebcba27a24e5ecab-18086,MARKET,SELL,2.727991,GTC,False,False,2.727991,TAKER,21994.21,0.0,['36.00000000 USDT'],NO_TRIGGER,FILLED,NO_CONTINGENCY,,,,,,,,70c2fe12-770b-4cb3-8add-d1d19ee9200d,2023-02-09 20:00:00+00:00,2023-02-09 20:00:00+00:00,,,,,
TESTER-001,SRGridStrategyV3-000,BTC/USDT.SIM,SIM-1-613,BTC/USDT.SIM-SRGridStrategyV3-000,SIM-001,T-b9c588e392a34024-18703,MARKET,BUY,2.727991,GTC,True,False,2.727991,TAKER,24586.08,0.0,['40.24000000 USDT'],NO_TRIGGER,FILLED,NO_CONTINGENCY,,,,,,,,36ffdf8a-6111-4947-ab77-3b272f644d57,2023-02-16 06:00:00+00:00,2023-02-16 06:00:00+00:00,,,,,
TESTER-001,SRGridStrategyV3-000,BTC/USDT.SIM,SIM-1-622,BTC/USDT.SIM-SRGridStrategyV3-000,SIM-001,T-d7e125a64697dd53-18738,LIMIT,SELL,0.199978,GTC,False,False,0.199978,MAKER,25002.7,0.0,['1.00000000 USDT'],NO_TRIGGER,FILLED,NO_CONTINGENCY,,,,,,,,1ee66470-c3e2-492f-a58f-2fc266329d8a,2023-02-16 06:00:00+00:00,2023-02-16 15:00:00+00:00,25002.70,,False,,
TESTER-001,SRGridStrategyV3-000,BTC/USDT.SIM,SIM-1-638,BTC/USDT.SIM-SRGridStrategyV3-000,SIM-001,T-f4d95d983719c3f8-18745,MARKET,BUY,0.199978,GTC,True,False,0.199978,TAKER,24898.43,0.0,['2.99000000 USDT'],NO_TRIGGER,FILLED,NO_CONTINGENCY,,,,,,,,46a17f80-cd7a-4893-b7d8-fed8a8cfbd56,2023-02-16 16:00:00+00:00,2023-02-16 16:00:00+00:00,,,,,
TESTER-001,SRGridStrategyV3-000,BTC/USDT.SIM,SIM-1-639,BTC/USDT.SIM-SRGridStrategyV3-000,SIM-001,T-f4d95d983719c3f8-18746,MARKET,BUY,2.409790,GTC,False,False,2.409790,TAKER,24898.43,0.0,['36.00000000 USDT'],NO_TRIGGER,FILLED,NO_CONTINGENCY,,,,,,,,5a5ef09e-6f70-4cee-8479-bd65ce931cfc,2023-02-16 16:00:00+00:00,2023-02-16 16:00:00+00:00,,,,,
TESTER-001,SRGridStrategyV3-000,BTC/USDT.SIM,SIM-1-640,BTC/USDT.SIM-SRGridStrategyV3-000,SIM-001,T-7f2f7466c882b4c9-19635,MARKET,SELL,2.409790,GTC,True,False,2.409790,TAKER,23118.73,0.0,['33.43000000 USDT'],NO_TRIGGER,FILLED,NO_CONTINGENCY,,,,,,,,08614954-cf98-42d6-9b6a-5bc1e618c67c,2023-02-25 22:00:00+00:00,2023-02-25 22:00:00+00:00,,,,,
TESTER-001,SRGridStrategyV3-000,BTC/USDT.SIM,SIM-1-649,BTC/USDT.SIM-SRGridStrategyV3-000,SIM-001,T-3dc9b41557262986-19698,LIMIT,SELL,0.023091,GTC,False,False,0.023091,MAKER,23307.06,0.0,['0.11000000 USDT'],NO_TRIGGER,FILLED,NO_CONTINGENCY,,,,,,,,d3674c28-215e-4bcb-868f-ecdf6681855a,2023-02-25 22:00:00+00:00,2023-02-26 14:00:00+00:00,23307.06,,False,,
TESTER-001,SRGridStrategyV3-000,BTC/USDT.SIM,SIM-1-650,BTC/USDT.SIM-SRGridStrategyV3-000,SIM-001,T-d262cda07d01dae8-19715,LIMIT,SELL,0.021281,GTC,False,False,0.021281,MAKER,23495.38,0.0,['0.10000000 USDT'],NO_TRIGGER,FILLED,NO_CONTINGENCY,,,,,,,,a5be1856-41bc-4c5c-b2b0-174671ff688b,2023-02-25 22:00:00+00:00,2023-02-26 18:00:00+00:00,23495.38,,False,,
TESTER-001,SRGridStrategyV3-000,BTC/USDT.SIM,SIM-1-651,BTC/USDT.SIM-SRGridStrategyV3-000,SIM-001,T-c739b772127188f7-19724,LIMIT,SELL,0.056305,GTC,False,False,0.056305,MAKER,23683.710000000003,0.0,['0.27000000 USDT'],NO_TRIGGER,FILLED,NO_CONTINGENCY,,,,,,,,e46a8468-b976-40b2-be3a-ec05aa24c764,2023-02-25 22:00:00+00:00,2023-02-26 20:00:00+00:00,23683.71,,False,,
TESTER-001,SRGridStrategyV3-000,BTC/USDT.SIM,SIM-1-652,BTC/USDT.SIM-SRGridStrategyV3-000,SIM-001,T-261eec10e9813c55-19801,LIMIT,SELL,0.117724,GTC,False,False,0.117724,MAKER,23872.04,0.0,['0.56000000 USDT'],NO_TRIGGER,FILLED,NO_CONTINGENCY,,,,,,,,a1cf69d4-5502-48ec-a593-24c136ef6d99,2023-02-25 22:00:00+00:00,2023-02-27 15:00:00+00:00,23872.04,,False,,
TESTER-001,SRGridStrategyV3-000,BTC/USDT.SIM,SIM-1-689,BTC/USDT.SIM-SRGridStrategyV3-000,SIM-001,T-da5e61c71a72c534-20084,LIMIT,BUY,0.193723,GTC,False,False,0.193723,MAKER,23273.929999999997,0.0,['0.90000000 USDT'],NO_TRIGGER,FILLED,NO_CONTINGENCY,,,,,,,,c3b84228-345a-47e8-ab9b-41036cd633f0,2023-03-01 22:00:00+00:00,2023-03-02 13:00:00+00:00,23273.93,,False,,
TESTER-001,SRGridStrategyV3-000,BTC/USDT.SIM,SIM-1-690,BTC/USDT.SIM-SRGridStrategyV3-000,SIM-001,T-2a981b97b3b2e8a3-20134,LIMIT,BUY,0.108421,GTC,False,False,0.108421,MAKER,23015.92,0.0,['0.50000000 USDT'],NO_TRIGGER,FILLED,NO_CONTINGENCY,,,,,,,,40f0993d-f41a-436c-a19a-b79b701ea2ab,2023-03-01 22:00:00+00:00,2023-03-03 01:00:00+00:00,23015.92,,False,,
TESTER-001,SRGridStrategyV3-000,BTC/USDT.SIM,SIM-1-691,BTC/USDT.SIM-SRGridStrategyV3-000,SIM-001,T-2a981b97b3b2e8a3-20137,LIMIT,BUY,0.062004,GTC,False,False,0.062004,MAKER,22757.91,0.0,['0.28000000 USDT'],NO_TRIGGER,FILLED,NO_CONTINGENCY,,,,,,,,1e3e33cc-67fd-4d22-bba4-e476d4d08c25,2023-03-01 22:00:00+00:00,2023-03-03 01:00:00+00:00,22757.91,,False,,
TESTER-001,SRGridStrategyV3-000,BTC/USDT.SIM,SIM-1-692,BTC/USDT.SIM-SRGridStrategyV3-000,SIM-001,T-2a981b97b3b2e8a3-20139,LIMIT,BUY,0.022222,GTC,False,False,0.022222,MAKER,22499.9,0.0,['0.10000000 USDT'],NO_TRIGGER,FILLED,NO_CONTINGENCY,,,,,,,,f367eee8-6ce6-4521-9ee7-e549cf4221c6,2023-03-01 22:00:00+00:00,2023-03-03 01:00:00+00:00,22499.90,,False,,
TESTER-001,SRGridStrategyV3-000,BTC/USDT.SIM,SIM-1-693,BTC/USDT.SIM-SRGridStrategyV3-000,SIM-001,T-163cbf780b38410d-20142,LIMIT,BUY,0.081806,GTC,False,False,0.081806,MAKER,22241.89,0.0,['0.36000000 USDT'],NO_TRIGGER,FILLED,NO_CONTINGENCY,,,,,,,,e18a29a8-1b24-4200-bb42-5a00a3beb0d0,2023-03-01 22:00:00+00:00,2023-03-03 02:00:00+00:00,22241.89,,False,,
TESTER-001,SRGridStrategyV3-000,BTC/USDT.SIM,SIM-1-697,BTC/USDT.SIM-SRGridStrategyV3-000,SIM-001,T-046ea523e175d44e-20030,LIMIT,SELL,0.173118,GTC,False,False,0.173118,MAKER,23789.95,0.0,['0.82000000 USDT'],NO_TRIGGER,FILLED,NO_CONTINGENCY,,,,,,,,2c1ee0bc-161a-4257-9851-139980a542c6,2023-03-01 22:00:00+00:00,2023-03-02 00:00:00+00:00,23789.95,,False,,
TESTER-001,SRGridStrategyV3-000,BTC/USDT.SIM,SIM-1-705,BTC/USDT.SIM-SRGridStrategyV3-000,SIM-001,T-da5e61c71a72c534-20085,LIMIT,BUY,0.214833,GTC,False,False,0.214833,MAKER,23273.929999999997,0.0,['1.00000000 USDT'],NO_TRIGGER,FILLED,NO_CONTINGENCY,,,,,,,,60f39645-6700-49bc-becf-88bd1cb8235a,2023-03-02 00:00:00+00:00,2023-03-02 13:00:00+00:00,23273.93,,False,,
TESTER-001,SRGridStrategyV3-000,BTC/USDT.SIM,SIM-1-706,BTC/USDT.SIM-SRGridStrategyV3-000,SIM-001,T-2a981b97b3b2e8a3-20135,LIMIT,BUY,0.138752,GTC,False,False,0.138752,MAKER,23015.92,0.0,['0.64000000 USDT'],NO_TRIGGER,FILLED,NO_CONTINGENCY,,,,,,,,0b76985f-3273-4325-9446-d4b1878948e4,2023-03-02 00:00:00+00:00,2023-03-03 01:00:00+00:00,23015.92,,False,,
TESTER-001,SRGridStrategyV3-000,BTC/USDT.SIM,SIM-1-707,BTC/USDT.SIM-SRGridStrategyV3-000,SIM-001,T-2a981b97b3b2e8a3-20138,LIMIT,BUY,0.079323,GTC,False,False,0.079323,MAKER,22757.91,0.0,['0.36000000 USDT'],NO_TRIGGER,FILLED,NO_CONTINGENCY,,,,,,,,ef87f980-d7dd-4f1a-bb2a-baea65aeff4e,2023-03-02 00:00:00+00:00,2023-03-03 01:00:00+00:00,22757.91,,False,,
TESTER-001,SRGridStrategyV3-000,BTC/USDT.SIM,SIM-1-708,BTC/USDT.SIM-SRGridStrategyV3-000,SIM-001,T-2a981b97b3b2e8a3-20140,LIMIT,BUY,0.024632,GTC,False,False,0.024632,MAKER,22499.9,0.0,['0.11000000 USDT'],NO_TRIGGER,FILLED,NO_CONTINGENCY,,,,,,,,1d83015d-1b81-433f-86ae-063197ca19f3,2023-03-02 00:00:00+00:00,2023-03-03 01:00:00+00:00,22499.90,,False,,
TESTER-001,SRGridStrategyV3-000,BTC/USDT.SIM,SIM-1-709,BTC/USDT.SIM-SRGridStrategyV3-000,SIM-001,T-163cbf780b38410d-20143,LIMIT,BUY,0.104653,GTC,False,False,0.104653,MAKER,22241.89,0.0,['0.47000000 USDT'],NO_TRIGGER,FILLED,NO_CONTINGENCY,,,,,,,,b65e343e-ac12-404f-a851-eaefaaa1ab4b,2023-03-02 00:00:00+00:00,2023-03-03 02:00:00+00:00,22241.89,,False,,
TESTER-001,SRGridStrategyV3-000,BTC/USDT.SIM,SIM-1-734,BTC/USDT.SIM-SRGridStrategyV3-000,SIM-001,T-790ec80d3d4621a4-20215,MARKET,SELL,0.638850,GTC,True,False,0.638850,TAKER,22358.48,0.0,['8.57000000 USDT'],NO_TRIGGER,FILLED,NO_CONTINGENCY,,,,,,,,9107cc73-b4c4-485d-83d3-6030fb8491e3,2023-03-03 19:00:00+00:00,2023-03-03 19:00:00+00:00,,,,,
TESTER-001,SRGridStrategyV3-000,BTC/USDT.SIM,SIM-1-735,BTC/USDT.SIM-SRGridStrategyV3-000,SIM-001,T-790ec80d3d4621a4-20216,MARKET,SELL,2.683546,GTC,False,False,2.683546,TAKER,22358.48,0.0,['36.00000000 USDT'],NO_TRIGGER,FILLED,NO_CONTINGENCY,,,,,,,,35264a59-7cc9-4b5f-aed7-df4043fec0cc,2023-03-03 19:00:00+00:00,2023-03-03 19:00:00+00:00,,,,,
TESTER-001,SRGridStrategyV3-000,BTC/USDT.SIM,SIM-1-736,BTC/USDT.SIM-SRGridStrategyV3-000,SIM-001,T-1908b6fd973e03a0-21245,MARKET,BUY,2.683546,GTC,True,False,2.683546,TAKER,25832.57,0.0,['41.59000000 USDT'],NO_TRIGGER,FILLED,NO_CONTINGENCY,,,,,,,,75c5b547-d938-4872-a891-c24c9d325f0d,2023-03-14 12:00:00+00:00,2023-03-14 12:00:00+00:00,,,,,
TESTER-001,SRGridStrategyV3-000,BTC/USDT.SIM,SIM-1-737,BTC/USDT.SIM-SRGridStrategyV3-000,SIM-001,T-afddb9d75ae709e1-21270,LIMIT,BUY,0.019773,GTC,False,False,0.019773,MAKER,25287.25,0.0,['0.10000000 USDT'],NO_TRIGGER,FILLED,NO_CONTINGENCY,,,,,,,,3c785e86-7c1f-47ae-a96e-543d465c5fe4,2023-03-14 12:00:00+00:00,2023-03-14 18:00:00+00:00,25287.25,,False,,
TESTER-001,SRGridStrategyV3-000,BTC/USDT.SIM,SIM-1-738,BTC/USDT.SIM-SRGridStrategyV3-000,SIM-001,T-66d638bc7a3e0e90-21276,LIMIT,BUY,0.022791,GTC,False,False,0.022791,MAKER,24741.929999999997,0.0,['0.11000000 USDT'],NO_TRIGGER,FILLED,NO_CONTINGENCY,,,,,,,,d560a4d6-c93c-4fa2-839c-4c75b8f16e2c,2023-03-14 12:00:00+00:00,2023-03-14 19:00:00+00:00,24741.93,,False,,
TESTER-001,SRGridStrategyV3-000,BTC/USDT.SIM,SIM-1-745,BTC/USDT.SIM-SRGridStrategyV3-000,SIM-001,T-24710783c3fd2c24-21248,LIMIT,SELL,0.189553,GTC,False,False,0.189553,MAKER,26377.89,0.0,['1.00000000 USDT'],NO_TRIGGER,FILLED,NO_CONTINGENCY,,,,,,,,766ec9b7-2d88-49d4-ae5e-f2202d77d955,2023-03-14 12:00:00+00:00,2023-03-14 13:00:00+00:00,26377.89,,False,,
TESTER-001,SRGridStrategyV3-000,BTC/USDT.SIM,SIM-1-753,BTC/USDT.SIM-SRGridStrategyV3-000,SIM-001,T-afddb9d75ae709e1-21271,LIMIT,BUY,0.019773,GTC,False,False,0.019773,MAKER,25287.25,0.0,['0.10000000 USDT'],NO_TRIGGER,FILLED,NO_CONTINGENCY,,,,,,,,34be8404-e376-4a94-8d6c-0c8b96432aec,2023-03-14 13:00:00+00:00,2023-03-14 18:00:00+00:00,25287.25,,False,,
TESTER-001,SRGridStrategyV3-000,BTC/USDT.SIM,SIM-1-754,BTC/USDT.SIM-SRGridStrategyV3-000,SIM-001,T-66d638bc7a3e0e90-21277,LIMIT,BUY,0.030411,GTC,False,False,0.030411,MAKER,24741.929999999997,0.0,['0.15000000 USDT'],NO_TRIGGER,FILLED,NO_CONTINGENCY,,,,,,,,74dc2e00-99ca-43ad-b08e-899df7b60820,2023-03-14 13:00:00+00:00,2023-03-14 19:00:00+00:00,24741.93,,False,,
TESTER-001,SRGridStrategyV3-000,BTC/USDT.SIM,SIM-1-768,BTC/USDT.SIM-SRGridStrategyV3-000,SIM-001,T-66d638bc7a3e0e90-21279,MARKET,BUY,0.096805,GTC,True,False,0.096805,TAKER,25054.15,0.0,['1.46000000 USDT'],NO_TRIGGER,FILLED,NO_CONTINGENCY,,,,,,,,1117f578-0284-4015-8037-84b98ee3c9db,2023-03-14 19:00:00+00:00,2023-03-14 19:00:00+00:00,,,,,
TESTER-001,SRGridStrategyV3-000,BTC/USDT.SIM,SIM-1-769,BTC/USDT.SIM-SRGridStrategyV3-000,SIM-001,T-66d638bc7a3e0e90-21280,MARKET,BUY,2.394813,GTC,False,False,2.394813,TAKER,25054.15,0.0,['36.00000000 USDT'],NO_TRIGGER,FILLED,NO_CONTINGENCY,,,,,,,,ce395d02-6992-45c6-8486-2fa6eba42ee5,2023-03-14 19:00:00+00:00,2023-03-14 19:00:00+00:00,,,,,
TESTER-001,SRGridStrategyV3-000,BTC/USDT.SIM,SIM-1-770,BTC/USDT.SIM-SRGridStrategyV3-000,SIM-001,T-cf8465d2d6879a4a-23412,MARKET,SELL,2.394813,GTC,True,False,2.394813,TAKER,28128.42,0.0,['40.42000000 USDT'],NO_TRIGGER,FILLED,NO_CONTINGENCY,,,,,,,,eabed279-edda-456a-9208-1bc5aad2dddd,2023-04-06 03:00:00+00:00,2023-04-06 03:00:00+00:00,,,,,
TESTER-001,SRGridStrategyV3-000,BTC/USDT.SIM,SIM-1-771,BTC/USDT.SIM-SRGridStrategyV3-000,SIM-001,T-1dde23b3ece95834-23440,LIMIT,BUY,0.179620,GTC,False,False,0.179620,MAKER,27836.6,0.0,['1.00000000 USDT'],NO_TRIGGER,FILLED,NO_CONTINGENCY,,,,,,,,ecfba549-ed4f-4ff1-ba04-5cf2e3b0c562,2023-04-06 03:00:00+00:00,2023-04-06 10:00:00+00:00,27836.60,,False,,
TESTER-001,SRGridStrategyV3-000,BTC/USDT.SIM,SIM-1-779,BTC/USDT.SIM-SRGridStrategyV3-000,SIM-001,T-35751b51b249b2e8-23770,LIMIT,SELL,0.175931,GTC,False,False,0.175931,MAKER,28420.24,0.0,['1.00000000 USDT'],NO_TRIGGER,FILLED,NO_CONTINGENCY,,,,,,,,f0678078-095b-4554-a4e5-a506ef5e1240,2023-04-06 03:00:00+00:00,2023-04-09 21:00:00+00:00,28420.24,,False,,
TESTER-001,SRGridStrategyV3-000,BTC/USDT.SIM,SIM-1-787,BTC/USDT.SIM-SRGridStrategyV3-000,SIM-001,T-35751b51b249b2e8-23771,LIMIT,SELL,0.175931,GTC,False,False,0.175931,MAKER,28420.24,0.0,['1.00000000 USDT'],NO_TRIGGER,FILLED,NO_CONTINGENCY,,,,,,,,190c037c-b08e-4827-96b3-3def3186e57e,2023-04-06 10:00:00+00:00,2023-04-09 21:00:00+00:00,28420.24,,False,,
TESTER-001,SRGridStrategyV3-000,BTC/USDT.SIM,SIM-1-810,BTC/USDT.SIM-SRGridStrategyV3-000,SIM-001,T-dc0abd30b45aaf16-23844,LIMIT,SELL,0.175581,GTC,False,False,0.175581,MAKER,28476.86,0.0,['1.00000000 USDT'],NO_TRIGGER,FILLED,NO_CONTINGENCY,,,,,,,,b89a9130-e0b7-4f82-828f-f59197a9236c,2023-04-10 03:00:00+00:00,2023-04-10 15:00:00+00:00,28476.86,,False,,
TESTER-001,SRGridStrategyV3-000,BTC/USDT.SIM,SIM-1-811,BTC/USDT.SIM-SRGridStrategyV3-000,SIM-001,T-9acc542b52101458-23849,LIMIT,SELL,0.109374,GTC,False,False,0.109374,MAKER,28675.28,0.0,['0.63000000 USDT'],NO_TRIGGER,FILLED,NO_CONTINGENCY,,,,,,,,279e446c-2806-4e00-9cb2-6765bc4dfdb9,2023-04-10 03:00:00+00:00,2023-04-10 16:00:00+00:00,28675.28,,False,,
TESTER-001,SRGridStrategyV3-000,BTC/USDT.SIM,SIM-1-812,BTC/USDT.SIM-SRGridStrategyV3-000,SIM-001,T-9acc542b52101458-23852,LIMIT,SELL,0.018901,GTC,False,False,0.018901,MAKER,28873.69,0.0,['0.11000000 USDT'],NO_TRIGGER,FILLED,NO_CONTINGENCY,,,,,,,,2cbcc850-3e8c-498c-acc3-8ac20847904e,2023-04-10 03:00:00+00:00,2023-04-10 16:00:00+00:00,28873.69,,False,,
TESTER-001,SRGridStrategyV3-000,BTC/USDT.SIM,SIM-1-813,BTC/USDT.SIM-SRGridStrategyV3-000,SIM-001,T-27a06f57e97ac310-23855,LIMIT,SELL,0.017199,GTC,False,False,0.017199,MAKER,29072.1,0.0,['0.10000000 USDT'],NO_TRIGGER,FILLED,NO_CONTINGENCY,,,,,,,,e553ab7c-c3fb-4588-b7b6-41ec46294841,2023-04-10 03:00:00+00:00,2023-04-10 17:00:00+00:00,29072.10,,False,,
TESTER-001,SRGridStrategyV3-000,BTC/USDT.SIM,SIM-1-814,BTC/USDT.SIM-SRGridStrategyV3-000,SIM-001,T-1e80ba748bdaa38b-23860,LIMIT,SELL,0.017082,GTC,False,False,0.017082,MAKER,29270.52,0.0,['0.10000000 USDT'],NO_TRIGGER,FILLED,NO_CONTINGENCY,,,,,,,,b3128dd8-7fdf-42d1-8a57-fc76f10a8341,2023-04-10 03:00:00+00:00,2023-04-10 18:00:00+00:00,29270.52,,False,,
TESTER-001,SRGridStrategyV3-000,BTC/USDT.SIM,SIM-1-815,BTC/USDT.SIM-SRGridStrategyV3-000,SIM-001,T-489235a2a04567c4-23877,LIMIT,SELL,0.016967,GTC,False,False,0.016967,MAKER,29468.929999999997,0.0,['0.10000000 USDT'],NO_TRIGGER,FILLED,NO_CONTINGENCY,,,,,,,,0b64e296-571c-4cb2-b72b-477a5a3313db,2023-04-10 03:00:00+00:00,2023-04-10 22:00:00+00:00,29468.93,,False,,
TESTER-001,SRGridStrategyV3-000,BTC/USDT.SIM,SIM-1-816,BTC/USDT.SIM-SRGridStrategyV3-000,SIM-001,T-ecc1f9ad07a66ab7-23882,LIMIT,SELL,0.016854,GTC,False,False,0.016854,MAKER,29667.350000000002,0.0,['0.10000000 USDT'],NO_TRIGGER,FILLED,NO_CONTINGENCY,,,,,,,,4add567b-5503-4dae-8580-3c097febfc61,2023-04-10 03:00:00+00:00,2023-04-10 23:00:00+00:00,29667.35,,False,,
TESTER-001,SRGridStrategyV3-000,BTC/USDT.SIM,SIM-1-817,BTC/USDT.SIM-SRGridStrategyV3-000,SIM-001,T-5c4e39f192e908e0-23887,LIMIT,SELL,0.016742,GTC,False,False,0.016742,MAKER,29865.76,0.0,['0.10000000 USDT'],NO_TRIGGER,FILLED,NO_CONTINGENCY,,,,,,,,00fa3477-ce96-48f1-8a99-c4f86c24a118,2023-04-10 03:00:00+00:00,2023-04-11 00:00:00+00:00,29865.76,,False,,
TESTER-001,SRGridStrategyV3-000,BTC/USDT.SIM,SIM-1-874,BTC/USDT.SIM-SRGridStrategyV3-000,SIM-001,T-47d5778e6a5fb430-23894,MARKET,BUY,0.560942,GTC,True,False,0.560942,TAKER,30189.900000000005,0.0,['10.16000000 USDT'],NO_TRIGGER,FILLED,NO_CONTINGENCY,,,,,,,,73abf7f0-0e90-4b6f-bb49-e8c5c9149269,2023-04-11 01:00:00+00:00,2023-04-11 01:00:00+00:00,,,,,
TESTER-001,SRGridStrategyV3-000,BTC/USDT.SIM,SIM-1-875,BTC/USDT.SIM-SRGridStrategyV3-000,SIM-001,T-47d5778e6a5fb430-23895,MARKET,BUY,1.987420,GTC,False,False,1.987420,TAKER,30189.900000000005,0.0,['36.00000000 USDT'],NO_TRIGGER,FILLED,NO_CONTINGENCY,,,,,,,,02d0cf60-058d-4bed-9c93-d38a643a0afd,2023-04-11 01:00:00+00:00,2023-04-11 01:00:00+00:00,,,,,
TESTER-001,SRGridStrategyV3-000,BTC/USDT.SIM,SIM-1-876,BTC/USDT.SIM-SRGridStrategyV3-000,SIM-001,T-d8d5bae09e7c584c-24829,MARKET,SELL,1.987420,GTC,True,False,1.987420,TAKER,28204.56,0.0,['33.63000000 USDT'],NO_TRIGGER,FILLED,NO_CONTINGENCY,,,,,,,,c1bf82a3-210a-4a0b-84a4-4afbfee4c77f,2023-04-20 20:00:00+00:00,2023-04-20 20:00:00+00:00,,,,,
TESTER-001,SRGridStrategyV3-000,BTC/USDT.SIM,SIM-1-893,BTC/USDT.SIM-SRGridStrategyV3-000,SIM-001,T-b3442e946b1dda5a-24906,MARKET,SELL,2.139747,GTC,False,False,2.139747,TAKER,28040.7,0.0,['36.00000000 USDT'],NO_TRIGGER,FILLED,NO_CONTINGENCY,,,,,,,,f8b547fb-6e6a-42fe-917f-b03c592f8bb6,2023-04-21 15:00:00+00:00,2023-04-21 15:00:00+00:00,,,,,
TESTER-001,SRGridStrategyV3-000,BTC/USDT.SIM,SIM-1-894,BTC/USDT.SIM-SRGridStrategyV3-000,SIM-001,T-b3442e946b1dda5a-24907,MARKET,SELL,2.139747,GTC,False,False,2.139747,TAKER,28040.7,0.0,['36.00000000 USDT'],NO_TRIGGER,FILLED,NO_CONTINGENCY,,,,,,,,e8ad71c0-a121-4f7b-abbc-7f1a842df81c,2023-04-21 15:00:00+00:00,2023-04-21 15:00:00+00:00,,,,,
TESTER-001,SRGridStrategyV3-000,BTC/USDT.SIM,SIM-1-895,BTC/USDT.SIM-SRGridStrategyV3-000,SIM-001,T-cc16e1255f5a379f-25610,MARKET,BUY,4.279494,GTC,True,False,4.279494,TAKER,29311.7,0.0,['75.26000000 USDT'],NO_TRIGGER,FILLED,NO_CONTINGENCY,,,,,,,,5ca29052-2e5d-4681-be20-5c7e247c7e5a,2023-04-28 23:00:00+00:00,2023-04-28 23:00:00+00:00,,,,,
TESTER-001,SRGridStrategyV3-000,BTC/USDT.SIM,SIM-1-896,BTC/USDT.SIM-SRGridStrategyV3-000,SIM-001,T-035d36a58db1152c-25810,LIMIT,BUY,0.076750,GTC,False,False,0.076750,MAKER,29028.17,0.0,['0.45000000 USDT'],NO_TRIGGER,FILLED,NO_CONTINGENCY,,,,,,,,21f5a5b7-6d70-4bcb-9465-61197ee01244,2023-04-28 23:00:00+00:00,2023-05-01 01:00:00+00:00,29028.17,,False,,
TESTER-001,SRGridStrategyV3-000,BTC/USDT.SIM,SIM-1-897,BTC/USDT.SIM-SRGridStrategyV3-000,SIM-001,T-035d36a58db1152c-25813,LIMIT,BUY,0.066208,GTC,False,False,0.066208,MAKER,28744.64,0.0,['0.38000000 USDT'],NO_TRIGGER,FILLED,NO_CONTINGENCY,,,,,,,,3cff3f32-5708-4a13-b58e-b7bc3f949ad5,2023-04-28 23:00:00+00:00,2023-05-01 01:00:00+00:00,28744.64,,False,,
TESTER-001,SRGridStrategyV3-000,BTC/USDT.SIM,SIM-1-898,BTC/USDT.SIM-SRGridStrategyV3-000,SIM-001,T-035d36a58db1152c-25808,LIMIT,BUY,0.064755,GTC,False,False,0.064755,MAKER,28461.1,0.0,['0.37000000 USDT'],NO_TRIGGER,FILLED,NO_CONTINGENCY,,,,,,,,da132761-8901-4ba0-8223-253f23be6d9c,2023-04-28 23:00:00+00:00,2023-05-01 01:00:00+00:00,28461.10,,False,,
TESTER-001,SRGridStrategyV3-000,BTC/USDT.SIM,SIM-1-899,BTC/USDT.SIM-SRGridStrategyV3-000,SIM-001,T-cf95e93525c7f08a-25870,LIMIT,BUY,0.064424,GTC,False,False,0.064424,MAKER,28177.57,0.0,['0.36000000 USDT'],NO_TRIGGER,FILLED,NO_CONTINGENCY,,,,,,,,e7bde4f1-753b-4e50-902d-504e2731b38b,2023-04-28 23:00:00+00:00,2023-05-01 15:00:00+00:00,28177.57,,False,,
TESTER-001,SRGridStrategyV3-000,BTC/USDT.SIM,SIM-1-900,BTC/USDT.SIM-SRGridStrategyV3-000,SIM-001,T-c91e6611cf238217-25888,LIMIT,BUY,0.066764,GTC,False,False,0.066764,MAKER,27894.04,0.0,['0.37000000 USDT'],NO_TRIGGER,FILLED,NO_CONTINGENCY,,,,,,,,ed21e362-6b1a-43d0-9e01-158ade38738f,2023-04-28 23:00:00+00:00,2023-05-01 19:00:00+00:00,27894.04,,False,,
TESTER-001,SRGridStrategyV3-000,BTC/USDT.SIM,SIM-1-904,BTC/USDT.SIM-SRGridStrategyV3-000,SIM-001,T-6b7fa33a8713e1be-25768,LIMIT,SELL,0.066332,GTC,False,False,0.066332,MAKER,29595.230000000003,0.0,['0.39000000 USDT'],NO_TRIGGER,FILLED,NO_CONTINGENCY,,,,,,,,20926ede-c239-46ba-bc27-28ff201dcc19,2023-04-28 23:00:00+00:00,2023-04-30 15:00:00+00:00,29595.23,,False,,
TESTER-001,SRGridStrategyV3-000,BTC/USDT.SIM,SIM-1-912,BTC/USDT.SIM-SRGridStrategyV3-000,SIM-001,T-035d36a58db1152c-25811,LIMIT,BUY,0.087115,GTC,False,False,0.087115,MAKER,29028.17,0.0,['0.51000000 USDT'],NO_TRIGGER,FILLED,NO_CONTINGENCY,,,,,,,,6089e264-a373-450a-887c-4c4dabc7801b,2023-04-30 15:00:00+00:00,2023-05-01 01:00:00+00:00,29028.17,,False,,
TESTER-001,SRGridStrategyV3-000,BTC/USDT.SIM,SIM-1-913,BTC/USDT.SIM-SRGridStrategyV3-000,SIM-001,T-035d36a58db1152c-25814,LIMIT,BUY,0.074839,GTC,False,False,0.074839,MAKER,28744.64,0.0,['0.43000000 USDT'],NO_TRIGGER,FILLED,NO_CONTINGENCY,,,,,,,,39e15bf0-aedf-43f1-a893-e39b20de5434,2023-04-30 15:00:00+00:00,2023-05-01 01:00:00+00:00,28744.64,,False,,
TESTER-001,SRGridStrategyV3-000,BTC/USDT.SIM,SIM-1-914,BTC/USDT.SIM-SRGridStrategyV3-000,SIM-001,T-035d36a58db1152c-25809,LIMIT,BUY,0.073176,GTC,False,False,0.073176,MAKER,28461.1,0.0,['0.42000000 USDT'],NO_TRIGGER,FILLED,NO_CONTINGENCY,,,,,,,,5f11b565-700b-4429-926a-8e584a9f20e7,2023-04-30 15:00:00+00:00,2023-05-01 01:00:00+00:00,28461.10,,False,,
TESTER-001,SRGridStrategyV3-000,BTC/USDT.SIM,SIM-1-915,BTC/USDT.SIM-SRGridStrategyV3-000,SIM-001,T-cf95e93525c7f08a-25871,LIMIT,BUY,0.072842,GTC,False,False,0.072842,MAKER,28177.57,0.0,['0.41000000 USDT'],NO_TRIGGER,FILLED,NO_CONTINGENCY,,,,,,,,8337cc41-6325-4f85-8e6b-c944f716fb07,2023-04-30 15:00:00+00:00,2023-05-01 15:00:00+00:00,28177.57,,False,,
TESTER-001,SRGridStrategyV3-000,BTC/USDT.SIM,SIM-1-916,BTC/USDT.SIM-SRGridStrategyV3-000,SIM-001,T-c91e6611cf238217-25889,LIMIT,BUY,0.075428,GTC,False,False,0.075428,MAKER,27894.04,0.0,['0.42000000 USDT'],NO_TRIGGER,FILLED,NO_CONTINGENCY,,,,,,,,2efbaacf-f1cf-4d86-8c92-65cd8c329381,2023-04-30 15:00:00+00:00,2023-05-01 19:00:00+00:00,27894.04,,False,,
TESTER-001,SRGridStrategyV3-000,BTC/USDT.SIM,SIM-1-941,BTC/USDT.SIM-SRGridStrategyV3-000,SIM-001,T-70a02e1af7199db7-26054,LIMIT,BUY,0.155089,GTC,False,False,0.155089,MAKER,28324.63,0.0,['0.88000000 USDT'],NO_TRIGGER,FILLED,NO_CONTINGENCY,,,,,,,,69772745-6be8-4f01-8f3f-32eca803b42d,2023-05-02 23:00:00+00:00,2023-05-03 12:00:00+00:00,28324.63,,False,,
TESTER-001,SRGridStrategyV3-000,BTC/USDT.SIM,SIM-1-949,BTC/USDT.SIM-SRGridStrategyV3-000,SIM-001,T-dcea98df7df0aa38-26090,LIMIT,SELL,0.108140,GTC,False,False,0.108140,MAKER,29015.09,0.0,['0.63000000 USDT'],NO_TRIGGER,FILLED,NO_CONTINGENCY,,,,,,,,5c35034b-ee60-4c3f-94fe-ebabad320627,2023-05-02 23:00:00+00:00,2023-05-03 21:00:00+00:00,29015.09,,False,,
TESTER-001,SRGridStrategyV3-000,BTC/USDT.SIM,SIM-1-950,BTC/USDT.SIM-SRGridStrategyV3-000,SIM-001,T-b35b735f1aa202e4-26144,LIMIT,SELL,0.170298,GTC,False,False,0.170298,MAKER,29360.329999999998,0.0,['1.00000000 USDT'],NO_TRIGGER,FILLED,NO_CONTINGENCY,,,,,,,,59d127f8-514b-4e78-8803-8e5c980bd7bd,2023-05-02 23:00:00+00:00,2023-05-04 10:00:00+00:00,29360.33,,False,,
TESTER-001,SRGridStrategyV3-000,BTC/USDT.SIM,SIM-1-951,BTC/USDT.SIM-SRGridStrategyV3-000,SIM-001,T-e66ff8c0dc01c18a-26298,LIMIT,SELL,0.103478,GTC,False,False,0.103478,MAKER,29705.56,0.0,['0.61000000 USDT'],NO_TRIGGER,FILLED,NO_CONTINGENCY,,,,,,,,a11c397a-986a-4454-8db8-3df62032b53e,2023-05-02 23:00:00+00:00,2023-05-06 00:00:00+00:00,29705.56,,False,,
TESTER-001,SRGridStrategyV3-000,BTC/USDT.SIM,SIM-1-957,BTC/USDT.SIM-SRGridStrategyV3-000,SIM-001,T-dcea98df7df0aa38-26091,LIMIT,SELL,0.140694,GTC,False,False,0.140694,MAKER,29015.09,0.0,['0.82000000 USDT'],NO_TRIGGER,FILLED,NO_CONTINGENCY,,,,,,,,1c19db7e-2fa9-4ced-ab88-c0cd1c7b7c03,2023-05-03 12:00:00+00:00,2023-05-03 21:00:00+00:00,29015.09,,False,,
TESTER-001,SRGridStrategyV3-000,BTC/USDT.SIM,SIM-1-958,BTC/USDT.SIM-SRGridStrategyV3-000,SIM-001,T-b35b735f1aa202e4-26145,LIMIT,SELL,0.170298,GTC,False,False,0.170298,MAKER,29360.329999999998,0.0,['1.00000000 USDT'],NO_TRIGGER,FILLED,NO_CONTINGENCY,,,,,,,,30fe9dbe-5230-45a6-8055-93202aa16754,2023-05-03 12:00:00+00:00,2023-05-04 10:00:00+00:00,29360.33,,False,,
TESTER-001,SRGridStrategyV3-000,BTC/USDT.SIM,SIM-1-959,BTC/USDT.SIM-SRGridStrategyV3-000,SIM-001,T-e66ff8c0dc01c18a-26299,LIMIT,SELL,0.134867,GTC,False,False,0.134867,MAKER,29705.56,0.0,['0.80000000 USDT'],NO_TRIGGER,FILLED,NO_CONTINGENCY,,,,,,,,e9947871-0b9d-4113-9d56-32deb7cbe9f4,2023-05-03 12:00:00+00:00,2023-05-06 00:00:00+00:00,29705.56,,False,,
TESTER-001,SRGridStrategyV3-000,BTC/USDT.SIM,SIM-1-994,BTC/USDT.SIM-SRGridStrategyV3-000,SIM-001,T-5e20280b4e0cceb0-26400,LIMIT,SELL,0.171692,GTC,False,False,0.171692,MAKER,29121.88,0.0,['1.00000000 USDT'],NO_TRIGGER,FILLED,NO_CONTINGENCY,,,,,,,,721d7c5a-2083-4428-80fa-83ea4bd01298,2023-05-06 23:00:00+00:00,2023-05-07 01:00:00+00:00,29121.88,,False,,
TESTER-001,SRGridStrategyV3-000,BTC/USDT.SIM,SIM-1-1010,BTC/USDT.SIM-SRGridStrategyV3-000,SIM-001,T-2ec7a8afb0fa099e-26439,MARKET,BUY,0.188409,GTC,True,False,0.188409,TAKER,28847.74,0.0,['3.26000000 USDT'],NO_TRIGGER,FILLED,NO_CONTINGENCY,,,,,,,,b8228e43-7da6-4fe0-b530-3941b398baf5,2023-05-07 10:00:00+00:00,2023-05-07 10:00:00+00:00,,,,,
TESTER-001,SRGridStrategyV3-000,BTC/USDT.SIM,SIM-1-1011,BTC/USDT.SIM-SRGridStrategyV3-000,SIM-001,T-2ec7a8afb0fa099e-26440,MARKET,BUY,2.079886,GTC,False,False,2.079886,TAKER,28847.74,0.0,['36.00000000 USDT'],NO_TRIGGER,FILLED,NO_CONTINGENCY,,,,,,,,ec6581a0-62f6-49d5-8a66-6397ba6b7da7,2023-05-07 10:00:00+00:00,2023-05-07 10:00:00+00:00,,,,,
TESTER-001,SRGridStrategyV3-000,BTC/USDT.SIM,SIM-1-1012,BTC/USDT.SIM-SRGridStrategyV3-000,SIM-001,T-26eb43cfa981295a-26568,MARKET,SELL,2.079886,GTC,True,False,2.079886,TAKER,27475.26,0.0,['34.29000000 USDT'],NO_TRIGGER,FILLED,NO_CONTINGENCY,,,,,,,,456b34d0-bd65-48f2-b8fb-731a62ff2808,2023-05-08 18:00:00+00:00,2023-05-08 18:00:00+00:00,,,,,
TESTER-001,SRGridStrategyV3-000,BTC/USDT.SIM,SIM-1-1021,BTC/USDT.SIM-SRGridStrategyV3-000,SIM-001,T-584e2e9f9c4cba2e-26690,LIMIT,SELL,0.061207,GTC,False,False,0.061207,MAKER,27828.42,0.0,['0.34000000 USDT'],NO_TRIGGER,FILLED,NO_CONTINGENCY,,,,,,,,20ba0914-9a96-4ea9-9254-32464a3feb0f,2023-05-08 18:00:00+00:00,2023-05-10 01:00:00+00:00,27828.42,,False,,
TESTER-001,SRGridStrategyV3-000,BTC/USDT.SIM,SIM-1-1022,BTC/USDT.SIM-SRGridStrategyV3-000,SIM-001,T-34b40ec27d60d9e7-26735,LIMIT,SELL,0.049406,GTC,False,False,0.049406,MAKER,28181.58,0.0,['0.28000000 USDT'],NO_TRIGGER,FILLED,NO_CONTINGENCY,,,,,,,,7e6422d5-24ca-413d-aa6b-20077f86748e,2023-05-08 18:00:00+00:00,2023-05-10 12:00:00+00:00,28181.58,,False,,
TESTER-001,SRGridStrategyV3-000,BTC/USDT.SIM,SIM-1-1045,BTC/USDT.SIM-SRGridStrategyV3-000,SIM-001,T-23fa13e8d589f537-26750,MARKET,BUY,0.110613,GTC,True,False,0.110613,TAKER,28153.2,0.0,['1.87000000 USDT'],NO_TRIGGER,FILLED,NO_CONTINGENCY,,,,,,,,997150e6-6bcf-43aa-8a70-158dd31afc76,2023-05-10 15:00:00+00:00,2023-05-10 15:00:00+00:00,,,,,
TESTER-001,SRGridStrategyV3-000,BTC/USDT.SIM,SIM-1-1046,BTC/USDT.SIM-SRGridStrategyV3-000,SIM-001,T-23fa13e8d589f537-26751,MARKET,SELL,2.131196,GTC,False,False,2.131196,TAKER,28153.2,0.0,['36.00000000 USDT'],NO_TRIGGER,FILLED,NO_CONTINGENCY,,,,,,,,d91c4b03-5d59-4d0d-a79a-cf07e8909dad,2023-05-10 15:00:00+00:00,2023-05-10 15:00:00+00:00,,,,,
TESTER-001,SRGridStrategyV3-000,BTC/USDT.SIM,SIM-1-1047,BTC/USDT.SIM-SRGridStrategyV3-000,SIM-001,T-b5f02735c84c2b25-28427,MARKET,BUY,2.131196,GTC,True,False,2.131196,TAKER,27164.75,0.0,['34.74000000 USDT'],NO_TRIGGER,FILLED,NO_CONTINGENCY,,,,,,,,5a5b9cb6-a699-4165-a078-8c211234d0c2,2023-05-28 05:00:00+00:00,2023-05-28 05:00:00+00:00,,,,,
TESTER-001,SRGridStrategyV3-000,BTC/USDT.SIM,SIM-1-1056,BTC/USDT.SIM-SRGridStrategyV3-000,SIM-001,T-c798cf91ff61b6e2-28450,LIMIT,SELL,0.183016,GTC,False,False,0.183016,MAKER,27319.96,0.0,['1.00000000 USDT'],NO_TRIGGER,FILLED,NO_CONTINGENCY,,,,,,,,dced2358-e732-4693-8da1-191670b7f9b9,2023-05-28 05:00:00+00:00,2023-05-28 11:00:00+00:00,27319.96,,False,,
TESTER-001,SRGridStrategyV3-000,BTC/USDT.SIM,SIM-1-1057,BTC/USDT.SIM-SRGridStrategyV3-000,SIM-001,T-205a9db9b27684b8-28479,LIMIT,SELL,0.172479,GTC,False,False,0.172479,MAKER,27475.17,0.0,['0.95000000 USDT'],NO_TRIGGER,FILLED,NO_CONTINGENCY,,,,,,,,47830a21-3f7f-4eed-9743-1caf7083d695,2023-05-28 05:00:00+00:00,2023-05-28 18:00:00+00:00,27475.17,,False,,
TESTER-001,SRGridStrategyV3-000,BTC/USDT.SIM,SIM-1-1058,BTC/USDT.SIM-SRGridStrategyV3-000,SIM-001,T-0c245d02b1f16749-28492,LIMIT,SELL,0.018096,GTC,False,False,0.018096,MAKER,27630.390000000003,0.0,['0.10000000 USDT'],NO_TRIGGER,FILLED,NO_CONTINGENCY,,,,,,,,6c769973-5016-4053-9c57-475174929b2f,2023-05-28 05:00:00+00:00,2023-05-28 21:00:00+00:00,27630.39,,False,,
TESTER-001,SRGridStrategyV3-000,BTC/USDT.SIM,SIM-1-1059,BTC/USDT.SIM-SRGridStrategyV3-000,SIM-001,T-0c245d02b1f16749-28495,LIMIT,SELL,0.017995,GTC,False,False,0.017995,MAKER,27785.6,0.0,['0.10000000 USDT'],NO_TRIGGER,FILLED,NO_CONTINGENCY,,,,,,,,2f08c1db-35bc-4667-822c-b4cc0f36d3bf,2023-05-28 05:00:00+00:00,2023-05-28 21:00:00+00:00,27785.60,,False,,
TESTER-001,SRGridStrategyV3-000,BTC/USDT.SIM,SIM-1-1060,BTC/USDT.SIM-SRGridStrategyV3-000,SIM-001,T-7ad36ac253c7380e-28498,LIMIT,SELL,0.017895,GTC,False,False,0.017895,MAKER,27940.809999999998,0.0,['0.10000000 USDT'],NO_TRIGGER,FILLED,NO_CONTINGENCY,,,,,,,,601efa30-8011-4844-b115-233c5d718989,2023-05-28 05:00:00+00:00,2023-05-28 22:00:00+00:00,27940.81,,False,,
TESTER-001,SRGridStrategyV3-000,BTC/USDT.SIM,SIM-1-1061,BTC/USDT.SIM-SRGridStrategyV3-000,SIM-001,T-e04a5477d09c3a4f-28503,LIMIT,SELL,0.017796,GTC,False,False,0.017796,MAKER,28096.02,0.0,['0.10000000 USDT'],NO_TRIGGER,FILLED,NO_CONTINGENCY,,,,,,,,20d98b81-2fde-450e-a408-12aadaf6e7cf,2023-05-28 05:00:00+00:00,2023-05-28 23:00:00+00:00,28096.02,,False,,
TESTER-001,SRGridStrategyV3-000,BTC/USDT.SIM,SIM-1-1062,BTC/USDT.SIM-SRGridStrategyV3-000,SIM-001,T-40f299b3d5208779-28508,LIMIT,SELL,0.017698,GTC,False,False,0.017698,MAKER,28251.24,0.0,['0.10000000 USDT'],NO_TRIGGER,FILLED,NO_CONTINGENCY,,,,,,,,4bf95711-5023-4b7b-a028-3bcb1d1c8204,2023-05-28 05:00:00+00:00,2023-05-29 00:00:00+00:00,28251.24,,False,,
TESTER-001,SRGridStrategyV3-000,BTC/USDT.SIM,SIM-1-1112,BTC/USDT.SIM-SRGridStrategyV3-000,SIM-001,T-0efcd7abc289c4d3-28599,MARKET,BUY,0.444975,GTC,True,False,0.444975,TAKER,27689.22,0.0,['7.39000000 USDT'],NO_TRIGGER,FILLED,NO_CONTINGENCY,,,,,,,,19f44a6d-76e7-4ca3-b434-7358627c9d1f,2023-05-29 22:00:00+00:00,2023-05-29 22:00:00+00:00,,,,,
TESTER-001,SRGridStrategyV3-000,BTC/USDT.SIM,SIM-1-1113,BTC/USDT.SIM-SRGridStrategyV3-000,SIM-001,T-0efcd7abc289c4d3-28600,MARKET,BUY,2.166908,GTC,False,False,2.166908,TAKER,27689.22,0.0,['36.00000000 USDT'],NO_TRIGGER,FILLED,NO_CONTINGENCY,,,,,,,,f071fd10-5166-4543-9f5d-c2efc945afa8,2023-05-29 22:00:00+00:00,2023-05-29 22:00:00+00:00,,,,,
TESTER-001,SRGridStrategyV3-000,BTC/USDT.SIM,SIM-1-1114,BTC/USDT.SIM-SRGridStrategyV3-000,SIM-001,T-0dc157d5de5fe2fa-28968,MARKET,SELL,2.166908,GTC,True,False,2.166908,TAKER,27192.6,0.0,['35.35000000 USDT'],NO_TRIGGER,FILLED,NO_CONTINGENCY,,,,,,,,b3f5e78a-f3d5-4f32-bd46-752d1b92a066,2023-06-02 18:00:00+00:00,2023-06-02 18:00:00+00:00,,,,,
TESTER-001,SRGridStrategyV3-000,BTC/USDT.SIM,SIM-1-1115,BTC/USDT.SIM-SRGridStrategyV3-000,SIM-001,T-6aac975aeb299e11-29075,LIMIT,BUY,0.146493,GTC,False,False,0.146493,MAKER,26999.28,0.0,['0.79000000 USDT'],NO_TRIGGER,FILLED,NO_CONTINGENCY,,,,,,,,4bb3db8b-e423-485c-bfb3-11475a29cd31,2023-06-02 18:00:00+00:00,2023-06-03 21:00:00+00:00,26999.28,,False,,
TESTER-001,SRGridStrategyV3-000,BTC/USDT.SIM,SIM-1-1116,BTC/USDT.SIM-SRGridStrategyV3-000,SIM-001,T-75297f8aa97c190f-29197,LIMIT,BUY,0.186526,GTC,False,False,0.186526,MAKER,26805.96,0.0,['1.00000000 USDT'],NO_TRIGGER,FILLED,NO_CONTINGENCY,,,,,,,,cc1018e5-82f6-47ba-b96f-03b66fdb6597,2023-06-02 18:00:00+00:00,2023-06-05 03:00:00+00:00,26805.96,,False,,
TESTER-001,SRGridStrategyV3-000,BTC/USDT.SIM,SIM-1-1117,BTC/USDT.SIM-SRGridStrategyV3-000,SIM-001,T-a877efd27e3e264f-29247,LIMIT,BUY,0.064816,GTC,False,False,0.064816,MAKER,26612.64,0.0,['0.34000000 USDT'],NO_TRIGGER,FILLED,NO_CONTINGENCY,,,,,,,,d91f6046-0fcd-4457-93e4-8cfb331354be,2023-06-02 18:00:00+00:00,2023-06-05 15:00:00+00:00,26612.64,,False,,
TESTER-001,SRGridStrategyV3-000,BTC/USDT.SIM,SIM-1-1118,BTC/USDT.SIM-SRGridStrategyV3-000,SIM-001,T-a877efd27e3e264f-29250,LIMIT,BUY,0.079411,GTC,False,False,0.079411,MAKER,26419.32,0.0,['0.42000000 USDT'],NO_TRIGGER,FILLED,NO_CONTINGENCY,,,,,,,,d97abc53-cd4b-4a09-bc2e-9afc3f7ded4c,2023-06-02 18:00:00+00:00,2023-06-05 15:00:00+00:00,26419.32,,False,,
TESTER-001,SRGridStrategyV3-000,BTC/USDT.SIM,SIM-1-1119,BTC/USDT.SIM-SRGridStrategyV3-000,SIM-001,T-a877efd27e3e264f-29252,LIMIT,BUY,0.060142,GTC,False,False,0.060142,MAKER,26226.01,0.0,['0.32000000 USDT'],NO_TRIGGER,FILLED,NO_CONTINGENCY,,,,,,,,5e57b941-0b67-4717-8098-7fc481ce6e21,2023-06-02 18:00:00+00:00,2023-06-05 15:00:00+00:00,26226.01,,False,,
TESTER-001,SRGridStrategyV3-000,BTC/USDT.SIM,SIM-1-1120,BTC/USDT.SIM-SRGridStrategyV3-000,SIM-001,T-c8eb1da7163439e6-29255,LIMIT,BUY,0.019207,GTC,False,False,0.019207,MAKER,26032.69,0.0,['0.10000000 USDT'],NO_TRIGGER,FILLED,NO_CONTINGENCY,,,,,,,,77777e6b-5664-4643-9f72-1cb551b52dbe,2023-06-02 18:00:00+00:00,2023-06-05 16:00:00+00:00,26032.69,,False,,
TESTER-001,SRGridStrategyV3-000,BTC/USDT.SIM,SIM-1-1121,BTC/USDT.SIM-SRGridStrategyV3-000,SIM-001,T-c8eb1da7163439e6-29259,LIMIT,BUY,0.019350,GTC,False,False,0.019350,MAKER,25839.37,0.0,['0.10000000 USDT'],NO_TRIGGER,FILLED,NO_CONTINGENCY,,,,,,,,c72ce632-8ea0-40a7-8d9b-60cc221ef577,2023-06-02 18:00:00+00:00,2023-06-05 16:00:00+00:00,25839.37,,False,,
TESTER-001,SRGridStrategyV3-000,BTC/USDT.SIM,SIM-1-1122,BTC/USDT.SIM-SRGridStrategyV3-000,SIM-001,T-f847724f98f95b28-29265,LIMIT,BUY,0.019496,GTC,False,False,0.019496,MAKER,25646.05,0.0,['0.10000000 USDT'],NO_TRIGGER,FILLED,NO_CONTINGENCY,,,,,,,,7a35feb5-808a-462c-908f-3d7bc09dafcb,2023-06-02 18:00:00+00:00,2023-06-05 17:00:00+00:00,25646.05,,False,,
TESTER-001,SRGridStrategyV3-000,BTC/USDT.SIM,SIM-1-1123,BTC/USDT.SIM-SRGridStrategyV3-000,SIM-001,T-1483c782d23da075-29174,LIMIT,SELL,0.181011,GTC,False,False,0.181011,MAKER,27385.92,0.0,['0.99000000 USDT'],NO_TRIGGER,FILLED,NO_CONTINGENCY,,,,,,,,c8498df7-b4c3-4695-961d-1f72c6655a5e,2023-06-02 18:00:00+00:00,2023-06-04 22:00:00+00:00,27385.92,,False,,
TESTER-001,SRGridStrategyV3-000,BTC/USDT.SIM,SIM-1-1131,BTC/USDT.SIM-SRGridStrategyV3-000,SIM-001,T-1483c782d23da075-29175,LIMIT,SELL,0.182576,GTC,False,False,0.182576,MAKER,27385.92,0.0,['1.00000000 USDT'],NO_TRIGGER,FILLED,NO_CONTINGENCY,,,,,,,,2e2e637f-6934-4f6c-b9de-a61e21cb69d9,2023-06-03 21:00:00+00:00,2023-06-04 22:00:00+00:00,27385.92,,False,,
TESTER-001,SRGridStrategyV3-000,BTC/USDT.SIM,SIM-1-1139,BTC/USDT.SIM-SRGridStrategyV3-000,SIM-001,T-75297f8aa97c190f-29198,LIMIT,BUY,0.186526,GTC,False,False,0.186526,MAKER,26805.96,0.0,['1.00000000 USDT'],NO_TRIGGER,FILLED,NO_CONTINGENCY,,,,,,,,0b4faac7-6e01-4e1a-8079-65cf9c19a21e,2023-06-04 22:00:00+00:00,2023-06-05 03:00:00+00:00,26805.96,,False,,
TESTER-001,SRGridStrategyV3-000,BTC/USDT.SIM,SIM-1-1140,BTC/USDT.SIM-SRGridStrategyV3-000,SIM-001,T-a877efd27e3e264f-29248,LIMIT,BUY,0.108739,GTC,False,False,0.108739,MAKER,26612.64,0.0,['0.58000000 USDT'],NO_TRIGGER,FILLED,NO_CONTINGENCY,,,,,,,,2e874855-e247-4433-a046-d2eafb32382e,2023-06-04 22:00:00+00:00,2023-06-05 15:00:00+00:00,26612.64,,False,,
TESTER-001,SRGridStrategyV3-000,BTC/USDT.SIM,SIM-1-1141,BTC/USDT.SIM-SRGridStrategyV3-000,SIM-001,T-a877efd27e3e264f-29251,LIMIT,BUY,0.155531,GTC,False,False,0.155531,MAKER,26419.32,0.0,['0.82000000 USDT'],NO_TRIGGER,FILLED,NO_CONTINGENCY,,,,,,,,d009e82f-801a-4459-a5b1-d0ae9aafba4e,2023-06-04 22:00:00+00:00,2023-06-05 15:00:00+00:00,26419.32,,False,,
TESTER-001,SRGridStrategyV3-000,BTC/USDT.SIM,SIM-1-1142,BTC/USDT.SIM-SRGridStrategyV3-000,SIM-001,T-a877efd27e3e264f-29253,LIMIT,BUY,0.124821,GTC,False,False,0.124821,MAKER,26226.01,0.0,['0.65000000 USDT'],NO_TRIGGER,FILLED,NO_CONTINGENCY,,,,,,,,9ae0cd95-69ab-45e2-a847-f0edefbdb26d,2023-06-04 22:00:00+00:00,2023-06-05 15:00:00+00:00,26226.01,,False,,
TESTER-001,SRGridStrategyV3-000,BTC/USDT.SIM,SIM-1-1143,BTC/USDT.SIM-SRGridStrategyV3-000,SIM-001,T-c8eb1da7163439e6-29256,LIMIT,BUY,0.025534,GTC,False,False,0.025534,MAKER,26032.69,0.0,['0.13000000 USDT'],NO_TRIGGER,FILLED,NO_CONTINGENCY,,,,,,,,b2a7389f-a9f9-4aad-99b2-86f7b4f22ea2,2023-06-04 22:00:00+00:00,2023-06-05 16:00:00+00:00,26032.69,,False,,
TESTER-001,SRGridStrategyV3-000,BTC/USDT.SIM,SIM-1-1144,BTC/USDT.SIM-SRGridStrategyV3-000,SIM-001,T-c8eb1da7163439e6-29260,LIMIT,BUY,0.019352,GTC,False,False,0.019352,MAKER,25839.37,0.0,['0.10000000 USDT'],NO_TRIGGER,FILLED,NO_CONTINGENCY,,,,,,,,810bbb20-9dfa-4a0c-8694-e952ca25bd48,2023-06-04 22:00:00+00:00,2023-06-05 16:00:00+00:00,25839.37,,False,,
TESTER-001,SRGridStrategyV3-000,BTC/USDT.SIM,SIM-1-1145,BTC/USDT.SIM-SRGridStrategyV3-000,SIM-001,T-f847724f98f95b28-29266,LIMIT,BUY,0.019496,GTC,False,False,0.019496,MAKER,25646.05,0.0,['0.10000000 USDT'],NO_TRIGGER,FILLED,NO_CONTINGENCY,,,,,,,,a253d207-492c-4487-9777-cca50f6c0290,2023-06-04 22:00:00+00:00,2023-06-05 17:00:00+00:00,25646.05,,False,,
TESTER-001,SRGridStrategyV3-000,BTC/USDT.SIM,SIM-1-1174,BTC/USDT.SIM-SRGridStrategyV3-000,SIM-001,T-5e142a6db2016bfc-29307,MARKET,SELL,0.871853,GTC,True,False,0.871853,TAKER,25730.83,0.0,['13.46000000 USDT'],NO_TRIGGER,FILLED,NO_CONTINGENCY,,,,,,,,bef12cfb-8cdb-40e7-95de-213e638441e5,2023-06-06 03:00:00+00:00,2023-06-06 03:00:00+00:00,,,,,
TESTER-001,SRGridStrategyV3-000,BTC/USDT.SIM,SIM-1-1175,BTC/USDT.SIM-SRGridStrategyV3-000,SIM-001,T-5e142a6db2016bfc-29308,MARKET,SELL,2.331833,GTC,False,False,2.331833,TAKER,25730.83,0.0,['36.00000000 USDT'],NO_TRIGGER,FILLED,NO_CONTINGENCY,,,,,,,,bf086693-f83c-459c-a735-d25c2749edb4,2023-06-06 03:00:00+00:00,2023-06-06 03:00:00+00:00,,,,,
TESTER-001,SRGridStrategyV3-000,BTC/USDT.SIM,SIM-1-1176,BTC/USDT.SIM-SRGridStrategyV3-000,SIM-001,T-d6f488e4dbe77512-30481,MARKET,BUY,2.331833,GTC,True,False,2.331833,TAKER,26508.0,0.0,['37.09000000 USDT'],NO_TRIGGER,FILLED,NO_CONTINGENCY,,,,,,,,6a01eea7-d479-4f22-9019-ca00c3320efd,2023-06-18 10:00:00+00:00,2023-06-18 10:00:00+00:00,,,,,
TESTER-001,SRGridStrategyV3-000,BTC/USDT.SIM,SIM-1-1177,BTC/USDT.SIM-SRGridStrategyV3-000,SIM-001,T-bc00f39cf6e09f8c-30522,LIMIT,BUY,0.082787,GTC,False,False,0.082787,MAKER,26373.929999999997,0.0,['0.44000000 USDT'],NO_TRIGGER,FILLED,NO_CONTINGENCY,,,,,,,,ca2e7cca-1255-42a3-bc29-6cb36d257f81,2023-06-18 10:00:00+00:00,2023-06-18 20:00:00+00:00,26373.93,,False,,
TESTER-001,SRGridStrategyV3-000,BTC/USDT.SIM,SIM-1-1185,BTC/USDT.SIM-SRGridStrategyV3-000,SIM-001,T-db0280581e1842b2-30504,LIMIT,SELL,0.117391,GTC,False,False,0.117391,MAKER,26642.070000000003,0.0,['0.63000000 USDT'],NO_TRIGGER,FILLED,NO_CONTINGENCY,,,,,,,,9b4594f4-0628-4b69-bac4-6612b628e0ca,2023-06-18 10:00:00+00:00,2023-06-18 16:00:00+00:00,26642.07,,False,,
TESTER-001,SRGridStrategyV3-000,BTC/USDT.SIM,SIM-1-1186,BTC/USDT.SIM-SRGridStrategyV3-000,SIM-001,T-85758ed179da3fcd-30611,LIMIT,SELL,0.097657,GTC,False,False,0.097657,MAKER,26776.14,0.0,['0.52000000 USDT'],NO_TRIGGER,FILLED,NO_CONTINGENCY,,,,,,,,ef0baf8c-b860-4067-87c8-e5307433aa19,2023-06-18 10:00:00+00:00,2023-06-19 18:00:00+00:00,26776.14,,False,,
TESTER-001,SRGridStrategyV3-000,BTC/USDT.SIM,SIM-1-1187,BTC/USDT.SIM-SRGridStrategyV3-000,SIM-001,T-584a4ee474a100d0-30637,LIMIT,SELL,0.089524,GTC,False,False,0.089524,MAKER,26910.21,0.0,['0.48000000 USDT'],NO_TRIGGER,FILLED,NO_CONTINGENCY,,,,,,,,9a0b517e-1a2f-4c22-9cb4-edc6e38257d5,2023-06-18 10:00:00+00:00,2023-06-20 00:00:00+00:00,26910.21,,False,,
TESTER-001,SRGridStrategyV3-000,BTC/USDT.SIM,SIM-1-1188,BTC/USDT.SIM-SRGridStrategyV3-000,SIM-001,T-05c4d5d9631d171e-30643,LIMIT,SELL,0.103317,GTC,False,False,0.103317,MAKER,27044.28,0.0,['0.56000000 USDT'],NO_TRIGGER,FILLED,NO_CONTINGENCY,,,,,,,,57578932-7b60-4515-8c50-b7cf81f2e921,2023-06-18 10:00:00+00:00,2023-06-20 01:00:00+00:00,27044.28,,False,,
TESTER-001,SRGridStrategyV3-000,BTC/USDT.SIM,SIM-1-1189,BTC/USDT.SIM-SRGridStrategyV3-000,SIM-001,T-120dcaded69bec67-30705,LIMIT,SELL,0.117172,GTC,False,False,0.117172,MAKER,27178.350000000002,0.0,['0.64000000 USDT'],NO_TRIGGER,FILLED,NO_CONTINGENCY,,,,,,,,58b5ffde-cea7-4a16-bd47-a150fe0399a4,2023-06-18 10:00:00+00:00,2023-06-20 16:00:00+00:00,27178.35,,False,,
TESTER-001,SRGridStrategyV3-000,BTC/USDT.SIM,SIM-1-1190,BTC/USDT.SIM-SRGridStrategyV3-000,SIM-001,T-120dcaded69bec67-30709,LIMIT,SELL,0.031150,GTC,False,False,0.031150,MAKER,27312.42,0.0,['0.17000000 USDT'],NO_TRIGGER,FILLED,NO_CONTINGENCY,,,,,,,,84b761fa-ea72-4a4e-8489-b70da10ce2e3,2023-06-18 10:00:00+00:00,2023-06-20 16:00:00+00:00,27312.42,,False,,
TESTER-001,SRGridStrategyV3-000,BTC/USDT.SIM,SIM-1-1191,BTC/USDT.SIM-SRGridStrategyV3-000,SIM-001,T-a96cd5f10b0b1af3-30713,LIMIT,SELL,0.018217,GTC,False,False,0.018217,MAKER,27446.489999999998,0.0,['0.10000000 USDT'],NO_TRIGGER,FILLED,NO_CONTINGENCY,,,,,,,,80d627f7-8990-4e89-9477-e8036585b3b3,2023-06-18 10:00:00+00:00,2023-06-20 17:00:00+00:00,27446.49,,False,,
TESTER-001,SRGridStrategyV3-000,BTC/USDT.SIM,SIM-1-1192,BTC/USDT.SIM-SRGridStrategyV3-000,SIM-001,T-a96cd5f10b0b1af3-30717,LIMIT,SELL,0.018129,GTC,False,False,0.018129,MAKER,27580.56,0.0,['0.10000000 USDT'],NO_TRIGGER,FILLED,NO_CONTINGENCY,,,,,,,,756877de-fed2-4882-8343-39824aebe7c6,2023-06-18 10:00:00+00:00,2023-06-20 17:00:00+00:00,27580.56,,False,,
TESTER-001,SRGridStrategyV3-000,BTC/USDT.SIM,SIM-1-1193,BTC/USDT.SIM-SRGridStrategyV3-000,SIM-001,T-bc00f39cf6e09f8c-30523,LIMIT,BUY,0.100095,GTC,False,False,0.100095,MAKER,26373.929999999997,0.0,['0.53000000 USDT'],NO_TRIGGER,FILLED,NO_CONTINGENCY,,,,,,,,821d3ee0-80ac-4422-9638-79aaaa840c13,2023-06-18 16:00:00+00:00,2023-06-18 20:00:00+00:00,26373.93,,False,,
TESTER-001,SRGridStrategyV3-000,BTC/USDT.SIM,SIM-1-1201,BTC/USDT.SIM-SRGridStrategyV3-000,SIM-001,T-85758ed179da3fcd-30612,LIMIT,SELL,0.137198,GTC,False,False,0.137198,MAKER,26776.14,0.0,['0.73000000 USDT'],NO_TRIGGER,FILLED,NO_CONTINGENCY,,,,,,,,a9d86e52-bc8a-402f-80f1-430e75c7efd3,2023-06-18 20:00:00+00:00,2023-06-19 18:00:00+00:00,26776.14,,False,,
TESTER-001,SRGridStrategyV3-000,BTC/USDT.SIM,SIM-1-1202,BTC/USDT.SIM-SRGridStrategyV3-000,SIM-001,T-584a4ee474a100d0-30638,LIMIT,SELL,0.125299,GTC,False,False,0.125299,MAKER,26910.21,0.0,['0.67000000 USDT'],NO_TRIGGER,FILLED,NO_CONTINGENCY,,,,,,,,e71d70d3-ebf5-45a0-93c8-4a916ec51904,2023-06-18 20:00:00+00:00,2023-06-20 00:00:00+00:00,26910.21,,False,,
TESTER-001,SRGridStrategyV3-000,BTC/USDT.SIM,SIM-1-1203,BTC/USDT.SIM-SRGridStrategyV3-000,SIM-001,T-05c4d5d9631d171e-30644,LIMIT,SELL,0.150641,GTC,False,False,0.150641,MAKER,27044.28,0.0,['0.81000000 USDT'],NO_TRIGGER,FILLED,NO_CONTINGENCY,,,,,,,,8ccafcf2-205f-4de3-886a-34dd26300f44,2023-06-18 20:00:00+00:00,2023-06-20 01:00:00+00:00,27044.28,,False,,
TESTER-001,SRGridStrategyV3-000,BTC/USDT.SIM,SIM-1-1204,BTC/USDT.SIM-SRGridStrategyV3-000,SIM-001,T-120dcaded69bec67-30706,LIMIT,SELL,0.174261,GTC,False,False,0.174261,MAKER,27178.350000000002,0.0,['0.95000000 USDT'],NO_TRIGGER,FILLED,NO_CONTINGENCY,,,,,,,,ef1a7748-5f27-4cce-b156-b47e76786a16,2023-06-18 20:00:00+00:00,2023-06-20 16:00:00+00:00,27178.35,,False,,
TESTER-001,SRGridStrategyV3-000,BTC/USDT.SIM,SIM-1-1205,BTC/USDT.SIM-SRGridStrategyV3-000,SIM-001,T-120dcaded69bec67-30710,LIMIT,SELL,0.046441,GTC,False,False,0.046441,MAKER,27312.42,0.0,['0.25000000 USDT'],NO_TRIGGER,FILLED,NO_CONTINGENCY,,,,,,,,bbaa4203-2862-44ce-badb-71beceeaaee6,2023-06-18 20:00:00+00:00,2023-06-20 16:00:00+00:00,27312.42,,False,,
TESTER-001,SRGridStrategyV3-000,BTC/USDT.SIM,SIM-1-1206,BTC/USDT.SIM-SRGridStrategyV3-000,SIM-001,T-a96cd5f10b0b1af3-30714,LIMIT,SELL,0.018555,GTC,False,False,0.018555,MAKER,27446.489999999998,0.0,['0.10000000 USDT'],NO_TRIGGER,FILLED,NO_CONTINGENCY,,,,,,,,91e7ea5d-bcf7-4de6-8de4-a124c629cc3d,2023-06-18 20:00:00+00:00,2023-06-20 17:00:00+00:00,27446.49,,False,,
TESTER-001,SRGridStrategyV3-000,BTC/USDT.SIM,SIM-1-1207,BTC/USDT.SIM-SRGridStrategyV3-000,SIM-001,T-a96cd5f10b0b1af3-30718,LIMIT,SELL,0.018129,GTC,False,False,0.018129,MAKER,27580.56,0.0,['0.10000000 USDT'],NO_TRIGGER,FILLED,NO_CONTINGENCY,,,,,,,,d51bf118-eb27-4af8-9d97-f94e357ebfdd,2023-06-18 20:00:00+00:00,2023-06-20 17:00:00+00:00,27580.56,,False,,
TESTER-001,SRGridStrategyV3-000,BTC/USDT.SIM,SIM-1-1243,BTC/USDT.SIM-SRGridStrategyV3-000,SIM-001,T-156372933fc2a16c-30727,MARKET,BUY,1.080199,GTC,True,False,1.080199,TAKER,27982.769999999997,0.0,['18.14000000 USDT'],NO_TRIGGER,FILLED,NO_CONTINGENCY,,,,,,,,a006b665-c04a-4a19-bf38-2bca9c77411a,2023-06-20 19:00:00+00:00,2023-06-20 19:00:00+00:00,,,,,
TESTER-001,SRGridStrategyV3-000,BTC/USDT.SIM,SIM-1-1244,BTC/USDT.SIM-SRGridStrategyV3-000,SIM-001,T-156372933fc2a16c-30728,MARKET,BUY,2.144177,GTC,False,False,2.144177,TAKER,27982.769999999997,0.0,['36.00000000 USDT'],NO_TRIGGER,FILLED,NO_CONTINGENCY,,,,,,,,ad4e893a-4c11-446a-9ed2-ccd9b0b4e644,2023-06-20 19:00:00+00:00,2023-06-20 19:00:00+00:00,,,,,
TESTER-001,SRGridStrategyV3-000,BTC/USDT.SIM,SIM-1-1245,BTC/USDT.SIM-SRGridStrategyV3-000,SIM-001,T-6052602a4c926229-32391,MARKET,SELL,2.144177,GTC,True,False,2.144177,TAKER,30239.489999999998,0.0,['38.90000000 USDT'],NO_TRIGGER,FILLED,NO_CONTINGENCY,,,,,,,,100a6379-72e7-4d3b-a719-5239fd9f5375,2023-07-08 05:00:00+00:00,2023-07-08 05:00:00+00:00,,,,,
TESTER-001,SRGridStrategyV3-000,BTC/USDT.SIM,SIM-1-1246,BTC/USDT.SIM-SRGridStrategyV3-000,SIM-001,T-8149ae7dbf333828-32447,LIMIT,BUY,0.166094,GTC,False,False,0.166094,MAKER,30103.459999999995,0.0,['1.00000000 USDT'],NO_TRIGGER,FILLED,NO_CONTINGENCY,,,,,,,,995e2645-4646-4cb1-81cd-ee93b0fe7fba,2023-07-08 05:00:00+00:00,2023-07-08 19:00:00+00:00,30103.46,,False,,
TESTER-001,SRGridStrategyV3-000,BTC/USDT.SIM,SIM-1-1247,BTC/USDT.SIM-SRGridStrategyV3-000,SIM-001,T-3b9ee643427d1863-32566,LIMIT,BUY,0.112026,GTC,False,False,0.112026,MAKER,29967.420000000002,0.0,['0.67000000 USDT'],NO_TRIGGER,FILLED,NO_CONTINGENCY,,,,,,,,51f6a403-f107-4718-818d-3673cf099d23,2023-07-08 05:00:00+00:00,2023-07-10 00:00:00+00:00,29967.42,,False,,
TESTER-001,SRGridStrategyV3-000,BTC/USDT.SIM,SIM-1-1254,BTC/USDT.SIM-SRGridStrategyV3-000,SIM-001,T-b2a7941557dab9a6-32471,LIMIT,SELL,0.105961,GTC,False,False,0.105961,MAKER,30375.52,0.0,['0.64000000 USDT'],NO_TRIGGER,FILLED,NO_CONTINGENCY,,,,,,,,2f93fbba-9f6a-4f61-be62-0602b1bc9a0a,2023-07-08 05:00:00+00:00,2023-07-09 01:00:00+00:00,30375.52,,False,,
TESTER-001,SRGridStrategyV3-000,BTC/USDT.SIM,SIM-1-1255,BTC/USDT.SIM-SRGridStrategyV3-000,SIM-001,T-e4d9048c69165e6e-32638,LIMIT,SELL,0.097984,GTC,False,False,0.097984,MAKER,30511.56,0.0,['0.60000000 USDT'],NO_TRIGGER,FILLED,NO_CONTINGENCY,,,,,,,,16963e34-0d6d-4a4a-b2ef-b2daaf50f55c,2023-07-08 05:00:00+00:00,2023-07-10 18:00:00+00:00,30511.56,,False,,
TESTER-001,SRGridStrategyV3-000,BTC/USDT.SIM,SIM-1-1256,BTC/USDT.SIM-SRGridStrategyV3-000,SIM-001,T-9e7f6951ad201286-32645,LIMIT,SELL,0.090700,GTC,False,False,0.090700,MAKER,30647.59,0.0,['0.56000000 USDT'],NO_TRIGGER,FILLED,NO_CONTINGENCY,,,,,,,,d765c08f-bd94-4350-9039-cfe9db15db91,2023-07-08 05:00:00+00:00,2023-07-10 19:00:00+00:00,30647.59,,False,,
TESTER-001,SRGridStrategyV3-000,BTC/USDT.SIM,SIM-1-1257,BTC/USDT.SIM-SRGridStrategyV3-000,SIM-001,T-9e7f6951ad201286-32650,LIMIT,SELL,0.061046,GTC,False,False,0.061046,MAKER,30783.619999999995,0.0,['0.38000000 USDT'],NO_TRIGGER,FILLED,NO_CONTINGENCY,,,,,,,,75157e7d-da64-4207-8e32-0d140e9c1433,2023-07-08 05:00:00+00:00,2023-07-10 19:00:00+00:00,30783.62,,False,,
TESTER-001,SRGridStrategyV3-000,BTC/USDT.SIM,SIM-1-1258,BTC/USDT.SIM-SRGridStrategyV3-000,SIM-001,T-ca12a184309edfeb-32655,LIMIT,SELL,0.042213,GTC,False,False,0.042213,MAKER,30919.649999999998,0.0,['0.26000000 USDT'],NO_TRIGGER,FILLED,NO_CONTINGENCY,,,,,,,,883552d1-3e9d-4f7c-a786-67d23056c8b4,2023-07-08 05:00:00+00:00,2023-07-10 20:00:00+00:00,30919.65,,False,,
TESTER-001,SRGridStrategyV3-000,BTC/USDT.SIM,SIM-1-1262,BTC/USDT.SIM-SRGridStrategyV3-000,SIM-001,T-b2a7941557dab9a6-32472,LIMIT,SELL,0.141137,GTC,False,False,0.141137,MAKER,30375.52,0.0,['0.86000000 USDT'],NO_TRIGGER,FILLED,NO_CONTINGENCY,,,,,,,,50de4121-fccd-432a-8ba0-821e7f7f10fd,2023-07-08 19:00:00+00:00,2023-07-09 01:00:00+00:00,30375.52,,False,,
TESTER-001,SRGridStrategyV3-000,BTC/USDT.SIM,SIM-1-1263,BTC/USDT.SIM-SRGridStrategyV3-000,SIM-001,T-e4d9048c69165e6e-32639,LIMIT,SELL,0.130122,GTC,False,False,0.130122,MAKER,30511.56,0.0,['0.79000000 USDT'],NO_TRIGGER,FILLED,NO_CONTINGENCY,,,,,,,,689febfa-9ad9-4f14-8bec-12dab7ea9ac0,2023-07-08 19:00:00+00:00,2023-07-10 18:00:00+00:00,30511.56,,False,,
TESTER-001,SRGridStrategyV3-000,BTC/USDT.SIM,SIM-1-1264,BTC/USDT.SIM-SRGridStrategyV3-000,SIM-001,T-9e7f6951ad201286-32646,LIMIT,SELL,0.121124,GTC,False,False,0.121124,MAKER,30647.59,0.0,['0.74000000 USDT'],NO_TRIGGER,FILLED,NO_CONTINGENCY,,,,,,,,995f00e2-37de-43ba-b4e8-330f47e4c97f,2023-07-08 19:00:00+00:00,2023-07-10 19:00:00+00:00,30647.59,,False,,
TESTER-001,SRGridStrategyV3-000,BTC/USDT.SIM,SIM-1-1265,BTC/USDT.SIM-SRGridStrategyV3-000,SIM-001,T-9e7f6951ad201286-32651,LIMIT,SELL,0.081532,GTC,False,False,0.081532,MAKER,30783.619999999995,0.0,['0.50000000 USDT'],NO_TRIGGER,FILLED,NO_CONTINGENCY,,,,,,,,89ec4d82-be72-4a4b-8146-c168cdd61574,2023-07-08 19:00:00+00:00,2023-07-10 19:00:00+00:00,30783.62,,False,,
TESTER-001,SRGridStrategyV3-000,BTC/USDT.SIM,SIM-1-1266,BTC/USDT.SIM-SRGridStrategyV3-000,SIM-001,T-ca12a184309edfeb-32656,LIMIT,SELL,0.056380,GTC,False,False,0.056380,MAKER,30919.649999999998,0.0,['0.35000000 USDT'],NO_TRIGGER,FILLED,NO_CONTINGENCY,,,,,,,,fd9c4da9-2f31-4a2c-b623-fb9da0a384c0,2023-07-08 19:00:00+00:00,2023-07-10 20:00:00+00:00,30919.65,,False,,
TESTER-001,SRGridStrategyV3-000,BTC/USDT.SIM,SIM-1-1270,BTC/USDT.SIM-SRGridStrategyV3-000,SIM-001,T-3b9ee643427d1863-32567,LIMIT,BUY,0.166848,GTC,False,False,0.166848,MAKER,29967.420000000002,0.0,['1.00000000 USDT'],NO_TRIGGER,FILLED,NO_CONTINGENCY,,,,,,,,dd68c09f-d7d8-4aa8-8aef-1cc7a2aebd81,2023-07-09 01:00:00+00:00,2023-07-10 00:00:00+00:00,29967.42,,False,,
TESTER-001,SRGridStrategyV3-000,BTC/USDT.SIM,SIM-1-1277,BTC/USDT.SIM-SRGridStrategyV3-000,SIM-001,T-e4d9048c69165e6e-32640,LIMIT,SELL,0.163872,GTC,False,False,0.163872,MAKER,30511.56,0.0,['1.00000000 USDT'],NO_TRIGGER,FILLED,NO_CONTINGENCY,,,,,,,,080c665c-7e09-43bd-9318-dcc90d7e6962,2023-07-10 00:00:00+00:00,2023-07-10 18:00:00+00:00,30511.56,,False,,
TESTER-001,SRGridStrategyV3-000,BTC/USDT.SIM,SIM-1-1278,BTC/USDT.SIM-SRGridStrategyV3-000,SIM-001,T-9e7f6951ad201286-32647,LIMIT,SELL,0.163145,GTC,False,False,0.163145,MAKER,30647.59,0.0,['1.00000000 USDT'],NO_TRIGGER,FILLED,NO_CONTINGENCY,,,,,,,,18a00ee9-c14d-46fb-86fc-cb8039134307,2023-07-10 00:00:00+00:00,2023-07-10 19:00:00+00:00,30647.59,,False,,
TESTER-001,SRGridStrategyV3-000,BTC/USDT.SIM,SIM-1-1279,BTC/USDT.SIM-SRGridStrategyV3-000,SIM-001,T-9e7f6951ad201286-32652,LIMIT,SELL,0.133607,GTC,False,False,0.133607,MAKER,30783.619999999995,0.0,['0.82000000 USDT'],NO_TRIGGER,FILLED,NO_CONTINGENCY,,,,,,,,83418c6c-ef35-4d71-8704-3d104412fe05,2023-07-10 00:00:00+00:00,2023-07-10 19:00:00+00:00,30783.62,,False,,
TESTER-001,SRGridStrategyV3-000,BTC/USDT.SIM,SIM-1-1280,BTC/USDT.SIM-SRGridStrategyV3-000,SIM-001,T-ca12a184309edfeb-32657,LIMIT,SELL,0.092393,GTC,False,False,0.092393,MAKER,30919.649999999998,0.0,['0.57000000 USDT'],NO_TRIGGER,FILLED,NO_CONTINGENCY,,,,,,,,6c80959b-0ec6-4b44-ab6b-2eda79d1cd02,2023-07-10 00:00:00+00:00,2023-07-10 20:00:00+00:00,30919.65,,False,,
TESTER-001,SRGridStrategyV3-000,BTC/USDT.SIM,SIM-1-1302,BTC/USDT.SIM-SRGridStrategyV3-000,SIM-001,T-99fc79c00b7a26c6-32824,LIMIT,BUY,0.149041,GTC,False,False,0.149041,MAKER,30495.539999999997,0.0,['0.91000000 USDT'],NO_TRIGGER,FILLED,NO_CONTINGENCY,,,,,,,,7e821f83-8d9b-4d27-9e97-c2d859a3716b,2023-07-12 05:00:00+00:00,2023-07-12 13:00:00+00:00,30495.54,,False,,
TESTER-001,SRGridStrategyV3-000,BTC/USDT.SIM,SIM-1-1303,BTC/USDT.SIM-SRGridStrategyV3-000,SIM-001,T-615689e8f753c047-32850,LIMIT,BUY,0.153808,GTC,False,False,0.153808,MAKER,30337.08,0.0,['0.93000000 USDT'],NO_TRIGGER,FILLED,NO_CONTINGENCY,,,,,,,,9050a314-fd11-4d60-9dde-5478a905c49e,2023-07-12 05:00:00+00:00,2023-07-12 19:00:00+00:00,30337.08,,False,,
TESTER-001,SRGridStrategyV3-000,BTC/USDT.SIM,SIM-1-1304,BTC/USDT.SIM-SRGridStrategyV3-000,SIM-001,T-2384dcee9fc4a0d6-33052,LIMIT,BUY,0.133570,GTC,False,False,0.133570,MAKER,30178.609999999997,0.0,['0.81000000 USDT'],NO_TRIGGER,FILLED,NO_CONTINGENCY,,,,,,,,31b327ad-c9cf-4a19-8cb7-9904f8a8f42a,2023-07-12 05:00:00+00:00,2023-07-14 18:00:00+00:00,30178.61,,False,,
TESTER-001,SRGridStrategyV3-000,BTC/USDT.SIM,SIM-1-1305,BTC/USDT.SIM-SRGridStrategyV3-000,SIM-001,T-97915650766995eb-33062,LIMIT,BUY,0.053465,GTC,False,False,0.053465,MAKER,30020.15,0.0,['0.32000000 USDT'],NO_TRIGGER,FILLED,NO_CONTINGENCY,,,,,,,,4aa532a5-97da-474f-b100-fbbd7b1fc3c5,2023-07-12 05:00:00+00:00,2023-07-14 19:00:00+00:00,30020.15,,False,,
TESTER-001,SRGridStrategyV3-000,BTC/USDT.SIM,SIM-1-1310,BTC/USDT.SIM-SRGridStrategyV3-000,SIM-001,T-904c4b91eb4d8cc7-32797,LIMIT,SELL,0.162272,GTC,False,False,0.162272,MAKER,30812.460000000003,0.0,['1.00000000 USDT'],NO_TRIGGER,FILLED,NO_CONTINGENCY,,,,,,,,3d64edf2-0a84-461d-b2c8-f3caa5a9ebab,2023-07-12 05:00:00+00:00,2023-07-12 07:00:00+00:00,30812.46,,False,,
TESTER-001,SRGridStrategyV3-000,BTC/USDT.SIM,SIM-1-1311,BTC/USDT.SIM-SRGridStrategyV3-000,SIM-001,T-8536f72cc853ccfe-32818,LIMIT,SELL,0.130933,GTC,False,False,0.130933,MAKER,30970.92,0.0,['0.81000000 USDT'],NO_TRIGGER,FILLED,NO_CONTINGENCY,,,,,,,,957ba11b-8252-470c-96ee-096eb261d60d,2023-07-12 05:00:00+00:00,2023-07-12 12:00:00+00:00,30970.92,,False,,
TESTER-001,SRGridStrategyV3-000,BTC/USDT.SIM,SIM-1-1312,BTC/USDT.SIM-SRGridStrategyV3-000,SIM-001,T-bd666c4b95dc6ccf-32931,LIMIT,SELL,0.090894,GTC,False,False,0.090894,MAKER,31129.390000000003,0.0,['0.57000000 USDT'],NO_TRIGGER,FILLED,NO_CONTINGENCY,,,,,,,,9007dc98-1c49-42d4-a582-9021cf61113a,2023-07-12 05:00:00+00:00,2023-07-13 15:00:00+00:00,31129.39,,False,,
TESTER-001,SRGridStrategyV3-000,BTC/USDT.SIM,SIM-1-1313,BTC/USDT.SIM-SRGridStrategyV3-000,SIM-001,T-d92786dac5c9acbf-32946,LIMIT,SELL,0.051117,GTC,False,False,0.051117,MAKER,31287.85,0.0,['0.32000000 USDT'],NO_TRIGGER,FILLED,NO_CONTINGENCY,,,,,,,,c0016f72-f141-46e1-9dff-e6bbd8efbee1,2023-07-12 05:00:00+00:00,2023-07-13 18:00:00+00:00,31287.85,,False,,
TESTER-001,SRGridStrategyV3-000,BTC/USDT.SIM,SIM-1-1314,BTC/USDT.SIM-SRGridStrategyV3-000,SIM-001,T-41bfd9b6479a5637-32953,LIMIT,SELL,0.015900,GTC,False,False,0.015900,MAKER,31446.31,0.0,['0.10000000 USDT'],NO_TRIGGER,FILLED,NO_CONTINGENCY,,,,,,,,378f864c-06ef-4d32-bad6-4b011c9c66f4,2023-07-12 05:00:00+00:00,2023-07-13 19:00:00+00:00,31446.31,,False,,
TESTER-001,SRGridStrategyV3-000,BTC/USDT.SIM,SIM-1-1315,BTC/USDT.SIM-SRGridStrategyV3-000,SIM-001,T-41bfd9b6479a5637-32958,LIMIT,SELL,0.015820,GTC,False,False,0.015820,MAKER,31604.769999999997,0.0,['0.10000000 USDT'],NO_TRIGGER,FILLED,NO_CONTINGENCY,,,,,,,,5ba085aa-4fb8-43f8-82ce-ed1b2ab1a0cb,2023-07-12 05:00:00+00:00,2023-07-13 19:00:00+00:00,31604.77,,False,,
TESTER-001,SRGridStrategyV3-000,BTC/USDT.SIM,SIM-1-1318,BTC/USDT.SIM-SRGridStrategyV3-000,SIM-001,T-99fc79c00b7a26c6-32825,LIMIT,BUY,0.163958,GTC,False,False,0.163958,MAKER,30495.539999999997,0.0,['1.00000000 USDT'],NO_TRIGGER,FILLED,NO_CONTINGENCY,,,,,,,,7baaf77f-d861-477b-8330-d8db93b252f6,2023-07-12 07:00:00+00:00,2023-07-12 13:00:00+00:00,30495.54,,False,,
TESTER-001,SRGridStrategyV3-000,BTC/USDT.SIM,SIM-1-1319,BTC/USDT.SIM-SRGridStrategyV3-000,SIM-001,T-615689e8f753c047-32851,LIMIT,BUY,0.164815,GTC,False,False,0.164815,MAKER,30337.08,0.0,['1.00000000 USDT'],NO_TRIGGER,FILLED,NO_CONTINGENCY,,,,,,,,20dd6d0a-ceb7-4f18-9b45-07d4cb3095c8,2023-07-12 07:00:00+00:00,2023-07-12 19:00:00+00:00,30337.08,,False,,
TESTER-001,SRGridStrategyV3-000,BTC/USDT.SIM,SIM-1-1320,BTC/USDT.SIM-SRGridStrategyV3-000,SIM-001,T-2384dcee9fc4a0d6-33053,LIMIT,BUY,0.165680,GTC,False,False,0.165680,MAKER,30178.609999999997,0.0,['1.00000000 USDT'],NO_TRIGGER,FILLED,NO_CONTINGENCY,,,,,,,,962cc94b-be19-4a9b-b566-036158331fc4,2023-07-12 07:00:00+00:00,2023-07-14 18:00:00+00:00,30178.61,,False,,
TESTER-001,SRGridStrategyV3-000,BTC/USDT.SIM,SIM-1-1321,BTC/USDT.SIM-SRGridStrategyV3-000,SIM-001,T-97915650766995eb-33063,LIMIT,BUY,0.071384,GTC,False,False,0.071384,MAKER,30020.15,0.0,['0.43000000 USDT'],NO_TRIGGER,FILLED,NO_CONTINGENCY,,,,,,,,d2532005-77d0-4014-9160-fcd40327e490,2023-07-12 07:00:00+00:00,2023-07-14 19:00:00+00:00,30020.15,,False,,
TESTER-001,SRGridStrategyV3-000,BTC/USDT.SIM,SIM-1-1326,BTC/USDT.SIM-SRGridStrategyV3-000,SIM-001,T-99fc79c00b7a26c6-32826,LIMIT,BUY,0.163958,GTC,False,False,0.163958,MAKER,30495.539999999997,0.0,['1.00000000 USDT'],NO_TRIGGER,FILLED,NO_CONTINGENCY,,,,,,,,2bd8aa3a-1e06-414a-a96f-14676349c46e,2023-07-12 12:00:00+00:00,2023-07-12 13:00:00+00:00,30495.54,,False,,
TESTER-001,SRGridStrategyV3-000,BTC/USDT.SIM,SIM-1-1327,BTC/USDT.SIM-SRGridStrategyV3-000,SIM-001,T-615689e8f753c047-32852,LIMIT,BUY,0.164815,GTC,False,False,0.164815,MAKER,30337.08,0.0,['1.00000000 USDT'],NO_TRIGGER,FILLED,NO_CONTINGENCY,,,,,,,,27b78e37-4602-4367-9b00-f7ef06168e82,2023-07-12 12:00:00+00:00,2023-07-12 19:00:00+00:00,30337.08,,False,,
TESTER-001,SRGridStrategyV3-000,BTC/USDT.SIM,SIM-1-1328,BTC/USDT.SIM-SRGridStrategyV3-000,SIM-001,T-2384dcee9fc4a0d6-33054,LIMIT,BUY,0.165680,GTC,False,False,0.165680,MAKER,30178.609999999997,0.0,['1.00000000 USDT'],NO_TRIGGER,FILLED,NO_CONTINGENCY,,,,,,,,3005421c-73bb-4a6f-8de3-d1b0679cea50,2023-07-12 12:00:00+00:00,2023-07-14 18:00:00+00:00,30178.61,,False,,
TESTER-001,SRGridStrategyV3-000,BTC/USDT.SIM,SIM-1-1329,BTC/USDT.SIM-SRGridStrategyV3-000,SIM-001,T-97915650766995eb-33064,LIMIT,BUY,0.086108,GTC,False,False,0.086108,MAKER,30020.15,0.0,['0.52000000 USDT'],NO_TRIGGER,FILLED,NO_CONTINGENCY,,,,,,,,1a338cd2-ff11-4039-8baf-ec7c15556cb5,2023-07-12 12:00:00+00:00,2023-07-14 19:00:00+00:00,30020.15,,False,,
TESTER-001,SRGridStrategyV3-000,BTC/USDT.SIM,SIM-1-1334,BTC/USDT.SIM-SRGridStrategyV3-000,SIM-001,T-bd666c4b95dc6ccf-32932,LIMIT,SELL,0.160620,GTC,False,False,0.160620,MAKER,31129.390000000003,0.0,['1.00000000 USDT'],NO_TRIGGER,FILLED,NO_CONTINGENCY,,,,,,,,bdd6b817-fa33-47f5-bae6-200a438ee39b,2023-07-12 13:00:00+00:00,2023-07-13 15:00:00+00:00,31129.39,,False,,
TESTER-001,SRGridStrategyV3-000,BTC/USDT.SIM,SIM-1-1335,BTC/USDT.SIM-SRGridStrategyV3-000,SIM-001,T-d92786dac5c9acbf-32947,LIMIT,SELL,0.159806,GTC,False,False,0.159806,MAKER,31287.85,0.0,['1.00000000 USDT'],NO_TRIGGER,FILLED,NO_CONTINGENCY,,,,,,,,d7d863d2-3b6c-4c16-8b9d-a15bbfae9450,2023-07-12 13:00:00+00:00,2023-07-13 18:00:00+00:00,31287.85,,False,,
TESTER-001,SRGridStrategyV3-000,BTC/USDT.SIM,SIM-1-1336,BTC/USDT.SIM-SRGridStrategyV3-000,SIM-001,T-41bfd9b6479a5637-32954,LIMIT,SELL,0.039759,GTC,False,False,0.039759,MAKER,31446.31,0.0,['0.25000000 USDT'],NO_TRIGGER,FILLED,NO_CONTINGENCY,,,,,,,,ad0cebc2-1711-4d20-a0c6-781eb71bf8b5,2023-07-12 13:00:00+00:00,2023-07-13 19:00:00+00:00,31446.31,,False,,
TESTER-001,SRGridStrategyV3-000,BTC/USDT.SIM,SIM-1-1337,BTC/USDT.SIM-SRGridStrategyV3-000,SIM-001,T-41bfd9b6479a5637-32959,LIMIT,SELL,0.015918,GTC,False,False,0.015918,MAKER,31604.769999999997,0.0,['0.10000000 USDT'],NO_TRIGGER,FILLED,NO_CONTINGENCY,,,,,,,,d5c3808e-db1d-407b-8009-8bc8cb9e0846,2023-07-12 13:00:00+00:00,2023-07-13 19:00:00+00:00,31604.77,,False,,
TESTER-001,SRGridStrategyV3-000,BTC/USDT.SIM,SIM-1-1340,BTC/USDT.SIM-SRGridStrategyV3-000,SIM-001,T-bd666c4b95dc6ccf-32933,LIMIT,SELL,0.160620,GTC,False,False,0.160620,MAKER,31129.390000000003,0.0,['1.00000000 USDT'],NO_TRIGGER,FILLED,NO_CONTINGENCY,,,,,,,,8036be96-4a89-4e21-adac-9523b3afd4bf,2023-07-12 19:00:00+00:00,2023-07-13 15:00:00+00:00,31129.39,,False,,
TESTER-001,SRGridStrategyV3-000,BTC/USDT.SIM,SIM-1-1341,BTC/USDT.SIM-SRGridStrategyV3-000,SIM-001,T-d92786dac5c9acbf-32948,LIMIT,SELL,0.159806,GTC,False,False,0.159806,MAKER,31287.85,0.0,['1.00000000 USDT'],NO_TRIGGER,FILLED,NO_CONTINGENCY,,,,,,,,36651088-0e34-44f7-933c-083a76de90f9,2023-07-12 19:00:00+00:00,2023-07-13 18:00:00+00:00,31287.85,,False,,
TESTER-001,SRGridStrategyV3-000,BTC/USDT.SIM,SIM-1-1342,BTC/USDT.SIM-SRGridStrategyV3-000,SIM-001,T-41bfd9b6479a5637-32955,LIMIT,SELL,0.063022,GTC,False,False,0.063022,MAKER,31446.31,0.0,['0.40000000 USDT'],NO_TRIGGER,FILLED,NO_CONTINGENCY,,,,,,,,e2b337ea-2a78-4832-8e03-26e67bbc69b2,2023-07-12 19:00:00+00:00,2023-07-13 19:00:00+00:00,31446.31,,False,,
TESTER-001,SRGridStrategyV3-000,BTC/USDT.SIM,SIM-1-1343,BTC/USDT.SIM-SRGridStrategyV3-000,SIM-001,T-41bfd9b6479a5637-32960,LIMIT,SELL,0.016002,GTC,False,False,0.016002,MAKER,31604.769999999997,0.0,['0.10000000 USDT'],NO_TRIGGER,FILLED,NO_CONTINGENCY,,,,,,,,d6d8ca80-57c1-404c-863a-2e6d6a5ea7c0,2023-07-12 19:00:00+00:00,2023-07-13 19:00:00+00:00,31604.77,,False,,
TESTER-001,SRGridStrategyV3-000,BTC/USDT.SIM,SIM-1-1346,BTC/USDT.SIM-SRGridStrategyV3-000,SIM-001,T-2384dcee9fc4a0d6-33055,LIMIT,BUY,0.165680,GTC,False,False,0.165680,MAKER,30178.609999999997,0.0,['1.00000000 USDT'],NO_TRIGGER,FILLED,NO_CONTINGENCY,,,,,,,,280476d2-55e6-4915-aa80-504376a74e24,2023-07-13 15:00:00+00:00,2023-07-14 18:00:00+00:00,30178.61,,False,,
TESTER-001,SRGridStrategyV3-000,BTC/USDT.SIM,SIM-1-1347,BTC/USDT.SIM-SRGridStrategyV3-000,SIM-001,T-97915650766995eb-33065,LIMIT,BUY,0.166555,GTC,False,False,0.166555,MAKER,30020.15,0.0,['1.00000000 USDT'],NO_TRIGGER,FILLED,NO_CONTINGENCY,,,,,,,,bad2d29b-cb01-468c-841c-df8930106d6e,2023-07-13 15:00:00+00:00,2023-07-14 19:00:00+00:00,30020.15,,False,,
TESTER-001,SRGridStrategyV3-000,BTC/USDT.SIM,SIM-1-1352,BTC/USDT.SIM-SRGridStrategyV3-000,SIM-001,T-2384dcee9fc4a0d6-33056,LIMIT,BUY,0.165680,GTC,False,False,0.165680,MAKER,30178.609999999997,0.0,['1.00000000 USDT'],NO_TRIGGER,FILLED,NO_CONTINGENCY,,,,,,,,d4840f16-b4dc-4ae5-97bf-24ac717ea9a8,2023-07-13 18:00:00+00:00,2023-07-14 18:00:00+00:00,30178.61,,False,,
TESTER-001,SRGridStrategyV3-000,BTC/USDT.SIM,SIM-1-1353,BTC/USDT.SIM-SRGridStrategyV3-000,SIM-001,T-97915650766995eb-33066,LIMIT,BUY,0.166555,GTC,False,False,0.166555,MAKER,30020.15,0.0,['1.00000000 USDT'],NO_TRIGGER,FILLED,NO_CONTINGENCY,,,,,,,,49d80cc7-2db4-49af-b63e-3ac36b6ecd26,2023-07-13 18:00:00+00:00,2023-07-14 19:00:00+00:00,30020.15,,False,,
TESTER-001,SRGridStrategyV3-000,BTC/USDT.SIM,SIM-1-1358,BTC/USDT.SIM-SRGridStrategyV3-000,SIM-001,T-2384dcee9fc4a0d6-33057,LIMIT,BUY,0.165680,GTC,False,False,0.165680,MAKER,30178.609999999997,0.0,['1.00000000 USDT'],NO_TRIGGER,FILLED,NO_CONTINGENCY,,,,,,,,4d9eee30-c6b2-46f7-ae0b-315a99964d62,2023-07-13 19:00:00+00:00,2023-07-14 18:00:00+00:00,30178.61,,False,,
TESTER-001,SRGridStrategyV3-000,BTC/USDT.SIM,SIM-1-1359,BTC/USDT.SIM-SRGridStrategyV3-000,SIM-001,T-97915650766995eb-33067,LIMIT,BUY,0.166555,GTC,False,False,0.166555,MAKER,30020.15,0.0,['1.00000000 USDT'],NO_TRIGGER,FILLED,NO_CONTINGENCY,,,,,,,,316b0a83-4ba1-48f7-99c7-2cdafdda579f,2023-07-13 19:00:00+00:00,2023-07-14 19:00:00+00:00,30020.15,,False,,
TESTER-001,SRGridStrategyV3-000,BTC/USDT.SIM,SIM-1-1368,BTC/USDT.SIM-SRGridStrategyV3-000,SIM-001,T-ac953fdf3496ad16-33275,LIMIT,BUY,0.165923,GTC,False,False,0.165923,MAKER,30134.460000000003,0.0,['1.00000000 USDT'],NO_TRIGGER,FILLED,NO_CONTINGENCY,,,,,,,,1bb55f41-ef94-4897-917b-d0b274a3ded4,2023-07-16 05:00:00+00:00,2023-07-16 23:00:00+00:00,30134.46,,False,,
TESTER-001,SRGridStrategyV3-000,BTC/USDT.SIM,SIM-1-1369,BTC/USDT.SIM-SRGridStrategyV3-000,SIM-001,T-036c521393978ff1-33320,LIMIT,BUY,0.156577,GTC,False,False,0.156577,MAKER,30030.92,0.0,['0.94000000 USDT'],NO_TRIGGER,FILLED,NO_CONTINGENCY,,,,,,,,669c496c-91e5-45b2-8e69-eefbbf22dac1,2023-07-16 05:00:00+00:00,2023-07-17 10:00:00+00:00,30030.92,,False,,
TESTER-001,SRGridStrategyV3-000,BTC/USDT.SIM,SIM-1-1370,BTC/USDT.SIM-SRGridStrategyV3-000,SIM-001,T-2477556e9aaf2d4c-33350,LIMIT,BUY,0.031837,GTC,False,False,0.031837,MAKER,29927.37,0.0,['0.19000000 USDT'],NO_TRIGGER,FILLED,NO_CONTINGENCY,,,,,,,,0af6e9f5-c215-4c6d-8db3-bdd7c4fde4fc,2023-07-16 05:00:00+00:00,2023-07-17 17:00:00+00:00,29927.37,,False,,
TESTER-001,SRGridStrategyV3-000,BTC/USDT.SIM,SIM-1-1371,BTC/USDT.SIM-SRGridStrategyV3-000,SIM-001,T-b969066406a1485c-33356,LIMIT,BUY,0.016765,GTC,False,False,0.016765,MAKER,29823.83,0.0,['0.10000000 USDT'],NO_TRIGGER,FILLED,NO_CONTINGENCY,,,,,,,,8c3d94ab-e35c-4fda-a718-22579e7453f5,2023-07-16 05:00:00+00:00,2023-07-17 18:00:00+00:00,29823.83,,False,,
TESTER-001,SRGridStrategyV3-000,BTC/USDT.SIM,SIM-1-1372,BTC/USDT.SIM-SRGridStrategyV3-000,SIM-001,T-2949a5ef6b5b0ef3-33432,LIMIT,BUY,0.016824,GTC,False,False,0.016824,MAKER,29720.28,0.0,['0.10000000 USDT'],NO_TRIGGER,FILLED,NO_CONTINGENCY,,,,,,,,036f7d23-9c82-4d89-8bb5-1bc63278aaf6,2023-07-16 05:00:00+00:00,2023-07-18 13:00:00+00:00,29720.28,,False,,
TESTER-001,SRGridStrategyV3-000,BTC/USDT.SIM,SIM-1-1373,BTC/USDT.SIM-SRGridStrategyV3-000,SIM-001,T-595c7bafe0d362c3-33446,LIMIT,BUY,0.016882,GTC,False,False,0.016882,MAKER,29616.73,0.0,['0.10000000 USDT'],NO_TRIGGER,FILLED,NO_CONTINGENCY,,,,,,,,67f0d620-195a-4d70-b443-1096d7b2ffcc,2023-07-16 05:00:00+00:00,2023-07-18 16:00:00+00:00,29616.73,,False,,
TESTER-001,SRGridStrategyV3-000,BTC/USDT.SIM,SIM-1-1376,BTC/USDT.SIM-SRGridStrategyV3-000,SIM-001,T-616bfaf51b206e6b-33221,LIMIT,SELL,0.089476,GTC,False,False,0.089476,MAKER,30341.56,0.0,['0.54000000 USDT'],NO_TRIGGER,FILLED,NO_CONTINGENCY,,,,,,,,23adde10-7bdb-4e4c-ac12-a8779ce79528,2023-07-16 05:00:00+00:00,2023-07-16 10:00:00+00:00,30341.56,,False,,
TESTER-001,SRGridStrategyV3-000,BTC/USDT.SIM,SIM-1-1384,BTC/USDT.SIM-SRGridStrategyV3-000,SIM-001,T-ac953fdf3496ad16-33276,LIMIT,BUY,0.165923,GTC,False,False,0.165923,MAKER,30134.460000000003,0.0,['1.00000000 USDT'],NO_TRIGGER,FILLED,NO_CONTINGENCY,,,,,,,,022c513b-3f16-42c7-92ee-7cd2faa5cedf,2023-07-16 10:00:00+00:00,2023-07-16 23:00:00+00:00,30134.46,,False,,
TESTER-001,SRGridStrategyV3-000,BTC/USDT.SIM,SIM-1-1385,BTC/USDT.SIM-SRGridStrategyV3-000,SIM-001,T-036c521393978ff1-33321,LIMIT,BUY,0.166495,GTC,False,False,0.166495,MAKER,30030.92,0.0,['1.00000000 USDT'],NO_TRIGGER,FILLED,NO_CONTINGENCY,,,,,,,,c0767273-b790-4049-a6a1-dec2539ecb86,2023-07-16 10:00:00+00:00,2023-07-17 10:00:00+00:00,30030.92,,False,,
TESTER-001,SRGridStrategyV3-000,BTC/USDT.SIM,SIM-1-1386,BTC/USDT.SIM-SRGridStrategyV3-000,SIM-001,T-2477556e9aaf2d4c-33351,LIMIT,BUY,0.037603,GTC,False,False,0.037603,MAKER,29927.37,0.0,['0.23000000 USDT'],NO_TRIGGER,FILLED,NO_CONTINGENCY,,,,,,,,ea2189fd-70a0-47f2-966b-faf306e5564e,2023-07-16 10:00:00+00:00,2023-07-17 17:00:00+00:00,29927.37,,False,,
TESTER-001,SRGridStrategyV3-000,BTC/USDT.SIM,SIM-1-1387,BTC/USDT.SIM-SRGridStrategyV3-000,SIM-001,T-b969066406a1485c-33357,LIMIT,BUY,0.018204,GTC,False,False,0.018204,MAKER,29823.83,0.0,['0.11000000 USDT'],NO_TRIGGER,FILLED,NO_CONTINGENCY,,,,,,,,e562a424-2095-4701-a692-33638ce0248e,2023-07-16 10:00:00+00:00,2023-07-17 18:00:00+00:00,29823.83,,False,,
TESTER-001,SRGridStrategyV3-000,BTC/USDT.SIM,SIM-1-1388,BTC/USDT.SIM-SRGridStrategyV3-000,SIM-001,T-2949a5ef6b5b0ef3-33433,LIMIT,BUY,0.016966,GTC,False,False,0.016966,MAKER,29720.28,0.0,['0.10000000 USDT'],NO_TRIGGER,FILLED,NO_CONTINGENCY,,,,,,,,9095bfe7-b329-44cb-94da-e45299a5432d,2023-07-16 10:00:00+00:00,2023-07-18 13:00:00+00:00,29720.28,,False,,
TESTER-001,SRGridStrategyV3-000,BTC/USDT.SIM,SIM-1-1389,BTC/USDT.SIM-SRGridStrategyV3-000,SIM-001,T-595c7bafe0d362c3-33447,LIMIT,BUY,0.016885,GTC,False,False,0.016885,MAKER,29616.73,0.0,['0.10000000 USDT'],NO_TRIGGER,FILLED,NO_CONTINGENCY,,,,,,,,0d285f6c-afa1-4d75-b32b-503f9d3dbc41,2023-07-16 10:00:00+00:00,2023-07-18 16:00:00+00:00,29616.73,,False,,
TESTER-001,SRGridStrategyV3-000,BTC/USDT.SIM,SIM-1-1434,BTC/USDT.SIM-SRGridStrategyV3-000,SIM-001,T-fda613ec87fabfc5-33469,MARKET,SELL,1.091658,GTC,True,False,1.091658,TAKER,29800.860000000004,0.0,['19.52000000 USDT'],NO_TRIGGER,FILLED,NO_CONTINGENCY,,,,,,,,a5267551-9793-43fb-8409-84701727dd0d,2023-07-18 21:00:00+00:00,2023-07-18 21:00:00+00:00,,,,,
TESTER-001,SRGridStrategyV3-000,BTC/USDT.SIM,SIM-1-1435,BTC/USDT.SIM-SRGridStrategyV3-000,SIM-001,T-fda613ec87fabfc5-33470,MARKET,SELL,2.013365,GTC,False,False,2.013365,TAKER,29800.860000000004,0.0,['36.00000000 USDT'],NO_TRIGGER,FILLED,NO_CONTINGENCY,,,,,,,,bd4293e0-74db-40ba-8b40-b00f37d5830a,2023-07-18 21:00:00+00:00,2023-07-18 21:00:00+00:00,,,,,
TESTER-001,SRGridStrategyV3-000,BTC/USDT.SIM,SIM-1-1436,BTC/USDT.SIM-SRGridStrategyV3-000,SIM-001,T-6de86b723e3a92d2-35212,MARKET,BUY,2.013365,GTC,True,False,2.013365,TAKER,29103.25,0.0,['35.16000000 USDT'],NO_TRIGGER,FILLED,NO_CONTINGENCY,,,,,,,,a72ba0f5-8839-4117-a577-12216797db05,2023-08-06 05:00:00+00:00,2023-08-06 05:00:00+00:00,,,,,
TESTER-001,SRGridStrategyV3-000,BTC/USDT.SIM,SIM-1-1437,BTC/USDT.SIM-SRGridStrategyV3-000,SIM-001,T-a59ffe1e232bc95f-35216,LIMIT,BUY,0.135538,GTC,False,False,0.135538,MAKER,29061.66,0.0,['0.79000000 USDT'],NO_TRIGGER,FILLED,NO_CONTINGENCY,,,,,,,,4130097e-52e7-48b1-9884-6cdfe9e6fc94,2023-08-06 05:00:00+00:00,2023-08-06 06:00:00+00:00,29061.66,,False,,
TESTER-001,SRGridStrategyV3-000,BTC/USDT.SIM,SIM-1-1438,BTC/USDT.SIM-SRGridStrategyV3-000,SIM-001,T-3430793823a9c2dd-35244,LIMIT,BUY,0.105924,GTC,False,False,0.105924,MAKER,29020.070000000003,0.0,['0.61000000 USDT'],NO_TRIGGER,FILLED,NO_CONTINGENCY,,,,,,,,71f2f43d-16be-4fe2-8f50-37f489114a59,2023-08-06 05:00:00+00:00,2023-08-06 13:00:00+00:00,29020.07,,False,,
TESTER-001,SRGridStrategyV3-000,BTC/USDT.SIM,SIM-1-1439,BTC/USDT.SIM-SRGridStrategyV3-000,SIM-001,T-a981311c8779faac-35351,LIMIT,BUY,0.084241,GTC,False,False,0.084241,MAKER,28978.48,0.0,['0.49000000 USDT'],NO_TRIGGER,FILLED,NO_CONTINGENCY,,,,,,,,450236c3-0f74-4af0-8274-05376bf564f6,2023-08-06 05:00:00+00:00,2023-08-07 14:00:00+00:00,28978.48,,False,,
TESTER-001,SRGridStrategyV3-000,BTC/USDT.SIM,SIM-1-1440,BTC/USDT.SIM-SRGridStrategyV3-000,SIM-001,T-9b931fff4fa0b496-35359,LIMIT,BUY,0.067867,GTC,False,False,0.067867,MAKER,28936.89,0.0,['0.39000000 USDT'],NO_TRIGGER,FILLED,NO_CONTINGENCY,,,,,,,,b3139ba9-2bdc-48a3-9ce2-6f0e40240e52,2023-08-06 05:00:00+00:00,2023-08-07 15:00:00+00:00,28936.89,,False,,
TESTER-001,SRGridStrategyV3-000,BTC/USDT.SIM,SIM-1-1441,BTC/USDT.SIM-SRGridStrategyV3-000,SIM-001,T-9b931fff4fa0b496-35364,LIMIT,BUY,0.052717,GTC,False,False,0.052717,MAKER,28895.3,0.0,['0.30000000 USDT'],NO_TRIGGER,FILLED,NO_CONTINGENCY,,,,,,,,92c86ddf-74cb-4b9a-9c80-7b124307fa8d,2023-08-06 05:00:00+00:00,2023-08-07 15:00:00+00:00,28895.30,,False,,
TESTER-001,SRGridStrategyV3-000,BTC/USDT.SIM,SIM-1-1442,BTC/USDT.SIM-SRGridStrategyV3-000,SIM-001,T-0d5fbb2ae39aac22-35371,LIMIT,BUY,0.037149,GTC,False,False,0.037149,MAKER,28853.710000000003,0.0,['0.21000000 USDT'],NO_TRIGGER,FILLED,NO_CONTINGENCY,,,,,,,,85aeddc6-ba3a-4c6b-ae04-36362bd3257d,2023-08-06 05:00:00+00:00,2023-08-07 16:00:00+00:00,28853.71,,False,,
TESTER-001,SRGridStrategyV3-000,BTC/USDT.SIM,SIM-1-1445,BTC/USDT.SIM-SRGridStrategyV3-000,SIM-001,T-4de4d6f9680fa298-35272,LIMIT,SELL,0.066951,GTC,False,False,0.066951,MAKER,29144.84,0.0,['0.39000000 USDT'],NO_TRIGGER,FILLED,NO_CONTINGENCY,,,,,,,,a1a301ca-acd4-4e23-bb22-cdccd4e8324c,2023-08-06 05:00:00+00:00,2023-08-06 20:00:00+00:00,29144.84,,False,,
TESTER-001,SRGridStrategyV3-000,BTC/USDT.SIM,SIM-1-1446,BTC/USDT.SIM-SRGridStrategyV3-000,SIM-001,T-253c184c7355760e-35279,LIMIT,SELL,0.076859,GTC,False,False,0.076859,MAKER,29186.43,0.0,['0.45000000 USDT'],NO_TRIGGER,FILLED,NO_CONTINGENCY,,,,,,,,5fedea3a-9653-4370-90cd-0af07f4ab9db,2023-08-06 05:00:00+00:00,2023-08-06 21:00:00+00:00,29186.43,,False,,
TESTER-001,SRGridStrategyV3-000,BTC/USDT.SIM,SIM-1-1447,BTC/USDT.SIM-SRGridStrategyV3-000,SIM-001,T-c68577815d1afdd1-35302,LIMIT,SELL,0.081280,GTC,False,False,0.081280,MAKER,29228.02,0.0,['0.48000000 USDT'],NO_TRIGGER,FILLED,NO_CONTINGENCY,,,,,,,,c43ae874-e861-4912-b124-8a34ba2b4beb,2023-08-06 05:00:00+00:00,2023-08-07 02:00:00+00:00,29228.02,,False,,
TESTER-001,SRGridStrategyV3-000,BTC/USDT.SIM,SIM-1-1448,BTC/USDT.SIM-SRGridStrategyV3-000,SIM-001,T-f3f30b2126c12502-35394,LIMIT,SELL,0.078448,GTC,False,False,0.078448,MAKER,29269.609999999997,0.0,['0.46000000 USDT'],NO_TRIGGER,FILLED,NO_CONTINGENCY,,,,,,,,96d42f9c-2fcb-472b-b082-c98000729f19,2023-08-06 05:00:00+00:00,2023-08-07 21:00:00+00:00,29269.61,,False,,
TESTER-001,SRGridStrategyV3-000,BTC/USDT.SIM,SIM-1-1449,BTC/USDT.SIM-SRGridStrategyV3-000,SIM-001,T-7e1a217a57b49cda-35432,LIMIT,SELL,0.069402,GTC,False,False,0.069402,MAKER,29311.2,0.0,['0.41000000 USDT'],NO_TRIGGER,FILLED,NO_CONTINGENCY,,,,,,,,5af1bce2-699d-45a7-a299-b7037fb1c121,2023-08-06 05:00:00+00:00,2023-08-08 05:00:00+00:00,29311.20,,False,,
TESTER-001,SRGridStrategyV3-000,BTC/USDT.SIM,SIM-1-1450,BTC/USDT.SIM-SRGridStrategyV3-000,SIM-001,T-a4e55863f68767b3-35462,LIMIT,SELL,0.057491,GTC,False,False,0.057491,MAKER,29352.79,0.0,['0.34000000 USDT'],NO_TRIGGER,FILLED,NO_CONTINGENCY,,,,,,,,f00e9598-f2fa-4f0d-88cb-7058d8c5a1ed,2023-08-06 05:00:00+00:00,2023-08-08 11:00:00+00:00,29352.79,,False,,
TESTER-001,SRGridStrategyV3-000,BTC/USDT.SIM,SIM-1-1451,BTC/USDT.SIM-SRGridStrategyV3-000,SIM-001,T-a4e55863f68767b3-35470,LIMIT,SELL,0.045943,GTC,False,False,0.045943,MAKER,29394.38,0.0,['0.27000000 USDT'],NO_TRIGGER,FILLED,NO_CONTINGENCY,,,,,,,,62c8b288-7d2b-4c8a-8ce9-010a232ba94a,2023-08-06 05:00:00+00:00,2023-08-08 11:00:00+00:00,29394.38,,False,,
TESTER-001,SRGridStrategyV3-000,BTC/USDT.SIM,SIM-1-1452,BTC/USDT.SIM-SRGridStrategyV3-000,SIM-001,T-a4e55863f68767b3-35476,LIMIT,SELL,0.036059,GTC,False,False,0.036059,MAKER,29435.969999999998,0.0,['0.21000000 USDT'],NO_TRIGGER,FILLED,NO_CONTINGENCY,,,,,,,,02d72bcb-1a01-4f23-9cf4-80dbac89ac5c,2023-08-06 05:00:00+00:00,2023-08-08 11:00:00+00:00,29435.97,,False,,
TESTER-001,SRGridStrategyV3-000,BTC/USDT.SIM,SIM-1-1453,BTC/USDT.SIM-SRGridStrategyV3-000,SIM-001,T-4de4d6f9680fa298-35273,LIMIT,SELL,0.084592,GTC,False,False,0.084592,MAKER,29144.84,0.0,['0.49000000 USDT'],NO_TRIGGER,FILLED,NO_CONTINGENCY,,,,,,,,c0688d7c-21bc-45e2-855c-f35c33cf7139,2023-08-06 06:00:00+00:00,2023-08-06 20:00:00+00:00,29144.84,,False,,
TESTER-001,SRGridStrategyV3-000,BTC/USDT.SIM,SIM-1-1454,BTC/USDT.SIM-SRGridStrategyV3-000,SIM-001,T-253c184c7355760e-35280,LIMIT,SELL,0.097062,GTC,False,False,0.097062,MAKER,29186.43,0.0,['0.57000000 USDT'],NO_TRIGGER,FILLED,NO_CONTINGENCY,,,,,,,,2c492631-d3e2-4100-a898-bfd2164fd8c5,2023-08-06 06:00:00+00:00,2023-08-06 21:00:00+00:00,29186.43,,False,,
TESTER-001,SRGridStrategyV3-000,BTC/USDT.SIM,SIM-1-1455,BTC/USDT.SIM-SRGridStrategyV3-000,SIM-001,T-c68577815d1afdd1-35303,LIMIT,SELL,0.102620,GTC,False,False,0.102620,MAKER,29228.02,0.0,['0.60000000 USDT'],NO_TRIGGER,FILLED,NO_CONTINGENCY,,,,,,,,41302756-7ac2-4050-8eb6-d98376d1e92c,2023-08-06 06:00:00+00:00,2023-08-07 02:00:00+00:00,29228.02,,False,,
TESTER-001,SRGridStrategyV3-000,BTC/USDT.SIM,SIM-1-1456,BTC/USDT.SIM-SRGridStrategyV3-000,SIM-001,T-f3f30b2126c12502-35395,LIMIT,SELL,0.099035,GTC,False,False,0.099035,MAKER,29269.609999999997,0.0,['0.58000000 USDT'],NO_TRIGGER,FILLED,NO_CONTINGENCY,,,,,,,,0f71401a-67e0-49fb-8c5d-7a19ca243b18,2023-08-06 06:00:00+00:00,2023-08-07 21:00:00+00:00,29269.61,,False,,
TESTER-001,SRGridStrategyV3-000,BTC/USDT.SIM,SIM-1-1457,BTC/USDT.SIM-SRGridStrategyV3-000,SIM-001,T-7e1a217a57b49cda-35433,LIMIT,SELL,0.087609,GTC,False,False,0.087609,MAKER,29311.2,0.0,['0.51000000 USDT'],NO_TRIGGER,FILLED,NO_CONTINGENCY,,,,,,,,1be9051d-fbb8-48a3-b85d-6a497336693f,2023-08-06 06:00:00+00:00,2023-08-08 05:00:00+00:00,29311.20,,False,,
TESTER-001,SRGridStrategyV3-000,BTC/USDT.SIM,SIM-1-1458,BTC/USDT.SIM-SRGridStrategyV3-000,SIM-001,T-a4e55863f68767b3-35463,LIMIT,SELL,0.072571,GTC,False,False,0.072571,MAKER,29352.79,0.0,['0.43000000 USDT'],NO_TRIGGER,FILLED,NO_CONTINGENCY,,,,,,,,6041d8a1-626b-429a-ae44-07bf6bbf0cc3,2023-08-06 06:00:00+00:00,2023-08-08 11:00:00+00:00,29352.79,,False,,
TESTER-001,SRGridStrategyV3-000,BTC/USDT.SIM,SIM-1-1459,BTC/USDT.SIM-SRGridStrategyV3-000,SIM-001,T-a4e55863f68767b3-35471,LIMIT,SELL,0.057993,GTC,False,False,0.057993,MAKER,29394.38,0.0,['0.34000000 USDT'],NO_TRIGGER,FILLED,NO_CONTINGENCY,,,,,,,,fa3ea690-078f-46fb-b10b-d9d4891319a3,2023-08-06 06:00:00+00:00,2023-08-08 11:00:00+00:00,29394.38,,False,,
TESTER-001,SRGridStrategyV3-000,BTC/USDT.SIM,SIM-1-1460,BTC/USDT.SIM-SRGridStrategyV3-000,SIM-001,T-a4e55863f68767b3-35477,LIMIT,SELL,0.045517,GTC,False,False,0.045517,MAKER,29435.969999999998,0.0,['0.27000000 USDT'],NO_TRIGGER,FILLED,NO_CONTINGENCY,,,,,,,,3787b6eb-376f-4786-9b8f-7eda20aaa4f7,2023-08-06 06:00:00+00:00,2023-08-08 11:00:00+00:00,29435.97,,False,,
TESTER-001,SRGridStrategyV3-000,BTC/USDT.SIM,SIM-1-1461,BTC/USDT.SIM-SRGridStrategyV3-000,SIM-001,T-4de4d6f9680fa298-35274,LIMIT,SELL,0.098586,GTC,False,False,0.098586,MAKER,29144.84,0.0,['0.57000000 USDT'],NO_TRIGGER,FILLED,NO_CONTINGENCY,,,,,,,,54fae425-93ca-4110-8b76-6ac7426b571e,2023-08-06 13:00:00+00:00,2023-08-06 20:00:00+00:00,29144.84,,False,,
TESTER-001,SRGridStrategyV3-000,BTC/USDT.SIM,SIM-1-1462,BTC/USDT.SIM-SRGridStrategyV3-000,SIM-001,T-253c184c7355760e-35281,LIMIT,SELL,0.112906,GTC,False,False,0.112906,MAKER,29186.43,0.0,['0.66000000 USDT'],NO_TRIGGER,FILLED,NO_CONTINGENCY,,,,,,,,d1b8be30-9c28-43a5-88fd-8129c27c401e,2023-08-06 13:00:00+00:00,2023-08-06 21:00:00+00:00,29186.43,,False,,
TESTER-001,SRGridStrategyV3-000,BTC/USDT.SIM,SIM-1-1463,BTC/USDT.SIM-SRGridStrategyV3-000,SIM-001,T-c68577815d1afdd1-35304,LIMIT,SELL,0.119255,GTC,False,False,0.119255,MAKER,29228.02,0.0,['0.70000000 USDT'],NO_TRIGGER,FILLED,NO_CONTINGENCY,,,,,,,,da6a13f5-add1-48fa-883b-79ff8df78dcc,2023-08-06 13:00:00+00:00,2023-08-07 02:00:00+00:00,29228.02,,False,,
TESTER-001,SRGridStrategyV3-000,BTC/USDT.SIM,SIM-1-1464,BTC/USDT.SIM-SRGridStrategyV3-000,SIM-001,T-f3f30b2126c12502-35396,LIMIT,SELL,0.115040,GTC,False,False,0.115040,MAKER,29269.609999999997,0.0,['0.67000000 USDT'],NO_TRIGGER,FILLED,NO_CONTINGENCY,,,,,,,,e270d9ea-a924-4b56-84c9-49e06fbcb42b,2023-08-06 13:00:00+00:00,2023-08-07 21:00:00+00:00,29269.61,,False,,
TESTER-001,SRGridStrategyV3-000,BTC/USDT.SIM,SIM-1-1465,BTC/USDT.SIM-SRGridStrategyV3-000,SIM-001,T-7e1a217a57b49cda-35434,LIMIT,SELL,0.101750,GTC,False,False,0.101750,MAKER,29311.2,0.0,['0.60000000 USDT'],NO_TRIGGER,FILLED,NO_CONTINGENCY,,,,,,,,32b4d2e3-ba66-4a28-a071-f4bb31194e14,2023-08-06 13:00:00+00:00,2023-08-08 05:00:00+00:00,29311.20,,False,,
TESTER-001,SRGridStrategyV3-000,BTC/USDT.SIM,SIM-1-1466,BTC/USDT.SIM-SRGridStrategyV3-000,SIM-001,T-a4e55863f68767b3-35464,LIMIT,SELL,0.084276,GTC,False,False,0.084276,MAKER,29352.79,0.0,['0.49000000 USDT'],NO_TRIGGER,FILLED,NO_CONTINGENCY,,,,,,,,bbdc9d9f-5111-4ade-afb0-1cc41fc44313,2023-08-06 13:00:00+00:00,2023-08-08 11:00:00+00:00,29352.79,,False,,
TESTER-001,SRGridStrategyV3-000,BTC/USDT.SIM,SIM-1-1467,BTC/USDT.SIM-SRGridStrategyV3-000,SIM-001,T-a4e55863f68767b3-35472,LIMIT,SELL,0.067344,GTC,False,False,0.067344,MAKER,29394.38,0.0,['0.40000000 USDT'],NO_TRIGGER,FILLED,NO_CONTINGENCY,,,,,,,,7cef8da8-f4cd-4939-a10b-5013c8a59d6d,2023-08-06 13:00:00+00:00,2023-08-08 11:00:00+00:00,29394.38,,False,,
TESTER-001,SRGridStrategyV3-000,BTC/USDT.SIM,SIM-1-1468,BTC/USDT.SIM-SRGridStrategyV3-000,SIM-001,T-a4e55863f68767b3-35478,LIMIT,SELL,0.052855,GTC,False,False,0.052855,MAKER,29435.969999999998,0.0,['0.31000000 USDT'],NO_TRIGGER,FILLED,NO_CONTINGENCY,,,,,,,,f042145f-fbd4-408b-82c2-10bdffa42e63,2023-08-06 13:00:00+00:00,2023-08-08 11:00:00+00:00,29435.97,,False,,
TESTER-001,SRGridStrategyV3-000,BTC/USDT.SIM,SIM-1-1469,BTC/USDT.SIM-SRGridStrategyV3-000,SIM-001,T-a981311c8779faac-35352,LIMIT,BUY,0.172542,GTC,False,False,0.172542,MAKER,28978.48,0.0,['1.00000000 USDT'],NO_TRIGGER,FILLED,NO_CONTINGENCY,,,,,,,,15ee73b3-8908-4857-a705-619caddd2d97,2023-08-06 20:00:00+00:00,2023-08-07 14:00:00+00:00,28978.48,,False,,
TESTER-001,SRGridStrategyV3-000,BTC/USDT.SIM,SIM-1-1470,BTC/USDT.SIM-SRGridStrategyV3-000,SIM-001,T-9b931fff4fa0b496-35360,LIMIT,BUY,0.141563,GTC,False,False,0.141563,MAKER,28936.89,0.0,['0.82000000 USDT'],NO_TRIGGER,FILLED,NO_CONTINGENCY,,,,,,,,e14af695-84f9-4a41-952d-ac1b49df5d68,2023-08-06 20:00:00+00:00,2023-08-07 15:00:00+00:00,28936.89,,False,,
TESTER-001,SRGridStrategyV3-000,BTC/USDT.SIM,SIM-1-1471,BTC/USDT.SIM-SRGridStrategyV3-000,SIM-001,T-9b931fff4fa0b496-35365,LIMIT,BUY,0.108510,GTC,False,False,0.108510,MAKER,28895.3,0.0,['0.63000000 USDT'],NO_TRIGGER,FILLED,NO_CONTINGENCY,,,,,,,,1b0c7119-eb9f-43ee-9638-1d0f22e9738b,2023-08-06 20:00:00+00:00,2023-08-07 15:00:00+00:00,28895.30,,False,,
TESTER-001,SRGridStrategyV3-000,BTC/USDT.SIM,SIM-1-1472,BTC/USDT.SIM-SRGridStrategyV3-000,SIM-001,T-0d5fbb2ae39aac22-35372,LIMIT,BUY,0.075901,GTC,False,False,0.075901,MAKER,28853.710000000003,0.0,['0.44000000 USDT'],NO_TRIGGER,FILLED,NO_CONTINGENCY,,,,,,,,7b937958-59c1-46f7-9cc2-88ff2d0b59eb,2023-08-06 20:00:00+00:00,2023-08-07 16:00:00+00:00,28853.71,,False,,
TESTER-001,SRGridStrategyV3-000,BTC/USDT.SIM,SIM-1-1475,BTC/USDT.SIM-SRGridStrategyV3-000,SIM-001,T-a981311c8779faac-35353,LIMIT,BUY,0.172542,GTC,False,False,0.172542,MAKER,28978.48,0.0,['1.00000000 USDT'],NO_TRIGGER,FILLED,NO_CONTINGENCY,,,,,,,,370fa267-97e6-42c0-a623-1ca6f4f6aa81,2023-08-06 21:00:00+00:00,2023-08-07 14:00:00+00:00,28978.48,,False,,
TESTER-001,SRGridStrategyV3-000,BTC/USDT.SIM,SIM-1-1476,BTC/USDT.SIM-SRGridStrategyV3-000,SIM-001,T-9b931fff4fa0b496-35361,LIMIT,BUY,0.172790,GTC,False,False,0.172790,MAKER,28936.89,0.0,['1.00000000 USDT'],NO_TRIGGER,FILLED,NO_CONTINGENCY,,,,,,,,757ec09b-5944-4251-88eb-fd5f8f5d8a19,2023-08-06 21:00:00+00:00,2023-08-07 15:00:00+00:00,28936.89,,False,,
TESTER-001,SRGridStrategyV3-000,BTC/USDT.SIM,SIM-1-1477,BTC/USDT.SIM-SRGridStrategyV3-000,SIM-001,T-9b931fff4fa0b496-35366,LIMIT,BUY,0.172362,GTC,False,False,0.172362,MAKER,28895.3,0.0,['1.00000000 USDT'],NO_TRIGGER,FILLED,NO_CONTINGENCY,,,,,,,,ea931664-1cfd-4f5c-870d-01dbd3a41c74,2023-08-06 21:00:00+00:00,2023-08-07 15:00:00+00:00,28895.30,,False,,
TESTER-001,SRGridStrategyV3-000,BTC/USDT.SIM,SIM-1-1478,BTC/USDT.SIM-SRGridStrategyV3-000,SIM-001,T-0d5fbb2ae39aac22-35373,LIMIT,BUY,0.120202,GTC,False,False,0.120202,MAKER,28853.710000000003,0.0,['0.69000000 USDT'],NO_TRIGGER,FILLED,NO_CONTINGENCY,,,,,,,,abc9a18e-ac94-4fe9-9af6-87d14a138251,2023-08-06 21:00:00+00:00,2023-08-07 16:00:00+00:00,28853.71,,False,,
TESTER-001,SRGridStrategyV3-000,BTC/USDT.SIM,SIM-1-1481,BTC/USDT.SIM-SRGridStrategyV3-000,SIM-001,T-a981311c8779faac-35354,LIMIT,BUY,0.172542,GTC,False,False,0.172542,MAKER,28978.48,0.0,['1.00000000 USDT'],NO_TRIGGER,FILLED,NO_CONTINGENCY,,,,,,,,c99ea382-9084-4db6-913f-4fef86fc640a,2023-08-07 02:00:00+00:00,2023-08-07 14:00:00+00:00,28978.48,,False,,
TESTER-001,SRGridStrategyV3-000,BTC/USDT.SIM,SIM-1-1482,BTC/USDT.SIM-SRGridStrategyV3-000,SIM-001,T-9b931fff4fa0b496-35362,LIMIT,BUY,0.172790,GTC,False,False,0.172790,MAKER,28936.89,0.0,['1.00000000 USDT'],NO_TRIGGER,FILLED,NO_CONTINGENCY,,,,,,,,ad85b9a3-aac8-46e5-935f-806a81c8101f,2023-08-07 02:00:00+00:00,2023-08-07 15:00:00+00:00,28936.89,,False,,
TESTER-001,SRGridStrategyV3-000,BTC/USDT.SIM,SIM-1-1483,BTC/USDT.SIM-SRGridStrategyV3-000,SIM-001,T-9b931fff4fa0b496-35367,LIMIT,BUY,0.173039,GTC,False,False,0.173039,MAKER,28895.3,0.0,['1.00000000 USDT'],NO_TRIGGER,FILLED,NO_CONTINGENCY,,,,,,,,a97cdd5b-30aa-48cd-88e4-0831b350fb32,2023-08-07 02:00:00+00:00,2023-08-07 15:00:00+00:00,28895.30,,False,,
TESTER-001,SRGridStrategyV3-000,BTC/USDT.SIM,SIM-1-1484,BTC/USDT.SIM-SRGridStrategyV3-000,SIM-001,T-0d5fbb2ae39aac22-35374,LIMIT,BUY,0.166732,GTC,False,False,0.166732,MAKER,28853.710000000003,0.0,['0.96000000 USDT'],NO_TRIGGER,FILLED,NO_CONTINGENCY,,,,,,,,6e6ec329-b467-4502-80d2-c06bdc43aeb9,2023-08-07 02:00:00+00:00,2023-08-07 16:00:00+00:00,28853.71,,False,,
TESTER-001,SRGridStrategyV3-000,BTC/USDT.SIM,SIM-1-1487,BTC/USDT.SIM-SRGridStrategyV3-000,SIM-001,T-f3f30b2126c12502-35397,LIMIT,SELL,0.170826,GTC,False,False,0.170826,MAKER,29269.609999999997,0.0,['1.00000000 USDT'],NO_TRIGGER,FILLED,NO_CONTINGENCY,,,,,,,,c5c4876d-2952-480c-90f5-189f2ce62c89,2023-08-07 14:00:00+00:00,2023-08-07 21:00:00+00:00,29269.61,,False,,
TESTER-001,SRGridStrategyV3-000,BTC/USDT.SIM,SIM-1-1488,BTC/USDT.SIM-SRGridStrategyV3-000,SIM-001,T-7e1a217a57b49cda-35435,LIMIT,SELL,0.170583,GTC,False,False,0.170583,MAKER,29311.2,0.0,['1.00000000 USDT'],NO_TRIGGER,FILLED,NO_CONTINGENCY,,,,,,,,8b9b1344-b122-416e-a76e-13767e6dfa5d,2023-08-07 14:00:00+00:00,2023-08-08 05:00:00+00:00,29311.20,,False,,
TESTER-001,SRGridStrategyV3-000,BTC/USDT.SIM,SIM-1-1489,BTC/USDT.SIM-SRGridStrategyV3-000,SIM-001,T-a4e55863f68767b3-35465,LIMIT,SELL,0.170342,GTC,False,False,0.170342,MAKER,29352.79,0.0,['1.00000000 USDT'],NO_TRIGGER,FILLED,NO_CONTINGENCY,,,,,,,,82d86f39-c47c-45c2-9c03-de3b0f31075d,2023-08-07 14:00:00+00:00,2023-08-08 11:00:00+00:00,29352.79,,False,,
TESTER-001,SRGridStrategyV3-000,BTC/USDT.SIM,SIM-1-1490,BTC/USDT.SIM-SRGridStrategyV3-000,SIM-001,T-a4e55863f68767b3-35473,LIMIT,SELL,0.170101,GTC,False,False,0.170101,MAKER,29394.38,0.0,['1.00000000 USDT'],NO_TRIGGER,FILLED,NO_CONTINGENCY,,,,,,,,354cdd3b-9006-4917-bef7-a62de0a958fd,2023-08-07 14:00:00+00:00,2023-08-08 11:00:00+00:00,29394.38,,False,,
TESTER-001,SRGridStrategyV3-000,BTC/USDT.SIM,SIM-1-1491,BTC/USDT.SIM-SRGridStrategyV3-000,SIM-001,T-a4e55863f68767b3-35479,LIMIT,SELL,0.137765,GTC,False,False,0.137765,MAKER,29435.969999999998,0.0,['0.81000000 USDT'],NO_TRIGGER,FILLED,NO_CONTINGENCY,,,,,,,,f51f3f07-53fb-4a29-b768-d7c1b9e2dffc,2023-08-07 14:00:00+00:00,2023-08-08 11:00:00+00:00,29435.97,,False,,
TESTER-001,SRGridStrategyV3-000,BTC/USDT.SIM,SIM-1-1492,BTC/USDT.SIM-SRGridStrategyV3-000,SIM-001,T-f3f30b2126c12502-35398,LIMIT,SELL,0.170826,GTC,False,False,0.170826,MAKER,29269.609999999997,0.0,['1.00000000 USDT'],NO_TRIGGER,FILLED,NO_CONTINGENCY,,,,,,,,e98f177e-17c6-4a64-8685-59767ac36cb9,2023-08-07 15:00:00+00:00,2023-08-07 21:00:00+00:00,29269.61,,False,,
TESTER-001,SRGridStrategyV3-000,BTC/USDT.SIM,SIM-1-1493,BTC/USDT.SIM-SRGridStrategyV3-000,SIM-001,T-7e1a217a57b49cda-35436,LIMIT,SELL,0.170583,GTC,False,False,0.170583,MAKER,29311.2,0.0,['1.00000000 USDT'],NO_TRIGGER,FILLED,NO_CONTINGENCY,,,,,,,,3759ad78-916e-43f5-a8f5-025ad13eea64,2023-08-07 15:00:00+00:00,2023-08-08 05:00:00+00:00,29311.20,,False,,
TESTER-001,SRGridStrategyV3-000,BTC/USDT.SIM,SIM-1-1494,BTC/USDT.SIM-SRGridStrategyV3-000,SIM-001,T-a4e55863f68767b3-35466,LIMIT,SELL,0.170342,GTC,False,False,0.170342,MAKER,29352.79,0.0,['1.00000000 USDT'],NO_TRIGGER,FILLED,NO_CONTINGENCY,,,,,,,,a67a7d61-a84e-42f3-8262-fa54b0de6260,2023-08-07 15:00:00+00:00,2023-08-08 11:00:00+00:00,29352.79,,False,,
TESTER-001,SRGridStrategyV3-000,BTC/USDT.SIM,SIM-1-1495,BTC/USDT.SIM-SRGridStrategyV3-000,SIM-001,T-a4e55863f68767b3-35474,LIMIT,SELL,0.170101,GTC,False,False,0.170101,MAKER,29394.38,0.0,['1.00000000 USDT'],NO_TRIGGER,FILLED,NO_CONTINGENCY,,,,,,,,f4b9cc43-7c3a-4dfa-8bea-fd7e7f8af765,2023-08-07 15:00:00+00:00,2023-08-08 11:00:00+00:00,29394.38,,False,,
TESTER-001,SRGridStrategyV3-000,BTC/USDT.SIM,SIM-1-1496,BTC/USDT.SIM-SRGridStrategyV3-000,SIM-001,T-a4e55863f68767b3-35480,LIMIT,SELL,0.169860,GTC,False,False,0.169860,MAKER,29435.969999999998,0.0,['1.00000000 USDT'],NO_TRIGGER,FILLED,NO_CONTINGENCY,,,,,,,,50a29dbd-db2b-44fe-9fff-c3f2fba69246,2023-08-07 15:00:00+00:00,2023-08-08 11:00:00+00:00,29435.97,,False,,
TESTER-001,SRGridStrategyV3-000,BTC/USDT.SIM,SIM-1-1497,BTC/USDT.SIM-SRGridStrategyV3-000,SIM-001,T-f3f30b2126c12502-35399,LIMIT,SELL,0.170826,GTC,False,False,0.170826,MAKER,29269.609999999997,0.0,['1.00000000 USDT'],NO_TRIGGER,FILLED,NO_CONTINGENCY,,,,,,,,f9f45f87-5301-42d4-b4c4-5104b5a95f57,2023-08-07 16:00:00+00:00,2023-08-07 21:00:00+00:00,29269.61,,False,,
TESTER-001,SRGridStrategyV3-000,BTC/USDT.SIM,SIM-1-1498,BTC/USDT.SIM-SRGridStrategyV3-000,SIM-001,T-7e1a217a57b49cda-35437,LIMIT,SELL,0.170583,GTC,False,False,0.170583,MAKER,29311.2,0.0,['1.00000000 USDT'],NO_TRIGGER,FILLED,NO_CONTINGENCY,,,,,,,,b535e88e-4993-4bf5-9d04-f58710280131,2023-08-07 16:00:00+00:00,2023-08-08 05:00:00+00:00,29311.20,,False,,
TESTER-001,SRGridStrategyV3-000,BTC/USDT.SIM,SIM-1-1499,BTC/USDT.SIM-SRGridStrategyV3-000,SIM-001,T-a4e55863f68767b3-35467,LIMIT,SELL,0.170342,GTC,False,False,0.170342,MAKER,29352.79,0.0,['1.00000000 USDT'],NO_TRIGGER,FILLED,NO_CONTINGENCY,,,,,,,,671bfd60-9b24-4396-b24d-f8be221fed3e,2023-08-07 16:00:00+00:00,2023-08-08 11:00:00+00:00,29352.79,,False,,
TESTER-001,SRGridStrategyV3-000,BTC/USDT.SIM,SIM-1-1500,BTC/USDT.SIM-SRGridStrategyV3-000,SIM-001,T-a4e55863f68767b3-35475,LIMIT,SELL,0.170101,GTC,False,False,0.170101,MAKER,29394.38,0.0,['1.00000000 USDT'],NO_TRIGGER,FILLED,NO_CONTINGENCY,,,,,,,,8951d346-1f40-44ae-b96f-7ae8f5b27cb3,2023-08-07 16:00:00+00:00,2023-08-08 11:00:00+00:00,29394.38,,False,,
TESTER-001,SRGridStrategyV3-000,BTC/USDT.SIM,SIM-1-1501,BTC/USDT.SIM-SRGridStrategyV3-000,SIM-001,T-a4e55863f68767b3-35481,LIMIT,SELL,0.169860,GTC,False,False,0.169860,MAKER,29435.969999999998,0.0,['1.00000000 USDT'],NO_TRIGGER,FILLED,NO_CONTINGENCY,,,,,,,,966da27c-9079-4347-845d-3824be742f75,2023-08-07 16:00:00+00:00,2023-08-08 11:00:00+00:00,29435.97,,False,,
TESTER-001,SRGridStrategyV3-000,BTC/USDT.SIM,SIM-1-1510,BTC/USDT.SIM-SRGridStrategyV3-000,SIM-001,T-7aab1f5aa5e92e1b-35682,LIMIT,BUY,0.104876,GTC,False,False,0.104876,MAKER,29422.44,0.0,['0.62000000 USDT'],NO_TRIGGER,FILLED,NO_CONTINGENCY,,,,,,,,15008e12-5d36-48a9-9e54-72ead49e08a6,2023-08-10 05:00:00+00:00,2023-08-10 14:00:00+00:00,29422.44,,False,,
TESTER-001,SRGridStrategyV3-000,BTC/USDT.SIM,SIM-1-1511,BTC/USDT.SIM-SRGridStrategyV3-000,SIM-001,T-e2570a34c1b21d22-35787,LIMIT,BUY,0.170887,GTC,False,False,0.170887,MAKER,29259.05,0.0,['1.00000000 USDT'],NO_TRIGGER,FILLED,NO_CONTINGENCY,,,,,,,,34d1fe16-4685-49e4-989c-44835810eee3,2023-08-10 05:00:00+00:00,2023-08-11 16:00:00+00:00,29259.05,,False,,
TESTER-001,SRGridStrategyV3-000,BTC/USDT.SIM,SIM-1-1542,BTC/USDT.SIM-SRGridStrategyV3-000,SIM-001,T-d13e60a9d4231c8c-36049,LIMIT,BUY,0.143839,GTC,False,False,0.143839,MAKER,29334.43,0.0,['0.84000000 USDT'],NO_TRIGGER,FILLED,NO_CONTINGENCY,,,,,,,,de581dbf-5de3-4d54-8cb4-f2e8542197c3,2023-08-14 05:00:00+00:00,2023-08-14 13:00:00+00:00,29334.43,,False,,
TESTER-001,SRGridStrategyV3-000,BTC/USDT.SIM,SIM-1-1543,BTC/USDT.SIM-SRGridStrategyV3-000,SIM-001,T-2e0341c8f58ddc03-36173,LIMIT,BUY,0.133074,GTC,False,False,0.133074,MAKER,29221.27,0.0,['0.78000000 USDT'],NO_TRIGGER,FILLED,NO_CONTINGENCY,,,,,,,,6782fb31-41d7-4dd3-a17b-cd85afef83d6,2023-08-14 05:00:00+00:00,2023-08-15 19:00:00+00:00,29221.27,,False,,
TESTER-001,SRGridStrategyV3-000,BTC/USDT.SIM,SIM-1-1544,BTC/USDT.SIM-SRGridStrategyV3-000,SIM-001,T-6265540f39c52f0d-36231,LIMIT,BUY,0.105981,GTC,False,False,0.105981,MAKER,29108.1,0.0,['0.62000000 USDT'],NO_TRIGGER,FILLED,NO_CONTINGENCY,,,,,,,,8cddb556-7a6b-4796-a612-f36a89de9a26,2023-08-14 05:00:00+00:00,2023-08-16 09:00:00+00:00,29108.10,,False,,
TESTER-001,SRGridStrategyV3-000,BTC/USDT.SIM,SIM-1-1545,BTC/USDT.SIM-SRGridStrategyV3-000,SIM-001,T-d12854c6a0731569-36262,LIMIT,BUY,0.076690,GTC,False,False,0.076690,MAKER,28994.94,0.0,['0.44000000 USDT'],NO_TRIGGER,FILLED,NO_CONTINGENCY,,,,,,,,ac5cf978-bb42-4377-807f-7af5425b4738,2023-08-14 05:00:00+00:00,2023-08-16 16:00:00+00:00,28994.94,,False,,
TESTER-001,SRGridStrategyV3-000,BTC/USDT.SIM,SIM-1-1546,BTC/USDT.SIM-SRGridStrategyV3-000,SIM-001,T-3c56063f6057114a-36281,LIMIT,BUY,0.043694,GTC,False,False,0.043694,MAKER,28881.769999999997,0.0,['0.25000000 USDT'],NO_TRIGGER,FILLED,NO_CONTINGENCY,,,,,,,,1c2f43d2-a0cf-4522-baba-f4008c51b444,2023-08-14 05:00:00+00:00,2023-08-16 20:00:00+00:00,28881.77,,False,,
TESTER-001,SRGridStrategyV3-000,BTC/USDT.SIM,SIM-1-1547,BTC/USDT.SIM-SRGridStrategyV3-000,SIM-001,T-863855ecebb0e107-36294,LIMIT,BUY,0.017380,GTC,False,False,0.017380,MAKER,28768.609999999997,0.0,['0.10000000 USDT'],NO_TRIGGER,FILLED,NO_CONTINGENCY,,,,,,,,a6ba4f05-e511-4406-b99f-224e1c64f29b,2023-08-14 05:00:00+00:00,2023-08-16 23:00:00+00:00,28768.61,,False,,
TESTER-001,SRGridStrategyV3-000,BTC/USDT.SIM,SIM-1-1548,BTC/USDT.SIM-SRGridStrategyV3-000,SIM-001,T-5aee19b8a3f1e0a3-36304,LIMIT,BUY,0.017449,GTC,False,False,0.017449,MAKER,28655.44,0.0,['0.10000000 USDT'],NO_TRIGGER,FILLED,NO_CONTINGENCY,,,,,,,,240129d8-6b6c-4296-bbb5-ca3f4ec3da38,2023-08-14 05:00:00+00:00,2023-08-17 00:00:00+00:00,28655.44,,False,,
TESTER-001,SRGridStrategyV3-000,BTC/USDT.SIM,SIM-1-1549,BTC/USDT.SIM-SRGridStrategyV3-000,SIM-001,T-5aee19b8a3f1e0a3-36301,LIMIT,BUY,0.017518,GTC,False,False,0.017518,MAKER,28542.28,0.0,['0.10000000 USDT'],NO_TRIGGER,FILLED,NO_CONTINGENCY,,,,,,,,d5cef5fa-a756-4cfd-9a0e-c41721d24221,2023-08-14 05:00:00+00:00,2023-08-17 00:00:00+00:00,28542.28,,False,,
TESTER-001,SRGridStrategyV3-000,BTC/USDT.SIM,SIM-1-1550,BTC/USDT.SIM-SRGridStrategyV3-000,SIM-001,T-7a34beef94875d4c-36053,LIMIT,SELL,0.160712,GTC,False,False,0.160712,MAKER,29560.769999999997,0.0,['0.95000000 USDT'],NO_TRIGGER,FILLED,NO_CONTINGENCY,,,,,,,,aa0502d0-aa08-443d-ab4e-96e51bd5ff6f,2023-08-14 05:00:00+00:00,2023-08-14 14:00:00+00:00,29560.77,,False,,
TESTER-001,SRGridStrategyV3-000,BTC/USDT.SIM,SIM-1-1551,BTC/USDT.SIM-SRGridStrategyV3-000,SIM-001,T-cfbb372172e3ee9c-36063,LIMIT,SELL,0.102863,GTC,False,False,0.102863,MAKER,29673.929999999997,0.0,['0.61000000 USDT'],NO_TRIGGER,FILLED,NO_CONTINGENCY,,,,,,,,d2ae40a7-63ee-4639-840e-74ec78fe5fe6,2023-08-14 05:00:00+00:00,2023-08-14 16:00:00+00:00,29673.93,,False,,
TESTER-001,SRGridStrategyV3-000,BTC/USDT.SIM,SIM-1-1558,BTC/USDT.SIM-SRGridStrategyV3-000,SIM-001,T-7a34beef94875d4c-36054,LIMIT,SELL,0.169143,GTC,False,False,0.169143,MAKER,29560.769999999997,0.0,['1.00000000 USDT'],NO_TRIGGER,FILLED,NO_CONTINGENCY,,,,,,,,258aec4d-2043-4a07-980b-b9d829106db2,2023-08-14 13:00:00+00:00,2023-08-14 14:00:00+00:00,29560.77,,False,,
TESTER-001,SRGridStrategyV3-000,BTC/USDT.SIM,SIM-1-1559,BTC/USDT.SIM-SRGridStrategyV3-000,SIM-001,T-cfbb372172e3ee9c-36064,LIMIT,SELL,0.131916,GTC,False,False,0.131916,MAKER,29673.929999999997,0.0,['0.78000000 USDT'],NO_TRIGGER,FILLED,NO_CONTINGENCY,,,,,,,,f55202ec-fec6-4978-83ae-c950c6b6c0d4,2023-08-14 13:00:00+00:00,2023-08-14 16:00:00+00:00,29673.93,,False,,
TESTER-001,SRGridStrategyV3-000,BTC/USDT.SIM,SIM-1-1566,BTC/USDT.SIM-SRGridStrategyV3-000,SIM-001,T-2e0341c8f58ddc03-36174,LIMIT,BUY,0.171108,GTC,False,False,0.171108,MAKER,29221.27,0.0,['1.00000000 USDT'],NO_TRIGGER,FILLED,NO_CONTINGENCY,,,,,,,,cb322a8b-b77e-4dd9-90a6-ed83a7f23903,2023-08-14 14:00:00+00:00,2023-08-15 19:00:00+00:00,29221.27,,False,,
TESTER-001,SRGridStrategyV3-000,BTC/USDT.SIM,SIM-1-1567,BTC/USDT.SIM-SRGridStrategyV3-000,SIM-001,T-6265540f39c52f0d-36232,LIMIT,BUY,0.171773,GTC,False,False,0.171773,MAKER,29108.1,0.0,['1.00000000 USDT'],NO_TRIGGER,FILLED,NO_CONTINGENCY,,,,,,,,61b7595d-6494-4350-a386-c584e16f5ff6,2023-08-14 14:00:00+00:00,2023-08-16 09:00:00+00:00,29108.10,,False,,
TESTER-001,SRGridStrategyV3-000,BTC/USDT.SIM,SIM-1-1568,BTC/USDT.SIM-SRGridStrategyV3-000,SIM-001,T-d12854c6a0731569-36263,LIMIT,BUY,0.148690,GTC,False,False,0.148690,MAKER,28994.94,0.0,['0.86000000 USDT'],NO_TRIGGER,FILLED,NO_CONTINGENCY,,,,,,,,c113ae53-661c-4305-807e-04893974d006,2023-08-14 14:00:00+00:00,2023-08-16 16:00:00+00:00,28994.94,,False,,
TESTER-001,SRGridStrategyV3-000,BTC/USDT.SIM,SIM-1-1569,BTC/USDT.SIM-SRGridStrategyV3-000,SIM-001,T-3c56063f6057114a-36282,LIMIT,BUY,0.084711,GTC,False,False,0.084711,MAKER,28881.769999999997,0.0,['0.49000000 USDT'],NO_TRIGGER,FILLED,NO_CONTINGENCY,,,,,,,,5a43e024-3319-4df1-9d16-48b3ac9308bc,2023-08-14 14:00:00+00:00,2023-08-16 20:00:00+00:00,28881.77,,False,,
TESTER-001,SRGridStrategyV3-000,BTC/USDT.SIM,SIM-1-1570,BTC/USDT.SIM-SRGridStrategyV3-000,SIM-001,T-863855ecebb0e107-36295,LIMIT,BUY,0.027425,GTC,False,False,0.027425,MAKER,28768.609999999997,0.0,['0.16000000 USDT'],NO_TRIGGER,FILLED,NO_CONTINGENCY,,,,,,,,054571cb-f0ea-476c-a2bb-da6e5ad57e05,2023-08-14 14:00:00+00:00,2023-08-16 23:00:00+00:00,28768.61,,False,,
TESTER-001,SRGridStrategyV3-000,BTC/USDT.SIM,SIM-1-1571,BTC/USDT.SIM-SRGridStrategyV3-000,SIM-001,T-5aee19b8a3f1e0a3-36305,LIMIT,BUY,0.017938,GTC,False,False,0.017938,MAKER,28655.44,0.0,['0.10000000 USDT'],NO_TRIGGER,FILLED,NO_CONTINGENCY,,,,,,,,bdb57911-80ab-463b-a120-3bf934a4e711,2023-08-14 14:00:00+00:00,2023-08-17 00:00:00+00:00,28655.44,,False,,
TESTER-001,SRGridStrategyV3-000,BTC/USDT.SIM,SIM-1-1572,BTC/USDT.SIM-SRGridStrategyV3-000,SIM-001,T-5aee19b8a3f1e0a3-36302,LIMIT,BUY,0.017521,GTC,False,False,0.017521,MAKER,28542.28,0.0,['0.10000000 USDT'],NO_TRIGGER,FILLED,NO_CONTINGENCY,,,,,,,,3948cb0d-8f1e-4509-afcb-869991c4d0fb,2023-08-14 14:00:00+00:00,2023-08-17 00:00:00+00:00,28542.28,,False,,
TESTER-001,SRGridStrategyV3-000,BTC/USDT.SIM,SIM-1-1573,BTC/USDT.SIM-SRGridStrategyV3-000,SIM-001,T-2e0341c8f58ddc03-36175,LIMIT,BUY,0.171108,GTC,False,False,0.171108,MAKER,29221.27,0.0,['1.00000000 USDT'],NO_TRIGGER,FILLED,NO_CONTINGENCY,,,,,,,,399f3e43-bd85-4d08-9043-9fdc2b98e047,2023-08-14 16:00:00+00:00,2023-08-15 19:00:00+00:00,29221.27,,False,,
TESTER-001,SRGridStrategyV3-000,BTC/USDT.SIM,SIM-1-1574,BTC/USDT.SIM-SRGridStrategyV3-000,SIM-001,T-6265540f39c52f0d-36233,LIMIT,BUY,0.171773,GTC,False,False,0.171773,MAKER,29108.1,0.0,['1.00000000 USDT'],NO_TRIGGER,FILLED,NO_CONTINGENCY,,,,,,,,1b2e3dcb-a15f-444e-b37a-5b7d93c82f3d,2023-08-14 16:00:00+00:00,2023-08-16 09:00:00+00:00,29108.10,,False,,
TESTER-001,SRGridStrategyV3-000,BTC/USDT.SIM,SIM-1-1575,BTC/USDT.SIM-SRGridStrategyV3-000,SIM-001,T-d12854c6a0731569-36264,LIMIT,BUY,0.172444,GTC,False,False,0.172444,MAKER,28994.94,0.0,['1.00000000 USDT'],NO_TRIGGER,FILLED,NO_CONTINGENCY,,,,,,,,32124495-6649-45db-a3aa-3edf5f072955,2023-08-14 16:00:00+00:00,2023-08-16 16:00:00+00:00,28994.94,,False,,
TESTER-001,SRGridStrategyV3-000,BTC/USDT.SIM,SIM-1-1576,BTC/USDT.SIM-SRGridStrategyV3-000,SIM-001,T-3c56063f6057114a-36283,LIMIT,BUY,0.116841,GTC,False,False,0.116841,MAKER,28881.769999999997,0.0,['0.67000000 USDT'],NO_TRIGGER,FILLED,NO_CONTINGENCY,,,,,,,,82a07348-68b7-4834-9483-4d5b51daff20,2023-08-14 16:00:00+00:00,2023-08-16 20:00:00+00:00,28881.77,,False,,
TESTER-001,SRGridStrategyV3-000,BTC/USDT.SIM,SIM-1-1577,BTC/USDT.SIM-SRGridStrategyV3-000,SIM-001,T-863855ecebb0e107-36296,LIMIT,BUY,0.035333,GTC,False,False,0.035333,MAKER,28768.609999999997,0.0,['0.20000000 USDT'],NO_TRIGGER,FILLED,NO_CONTINGENCY,,,,,,,,f9e59b55-0db6-41c2-8607-a031f6796d4f,2023-08-14 16:00:00+00:00,2023-08-16 23:00:00+00:00,28768.61,,False,,
TESTER-001,SRGridStrategyV3-000,BTC/USDT.SIM,SIM-1-1578,BTC/USDT.SIM-SRGridStrategyV3-000,SIM-001,T-5aee19b8a3f1e0a3-36306,LIMIT,BUY,0.018330,GTC,False,False,0.018330,MAKER,28655.44,0.0,['0.11000000 USDT'],NO_TRIGGER,FILLED,NO_CONTINGENCY,,,,,,,,c391677b-5fca-436e-bbc3-15510c503c60,2023-08-14 16:00:00+00:00,2023-08-17 00:00:00+00:00,28655.44,,False,,
TESTER-001,SRGridStrategyV3-000,BTC/USDT.SIM,SIM-1-1579,BTC/USDT.SIM-SRGridStrategyV3-000,SIM-001,T-5aee19b8a3f1e0a3-36303,LIMIT,BUY,0.017523,GTC,False,False,0.017523,MAKER,28542.28,0.0,['0.10000000 USDT'],NO_TRIGGER,FILLED,NO_CONTINGENCY,,,,,,,,9f5f9459-0ccf-4159-ab11-50205e969df5,2023-08-14 16:00:00+00:00,2023-08-17 00:00:00+00:00,28542.28,,False,,
TESTER-001,SRGridStrategyV3-000,BTC/USDT.SIM,SIM-1-1616,BTC/USDT.SIM-SRGridStrategyV3-000,SIM-001,T-3d894c0164f84ede-36400,MARKET,BUY,0.520262,GTC,True,False,0.520262,TAKER,26623.41,0.0,['8.31000000 USDT'],NO_TRIGGER,FILLED,NO_CONTINGENCY,,,,,,,,85b7b4f3-b377-4d9e-992a-e649f57bc83f,2023-08-17 23:00:00+00:00,2023-08-17 23:00:00+00:00,,,,,
TESTER-001,SRGridStrategyV3-000,BTC/USDT.SIM,SIM-1-1617,BTC/USDT.SIM-SRGridStrategyV3-000,SIM-001,T-3d894c0164f84ede-36401,MARKET,SELL,2.253656,GTC,False,False,2.253656,TAKER,26623.41,0.0,['36.00000000 USDT'],NO_TRIGGER,FILLED,NO_CONTINGENCY,,,,,,,,3adf7c3c-aaa0-4b5c-95f9-f6b8efede630,2023-08-17 23:00:00+00:00,2023-08-17 23:00:00+00:00,,,,,
TESTER-001,SRGridStrategyV3-000,BTC/USDT.SIM,SIM-1-1618,BTC/USDT.SIM-SRGridStrategyV3-000,SIM-001,T-f84250ab19633574-37683,MARKET,BUY,2.253656,GTC,True,False,2.253656,TAKER,27192.62,0.0,['36.77000000 USDT'],NO_TRIGGER,FILLED,NO_CONTINGENCY,,,,,,,,ac4c0f34-77ab-4086-b7a2-33f80d8afbfb,2023-08-31 12:00:00+00:00,2023-08-31 12:00:00+00:00,,,,,
TESTER-001,SRGridStrategyV3-000,BTC/USDT.SIM,SIM-1-1619,BTC/USDT.SIM-SRGridStrategyV3-000,SIM-001,T-cf3d458d32f540cd-37691,LIMIT,BUY,0.018486,GTC,False,False,0.018486,MAKER,27047.14,0.0,['0.10000000 USDT'],NO_TRIGGER,FILLED,NO_CONTINGENCY,,,,,,,,9fe03693-994f-41f3-a260-28c22283e8f7,2023-08-31 12:00:00+00:00,2023-08-31 14:00:00+00:00,27047.14,,False,,
TESTER-001,SRGridStrategyV3-000,BTC/USDT.SIM,SIM-1-1620,BTC/USDT.SIM-SRGridStrategyV3-000,SIM-001,T-0e80d4fa9074ed77-37696,LIMIT,BUY,0.018586,GTC,False,False,0.018586,MAKER,26901.66,0.0,['0.10000000 USDT'],NO_TRIGGER,FILLED,NO_CONTINGENCY,,,,,,,,ca3e6b9b-35e7-499f-8351-6ea18951ecca,2023-08-31 12:00:00+00:00,2023-08-31 15:00:00+00:00,26901.66,,False,,
TESTER-001,SRGridStrategyV3-000,BTC/USDT.SIM,SIM-1-1621,BTC/USDT.SIM-SRGridStrategyV3-000,SIM-001,T-5d36f6ff67fdc606-37702,LIMIT,BUY,0.028817,GTC,False,False,0.028817,MAKER,26756.18,0.0,['0.15000000 USDT'],NO_TRIGGER,FILLED,NO_CONTINGENCY,,,,,,,,0fc2bee3-442b-44df-9389-1401f6eb1d72,2023-08-31 12:00:00+00:00,2023-08-31 16:00:00+00:00,26756.18,,False,,
TESTER-001,SRGridStrategyV3-000,BTC/USDT.SIM,SIM-1-1622,BTC/USDT.SIM-SRGridStrategyV3-000,SIM-001,T-5d36f6ff67fdc606-37701,LIMIT,BUY,0.038854,GTC,False,False,0.038854,MAKER,26610.7,0.0,['0.21000000 USDT'],NO_TRIGGER,FILLED,NO_CONTINGENCY,,,,,,,,8a994c5f-8f45-4cea-be22-2290fd485416,2023-08-31 12:00:00+00:00,2023-08-31 16:00:00+00:00,26610.70,,False,,
TESTER-001,SRGridStrategyV3-000,BTC/USDT.SIM,SIM-1-1623,BTC/USDT.SIM-SRGridStrategyV3-000,SIM-001,T-5d36f6ff67fdc606-37704,LIMIT,BUY,0.060997,GTC,False,False,0.060997,MAKER,26465.22,0.0,['0.32000000 USDT'],NO_TRIGGER,FILLED,NO_CONTINGENCY,,,,,,,,c6bcea43-35bf-4967-a224-2ef6620ac88c,2023-08-31 12:00:00+00:00,2023-08-31 16:00:00+00:00,26465.22,,False,,
TESTER-001,SRGridStrategyV3-000,BTC/USDT.SIM,SIM-1-1624,BTC/USDT.SIM-SRGridStrategyV3-000,SIM-001,T-5d36f6ff67fdc606-37705,LIMIT,BUY,0.056227,GTC,False,False,0.056227,MAKER,26319.74,0.0,['0.30000000 USDT'],NO_TRIGGER,FILLED,NO_CONTINGENCY,,,,,,,,58a2c6b9-3217-4ed2-bd10-dfc8f177ed89,2023-08-31 12:00:00+00:00,2023-08-31 16:00:00+00:00,26319.74,,False,,
TESTER-001,SRGridStrategyV3-000,BTC/USDT.SIM,SIM-1-1625,BTC/USDT.SIM-SRGridStrategyV3-000,SIM-001,T-1fe3c43dbaf51502-37709,LIMIT,BUY,0.128854,GTC,False,False,0.128854,MAKER,26174.25,0.0,['0.67000000 USDT'],NO_TRIGGER,FILLED,NO_CONTINGENCY,,,,,,,,c572598e-6ae1-4261-93c1-b19b69efe212,2023-08-31 12:00:00+00:00,2023-08-31 17:00:00+00:00,26174.25,,False,,
TESTER-001,SRGridStrategyV3-000,BTC/USDT.SIM,SIM-1-1626,BTC/USDT.SIM-SRGridStrategyV3-000,SIM-001,T-a153f28129c06bc3-37718,LIMIT,BUY,0.192095,GTC,False,False,0.192095,MAKER,26028.769999999997,0.0,['1.00000000 USDT'],NO_TRIGGER,FILLED,NO_CONTINGENCY,,,,,,,,3695f29b-df62-42e1-a3b1-fe4806915610,2023-08-31 12:00:00+00:00,2023-08-31 19:00:00+00:00,26028.77,,False,,
TESTER-001,SRGridStrategyV3-000,BTC/USDT.SIM,SIM-1-1675,BTC/USDT.SIM-SRGridStrategyV3-000,SIM-001,T-5bfff7a14c413cef-37772,MARKET,SELL,0.542916,GTC,True,False,0.542916,TAKER,25980.46,0.0,['8.46000000 USDT'],NO_TRIGGER,FILLED,NO_CONTINGENCY,,,,,,,,c0d61a4a-5fb8-4cdb-b7af-b86dfc058405,2023-09-01 08:00:00+00:00,2023-09-01 08:00:00+00:00,,,,,
TESTER-001,SRGridStrategyV3-000,BTC/USDT.SIM,SIM-1-1676,BTC/USDT.SIM-SRGridStrategyV3-000,SIM-001,T-5bfff7a14c413cef-37773,MARKET,SELL,2.309428,GTC,False,False,2.309428,TAKER,25980.46,0.0,['36.00000000 USDT'],NO_TRIGGER,FILLED,NO_CONTINGENCY,,,,,,,,e8123211-ce35-4273-9a76-37705e78099f,2023-09-01 08:00:00+00:00,2023-09-01 08:00:00+00:00,,,,,
TESTER-001,SRGridStrategyV3-000,BTC/USDT.SIM,SIM-1-1677,BTC/USDT.SIM-SRGridStrategyV3-000,SIM-001,T-92c6c6874eeb7240-37981,MARKET,BUY,2.309428,GTC,True,False,2.309428,TAKER,25896.06,0.0,['35.88000000 USDT'],NO_TRIGGER,FILLED,NO_CONTINGENCY,,,,,,,,5b1f68a0-07bf-45e5-8bcf-80710ca081bb,2023-09-03 12:00:00+00:00,2023-09-03 12:00:00+00:00,,,,,
TESTER-001,SRGridStrategyV3-000,BTC/USDT.SIM,SIM-1-1678,BTC/USDT.SIM-SRGridStrategyV3-000,SIM-001,T-7d1da47f7fe9a173-37985,LIMIT,BUY,0.193711,GTC,False,False,0.193711,MAKER,25811.62,0.0,['1.00000000 USDT'],NO_TRIGGER,FILLED,NO_CONTINGENCY,,,,,,,,7fa8f577-c3b4-4f43-81b3-d1b110ac2d5e,2023-09-03 12:00:00+00:00,2023-09-03 13:00:00+00:00,25811.62,,False,,
TESTER-001,SRGridStrategyV3-000,BTC/USDT.SIM,SIM-1-1679,BTC/USDT.SIM-SRGridStrategyV3-000,SIM-001,T-ed5d310ccc9e8e02-38092,LIMIT,BUY,0.144432,GTC,False,False,0.144432,MAKER,25727.190000000002,0.0,['0.74000000 USDT'],NO_TRIGGER,FILLED,NO_CONTINGENCY,,,,,,,,f56d2cba-bfee-436a-b7b6-1032de85f8f8,2023-09-03 12:00:00+00:00,2023-09-04 15:00:00+00:00,25727.19,,False,,
TESTER-001,SRGridStrategyV3-000,BTC/USDT.SIM,SIM-1-1680,BTC/USDT.SIM-SRGridStrategyV3-000,SIM-001,T-ff6d8e8a8e59ded2-38119,LIMIT,BUY,0.070445,GTC,False,False,0.070445,MAKER,25642.75,0.0,['0.36000000 USDT'],NO_TRIGGER,FILLED,NO_CONTINGENCY,,,,,,,,ff0603b2-cf79-4fbe-a823-04e83f2e1b18,2023-09-03 12:00:00+00:00,2023-09-04 21:00:00+00:00,25642.75,,False,,
TESTER-001,SRGridStrategyV3-000,BTC/USDT.SIM,SIM-1-1686,BTC/USDT.SIM-SRGridStrategyV3-000,SIM-001,T-0267bd5321ebf687-38005,LIMIT,SELL,0.130668,GTC,False,False,0.130668,MAKER,25980.5,0.0,['0.68000000 USDT'],NO_TRIGGER,FILLED,NO_CONTINGENCY,,,,,,,,bc863818-4118-477f-a705-9f2a3b775ca3,2023-09-03 12:00:00+00:00,2023-09-03 18:00:00+00:00,25980.50,,False,,
TESTER-001,SRGridStrategyV3-000,BTC/USDT.SIM,SIM-1-1687,BTC/USDT.SIM-SRGridStrategyV3-000,SIM-001,T-bab67ea143e12949-38015,LIMIT,SELL,0.155922,GTC,False,False,0.155922,MAKER,26064.929999999997,0.0,['0.81000000 USDT'],NO_TRIGGER,FILLED,NO_CONTINGENCY,,,,,,,,927326e5-a837-49f4-9766-a3bf8574c6b0,2023-09-03 12:00:00+00:00,2023-09-03 20:00:00+00:00,26064.93,,False,,
TESTER-001,SRGridStrategyV3-000,BTC/USDT.SIM,SIM-1-1694,BTC/USDT.SIM-SRGridStrategyV3-000,SIM-001,T-0267bd5321ebf687-38006,LIMIT,SELL,0.176664,GTC,False,False,0.176664,MAKER,25980.5,0.0,['0.92000000 USDT'],NO_TRIGGER,FILLED,NO_CONTINGENCY,,,,,,,,c05d0c03-4831-460e-8743-82db65566321,2023-09-03 13:00:00+00:00,2023-09-03 18:00:00+00:00,25980.50,,False,,
TESTER-001,SRGridStrategyV3-000,BTC/USDT.SIM,SIM-1-1695,BTC/USDT.SIM-SRGridStrategyV3-000,SIM-001,T-bab67ea143e12949-38016,LIMIT,SELL,0.191829,GTC,False,False,0.191829,MAKER,26064.929999999997,0.0,['1.00000000 USDT'],NO_TRIGGER,FILLED,NO_CONTINGENCY,,,,,,,,d1ab7b7c-6102-44bc-9021-1c80ab9a615f,2023-09-03 13:00:00+00:00,2023-09-03 20:00:00+00:00,26064.93,,False,,
TESTER-001,SRGridStrategyV3-000,BTC/USDT.SIM,SIM-1-1702,BTC/USDT.SIM-SRGridStrategyV3-000,SIM-001,T-ed5d310ccc9e8e02-38093,LIMIT,BUY,0.194347,GTC,False,False,0.194347,MAKER,25727.190000000002,0.0,['1.00000000 USDT'],NO_TRIGGER,FILLED,NO_CONTINGENCY,,,,,,,,f8feb436-dcfb-4d59-ab2e-74273344ab5f,2023-09-03 18:00:00+00:00,2023-09-04 15:00:00+00:00,25727.19,,False,,
TESTER-001,SRGridStrategyV3-000,BTC/USDT.SIM,SIM-1-1703,BTC/USDT.SIM-SRGridStrategyV3-000,SIM-001,T-ff6d8e8a8e59ded2-38120,LIMIT,BUY,0.153802,GTC,False,False,0.153802,MAKER,25642.75,0.0,['0.79000000 USDT'],NO_TRIGGER,FILLED,NO_CONTINGENCY,,,,,,,,e5c4bf5e-2997-43f1-8228-7e3ee739d233,2023-09-03 18:00:00+00:00,2023-09-04 21:00:00+00:00,25642.75,,False,,
TESTER-001,SRGridStrategyV3-000,BTC/USDT.SIM,SIM-1-1709,BTC/USDT.SIM-SRGridStrategyV3-000,SIM-001,T-ed5d310ccc9e8e02-38094,LIMIT,BUY,0.194347,GTC,False,False,0.194347,MAKER,25727.190000000002,0.0,['1.00000000 USDT'],NO_TRIGGER,FILLED,NO_CONTINGENCY,,,,,,,,fcde42b9-7c1b-45ea-b3e9-1bd8060f1a7f,2023-09-03 20:00:00+00:00,2023-09-04 15:00:00+00:00,25727.19,,False,,
TESTER-001,SRGridStrategyV3-000,BTC/USDT.SIM,SIM-1-1710,BTC/USDT.SIM-SRGridStrategyV3-000,SIM-001,T-ff6d8e8a8e59ded2-38121,LIMIT,BUY,0.194987,GTC,False,False,0.194987,MAKER,25642.75,0.0,['1.00000000 USDT'],NO_TRIGGER,FILLED,NO_CONTINGENCY,,,,,,,,23d26025-9c96-421d-94af-c3e48d260cd7,2023-09-03 20:00:00+00:00,2023-09-04 21:00:00+00:00,25642.75,,False,,
TESTER-001,SRGridStrategyV3-000,BTC/USDT.SIM,SIM-1-1728,BTC/USDT.SIM-SRGridStrategyV3-000,SIM-001,T-b6132eef1451f30a-38159,MARKET,SELL,0.490988,GTC,True,False,0.490988,TAKER,25690.0,0.0,['7.57000000 USDT'],NO_TRIGGER,FILLED,NO_CONTINGENCY,,,,,,,,e5ce760a-d2be-4807-a4ed-0984e5db4275,2023-09-05 06:00:00+00:00,2023-09-05 06:00:00+00:00,,,,,
TESTER-001,SRGridStrategyV3-000,BTC/USDT.SIM,SIM-1-1729,BTC/USDT.SIM-SRGridStrategyV3-000,SIM-001,T-b6132eef1451f30a-38160,MARKET,SELL,2.335539,GTC,False,False,2.335539,TAKER,25690.0,0.0,['36.00000000 USDT'],NO_TRIGGER,FILLED,NO_CONTINGENCY,,,,,,,,dac76600-60d4-47ce-8c87-57ef537dfd6b,2023-09-05 06:00:00+00:00,2023-09-05 06:00:00+00:00,,,,,
TESTER-001,SRGridStrategyV3-000,BTC/USDT.SIM,SIM-1-1730,BTC/USDT.SIM-SRGridStrategyV3-000,SIM-001,T-e0305f8a8fed02dd-38460,MARKET,BUY,2.335539,GTC,True,False,2.335539,TAKER,25831.21,0.0,['36.20000000 USDT'],NO_TRIGGER,FILLED,NO_CONTINGENCY,,,,,,,,acedb728-a4c2-4921-b05e-6dd447406dd5,2023-09-08 10:00:00+00:00,2023-09-08 10:00:00+00:00,,,,,
TESTER-001,SRGridStrategyV3-000,BTC/USDT.SIM,SIM-1-1731,BTC/USDT.SIM-SRGridStrategyV3-000,SIM-001,T-110eb448d4bd068c-38760,LIMIT,BUY,0.195589,GTC,False,False,0.195589,MAKER,25563.86,0.0,['1.00000000 USDT'],NO_TRIGGER,FILLED,NO_CONTINGENCY,,,,,,,,757a6354-b693-4655-83da-834702d6afdc,2023-09-08 10:00:00+00:00,2023-09-11 14:00:00+00:00,25563.86,,False,,
TESTER-001,SRGridStrategyV3-000,BTC/USDT.SIM,SIM-1-1732,BTC/USDT.SIM-SRGridStrategyV3-000,SIM-001,T-110eb448d4bd068c-38762,LIMIT,BUY,0.019766,GTC,False,False,0.019766,MAKER,25296.52,0.0,['0.10000000 USDT'],NO_TRIGGER,FILLED,NO_CONTINGENCY,,,,,,,,15de5662-d33b-4312-a395-0854bbb9b2d2,2023-09-08 10:00:00+00:00,2023-09-11 14:00:00+00:00,25296.52,,False,,
TESTER-001,SRGridStrategyV3-000,BTC/USDT.SIM,SIM-1-1733,BTC/USDT.SIM-SRGridStrategyV3-000,SIM-001,T-7566e6ec6240feb6-38766,LIMIT,BUY,0.019977,GTC,False,False,0.019977,MAKER,25029.17,0.0,['0.10000000 USDT'],NO_TRIGGER,FILLED,NO_CONTINGENCY,,,,,,,,fd22e783-2780-45aa-9972-47ee690caf45,2023-09-08 10:00:00+00:00,2023-09-11 15:00:00+00:00,25029.17,,False,,
TESTER-001,SRGridStrategyV3-000,BTC/USDT.SIM,SIM-1-1739,BTC/USDT.SIM-SRGridStrategyV3-000,SIM-001,T-2ceb3617bf5821c8-38842,LIMIT,SELL,0.191581,GTC,False,False,0.191581,MAKER,26098.56,0.0,['1.00000000 USDT'],NO_TRIGGER,FILLED,NO_CONTINGENCY,,,,,,,,8d5bbacc-7301-46be-8c07-b8ddd68ccc20,2023-09-08 10:00:00+00:00,2023-09-12 10:00:00+00:00,26098.56,,False,,
TESTER-001,SRGridStrategyV3-000,BTC/USDT.SIM,SIM-1-1747,BTC/USDT.SIM-SRGridStrategyV3-000,SIM-001,T-2ceb3617bf5821c8-38843,LIMIT,SELL,0.191581,GTC,False,False,0.191581,MAKER,26098.56,0.0,['1.00000000 USDT'],NO_TRIGGER,FILLED,NO_CONTINGENCY,,,,,,,,352ec9f6-be32-4621-9f52-8eae34337c83,2023-09-11 14:00:00+00:00,2023-09-12 10:00:00+00:00,26098.56,,False,,
TESTER-001,SRGridStrategyV3-000,BTC/USDT.SIM,SIM-1-1755,BTC/USDT.SIM-SRGridStrategyV3-000,SIM-001,T-2ceb3617bf5821c8-38844,LIMIT,SELL,0.191581,GTC,False,False,0.191581,MAKER,26098.56,0.0,['1.00000000 USDT'],NO_TRIGGER,FILLED,NO_CONTINGENCY,,,,,,,,82774f40-6a5c-4efb-85c7-209ea4c60d3c,2023-09-11 15:00:00+00:00,2023-09-12 10:00:00+00:00,26098.56,,False,,
TESTER-001,SRGridStrategyV3-000,BTC/USDT.SIM,SIM-1-1768,BTC/USDT.SIM-SRGridStrategyV3-000,SIM-001,T-329281e38d23fc54-38897,LIMIT,BUY,0.193316,GTC,False,False,0.193316,MAKER,25864.34,0.0,['1.00000000 USDT'],NO_TRIGGER,FILLED,NO_CONTINGENCY,,,,,,,,bd3c7d50-bcdd-4fd7-86d5-2621c6b2aa92,2023-09-12 10:00:00+00:00,2023-09-12 23:00:00+00:00,25864.34,,False,,
TESTER-001,SRGridStrategyV3-000,BTC/USDT.SIM,SIM-1-1776,BTC/USDT.SIM-SRGridStrategyV3-000,SIM-001,T-654c3a3ee899efa6-38869,LIMIT,SELL,0.019162,GTC,False,False,0.019162,MAKER,26455.62,0.0,['0.10000000 USDT'],NO_TRIGGER,FILLED,NO_CONTINGENCY,,,,,,,,6891671b-84b7-47a1-b89b-4cf96c532a02,2023-09-12 10:00:00+00:00,2023-09-12 16:00:00+00:00,26455.62,,False,,
TESTER-001,SRGridStrategyV3-000,BTC/USDT.SIM,SIM-1-1777,BTC/USDT.SIM-SRGridStrategyV3-000,SIM-001,T-9ad70a84386acef4-39050,LIMIT,SELL,0.018691,GTC,False,False,0.018691,MAKER,26751.27,0.0,['0.10000000 USDT'],NO_TRIGGER,FILLED,NO_CONTINGENCY,,,,,,,,e4f41302-baca-4b2a-a9a5-c7a1080c7236,2023-09-12 10:00:00+00:00,2023-09-14 13:00:00+00:00,26751.27,,False,,
TESTER-001,SRGridStrategyV3-000,BTC/USDT.SIM,SIM-1-1784,BTC/USDT.SIM-SRGridStrategyV3-000,SIM-001,T-329281e38d23fc54-38898,LIMIT,BUY,0.193316,GTC,False,False,0.193316,MAKER,25864.34,0.0,['1.00000000 USDT'],NO_TRIGGER,FILLED,NO_CONTINGENCY,,,,,,,,5b7cdfd9-77aa-465e-9d70-cd46cf0fc263,2023-09-12 16:00:00+00:00,2023-09-12 23:00:00+00:00,25864.34,,False,,
TESTER-001,SRGridStrategyV3-000,BTC/USDT.SIM,SIM-1-1792,BTC/USDT.SIM-SRGridStrategyV3-000,SIM-001,T-9ad70a84386acef4-39051,LIMIT,SELL,0.019573,GTC,False,False,0.019573,MAKER,26751.27,0.0,['0.10000000 USDT'],NO_TRIGGER,FILLED,NO_CONTINGENCY,,,,,,,,62c7cce4-626f-464c-9560-ea25a2ed8e3e,2023-09-12 23:00:00+00:00,2023-09-14 13:00:00+00:00,26751.27,,False,,
TESTER-001,SRGridStrategyV3-000,BTC/USDT.SIM,SIM-1-1822,BTC/USDT.SIM-SRGridStrategyV3-000,SIM-001,T-171a58ad59a5e532-39316,MARKET,BUY,0.010205,GTC,True,False,0.010205,TAKER,26495.929999999997,0.0,['0.16000000 USDT'],NO_TRIGGER,FILLED,NO_CONTINGENCY,,,,,,,,dd378947-32ae-428f-8850-36b12cb79ffc,2023-09-17 07:00:00+00:00,2023-09-17 07:00:00+00:00,,,,,
TESTER-001,SRGridStrategyV3-000,BTC/USDT.SIM,SIM-1-1823,BTC/USDT.SIM-SRGridStrategyV3-000,SIM-001,T-171a58ad59a5e532-39317,MARKET,BUY,2.264499,GTC,False,False,2.264499,TAKER,26495.929999999997,0.0,['36.00000000 USDT'],NO_TRIGGER,FILLED,NO_CONTINGENCY,,,,,,,,51c9e950-4d15-4e97-b744-77d1696ed132,2023-09-17 07:00:00+00:00,2023-09-17 07:00:00+00:00,,,,,
TESTER-001,SRGridStrategyV3-000,BTC/USDT.SIM,SIM-1-1824,BTC/USDT.SIM-SRGridStrategyV3-000,SIM-001,T-5ae66a2e6cbf3cf1-40046,MARKET,SELL,2.264499,GTC,True,False,2.264499,TAKER,26490.85,0.0,['35.99000000 USDT'],NO_TRIGGER,FILLED,NO_CONTINGENCY,,,,,,,,b020d837-2934-470f-b52d-aad267f4da11,2023-09-24 22:00:00+00:00,2023-09-24 22:00:00+00:00,,,,,
TESTER-001,SRGridStrategyV3-000,BTC/USDT.SIM,SIM-1-1825,BTC/USDT.SIM-SRGridStrategyV3-000,SIM-001,T-74c6a5300cc92001-40050,LIMIT,BUY,0.064295,GTC,False,False,0.064295,MAKER,26366.969999999998,0.0,['0.34000000 USDT'],NO_TRIGGER,FILLED,NO_CONTINGENCY,,,,,,,,c545383a-c7c4-462d-943d-4b45224ef0f1,2023-09-24 22:00:00+00:00,2023-09-24 23:00:00+00:00,26366.97,,False,,
TESTER-001,SRGridStrategyV3-000,BTC/USDT.SIM,SIM-1-1826,BTC/USDT.SIM-SRGridStrategyV3-000,SIM-001,T-4189a67c59b86845-40054,LIMIT,BUY,0.084362,GTC,False,False,0.084362,MAKER,26243.1,0.0,['0.44000000 USDT'],NO_TRIGGER,FILLED,NO_CONTINGENCY,,,,,,,,19620774-3587-438d-ac36-322f634608b7,2023-09-24 22:00:00+00:00,2023-09-25 00:00:00+00:00,26243.10,,False,,
TESTER-001,SRGridStrategyV3-000,BTC/USDT.SIM,SIM-1-1827,BTC/USDT.SIM-SRGridStrategyV3-000,SIM-001,T-bc52d4553656b675-40071,LIMIT,BUY,0.093705,GTC,False,False,0.093705,MAKER,26119.22,0.0,['0.49000000 USDT'],NO_TRIGGER,FILLED,NO_CONTINGENCY,,,,,,,,de7bc4b3-4a3c-4087-80bd-1105acc59aa6,2023-09-24 22:00:00+00:00,2023-09-25 04:00:00+00:00,26119.22,,False,,
TESTER-001,SRGridStrategyV3-000,BTC/USDT.SIM,SIM-1-1828,BTC/USDT.SIM-SRGridStrategyV3-000,SIM-001,T-05e2ccc74440d5ea-40104,LIMIT,BUY,0.051890,GTC,False,False,0.051890,MAKER,25995.350000000002,0.0,['0.27000000 USDT'],NO_TRIGGER,FILLED,NO_CONTINGENCY,,,,,,,,014239c8-8c94-4b91-9582-369a24f62d57,2023-09-24 22:00:00+00:00,2023-09-25 12:00:00+00:00,25995.35,,False,,
TESTER-001,SRGridStrategyV3-000,BTC/USDT.SIM,SIM-1-1833,BTC/USDT.SIM-SRGridStrategyV3-000,SIM-001,T-18d72aebea455d12-40291,LIMIT,SELL,0.187866,GTC,False,False,0.187866,MAKER,26614.73,0.0,['1.00000000 USDT'],NO_TRIGGER,FILLED,NO_CONTINGENCY,,,,,,,,ff5a3019-02ad-48ed-9c73-60c9c3ff7184,2023-09-24 22:00:00+00:00,2023-09-27 11:00:00+00:00,26614.73,,False,,
TESTER-001,SRGridStrategyV3-000,BTC/USDT.SIM,SIM-1-1834,BTC/USDT.SIM-SRGridStrategyV3-000,SIM-001,T-18d72aebea455d12-40298,LIMIT,SELL,0.090570,GTC,False,False,0.090570,MAKER,26738.6,0.0,['0.48000000 USDT'],NO_TRIGGER,FILLED,NO_CONTINGENCY,,,,,,,,307068db-3c20-4a9e-9f30-bb51d2747337,2023-09-24 22:00:00+00:00,2023-09-27 11:00:00+00:00,26738.60,,False,,
TESTER-001,SRGridStrategyV3-000,BTC/USDT.SIM,SIM-1-1835,BTC/USDT.SIM-SRGridStrategyV3-000,SIM-001,T-fbcd8c660bb28b9b-40409,LIMIT,SELL,0.036778,GTC,False,False,0.036778,MAKER,26862.48,0.0,['0.20000000 USDT'],NO_TRIGGER,FILLED,NO_CONTINGENCY,,,,,,,,efb4adae-f64f-4cc5-99d0-ed24f1f3d6d0,2023-09-24 22:00:00+00:00,2023-09-28 14:00:00+00:00,26862.48,,False,,
TESTER-001,SRGridStrategyV3-000,BTC/USDT.SIM,SIM-1-1836,BTC/USDT.SIM-SRGridStrategyV3-000,SIM-001,T-37b7baba714f56d0-40418,LIMIT,SELL,0.041031,GTC,False,False,0.041031,MAKER,26986.350000000002,0.0,['0.22000000 USDT'],NO_TRIGGER,FILLED,NO_CONTINGENCY,,,,,,,,8f109df6-e975-4504-8027-35e78cdc456d,2023-09-24 22:00:00+00:00,2023-09-28 15:00:00+00:00,26986.35,,False,,
TESTER-001,SRGridStrategyV3-000,BTC/USDT.SIM,SIM-1-1837,BTC/USDT.SIM-SRGridStrategyV3-000,SIM-001,T-fc677a80cd19ae86-40427,LIMIT,SELL,0.092628,GTC,False,False,0.092628,MAKER,27110.230000000003,0.0,['0.50000000 USDT'],NO_TRIGGER,FILLED,NO_CONTINGENCY,,,,,,,,45a368f1-9f51-470a-b812-9d965492c9e0,2023-09-24 22:00:00+00:00,2023-09-28 16:00:00+00:00,27110.23,,False,,
TESTER-001,SRGridStrategyV3-000,BTC/USDT.SIM,SIM-1-1841,BTC/USDT.SIM-SRGridStrategyV3-000,SIM-001,T-18d72aebea455d12-40292,LIMIT,SELL,0.187866,GTC,False,False,0.187866,MAKER,26614.73,0.0,['1.00000000 USDT'],NO_TRIGGER,FILLED,NO_CONTINGENCY,,,,,,,,7625a49f-f524-4853-94c7-e0482a31c340,2023-09-24 23:00:00+00:00,2023-09-27 11:00:00+00:00,26614.73,,False,,
TESTER-001,SRGridStrategyV3-000,BTC/USDT.SIM,SIM-1-1842,BTC/USDT.SIM-SRGridStrategyV3-000,SIM-001,T-18d72aebea455d12-40299,LIMIT,SELL,0.100778,GTC,False,False,0.100778,MAKER,26738.6,0.0,['0.54000000 USDT'],NO_TRIGGER,FILLED,NO_CONTINGENCY,,,,,,,,d2c6148f-16be-4aa4-a02f-15fffcd6ff61,2023-09-24 23:00:00+00:00,2023-09-27 11:00:00+00:00,26738.60,,False,,
TESTER-001,SRGridStrategyV3-000,BTC/USDT.SIM,SIM-1-1843,BTC/USDT.SIM-SRGridStrategyV3-000,SIM-001,T-fbcd8c660bb28b9b-40410,LIMIT,SELL,0.040915,GTC,False,False,0.040915,MAKER,26862.48,0.0,['0.22000000 USDT'],NO_TRIGGER,FILLED,NO_CONTINGENCY,,,,,,,,09d8b544-020a-45a8-a31f-118753ca8202,2023-09-24 23:00:00+00:00,2023-09-28 14:00:00+00:00,26862.48,,False,,
TESTER-001,SRGridStrategyV3-000,BTC/USDT.SIM,SIM-1-1844,BTC/USDT.SIM-SRGridStrategyV3-000,SIM-001,T-37b7baba714f56d0-40419,LIMIT,SELL,0.045644,GTC,False,False,0.045644,MAKER,26986.350000000002,0.0,['0.25000000 USDT'],NO_TRIGGER,FILLED,NO_CONTINGENCY,,,,,,,,e7409f87-da09-4ed9-beb2-d6b27fa386ab,2023-09-24 23:00:00+00:00,2023-09-28 15:00:00+00:00,26986.35,,False,,
TESTER-001,SRGridStrategyV3-000,BTC/USDT.SIM,SIM-1-1845,BTC/USDT.SIM-SRGridStrategyV3-000,SIM-001,T-fc677a80cd19ae86-40428,LIMIT,SELL,0.103126,GTC,False,False,0.103126,MAKER,27110.230000000003,0.0,['0.56000000 USDT'],NO_TRIGGER,FILLED,NO_CONTINGENCY,,,,,,,,3f47a2f5-7eb2-4361-b79e-050f6a875fcf,2023-09-24 23:00:00+00:00,2023-09-28 16:00:00+00:00,27110.23,,False,,
TESTER-001,SRGridStrategyV3-000,BTC/USDT.SIM,SIM-1-1849,BTC/USDT.SIM-SRGridStrategyV3-000,SIM-001,T-18d72aebea455d12-40293,LIMIT,SELL,0.187866,GTC,False,False,0.187866,MAKER,26614.73,0.0,['1.00000000 USDT'],NO_TRIGGER,FILLED,NO_CONTINGENCY,,,,,,,,ce9a747b-1897-4ff6-a2cd-418497dfa192,2023-09-25 00:00:00+00:00,2023-09-27 11:00:00+00:00,26614.73,,False,,
TESTER-001,SRGridStrategyV3-000,BTC/USDT.SIM,SIM-1-1850,BTC/USDT.SIM-SRGridStrategyV3-000,SIM-001,T-18d72aebea455d12-40300,LIMIT,SELL,0.114108,GTC,False,False,0.114108,MAKER,26738.6,0.0,['0.61000000 USDT'],NO_TRIGGER,FILLED,NO_CONTINGENCY,,,,,,,,678b3ae9-5e2c-4602-a01d-abc7e60cd0c3,2023-09-25 00:00:00+00:00,2023-09-27 11:00:00+00:00,26738.60,,False,,
TESTER-001,SRGridStrategyV3-000,BTC/USDT.SIM,SIM-1-1851,BTC/USDT.SIM-SRGridStrategyV3-000,SIM-001,T-fbcd8c660bb28b9b-40411,LIMIT,SELL,0.046318,GTC,False,False,0.046318,MAKER,26862.48,0.0,['0.25000000 USDT'],NO_TRIGGER,FILLED,NO_CONTINGENCY,,,,,,,,15ee4d75-91c0-4e83-a623-b7d9f7836a8a,2023-09-25 00:00:00+00:00,2023-09-28 14:00:00+00:00,26862.48,,False,,
TESTER-001,SRGridStrategyV3-000,BTC/USDT.SIM,SIM-1-1852,BTC/USDT.SIM-SRGridStrategyV3-000,SIM-001,T-37b7baba714f56d0-40420,LIMIT,SELL,0.051667,GTC,False,False,0.051667,MAKER,26986.350000000002,0.0,['0.28000000 USDT'],NO_TRIGGER,FILLED,NO_CONTINGENCY,,,,,,,,b0365bfb-eae4-4ac3-aa29-861cdc31cc6c,2023-09-25 00:00:00+00:00,2023-09-28 15:00:00+00:00,26986.35,,False,,
TESTER-001,SRGridStrategyV3-000,BTC/USDT.SIM,SIM-1-1853,BTC/USDT.SIM-SRGridStrategyV3-000,SIM-001,T-fc677a80cd19ae86-40429,LIMIT,SELL,0.116836,GTC,False,False,0.116836,MAKER,27110.230000000003,0.0,['0.63000000 USDT'],NO_TRIGGER,FILLED,NO_CONTINGENCY,,,,,,,,878e8dc5-6f8b-4225-82ac-37e0591cf3dc,2023-09-25 00:00:00+00:00,2023-09-28 16:00:00+00:00,27110.23,,False,,
TESTER-001,SRGridStrategyV3-000,BTC/USDT.SIM,SIM-1-1857,BTC/USDT.SIM-SRGridStrategyV3-000,SIM-001,T-18d72aebea455d12-40294,LIMIT,SELL,0.187866,GTC,False,False,0.187866,MAKER,26614.73,0.0,['1.00000000 USDT'],NO_TRIGGER,FILLED,NO_CONTINGENCY,,,,,,,,684f00dd-ce55-47bb-b20d-28e3fd7e933f,2023-09-25 04:00:00+00:00,2023-09-27 11:00:00+00:00,26614.73,,False,,
TESTER-001,SRGridStrategyV3-000,BTC/USDT.SIM,SIM-1-1858,BTC/USDT.SIM-SRGridStrategyV3-000,SIM-001,T-18d72aebea455d12-40301,LIMIT,SELL,0.128828,GTC,False,False,0.128828,MAKER,26738.6,0.0,['0.69000000 USDT'],NO_TRIGGER,FILLED,NO_CONTINGENCY,,,,,,,,4640f9c8-9a76-4e33-a360-df439e5fb70e,2023-09-25 04:00:00+00:00,2023-09-27 11:00:00+00:00,26738.60,,False,,
TESTER-001,SRGridStrategyV3-000,BTC/USDT.SIM,SIM-1-1859,BTC/USDT.SIM-SRGridStrategyV3-000,SIM-001,T-fbcd8c660bb28b9b-40412,LIMIT,SELL,0.052279,GTC,False,False,0.052279,MAKER,26862.48,0.0,['0.28000000 USDT'],NO_TRIGGER,FILLED,NO_CONTINGENCY,,,,,,,,298961e6-c77c-4cc4-88df-387567909dbf,2023-09-25 04:00:00+00:00,2023-09-28 14:00:00+00:00,26862.48,,False,,
TESTER-001,SRGridStrategyV3-000,BTC/USDT.SIM,SIM-1-1860,BTC/USDT.SIM-SRGridStrategyV3-000,SIM-001,T-37b7baba714f56d0-40421,LIMIT,SELL,0.058312,GTC,False,False,0.058312,MAKER,26986.350000000002,0.0,['0.31000000 USDT'],NO_TRIGGER,FILLED,NO_CONTINGENCY,,,,,,,,f100d6d6-4d92-4a97-b641-e1d95877a265,2023-09-25 04:00:00+00:00,2023-09-28 15:00:00+00:00,26986.35,,False,,
TESTER-001,SRGridStrategyV3-000,BTC/USDT.SIM,SIM-1-1861,BTC/USDT.SIM-SRGridStrategyV3-000,SIM-001,T-fc677a80cd19ae86-40430,LIMIT,SELL,0.132010,GTC,False,False,0.132010,MAKER,27110.230000000003,0.0,['0.72000000 USDT'],NO_TRIGGER,FILLED,NO_CONTINGENCY,,,,,,,,337b42f9-4622-4201-b917-0f2cbd4ab582,2023-09-25 04:00:00+00:00,2023-09-28 16:00:00+00:00,27110.23,,False,,
TESTER-001,SRGridStrategyV3-000,BTC/USDT.SIM,SIM-1-1865,BTC/USDT.SIM-SRGridStrategyV3-000,SIM-001,T-18d72aebea455d12-40295,LIMIT,SELL,0.187866,GTC,False,False,0.187866,MAKER,26614.73,0.0,['1.00000000 USDT'],NO_TRIGGER,FILLED,NO_CONTINGENCY,,,,,,,,419fbc61-a23a-41cb-b268-919868ef457b,2023-09-25 12:00:00+00:00,2023-09-27 11:00:00+00:00,26614.73,,False,,
TESTER-001,SRGridStrategyV3-000,BTC/USDT.SIM,SIM-1-1866,BTC/USDT.SIM-SRGridStrategyV3-000,SIM-001,T-18d72aebea455d12-40302,LIMIT,SELL,0.136937,GTC,False,False,0.136937,MAKER,26738.6,0.0,['0.73000000 USDT'],NO_TRIGGER,FILLED,NO_CONTINGENCY,,,,,,,,a12b311f-40cc-46cb-a2f5-b3315e4bd3eb,2023-09-25 12:00:00+00:00,2023-09-27 11:00:00+00:00,26738.60,,False,,
TESTER-001,SRGridStrategyV3-000,BTC/USDT.SIM,SIM-1-1867,BTC/USDT.SIM-SRGridStrategyV3-000,SIM-001,T-fbcd8c660bb28b9b-40413,LIMIT,SELL,0.055561,GTC,False,False,0.055561,MAKER,26862.48,0.0,['0.30000000 USDT'],NO_TRIGGER,FILLED,NO_CONTINGENCY,,,,,,,,5651344b-8733-46e3-ba89-6779f805eebf,2023-09-25 12:00:00+00:00,2023-09-28 14:00:00+00:00,26862.48,,False,,
TESTER-001,SRGridStrategyV3-000,BTC/USDT.SIM,SIM-1-1868,BTC/USDT.SIM-SRGridStrategyV3-000,SIM-001,T-37b7baba714f56d0-40422,LIMIT,SELL,0.061970,GTC,False,False,0.061970,MAKER,26986.350000000002,0.0,['0.33000000 USDT'],NO_TRIGGER,FILLED,NO_CONTINGENCY,,,,,,,,9c6c62e4-6b03-447c-ac3c-c13090be2046,2023-09-25 12:00:00+00:00,2023-09-28 15:00:00+00:00,26986.35,,False,,
TESTER-001,SRGridStrategyV3-000,BTC/USDT.SIM,SIM-1-1869,BTC/USDT.SIM-SRGridStrategyV3-000,SIM-001,T-fc677a80cd19ae86-40431,LIMIT,SELL,0.140378,GTC,False,False,0.140378,MAKER,27110.230000000003,0.0,['0.76000000 USDT'],NO_TRIGGER,FILLED,NO_CONTINGENCY,,,,,,,,7acf2b5f-b044-4337-a492-e9cd09989932,2023-09-25 12:00:00+00:00,2023-09-28 16:00:00+00:00,27110.23,,False,,
TESTER-001,SRGridStrategyV3-000,BTC/USDT.SIM,SIM-1-1889,BTC/USDT.SIM-SRGridStrategyV3-000,SIM-001,T-3d8318f905c5f353-40520,LIMIT,BUY,0.175986,GTC,False,False,0.175986,MAKER,26718.37,0.0,['0.94000000 USDT'],NO_TRIGGER,FILLED,NO_CONTINGENCY,,,,,,,,ae0dfd4b-3dc3-4cdf-b676-2867a5082966,2023-09-28 22:00:00+00:00,2023-09-29 14:00:00+00:00,26718.37,,False,,
TESTER-001,SRGridStrategyV3-000,BTC/USDT.SIM,SIM-1-1897,BTC/USDT.SIM-SRGridStrategyV3-000,SIM-001,T-33d446dcca6a39cc-40744,LIMIT,SELL,0.183126,GTC,False,False,0.183126,MAKER,27303.609999999997,0.0,['1.00000000 USDT'],NO_TRIGGER,FILLED,NO_CONTINGENCY,,,,,,,,269db051-cdc0-4c42-ae21-d12310e5c9f0,2023-09-28 22:00:00+00:00,2023-10-01 22:00:00+00:00,27303.61,,False,,
TESTER-001,SRGridStrategyV3-000,BTC/USDT.SIM,SIM-1-1898,BTC/USDT.SIM-SRGridStrategyV3-000,SIM-001,T-33d446dcca6a39cc-40748,LIMIT,SELL,0.018118,GTC,False,False,0.018118,MAKER,27596.22,0.0,['0.10000000 USDT'],NO_TRIGGER,FILLED,NO_CONTINGENCY,,,,,,,,8b40603b-a04f-4df6-bed6-50ae86338f9c,2023-09-28 22:00:00+00:00,2023-10-01 22:00:00+00:00,27596.22,,False,,
TESTER-001,SRGridStrategyV3-000,BTC/USDT.SIM,SIM-1-1899,BTC/USDT.SIM-SRGridStrategyV3-000,SIM-001,T-33d446dcca6a39cc-40750,LIMIT,SELL,0.017928,GTC,False,False,0.017928,MAKER,27888.84,0.0,['0.10000000 USDT'],NO_TRIGGER,FILLED,NO_CONTINGENCY,,,,,,,,f547ccda-b598-4521-bada-467bc2a6ab3d,2023-09-28 22:00:00+00:00,2023-10-01 22:00:00+00:00,27888.84,,False,,
TESTER-001,SRGridStrategyV3-000,BTC/USDT.SIM,SIM-1-1905,BTC/USDT.SIM-SRGridStrategyV3-000,SIM-001,T-33d446dcca6a39cc-40745,LIMIT,SELL,0.183126,GTC,False,False,0.183126,MAKER,27303.609999999997,0.0,['1.00000000 USDT'],NO_TRIGGER,FILLED,NO_CONTINGENCY,,,,,,,,cc7adf4f-1224-42c9-a2a1-b386a8417f56,2023-09-29 14:00:00+00:00,2023-10-01 22:00:00+00:00,27303.61,,False,,
TESTER-001,SRGridStrategyV3-000,BTC/USDT.SIM,SIM-1-1906,BTC/USDT.SIM-SRGridStrategyV3-000,SIM-001,T-33d446dcca6a39cc-40749,LIMIT,SELL,0.019397,GTC,False,False,0.019397,MAKER,27596.22,0.0,['0.11000000 USDT'],NO_TRIGGER,FILLED,NO_CONTINGENCY,,,,,,,,62ee288f-fa58-4402-b750-0416f4884afb,2023-09-29 14:00:00+00:00,2023-10-01 22:00:00+00:00,27596.22,,False,,
TESTER-001,SRGridStrategyV3-000,BTC/USDT.SIM,SIM-1-1907,BTC/USDT.SIM-SRGridStrategyV3-000,SIM-001,T-33d446dcca6a39cc-40751,LIMIT,SELL,0.017928,GTC,False,False,0.017928,MAKER,27888.84,0.0,['0.10000000 USDT'],NO_TRIGGER,FILLED,NO_CONTINGENCY,,,,,,,,a9caa4e4-9d77-4fa8-be8e-c5846dda5d9b,2023-09-29 14:00:00+00:00,2023-10-01 22:00:00+00:00,27888.84,,False,,
TESTER-001,SRGridStrategyV3-000,BTC/USDT.SIM,SIM-1-1927,BTC/USDT.SIM-SRGridStrategyV3-000,SIM-001,T-c507c75ef892dfb8-40768,MARKET,BUY,2.555389,GTC,True,False,2.555389,TAKER,27982.6,0.0,['42.90000000 USDT'],NO_TRIGGER,FILLED,NO_CONTINGENCY,,,,,,,,8608da0e-7382-40d5-904f-2ecbf6efcd6d,2023-10-02 02:00:00+00:00,2023-10-02 02:00:00+00:00,,,,,
TESTER-001,SRGridStrategyV3-000,BTC/USDT.SIM,SIM-1-1928,BTC/USDT.SIM-SRGridStrategyV3-000,SIM-001,T-c507c75ef892dfb8-40769,MARKET,BUY,2.144190,GTC,False,False,2.144190,TAKER,27982.6,0.0,['36.00000000 USDT'],NO_TRIGGER,FILLED,NO_CONTINGENCY,,,,,,,,2c2ef28f-829f-42e1-9e62-2d611fe50d66,2023-10-02 02:00:00+00:00,2023-10-02 02:00:00+00:00,,,,,
TESTER-001,SRGridStrategyV3-000,BTC/USDT.SIM,SIM-1-1929,BTC/USDT.SIM-SRGridStrategyV3-000,SIM-001,T-cd9ea4ad5a602cc6-41733,MARKET,SELL,2.144190,GTC,True,False,2.144190,TAKER,26821.1,0.0,['34.51000000 USDT'],NO_TRIGGER,FILLED,NO_CONTINGENCY,,,,,,,,c462b72c-72ea-423c-a62d-edaafcbbe490,2023-10-12 04:00:00+00:00,2023-10-12 04:00:00+00:00,,,,,
TESTER-001,SRGridStrategyV3-000,BTC/USDT.SIM,SIM-1-1930,BTC/USDT.SIM-SRGridStrategyV3-000,SIM-001,T-1839340d5d527e61-41777,LIMIT,BUY,0.113113,GTC,False,False,0.113113,MAKER,26626.08,0.0,['0.60000000 USDT'],NO_TRIGGER,FILLED,NO_CONTINGENCY,,,,,,,,fbc832b1-5bc6-4346-a3d0-fef3f99c81a9,2023-10-12 04:00:00+00:00,2023-10-12 15:00:00+00:00,26626.08,,False,,
TESTER-001,SRGridStrategyV3-000,BTC/USDT.SIM,SIM-1-1938,BTC/USDT.SIM-SRGridStrategyV3-000,SIM-001,T-46033370159cea15-41892,LIMIT,SELL,0.089055,GTC,False,False,0.089055,MAKER,27016.12,0.0,['0.48000000 USDT'],NO_TRIGGER,FILLED,NO_CONTINGENCY,,,,,,,,5684cf31-265d-41ad-9333-54c0dec217ec,2023-10-12 04:00:00+00:00,2023-10-13 20:00:00+00:00,27016.12,,False,,
TESTER-001,SRGridStrategyV3-000,BTC/USDT.SIM,SIM-1-1946,BTC/USDT.SIM-SRGridStrategyV3-000,SIM-001,T-46033370159cea15-41893,LIMIT,SELL,0.107011,GTC,False,False,0.107011,MAKER,27016.12,0.0,['0.58000000 USDT'],NO_TRIGGER,FILLED,NO_CONTINGENCY,,,,,,,,ce69448e-8196-4f8a-bbae-1def0ed97ba8,2023-10-12 15:00:00+00:00,2023-10-13 20:00:00+00:00,27016.12,,False,,
TESTER-001,SRGridStrategyV3-000,BTC/USDT.SIM,SIM-1-1961,BTC/USDT.SIM-SRGridStrategyV3-000,SIM-001,T-87ad40b50931c9de-42025,MARKET,BUY,0.082953,GTC,True,False,0.082953,TAKER,26882.44,0.0,['1.34000000 USDT'],NO_TRIGGER,FILLED,NO_CONTINGENCY,,,,,,,,76d1788c-6aaa-4637-9b14-91b7a01747d9,2023-10-15 05:00:00+00:00,2023-10-15 05:00:00+00:00,,,,,
TESTER-001,SRGridStrategyV3-000,BTC/USDT.SIM,SIM-1-1962,BTC/USDT.SIM-SRGridStrategyV3-000,SIM-001,T-87ad40b50931c9de-42026,MARKET,SELL,2.231940,GTC,False,False,2.231940,TAKER,26882.44,0.0,['36.00000000 USDT'],NO_TRIGGER,FILLED,NO_CONTINGENCY,,,,,,,,80def24b-252d-415d-9e06-343e7d2f032f,2023-10-15 05:00:00+00:00,2023-10-15 05:00:00+00:00,,,,,
TESTER-001,SRGridStrategyV3-000,BTC/USDT.SIM,SIM-1-1963,BTC/USDT.SIM-SRGridStrategyV3-000,SIM-001,T-12d60d655d3efa3a-42156,MARKET,BUY,2.231940,GTC,True,False,2.231940,TAKER,28193.83,0.0,['37.76000000 USDT'],NO_TRIGGER,FILLED,NO_CONTINGENCY,,,,,,,,1a13cee7-7f6f-4a45-87a8-af32dcc1d0c3,2023-10-16 14:00:00+00:00,2023-10-16 14:00:00+00:00,,,,,
TESTER-001,SRGridStrategyV3-000,BTC/USDT.SIM,SIM-1-1972,BTC/USDT.SIM-SRGridStrategyV3-000,SIM-001,T-eb4d316cb91833f4-42175,LIMIT,SELL,0.174136,GTC,False,False,0.174136,MAKER,28713.24,0.0,['1.00000000 USDT'],NO_TRIGGER,FILLED,NO_CONTINGENCY,,,,,,,,b26305ce-41ba-447f-bacc-69adf316f8fc,2023-10-16 14:00:00+00:00,2023-10-16 19:00:00+00:00,28713.24,,False,,
TESTER-001,SRGridStrategyV3-000,BTC/USDT.SIM,SIM-1-1988,BTC/USDT.SIM-SRGridStrategyV3-000,SIM-001,T-c1f4340be537e01a-42284,MARKET,BUY,0.174136,GTC,True,False,0.174136,TAKER,28416.91,0.0,['2.97000000 USDT'],NO_TRIGGER,FILLED,NO_CONTINGENCY,,,,,,,,29b5315e-2d8e-4557-8960-641a4ab4f172,2023-10-17 22:00:00+00:00,2023-10-17 22:00:00+00:00,,,,,
TESTER-001,SRGridStrategyV3-000,BTC/USDT.SIM,SIM-1-1989,BTC/USDT.SIM-SRGridStrategyV3-000,SIM-001,T-c1f4340be537e01a-42285,MARKET,BUY,2.111419,GTC,False,False,2.111419,TAKER,28416.91,0.0,['36.00000000 USDT'],NO_TRIGGER,FILLED,NO_CONTINGENCY,,,,,,,,d84bffc4-ec99-476a-a3af-49d314ce72d4,2023-10-17 22:00:00+00:00,2023-10-17 22:00:00+00:00,,,,,
TESTER-001,SRGridStrategyV3-000,BTC/USDT.SIM,SIM-1-1990,BTC/USDT.SIM-SRGridStrategyV3-000,SIM-001,T-1b7ef1a754ea0531-45341,MARKET,SELL,2.111419,GTC,True,False,2.111419,TAKER,36542.009999999995,0.0,['46.29000000 USDT'],NO_TRIGGER,FILLED,NO_CONTINGENCY,,,,,,,,29ad2aa7-277d-4d80-80c7-bbae89672e21,2023-11-18 21:00:00+00:00,2023-11-18 21:00:00+00:00,,,,,
TESTER-001,SRGridStrategyV3-000,BTC/USDT.SIM,SIM-1-2007,BTC/USDT.SIM-SRGridStrategyV3-000,SIM-001,T-9563728ebdf59a4c-45414,MARKET,BUY,1.640767,GTC,False,False,1.640767,TAKER,36568.270000000004,0.0,['36.00000000 USDT'],NO_TRIGGER,FILLED,NO_CONTINGENCY,,,,,,,,92b46d92-7d79-43e2-9319-5de3981ae749,2023-11-19 15:00:00+00:00,2023-11-19 15:00:00+00:00,,,,,
TESTER-001,SRGridStrategyV3-000,BTC/USDT.SIM,SIM-1-2008,BTC/USDT.SIM-SRGridStrategyV3-000,SIM-001,T-9563728ebdf59a4c-45415,MARKET,BUY,1.640767,GTC,False,False,1.640767,TAKER,36568.270000000004,0.0,['36.00000000 USDT'],NO_TRIGGER,FILLED,NO_CONTINGENCY,,,,,,,,b07f7d64-f170-4aa3-a0f6-8bfdc1e4a611,2023-11-19 15:00:00+00:00,2023-11-19 15:00:00+00:00,,,,,
TESTER-001,SRGridStrategyV3-000,BTC/USDT.SIM,SIM-1-2009,BTC/USDT.SIM-SRGridStrategyV3-000,SIM-001,T-0c460bceaa4f8488-48190,MARKET,SELL,3.281534,GTC,True,False,3.281534,TAKER,41495.990000000005,0.0,['81.70000000 USDT'],NO_TRIGGER,FILLED,NO_CONTINGENCY,,,,,,,,a2287f26-9943-407c-9c5a-984d8e2e4e09,2023-12-18 16:00:00+00:00,2023-12-18 16:00:00+00:00,,,,,
TESTER-001,SRGridStrategyV3-000,BTC/USDT.SIM,SIM-1-2010,BTC/USDT.SIM-SRGridStrategyV3-000,SIM-001,T-dcdcb487e6961367-48204,LIMIT,SELL,0.119040,GTC,False,False,0.119040,MAKER,42002.630000000005,0.0,['1.00000000 USDT'],NO_TRIGGER,FILLED,NO_CONTINGENCY,,,,,,,,3cae3ad4-0e88-4eae-8ff9-6a7ecf560bce,2023-12-18 16:00:00+00:00,2023-12-18 20:00:00+00:00,42002.63,,False,,
TESTER-001,SRGridStrategyV3-000,BTC/USDT.SIM,SIM-1-2011,BTC/USDT.SIM-SRGridStrategyV3-000,SIM-001,T-c1f109b3d186574d-48209,LIMIT,SELL,0.085677,GTC,False,False,0.085677,MAKER,42509.26,0.0,['0.73000000 USDT'],NO_TRIGGER,FILLED,NO_CONTINGENCY,,,,,,,,13cf5def-6430-4257-9ada-fa0829b4adc3,2023-12-18 16:00:00+00:00,2023-12-18 21:00:00+00:00,42509.26,,False,,
TESTER-001,SRGridStrategyV3-000,BTC/USDT.SIM,SIM-1-2012,BTC/USDT.SIM-SRGridStrategyV3-000,SIM-001,T-20dce83d89b91e79-48226,LIMIT,SELL,0.086737,GTC,False,False,0.086737,MAKER,43015.9,0.0,['0.75000000 USDT'],NO_TRIGGER,FILLED,NO_CONTINGENCY,,,,,,,,e34a8dee-73fe-4c75-aa0c-32e1181eca76,2023-12-18 16:00:00+00:00,2023-12-19 01:00:00+00:00,43015.90,,False,,
TESTER-001,SRGridStrategyV3-000,BTC/USDT.SIM,SIM-1-2013,BTC/USDT.SIM-SRGridStrategyV3-000,SIM-001,T-1fb408ace27c1097-48371,LIMIT,SELL,0.104258,GTC,False,False,0.104258,MAKER,43522.54,0.0,['0.91000000 USDT'],NO_TRIGGER,FILLED,NO_CONTINGENCY,,,,,,,,7a663092-6ef8-4192-89e2-e6f44d9d8497,2023-12-18 16:00:00+00:00,2023-12-20 13:00:00+00:00,43522.54,,False,,
TESTER-001,SRGridStrategyV3-000,BTC/USDT.SIM,SIM-1-2014,BTC/USDT.SIM-SRGridStrategyV3-000,SIM-001,T-2f43ae78c755258e-48376,LIMIT,SELL,0.113561,GTC,False,False,0.113561,MAKER,44029.17,0.0,['1.00000000 USDT'],NO_TRIGGER,FILLED,NO_CONTINGENCY,,,,,,,,1255c527-dbb7-444a-95eb-f84ed7f97e06,2023-12-18 16:00:00+00:00,2023-12-20 14:00:00+00:00,44029.17,,False,,
TESTER-001,SRGridStrategyV3-000,BTC/USDT.SIM,SIM-1-2018,BTC/USDT.SIM-SRGridStrategyV3-000,SIM-001,T-e3d256a4fa8ad1a7-48502,MARKET,BUY,0.509273,GTC,True,False,0.509273,TAKER,43994.93,0.0,['13.44000000 USDT'],NO_TRIGGER,FILLED,NO_CONTINGENCY,,,,,,,,6aab6548-5c1c-4ad7-80bd-756f7a23f813,2023-12-21 21:00:00+00:00,2023-12-21 21:00:00+00:00,,,,,
TESTER-001,SRGridStrategyV3-000,BTC/USDT.SIM,SIM-1-2019,BTC/USDT.SIM-SRGridStrategyV3-000,SIM-001,T-e3d256a4fa8ad1a7-48503,MARKET,BUY,1.363794,GTC,False,False,1.363794,TAKER,43994.93,0.0,['36.00000000 USDT'],NO_TRIGGER,FILLED,NO_CONTINGENCY,,,,,,,,0252b6c6-e435-4001-8f04-526333472ab5,2023-12-21 21:00:00+00:00,2023-12-21 21:00:00+00:00,,,,,
TESTER-001,SRGridStrategyV3-000,BTC/USDT.SIM,SIM-1-2020,BTC/USDT.SIM-SRGridStrategyV3-000,SIM-001,T-4ea0f2d85850d6f3-48548,MARKET,SELL,1.363794,GTC,True,False,1.363794,TAKER,43610.009999999995,0.0,['35.69000000 USDT'],NO_TRIGGER,FILLED,NO_CONTINGENCY,,,,,,,,a2488b1f-0f29-4b2f-9970-0b11dfbaa3fc,2023-12-22 08:00:00+00:00,2023-12-22 08:00:00+00:00,,,,,
TESTER-001,SRGridStrategyV3-000,BTC/USDT.SIM,SIM-1-2029,BTC/USDT.SIM-SRGridStrategyV3-000,SIM-001,T-3367565a35dc0a52-48607,LIMIT,SELL,0.113529,GTC,False,False,0.113529,MAKER,44041.66,0.0,['1.00000000 USDT'],NO_TRIGGER,FILLED,NO_CONTINGENCY,,,,,,,,78397bfa-fc27-4fa8-879b-7e913f22a467,2023-12-22 08:00:00+00:00,2023-12-22 23:00:00+00:00,44041.66,,False,,
TESTER-001,SRGridStrategyV3-000,BTC/USDT.SIM,SIM-1-2045,BTC/USDT.SIM-SRGridStrategyV3-000,SIM-001,T-922a1b7753dbadd7-48614,MARKET,BUY,0.113529,GTC,True,False,0.113529,TAKER,43813.89,0.0,['2.98000000 USDT'],NO_TRIGGER,FILLED,NO_CONTINGENCY,,,,,,,,e4117bcf-0263-451a-bcfe-5a3b641a86b6,2023-12-23 00:00:00+00:00,2023-12-23 00:00:00+00:00,,,,,
TESTER-001,SRGridStrategyV3-000,BTC/USDT.SIM,SIM-1-2046,BTC/USDT.SIM-SRGridStrategyV3-000,SIM-001,T-922a1b7753dbadd7-48615,MARKET,BUY,1.369429,GTC,False,False,1.369429,TAKER,43813.89,0.0,['36.00000000 USDT'],NO_TRIGGER,FILLED,NO_CONTINGENCY,,,,,,,,2ba5a8fa-0a55-4279-82a9-7cc689892332,2023-12-23 00:00:00+00:00,2023-12-23 00:00:00+00:00,,,,,
TESTER-001,SRGridStrategyV3-000,BTC/USDT.SIM,SIM-1-2047,BTC/USDT.SIM-SRGridStrategyV3-000,SIM-001,T-0ec199ef40faec8e-48968,MARKET,SELL,1.369429,GTC,True,False,1.369429,TAKER,42009.990000000005,0.0,['34.52000000 USDT'],NO_TRIGGER,FILLED,NO_CONTINGENCY,,,,,,,,c19f8bab-691b-4007-8000-4619d784911f,2023-12-26 17:00:00+00:00,2023-12-26 17:00:00+00:00,,,,,
TESTER-001,SRGridStrategyV3-000,BTC/USDT.SIM,SIM-1-2048,BTC/USDT.SIM-SRGridStrategyV3-000,SIM-001,T-4ee3d17b036a72de-49279,LIMIT,BUY,0.120494,GTC,False,False,0.120494,MAKER,41495.98,0.0,['1.00000000 USDT'],NO_TRIGGER,FILLED,NO_CONTINGENCY,,,,,,,,a646cd05-8042-4dd4-b248-152c2bffa714,2023-12-26 17:00:00+00:00,2023-12-29 22:00:00+00:00,41495.98,,False,,
TESTER-001,SRGridStrategyV3-000,BTC/USDT.SIM,SIM-1-2056,BTC/USDT.SIM-SRGridStrategyV3-000,SIM-001,T-0c83a44e76617b38-48987,LIMIT,SELL,0.086474,GTC,False,False,0.086474,MAKER,42524.0,0.0,['0.74000000 USDT'],NO_TRIGGER,FILLED,NO_CONTINGENCY,,,,,,,,1a55c83b-3ea3-40da-8322-b11ab25815b6,2023-12-26 17:00:00+00:00,2023-12-26 22:00:00+00:00,42524.00,,False,,
TESTER-001,SRGridStrategyV3-000,BTC/USDT.SIM,SIM-1-2057,BTC/USDT.SIM-SRGridStrategyV3-000,SIM-001,T-65bacb813caba075-49036,LIMIT,SELL,0.088640,GTC,False,False,0.088640,MAKER,43038.0,0.0,['0.76000000 USDT'],NO_TRIGGER,FILLED,NO_CONTINGENCY,,,,,,,,4e83a8f5-78cb-4dc4-8793-1c2794f8b6bb,2023-12-26 17:00:00+00:00,2023-12-27 10:00:00+00:00,43038.00,,False,,
TESTER-001,SRGridStrategyV3-000,BTC/USDT.SIM,SIM-1-2058,BTC/USDT.SIM-SRGridStrategyV3-000,SIM-001,T-2d9f8237dded7cae-49077,LIMIT,SELL,0.114805,GTC,False,False,0.114805,MAKER,43552.009999999995,0.0,['1.00000000 USDT'],NO_TRIGGER,FILLED,NO_CONTINGENCY,,,,,,,,31d65a36-4cc4-4020-bc8d-1d66a18856a3,2023-12-26 17:00:00+00:00,2023-12-27 20:00:00+00:00,43552.01,,False,,
TESTER-001,SRGridStrategyV3-000,BTC/USDT.SIM,SIM-1-2064,BTC/USDT.SIM-SRGridStrategyV3-000,SIM-001,T-4ee3d17b036a72de-49280,LIMIT,BUY,0.120494,GTC,False,False,0.120494,MAKER,41495.98,0.0,['1.00000000 USDT'],NO_TRIGGER,FILLED,NO_CONTINGENCY,,,,,,,,11e1eef4-e0ee-42de-a018-64708eb7ede0,2023-12-26 22:00:00+00:00,2023-12-29 22:00:00+00:00,41495.98,,False,,
TESTER-001,SRGridStrategyV3-000,BTC/USDT.SIM,SIM-1-2072,BTC/USDT.SIM-SRGridStrategyV3-000,SIM-001,T-4ee3d17b036a72de-49281,LIMIT,BUY,0.120494,GTC,False,False,0.120494,MAKER,41495.98,0.0,['1.00000000 USDT'],NO_TRIGGER,FILLED,NO_CONTINGENCY,,,,,,,,60b79f09-3f65-44fd-85c2-6a785e0d586f,2023-12-27 10:00:00+00:00,2023-12-29 22:00:00+00:00,41495.98,,False,,
TESTER-001,SRGridStrategyV3-000,BTC/USDT.SIM,SIM-1-2080,BTC/USDT.SIM-SRGridStrategyV3-000,SIM-001,T-4ee3d17b036a72de-49282,LIMIT,BUY,0.120494,GTC,False,False,0.120494,MAKER,41495.98,0.0,['1.00000000 USDT'],NO_TRIGGER,FILLED,NO_CONTINGENCY,,,,,,,,7fe969e5-2997-48ea-b0ef-96fc0b804579,2023-12-27 20:00:00+00:00,2023-12-29 22:00:00+00:00,41495.98,,False,,
TESTER-001,SRGridStrategyV3-000,BTC/USDT.SIM,SIM-1-2093,BTC/USDT.SIM-SRGridStrategyV3-000,SIM-001,T-31c3321c9d8c1d04-49340,MARKET,SELL,0.192057,GTC,True,False,0.192057,TAKER,41990.3,0.0,['4.84000000 USDT'],NO_TRIGGER,FILLED,NO_CONTINGENCY,,,,,,,,f089c3e6-07e3-47d2-8a89-15cc3a6cc3d0,2023-12-30 12:00:00+00:00,2023-12-30 12:00:00+00:00,,,,,
TESTER-001,SRGridStrategyV3-000,BTC/USDT.SIM,SIM-1-2094,BTC/USDT.SIM-SRGridStrategyV3-000,SIM-001,T-31c3321c9d8c1d04-49341,MARKET,SELL,1.428901,GTC,False,False,1.428901,TAKER,41990.3,0.0,['36.00000000 USDT'],NO_TRIGGER,FILLED,NO_CONTINGENCY,,,,,,,,c5f7da6c-e6be-45c7-9f43-b1a723d7b3ca,2023-12-30 12:00:00+00:00,2023-12-30 12:00:00+00:00,,,,,
TESTER-001,SRGridStrategyV3-000,BTC/USDT.SIM,SIM-1-2095,BTC/USDT.SIM-SRGridStrategyV3-000,SIM-001,T-0e296fdb5a112eab-49497,MARKET,BUY,1.428901,GTC,True,False,1.428901,TAKER,42330.49,0.0,['36.29000000 USDT'],NO_TRIGGER,FILLED,NO_CONTINGENCY,,,,,,,,7276408a-b471-4cd4-ad3a-fb018ea2b039,2024-01-01 03:00:00+00:00,2024-01-01 03:00:00+00:00,,,,,
TESTER-001,SRGridStrategyV3-000,BTC/USDT.SIM,SIM-1-2104,BTC/USDT.SIM-SRGridStrategyV3-000,SIM-001,T-82f8adc61966c064-49520,LIMIT,SELL,0.089871,GTC,False,False,0.089871,MAKER,42692.67,0.0,['0.77000000 USDT'],NO_TRIGGER,FILLED,NO_CONTINGENCY,,,,,,,,5d2d10ac-238e-476d-836f-e3922343d2d6,2024-01-01 03:00:00+00:00,2024-01-01 09:00:00+00:00,42692.67,,False,,
TESTER-001,SRGridStrategyV3-000,BTC/USDT.SIM,SIM-1-2105,BTC/USDT.SIM-SRGridStrategyV3-000,SIM-001,T-63c7497f61e1913b-49557,LIMIT,SELL,0.071683,GTC,False,False,0.071683,MAKER,43054.85,0.0,['0.62000000 USDT'],NO_TRIGGER,FILLED,NO_CONTINGENCY,,,,,,,,dfae5d73-d352-4885-997a-47760f2028db,2024-01-01 03:00:00+00:00,2024-01-01 18:00:00+00:00,43054.85,,False,,
TESTER-001,SRGridStrategyV3-000,BTC/USDT.SIM,SIM-1-2106,BTC/USDT.SIM-SRGridStrategyV3-000,SIM-001,T-135d14e63c5e16f5-49562,LIMIT,SELL,0.070829,GTC,False,False,0.070829,MAKER,43417.03,0.0,['0.62000000 USDT'],NO_TRIGGER,FILLED,NO_CONTINGENCY,,,,,,,,d1d7df46-0727-4c6e-95f8-28b1db061ccc,2024-01-01 03:00:00+00:00,2024-01-01 19:00:00+00:00,43417.03,,False,,
TESTER-001,SRGridStrategyV3-000,BTC/USDT.SIM,SIM-1-2107,BTC/USDT.SIM-SRGridStrategyV3-000,SIM-001,T-5ce324265b862d4f-49567,LIMIT,SELL,0.092672,GTC,False,False,0.092672,MAKER,43779.21,0.0,['0.81000000 USDT'],NO_TRIGGER,FILLED,NO_CONTINGENCY,,,,,,,,7c346e67-a51d-4b2d-afd0-a9c4d8e5a959,2024-01-01 03:00:00+00:00,2024-01-01 20:00:00+00:00,43779.21,,False,,
TESTER-001,SRGridStrategyV3-000,BTC/USDT.SIM,SIM-1-2108,BTC/USDT.SIM-SRGridStrategyV3-000,SIM-001,T-1be748eff23b4a9a-49580,LIMIT,SELL,0.021374,GTC,False,False,0.021374,MAKER,44141.39,0.0,['0.19000000 USDT'],NO_TRIGGER,FILLED,NO_CONTINGENCY,,,,,,,,606328aa-bd28-43ec-9944-316011e49e3b,2024-01-01 03:00:00+00:00,2024-01-01 23:00:00+00:00,44141.39,,False,,
TESTER-001,SRGridStrategyV3-000,BTC/USDT.SIM,SIM-1-2109,BTC/USDT.SIM-SRGridStrategyV3-000,SIM-001,T-7f245764a0cf5fd1-49585,LIMIT,SELL,0.011235,GTC,False,False,0.011235,MAKER,44503.57,0.0,['0.10000000 USDT'],NO_TRIGGER,FILLED,NO_CONTINGENCY,,,,,,,,4b702898-01f4-4999-aa74-db2e017befd4,2024-01-01 03:00:00+00:00,2024-01-02 00:00:00+00:00,44503.57,,False,,
TESTER-001,SRGridStrategyV3-000,BTC/USDT.SIM,SIM-1-2110,BTC/USDT.SIM-SRGridStrategyV3-000,SIM-001,T-7f245764a0cf5fd1-49588,LIMIT,SELL,0.011144,GTC,False,False,0.011144,MAKER,44865.740000000005,0.0,['0.10000000 USDT'],NO_TRIGGER,FILLED,NO_CONTINGENCY,,,,,,,,0ca266f7-9edc-452d-8acc-c04ad6fa7c52,2024-01-01 03:00:00+00:00,2024-01-02 00:00:00+00:00,44865.74,,False,,
TESTER-001,SRGridStrategyV3-000,BTC/USDT.SIM,SIM-1-2111,BTC/USDT.SIM-SRGridStrategyV3-000,SIM-001,T-a4ebffa3e2ed1dad-49591,LIMIT,SELL,0.011055,GTC,False,False,0.011055,MAKER,45227.92,0.0,['0.10000000 USDT'],NO_TRIGGER,FILLED,NO_CONTINGENCY,,,,,,,,cfa2523c-450e-4f79-9712-d5214af1f5a9,2024-01-01 03:00:00+00:00,2024-01-02 01:00:00+00:00,45227.92,,False,,
TESTER-001,SRGridStrategyV3-000,BTC/USDT.SIM,SIM-1-2168,BTC/USDT.SIM-SRGridStrategyV3-000,SIM-001,T-145d567add2e7c50-49646,MARKET,BUY,0.379863,GTC,True,False,0.379863,TAKER,45258.729999999996,0.0,['10.32000000 USDT'],NO_TRIGGER,FILLED,NO_CONTINGENCY,,,,,,,,3d4b9768-9c05-443c-8018-3fb9206eeeec,2024-01-02 14:00:00+00:00,2024-01-02 14:00:00+00:00,,,,,
TESTER-001,SRGridStrategyV3-000,BTC/USDT.SIM,SIM-1-2169,BTC/USDT.SIM-SRGridStrategyV3-000,SIM-001,T-145d567add2e7c50-49647,MARKET,BUY,1.325711,GTC,False,False,1.325711,TAKER,45258.729999999996,0.0,['36.00000000 USDT'],NO_TRIGGER,FILLED,NO_CONTINGENCY,,,,,,,,4e313713-d9b2-4fa4-80fa-b3fa88b12204,2024-01-02 14:00:00+00:00,2024-01-02 14:00:00+00:00,,,,,
TESTER-001,SRGridStrategyV3-000,BTC/USDT.SIM,SIM-1-2170,BTC/USDT.SIM-SRGridStrategyV3-000,SIM-001,T-53d666cad6f73167-50132,MARKET,SELL,1.325711,GTC,True,False,1.325711,TAKER,44047.57,0.0,['35.04000000 USDT'],NO_TRIGGER,FILLED,NO_CONTINGENCY,,,,,,,,dd3778c5-54f2-4bf8-b1b7-ab1196e9946b,2024-01-07 15:00:00+00:00,2024-01-07 15:00:00+00:00,,,,,
TESTER-001,SRGridStrategyV3-000,BTC/USDT.SIM,SIM-1-2171,BTC/USDT.SIM-SRGridStrategyV3-000,SIM-001,T-b28bcced058ded68-50140,LIMIT,BUY,0.069906,GTC,False,False,0.069906,MAKER,43733.939999999995,0.0,['0.61000000 USDT'],NO_TRIGGER,FILLED,NO_CONTINGENCY,,,,,,,,ca7224ea-67e7-43ea-b03e-dfb079a673d4,2024-01-07 15:00:00+00:00,2024-01-07 17:00:00+00:00,43733.94,,False,,
TESTER-001,SRGridStrategyV3-000,BTC/USDT.SIM,SIM-1-2172,BTC/USDT.SIM-SRGridStrategyV3-000,SIM-001,T-f816d78faf3e3f85-50177,LIMIT,BUY,0.052694,GTC,False,False,0.052694,MAKER,43420.310000000005,0.0,['0.46000000 USDT'],NO_TRIGGER,FILLED,NO_CONTINGENCY,,,,,,,,6874a351-44b5-48c9-a9db-2e522fb31547,2024-01-07 15:00:00+00:00,2024-01-08 02:00:00+00:00,43420.31,,False,,
TESTER-001,SRGridStrategyV3-000,BTC/USDT.SIM,SIM-1-2179,BTC/USDT.SIM-SRGridStrategyV3-000,SIM-001,T-fd2fb5903ceae49f-50213,LIMIT,SELL,0.046700,GTC,False,False,0.046700,MAKER,44361.2,0.0,['0.41000000 USDT'],NO_TRIGGER,FILLED,NO_CONTINGENCY,,,,,,,,417c085b-dc6b-4a34-b0ff-2cbe51d946e8,2024-01-07 15:00:00+00:00,2024-01-08 11:00:00+00:00,44361.20,,False,,
TESTER-001,SRGridStrategyV3-000,BTC/USDT.SIM,SIM-1-2180,BTC/USDT.SIM-SRGridStrategyV3-000,SIM-001,T-3fea6a311affe116-50220,LIMIT,SELL,0.012015,GTC,False,False,0.012015,MAKER,44674.83,0.0,['0.11000000 USDT'],NO_TRIGGER,FILLED,NO_CONTINGENCY,,,,,,,,e732eed2-7753-45e8-bce3-3516fb9f462b,2024-01-07 15:00:00+00:00,2024-01-08 12:00:00+00:00,44674.83,,False,,
TESTER-001,SRGridStrategyV3-000,BTC/USDT.SIM,SIM-1-2181,BTC/USDT.SIM-SRGridStrategyV3-000,SIM-001,T-3fea6a311affe116-50225,LIMIT,SELL,0.095044,GTC,False,False,0.095044,MAKER,44988.46000000001,0.0,['0.86000000 USDT'],NO_TRIGGER,FILLED,NO_CONTINGENCY,,,,,,,,3099716c-f5aa-444e-858a-5dd4d71bad3c,2024-01-07 15:00:00+00:00,2024-01-08 12:00:00+00:00,44988.46,,False,,
TESTER-001,SRGridStrategyV3-000,BTC/USDT.SIM,SIM-1-2182,BTC/USDT.SIM-SRGridStrategyV3-000,SIM-001,T-febe899605d740a2-50238,LIMIT,SELL,0.110370,GTC,False,False,0.110370,MAKER,45302.09,0.0,['1.00000000 USDT'],NO_TRIGGER,FILLED,NO_CONTINGENCY,,,,,,,,44090af3-404b-45e8-a893-b9d7d3f42667,2024-01-07 15:00:00+00:00,2024-01-08 15:00:00+00:00,45302.09,,False,,
TESTER-001,SRGridStrategyV3-000,BTC/USDT.SIM,SIM-1-2183,BTC/USDT.SIM-SRGridStrategyV3-000,SIM-001,T-0a0e7478ec6e0779-50249,LIMIT,SELL,0.041883,GTC,False,False,0.041883,MAKER,45615.72,0.0,['0.38000000 USDT'],NO_TRIGGER,FILLED,NO_CONTINGENCY,,,,,,,,3117f44f-84f2-4998-bba3-e32a173f20c8,2024-01-07 15:00:00+00:00,2024-01-08 17:00:00+00:00,45615.72,,False,,
TESTER-001,SRGridStrategyV3-000,BTC/USDT.SIM,SIM-1-2187,BTC/USDT.SIM-SRGridStrategyV3-000,SIM-001,T-fd2fb5903ceae49f-50214,LIMIT,SELL,0.056113,GTC,False,False,0.056113,MAKER,44361.2,0.0,['0.50000000 USDT'],NO_TRIGGER,FILLED,NO_CONTINGENCY,,,,,,,,3855f496-591c-422e-b8f7-a4a3cd0e1d00,2024-01-07 17:00:00+00:00,2024-01-08 11:00:00+00:00,44361.20,,False,,
TESTER-001,SRGridStrategyV3-000,BTC/USDT.SIM,SIM-1-2188,BTC/USDT.SIM-SRGridStrategyV3-000,SIM-001,T-3fea6a311affe116-50221,LIMIT,SELL,0.014470,GTC,False,False,0.014470,MAKER,44674.83,0.0,['0.13000000 USDT'],NO_TRIGGER,FILLED,NO_CONTINGENCY,,,,,,,,f6ffcb0b-69fb-4ab9-828a-4f3d1be71225,2024-01-07 17:00:00+00:00,2024-01-08 12:00:00+00:00,44674.83,,False,,
TESTER-001,SRGridStrategyV3-000,BTC/USDT.SIM,SIM-1-2189,BTC/USDT.SIM-SRGridStrategyV3-000,SIM-001,T-3fea6a311affe116-50226,LIMIT,SELL,0.111140,GTC,False,False,0.111140,MAKER,44988.46000000001,0.0,['1.00000000 USDT'],NO_TRIGGER,FILLED,NO_CONTINGENCY,,,,,,,,2e9c6b5b-3f70-409d-8aec-5e5afd7c224c,2024-01-07 17:00:00+00:00,2024-01-08 12:00:00+00:00,44988.46,,False,,
TESTER-001,SRGridStrategyV3-000,BTC/USDT.SIM,SIM-1-2190,BTC/USDT.SIM-SRGridStrategyV3-000,SIM-001,T-febe899605d740a2-50239,LIMIT,SELL,0.110370,GTC,False,False,0.110370,MAKER,45302.09,0.0,['1.00000000 USDT'],NO_TRIGGER,FILLED,NO_CONTINGENCY,,,,,,,,82389eca-f258-4a69-87b6-2632c097ff51,2024-01-07 17:00:00+00:00,2024-01-08 15:00:00+00:00,45302.09,,False,,
TESTER-001,SRGridStrategyV3-000,BTC/USDT.SIM,SIM-1-2191,BTC/USDT.SIM-SRGridStrategyV3-000,SIM-001,T-0a0e7478ec6e0779-50250,LIMIT,SELL,0.050436,GTC,False,False,0.050436,MAKER,45615.72,0.0,['0.46000000 USDT'],NO_TRIGGER,FILLED,NO_CONTINGENCY,,,,,,,,e6e7bef0-6b43-444d-a055-29741dd0cc62,2024-01-07 17:00:00+00:00,2024-01-08 17:00:00+00:00,45615.72,,False,,
TESTER-001,SRGridStrategyV3-000,BTC/USDT.SIM,SIM-1-2195,BTC/USDT.SIM-SRGridStrategyV3-000,SIM-001,T-fd2fb5903ceae49f-50215,LIMIT,SELL,0.063415,GTC,False,False,0.063415,MAKER,44361.2,0.0,['0.56000000 USDT'],NO_TRIGGER,FILLED,NO_CONTINGENCY,,,,,,,,8b4063fc-2337-46f0-9043-aded51c77211,2024-01-08 02:00:00+00:00,2024-01-08 11:00:00+00:00,44361.20,,False,,
TESTER-001,SRGridStrategyV3-000,BTC/USDT.SIM,SIM-1-2196,BTC/USDT.SIM-SRGridStrategyV3-000,SIM-001,T-3fea6a311affe116-50222,LIMIT,SELL,0.016247,GTC,False,False,0.016247,MAKER,44674.83,0.0,['0.15000000 USDT'],NO_TRIGGER,FILLED,NO_CONTINGENCY,,,,,,,,abf64b95-5edc-4eba-85e5-f8ad6898af3b,2024-01-08 02:00:00+00:00,2024-01-08 12:00:00+00:00,44674.83,,False,,
TESTER-001,SRGridStrategyV3-000,BTC/USDT.SIM,SIM-1-2197,BTC/USDT.SIM-SRGridStrategyV3-000,SIM-001,T-3fea6a311affe116-50227,LIMIT,SELL,0.111140,GTC,False,False,0.111140,MAKER,44988.46000000001,0.0,['1.00000000 USDT'],NO_TRIGGER,FILLED,NO_CONTINGENCY,,,,,,,,f34d9a27-ee1d-461a-ab23-645ecd757f9e,2024-01-08 02:00:00+00:00,2024-01-08 12:00:00+00:00,44988.46,,False,,
TESTER-001,SRGridStrategyV3-000,BTC/USDT.SIM,SIM-1-2198,BTC/USDT.SIM-SRGridStrategyV3-000,SIM-001,T-febe899605d740a2-50240,LIMIT,SELL,0.110370,GTC,False,False,0.110370,MAKER,45302.09,0.0,['1.00000000 USDT'],NO_TRIGGER,FILLED,NO_CONTINGENCY,,,,,,,,0414580e-c377-49af-9c84-21c3ff932f2c,2024-01-08 02:00:00+00:00,2024-01-08 15:00:00+00:00,45302.09,,False,,
TESTER-001,SRGridStrategyV3-000,BTC/USDT.SIM,SIM-1-2199,BTC/USDT.SIM-SRGridStrategyV3-000,SIM-001,T-0a0e7478ec6e0779-50251,LIMIT,SELL,0.056781,GTC,False,False,0.056781,MAKER,45615.72,0.0,['0.52000000 USDT'],NO_TRIGGER,FILLED,NO_CONTINGENCY,,,,,,,,9004367a-4aed-4baa-81fa-3d09b2402c90,2024-01-08 02:00:00+00:00,2024-01-08 17:00:00+00:00,45615.72,,False,,
TESTER-001,SRGridStrategyV3-000,BTC/USDT.SIM,SIM-1-2221,BTC/USDT.SIM-SRGridStrategyV3-000,SIM-001,T-0a0e7478ec6e0779-50254,MARKET,BUY,0.883894,GTC,True,False,0.883894,TAKER,45648.0,0.0,['24.21000000 USDT'],NO_TRIGGER,FILLED,NO_CONTINGENCY,,,,,,,,bd854a47-dd97-4c03-8837-d6462f3cf932,2024-01-08 17:00:00+00:00,2024-01-08 17:00:00+00:00,,,,,
TESTER-001,SRGridStrategyV3-000,BTC/USDT.SIM,SIM-1-2222,BTC/USDT.SIM-SRGridStrategyV3-000,SIM-001,T-0a0e7478ec6e0779-50255,MARKET,BUY,1.314406,GTC,False,False,1.314406,TAKER,45648.0,0.0,['36.00000000 USDT'],NO_TRIGGER,FILLED,NO_CONTINGENCY,,,,,,,,cbb9526e-091c-436f-8a6b-ca389b9cd067,2024-01-08 17:00:00+00:00,2024-01-08 17:00:00+00:00,,,,,
TESTER-001,SRGridStrategyV3-000,BTC/USDT.SIM,SIM-1-2223,BTC/USDT.SIM-SRGridStrategyV3-000,SIM-001,T-e7304dd58e1739a1-50761,MARKET,SELL,1.314406,GTC,True,False,1.314406,TAKER,42687.36,0.0,['33.67000000 USDT'],NO_TRIGGER,FILLED,NO_CONTINGENCY,,,,,,,,880b7224-5504-4aab-b8b0-4691a7ab793b,2024-01-14 00:00:00+00:00,2024-01-14 00:00:00+00:00,,,,,
TESTER-001,SRGridStrategyV3-000,BTC/USDT.SIM,SIM-1-2224,BTC/USDT.SIM-SRGridStrategyV3-000,SIM-001,T-6cd5c34e24dd3be1-50842,LIMIT,BUY,0.118147,GTC,False,False,0.118147,MAKER,42320.14000000001,0.0,['1.00000000 USDT'],NO_TRIGGER,FILLED,NO_CONTINGENCY,,,,,,,,0203e296-1ce5-45ee-b3d6-c8fb01b9983b,2024-01-14 00:00:00+00:00,2024-01-14 20:00:00+00:00,42320.14,,False,,
TESTER-001,SRGridStrategyV3-000,BTC/USDT.SIM,SIM-1-2225,BTC/USDT.SIM-SRGridStrategyV3-000,SIM-001,T-d188e61f4b27deea-50856,LIMIT,BUY,0.119181,GTC,False,False,0.119181,MAKER,41952.92,0.0,['1.00000000 USDT'],NO_TRIGGER,FILLED,NO_CONTINGENCY,,,,,,,,64a4fdc4-6847-431f-a8f5-a91a200ab43d,2024-01-14 00:00:00+00:00,2024-01-14 23:00:00+00:00,41952.92,,False,,
TESTER-001,SRGridStrategyV3-000,BTC/USDT.SIM,SIM-1-2232,BTC/USDT.SIM-SRGridStrategyV3-000,SIM-001,T-135946c2d9c6687e-50788,LIMIT,SELL,0.060107,GTC,False,False,0.060107,MAKER,43054.579999999994,0.0,['0.52000000 USDT'],NO_TRIGGER,FILLED,NO_CONTINGENCY,,,,,,,,bc6941ae-285e-4d76-9337-da11c8aa0918,2024-01-14 00:00:00+00:00,2024-01-14 07:00:00+00:00,43054.58,,False,,
TESTER-001,SRGridStrategyV3-000,BTC/USDT.SIM,SIM-1-2240,BTC/USDT.SIM-SRGridStrategyV3-000,SIM-001,T-6cd5c34e24dd3be1-50843,LIMIT,BUY,0.118147,GTC,False,False,0.118147,MAKER,42320.14000000001,0.0,['1.00000000 USDT'],NO_TRIGGER,FILLED,NO_CONTINGENCY,,,,,,,,2336e3e7-5614-43c7-8dd4-0eeb39e39801,2024-01-14 07:00:00+00:00,2024-01-14 20:00:00+00:00,42320.14,,False,,
TESTER-001,SRGridStrategyV3-000,BTC/USDT.SIM,SIM-1-2241,BTC/USDT.SIM-SRGridStrategyV3-000,SIM-001,T-d188e61f4b27deea-50857,LIMIT,BUY,0.119181,GTC,False,False,0.119181,MAKER,41952.92,0.0,['1.00000000 USDT'],NO_TRIGGER,FILLED,NO_CONTINGENCY,,,,,,,,316a4483-acd2-49de-8f3e-3169c6d4e1a1,2024-01-14 07:00:00+00:00,2024-01-14 23:00:00+00:00,41952.92,,False,,
TESTER-001,SRGridStrategyV3-000,BTC/USDT.SIM,SIM-1-2262,BTC/USDT.SIM-SRGridStrategyV3-000,SIM-001,T-134abd62838d2722-50975,MARKET,SELL,0.414549,GTC,True,False,0.414549,TAKER,42803.19,0.0,['10.65000000 USDT'],NO_TRIGGER,FILLED,NO_CONTINGENCY,,,,,,,,dc90c128-361e-4116-bf2b-e57627ccdc0b,2024-01-16 04:00:00+00:00,2024-01-16 04:00:00+00:00,,,,,
TESTER-001,SRGridStrategyV3-000,BTC/USDT.SIM,SIM-1-2263,BTC/USDT.SIM-SRGridStrategyV3-000,SIM-001,T-134abd62838d2722-50976,MARKET,SELL,1.401765,GTC,False,False,1.401765,TAKER,42803.19,0.0,['36.00000000 USDT'],NO_TRIGGER,FILLED,NO_CONTINGENCY,,,,,,,,16cf0148-2d16-428c-994b-5a14fe8a9e0f,2024-01-16 04:00:00+00:00,2024-01-16 04:00:00+00:00,,,,,
TESTER-001,SRGridStrategyV3-000,BTC/USDT.SIM,SIM-1-2264,BTC/USDT.SIM-SRGridStrategyV3-000,SIM-001,T-285ebb458b443949-52230,MARKET,BUY,1.401765,GTC,True,False,1.401765,TAKER,42053.46,0.0,['35.37000000 USDT'],NO_TRIGGER,FILLED,NO_CONTINGENCY,,,,,,,,f752454e-cde3-44ff-8a99-71d0b546bd26,2024-01-29 07:00:00+00:00,2024-01-29 07:00:00+00:00,,,,,
TESTER-001,SRGridStrategyV3-000,BTC/USDT.SIM,SIM-1-2273,BTC/USDT.SIM-SRGridStrategyV3-000,SIM-001,T-e9bde281ae78bb4c-52261,LIMIT,SELL,0.088205,GTC,False,False,0.088205,MAKER,42420.64,0.0,['0.75000000 USDT'],NO_TRIGGER,FILLED,NO_CONTINGENCY,,,,,,,,9ac3de54-5083-4e58-9721-8ecef9f8eb41,2024-01-29 07:00:00+00:00,2024-01-29 15:00:00+00:00,42420.64,,False,,
TESTER-001,SRGridStrategyV3-000,BTC/USDT.SIM,SIM-1-2274,BTC/USDT.SIM-SRGridStrategyV3-000,SIM-001,T-4fe48556439926eb-52266,LIMIT,SELL,0.116856,GTC,False,False,0.116856,MAKER,42787.82,0.0,['1.00000000 USDT'],NO_TRIGGER,FILLED,NO_CONTINGENCY,,,,,,,,1e9d90ae-5d39-41d7-baa0-de60491a6eab,2024-01-29 07:00:00+00:00,2024-01-29 16:00:00+00:00,42787.82,,False,,
TESTER-001,SRGridStrategyV3-000,BTC/USDT.SIM,SIM-1-2275,BTC/USDT.SIM-SRGridStrategyV3-000,SIM-001,T-4fe48556439926eb-52269,LIMIT,SELL,0.057977,GTC,False,False,0.057977,MAKER,43155.009999999995,0.0,['0.50000000 USDT'],NO_TRIGGER,FILLED,NO_CONTINGENCY,,,,,,,,f0f08731-8a53-40f3-9636-8a08dbf51b4f,2024-01-29 07:00:00+00:00,2024-01-29 16:00:00+00:00,43155.01,,False,,
TESTER-001,SRGridStrategyV3-000,BTC/USDT.SIM,SIM-1-2276,BTC/USDT.SIM-SRGridStrategyV3-000,SIM-001,T-1549de7a3a99ad39-52304,LIMIT,SELL,0.039810,GTC,False,False,0.039810,MAKER,43522.19,0.0,['0.35000000 USDT'],NO_TRIGGER,FILLED,NO_CONTINGENCY,,,,,,,,a0becaf4-3185-495e-8ba7-eead10aec06c,2024-01-29 07:00:00+00:00,2024-01-30 01:00:00+00:00,43522.19,,False,,
TESTER-001,SRGridStrategyV3-000,BTC/USDT.SIM,SIM-1-2305,BTC/USDT.SIM-SRGridStrategyV3-000,SIM-001,T-3fcfc24200001577-52343,MARKET,BUY,0.302848,GTC,True,False,0.302848,TAKER,43482.009999999995,0.0,['7.90000000 USDT'],NO_TRIGGER,FILLED,NO_CONTINGENCY,,,,,,,,2332cf29-a8d2-45ee-810b-601ca24d99d9,2024-01-30 10:00:00+00:00,2024-01-30 10:00:00+00:00,,,,,
TESTER-001,SRGridStrategyV3-000,BTC/USDT.SIM,SIM-1-2306,BTC/USDT.SIM-SRGridStrategyV3-000,SIM-001,T-3fcfc24200001577-52344,MARKET,BUY,1.379881,GTC,False,False,1.379881,TAKER,43482.009999999995,0.0,['36.00000000 USDT'],NO_TRIGGER,FILLED,NO_CONTINGENCY,,,,,,,,5756a4a5-a169-497b-8e8a-89fdc19eb328,2024-01-30 10:00:00+00:00,2024-01-30 10:00:00+00:00,,,,,
TESTER-001,SRGridStrategyV3-000,BTC/USDT.SIM,SIM-1-2307,BTC/USDT.SIM-SRGridStrategyV3-000,SIM-001,T-972136016cdfe626-56976,MARKET,SELL,1.379881,GTC,True,False,1.379881,TAKER,67692.0,0.0,['56.04000000 USDT'],NO_TRIGGER,FILLED,NO_CONTINGENCY,,,,,,,,1cb1ba9a-4d31-472b-838e-71ddf69d4d38,2024-03-18 22:00:00+00:00,2024-03-18 22:00:00+00:00,,,,,
TESTER-001,SRGridStrategyV3-000,BTC/USDT.SIM,SIM-1-2308,BTC/USDT.SIM-SRGridStrategyV3-000,SIM-001,T-7170f62291a2e374-56988,LIMIT,BUY,0.075071,GTC,False,False,0.075071,MAKER,66603.75,0.0,['1.00000000 USDT'],NO_TRIGGER,FILLED,NO_CONTINGENCY,,,,,,,,c4a00ea2-e4a3-448d-8c18-d3bb1c69f273,2024-03-18 22:00:00+00:00,2024-03-19 01:00:00+00:00,66603.75,,False,,
TESTER-001,SRGridStrategyV3-000,BTC/USDT.SIM,SIM-1-2309,BTC/USDT.SIM-SRGridStrategyV3-000,SIM-001,T-3f64886e96a10e98-56993,LIMIT,BUY,0.057295,GTC,False,False,0.057295,MAKER,65515.51,0.0,['0.75000000 USDT'],NO_TRIGGER,FILLED,NO_CONTINGENCY,,,,,,,,e97a579a-b298-48da-aaec-ea417812b913,2024-03-18 22:00:00+00:00,2024-03-19 02:00:00+00:00,65515.51,,False,,
TESTER-001,SRGridStrategyV3-000,BTC/USDT.SIM,SIM-1-2310,BTC/USDT.SIM-SRGridStrategyV3-000,SIM-001,T-5595693f7bc4026b-57014,LIMIT,BUY,0.007761,GTC,False,False,0.007761,MAKER,64427.26,0.0,['0.10000000 USDT'],NO_TRIGGER,FILLED,NO_CONTINGENCY,,,,,,,,5c81fbeb-3993-412a-bf49-bbac525b455b,2024-03-18 22:00:00+00:00,2024-03-19 07:00:00+00:00,64427.26,,False,,
TESTER-001,SRGridStrategyV3-000,BTC/USDT.SIM,SIM-1-2311,BTC/USDT.SIM-SRGridStrategyV3-000,SIM-001,T-adf0789a291f1650-57019,LIMIT,BUY,0.041691,GTC,False,False,0.041691,MAKER,63339.01,0.0,['0.53000000 USDT'],NO_TRIGGER,FILLED,NO_CONTINGENCY,,,,,,,,43e04e48-0415-452c-a110-244ecd277510,2024-03-18 22:00:00+00:00,2024-03-19 08:00:00+00:00,63339.01,,False,,
TESTER-001,SRGridStrategyV3-000,BTC/USDT.SIM,SIM-1-2356,BTC/USDT.SIM-SRGridStrategyV3-000,SIM-001,T-0ac11b4dbe680262-57060,MARKET,SELL,0.181818,GTC,True,False,0.181818,TAKER,64716.59,0.0,['7.06000000 USDT'],NO_TRIGGER,FILLED,NO_CONTINGENCY,,,,,,,,4af8447c-b456-4e12-ae67-9253ed1b8776,2024-03-19 18:00:00+00:00,2024-03-19 18:00:00+00:00,,,,,
TESTER-001,SRGridStrategyV3-000,BTC/USDT.SIM,SIM-1-2357,BTC/USDT.SIM-SRGridStrategyV3-000,SIM-001,T-0ac11b4dbe680262-57061,MARKET,SELL,0.927119,GTC,False,False,0.927119,TAKER,64716.59,0.0,['36.00000000 USDT'],NO_TRIGGER,FILLED,NO_CONTINGENCY,,,,,,,,6f3e7c6b-f81a-419c-98d1-cef4d2926ded,2024-03-19 18:00:00+00:00,2024-03-19 18:00:00+00:00,,,,,
TESTER-001,SRGridStrategyV3-000,BTC/USDT.SIM,SIM-1-2358,BTC/USDT.SIM-SRGridStrategyV3-000,SIM-001,T-52b8bf9715e62d48-57682,MARKET,BUY,0.927119,GTC,True,False,0.927119,TAKER,70300.0,0.0,['39.11000000 USDT'],NO_TRIGGER,FILLED,NO_CONTINGENCY,,,,,,,,350fab4b-6bc5-4595-87c4-85f3fa52f7e4,2024-03-26 05:00:00+00:00,2024-03-26 05:00:00+00:00,,,,,
TESTER-001,SRGridStrategyV3-000,BTC/USDT.SIM,SIM-1-2359,BTC/USDT.SIM-SRGridStrategyV3-000,SIM-001,T-fa279081ffa57dc8-57719,LIMIT,BUY,0.029039,GTC,False,False,0.029039,MAKER,69396.81,0.0,['0.40000000 USDT'],NO_TRIGGER,FILLED,NO_CONTINGENCY,,,,,,,,d3e2be52-0372-4a82-8ab6-cf676ed6b38d,2024-03-26 05:00:00+00:00,2024-03-26 14:00:00+00:00,69396.81,,False,,
TESTER-001,SRGridStrategyV3-000,BTC/USDT.SIM,SIM-1-2367,BTC/USDT.SIM-SRGridStrategyV3-000,SIM-001,T-2e15b46f64d22a47-57689,LIMIT,SELL,0.070222,GTC,False,False,0.070222,MAKER,71203.19,0.0,['1.00000000 USDT'],NO_TRIGGER,FILLED,NO_CONTINGENCY,,,,,,,,7b2731f5-3592-4b2a-8711-b00e788627fc,2024-03-26 05:00:00+00:00,2024-03-26 07:00:00+00:00,71203.19,,False,,
TESTER-001,SRGridStrategyV3-000,BTC/USDT.SIM,SIM-1-2375,BTC/USDT.SIM-SRGridStrategyV3-000,SIM-001,T-fa279081ffa57dc8-57720,LIMIT,BUY,0.038724,GTC,False,False,0.038724,MAKER,69396.81,0.0,['0.54000000 USDT'],NO_TRIGGER,FILLED,NO_CONTINGENCY,,,,,,,,320a67c7-9eeb-43dc-9029-1d58454fb92c,2024-03-26 07:00:00+00:00,2024-03-26 14:00:00+00:00,69396.81,,False,,
TESTER-001,SRGridStrategyV3-000,BTC/USDT.SIM,SIM-1-2390,BTC/USDT.SIM-SRGridStrategyV3-000,SIM-001,T-313183b02e945206-57814,MARKET,BUY,0.002459,GTC,True,False,0.002459,TAKER,69892.0,0.0,['0.10000000 USDT'],NO_TRIGGER,FILLED,NO_CONTINGENCY,,,,,,,,b1209919-f8e6-4a07-a8c5-38169fd65629,2024-03-27 13:00:00+00:00,2024-03-27 13:00:00+00:00,,,,,
TESTER-001,SRGridStrategyV3-000,BTC/USDT.SIM,SIM-1-2391,BTC/USDT.SIM-SRGridStrategyV3-000,SIM-001,T-313183b02e945206-57815,MARKET,BUY,0.858467,GTC,False,False,0.858467,TAKER,69892.0,0.0,['36.00000000 USDT'],NO_TRIGGER,FILLED,NO_CONTINGENCY,,,,,,,,cf5f42d0-d623-45d6-a4ce-4e8987af4fad,2024-03-27 13:00:00+00:00,2024-03-27 13:00:00+00:00,,,,,
TESTER-001,SRGridStrategyV3-000,BTC/USDT.SIM,SIM-1-2392,BTC/USDT.SIM-SRGridStrategyV3-000,SIM-001,T-d28a743d4267510c-57880,MARKET,SELL,0.858467,GTC,True,False,0.858467,TAKER,69714.20000000001,0.0,['35.91000000 USDT'],NO_TRIGGER,FILLED,NO_CONTINGENCY,,,,,,,,88947486-4a0a-4394-8d85-0456cf1676e7,2024-03-28 05:00:00+00:00,2024-03-28 05:00:00+00:00,,,,,
TESTER-001,SRGridStrategyV3-000,BTC/USDT.SIM,SIM-1-2401,BTC/USDT.SIM-SRGridStrategyV3-000,SIM-001,T-610310862ba624af-57891,LIMIT,SELL,0.054192,GTC,False,False,0.054192,MAKER,70523.23,0.0,['0.76000000 USDT'],NO_TRIGGER,FILLED,NO_CONTINGENCY,,,,,,,,500b7e75-307e-4515-8564-10939ba1c868,2024-03-28 05:00:00+00:00,2024-03-28 08:00:00+00:00,70523.23,,False,,
TESTER-001,SRGridStrategyV3-000,BTC/USDT.SIM,SIM-1-2402,BTC/USDT.SIM-SRGridStrategyV3-000,SIM-001,T-496f572e580520a3-57912,LIMIT,SELL,0.044725,GTC,False,False,0.044725,MAKER,71332.25,0.0,['0.64000000 USDT'],NO_TRIGGER,FILLED,NO_CONTINGENCY,,,,,,,,384049cc-2187-4cd6-aae4-0b9d865bfe73,2024-03-28 05:00:00+00:00,2024-03-28 13:00:00+00:00,71332.25,,False,,
TESTER-001,SRGridStrategyV3-000,BTC/USDT.SIM,SIM-1-2425,BTC/USDT.SIM-SRGridStrategyV3-000,SIM-001,T-3fb2f36176d5c4c8-57919,MARKET,BUY,0.098917,GTC,True,False,0.098917,TAKER,71537.97,0.0,['4.25000000 USDT'],NO_TRIGGER,FILLED,NO_CONTINGENCY,,,,,,,,f047d6d0-8931-4b96-81eb-2a0d3c108eff,2024-03-28 14:00:00+00:00,2024-03-28 14:00:00+00:00,,,,,
TESTER-001,SRGridStrategyV3-000,BTC/USDT.SIM,SIM-1-2426,BTC/USDT.SIM-SRGridStrategyV3-000,SIM-001,T-3fb2f36176d5c4c8-57920,MARKET,BUY,0.838715,GTC,False,False,0.838715,TAKER,71537.97,0.0,['36.00000000 USDT'],NO_TRIGGER,FILLED,NO_CONTINGENCY,,,,,,,,c9836bf9-cfd2-438f-b367-3754d8b1f5f3,2024-03-28 14:00:00+00:00,2024-03-28 14:00:00+00:00,,,,,
TESTER-001,SRGridStrategyV3-000,BTC/USDT.SIM,SIM-1-2427,BTC/USDT.SIM-SRGridStrategyV3-000,SIM-001,T-fe2610c79f968b66-58433,MARKET,SELL,0.838715,GTC,True,False,0.838715,TAKER,65463.990000000005,0.0,['32.94000000 USDT'],NO_TRIGGER,FILLED,NO_CONTINGENCY,,,,,,,,cb7fdeb5-bc6d-49c2-a3d5-e19eb537894b,2024-04-02 23:00:00+00:00,2024-04-02 23:00:00+00:00,,,,,
TESTER-001,SRGridStrategyV3-000,BTC/USDT.SIM,SIM-1-2436,BTC/USDT.SIM-SRGridStrategyV3-000,SIM-001,T-b43373a344c2a658-58468,LIMIT,SELL,0.052528,GTC,False,False,0.052528,MAKER,66604.56,0.0,['0.70000000 USDT'],NO_TRIGGER,FILLED,NO_CONTINGENCY,,,,,,,,e67c3bea-2db8-4cc0-a234-83d0db33cda4,2024-04-02 23:00:00+00:00,2024-04-03 08:00:00+00:00,66604.56,,False,,
TESTER-001,SRGridStrategyV3-000,BTC/USDT.SIM,SIM-1-2437,BTC/USDT.SIM-SRGridStrategyV3-000,SIM-001,T-2642017133cadcc5-58589,LIMIT,SELL,0.042615,GTC,False,False,0.042615,MAKER,67745.13,0.0,['0.58000000 USDT'],NO_TRIGGER,FILLED,NO_CONTINGENCY,,,,,,,,bbd8437f-4288-4c88-8bd9-7f3bf1e50fcd,2024-04-02 23:00:00+00:00,2024-04-04 14:00:00+00:00,67745.13,,False,,
TESTER-001,SRGridStrategyV3-000,BTC/USDT.SIM,SIM-1-2438,BTC/USDT.SIM-SRGridStrategyV3-000,SIM-001,T-4e5446548af8282d-58602,LIMIT,SELL,0.024637,GTC,False,False,0.024637,MAKER,68885.7,0.0,['0.34000000 USDT'],NO_TRIGGER,FILLED,NO_CONTINGENCY,,,,,,,,45e3637d-dc27-4d14-a74f-ae92fa0dcdf8,2024-04-02 23:00:00+00:00,2024-04-04 17:00:00+00:00,68885.70,,False,,
TESTER-001,SRGridStrategyV3-000,BTC/USDT.SIM,SIM-1-2468,BTC/USDT.SIM-SRGridStrategyV3-000,SIM-001,T-7e597724e3975286-58773,MARKET,BUY,0.119780,GTC,True,False,0.119780,TAKER,67668.16,0.0,['4.86000000 USDT'],NO_TRIGGER,FILLED,NO_CONTINGENCY,,,,,,,,3cb37590-d71f-4b36-b4b0-7043b56870d1,2024-04-06 11:00:00+00:00,2024-04-06 11:00:00+00:00,,,,,
TESTER-001,SRGridStrategyV3-000,BTC/USDT.SIM,SIM-1-2469,BTC/USDT.SIM-SRGridStrategyV3-000,SIM-001,T-7e597724e3975286-58774,MARKET,SELL,0.886680,GTC,False,False,0.886680,TAKER,67668.16,0.0,['36.00000000 USDT'],NO_TRIGGER,FILLED,NO_CONTINGENCY,,,,,,,,9a2314e6-334c-4a9d-a519-3795794d383e,2024-04-06 11:00:00+00:00,2024-04-06 11:00:00+00:00,,,,,
TESTER-001,SRGridStrategyV3-000,BTC/USDT.SIM,SIM-1-2470,BTC/USDT.SIM-SRGridStrategyV3-000,SIM-001,T-c5a3a0577f02abdd-58850,MARKET,BUY,0.886680,GTC,True,False,0.886680,TAKER,69244.09,0.0,['36.84000000 USDT'],NO_TRIGGER,FILLED,NO_CONTINGENCY,,,,,,,,7178bc03-780d-4cde-9799-0419ad02637a,2024-04-07 06:00:00+00:00,2024-04-07 06:00:00+00:00,,,,,
TESTER-001,SRGridStrategyV3-000,BTC/USDT.SIM,SIM-1-2479,BTC/USDT.SIM-SRGridStrategyV3-000,SIM-001,T-f4159e7c5e6d5c0b-58885,LIMIT,SELL,0.071589,GTC,False,False,0.071589,MAKER,69842.90999999999,0.0,['1.00000000 USDT'],NO_TRIGGER,FILLED,NO_CONTINGENCY,,,,,,,,c93e8a31-7370-42aa-84c0-602b553a8658,2024-04-07 06:00:00+00:00,2024-04-07 15:00:00+00:00,69842.91,,False,,
TESTER-001,SRGridStrategyV3-000,BTC/USDT.SIM,SIM-1-2480,BTC/USDT.SIM-SRGridStrategyV3-000,SIM-001,T-4664f6c3b827fe41-58949,LIMIT,SELL,0.070981,GTC,False,False,0.070981,MAKER,70441.74,0.0,['1.00000000 USDT'],NO_TRIGGER,FILLED,NO_CONTINGENCY,,,,,,,,d317ac2a-7577-4de0-b1fb-1608a8c344db,2024-04-07 06:00:00+00:00,2024-04-08 07:00:00+00:00,70441.74,,False,,
TESTER-001,SRGridStrategyV3-000,BTC/USDT.SIM,SIM-1-2481,BTC/USDT.SIM-SRGridStrategyV3-000,SIM-001,T-8d682f1fbff11b3c-58954,LIMIT,SELL,0.032600,GTC,False,False,0.032600,MAKER,71040.56,0.0,['0.46000000 USDT'],NO_TRIGGER,FILLED,NO_CONTINGENCY,,,,,,,,da1b6c53-a4ae-4240-8108-ec30aaca44a9,2024-04-07 06:00:00+00:00,2024-04-08 08:00:00+00:00,71040.56,,False,,
TESTER-001,SRGridStrategyV3-000,BTC/USDT.SIM,SIM-1-2482,BTC/USDT.SIM-SRGridStrategyV3-000,SIM-001,T-8d682f1fbff11b3c-58957,LIMIT,SELL,0.006979,GTC,False,False,0.006979,MAKER,71639.37999999999,0.0,['0.10000000 USDT'],NO_TRIGGER,FILLED,NO_CONTINGENCY,,,,,,,,2cbff9ff-05bd-4fb0-af77-365892a2ae10,2024-04-07 06:00:00+00:00,2024-04-08 08:00:00+00:00,71639.38,,False,,
TESTER-001,SRGridStrategyV3-000,BTC/USDT.SIM,SIM-1-2483,BTC/USDT.SIM-SRGridStrategyV3-000,SIM-001,T-9b87d09c0032dd00-58960,LIMIT,SELL,0.006922,GTC,False,False,0.006922,MAKER,72238.20000000001,0.0,['0.10000000 USDT'],NO_TRIGGER,FILLED,NO_CONTINGENCY,,,,,,,,8578a467-0ac5-45b6-ad5e-89e96ecc4b5c,2024-04-07 06:00:00+00:00,2024-04-08 09:00:00+00:00,72238.20,,False,,
TESTER-001,SRGridStrategyV3-000,BTC/USDT.SIM,SIM-1-2511,BTC/USDT.SIM-SRGridStrategyV3-000,SIM-001,T-9b87d09c0032dd00-58963,MARKET,BUY,0.189071,GTC,True,False,0.189071,TAKER,72197.25,0.0,['8.19000000 USDT'],NO_TRIGGER,FILLED,NO_CONTINGENCY,,,,,,,,e8d68239-c930-4ee4-ad40-0487b6f668e2,2024-04-08 09:00:00+00:00,2024-04-08 09:00:00+00:00,,,,,
TESTER-001,SRGridStrategyV3-000,BTC/USDT.SIM,SIM-1-2512,BTC/USDT.SIM-SRGridStrategyV3-000,SIM-001,T-9b87d09c0032dd00-58964,MARKET,BUY,0.831057,GTC,False,False,0.831057,TAKER,72197.25,0.0,['36.00000000 USDT'],NO_TRIGGER,FILLED,NO_CONTINGENCY,,,,,,,,cc903426-8351-431e-9393-0bcde248be7c,2024-04-08 09:00:00+00:00,2024-04-08 09:00:00+00:00,,,,,
TESTER-001,SRGridStrategyV3-000,BTC/USDT.SIM,SIM-1-2513,BTC/USDT.SIM-SRGridStrategyV3-000,SIM-001,T-834560b144466813-59429,MARKET,SELL,0.831057,GTC,True,False,0.831057,TAKER,67345.48,0.0,['33.58000000 USDT'],NO_TRIGGER,FILLED,NO_CONTINGENCY,,,,,,,,961a5f3a-d6e3-4af1-a31c-79d8a2b2d190,2024-04-13 05:00:00+00:00,2024-04-13 05:00:00+00:00,,,,,
TESTER-001,SRGridStrategyV3-000,BTC/USDT.SIM,SIM-1-2514,BTC/USDT.SIM-SRGridStrategyV3-000,SIM-001,T-48e12bc34cb1bde4-59486,LIMIT,BUY,0.075849,GTC,False,False,0.075849,MAKER,65920.53,0.0,['1.00000000 USDT'],NO_TRIGGER,FILLED,NO_CONTINGENCY,,,,,,,,02155551-d7ec-4e0a-b04f-9d8554494241,2024-04-13 05:00:00+00:00,2024-04-13 19:00:00+00:00,65920.53,,False,,
TESTER-001,SRGridStrategyV3-000,BTC/USDT.SIM,SIM-1-2515,BTC/USDT.SIM-SRGridStrategyV3-000,SIM-001,T-48e12bc34cb1bde4-59485,LIMIT,BUY,0.007752,GTC,False,False,0.007752,MAKER,64495.57000000001,0.0,['0.10000000 USDT'],NO_TRIGGER,FILLED,NO_CONTINGENCY,,,,,,,,04462b0b-925b-4e71-a1d8-13a89ace817f,2024-04-13 05:00:00+00:00,2024-04-13 19:00:00+00:00,64495.57,,False,,
TESTER-001,SRGridStrategyV3-000,BTC/USDT.SIM,SIM-1-2516,BTC/USDT.SIM-SRGridStrategyV3-000,SIM-001,T-a51a1ddc75fea365-59492,LIMIT,BUY,0.007928,GTC,False,False,0.007928,MAKER,63070.62,0.0,['0.10000000 USDT'],NO_TRIGGER,FILLED,NO_CONTINGENCY,,,,,,,,b8fc3959-3b69-4bb2-b9c5-dd14cc18a2b7,2024-04-13 05:00:00+00:00,2024-04-13 20:00:00+00:00,63070.62,,False,,
TESTER-001,SRGridStrategyV3-000,BTC/USDT.SIM,SIM-1-2517,BTC/USDT.SIM-SRGridStrategyV3-000,SIM-001,T-a51a1ddc75fea365-59491,LIMIT,BUY,0.008111,GTC,False,False,0.008111,MAKER,61645.66,0.0,['0.10000000 USDT'],NO_TRIGGER,FILLED,NO_CONTINGENCY,,,,,,,,afa06471-3f91-48fb-879e-ed0cd03eae03,2024-04-13 05:00:00+00:00,2024-04-13 20:00:00+00:00,61645.66,,False,,
TESTER-001,SRGridStrategyV3-000,BTC/USDT.SIM,SIM-1-2546,BTC/USDT.SIM-SRGridStrategyV3-000,SIM-001,T-46793418cebcb48c-59502,MARKET,SELL,0.099640,GTC,True,False,0.099640,TAKER,64293.46,0.0,['3.84000000 USDT'],NO_TRIGGER,FILLED,NO_CONTINGENCY,,,,,,,,245b1036-5d35-462a-8542-af8a2e827bdb,2024-04-13 22:00:00+00:00,2024-04-13 22:00:00+00:00,,,,,
TESTER-001,SRGridStrategyV3-000,BTC/USDT.SIM,SIM-1-2547,BTC/USDT.SIM-SRGridStrategyV3-000,SIM-001,T-46793418cebcb48c-59503,MARKET,SELL,0.933221,GTC,False,False,0.933221,TAKER,64293.46,0.0,['36.00000000 USDT'],NO_TRIGGER,FILLED,NO_CONTINGENCY,,,,,,,,8e25d35a-8439-4780-b95a-712990719670,2024-04-13 22:00:00+00:00,2024-04-13 22:00:00+00:00,,,,,
TESTER-001,SRGridStrategyV3-000,BTC/USDT.SIM,SIM-1-2548,BTC/USDT.SIM-SRGridStrategyV3-000,SIM-001,T-107be74c492f4c8b-60423,MARKET,BUY,0.933221,GTC,True,False,0.933221,TAKER,66134.90999999999,0.0,['37.03000000 USDT'],NO_TRIGGER,FILLED,NO_CONTINGENCY,,,,,,,,43962795-8af0-4b30-a397-10ad0257a304,2024-04-23 12:00:00+00:00,2024-04-23 12:00:00+00:00,,,,,
TESTER-001,SRGridStrategyV3-000,BTC/USDT.SIM,SIM-1-2549,BTC/USDT.SIM-SRGridStrategyV3-000,SIM-001,T-ab709c2c168f73f8-60529,LIMIT,BUY,0.010674,GTC,False,False,0.010674,MAKER,65594.46,0.0,['0.14000000 USDT'],NO_TRIGGER,FILLED,NO_CONTINGENCY,,,,,,,,b5d2e851-f597-4540-a3b3-c1e824735d6b,2024-04-23 12:00:00+00:00,2024-04-24 14:00:00+00:00,65594.46,,False,,
TESTER-001,SRGridStrategyV3-000,BTC/USDT.SIM,SIM-1-2550,BTC/USDT.SIM-SRGridStrategyV3-000,SIM-001,T-ab709c2c168f73f8-60527,LIMIT,BUY,0.024416,GTC,False,False,0.024416,MAKER,65054.009999999995,0.0,['0.32000000 USDT'],NO_TRIGGER,FILLED,NO_CONTINGENCY,,,,,,,,4b05e68e-778d-4100-91bb-260e08fd30f4,2024-04-23 12:00:00+00:00,2024-04-24 14:00:00+00:00,65054.01,,False,,
TESTER-001,SRGridStrategyV3-000,BTC/USDT.SIM,SIM-1-2551,BTC/USDT.SIM-SRGridStrategyV3-000,SIM-001,T-dce1115e585edd72-60539,LIMIT,BUY,0.045113,GTC,False,False,0.045113,MAKER,64513.560000000005,0.0,['0.58000000 USDT'],NO_TRIGGER,FILLED,NO_CONTINGENCY,,,,,,,,bda64bbb-64dd-4891-bbd9-8e468574b618,2024-04-23 12:00:00+00:00,2024-04-24 16:00:00+00:00,64513.56,,False,,
TESTER-001,SRGridStrategyV3-000,BTC/USDT.SIM,SIM-1-2552,BTC/USDT.SIM-SRGridStrategyV3-000,SIM-001,T-147b14ed9091a626-60553,LIMIT,BUY,0.048681,GTC,False,False,0.048681,MAKER,63973.11,0.0,['0.62000000 USDT'],NO_TRIGGER,FILLED,NO_CONTINGENCY,,,,,,,,af8d3202-91b2-4d74-b70f-1938e7b6c109,2024-04-23 12:00:00+00:00,2024-04-24 19:00:00+00:00,63973.11,,False,,
TESTER-001,SRGridStrategyV3-000,BTC/USDT.SIM,SIM-1-2557,BTC/USDT.SIM-SRGridStrategyV3-000,SIM-001,T-ba8fee017414cc4f-60430,LIMIT,SELL,0.032949,GTC,False,False,0.032949,MAKER,66675.36,0.0,['0.44000000 USDT'],NO_TRIGGER,FILLED,NO_CONTINGENCY,,,,,,,,d11251b0-25ed-4e34-a2af-ee8df2585abc,2024-04-23 12:00:00+00:00,2024-04-23 14:00:00+00:00,66675.36,,False,,
TESTER-001,SRGridStrategyV3-000,BTC/USDT.SIM,SIM-1-2565,BTC/USDT.SIM-SRGridStrategyV3-000,SIM-001,T-ab709c2c168f73f8-60530,LIMIT,BUY,0.012247,GTC,False,False,0.012247,MAKER,65594.46,0.0,['0.16000000 USDT'],NO_TRIGGER,FILLED,NO_CONTINGENCY,,,,,,,,095b0bca-b422-40c8-af67-9bea137bf106,2024-04-23 14:00:00+00:00,2024-04-24 14:00:00+00:00,65594.46,,False,,
TESTER-001,SRGridStrategyV3-000,BTC/USDT.SIM,SIM-1-2566,BTC/USDT.SIM-SRGridStrategyV3-000,SIM-001,T-ab709c2c168f73f8-60528,LIMIT,BUY,0.028004,GTC,False,False,0.028004,MAKER,65054.009999999995,0.0,['0.36000000 USDT'],NO_TRIGGER,FILLED,NO_CONTINGENCY,,,,,,,,fd4ad5a4-e66e-438b-9625-faea6c9260d7,2024-04-23 14:00:00+00:00,2024-04-24 14:00:00+00:00,65054.01,,False,,
TESTER-001,SRGridStrategyV3-000,BTC/USDT.SIM,SIM-1-2567,BTC/USDT.SIM-SRGridStrategyV3-000,SIM-001,T-dce1115e585edd72-60540,LIMIT,BUY,0.051716,GTC,False,False,0.051716,MAKER,64513.560000000005,0.0,['0.67000000 USDT'],NO_TRIGGER,FILLED,NO_CONTINGENCY,,,,,,,,c7512e13-af90-422c-bfd4-ba6bfd7ce31f,2024-04-23 14:00:00+00:00,2024-04-24 16:00:00+00:00,64513.56,,False,,
TESTER-001,SRGridStrategyV3-000,BTC/USDT.SIM,SIM-1-2568,BTC/USDT.SIM-SRGridStrategyV3-000,SIM-001,T-147b14ed9091a626-60554,LIMIT,BUY,0.055795,GTC,False,False,0.055795,MAKER,63973.11,0.0,['0.71000000 USDT'],NO_TRIGGER,FILLED,NO_CONTINGENCY,,,,,,,,11fdc0fa-384a-406f-9e47-7b2101f7986c,2024-04-23 14:00:00+00:00,2024-04-24 19:00:00+00:00,63973.11,,False,,
TESTER-001,SRGridStrategyV3-000,BTC/USDT.SIM,SIM-1-2594,BTC/USDT.SIM-SRGridStrategyV3-000,SIM-001,T-a053d2a889579b66-60576,MARKET,SELL,0.243697,GTC,True,False,0.243697,TAKER,64557.25000000001,0.0,['9.44000000 USDT'],NO_TRIGGER,FILLED,NO_CONTINGENCY,,,,,,,,6847ec6d-6c62-4b16-8612-d7f47575e7ac,2024-04-25 00:00:00+00:00,2024-04-25 00:00:00+00:00,,,,,
TESTER-001,SRGridStrategyV3-000,BTC/USDT.SIM,SIM-1-2595,BTC/USDT.SIM-SRGridStrategyV3-000,SIM-001,T-a053d2a889579b66-60577,MARKET,SELL,0.929408,GTC,False,False,0.929408,TAKER,64557.25000000001,0.0,['36.00000000 USDT'],NO_TRIGGER,FILLED,NO_CONTINGENCY,,,,,,,,6b88341a-10c2-4eaf-8152-a0a522c36799,2024-04-25 00:00:00+00:00,2024-04-25 00:00:00+00:00,,,,,
TESTER-001,SRGridStrategyV3-000,BTC/USDT.SIM,SIM-1-2596,BTC/USDT.SIM-SRGridStrategyV3-000,SIM-001,T-d9ba2607baf9e3ef-61687,MARKET,BUY,0.929408,GTC,True,False,0.929408,TAKER,63271.97000000001,0.0,['35.28000000 USDT'],NO_TRIGGER,FILLED,NO_CONTINGENCY,,,,,,,,f484892c-3d53-4311-9c6b-4f5705927773,2024-05-06 14:00:00+00:00,2024-05-06 14:00:00+00:00,,,,,
TESTER-001,SRGridStrategyV3-000,BTC/USDT.SIM,SIM-1-2597,BTC/USDT.SIM-SRGridStrategyV3-000,SIM-001,T-2a0ebc1e339302dd-61819,LIMIT,BUY,0.024782,GTC,False,False,0.024782,MAKER,62393.76,0.0,['0.31000000 USDT'],NO_TRIGGER,FILLED,NO_CONTINGENCY,,,,,,,,75258f9a-80ac-4ff6-afef-2efbe1c8f152,2024-05-06 14:00:00+00:00,2024-05-07 23:00:00+00:00,62393.76,,False,,
TESTER-001,SRGridStrategyV3-000,BTC/USDT.SIM,SIM-1-2598,BTC/USDT.SIM-SRGridStrategyV3-000,SIM-001,T-83f11780702e1d53-61905,LIMIT,BUY,0.032481,GTC,False,False,0.032481,MAKER,61515.55999999999,0.0,['0.40000000 USDT'],NO_TRIGGER,FILLED,NO_CONTINGENCY,,,,,,,,2478f2ad-9bc6-401e-9b9a-f625c1a3eacd,2024-05-06 14:00:00+00:00,2024-05-08 20:00:00+00:00,61515.56,,False,,
TESTER-001,SRGridStrategyV3-000,BTC/USDT.SIM,SIM-1-2599,BTC/USDT.SIM-SRGridStrategyV3-000,SIM-001,T-6d859e74b4793a49-61967,LIMIT,BUY,0.031284,GTC,False,False,0.031284,MAKER,60637.35,0.0,['0.38000000 USDT'],NO_TRIGGER,FILLED,NO_CONTINGENCY,,,,,,,,6ec54797-5dbf-4dba-8962-06862b2e03aa,2024-05-06 14:00:00+00:00,2024-05-09 11:00:00+00:00,60637.35,,False,,
TESTER-001,SRGridStrategyV3-000,BTC/USDT.SIM,SIM-1-2605,BTC/USDT.SIM-SRGridStrategyV3-000,SIM-001,T-594e10f0f6a9b9e6-61757,LIMIT,SELL,0.077942,GTC,False,False,0.077942,MAKER,64150.18,0.0,['1.00000000 USDT'],NO_TRIGGER,FILLED,NO_CONTINGENCY,,,,,,,,ea217028-e6e6-41d5-a573-219575514d76,2024-05-06 14:00:00+00:00,2024-05-07 08:00:00+00:00,64150.18,,False,,
TESTER-001,SRGridStrategyV3-000,BTC/USDT.SIM,SIM-1-2613,BTC/USDT.SIM-SRGridStrategyV3-000,SIM-001,T-2a0ebc1e339302dd-61820,LIMIT,BUY,0.033067,GTC,False,False,0.033067,MAKER,62393.76,0.0,['0.41000000 USDT'],NO_TRIGGER,FILLED,NO_CONTINGENCY,,,,,,,,d5232798-f9dc-4fd7-a9f2-6f4e1704e0cf,2024-05-07 08:00:00+00:00,2024-05-07 23:00:00+00:00,62393.76,,False,,
TESTER-001,SRGridStrategyV3-000,BTC/USDT.SIM,SIM-1-2614,BTC/USDT.SIM-SRGridStrategyV3-000,SIM-001,T-83f11780702e1d53-61906,LIMIT,BUY,0.043387,GTC,False,False,0.043387,MAKER,61515.55999999999,0.0,['0.53000000 USDT'],NO_TRIGGER,FILLED,NO_CONTINGENCY,,,,,,,,bc7fd6ec-b94f-4a4d-bd69-719993dca835,2024-05-07 08:00:00+00:00,2024-05-08 20:00:00+00:00,61515.56,,False,,
TESTER-001,SRGridStrategyV3-000,BTC/USDT.SIM,SIM-1-2615,BTC/USDT.SIM-SRGridStrategyV3-000,SIM-001,T-6d859e74b4793a49-61968,LIMIT,BUY,0.041664,GTC,False,False,0.041664,MAKER,60637.35,0.0,['0.51000000 USDT'],NO_TRIGGER,FILLED,NO_CONTINGENCY,,,,,,,,dcaf6c01-6f04-4700-b7d4-40b0f89b2b82,2024-05-07 08:00:00+00:00,2024-05-09 11:00:00+00:00,60637.35,,False,,
TESTER-001,SRGridStrategyV3-000,BTC/USDT.SIM,SIM-1-2642,BTC/USDT.SIM-SRGridStrategyV3-000,SIM-001,T-afcc8359c6528478-62085,LIMIT,BUY,0.044526,GTC,False,False,0.044526,MAKER,60334.02,0.0,['0.54000000 USDT'],NO_TRIGGER,FILLED,NO_CONTINGENCY,,,,,,,,bf059111-7da0-4d49-b08b-739c6157b7dc,2024-05-10 14:00:00+00:00,2024-05-10 16:00:00+00:00,60334.02,,False,,
TESTER-001,SRGridStrategyV3-000,BTC/USDT.SIM,SIM-1-2666,BTC/USDT.SIM-SRGridStrategyV3-000,SIM-001,T-9cb504889d4f2dfe-62126,MARKET,SELL,0.173249,GTC,True,False,0.173249,TAKER,60895.229999999996,0.0,['6.33000000 USDT'],NO_TRIGGER,FILLED,NO_CONTINGENCY,,,,,,,,76a6432d-f2d7-47ec-8b8e-cafdfa23a62f,2024-05-11 02:00:00+00:00,2024-05-11 02:00:00+00:00,,,,,
TESTER-001,SRGridStrategyV3-000,BTC/USDT.SIM,SIM-1-2667,BTC/USDT.SIM-SRGridStrategyV3-000,SIM-001,T-9cb504889d4f2dfe-62127,MARKET,SELL,0.985299,GTC,False,False,0.985299,TAKER,60895.229999999996,0.0,['36.00000000 USDT'],NO_TRIGGER,FILLED,NO_CONTINGENCY,,,,,,,,e08d8780-3f9d-4388-9631-c42d9ae26d84,2024-05-11 02:00:00+00:00,2024-05-11 02:00:00+00:00,,,,,
TESTER-001,SRGridStrategyV3-000,BTC/USDT.SIM,SIM-1-2668,BTC/USDT.SIM-SRGridStrategyV3-000,SIM-001,T-c2e59caec82f7c58-62394,MARKET,BUY,0.985299,GTC,True,False,0.985299,TAKER,62901.75,0.0,['37.19000000 USDT'],NO_TRIGGER,FILLED,NO_CONTINGENCY,,,,,,,,06991c87-424e-45e7-9d3d-733006fced43,2024-05-13 21:00:00+00:00,2024-05-13 21:00:00+00:00,,,,,
TESTER-001,SRGridStrategyV3-000,BTC/USDT.SIM,SIM-1-2669,BTC/USDT.SIM-SRGridStrategyV3-000,SIM-001,T-f4fbd82206865085-62430,LIMIT,BUY,0.036478,GTC,False,False,0.036478,MAKER,62220.46000000001,0.0,['0.45000000 USDT'],NO_TRIGGER,FILLED,NO_CONTINGENCY,,,,,,,,807db4a5-4560-4d7c-bc6c-5457b20c5377,2024-05-13 21:00:00+00:00,2024-05-14 06:00:00+00:00,62220.46,,False,,
TESTER-001,SRGridStrategyV3-000,BTC/USDT.SIM,SIM-1-2670,BTC/USDT.SIM-SRGridStrategyV3-000,SIM-001,T-f4fbd82206865085-62429,LIMIT,BUY,0.047255,GTC,False,False,0.047255,MAKER,61539.16,0.0,['0.58000000 USDT'],NO_TRIGGER,FILLED,NO_CONTINGENCY,,,,,,,,897c1d55-3a4d-464e-b02e-b870fdcf7c8f,2024-05-13 21:00:00+00:00,2024-05-14 06:00:00+00:00,61539.16,,False,,
TESTER-001,SRGridStrategyV3-000,BTC/USDT.SIM,SIM-1-2677,BTC/USDT.SIM-SRGridStrategyV3-000,SIM-001,T-56eb357be981d004-62550,LIMIT,SELL,0.078637,GTC,False,False,0.078637,MAKER,63583.04,0.0,['1.00000000 USDT'],NO_TRIGGER,FILLED,NO_CONTINGENCY,,,,,,,,2ffdeeea-3aa7-4121-bdfd-fd957e31b8a6,2024-05-13 21:00:00+00:00,2024-05-15 12:00:00+00:00,63583.04,,False,,
TESTER-001,SRGridStrategyV3-000,BTC/USDT.SIM,SIM-1-2678,BTC/USDT.SIM-SRGridStrategyV3-000,SIM-001,T-4775d2c7c59c1b89-62556,LIMIT,SELL,0.067271,GTC,False,False,0.067271,MAKER,64264.34,0.0,['0.86000000 USDT'],NO_TRIGGER,FILLED,NO_CONTINGENCY,,,,,,,,8f66058d-a271-4bea-9b05-40ed4516f713,2024-05-13 21:00:00+00:00,2024-05-15 13:00:00+00:00,64264.34,,False,,
TESTER-001,SRGridStrategyV3-000,BTC/USDT.SIM,SIM-1-2679,BTC/USDT.SIM-SRGridStrategyV3-000,SIM-001,T-4c1f663684a0bc83-62566,LIMIT,SELL,0.008403,GTC,False,False,0.008403,MAKER,64945.63,0.0,['0.11000000 USDT'],NO_TRIGGER,FILLED,NO_CONTINGENCY,,,,,,,,99f4ff6c-7cfc-46d7-a033-1cee987adc20,2024-05-13 21:00:00+00:00,2024-05-15 15:00:00+00:00,64945.63,,False,,
TESTER-001,SRGridStrategyV3-000,BTC/USDT.SIM,SIM-1-2680,BTC/USDT.SIM-SRGridStrategyV3-000,SIM-001,T-0e79f41d59de95a9-62580,LIMIT,SELL,0.007619,GTC,False,False,0.007619,MAKER,65626.92,0.0,['0.10000000 USDT'],NO_TRIGGER,FILLED,NO_CONTINGENCY,,,,,,,,329d5bb8-d27a-42c1-9cd3-da8162e9c0e9,2024-05-13 21:00:00+00:00,2024-05-15 18:00:00+00:00,65626.92,,False,,
TESTER-001,SRGridStrategyV3-000,BTC/USDT.SIM,SIM-1-2681,BTC/USDT.SIM-SRGridStrategyV3-000,SIM-001,T-3ecac9c52154ddac-62586,LIMIT,SELL,0.007541,GTC,False,False,0.007541,MAKER,66308.22,0.0,['0.10000000 USDT'],NO_TRIGGER,FILLED,NO_CONTINGENCY,,,,,,,,e3aad937-b07c-4634-86e5-d07016d5b760,2024-05-13 21:00:00+00:00,2024-05-15 19:00:00+00:00,66308.22,,False,,
TESTER-001,SRGridStrategyV3-000,BTC/USDT.SIM,SIM-1-2685,BTC/USDT.SIM-SRGridStrategyV3-000,SIM-001,T-56eb357be981d004-62551,LIMIT,SELL,0.078637,GTC,False,False,0.078637,MAKER,63583.04,0.0,['1.00000000 USDT'],NO_TRIGGER,FILLED,NO_CONTINGENCY,,,,,,,,516e7690-97e8-4a9b-832a-7d5a84d9b890,2024-05-14 06:00:00+00:00,2024-05-15 12:00:00+00:00,63583.04,,False,,
TESTER-001,SRGridStrategyV3-000,BTC/USDT.SIM,SIM-1-2686,BTC/USDT.SIM-SRGridStrategyV3-000,SIM-001,T-4775d2c7c59c1b89-62557,LIMIT,SELL,0.077804,GTC,False,False,0.077804,MAKER,64264.34,0.0,['1.00000000 USDT'],NO_TRIGGER,FILLED,NO_CONTINGENCY,,,,,,,,e83d0ea6-224a-4de0-9fc0-2327632616cb,2024-05-14 06:00:00+00:00,2024-05-15 13:00:00+00:00,64264.34,,False,,
TESTER-001,SRGridStrategyV3-000,BTC/USDT.SIM,SIM-1-2687,BTC/USDT.SIM-SRGridStrategyV3-000,SIM-001,T-4c1f663684a0bc83-62567,LIMIT,SELL,0.011267,GTC,False,False,0.011267,MAKER,64945.63,0.0,['0.15000000 USDT'],NO_TRIGGER,FILLED,NO_CONTINGENCY,,,,,,,,515283a9-7179-4c2a-8afb-c40754541d93,2024-05-14 06:00:00+00:00,2024-05-15 15:00:00+00:00,64945.63,,False,,
TESTER-001,SRGridStrategyV3-000,BTC/USDT.SIM,SIM-1-2688,BTC/USDT.SIM-SRGridStrategyV3-000,SIM-001,T-0e79f41d59de95a9-62581,LIMIT,SELL,0.007672,GTC,False,False,0.007672,MAKER,65626.92,0.0,['0.10000000 USDT'],NO_TRIGGER,FILLED,NO_CONTINGENCY,,,,,,,,646fa94a-4849-4dd6-bea9-df98307d7667,2024-05-14 06:00:00+00:00,2024-05-15 18:00:00+00:00,65626.92,,False,,
TESTER-001,SRGridStrategyV3-000,BTC/USDT.SIM,SIM-1-2689,BTC/USDT.SIM-SRGridStrategyV3-000,SIM-001,T-3ecac9c52154ddac-62587,LIMIT,SELL,0.007541,GTC,False,False,0.007541,MAKER,66308.22,0.0,['0.10000000 USDT'],NO_TRIGGER,FILLED,NO_CONTINGENCY,,,,,,,,e006f3d5-9097-4e29-8ba7-be3670353fa2,2024-05-14 06:00:00+00:00,2024-05-15 19:00:00+00:00,66308.22,,False,,
TESTER-001,SRGridStrategyV3-000,BTC/USDT.SIM,SIM-1-2723,BTC/USDT.SIM-SRGridStrategyV3-000,SIM-001,T-f57a3a50e355a2fa-62638,MARKET,BUY,0.268659,GTC,True,False,0.268659,TAKER,66142.62000000001,0.0,['10.66000000 USDT'],NO_TRIGGER,FILLED,NO_CONTINGENCY,,,,,,,,bf937b1c-3f94-4b70-82f2-264def3fe378,2024-05-16 07:00:00+00:00,2024-05-16 07:00:00+00:00,,,,,
TESTER-001,SRGridStrategyV3-000,BTC/USDT.SIM,SIM-1-2724,BTC/USDT.SIM-SRGridStrategyV3-000,SIM-001,T-f57a3a50e355a2fa-62639,MARKET,BUY,0.907131,GTC,False,False,0.907131,TAKER,66142.62000000001,0.0,['36.00000000 USDT'],NO_TRIGGER,FILLED,NO_CONTINGENCY,,,,,,,,e81a7249-0f14-4b73-81f9-bc98b657e19c,2024-05-16 07:00:00+00:00,2024-05-16 07:00:00+00:00,,,,,
TESTER-001,SRGridStrategyV3-000,BTC/USDT.SIM,SIM-1-2725,BTC/USDT.SIM-SRGridStrategyV3-000,SIM-001,T-e5d1c45f408a6fa1-64150,MARKET,SELL,0.907131,GTC,True,False,0.907131,TAKER,67686.34999999999,0.0,['36.84000000 USDT'],NO_TRIGGER,FILLED,NO_CONTINGENCY,,,,,,,,e65f8f14-cc5a-4864-9bed-9e6190161599,2024-06-01 05:00:00+00:00,2024-06-01 05:00:00+00:00,,,,,
TESTER-001,SRGridStrategyV3-000,BTC/USDT.SIM,SIM-1-2726,BTC/USDT.SIM-SRGridStrategyV3-000,SIM-001,T-c07e685534a33f0f-64302,LIMIT,BUY,0.064335,GTC,False,False,0.064335,MAKER,67261.7,0.0,['0.87000000 USDT'],NO_TRIGGER,FILLED,NO_CONTINGENCY,,,,,,,,6f0932a7-aaca-4279-ad57-e760e4c5b6fb,2024-06-01 05:00:00+00:00,2024-06-02 19:00:00+00:00,67261.70,,False,,
TESTER-001,SRGridStrategyV3-000,BTC/USDT.SIM,SIM-1-2734,BTC/USDT.SIM-SRGridStrategyV3-000,SIM-001,T-203a3c32743c9f07-64268,LIMIT,SELL,0.045092,GTC,False,False,0.045092,MAKER,68111.0,0.0,['0.61000000 USDT'],NO_TRIGGER,FILLED,NO_CONTINGENCY,,,,,,,,46e60eaa-cfb4-44b7-b12f-11516ce00b8e,2024-06-01 05:00:00+00:00,2024-06-02 11:00:00+00:00,68111.00,,False,,
TESTER-001,SRGridStrategyV3-000,BTC/USDT.SIM,SIM-1-2735,BTC/USDT.SIM-SRGridStrategyV3-000,SIM-001,T-1d3bc63e32291b43-64327,LIMIT,SELL,0.039179,GTC,False,False,0.039179,MAKER,68535.66,0.0,['0.54000000 USDT'],NO_TRIGGER,FILLED,NO_CONTINGENCY,,,,,,,,18378294-c8a4-4ec0-900e-0955a6753af1,2024-06-01 05:00:00+00:00,2024-06-03 01:00:00+00:00,68535.66,,False,,
TESTER-001,SRGridStrategyV3-000,BTC/USDT.SIM,SIM-1-2736,BTC/USDT.SIM-SRGridStrategyV3-000,SIM-001,T-bee454c43d19f232-64349,LIMIT,SELL,0.026270,GTC,False,False,0.026270,MAKER,68960.31,0.0,['0.36000000 USDT'],NO_TRIGGER,FILLED,NO_CONTINGENCY,,,,,,,,14d9e85f-62d8-4c8e-b187-da79723cb7cb,2024-06-01 05:00:00+00:00,2024-06-03 06:00:00+00:00,68960.31,,False,,
TESTER-001,SRGridStrategyV3-000,BTC/USDT.SIM,SIM-1-2737,BTC/USDT.SIM-SRGridStrategyV3-000,SIM-001,T-cb1a3b17d592bbd2-64375,LIMIT,SELL,0.032483,GTC,False,False,0.032483,MAKER,69384.97,0.0,['0.45000000 USDT'],NO_TRIGGER,FILLED,NO_CONTINGENCY,,,,,,,,1de2f921-e2f4-4c61-91ac-c3a5f36a9b37,2024-06-01 05:00:00+00:00,2024-06-03 12:00:00+00:00,69384.97,,False,,
TESTER-001,SRGridStrategyV3-000,BTC/USDT.SIM,SIM-1-2738,BTC/USDT.SIM-SRGridStrategyV3-000,SIM-001,T-dd1b9db427ea7ea4-64381,LIMIT,SELL,0.031698,GTC,False,False,0.031698,MAKER,69809.62,0.0,['0.44000000 USDT'],NO_TRIGGER,FILLED,NO_CONTINGENCY,,,,,,,,96c3cfb5-320e-4076-9fe0-734ca0768e3e,2024-06-01 05:00:00+00:00,2024-06-03 13:00:00+00:00,69809.62,,False,,
TESTER-001,SRGridStrategyV3-000,BTC/USDT.SIM,SIM-1-2739,BTC/USDT.SIM-SRGridStrategyV3-000,SIM-001,T-997e597a7abe4c3b-64487,LIMIT,SELL,0.018656,GTC,False,False,0.018656,MAKER,70234.28,0.0,['0.26000000 USDT'],NO_TRIGGER,FILLED,NO_CONTINGENCY,,,,,,,,bd54caf0-20e1-47f2-af7b-79c8d338631f,2024-06-01 05:00:00+00:00,2024-06-04 15:00:00+00:00,70234.28,,False,,
TESTER-001,SRGridStrategyV3-000,BTC/USDT.SIM,SIM-1-2740,BTC/USDT.SIM-SRGridStrategyV3-000,SIM-001,T-50f6bade9dca88ee-64493,LIMIT,SELL,0.007076,GTC,False,False,0.007076,MAKER,70658.93000000001,0.0,['0.10000000 USDT'],NO_TRIGGER,FILLED,NO_CONTINGENCY,,,,,,,,7b5d5a4e-1d76-42a1-97d8-8ac387401de9,2024-06-01 05:00:00+00:00,2024-06-04 16:00:00+00:00,70658.93,,False,,
TESTER-001,SRGridStrategyV3-000,BTC/USDT.SIM,SIM-1-2741,BTC/USDT.SIM-SRGridStrategyV3-000,SIM-001,T-c6bf0b3303d6b2ec-64531,LIMIT,SELL,0.017092,GTC,False,False,0.017092,MAKER,71083.58,0.0,['0.24000000 USDT'],NO_TRIGGER,FILLED,NO_CONTINGENCY,,,,,,,,ff64f769-bffd-4dee-92d8-a99bfe6e811a,2024-06-01 05:00:00+00:00,2024-06-05 01:00:00+00:00,71083.58,,False,,
TESTER-001,SRGridStrategyV3-000,BTC/USDT.SIM,SIM-1-2742,BTC/USDT.SIM-SRGridStrategyV3-000,SIM-001,T-c07e685534a33f0f-64303,LIMIT,BUY,0.074337,GTC,False,False,0.074337,MAKER,67261.7,0.0,['1.00000000 USDT'],NO_TRIGGER,FILLED,NO_CONTINGENCY,,,,,,,,622b61c5-9f69-4ea4-b002-93fcc5836ab8,2024-06-02 11:00:00+00:00,2024-06-02 19:00:00+00:00,67261.70,,False,,
TESTER-001,SRGridStrategyV3-000,BTC/USDT.SIM,SIM-1-2750,BTC/USDT.SIM-SRGridStrategyV3-000,SIM-001,T-1d3bc63e32291b43-64328,LIMIT,SELL,0.072552,GTC,False,False,0.072552,MAKER,68535.66,0.0,['0.99000000 USDT'],NO_TRIGGER,FILLED,NO_CONTINGENCY,,,,,,,,6a55612c-ccaa-4e30-b5fc-12dbbea2c190,2024-06-02 19:00:00+00:00,2024-06-03 01:00:00+00:00,68535.66,,False,,
TESTER-001,SRGridStrategyV3-000,BTC/USDT.SIM,SIM-1-2751,BTC/USDT.SIM-SRGridStrategyV3-000,SIM-001,T-bee454c43d19f232-64350,LIMIT,SELL,0.048192,GTC,False,False,0.048192,MAKER,68960.31,0.0,['0.66000000 USDT'],NO_TRIGGER,FILLED,NO_CONTINGENCY,,,,,,,,c26319d5-53ba-427d-9d67-75de5659e62f,2024-06-02 19:00:00+00:00,2024-06-03 06:00:00+00:00,68960.31,,False,,
TESTER-001,SRGridStrategyV3-000,BTC/USDT.SIM,SIM-1-2752,BTC/USDT.SIM-SRGridStrategyV3-000,SIM-001,T-cb1a3b17d592bbd2-64376,LIMIT,SELL,0.059585,GTC,False,False,0.059585,MAKER,69384.97,0.0,['0.83000000 USDT'],NO_TRIGGER,FILLED,NO_CONTINGENCY,,,,,,,,10b7bd76-6025-48b6-babd-75a4ba85e2c9,2024-06-02 19:00:00+00:00,2024-06-03 12:00:00+00:00,69384.97,,False,,
TESTER-001,SRGridStrategyV3-000,BTC/USDT.SIM,SIM-1-2753,BTC/USDT.SIM-SRGridStrategyV3-000,SIM-001,T-dd1b9db427ea7ea4-64382,LIMIT,SELL,0.058148,GTC,False,False,0.058148,MAKER,69809.62,0.0,['0.81000000 USDT'],NO_TRIGGER,FILLED,NO_CONTINGENCY,,,,,,,,21b3fba7-2005-41e1-8cf5-19debeb80539,2024-06-02 19:00:00+00:00,2024-06-03 13:00:00+00:00,69809.62,,False,,
TESTER-001,SRGridStrategyV3-000,BTC/USDT.SIM,SIM-1-2754,BTC/USDT.SIM-SRGridStrategyV3-000,SIM-001,T-997e597a7abe4c3b-64488,LIMIT,SELL,0.034221,GTC,False,False,0.034221,MAKER,70234.28,0.0,['0.48000000 USDT'],NO_TRIGGER,FILLED,NO_CONTINGENCY,,,,,,,,57dd441d-47de-46e6-a5c8-7c27d0e5129c,2024-06-02 19:00:00+00:00,2024-06-04 15:00:00+00:00,70234.28,,False,,
TESTER-001,SRGridStrategyV3-000,BTC/USDT.SIM,SIM-1-2755,BTC/USDT.SIM-SRGridStrategyV3-000,SIM-001,T-50f6bade9dca88ee-64494,LIMIT,SELL,0.012275,GTC,False,False,0.012275,MAKER,70658.93000000001,0.0,['0.17000000 USDT'],NO_TRIGGER,FILLED,NO_CONTINGENCY,,,,,,,,5f17b35f-3960-42c8-8501-7886d08b0451,2024-06-02 19:00:00+00:00,2024-06-04 16:00:00+00:00,70658.93,,False,,
TESTER-001,SRGridStrategyV3-000,BTC/USDT.SIM,SIM-1-2756,BTC/USDT.SIM-SRGridStrategyV3-000,SIM-001,T-c6bf0b3303d6b2ec-64532,LIMIT,SELL,0.031351,GTC,False,False,0.031351,MAKER,71083.58,0.0,['0.45000000 USDT'],NO_TRIGGER,FILLED,NO_CONTINGENCY,,,,,,,,0cb2241d-7ba0-4913-9c96-9c406129cfa8,2024-06-02 19:00:00+00:00,2024-06-05 01:00:00+00:00,71083.58,,False,,
TESTER-001,SRGridStrategyV3-000,BTC/USDT.SIM,SIM-1-2822,BTC/USDT.SIM-SRGridStrategyV3-000,SIM-001,T-fce6ad3633a477bc-64559,MARKET,BUY,0.395198,GTC,True,False,0.395198,TAKER,71200.0,0.0,['16.88000000 USDT'],NO_TRIGGER,FILLED,NO_CONTINGENCY,,,,,,,,0bc2638c-8345-4d7c-8cb6-8178bcca69f0,2024-06-05 07:00:00+00:00,2024-06-05 07:00:00+00:00,,,,,
TESTER-001,SRGridStrategyV3-000,BTC/USDT.SIM,SIM-1-2823,BTC/USDT.SIM-SRGridStrategyV3-000,SIM-001,T-fce6ad3633a477bc-64560,MARKET,BUY,0.842697,GTC,False,False,0.842697,TAKER,71200.0,0.0,['36.00000000 USDT'],NO_TRIGGER,FILLED,NO_CONTINGENCY,,,,,,,,b0b6cafd-0342-4386-a3c1-f73ab7bb3258,2024-06-05 07:00:00+00:00,2024-06-05 07:00:00+00:00,,,,,
TESTER-001,SRGridStrategyV3-000,BTC/USDT.SIM,SIM-1-2824,BTC/USDT.SIM-SRGridStrategyV3-000,SIM-001,T-4a05d732333d68a8-65118,MARKET,SELL,0.842697,GTC,True,False,0.842697,TAKER,68024.04,0.0,['34.39000000 USDT'],NO_TRIGGER,FILLED,NO_CONTINGENCY,,,,,,,,a3cf0489-7e09-487a-aeb7-e9bda699c0ab,2024-06-11 04:00:00+00:00,2024-06-11 04:00:00+00:00,,,,,
TESTER-001,SRGridStrategyV3-000,BTC/USDT.SIM,SIM-1-2825,BTC/USDT.SIM-SRGridStrategyV3-000,SIM-001,T-49be49feb93a8135-65126,LIMIT,BUY,0.074253,GTC,False,False,0.074253,MAKER,67337.77,0.0,['1.00000000 USDT'],NO_TRIGGER,FILLED,NO_CONTINGENCY,,,,,,,,324b6da2-19de-4af8-b649-7cdc10589bcb,2024-06-11 04:00:00+00:00,2024-06-11 06:00:00+00:00,67337.77,,False,,
TESTER-001,SRGridStrategyV3-000,BTC/USDT.SIM,SIM-1-2826,BTC/USDT.SIM-SRGridStrategyV3-000,SIM-001,T-423abef3c7ef2fc9-65155,LIMIT,BUY,0.007502,GTC,False,False,0.007502,MAKER,66651.5,0.0,['0.10000000 USDT'],NO_TRIGGER,FILLED,NO_CONTINGENCY,,,,,,,,e36d09a6-cd67-4db3-8629-27a27e94682e,2024-06-11 04:00:00+00:00,2024-06-11 13:00:00+00:00,66651.50,,False,,
TESTER-001,SRGridStrategyV3-000,BTC/USDT.SIM,SIM-1-2833,BTC/USDT.SIM-SRGridStrategyV3-000,SIM-001,T-b6e3d9251208efa0-65250,LIMIT,SELL,0.063585,GTC,False,False,0.063585,MAKER,68710.31,0.0,['0.87000000 USDT'],NO_TRIGGER,FILLED,NO_CONTINGENCY,,,,,,,,b83bfbe1-ce81-4f79-b86f-7f499aa9d5ef,2024-06-11 04:00:00+00:00,2024-06-12 12:00:00+00:00,68710.31,,False,,
TESTER-001,SRGridStrategyV3-000,BTC/USDT.SIM,SIM-1-2834,BTC/USDT.SIM-SRGridStrategyV3-000,SIM-001,T-b6e3d9251208efa0-65247,LIMIT,SELL,0.070161,GTC,False,False,0.070161,MAKER,69396.58,0.0,['0.97000000 USDT'],NO_TRIGGER,FILLED,NO_CONTINGENCY,,,,,,,,93047bff-67db-4cc6-a206-12e8891b9e1d,2024-06-11 04:00:00+00:00,2024-06-12 12:00:00+00:00,69396.58,,False,,
TESTER-001,SRGridStrategyV3-000,BTC/USDT.SIM,SIM-1-2841,BTC/USDT.SIM-SRGridStrategyV3-000,SIM-001,T-b6e3d9251208efa0-65251,LIMIT,SELL,0.072769,GTC,False,False,0.072769,MAKER,68710.31,0.0,['1.00000000 USDT'],NO_TRIGGER,FILLED,NO_CONTINGENCY,,,,,,,,3d580b0c-db38-4a02-90ca-99d43f69070e,2024-06-11 06:00:00+00:00,2024-06-12 12:00:00+00:00,68710.31,,False,,
TESTER-001,SRGridStrategyV3-000,BTC/USDT.SIM,SIM-1-2842,BTC/USDT.SIM-SRGridStrategyV3-000,SIM-001,T-b6e3d9251208efa0-65248,LIMIT,SELL,0.072050,GTC,False,False,0.072050,MAKER,69396.58,0.0,['1.00000000 USDT'],NO_TRIGGER,FILLED,NO_CONTINGENCY,,,,,,,,47491695-de49-4687-b67a-5380b8f1adac,2024-06-11 06:00:00+00:00,2024-06-12 12:00:00+00:00,69396.58,,False,,
TESTER-001,SRGridStrategyV3-000,BTC/USDT.SIM,SIM-1-2849,BTC/USDT.SIM-SRGridStrategyV3-000,SIM-001,T-b6e3d9251208efa0-65252,LIMIT,SELL,0.072769,GTC,False,False,0.072769,MAKER,68710.31,0.0,['1.00000000 USDT'],NO_TRIGGER,FILLED,NO_CONTINGENCY,,,,,,,,d85991dc-62eb-4448-9f8c-d8ade0fe4377,2024-06-11 13:00:00+00:00,2024-06-12 12:00:00+00:00,68710.31,,False,,
TESTER-001,SRGridStrategyV3-000,BTC/USDT.SIM,SIM-1-2850,BTC/USDT.SIM-SRGridStrategyV3-000,SIM-001,T-b6e3d9251208efa0-65249,LIMIT,SELL,0.072050,GTC,False,False,0.072050,MAKER,69396.58,0.0,['1.00000000 USDT'],NO_TRIGGER,FILLED,NO_CONTINGENCY,,,,,,,,b45b8cdd-cbb7-4011-801e-c75f603b1ae8,2024-06-11 13:00:00+00:00,2024-06-12 12:00:00+00:00,69396.58,,False,,
TESTER-001,SRGridStrategyV3-000,BTC/USDT.SIM,SIM-1-2863,BTC/USDT.SIM-SRGridStrategyV3-000,SIM-001,T-d4be15ef0f55a39b-65327,MARKET,BUY,0.341629,GTC,True,False,0.341629,TAKER,67518.56999999999,0.0,['13.84000000 USDT'],NO_TRIGGER,FILLED,NO_CONTINGENCY,,,,,,,,50e13cce-efb3-4a4c-8d3e-6830ca104a1b,2024-06-13 06:00:00+00:00,2024-06-13 06:00:00+00:00,,,,,
TESTER-001,SRGridStrategyV3-000,BTC/USDT.SIM,SIM-1-2864,BTC/USDT.SIM-SRGridStrategyV3-000,SIM-001,T-d4be15ef0f55a39b-65328,MARKET,SELL,0.888644,GTC,False,False,0.888644,TAKER,67518.56999999999,0.0,['36.00000000 USDT'],NO_TRIGGER,FILLED,NO_CONTINGENCY,,,,,,,,0d7f4b9d-41a2-4129-8923-c2095dc0068a,2024-06-13 06:00:00+00:00,2024-06-13 06:00:00+00:00,,,,,
TESTER-001,SRGridStrategyV3-000,BTC/USDT.SIM,SIM-1-2865,BTC/USDT.SIM-SRGridStrategyV3-000,SIM-001,T-8f00ff14b4193d85-68299,MARKET,BUY,0.888644,GTC,True,False,0.888644,TAKER,59920.509999999995,0.0,['31.95000000 USDT'],NO_TRIGGER,FILLED,NO_CONTINGENCY,,,,,,,,372a954a-a85e-4fa3-bcff-1b98ec1f6836,2024-07-14 10:00:00+00:00,2024-07-14 10:00:00+00:00,,,,,
TESTER-001,SRGridStrategyV3-000,BTC/USDT.SIM,SIM-1-2874,BTC/USDT.SIM-SRGridStrategyV3-000,SIM-001,T-10b6ee9329fb986b-68341,LIMIT,SELL,0.052624,GTC,False,False,0.052624,MAKER,60639.369999999995,0.0,['0.64000000 USDT'],NO_TRIGGER,FILLED,NO_CONTINGENCY,,,,,,,,2a6335fd-8814-4cca-b74b-2fc218651a5f,2024-07-14 10:00:00+00:00,2024-07-14 21:00:00+00:00,60639.37,,False,,
TESTER-001,SRGridStrategyV3-000,BTC/USDT.SIM,SIM-1-2875,BTC/USDT.SIM-SRGridStrategyV3-000,SIM-001,T-47dfe8880aca2cc9-68346,LIMIT,SELL,0.056287,GTC,False,False,0.056287,MAKER,61358.22,0.0,['0.69000000 USDT'],NO_TRIGGER,FILLED,NO_CONTINGENCY,,,,,,,,a97d2e95-5d67-4dbd-ab37-bcec13f875fe,2024-07-14 10:00:00+00:00,2024-07-14 22:00:00+00:00,61358.22,,False,,
TESTER-001,SRGridStrategyV3-000,BTC/USDT.SIM,SIM-1-2876,BTC/USDT.SIM-SRGridStrategyV3-000,SIM-001,T-c0cbf2576012c343-68363,LIMIT,SELL,0.042509,GTC,False,False,0.042509,MAKER,62077.08000000001,0.0,['0.53000000 USDT'],NO_TRIGGER,FILLED,NO_CONTINGENCY,,,,,,,,7b0bf7dc-467c-4e7d-a2a5-061c5b117daf,2024-07-14 10:00:00+00:00,2024-07-15 02:00:00+00:00,62077.08,,False,,
TESTER-001,SRGridStrategyV3-000,BTC/USDT.SIM,SIM-1-2877,BTC/USDT.SIM-SRGridStrategyV3-000,SIM-001,T-300da65b6a86dd89-68368,LIMIT,SELL,0.061235,GTC,False,False,0.061235,MAKER,62795.93,0.0,['0.77000000 USDT'],NO_TRIGGER,FILLED,NO_CONTINGENCY,,,,,,,,53c22eb2-c182-4906-b8d5-977b05d9b88f,2024-07-14 10:00:00+00:00,2024-07-15 03:00:00+00:00,62795.93,,False,,
TESTER-001,SRGridStrategyV3-000,BTC/USDT.SIM,SIM-1-2914,BTC/USDT.SIM-SRGridStrategyV3-000,SIM-001,T-9bc870562805697c-68399,MARKET,BUY,0.212655,GTC,True,False,0.212655,TAKER,62535.96000000001,0.0,['7.98000000 USDT'],NO_TRIGGER,FILLED,NO_CONTINGENCY,,,,,,,,e061fb8b-8919-4bfc-b279-9210e7f93471,2024-07-15 10:00:00+00:00,2024-07-15 10:00:00+00:00,,,,,
TESTER-001,SRGridStrategyV3-000,BTC/USDT.SIM,SIM-1-2915,BTC/USDT.SIM-SRGridStrategyV3-000,SIM-001,T-9bc870562805697c-68400,MARKET,BUY,0.959448,GTC,False,False,0.959448,TAKER,62535.96000000001,0.0,['36.00000000 USDT'],NO_TRIGGER,FILLED,NO_CONTINGENCY,,,,,,,,f0ea2472-6b17-48f4-b61f-45f610ee3097,2024-07-15 10:00:00+00:00,2024-07-15 10:00:00+00:00,,,,,
TESTER-001,SRGridStrategyV3-000,BTC/USDT.SIM,SIM-1-2916,BTC/USDT.SIM-SRGridStrategyV3-000,SIM-001,T-0c63800b7b68319b-70011,MARKET,SELL,0.959448,GTC,True,False,0.959448,TAKER,64328.59,0.0,['37.03000000 USDT'],NO_TRIGGER,FILLED,NO_CONTINGENCY,,,,,,,,992e87f2-a271-416c-a2cf-2065f456c18e,2024-08-01 07:00:00+00:00,2024-08-01 07:00:00+00:00,,,,,
TESTER-001,SRGridStrategyV3-000,BTC/USDT.SIM,SIM-1-2917,BTC/USDT.SIM-SRGridStrategyV3-000,SIM-001,T-8ba2d9c5ffdd819a-70043,LIMIT,BUY,0.078825,GTC,False,False,0.078825,MAKER,63431.869999999995,0.0,['1.00000000 USDT'],NO_TRIGGER,FILLED,NO_CONTINGENCY,,,,,,,,2931e8ed-c39c-4097-a730-66f364a856b9,2024-08-01 07:00:00+00:00,2024-08-01 15:00:00+00:00,63431.87,,False,,
TESTER-001,SRGridStrategyV3-000,BTC/USDT.SIM,SIM-1-2918,BTC/USDT.SIM-SRGridStrategyV3-000,SIM-001,T-06c4ef1597b8f397-70052,LIMIT,BUY,0.011331,GTC,False,False,0.011331,MAKER,62535.149999999994,0.0,['0.14000000 USDT'],NO_TRIGGER,FILLED,NO_CONTINGENCY,,,,,,,,1160a3f8-8ade-4fc2-b4dc-efe9711ac284,2024-08-01 07:00:00+00:00,2024-08-01 17:00:00+00:00,62535.15,,False,,
TESTER-001,SRGridStrategyV3-000,BTC/USDT.SIM,SIM-1-2925,BTC/USDT.SIM-SRGridStrategyV3-000,SIM-001,T-d608ee55de737968-70068,LIMIT,SELL,0.037218,GTC,False,False,0.037218,MAKER,65225.31,0.0,['0.49000000 USDT'],NO_TRIGGER,FILLED,NO_CONTINGENCY,,,,,,,,b734250c-d563-48df-b55f-1a3681bf6244,2024-08-01 07:00:00+00:00,2024-08-01 21:00:00+00:00,65225.31,,False,,
TESTER-001,SRGridStrategyV3-000,BTC/USDT.SIM,SIM-1-2933,BTC/USDT.SIM-SRGridStrategyV3-000,SIM-001,T-d608ee55de737968-70069,LIMIT,SELL,0.049681,GTC,False,False,0.049681,MAKER,65225.31,0.0,['0.65000000 USDT'],NO_TRIGGER,FILLED,NO_CONTINGENCY,,,,,,,,38e508a1-ab2e-41a3-81f1-fb6def95da68,2024-08-01 15:00:00+00:00,2024-08-01 21:00:00+00:00,65225.31,,False,,
TESTER-001,SRGridStrategyV3-000,BTC/USDT.SIM,SIM-1-2941,BTC/USDT.SIM-SRGridStrategyV3-000,SIM-001,T-d608ee55de737968-70070,LIMIT,SELL,0.051443,GTC,False,False,0.051443,MAKER,65225.31,0.0,['0.67000000 USDT'],NO_TRIGGER,FILLED,NO_CONTINGENCY,,,,,,,,81d25756-1cfd-4c96-a94e-eeaca730654a,2024-08-01 17:00:00+00:00,2024-08-01 21:00:00+00:00,65225.31,,False,,
TESTER-001,SRGridStrategyV3-000,BTC/USDT.SIM,SIM-1-2955,BTC/USDT.SIM-SRGridStrategyV3-000,SIM-001,T-b32ee928a3cf2af9-70152,MARKET,BUY,0.048186,GTC,True,False,0.048186,TAKER,63098.009999999995,0.0,['1.82000000 USDT'],NO_TRIGGER,FILLED,NO_CONTINGENCY,,,,,,,,c754fee3-98da-4df0-b6d9-f62aa16a9226,2024-08-02 17:00:00+00:00,2024-08-02 17:00:00+00:00,,,,,
TESTER-001,SRGridStrategyV3-000,BTC/USDT.SIM,SIM-1-2956,BTC/USDT.SIM-SRGridStrategyV3-000,SIM-001,T-b32ee928a3cf2af9-70153,MARKET,SELL,0.950902,GTC,False,False,0.950902,TAKER,63098.009999999995,0.0,['36.00000000 USDT'],NO_TRIGGER,FILLED,NO_CONTINGENCY,,,,,,,,57322665-7b65-4ea1-b477-f07d02c70c99,2024-08-02 17:00:00+00:00,2024-08-02 17:00:00+00:00,,,,,
TESTER-001,SRGridStrategyV3-000,BTC/USDT.SIM,SIM-1-2957,BTC/USDT.SIM-SRGridStrategyV3-000,SIM-001,T-29128544c44c8029-71775,MARKET,BUY,0.950902,GTC,True,False,0.950902,TAKER,58705.990000000005,0.0,['33.49000000 USDT'],NO_TRIGGER,FILLED,NO_CONTINGENCY,,,,,,,,87f2ae9e-59b3-4e01-85ac-7b489d3ec43b,2024-08-19 16:00:00+00:00,2024-08-19 16:00:00+00:00,,,,,
TESTER-001,SRGridStrategyV3-000,BTC/USDT.SIM,SIM-1-2966,BTC/USDT.SIM-SRGridStrategyV3-000,SIM-001,T-a06e10d1f85e4d07-71790,LIMIT,SELL,0.077529,GTC,False,False,0.077529,MAKER,59299.25000000001,0.0,['0.92000000 USDT'],NO_TRIGGER,FILLED,NO_CONTINGENCY,,,,,,,,14d034be-3437-459e-afb3-dc6c56e645ea,2024-08-19 16:00:00+00:00,2024-08-19 20:00:00+00:00,59299.25,,False,,
TESTER-001,SRGridStrategyV3-000,BTC/USDT.SIM,SIM-1-2982,BTC/USDT.SIM-SRGridStrategyV3-000,SIM-001,T-07f023450ea40011-71801,MARKET,BUY,0.077529,GTC,True,False,0.077529,TAKER,59240.99999999999,0.0,['2.76000000 USDT'],NO_TRIGGER,FILLED,NO_CONTINGENCY,,,,,,,,059571d2-8173-4c6d-af6f-46ca71bdd0b9,2024-08-19 22:00:00+00:00,2024-08-19 22:00:00+00:00,,,,,
TESTER-001,SRGridStrategyV3-000,BTC/USDT.SIM,SIM-1-2983,BTC/USDT.SIM-SRGridStrategyV3-000,SIM-001,T-07f023450ea40011-71802,MARKET,SELL,1.012812,GTC,False,False,1.012812,TAKER,59240.99999999999,0.0,['36.00000000 USDT'],NO_TRIGGER,FILLED,NO_CONTINGENCY,,,,,,,,bab3252c-aefe-461f-b41d-917ae438fe19,2024-08-19 22:00:00+00:00,2024-08-19 22:00:00+00:00,,,,,
TESTER-001,SRGridStrategyV3-000,BTC/USDT.SIM,SIM-1-2984,BTC/USDT.SIM-SRGridStrategyV3-000,SIM-001,T-4dfec9f3aa54882f-71835,MARKET,BUY,1.012812,GTC,True,False,1.012812,TAKER,60960.84,0.0,['37.05000000 USDT'],NO_TRIGGER,FILLED,NO_CONTINGENCY,,,,,,,,d79e736d-4ce4-4392-8b00-f30040efd2fb,2024-08-20 06:00:00+00:00,2024-08-20 06:00:00+00:00,,,,,
TESTER-001,SRGridStrategyV3-000,BTC/USDT.SIM,SIM-1-2985,BTC/USDT.SIM-SRGridStrategyV3-000,SIM-001,T-ed3dd57bf46b013c-71868,LIMIT,BUY,0.033704,GTC,False,False,0.033704,MAKER,60271.52,0.0,['0.41000000 USDT'],NO_TRIGGER,FILLED,NO_CONTINGENCY,,,,,,,,d001bbf6-870f-4cd2-94a1-4f353dd7af63,2024-08-20 06:00:00+00:00,2024-08-20 14:00:00+00:00,60271.52,,False,,
TESTER-001,SRGridStrategyV3-000,BTC/USDT.SIM,SIM-1-2986,BTC/USDT.SIM-SRGridStrategyV3-000,SIM-001,T-ed3dd57bf46b013c-71867,LIMIT,BUY,0.052172,GTC,False,False,0.052172,MAKER,59582.21000000001,0.0,['0.62000000 USDT'],NO_TRIGGER,FILLED,NO_CONTINGENCY,,,,,,,,a5c28af2-b621-483b-abc2-ab4715e10675,2024-08-20 06:00:00+00:00,2024-08-20 14:00:00+00:00,59582.21,,False,,
TESTER-001,SRGridStrategyV3-000,BTC/USDT.SIM,SIM-1-2987,BTC/USDT.SIM-SRGridStrategyV3-000,SIM-001,T-aaabff408bd01df4-71873,LIMIT,BUY,0.041064,GTC,False,False,0.041064,MAKER,58892.89,0.0,['0.48000000 USDT'],NO_TRIGGER,FILLED,NO_CONTINGENCY,,,,,,,,ec4d04c0-21f7-4a8a-b335-2be41084f72a,2024-08-20 06:00:00+00:00,2024-08-20 15:00:00+00:00,58892.89,,False,,
TESTER-001,SRGridStrategyV3-000,BTC/USDT.SIM,SIM-1-3017,BTC/USDT.SIM-SRGridStrategyV3-000,SIM-001,T-c5a5ea1bbf0cc135-71971,MARKET,SELL,0.126940,GTC,True,False,0.126940,TAKER,59511.80000000001,0.0,['4.53000000 USDT'],NO_TRIGGER,FILLED,NO_CONTINGENCY,,,,,,,,ec4f8169-85ea-4e9f-a2fa-8cf0447cc8c9,2024-08-21 15:00:00+00:00,2024-08-21 15:00:00+00:00,,,,,
TESTER-001,SRGridStrategyV3-000,BTC/USDT.SIM,SIM-1-3018,BTC/USDT.SIM-SRGridStrategyV3-000,SIM-001,T-c5a5ea1bbf0cc135-71972,MARKET,BUY,1.008203,GTC,False,False,1.008203,TAKER,59511.80000000001,0.0,['36.00000000 USDT'],NO_TRIGGER,FILLED,NO_CONTINGENCY,,,,,,,,940944b2-a80f-4006-bb00-1ab43d1d404a,2024-08-21 15:00:00+00:00,2024-08-21 15:00:00+00:00,,,,,
TESTER-001,SRGridStrategyV3-000,BTC/USDT.SIM,SIM-1-3019,BTC/USDT.SIM-SRGridStrategyV3-000,SIM-001,T-b21fd611c362f0b5-72731,MARKET,SELL,1.008203,GTC,True,False,1.008203,TAKER,60814.99,0.0,['36.79000000 USDT'],NO_TRIGGER,FILLED,NO_CONTINGENCY,,,,,,,,871e6778-bd17-4d47-b14d-b97aa0b1303f,2024-08-29 14:00:00+00:00,2024-08-29 14:00:00+00:00,,,,,
TESTER-001,SRGridStrategyV3-000,BTC/USDT.SIM,SIM-1-3020,BTC/USDT.SIM-SRGridStrategyV3-000,SIM-001,T-cafadc29674fca12-72739,LIMIT,BUY,0.026546,GTC,False,False,0.026546,MAKER,60272.96,0.0,['0.32000000 USDT'],NO_TRIGGER,FILLED,NO_CONTINGENCY,,,,,,,,d36c153f-c496-40e7-a68e-4f9e58395c14,2024-08-29 14:00:00+00:00,2024-08-29 16:00:00+00:00,60272.96,,False,,
TESTER-001,SRGridStrategyV3-000,BTC/USDT.SIM,SIM-1-3021,BTC/USDT.SIM-SRGridStrategyV3-000,SIM-001,T-7f0d229d0efda0e3-72748,LIMIT,BUY,0.050339,GTC,False,False,0.050339,MAKER,59730.91999999999,0.0,['0.60000000 USDT'],NO_TRIGGER,FILLED,NO_CONTINGENCY,,,,,,,,90e28647-aff3-4f8d-b409-0b0808e83871,2024-08-29 14:00:00+00:00,2024-08-29 18:00:00+00:00,59730.92,,False,,
TESTER-001,SRGridStrategyV3-000,BTC/USDT.SIM,SIM-1-3022,BTC/USDT.SIM-SRGridStrategyV3-000,SIM-001,T-7f0d229d0efda0e3-72750,LIMIT,BUY,0.084475,GTC,False,False,0.084475,MAKER,59188.89,0.0,['1.00000000 USDT'],NO_TRIGGER,FILLED,NO_CONTINGENCY,,,,,,,,528159d9-6107-4832-a614-cc12aa5089c8,2024-08-29 14:00:00+00:00,2024-08-29 18:00:00+00:00,59188.89,,False,,
TESTER-001,SRGridStrategyV3-000,BTC/USDT.SIM,SIM-1-3023,BTC/USDT.SIM-SRGridStrategyV3-000,SIM-001,T-c275a24337998366-72830,LIMIT,BUY,0.039903,GTC,False,False,0.039903,MAKER,58646.85,0.0,['0.47000000 USDT'],NO_TRIGGER,FILLED,NO_CONTINGENCY,,,,,,,,f2918ced-f4c1-4493-bbb0-5ee27ec662b8,2024-08-29 14:00:00+00:00,2024-08-30 14:00:00+00:00,58646.85,,False,,
TESTER-001,SRGridStrategyV3-000,BTC/USDT.SIM,SIM-1-3024,BTC/USDT.SIM-SRGridStrategyV3-000,SIM-001,T-0bcee823af5af36e-72835,LIMIT,BUY,0.028825,GTC,False,False,0.028825,MAKER,58104.82,0.0,['0.33000000 USDT'],NO_TRIGGER,FILLED,NO_CONTINGENCY,,,,,,,,dfd10e40-49f4-40c5-a0b6-a4a13eee652f,2024-08-29 14:00:00+00:00,2024-08-30 15:00:00+00:00,58104.82,,False,,
TESTER-001,SRGridStrategyV3-000,BTC/USDT.SIM,SIM-1-3068,BTC/USDT.SIM-SRGridStrategyV3-000,SIM-001,T-a4e6c94d6a986e21-72856,MARKET,SELL,0.230088,GTC,True,False,0.230088,TAKER,59048.0,0.0,['8.15000000 USDT'],NO_TRIGGER,FILLED,NO_CONTINGENCY,,,,,,,,4aeeb0fb-5b07-4509-8885-cfec0de5177f,2024-08-30 20:00:00+00:00,2024-08-30 20:00:00+00:00,,,,,
TESTER-001,SRGridStrategyV3-000,BTC/USDT.SIM,SIM-1-3069,BTC/USDT.SIM-SRGridStrategyV3-000,SIM-001,T-a4e6c94d6a986e21-72857,MARKET,SELL,1.016122,GTC,False,False,1.016122,TAKER,59048.0,0.0,['36.00000000 USDT'],NO_TRIGGER,FILLED,NO_CONTINGENCY,,,,,,,,1f39571b-a299-4abd-9a23-eef805e6dad2,2024-08-30 20:00:00+00:00,2024-08-30 20:00:00+00:00,,,,,
TESTER-001,SRGridStrategyV3-000,BTC/USDT.SIM,SIM-1-3070,BTC/USDT.SIM-SRGridStrategyV3-000,SIM-001,T-c6b891611ed2d93c-74157,MARKET,BUY,1.016122,GTC,True,False,1.016122,TAKER,57910.0,0.0,['35.31000000 USDT'],NO_TRIGGER,FILLED,NO_CONTINGENCY,,,,,,,,720d0285-f984-4bd6-a587-420299969995,2024-09-13 12:00:00+00:00,2024-09-13 12:00:00+00:00,,,,,
TESTER-001,SRGridStrategyV3-000,BTC/USDT.SIM,SIM-1-3079,BTC/USDT.SIM-SRGridStrategyV3-000,SIM-001,T-5936856745cecacb-74164,LIMIT,SELL,0.061287,GTC,False,False,0.061287,MAKER,58325.58,0.0,['0.71000000 USDT'],NO_TRIGGER,FILLED,NO_CONTINGENCY,,,,,,,,098c3f16-869b-44ec-a7ca-8db5c54cf5af,2024-09-13 12:00:00+00:00,2024-09-13 14:00:00+00:00,58325.58,,False,,
TESTER-001,SRGridStrategyV3-000,BTC/USDT.SIM,SIM-1-3080,BTC/USDT.SIM-SRGridStrategyV3-000,SIM-001,T-c991592aad350c45-74169,LIMIT,SELL,0.030844,GTC,False,False,0.030844,MAKER,58741.15,0.0,['0.36000000 USDT'],NO_TRIGGER,FILLED,NO_CONTINGENCY,,,,,,,,0d0060a9-3b62-4ec9-bca3-9c55e5c8e3ab,2024-09-13 12:00:00+00:00,2024-09-13 15:00:00+00:00,58741.15,,False,,
TESTER-001,SRGridStrategyV3-000,BTC/USDT.SIM,SIM-1-3081,BTC/USDT.SIM-SRGridStrategyV3-000,SIM-001,T-c991592aad350c45-74172,LIMIT,SELL,0.083815,GTC,False,False,0.083815,MAKER,59156.729999999996,0.0,['0.99000000 USDT'],NO_TRIGGER,FILLED,NO_CONTINGENCY,,,,,,,,3054749e-ea34-47dd-9880-7e7ff2284c81,2024-09-13 12:00:00+00:00,2024-09-13 15:00:00+00:00,59156.73,,False,,
TESTER-001,SRGridStrategyV3-000,BTC/USDT.SIM,SIM-1-3082,BTC/USDT.SIM-SRGridStrategyV3-000,SIM-001,T-c991592aad350c45-74173,LIMIT,SELL,0.045284,GTC,False,False,0.045284,MAKER,59572.3,0.0,['0.54000000 USDT'],NO_TRIGGER,FILLED,NO_CONTINGENCY,,,,,,,,3e5e7cb8-4968-454a-b566-cd5960f82f78,2024-09-13 12:00:00+00:00,2024-09-13 15:00:00+00:00,59572.30,,False,,
TESTER-001,SRGridStrategyV3-000,BTC/USDT.SIM,SIM-1-3083,BTC/USDT.SIM-SRGridStrategyV3-000,SIM-001,T-74356f603d977771-74188,LIMIT,SELL,0.008992,GTC,False,False,0.008992,MAKER,59987.87999999999,0.0,['0.11000000 USDT'],NO_TRIGGER,FILLED,NO_CONTINGENCY,,,,,,,,ff421a3a-7fab-4a6a-aa94-a4b491bb4c58,2024-09-13 12:00:00+00:00,2024-09-13 19:00:00+00:00,59987.88,,False,,
TESTER-001,SRGridStrategyV3-000,BTC/USDT.SIM,SIM-1-3084,BTC/USDT.SIM-SRGridStrategyV3-000,SIM-001,T-ef0299f8409818c6-74201,LIMIT,SELL,0.015246,GTC,False,False,0.015246,MAKER,60403.46,0.0,['0.18000000 USDT'],NO_TRIGGER,FILLED,NO_CONTINGENCY,,,,,,,,7e7a6250-d929-42d9-81d7-e4ee24ee8cde,2024-09-13 12:00:00+00:00,2024-09-13 22:00:00+00:00,60403.46,,False,,
TESTER-001,SRGridStrategyV3-000,BTC/USDT.SIM,SIM-1-3119,BTC/USDT.SIM-SRGridStrategyV3-000,SIM-001,T-ef0299f8409818c6-74204,MARKET,BUY,0.245468,GTC,True,False,0.245468,TAKER,60608.0,0.0,['8.93000000 USDT'],NO_TRIGGER,FILLED,NO_CONTINGENCY,,,,,,,,ff44bf0f-19be-4cbc-9fc8-cbabda155bc0,2024-09-13 22:00:00+00:00,2024-09-13 22:00:00+00:00,,,,,
TESTER-001,SRGridStrategyV3-000,BTC/USDT.SIM,SIM-1-3120,BTC/USDT.SIM-SRGridStrategyV3-000,SIM-001,T-ef0299f8409818c6-74205,MARKET,BUY,0.989968,GTC,False,False,0.989968,TAKER,60608.0,0.0,['36.00000000 USDT'],NO_TRIGGER,FILLED,NO_CONTINGENCY,,,,,,,,1c6297ae-b9b1-4f41-8724-41db51f67c73,2024-09-13 22:00:00+00:00,2024-09-13 22:00:00+00:00,,,,,
TESTER-001,SRGridStrategyV3-000,BTC/USDT.SIM,SIM-1-3121,BTC/USDT.SIM-SRGridStrategyV3-000,SIM-001,T-485cc5ebf2a3672a-76001,MARKET,SELL,0.989968,GTC,True,False,0.989968,TAKER,60924.0,0.0,['36.19000000 USDT'],NO_TRIGGER,FILLED,NO_CONTINGENCY,,,,,,,,2ec79914-645d-4c6a-8536-04d64b749bfe,2024-10-02 20:00:00+00:00,2024-10-02 20:00:00+00:00,,,,,
TESTER-001,SRGridStrategyV3-000,BTC/USDT.SIM,SIM-1-3122,BTC/USDT.SIM-SRGridStrategyV3-000,SIM-001,T-dd8b80979c81d1dc-76069,LIMIT,BUY,0.083408,GTC,False,False,0.083408,MAKER,59946.14000000001,0.0,['1.00000000 USDT'],NO_TRIGGER,FILLED,NO_CONTINGENCY,,,,,,,,43122888-4ae2-4573-adb5-b2dde6d52e54,2024-10-02 20:00:00+00:00,2024-10-03 13:00:00+00:00,59946.14,,False,,
TESTER-001,SRGridStrategyV3-000,BTC/USDT.SIM,SIM-1-3146,BTC/USDT.SIM-SRGridStrategyV3-000,SIM-001,T-582769350d4a15a2-76131,MARKET,SELL,0.083408,GTC,True,False,0.083408,TAKER,61001.44,0.0,['3.05000000 USDT'],NO_TRIGGER,FILLED,NO_CONTINGENCY,,,,,,,,2fb2f355-3e10-4ef6-8ae1-9dbb1f97ee00,2024-10-04 04:00:00+00:00,2024-10-04 04:00:00+00:00,,,,,
TESTER-001,SRGridStrategyV3-000,BTC/USDT.SIM,SIM-1-3147,BTC/USDT.SIM-SRGridStrategyV3-000,SIM-001,T-582769350d4a15a2-76132,MARKET,SELL,0.983583,GTC,False,False,0.983583,TAKER,61001.44,0.0,['36.00000000 USDT'],NO_TRIGGER,FILLED,NO_CONTINGENCY,,,,,,,,8abf6c3b-5fcd-42cf-80eb-d2d71b871a48,2024-10-04 04:00:00+00:00,2024-10-04 04:00:00+00:00,,,,,
TESTER-001,SRGridStrategyV3-000,BTC/USDT.SIM,SIM-1-3148,BTC/USDT.SIM-SRGridStrategyV3-000,SIM-001,T-5efc9997d5dba7d2-76579,MARKET,BUY,0.983583,GTC,True,False,0.983583,TAKER,62443.740000000005,0.0,['36.85000000 USDT'],NO_TRIGGER,FILLED,NO_CONTINGENCY,,,,,,,,b13bac84-7c37-49c4-92c7-88cc2feee291,2024-10-08 21:00:00+00:00,2024-10-08 21:00:00+00:00,,,,,
TESTER-001,SRGridStrategyV3-000,BTC/USDT.SIM,SIM-1-3149,BTC/USDT.SIM-SRGridStrategyV3-000,SIM-001,T-ddd1d0baf01d7319-76645,LIMIT,BUY,0.080986,GTC,False,False,0.080986,MAKER,61738.700000000004,0.0,['1.00000000 USDT'],NO_TRIGGER,FILLED,NO_CONTINGENCY,,,,,,,,362842d2-9595-4386-adb4-cdae370e33d5,2024-10-08 21:00:00+00:00,2024-10-09 14:00:00+00:00,61738.70,,False,,
TESTER-001,SRGridStrategyV3-000,BTC/USDT.SIM,SIM-1-3150,BTC/USDT.SIM-SRGridStrategyV3-000,SIM-001,T-230f89cf7683fbe1-76666,LIMIT,BUY,0.081922,GTC,False,False,0.081922,MAKER,61033.66,0.0,['1.00000000 USDT'],NO_TRIGGER,FILLED,NO_CONTINGENCY,,,,,,,,05c3300e-92c3-43d5-9f49-759bec5d19a1,2024-10-08 21:00:00+00:00,2024-10-09 19:00:00+00:00,61033.66,,False,,
TESTER-001,SRGridStrategyV3-000,BTC/USDT.SIM,SIM-1-3151,BTC/USDT.SIM-SRGridStrategyV3-000,SIM-001,T-f313ac23934f8d46-76671,LIMIT,BUY,0.053788,GTC,False,False,0.053788,MAKER,60328.62,0.0,['0.65000000 USDT'],NO_TRIGGER,FILLED,NO_CONTINGENCY,,,,,,,,ef48fd05-7e5b-4730-8e12-5326217d9da7,2024-10-08 21:00:00+00:00,2024-10-09 20:00:00+00:00,60328.62,,False,,
TESTER-001,SRGridStrategyV3-000,BTC/USDT.SIM,SIM-1-3189,BTC/USDT.SIM-SRGridStrategyV3-000,SIM-001,T-e6ab8e469562cd80-76685,MARKET,SELL,0.216696,GTC,True,False,0.216696,TAKER,60636.02,0.0,['7.88000000 USDT'],NO_TRIGGER,FILLED,NO_CONTINGENCY,,,,,,,,fa21b754-89ea-40cb-8ecb-d8b2357f2e0b,2024-10-09 23:00:00+00:00,2024-10-09 23:00:00+00:00,,,,,
TESTER-001,SRGridStrategyV3-000,BTC/USDT.SIM,SIM-1-3190,BTC/USDT.SIM-SRGridStrategyV3-000,SIM-001,T-e6ab8e469562cd80-76686,MARKET,SELL,0.989511,GTC,False,False,0.989511,TAKER,60636.02,0.0,['36.00000000 USDT'],NO_TRIGGER,FILLED,NO_CONTINGENCY,,,,,,,,6e61f80b-0294-4095-b5ec-da91371e8258,2024-10-09 23:00:00+00:00,2024-10-09 23:00:00+00:00,,,,,
TESTER-001,SRGridStrategyV3-000,BTC/USDT.SIM,SIM-1-3191,BTC/USDT.SIM-SRGridStrategyV3-000,SIM-001,T-5790255e55c5efe1-77120,MARKET,BUY,0.989511,GTC,True,False,0.989511,TAKER,64868.05,0.0,['38.51000000 USDT'],NO_TRIGGER,FILLED,NO_CONTINGENCY,,,,,,,,1306a7fe-ba2a-475d-ab05-78bffd545562,2024-10-14 12:00:00+00:00,2024-10-14 12:00:00+00:00,,,,,
TESTER-001,SRGridStrategyV3-000,BTC/USDT.SIM,SIM-1-3200,BTC/USDT.SIM-SRGridStrategyV3-000,SIM-001,T-58b86d73f94a4daf-77127,LIMIT,SELL,0.076217,GTC,False,False,0.076217,MAKER,65601.93,0.0,['1.00000000 USDT'],NO_TRIGGER,FILLED,NO_CONTINGENCY,,,,,,,,62604198-a99f-4030-be33-b93f8923d93e,2024-10-14 12:00:00+00:00,2024-10-14 14:00:00+00:00,65601.93,,False,,
TESTER-001,SRGridStrategyV3-000,BTC/USDT.SIM,SIM-1-3201,BTC/USDT.SIM-SRGridStrategyV3-000,SIM-001,T-cfcefbef3097e847-77160,LIMIT,SELL,0.009594,GTC,False,False,0.009594,MAKER,66335.81,0.0,['0.13000000 USDT'],NO_TRIGGER,FILLED,NO_CONTINGENCY,,,,,,,,cfe0fb54-a508-499f-8fa0-644163a59711,2024-10-14 12:00:00+00:00,2024-10-14 22:00:00+00:00,66335.81,,False,,
TESTER-001,SRGridStrategyV3-000,BTC/USDT.SIM,SIM-1-3202,BTC/USDT.SIM-SRGridStrategyV3-000,SIM-001,T-37fb1f5bf8106e6f-77221,LIMIT,SELL,0.007455,GTC,False,False,0.007455,MAKER,67069.69,0.0,['0.10000000 USDT'],NO_TRIGGER,FILLED,NO_CONTINGENCY,,,,,,,,612abbf5-4e01-4678-9dd9-cd0d2c537a7b,2024-10-14 12:00:00+00:00,2024-10-15 13:00:00+00:00,67069.69,,False,,
TESTER-001,SRGridStrategyV3-000,BTC/USDT.SIM,SIM-1-3224,BTC/USDT.SIM-SRGridStrategyV3-000,SIM-001,T-37fb1f5bf8106e6f-77224,MARKET,BUY,0.093266,GTC,True,False,0.093266,TAKER,67658.0,0.0,['3.79000000 USDT'],NO_TRIGGER,FILLED,NO_CONTINGENCY,,,,,,,,eb3c84bf-2d44-4eef-a8bc-47eaa946cbc3,2024-10-15 13:00:00+00:00,2024-10-15 13:00:00+00:00,,,,,
TESTER-001,SRGridStrategyV3-000,BTC/USDT.SIM,SIM-1-3225,BTC/USDT.SIM-SRGridStrategyV3-000,SIM-001,T-37fb1f5bf8106e6f-77225,MARKET,BUY,0.886813,GTC,False,False,0.886813,TAKER,67658.0,0.0,['36.00000000 USDT'],NO_TRIGGER,FILLED,NO_CONTINGENCY,,,,,,,,a7d9cac5-9b39-4ad1-8711-014fc77d4077,2024-10-15 13:00:00+00:00,2024-10-15 13:00:00+00:00,,,,,
TESTER-001,SRGridStrategyV3-000,BTC/USDT.SIM,SIM-1-3226,BTC/USDT.SIM-SRGridStrategyV3-000,SIM-001,T-495c910a8a6833c2-79140,MARKET,SELL,0.886813,GTC,True,False,0.886813,TAKER,67756.0,0.0,['36.05000000 USDT'],NO_TRIGGER,FILLED,NO_CONTINGENCY,,,,,,,,8db7113d-a189-42a6-af55-817575ca7b0e,2024-11-04 16:00:00+00:00,2024-11-04 16:00:00+00:00,,,,,
TESTER-001,SRGridStrategyV3-000,BTC/USDT.SIM,SIM-1-3227,BTC/USDT.SIM-SRGridStrategyV3-000,SIM-001,T-4681fe2279c04ba0-79159,LIMIT,BUY,0.074591,GTC,False,False,0.074591,MAKER,67032.05,0.0,['1.00000000 USDT'],NO_TRIGGER,FILLED,NO_CONTINGENCY,,,,,,,,6b5be32a-7d20-47b7-8fd7-ffc09b4b5a65,2024-11-04 16:00:00+00:00,2024-11-04 21:00:00+00:00,67032.05,,False,,
TESTER-001,SRGridStrategyV3-000,BTC/USDT.SIM,SIM-1-3235,BTC/USDT.SIM-SRGridStrategyV3-000,SIM-001,T-a353a55095e691c2-79187,LIMIT,SELL,0.057670,GTC,False,False,0.057670,MAKER,68479.95,0.0,['0.79000000 USDT'],NO_TRIGGER,FILLED,NO_CONTINGENCY,,,,,,,,812639ec-d8a0-46cd-b095-211a3f67caf9,2024-11-04 16:00:00+00:00,2024-11-05 04:00:00+00:00,68479.95,,False,,
TESTER-001,SRGridStrategyV3-000,BTC/USDT.SIM,SIM-1-3236,BTC/USDT.SIM-SRGridStrategyV3-000,SIM-001,T-4175e4369be44ad1-79229,LIMIT,SELL,0.045814,GTC,False,False,0.045814,MAKER,69203.90000000001,0.0,['0.63000000 USDT'],NO_TRIGGER,FILLED,NO_CONTINGENCY,,,,,,,,b21881cd-bdb9-484b-91f4-9bad43ae8bd7,2024-11-04 16:00:00+00:00,2024-11-05 14:00:00+00:00,69203.90,,False,,
TESTER-001,SRGridStrategyV3-000,BTC/USDT.SIM,SIM-1-3237,BTC/USDT.SIM-SRGridStrategyV3-000,SIM-001,T-4175e4369be44ad1-79233,LIMIT,SELL,0.025623,GTC,False,False,0.025623,MAKER,69927.84999999999,0.0,['0.36000000 USDT'],NO_TRIGGER,FILLED,NO_CONTINGENCY,,,,,,,,a6436925-82b5-489f-b729-15539aff985c,2024-11-04 16:00:00+00:00,2024-11-05 14:00:00+00:00,69927.85,,False,,
TESTER-001,SRGridStrategyV3-000,BTC/USDT.SIM,SIM-1-3238,BTC/USDT.SIM-SRGridStrategyV3-000,SIM-001,T-b315cd594a3b3f5d-79275,LIMIT,SELL,0.016219,GTC,False,False,0.016219,MAKER,70651.8,0.0,['0.23000000 USDT'],NO_TRIGGER,FILLED,NO_CONTINGENCY,,,,,,,,89badb58-ddcc-4446-bafd-78795e67bba5,2024-11-04 16:00:00+00:00,2024-11-06 00:00:00+00:00,70651.80,,False,,
TESTER-001,SRGridStrategyV3-000,BTC/USDT.SIM,SIM-1-3239,BTC/USDT.SIM-SRGridStrategyV3-000,SIM-001,T-b315cd594a3b3f5d-79273,LIMIT,SELL,0.022017,GTC,False,False,0.022017,MAKER,71375.75,0.0,['0.31000000 USDT'],NO_TRIGGER,FILLED,NO_CONTINGENCY,,,,,,,,9b9e6ef3-74d2-46fb-aaf3-cad1be0538c7,2024-11-04 16:00:00+00:00,2024-11-06 00:00:00+00:00,71375.75,,False,,
TESTER-001,SRGridStrategyV3-000,BTC/USDT.SIM,SIM-1-3240,BTC/USDT.SIM-SRGridStrategyV3-000,SIM-001,T-e3ad93b7691106f9-79285,LIMIT,SELL,0.029917,GTC,False,False,0.029917,MAKER,72099.7,0.0,['0.43000000 USDT'],NO_TRIGGER,FILLED,NO_CONTINGENCY,,,,,,,,86a6f69c-403c-4275-8b2b-324d85b5aa30,2024-11-04 16:00:00+00:00,2024-11-06 02:00:00+00:00,72099.70,,False,,
TESTER-001,SRGridStrategyV3-000,BTC/USDT.SIM,SIM-1-3241,BTC/USDT.SIM-SRGridStrategyV3-000,SIM-001,T-e3ad93b7691106f9-79289,LIMIT,SELL,0.019808,GTC,False,False,0.019808,MAKER,72823.64,0.0,['0.29000000 USDT'],NO_TRIGGER,FILLED,NO_CONTINGENCY,,,,,,,,37841648-4add-411f-b729-dd5917603e38,2024-11-04 16:00:00+00:00,2024-11-06 02:00:00+00:00,72823.64,,False,,
TESTER-001,SRGridStrategyV3-000,BTC/USDT.SIM,SIM-1-3242,BTC/USDT.SIM-SRGridStrategyV3-000,SIM-001,T-6e3d4039b4350e25-79293,LIMIT,SELL,0.006798,GTC,False,False,0.006798,MAKER,73547.59,0.0,['0.10000000 USDT'],NO_TRIGGER,FILLED,NO_CONTINGENCY,,,,,,,,bc4e5223-fef0-45cf-bb70-5e37c3bee98d,2024-11-04 16:00:00+00:00,2024-11-06 03:00:00+00:00,73547.59,,False,,
TESTER-001,SRGridStrategyV3-000,BTC/USDT.SIM,SIM-1-3243,BTC/USDT.SIM-SRGridStrategyV3-000,SIM-001,T-a353a55095e691c2-79188,LIMIT,SELL,0.073014,GTC,False,False,0.073014,MAKER,68479.95,0.0,['1.00000000 USDT'],NO_TRIGGER,FILLED,NO_CONTINGENCY,,,,,,,,05e39cf5-91ef-4085-b651-009ba0b99972,2024-11-04 21:00:00+00:00,2024-11-05 04:00:00+00:00,68479.95,,False,,
TESTER-001,SRGridStrategyV3-000,BTC/USDT.SIM,SIM-1-3244,BTC/USDT.SIM-SRGridStrategyV3-000,SIM-001,T-4175e4369be44ad1-79230,LIMIT,SELL,0.060989,GTC,False,False,0.060989,MAKER,69203.90000000001,0.0,['0.84000000 USDT'],NO_TRIGGER,FILLED,NO_CONTINGENCY,,,,,,,,c069215e-11b5-4297-8c50-7eb4a9745749,2024-11-04 21:00:00+00:00,2024-11-05 14:00:00+00:00,69203.90,,False,,
TESTER-001,SRGridStrategyV3-000,BTC/USDT.SIM,SIM-1-3245,BTC/USDT.SIM-SRGridStrategyV3-000,SIM-001,T-4175e4369be44ad1-79234,LIMIT,SELL,0.034111,GTC,False,False,0.034111,MAKER,69927.84999999999,0.0,['0.48000000 USDT'],NO_TRIGGER,FILLED,NO_CONTINGENCY,,,,,,,,7bec1b28-31d8-4516-9a10-67f76612c5e0,2024-11-04 21:00:00+00:00,2024-11-05 14:00:00+00:00,69927.85,,False,,
TESTER-001,SRGridStrategyV3-000,BTC/USDT.SIM,SIM-1-3246,BTC/USDT.SIM-SRGridStrategyV3-000,SIM-001,T-b315cd594a3b3f5d-79276,LIMIT,SELL,0.021589,GTC,False,False,0.021589,MAKER,70651.8,0.0,['0.31000000 USDT'],NO_TRIGGER,FILLED,NO_CONTINGENCY,,,,,,,,20abaf26-61d7-4429-9f11-cf166dc82dea,2024-11-04 21:00:00+00:00,2024-11-06 00:00:00+00:00,70651.80,,False,,
TESTER-001,SRGridStrategyV3-000,BTC/USDT.SIM,SIM-1-3247,BTC/USDT.SIM-SRGridStrategyV3-000,SIM-001,T-b315cd594a3b3f5d-79274,LIMIT,SELL,0.029307,GTC,False,False,0.029307,MAKER,71375.75,0.0,['0.42000000 USDT'],NO_TRIGGER,FILLED,NO_CONTINGENCY,,,,,,,,6cc98619-df94-45e7-a6c3-33ae9046c200,2024-11-04 21:00:00+00:00,2024-11-06 00:00:00+00:00,71375.75,,False,,
TESTER-001,SRGridStrategyV3-000,BTC/USDT.SIM,SIM-1-3248,BTC/USDT.SIM-SRGridStrategyV3-000,SIM-001,T-e3ad93b7691106f9-79286,LIMIT,SELL,0.039793,GTC,False,False,0.039793,MAKER,72099.7,0.0,['0.57000000 USDT'],NO_TRIGGER,FILLED,NO_CONTINGENCY,,,,,,,,e26d6fc5-383f-473a-9353-ed701f029b08,2024-11-04 21:00:00+00:00,2024-11-06 02:00:00+00:00,72099.70,,False,,
TESTER-001,SRGridStrategyV3-000,BTC/USDT.SIM,SIM-1-3249,BTC/USDT.SIM-SRGridStrategyV3-000,SIM-001,T-e3ad93b7691106f9-79290,LIMIT,SELL,0.026365,GTC,False,False,0.026365,MAKER,72823.64,0.0,['0.38000000 USDT'],NO_TRIGGER,FILLED,NO_CONTINGENCY,,,,,,,,ed9d3439-bc95-4da5-887f-3fb9f67849a9,2024-11-04 21:00:00+00:00,2024-11-06 02:00:00+00:00,72823.64,,False,,
TESTER-001,SRGridStrategyV3-000,BTC/USDT.SIM,SIM-1-3250,BTC/USDT.SIM-SRGridStrategyV3-000,SIM-001,T-6e3d4039b4350e25-79294,LIMIT,SELL,0.006892,GTC,False,False,0.006892,MAKER,73547.59,0.0,['0.10000000 USDT'],NO_TRIGGER,FILLED,NO_CONTINGENCY,,,,,,,,260f878e-a87d-42b7-82f7-71a961b838cc,2024-11-04 21:00:00+00:00,2024-11-06 03:00:00+00:00,73547.59,,False,,
TESTER-001,SRGridStrategyV3-000,BTC/USDT.SIM,SIM-1-3286,BTC/USDT.SIM-SRGridStrategyV3-000,SIM-001,T-536a34a5de06cef2-79341,MARKET,BUY,0.441335,GTC,True,False,0.441335,TAKER,73640.0,0.0,['19.50000000 USDT'],NO_TRIGGER,FILLED,NO_CONTINGENCY,,,,,,,,97b45d2e-7976-40bb-8984-4aaa95017031,2024-11-06 14:00:00+00:00,2024-11-06 14:00:00+00:00,,,,,
TESTER-001,SRGridStrategyV3-000,BTC/USDT.SIM,SIM-1-3287,BTC/USDT.SIM-SRGridStrategyV3-000,SIM-001,T-536a34a5de06cef2-79342,MARKET,BUY,0.814775,GTC,False,False,0.814775,TAKER,73640.0,0.0,['36.00000000 USDT'],NO_TRIGGER,FILLED,NO_CONTINGENCY,,,,,,,,85dca31c-543f-4a63-8333-9c0e09cee271,2024-11-06 14:00:00+00:00,2024-11-06 14:00:00+00:00,,,,,
TESTER-001,SRGridStrategyV3-000,BTC/USDT.SIM,SIM-1-3288,BTC/USDT.SIM-SRGridStrategyV3-000,SIM-001,T-f9401c369c1eed68-82686,MARKET,SELL,0.814775,GTC,True,False,0.814775,TAKER,98736.86,0.0,['48.27000000 USDT'],NO_TRIGGER,FILLED,NO_CONTINGENCY,,,,,,,,3f3e3b55-ba42-41d7-a19b-40eccc0bb7ae,2024-12-11 13:00:00+00:00,2024-12-11 13:00:00+00:00,,,,,
TESTER-001,SRGridStrategyV3-000,BTC/USDT.SIM,SIM-1-3297,BTC/USDT.SIM-SRGridStrategyV3-000,SIM-001,T-cc5f9f454b392897-82694,LIMIT,SELL,0.050126,GTC,False,False,0.050126,MAKER,99748.73999999999,0.0,['1.00000000 USDT'],NO_TRIGGER,FILLED,NO_CONTINGENCY,,,,,,,,e6837311-4311-43d3-a712-b066d5d89f37,2024-12-11 13:00:00+00:00,2024-12-11 15:00:00+00:00,99748.74,,False,,
TESTER-001,SRGridStrategyV3-000,BTC/USDT.SIM,SIM-1-3298,BTC/USDT.SIM-SRGridStrategyV3-000,SIM-001,T-cc5f9f454b392897-82693,LIMIT,SELL,0.023510,GTC,False,False,0.023510,MAKER,100760.63,0.0,['0.47000000 USDT'],NO_TRIGGER,FILLED,NO_CONTINGENCY,,,,,,,,42cc1146-8338-4cb6-8843-161496ea2ea9,2024-12-11 13:00:00+00:00,2024-12-11 15:00:00+00:00,100760.63,,False,,
TESTER-001,SRGridStrategyV3-000,BTC/USDT.SIM,SIM-1-3299,BTC/USDT.SIM-SRGridStrategyV3-000,SIM-001,T-8117e6531cf40f21-82723,LIMIT,SELL,0.018618,GTC,False,False,0.018618,MAKER,101772.51,0.0,['0.38000000 USDT'],NO_TRIGGER,FILLED,NO_CONTINGENCY,,,,,,,,8b0196e4-b878-4e1e-b2f4-ed8fd8e3124b,2024-12-11 13:00:00+00:00,2024-12-11 22:00:00+00:00,101772.51,,False,,
TESTER-001,SRGridStrategyV3-000,BTC/USDT.SIM,SIM-1-3321,BTC/USDT.SIM-SRGridStrategyV3-000,SIM-001,T-dc6585785c1d8af9-82754,MARKET,BUY,0.092254,GTC,True,False,0.092254,TAKER,100618.86,0.0,['5.57000000 USDT'],NO_TRIGGER,FILLED,NO_CONTINGENCY,,,,,,,,51756ecf-4024-484e-9d24-5750740dbf88,2024-12-12 05:00:00+00:00,2024-12-12 05:00:00+00:00,,,,,
TESTER-001,SRGridStrategyV3-000,BTC/USDT.SIM,SIM-1-3322,BTC/USDT.SIM-SRGridStrategyV3-000,SIM-001,T-dc6585785c1d8af9-82755,MARKET,BUY,0.596310,GTC,False,False,0.596310,TAKER,100618.86,0.0,['36.00000000 USDT'],NO_TRIGGER,FILLED,NO_CONTINGENCY,,,,,,,,25b828eb-b52a-4e77-9645-48f9f1b87405,2024-12-12 05:00:00+00:00,2024-12-12 05:00:00+00:00,,,,,
TESTER-001,SRGridStrategyV3-000,BTC/USDT.SIM,SIM-1-3323,BTC/USDT.SIM-SRGridStrategyV3-000,SIM-001,T-ec3e8fa15e8cd40f-83559,MARKET,SELL,0.596310,GTC,True,False,0.596310,TAKER,96727.99,0.0,['34.61000000 USDT'],NO_TRIGGER,FILLED,NO_CONTINGENCY,,,,,,,,6515be44-5a39-41a0-b6e0-281b35d72e1e,2024-12-20 16:00:00+00:00,2024-12-20 16:00:00+00:00,,,,,
TESTER-001,SRGridStrategyV3-000,BTC/USDT.SIM,SIM-1-3332,BTC/USDT.SIM-SRGridStrategyV3-000,SIM-001,T-1382eaa5f4c58450-83618,LIMIT,SELL,0.043278,GTC,False,False,0.043278,MAKER,98922.46,0.0,['0.86000000 USDT'],NO_TRIGGER,FILLED,NO_CONTINGENCY,,,,,,,,b46c82db-521f-4a48-8cfc-7c870782fee3,2024-12-20 16:00:00+00:00,2024-12-21 07:00:00+00:00,98922.46,,False,,
TESTER-001,SRGridStrategyV3-000,BTC/USDT.SIM,SIM-1-3348,BTC/USDT.SIM-SRGridStrategyV3-000,SIM-001,T-c3b77f58a36edbcb-83665,MARKET,BUY,0.043278,GTC,True,False,0.043278,TAKER,97400.01,0.0,['2.53000000 USDT'],NO_TRIGGER,FILLED,NO_CONTINGENCY,,,,,,,,e907df1d-c87c-4877-ae9e-9956492af4e0,2024-12-21 18:00:00+00:00,2024-12-21 18:00:00+00:00,,,,,
TESTER-001,SRGridStrategyV3-000,BTC/USDT.SIM,SIM-1-3349,BTC/USDT.SIM-SRGridStrategyV3-000,SIM-001,T-c3b77f58a36edbcb-83666,MARKET,SELL,0.616016,GTC,False,False,0.616016,TAKER,97400.01,0.0,['36.00000000 USDT'],NO_TRIGGER,FILLED,NO_CONTINGENCY,,,,,,,,502a7c3c-d021-4e7f-9ada-d4647e12dbf4,2024-12-21 18:00:00+00:00,2024-12-21 18:00:00+00:00,,,,,
TESTER-001,SRGridStrategyV3-000,BTC/USDT.SIM,SIM-1-3350,BTC/USDT.SIM-SRGridStrategyV3-000,SIM-001,T-1b13e3a35cbd03f4-84973,MARKET,BUY,0.616016,GTC,True,False,0.616016,TAKER,97889.39,0.0,['36.18000000 USDT'],NO_TRIGGER,FILLED,NO_CONTINGENCY,,,,,,,,f1a66550-ca6f-4862-bb60-3670bd1fdfd3,2025-01-04 11:00:00+00:00,2025-01-04 11:00:00+00:00,,,,,
TESTER-001,SRGridStrategyV3-000,BTC/USDT.SIM,SIM-1-3351,BTC/USDT.SIM-SRGridStrategyV3-000,SIM-001,T-1ea9053e381cc30f-85080,LIMIT,BUY,0.021876,GTC,False,False,0.021876,MAKER,97430.9,0.0,['0.43000000 USDT'],NO_TRIGGER,FILLED,NO_CONTINGENCY,,,,,,,,68380df6-b8a1-465b-ba7f-e1a5fc5267ea,2025-01-04 11:00:00+00:00,2025-01-05 14:00:00+00:00,97430.90,,False,,
TESTER-001,SRGridStrategyV3-000,BTC/USDT.SIM,SIM-1-3359,BTC/USDT.SIM-SRGridStrategyV3-000,SIM-001,T-a9cbe5250a8e05ea-85004,LIMIT,SELL,0.034501,GTC,False,False,0.034501,MAKER,98347.87999999999,0.0,['0.68000000 USDT'],NO_TRIGGER,FILLED,NO_CONTINGENCY,,,,,,,,5a72e228-29db-4293-9c35-9988609676d7,2025-01-04 11:00:00+00:00,2025-01-04 19:00:00+00:00,98347.88,,False,,
TESTER-001,SRGridStrategyV3-000,BTC/USDT.SIM,SIM-1-3367,BTC/USDT.SIM-SRGridStrategyV3-000,SIM-001,T-1ea9053e381cc30f-85081,LIMIT,BUY,0.026909,GTC,False,False,0.026909,MAKER,97430.9,0.0,['0.52000000 USDT'],NO_TRIGGER,FILLED,NO_CONTINGENCY,,,,,,,,30d9c8bc-1a01-4443-8f02-17dfe197bed4,2025-01-04 19:00:00+00:00,2025-01-05 14:00:00+00:00,97430.90,,False,,
TESTER-001,SRGridStrategyV3-000,BTC/USDT.SIM,SIM-1-3382,BTC/USDT.SIM-SRGridStrategyV3-000,SIM-001,T-7a337f4fe600af09-85091,MARKET,SELL,0.014284,GTC,True,False,0.014284,TAKER,98035.17,0.0,['0.84000000 USDT'],NO_TRIGGER,FILLED,NO_CONTINGENCY,,,,,,,,69f339f4-0f8a-4ee9-b5ba-743bb1da6ed7,2025-01-05 16:00:00+00:00,2025-01-05 16:00:00+00:00,,,,,
TESTER-001,SRGridStrategyV3-000,BTC/USDT.SIM,SIM-1-3383,BTC/USDT.SIM-SRGridStrategyV3-000,SIM-001,T-7a337f4fe600af09-85092,MARKET,BUY,0.612025,GTC,False,False,0.612025,TAKER,98035.17,0.0,['36.00000000 USDT'],NO_TRIGGER,FILLED,NO_CONTINGENCY,,,,,,,,248a353d-e7d6-4bdf-9fbe-5725a7e185bd,2025-01-05 16:00:00+00:00,2025-01-05 16:00:00+00:00,,,,,
TESTER-001,SRGridStrategyV3-000,BTC/USDT.SIM,SIM-1-3384,BTC/USDT.SIM-SRGridStrategyV3-000,SIM-001,T-28a5439030180da6-85460,MARKET,SELL,0.612025,GTC,True,False,0.612025,TAKER,93421.94,0.0,['34.31000000 USDT'],NO_TRIGGER,FILLED,NO_CONTINGENCY,,,,,,,,759702b5-2cc8-4036-ab7f-1387840c31ab,2025-01-09 12:00:00+00:00,2025-01-09 12:00:00+00:00,,,,,
TESTER-001,SRGridStrategyV3-000,BTC/USDT.SIM,SIM-1-3385,BTC/USDT.SIM-SRGridStrategyV3-000,SIM-001,T-1961a50d9dc0ba59-85464,LIMIT,BUY,0.054112,GTC,False,False,0.054112,MAKER,92401.48,0.0,['1.00000000 USDT'],NO_TRIGGER,FILLED,NO_CONTINGENCY,,,,,,,,9dbb2c3f-02fe-4bbf-a17a-b469782fe224,2025-01-09 12:00:00+00:00,2025-01-09 13:00:00+00:00,92401.48,,False,,
TESTER-001,SRGridStrategyV3-000,BTC/USDT.SIM,SIM-1-3386,BTC/USDT.SIM-SRGridStrategyV3-000,SIM-001,T-242bd10b5812912d-85495,LIMIT,BUY,0.006727,GTC,False,False,0.006727,MAKER,91381.03,0.0,['0.12000000 USDT'],NO_TRIGGER,FILLED,NO_CONTINGENCY,,,,,,,,922361c6-be4f-496f-b33f-89bcb3aa18a7,2025-01-09 12:00:00+00:00,2025-01-09 20:00:00+00:00,91381.03,,False,,
TESTER-001,SRGridStrategyV3-000,BTC/USDT.SIM,SIM-1-3393,BTC/USDT.SIM-SRGridStrategyV3-000,SIM-001,T-564178620f987c95-85472,LIMIT,SELL,0.039252,GTC,False,False,0.039252,MAKER,94442.4,0.0,['0.74000000 USDT'],NO_TRIGGER,FILLED,NO_CONTINGENCY,,,,,,,,66ebbaf3-e93b-423c-8219-9f0d4c627344,2025-01-09 12:00:00+00:00,2025-01-09 15:00:00+00:00,94442.40,,False,,
TESTER-001,SRGridStrategyV3-000,BTC/USDT.SIM,SIM-1-3401,BTC/USDT.SIM-SRGridStrategyV3-000,SIM-001,T-564178620f987c95-85473,LIMIT,SELL,0.052299,GTC,False,False,0.052299,MAKER,94442.4,0.0,['0.99000000 USDT'],NO_TRIGGER,FILLED,NO_CONTINGENCY,,,,,,,,a115ed23-1dfc-4494-93bf-077a879369a3,2025-01-09 13:00:00+00:00,2025-01-09 15:00:00+00:00,94442.40,,False,,
TESTER-001,SRGridStrategyV3-000,BTC/USDT.SIM,SIM-1-3409,BTC/USDT.SIM-SRGridStrategyV3-000,SIM-001,T-242bd10b5812912d-85496,LIMIT,BUY,0.054716,GTC,False,False,0.054716,MAKER,91381.03,0.0,['1.00000000 USDT'],NO_TRIGGER,FILLED,NO_CONTINGENCY,,,,,,,,c551479f-f05f-4e64-8e14-f5d3601d4f86,2025-01-09 15:00:00+00:00,2025-01-09 20:00:00+00:00,91381.03,,False,,
TESTER-001,SRGridStrategyV3-000,BTC/USDT.SIM,SIM-1-3423,BTC/USDT.SIM-SRGridStrategyV3-000,SIM-001,T-241e9151787740a7-85566,MARKET,SELL,0.024004,GTC,True,False,0.024004,TAKER,93557.23,0.0,['1.35000000 USDT'],NO_TRIGGER,FILLED,NO_CONTINGENCY,,,,,,,,5bb1b263-852d-483e-aaeb-32c8ce47fc5a,2025-01-10 13:00:00+00:00,2025-01-10 13:00:00+00:00,,,,,
TESTER-001,SRGridStrategyV3-000,BTC/USDT.SIM,SIM-1-3424,BTC/USDT.SIM-SRGridStrategyV3-000,SIM-001,T-241e9151787740a7-85567,MARKET,SELL,0.641319,GTC,False,False,0.641319,TAKER,93557.23,0.0,['36.00000000 USDT'],NO_TRIGGER,FILLED,NO_CONTINGENCY,,,,,,,,5aec0400-7e0c-4c0d-baca-98596a700794,2025-01-10 13:00:00+00:00,2025-01-10 13:00:00+00:00,,,,,
TESTER-001,SRGridStrategyV3-000,BTC/USDT.SIM,SIM-1-3425,BTC/USDT.SIM-SRGridStrategyV3-000,SIM-001,T-dede4522ed85e7d4-86013,MARKET,BUY,0.641319,GTC,True,False,0.641319,TAKER,97029.97,0.0,['37.34000000 USDT'],NO_TRIGGER,FILLED,NO_CONTINGENCY,,,,,,,,43679426-07ca-4492-938c-b2dd5861fb3e,2025-01-15 05:00:00+00:00,2025-01-15 05:00:00+00:00,,,,,
TESTER-001,SRGridStrategyV3-000,BTC/USDT.SIM,SIM-1-3434,BTC/USDT.SIM-SRGridStrategyV3-000,SIM-001,T-e38ff6282095e39c-86045,LIMIT,SELL,0.051017,GTC,False,False,0.051017,MAKER,98006.28,0.0,['1.00000000 USDT'],NO_TRIGGER,FILLED,NO_CONTINGENCY,,,,,,,,b6d42fd5-69f8-414c-bba5-7fbe09ddb4fd,2025-01-15 05:00:00+00:00,2025-01-15 13:00:00+00:00,98006.28,,False,,
TESTER-001,SRGridStrategyV3-000,BTC/USDT.SIM,SIM-1-3435,BTC/USDT.SIM-SRGridStrategyV3-000,SIM-001,T-e38ff6282095e39c-86044,LIMIT,SELL,0.017427,GTC,False,False,0.017427,MAKER,98982.59,0.0,['0.34000000 USDT'],NO_TRIGGER,FILLED,NO_CONTINGENCY,,,,,,,,d5a1077b-ace0-4b06-81ac-728afd345503,2025-01-15 05:00:00+00:00,2025-01-15 13:00:00+00:00,98982.59,,False,,
TESTER-001,SRGridStrategyV3-000,BTC/USDT.SIM,SIM-1-3436,BTC/USDT.SIM-SRGridStrategyV3-000,SIM-001,T-25b2d09eedd7f9dd-86070,LIMIT,SELL,0.009374,GTC,False,False,0.009374,MAKER,99958.9,0.0,['0.19000000 USDT'],NO_TRIGGER,FILLED,NO_CONTINGENCY,,,,,,,,58c01c00-46ec-43c3-b78d-8b73268ee9c3,2025-01-15 05:00:00+00:00,2025-01-15 19:00:00+00:00,99958.90,,False,,
TESTER-001,SRGridStrategyV3-000,BTC/USDT.SIM,SIM-1-3458,BTC/USDT.SIM-SRGridStrategyV3-000,SIM-001,T-fbc27d87bf99d787-86113,MARKET,BUY,0.077818,GTC,True,False,0.077818,TAKER,99382.11,0.0,['4.64000000 USDT'],NO_TRIGGER,FILLED,NO_CONTINGENCY,,,,,,,,f736c014-4ccf-4e2b-808b-e65ea39b85f8,2025-01-16 05:00:00+00:00,2025-01-16 05:00:00+00:00,,,,,
TESTER-001,SRGridStrategyV3-000,BTC/USDT.SIM,SIM-1-3459,BTC/USDT.SIM-SRGridStrategyV3-000,SIM-001,T-fbc27d87bf99d787-86114,MARKET,BUY,0.603730,GTC,False,False,0.603730,TAKER,99382.11,0.0,['36.00000000 USDT'],NO_TRIGGER,FILLED,NO_CONTINGENCY,,,,,,,,4f8aba9a-81e1-48ba-a3d5-866cb4a26d33,2025-01-16 05:00:00+00:00,2025-01-16 05:00:00+00:00,,,,,
TESTER-001,SRGridStrategyV3-000,BTC/USDT.SIM,SIM-1-3460,BTC/USDT.SIM-SRGridStrategyV3-000,SIM-001,T-6ce245e82fd0f428-87561,MARKET,SELL,0.603730,GTC,True,False,0.603730,TAKER,104256.56,0.0,['37.77000000 USDT'],NO_TRIGGER,FILLED,NO_CONTINGENCY,,,,,,,,bcfcd568-fa5c-4af5-9849-40c0ed849107,2025-01-31 09:00:00+00:00,2025-01-31 09:00:00+00:00,,,,,
TESTER-001,SRGridStrategyV3-000,BTC/USDT.SIM,SIM-1-3469,BTC/USDT.SIM-SRGridStrategyV3-000,SIM-001,T-5b6f7474737f0a03-87584,LIMIT,SELL,0.047590,GTC,False,False,0.047590,MAKER,105064.49,0.0,['1.00000000 USDT'],NO_TRIGGER,FILLED,NO_CONTINGENCY,,,,,,,,3ac1134e-3d22-4922-a3ef-85227ac58bb7,2025-01-31 09:00:00+00:00,2025-01-31 15:00:00+00:00,105064.49,,False,,
TESTER-001,SRGridStrategyV3-000,BTC/USDT.SIM,SIM-1-3485,BTC/USDT.SIM-SRGridStrategyV3-000,SIM-001,T-1d0a0cd746f662f6-87595,MARKET,BUY,0.047590,GTC,True,False,0.047590,TAKER,104580.87,0.0,['2.99000000 USDT'],NO_TRIGGER,FILLED,NO_CONTINGENCY,,,,,,,,34b8ce94-4483-4def-a8fe-6724e8ba3c24,2025-01-31 17:00:00+00:00,2025-01-31 17:00:00+00:00,,,,,
TESTER-001,SRGridStrategyV3-000,BTC/USDT.SIM,SIM-1-3486,BTC/USDT.SIM-SRGridStrategyV3-000,SIM-001,T-1d0a0cd746f662f6-87596,MARKET,BUY,0.573719,GTC,False,False,0.573719,TAKER,104580.87,0.0,['36.00000000 USDT'],NO_TRIGGER,FILLED,NO_CONTINGENCY,,,,,,,,e5966657-ce85-464a-a8fb-ad204ec5e8ed,2025-01-31 17:00:00+00:00,2025-01-31 17:00:00+00:00,,,,,
TESTER-001,SRGridStrategyV3-000,BTC/USDT.SIM,SIM-1-3487,BTC/USDT.SIM-SRGridStrategyV3-000,SIM-001,T-92f1d11bb9a999eb-87641,MARKET,SELL,0.573719,GTC,True,False,0.573719,TAKER,102316.16,0.0,['35.22000000 USDT'],NO_TRIGGER,FILLED,NO_CONTINGENCY,,,,,,,,73d4e1e6-c8af-4ad1-a6e6-9aa78ca92802,2025-02-01 04:00:00+00:00,2025-02-01 04:00:00+00:00,,,,,
TESTER-001,SRGridStrategyV3-000,BTC/USDT.SIM,SIM-1-3488,BTC/USDT.SIM-SRGridStrategyV3-000,SIM-001,T-9a14490a0e033213-87703,LIMIT,BUY,0.049398,GTC,False,False,0.049398,MAKER,101219.14,0.0,['1.00000000 USDT'],NO_TRIGGER,FILLED,NO_CONTINGENCY,,,,,,,,dd8d9b0a-fca4-4acb-be7b-f03f895aa610,2025-02-01 04:00:00+00:00,2025-02-01 20:00:00+00:00,101219.14,,False,,
TESTER-001,SRGridStrategyV3-000,BTC/USDT.SIM,SIM-1-3489,BTC/USDT.SIM-SRGridStrategyV3-000,SIM-001,T-556d2e74c5f6b506-87732,LIMIT,BUY,0.032420,GTC,False,False,0.032420,MAKER,100122.13,0.0,['0.65000000 USDT'],NO_TRIGGER,FILLED,NO_CONTINGENCY,,,,,,,,ea905b1e-8ba9-4898-840b-075f545331bf,2025-02-01 04:00:00+00:00,2025-02-02 03:00:00+00:00,100122.13,,False,,
TESTER-001,SRGridStrategyV3-000,BTC/USDT.SIM,SIM-1-3490,BTC/USDT.SIM-SRGridStrategyV3-000,SIM-001,T-834f56fd7569d3fa-87765,LIMIT,BUY,0.050492,GTC,False,False,0.050492,MAKER,99025.11,0.0,['1.00000000 USDT'],NO_TRIGGER,FILLED,NO_CONTINGENCY,,,,,,,,2e1c0f15-0bef-43dd-a8aa-d6b9458c3635,2025-02-01 04:00:00+00:00,2025-02-02 11:00:00+00:00,99025.11,,False,,
TESTER-001,SRGridStrategyV3-000,BTC/USDT.SIM,SIM-1-3491,BTC/USDT.SIM-SRGridStrategyV3-000,SIM-001,T-952a4b47c346549a-87790,LIMIT,BUY,0.005106,GTC,False,False,0.005106,MAKER,97928.09999999999,0.0,['0.10000000 USDT'],NO_TRIGGER,FILLED,NO_CONTINGENCY,,,,,,,,57f77dfd-c355-41db-9e66-9a4a35af5a92,2025-02-01 04:00:00+00:00,2025-02-02 17:00:00+00:00,97928.10,,False,,
TESTER-001,SRGridStrategyV3-000,BTC/USDT.SIM,SIM-1-3492,BTC/USDT.SIM-SRGridStrategyV3-000,SIM-001,T-26a18de485948794-87795,LIMIT,BUY,0.005164,GTC,False,False,0.005164,MAKER,96831.07999999999,0.0,['0.10000000 USDT'],NO_TRIGGER,FILLED,NO_CONTINGENCY,,,,,,,,0d81afd9-2e24-419b-a9a9-6fca7e12731a,2025-02-01 04:00:00+00:00,2025-02-02 18:00:00+00:00,96831.08,,False,,
TESTER-001,SRGridStrategyV3-000,BTC/USDT.SIM,SIM-1-3544,BTC/USDT.SIM-SRGridStrategyV3-000,SIM-001,T-4678988fd578e643-87801,MARKET,SELL,0.142580,GTC,True,False,0.142580,TAKER,98273.15999999999,0.0,['8.41000000 USDT'],NO_TRIGGER,FILLED,NO_CONTINGENCY,,,,,,,,a2a38331-bc9a-4b93-8950-a7a43a427489,2025-02-02 19:00:00+00:00,2025-02-02 19:00:00+00:00,,,,,
TESTER-001,SRGridStrategyV3-000,BTC/USDT.SIM,SIM-1-3545,BTC/USDT.SIM-SRGridStrategyV3-000,SIM-001,T-4678988fd578e643-87802,MARKET,SELL,0.610543,GTC,False,False,0.610543,TAKER,98273.15999999999,0.0,['36.00000000 USDT'],NO_TRIGGER,FILLED,NO_CONTINGENCY,,,,,,,,74a05d30-0a80-409c-994c-f0daff75f40b,2025-02-02 19:00:00+00:00,2025-02-02 19:00:00+00:00,,,,,
TESTER-001,SRGridStrategyV3-000,BTC/USDT.SIM,SIM-1-3546,BTC/USDT.SIM-SRGridStrategyV3-000,SIM-001,T-79364fd235a37db5-89407,MARKET,BUY,0.610543,GTC,True,False,0.610543,TAKER,95943.74,0.0,['35.15000000 USDT'],NO_TRIGGER,FILLED,NO_CONTINGENCY,,,,,,,,f23d4de2-4666-4db2-b05b-dd7dfa04d49f,2025-02-19 15:00:00+00:00,2025-02-19 15:00:00+00:00,,,,,
TESTER-001,SRGridStrategyV3-000,BTC/USDT.SIM,SIM-1-3555,BTC/USDT.SIM-SRGridStrategyV3-000,SIM-001,T-a6422ead33419dbb-89434,LIMIT,SELL,0.042508,GTC,False,False,0.042508,MAKER,96612.69,0.0,['0.82000000 USDT'],NO_TRIGGER,FILLED,NO_CONTINGENCY,,,,,,,,8514160d-ace2-42f4-bad3-0127a7ed095c,2025-02-19 15:00:00+00:00,2025-02-19 22:00:00+00:00,96612.69,,False,,
TESTER-001,SRGridStrategyV3-000,BTC/USDT.SIM,SIM-1-3556,BTC/USDT.SIM-SRGridStrategyV3-000,SIM-001,T-4fc63f171f7f0e13-89455,LIMIT,SELL,0.036176,GTC,False,False,0.036176,MAKER,97281.62999999999,0.0,['0.70000000 USDT'],NO_TRIGGER,FILLED,NO_CONTINGENCY,,,,,,,,8b09137d-05df-4383-a749-792df15f7d3b,2025-02-19 15:00:00+00:00,2025-02-20 03:00:00+00:00,97281.63,,False,,
TESTER-001,SRGridStrategyV3-000,BTC/USDT.SIM,SIM-1-3579,BTC/USDT.SIM-SRGridStrategyV3-000,SIM-001,T-54b9ff0b2a277938-89485,MARKET,BUY,0.078684,GTC,True,False,0.078684,TAKER,97373.98000000001,0.0,['4.60000000 USDT'],NO_TRIGGER,FILLED,NO_CONTINGENCY,,,,,,,,7b59abb3-379e-4e5e-bed0-39999f43a403,2025-02-20 10:00:00+00:00,2025-02-20 10:00:00+00:00,,,,,
TESTER-001,SRGridStrategyV3-000,BTC/USDT.SIM,SIM-1-3580,BTC/USDT.SIM-SRGridStrategyV3-000,SIM-001,T-54b9ff0b2a277938-89486,MARKET,SELL,0.616181,GTC,False,False,0.616181,TAKER,97373.98000000001,0.0,['36.00000000 USDT'],NO_TRIGGER,FILLED,NO_CONTINGENCY,,,,,,,,3013be6b-00f9-4ccf-8994-6ddad91bb0c1,2025-02-20 10:00:00+00:00,2025-02-20 10:00:00+00:00,,,,,
TESTER-001,SRGridStrategyV3-000,BTC/USDT.SIM,SIM-1-3581,BTC/USDT.SIM-SRGridStrategyV3-000,SIM-001,T-083b325e0596f91a-89527,MARKET,BUY,0.616181,GTC,True,False,0.616181,TAKER,98453.61,0.0,['36.40000000 USDT'],NO_TRIGGER,FILLED,NO_CONTINGENCY,,,,,,,,7f0d430a-f803-443a-98fc-4191a1054175,2025-02-20 20:00:00+00:00,2025-02-20 20:00:00+00:00,,,,,
TESTER-001,SRGridStrategyV3-000,BTC/USDT.SIM,SIM-1-3582,BTC/USDT.SIM-SRGridStrategyV3-000,SIM-001,T-2343a0a7a2355216-89604,LIMIT,BUY,0.032231,GTC,False,False,0.032231,MAKER,97770.36,0.0,['0.63000000 USDT'],NO_TRIGGER,FILLED,NO_CONTINGENCY,,,,,,,,ffccf332-d4b1-4a45-b5b1-6cc19b8fd1b7,2025-02-20 20:00:00+00:00,2025-02-21 15:00:00+00:00,97770.36,,False,,
TESTER-001,SRGridStrategyV3-000,BTC/USDT.SIM,SIM-1-3583,BTC/USDT.SIM-SRGridStrategyV3-000,SIM-001,T-426df16219869fe5-89614,LIMIT,BUY,0.038324,GTC,False,False,0.038324,MAKER,97087.11,0.0,['0.74000000 USDT'],NO_TRIGGER,FILLED,NO_CONTINGENCY,,,,,,,,1f234387-0af5-4fac-adb5-7bb9e125ce17,2025-02-20 20:00:00+00:00,2025-02-21 17:00:00+00:00,97087.11,,False,,
TESTER-001,SRGridStrategyV3-000,BTC/USDT.SIM,SIM-1-3584,BTC/USDT.SIM-SRGridStrategyV3-000,SIM-001,T-a99fabfd43b4d63f-89624,LIMIT,BUY,0.036187,GTC,False,False,0.036187,MAKER,96403.87,0.0,['0.70000000 USDT'],NO_TRIGGER,FILLED,NO_CONTINGENCY,,,,,,,,46e0abb6-bfbd-4e34-bfae-8e086441894c,2025-02-20 20:00:00+00:00,2025-02-21 19:00:00+00:00,96403.87,,False,,
TESTER-001,SRGridStrategyV3-000,BTC/USDT.SIM,SIM-1-3585,BTC/USDT.SIM-SRGridStrategyV3-000,SIM-001,T-a99fabfd43b4d63f-89627,LIMIT,BUY,0.031894,GTC,False,False,0.031894,MAKER,95720.62000000001,0.0,['0.61000000 USDT'],NO_TRIGGER,FILLED,NO_CONTINGENCY,,,,,,,,5c46c176-d7f0-496f-a37c-dd8599fa71ee,2025-02-20 20:00:00+00:00,2025-02-21 19:00:00+00:00,95720.62,,False,,
TESTER-001,SRGridStrategyV3-000,BTC/USDT.SIM,SIM-1-3586,BTC/USDT.SIM-SRGridStrategyV3-000,SIM-001,T-495b68351d9f7740-89632,LIMIT,BUY,0.012689,GTC,False,False,0.012689,MAKER,95037.37,0.0,['0.24000000 USDT'],NO_TRIGGER,FILLED,NO_CONTINGENCY,,,,,,,,0c385a73-635f-4245-afb1-24401305000c,2025-02-20 20:00:00+00:00,2025-02-21 20:00:00+00:00,95037.37,,False,,
TESTER-001,SRGridStrategyV3-000,BTC/USDT.SIM,SIM-1-3587,BTC/USDT.SIM-SRGridStrategyV3-000,SIM-001,T-bb796694aa2e93b5-89897,LIMIT,BUY,0.005299,GTC,False,False,0.005299,MAKER,94354.12,0.0,['0.10000000 USDT'],NO_TRIGGER,FILLED,NO_CONTINGENCY,,,,,,,,2a0552ef-4ca9-4c10-8fdc-f0766320ab86,2025-02-20 20:00:00+00:00,2025-02-24 15:00:00+00:00,94354.12,,False,,
TESTER-001,SRGridStrategyV3-000,BTC/USDT.SIM,SIM-1-3588,BTC/USDT.SIM-SRGridStrategyV3-000,SIM-001,T-10f49b0b91de85f7-89915,LIMIT,BUY,0.005338,GTC,False,False,0.005338,MAKER,93670.88,0.0,['0.10000000 USDT'],NO_TRIGGER,FILLED,NO_CONTINGENCY,,,,,,,,09a5d6b9-bd06-45ec-9c65-f5f6388f2d5c,2025-02-20 20:00:00+00:00,2025-02-24 19:00:00+00:00,93670.88,,False,,
TESTER-001,SRGridStrategyV3-000,BTC/USDT.SIM,SIM-1-3590,BTC/USDT.SIM-SRGridStrategyV3-000,SIM-001,T-a4de39b15df10b89-89594,LIMIT,SELL,0.050435,GTC,False,False,0.050435,MAKER,99136.86,0.0,['1.00000000 USDT'],NO_TRIGGER,FILLED,NO_CONTINGENCY,,,,,,,,ba4b8334-4bf1-4f13-a7ae-33d1c1255d36,2025-02-20 20:00:00+00:00,2025-02-21 13:00:00+00:00,99136.86,,False,,
TESTER-001,SRGridStrategyV3-000,BTC/USDT.SIM,SIM-1-3598,BTC/USDT.SIM-SRGridStrategyV3-000,SIM-001,T-2343a0a7a2355216-89605,LIMIT,BUY,0.043302,GTC,False,False,0.043302,MAKER,97770.36,0.0,['0.85000000 USDT'],NO_TRIGGER,FILLED,NO_CONTINGENCY,,,,,,,,5645b39a-850b-4387-a072-a10e3233b984,2025-02-21 13:00:00+00:00,2025-02-21 15:00:00+00:00,97770.36,,False,,
TESTER-001,SRGridStrategyV3-000,BTC/USDT.SIM,SIM-1-3599,BTC/USDT.SIM-SRGridStrategyV3-000,SIM-001,T-426df16219869fe5-89615,LIMIT,BUY,0.051138,GTC,False,False,0.051138,MAKER,97087.11,0.0,['0.99000000 USDT'],NO_TRIGGER,FILLED,NO_CONTINGENCY,,,,,,,,f0806b8c-9e7d-4514-8c30-9520a538fea9,2025-02-21 13:00:00+00:00,2025-02-21 17:00:00+00:00,97087.11,,False,,
TESTER-001,SRGridStrategyV3-000,BTC/USDT.SIM,SIM-1-3600,BTC/USDT.SIM-SRGridStrategyV3-000,SIM-001,T-a99fabfd43b4d63f-89625,LIMIT,BUY,0.047774,GTC,False,False,0.047774,MAKER,96403.87,0.0,['0.92000000 USDT'],NO_TRIGGER,FILLED,NO_CONTINGENCY,,,,,,,,7f7d82c1-2762-42ce-99e4-75767088cf10,2025-02-21 13:00:00+00:00,2025-02-21 19:00:00+00:00,96403.87,,False,,
TESTER-001,SRGridStrategyV3-000,BTC/USDT.SIM,SIM-1-3601,BTC/USDT.SIM-SRGridStrategyV3-000,SIM-001,T-a99fabfd43b4d63f-89628,LIMIT,BUY,0.042585,GTC,False,False,0.042585,MAKER,95720.62000000001,0.0,['0.82000000 USDT'],NO_TRIGGER,FILLED,NO_CONTINGENCY,,,,,,,,a4136d02-5089-4fb2-98f1-626789da2bea,2025-02-21 13:00:00+00:00,2025-02-21 19:00:00+00:00,95720.62,,False,,
TESTER-001,SRGridStrategyV3-000,BTC/USDT.SIM,SIM-1-3602,BTC/USDT.SIM-SRGridStrategyV3-000,SIM-001,T-495b68351d9f7740-89633,LIMIT,BUY,0.016947,GTC,False,False,0.016947,MAKER,95037.37,0.0,['0.32000000 USDT'],NO_TRIGGER,FILLED,NO_CONTINGENCY,,,,,,,,eeba1695-bb67-46bc-8f79-045bb5a15334,2025-02-21 13:00:00+00:00,2025-02-21 20:00:00+00:00,95037.37,,False,,
TESTER-001,SRGridStrategyV3-000,BTC/USDT.SIM,SIM-1-3603,BTC/USDT.SIM-SRGridStrategyV3-000,SIM-001,T-bb796694aa2e93b5-89898,LIMIT,BUY,0.006261,GTC,False,False,0.006261,MAKER,94354.12,0.0,['0.12000000 USDT'],NO_TRIGGER,FILLED,NO_CONTINGENCY,,,,,,,,53199db0-2149-4d8c-8e24-408b42b360cd,2025-02-21 13:00:00+00:00,2025-02-24 15:00:00+00:00,94354.12,,False,,
TESTER-001,SRGridStrategyV3-000,BTC/USDT.SIM,SIM-1-3604,BTC/USDT.SIM-SRGridStrategyV3-000,SIM-001,T-10f49b0b91de85f7-89916,LIMIT,BUY,0.005740,GTC,False,False,0.005740,MAKER,93670.88,0.0,['0.11000000 USDT'],NO_TRIGGER,FILLED,NO_CONTINGENCY,,,,,,,,561223ac-c4b2-41d6-a902-85c2f94a729f,2025-02-21 13:00:00+00:00,2025-02-24 19:00:00+00:00,93670.88,,False,,
TESTER-001,SRGridStrategyV3-000,BTC/USDT.SIM,SIM-1-3648,BTC/USDT.SIM-SRGridStrategyV3-000,SIM-001,T-ed8e9698c7a2b2be-89929,LIMIT,BUY,0.053789,GTC,False,False,0.053789,MAKER,92955.32,0.0,['1.00000000 USDT'],NO_TRIGGER,FILLED,NO_CONTINGENCY,,,,,,,,5fa82dfa-72cf-4456-b4c5-fd0aaddf7395,2025-02-24 20:00:00+00:00,2025-02-24 22:00:00+00:00,92955.32,,False,,
TESTER-001,SRGridStrategyV3-000,BTC/USDT.SIM,SIM-1-3649,BTC/USDT.SIM-SRGridStrategyV3-000,SIM-001,T-e8b1a0d05cfccb3a-89934,LIMIT,BUY,0.005441,GTC,False,False,0.005441,MAKER,91890.64,0.0,['0.10000000 USDT'],NO_TRIGGER,FILLED,NO_CONTINGENCY,,,,,,,,3bc442e4-b8b4-4523-b029-33c18d68c776,2025-02-24 20:00:00+00:00,2025-02-24 23:00:00+00:00,91890.64,,False,,
TESTER-001,SRGridStrategyV3-000,BTC/USDT.SIM,SIM-1-3650,BTC/USDT.SIM-SRGridStrategyV3-000,SIM-001,T-b40464b6ba26b59b-89967,LIMIT,BUY,0.005505,GTC,False,False,0.005505,MAKER,90825.95999999999,0.0,['0.10000000 USDT'],NO_TRIGGER,FILLED,NO_CONTINGENCY,,,,,,,,44bdb88f-3040-4eda-9b49-120c4777e727,2025-02-24 20:00:00+00:00,2025-02-25 07:00:00+00:00,90825.96,,False,,
TESTER-001,SRGridStrategyV3-000,BTC/USDT.SIM,SIM-1-3651,BTC/USDT.SIM-SRGridStrategyV3-000,SIM-001,T-b40464b6ba26b59b-89969,LIMIT,BUY,0.005570,GTC,False,False,0.005570,MAKER,89761.28,0.0,['0.10000000 USDT'],NO_TRIGGER,FILLED,NO_CONTINGENCY,,,,,,,,5c9a07e6-16c2-4e49-9af6-e1601df2309b,2025-02-24 20:00:00+00:00,2025-02-25 07:00:00+00:00,89761.28,,False,,
TESTER-001,SRGridStrategyV3-000,BTC/USDT.SIM,SIM-1-3652,BTC/USDT.SIM-SRGridStrategyV3-000,SIM-001,T-accff2daca54dc4d-89977,LIMIT,BUY,0.005637,GTC,False,False,0.005637,MAKER,88696.6,0.0,['0.10000000 USDT'],NO_TRIGGER,FILLED,NO_CONTINGENCY,,,,,,,,563ffa8a-0fbd-42f2-a8f0-d87e14535afe,2025-02-24 20:00:00+00:00,2025-02-25 09:00:00+00:00,88696.60,,False,,
TESTER-001,SRGridStrategyV3-000,BTC/USDT.SIM,SIM-1-3688,BTC/USDT.SIM-SRGridStrategyV3-000,SIM-001,T-accff2daca54dc4d-89979,MARKET,SELL,0.401216,GTC,True,False,0.401216,TAKER,88303.73000000001,0.0,['21.26000000 USDT'],NO_TRIGGER,FILLED,NO_CONTINGENCY,,,,,,,,47419908-a58f-45a3-90bb-959d558f2cb0,2025-02-25 09:00:00+00:00,2025-02-25 09:00:00+00:00,,,,,
TESTER-001,SRGridStrategyV3-000,BTC/USDT.SIM,SIM-1-3689,BTC/USDT.SIM-SRGridStrategyV3-000,SIM-001,T-accff2daca54dc4d-89980,MARKET,SELL,0.679473,GTC,False,False,0.679473,TAKER,88303.73000000001,0.0,['36.00000000 USDT'],NO_TRIGGER,FILLED,NO_CONTINGENCY,,,,,,,,9e2676d0-3963-4db3-b19c-e754dde3a71d,2025-02-25 09:00:00+00:00,2025-02-25 09:00:00+00:00,,,,,
TESTER-001,SRGridStrategyV3-000,BTC/USDT.SIM,SIM-1-3690,BTC/USDT.SIM-SRGridStrategyV3-000,SIM-001,T-595f137907a16e95-90885,MARKET,BUY,0.679473,GTC,True,False,0.679473,TAKER,89045.44,0.0,['36.30000000 USDT'],NO_TRIGGER,FILLED,NO_CONTINGENCY,,,,,,,,fcc6701a-8252-434a-9638-7def5f70a28b,2025-03-06 20:00:00+00:00,2025-03-06 20:00:00+00:00,,,,,
TESTER-001,SRGridStrategyV3-000,BTC/USDT.SIM,SIM-1-3691,BTC/USDT.SIM-SRGridStrategyV3-000,SIM-001,T-0a81514f1458ad15-90904,LIMIT,BUY,0.055638,GTC,False,False,0.055638,MAKER,87374.3,0.0,['0.97000000 USDT'],NO_TRIGGER,FILLED,NO_CONTINGENCY,,,,,,,,cf165849-8289-41a2-8d89-cb40fc7e96f9,2025-03-06 20:00:00+00:00,2025-03-07 00:00:00+00:00,87374.30,,False,,
TESTER-001,SRGridStrategyV3-000,BTC/USDT.SIM,SIM-1-3692,BTC/USDT.SIM-SRGridStrategyV3-000,SIM-001,T-0a81514f1458ad15-90902,LIMIT,BUY,0.029295,GTC,False,False,0.029295,MAKER,85703.16,0.0,['0.50000000 USDT'],NO_TRIGGER,FILLED,NO_CONTINGENCY,,,,,,,,0e0a1f50-3fbe-4d86-bbe1-b902bfe074cd,2025-03-06 20:00:00+00:00,2025-03-07 00:00:00+00:00,85703.16,,False,,
TESTER-001,SRGridStrategyV3-000,BTC/USDT.SIM,SIM-1-3699,BTC/USDT.SIM-SRGridStrategyV3-000,SIM-001,T-a0a8ed42de0c47be-90892,LIMIT,SELL,0.015967,GTC,False,False,0.015967,MAKER,90716.58,0.0,['0.29000000 USDT'],NO_TRIGGER,FILLED,NO_CONTINGENCY,,,,,,,,70e037d0-b476-4872-99d8-40f4d1f5e7a1,2025-03-06 20:00:00+00:00,2025-03-06 22:00:00+00:00,90716.58,,False,,
TESTER-001,SRGridStrategyV3-000,BTC/USDT.SIM,SIM-1-3707,BTC/USDT.SIM-SRGridStrategyV3-000,SIM-001,T-0a81514f1458ad15-90905,LIMIT,BUY,0.057225,GTC,False,False,0.057225,MAKER,87374.3,0.0,['1.00000000 USDT'],NO_TRIGGER,FILLED,NO_CONTINGENCY,,,,,,,,b3b9e6f7-b9eb-43e9-872a-3490b8a766c0,2025-03-06 22:00:00+00:00,2025-03-07 00:00:00+00:00,87374.30,,False,,
TESTER-001,SRGridStrategyV3-000,BTC/USDT.SIM,SIM-1-3708,BTC/USDT.SIM-SRGridStrategyV3-000,SIM-001,T-0a81514f1458ad15-90903,LIMIT,BUY,0.032094,GTC,False,False,0.032094,MAKER,85703.16,0.0,['0.55000000 USDT'],NO_TRIGGER,FILLED,NO_CONTINGENCY,,,,,,,,5309efc0-6449-40ee-9f29-200b28fb7d51,2025-03-06 22:00:00+00:00,2025-03-07 00:00:00+00:00,85703.16,,False,,
TESTER-001,SRGridStrategyV3-000,BTC/USDT.SIM,SIM-1-3722,BTC/USDT.SIM-SRGridStrategyV3-000,SIM-001,T-b6c77b9d3ede15c5-90974,MARKET,SELL,0.158285,GTC,True,False,0.158285,TAKER,87685.99,0.0,['8.33000000 USDT'],NO_TRIGGER,FILLED,NO_CONTINGENCY,,,,,,,,35181c20-dd58-4a62-a727-4b3ecb7bca83,2025-03-07 17:00:00+00:00,2025-03-07 17:00:00+00:00,,,,,
TESTER-001,SRGridStrategyV3-000,BTC/USDT.SIM,SIM-1-3723,BTC/USDT.SIM-SRGridStrategyV3-000,SIM-001,T-b6c77b9d3ede15c5-90975,MARKET,SELL,0.684260,GTC,False,False,0.684260,TAKER,87685.99,0.0,['36.00000000 USDT'],NO_TRIGGER,FILLED,NO_CONTINGENCY,,,,,,,,a031099a-bce8-4c52-abac-d4eacaa5ef9c,2025-03-07 17:00:00+00:00,2025-03-07 17:00:00+00:00,,,,,
TESTER-001,SRGridStrategyV3-000,BTC/USDT.SIM,SIM-1-3724,BTC/USDT.SIM-SRGridStrategyV3-000,SIM-001,T-ecd9a6c1c7aa1a54-91839,MARKET,BUY,0.684260,GTC,True,False,0.684260,TAKER,83701.75,0.0,['34.36000000 USDT'],NO_TRIGGER,FILLED,NO_CONTINGENCY,,,,,,,,f544df84-30d6-480e-9ffd-dbd5bbe02074,2025-03-16 18:00:00+00:00,2025-03-16 18:00:00+00:00,,,,,
TESTER-001,SRGridStrategyV3-000,BTC/USDT.SIM,SIM-1-3725,BTC/USDT.SIM-SRGridStrategyV3-000,SIM-001,T-9f3f285836a9e7bb-91843,LIMIT,BUY,0.044422,GTC,False,False,0.044422,MAKER,82791.68,0.0,['0.74000000 USDT'],NO_TRIGGER,FILLED,NO_CONTINGENCY,,,,,,,,6307f1e2-77e5-4fad-a131-c23440c49162,2025-03-16 18:00:00+00:00,2025-03-16 19:00:00+00:00,82791.68,,False,,
TESTER-001,SRGridStrategyV3-000,BTC/USDT.SIM,SIM-1-3749,BTC/USDT.SIM-SRGridStrategyV3-000,SIM-001,T-233aa749b91337ba-91927,MARKET,SELL,0.044422,GTC,True,False,0.044422,TAKER,83448.86,0.0,['2.22000000 USDT'],NO_TRIGGER,FILLED,NO_CONTINGENCY,,,,,,,,ea7fe1c7-6997-4539-8680-a0331385b008,2025-03-17 16:00:00+00:00,2025-03-17 16:00:00+00:00,,,,,
TESTER-001,SRGridStrategyV3-000,BTC/USDT.SIM,SIM-1-3750,BTC/USDT.SIM-SRGridStrategyV3-000,SIM-001,T-233aa749b91337ba-91928,MARKET,SELL,0.719003,GTC,False,False,0.719003,TAKER,83448.86,0.0,['36.00000000 USDT'],NO_TRIGGER,FILLED,NO_CONTINGENCY,,,,,,,,60b7bba8-f1e9-4365-bf83-95ee9baf4660,2025-03-17 16:00:00+00:00,2025-03-17 16:00:00+00:00,,,,,
TESTER-001,SRGridStrategyV3-000,BTC/USDT.SIM,SIM-1-3751,BTC/USDT.SIM-SRGridStrategyV3-000,SIM-001,T-e2cc8bef884996ce-92188,MARKET,BUY,0.719003,GTC,True,False,0.719003,TAKER,85877.28,0.0,['37.05000000 USDT'],NO_TRIGGER,FILLED,NO_CONTINGENCY,,,,,,,,ba6efd67-d5aa-433c-9560-3a2b2568e4e9,2025-03-20 09:00:00+00:00,2025-03-20 09:00:00+00:00,,,,,
TESTER-001,SRGridStrategyV3-000,BTC/USDT.SIM,SIM-1-3752,BTC/USDT.SIM-SRGridStrategyV3-000,SIM-001,T-33233571e84768ad-92192,LIMIT,BUY,0.009740,GTC,False,False,0.009740,MAKER,84963.79,0.0,['0.17000000 USDT'],NO_TRIGGER,FILLED,NO_CONTINGENCY,,,,,,,,11ddaa72-4467-43db-8e7a-9e84f4224888,2025-03-20 09:00:00+00:00,2025-03-20 10:00:00+00:00,84963.79,,False,,
TESTER-001,SRGridStrategyV3-000,BTC/USDT.SIM,SIM-1-3753,BTC/USDT.SIM-SRGridStrategyV3-000,SIM-001,T-dbfb59add4b98407-92217,LIMIT,BUY,0.035134,GTC,False,False,0.035134,MAKER,84050.31,0.0,['0.59000000 USDT'],NO_TRIGGER,FILLED,NO_CONTINGENCY,,,,,,,,2d913315-ea7d-4c1d-932f-257faa6a0bb6,2025-03-20 09:00:00+00:00,2025-03-20 16:00:00+00:00,84050.31,,False,,
TESTER-001,SRGridStrategyV3-000,BTC/USDT.SIM,SIM-1-3784,BTC/USDT.SIM-SRGridStrategyV3-000,SIM-001,T-f8696905ca14c915-92411,MARKET,SELL,0.044874,GTC,True,False,0.044874,TAKER,84141.0,0.0,['2.27000000 USDT'],NO_TRIGGER,FILLED,NO_CONTINGENCY,,,,,,,,6e3bc13a-5b1e-4ded-8792-9b6216a06937,2025-03-22 16:00:00+00:00,2025-03-22 16:00:00+00:00,,,,,
TESTER-001,SRGridStrategyV3-000,BTC/USDT.SIM,SIM-1-3785,BTC/USDT.SIM-SRGridStrategyV3-000,SIM-001,T-f8696905ca14c915-92412,MARKET,SELL,0.713089,GTC,False,False,0.713089,TAKER,84141.0,0.0,['36.00000000 USDT'],NO_TRIGGER,FILLED,NO_CONTINGENCY,,,,,,,,906730d8-5af1-48b8-bb61-4ec261a3b027,2025-03-22 16:00:00+00:00,2025-03-22 16:00:00+00:00,,,,,
TESTER-001,SRGridStrategyV3-000,BTC/USDT.SIM,SIM-1-3786,BTC/USDT.SIM-SRGridStrategyV3-000,SIM-001,T-e6dc7e1455138166-92475,MARKET,BUY,0.713089,GTC,True,False,0.713089,TAKER,84347.12,0.0,['36.09000000 USDT'],NO_TRIGGER,FILLED,NO_CONTINGENCY,,,,,,,,6d1eb7d5-dfaa-4aed-a85a-eb9afd290c2e,2025-03-23 08:00:00+00:00,2025-03-23 08:00:00+00:00,,,,,
TESTER-001,SRGridStrategyV3-000,BTC/USDT.SIM,SIM-1-3795,BTC/USDT.SIM-SRGridStrategyV3-000,SIM-001,T-b140a6a2fb2454bb-92486,LIMIT,SELL,0.033461,GTC,False,False,0.033461,MAKER,84611.91,0.0,['0.57000000 USDT'],NO_TRIGGER,FILLED,NO_CONTINGENCY,,,,,,,,4f10399e-3ab2-4243-ac7d-a8e5ea072f59,2025-03-23 08:00:00+00:00,2025-03-23 11:00:00+00:00,84611.91,,False,,
TESTER-001,SRGridStrategyV3-000,BTC/USDT.SIM,SIM-1-3796,BTC/USDT.SIM-SRGridStrategyV3-000,SIM-001,T-c6fe318106bfd1a0-92495,LIMIT,SELL,0.019058,GTC,False,False,0.019058,MAKER,84876.71,0.0,['0.32000000 USDT'],NO_TRIGGER,FILLED,NO_CONTINGENCY,,,,,,,,b2ccdb4b-e6bf-4881-8b83-e4f3c4471332,2025-03-23 08:00:00+00:00,2025-03-23 13:00:00+00:00,84876.71,,False,,
TESTER-001,SRGridStrategyV3-000,BTC/USDT.SIM,SIM-1-3797,BTC/USDT.SIM-SRGridStrategyV3-000,SIM-001,T-939ac2eb96091b76-92500,LIMIT,SELL,0.011234,GTC,False,False,0.011234,MAKER,85141.51,0.0,['0.19000000 USDT'],NO_TRIGGER,FILLED,NO_CONTINGENCY,,,,,,,,4bfda1a6-1928-47f3-b264-1240b4822a53,2025-03-23 08:00:00+00:00,2025-03-23 14:00:00+00:00,85141.51,,False,,
TESTER-001,SRGridStrategyV3-000,BTC/USDT.SIM,SIM-1-3798,BTC/USDT.SIM-SRGridStrategyV3-000,SIM-001,T-7bfbeeed37afc02e-92513,LIMIT,SELL,0.022502,GTC,False,False,0.022502,MAKER,85406.3,0.0,['0.38000000 USDT'],NO_TRIGGER,FILLED,NO_CONTINGENCY,,,,,,,,87dcb36b-1997-4ecf-9df6-49a03f8a3742,2025-03-23 08:00:00+00:00,2025-03-23 17:00:00+00:00,85406.30,,False,,
TESTER-001,SRGridStrategyV3-000,BTC/USDT.SIM,SIM-1-3799,BTC/USDT.SIM-SRGridStrategyV3-000,SIM-001,T-efdf8b77609b0ca0-92534,LIMIT,SELL,0.026366,GTC,False,False,0.026366,MAKER,85671.1,0.0,['0.45000000 USDT'],NO_TRIGGER,FILLED,NO_CONTINGENCY,,,,,,,,e81f8f8b-5672-4d08-abc5-cdc9073e8973,2025-03-23 08:00:00+00:00,2025-03-23 22:00:00+00:00,85671.10,,False,,
TESTER-001,SRGridStrategyV3-000,BTC/USDT.SIM,SIM-1-3800,BTC/USDT.SIM-SRGridStrategyV3-000,SIM-001,T-1b376c2a348d8a23-92539,LIMIT,SELL,0.024110,GTC,False,False,0.024110,MAKER,85935.89,0.0,['0.41000000 USDT'],NO_TRIGGER,FILLED,NO_CONTINGENCY,,,,,,,,57b731b2-b417-45f0-a4c6-8a9fbda14bd5,2025-03-23 08:00:00+00:00,2025-03-23 23:00:00+00:00,85935.89,,False,,
TESTER-001,SRGridStrategyV3-000,BTC/USDT.SIM,SIM-1-3801,BTC/USDT.SIM-SRGridStrategyV3-000,SIM-001,T-cbeaf40081a058c7-92544,LIMIT,SELL,0.024403,GTC,False,False,0.024403,MAKER,86200.69,0.0,['0.42000000 USDT'],NO_TRIGGER,FILLED,NO_CONTINGENCY,,,,,,,,c20c97ad-fe83-4b02-a1e5-ea7fcb588154,2025-03-23 08:00:00+00:00,2025-03-24 00:00:00+00:00,86200.69,,False,,
TESTER-001,SRGridStrategyV3-000,BTC/USDT.SIM,SIM-1-3802,BTC/USDT.SIM-SRGridStrategyV3-000,SIM-001,T-71bd1a76aa290b13-92557,LIMIT,SELL,0.014325,GTC,False,False,0.014325,MAKER,86465.48,0.0,['0.25000000 USDT'],NO_TRIGGER,FILLED,NO_CONTINGENCY,,,,,,,,12e85923-4add-4225-b404-df584d18cc8d,2025-03-23 08:00:00+00:00,2025-03-24 03:00:00+00:00,86465.48,,False,,
TESTER-001,SRGridStrategyV3-000,BTC/USDT.SIM,SIM-1-3867,BTC/USDT.SIM-SRGridStrategyV3-000,SIM-001,T-97bb8a83800d4f50-92596,MARKET,BUY,0.175459,GTC,True,False,0.175459,TAKER,87328.09999999999,0.0,['9.19000000 USDT'],NO_TRIGGER,FILLED,NO_CONTINGENCY,,,,,,,,1a043ed7-c27e-4b39-b101-7c648741b2e9,2025-03-24 12:00:00+00:00,2025-03-24 12:00:00+00:00,,,,,
TESTER-001,SRGridStrategyV3-000,BTC/USDT.SIM,SIM-1-3868,BTC/USDT.SIM-SRGridStrategyV3-000,SIM-001,T-97bb8a83800d4f50-92597,MARKET,BUY,0.687064,GTC,False,False,0.687064,TAKER,87328.09999999999,0.0,['36.00000000 USDT'],NO_TRIGGER,FILLED,NO_CONTINGENCY,,,,,,,,6c79869c-fcc1-4e08-b45a-707f5ca1d559,2025-03-24 12:00:00+00:00,2025-03-24 12:00:00+00:00,,,,,
TESTER-001,SRGridStrategyV3-000,BTC/USDT.SIM,SIM-1-3869,BTC/USDT.SIM-SRGridStrategyV3-000,SIM-001,T-d21f6bd7c3c96e33-93108,MARKET,SELL,0.687064,GTC,True,False,0.687064,TAKER,82518.73999999999,0.0,['34.02000000 USDT'],NO_TRIGGER,FILLED,NO_CONTINGENCY,,,,,,,,fba13b3c-ec31-4a74-b9a5-15d3a2e67e2f,2025-03-29 21:00:00+00:00,2025-03-29 21:00:00+00:00,,,,,
TESTER-001,SRGridStrategyV3-000,BTC/USDT.SIM,SIM-1-3870,BTC/USDT.SIM-SRGridStrategyV3-000,SIM-001,T-daf590447e28d620-93209,LIMIT,BUY,0.061183,GTC,False,False,0.061183,MAKER,81721.48,0.0,['1.00000000 USDT'],NO_TRIGGER,FILLED,NO_CONTINGENCY,,,,,,,,7a2c80e3-0c5f-4dcd-aa4c-68372f2861ff,2025-03-29 21:00:00+00:00,2025-03-30 22:00:00+00:00,81721.48,,False,,
TESTER-001,SRGridStrategyV3-000,BTC/USDT.SIM,SIM-1-3878,BTC/USDT.SIM-SRGridStrategyV3-000,SIM-001,T-7189b356b64498b3-93127,LIMIT,SELL,0.029245,GTC,False,False,0.029245,MAKER,83316.0,0.0,['0.49000000 USDT'],NO_TRIGGER,FILLED,NO_CONTINGENCY,,,,,,,,23100831-da99-4b08-81af-51ffd0a739c6,2025-03-29 21:00:00+00:00,2025-03-30 02:00:00+00:00,83316.00,,False,,
TESTER-001,SRGridStrategyV3-000,BTC/USDT.SIM,SIM-1-3886,BTC/USDT.SIM-SRGridStrategyV3-000,SIM-001,T-daf590447e28d620-93210,LIMIT,BUY,0.061183,GTC,False,False,0.061183,MAKER,81721.48,0.0,['1.00000000 USDT'],NO_TRIGGER,FILLED,NO_CONTINGENCY,,,,,,,,b3ab3521-3973-41fb-9f41-9b9d7cde9485,2025-03-30 02:00:00+00:00,2025-03-30 22:00:00+00:00,81721.48,,False,,
TESTER-001,SRGridStrategyV3-000,BTC/USDT.SIM,SIM-1-3901,BTC/USDT.SIM-SRGridStrategyV3-000,SIM-001,T-3ccb41482b61aa06-93248,MARKET,SELL,0.093121,GTC,True,False,0.093121,TAKER,81933.51,0.0,['4.58000000 USDT'],NO_TRIGGER,FILLED,NO_CONTINGENCY,,,,,,,,9670c67b-beee-430a-9b96-ff7453ca787c,2025-03-31 07:00:00+00:00,2025-03-31 07:00:00+00:00,,,,,
TESTER-001,SRGridStrategyV3-000,BTC/USDT.SIM,SIM-1-3902,BTC/USDT.SIM-SRGridStrategyV3-000,SIM-001,T-3ccb41482b61aa06-93249,MARKET,SELL,0.732301,GTC,False,False,0.732301,TAKER,81933.51,0.0,['36.00000000 USDT'],NO_TRIGGER,FILLED,NO_CONTINGENCY,,,,,,,,3f5a5439-443a-49a9-8267-87e3b0f89c60,2025-03-31 07:00:00+00:00,2025-03-31 07:00:00+00:00,,,,,
TESTER-001,SRGridStrategyV3-000,BTC/USDT.SIM,SIM-1-3903,BTC/USDT.SIM-SRGridStrategyV3-000,SIM-001,T-3327acd91845ba2e-93527,MARKET,BUY,0.732301,GTC,True,False,0.732301,TAKER,83343.75,0.0,['36.62000000 USDT'],NO_TRIGGER,FILLED,NO_CONTINGENCY,,,,,,,,4fa75e8f-1a6d-447e-8102-44d6ba7534b1,2025-04-03 05:00:00+00:00,2025-04-03 05:00:00+00:00,,,,,
TESTER-001,SRGridStrategyV3-000,BTC/USDT.SIM,SIM-1-3904,BTC/USDT.SIM-SRGridStrategyV3-000,SIM-001,T-363b6ad01232e472-93563,LIMIT,BUY,0.061134,GTC,False,False,0.061134,MAKER,81788.06,0.0,['1.00000000 USDT'],NO_TRIGGER,FILLED,NO_CONTINGENCY,,,,,,,,e0a0974d-3837-4254-9dbd-a1c2c3dd2967,2025-04-03 05:00:00+00:00,2025-04-03 14:00:00+00:00,81788.06,,False,,
TESTER-001,SRGridStrategyV3-000,BTC/USDT.SIM,SIM-1-3928,BTC/USDT.SIM-SRGridStrategyV3-000,SIM-001,T-29b7a2ff958676da-93756,MARKET,SELL,0.061134,GTC,True,False,0.061134,TAKER,82914.67,0.0,['3.04000000 USDT'],NO_TRIGGER,FILLED,NO_CONTINGENCY,,,,,,,,8ecdfb05-fa2f-4659-93a7-355375b0e9e5,2025-04-05 14:00:00+00:00,2025-04-05 14:00:00+00:00,,,,,
TESTER-001,SRGridStrategyV3-000,BTC/USDT.SIM,SIM-1-3929,BTC/USDT.SIM-SRGridStrategyV3-000,SIM-001,T-29b7a2ff958676da-93757,MARKET,SELL,0.723636,GTC,False,False,0.723636,TAKER,82914.67,0.0,['36.00000000 USDT'],NO_TRIGGER,FILLED,NO_CONTINGENCY,,,,,,,,a4150bb4-1895-439f-b272-208b2fb0242d,2025-04-05 14:00:00+00:00,2025-04-05 14:00:00+00:00,,,,,
TESTER-001,SRGridStrategyV3-000,BTC/USDT.SIM,SIM-1-3930,BTC/USDT.SIM-SRGridStrategyV3-000,SIM-001,T-191bc0bf61b4d2cd-94500,MARKET,BUY,0.723636,GTC,True,False,0.723636,TAKER,84918.24,0.0,['36.87000000 USDT'],NO_TRIGGER,FILLED,NO_CONTINGENCY,,,,,,,,bac05da6-ffe3-4c0c-8047-98437ee57821,2025-04-13 09:00:00+00:00,2025-04-13 09:00:00+00:00,,,,,
TESTER-001,SRGridStrategyV3-000,BTC/USDT.SIM,SIM-1-3931,BTC/USDT.SIM-SRGridStrategyV3-000,SIM-001,T-e049483945c6872b-94516,LIMIT,BUY,0.022749,GTC,False,False,0.022749,MAKER,84094.97,0.0,['0.38000000 USDT'],NO_TRIGGER,FILLED,NO_CONTINGENCY,,,,,,,,0ff4d516-f5b9-4f4b-853f-439612c0d615,2025-04-13 09:00:00+00:00,2025-04-13 13:00:00+00:00,84094.97,,False,,
TESTER-001,SRGridStrategyV3-000,BTC/USDT.SIM,SIM-1-3932,BTC/USDT.SIM-SRGridStrategyV3-000,SIM-001,T-a4c51c9d7d0894e8-94540,LIMIT,BUY,0.032490,GTC,False,False,0.032490,MAKER,83271.70999999999,0.0,['0.54000000 USDT'],NO_TRIGGER,FILLED,NO_CONTINGENCY,,,,,,,,1bbf51b4-ef37-4430-9aba-65048fb2107c,2025-04-13 09:00:00+00:00,2025-04-13 19:00:00+00:00,83271.71,,False,,
TESTER-001,SRGridStrategyV3-000,BTC/USDT.SIM,SIM-1-3963,BTC/USDT.SIM-SRGridStrategyV3-000,SIM-001,T-9a713326b0fa3ef4-94554,MARKET,SELL,0.055239,GTC,True,False,0.055239,TAKER,83335.99,0.0,['2.76000000 USDT'],NO_TRIGGER,FILLED,NO_CONTINGENCY,,,,,,,,cab633d4-0465-4025-97b0-fb4737548a24,2025-04-13 22:00:00+00:00,2025-04-13 22:00:00+00:00,,,,,
TESTER-001,SRGridStrategyV3-000,BTC/USDT.SIM,SIM-1-3964,BTC/USDT.SIM-SRGridStrategyV3-000,SIM-001,T-9a713326b0fa3ef4-94555,MARKET,BUY,0.719977,GTC,False,False,0.719977,TAKER,83335.99,0.0,['36.00000000 USDT'],NO_TRIGGER,FILLED,NO_CONTINGENCY,,,,,,,,ecdaa1bc-11a8-4abd-aa90-fa8c566f9e26,2025-04-13 22:00:00+00:00,2025-04-13 22:00:00+00:00,,,,,
TESTER-001,SRGridStrategyV3-000,BTC/USDT.SIM,SIM-1-3965,BTC/USDT.SIM-SRGridStrategyV3-000,SIM-001,T-a2fde916b4d104e6-99014,MARKET,SELL,0.719977,GTC,True,False,0.719977,TAKER,104640.5,0.0,['45.20000000 USDT'],NO_TRIGGER,FILLED,NO_CONTINGENCY,,,,,,,,c5cec515-a70b-4416-a508-c3b1658628f7,2025-05-30 19:00:00+00:00,2025-05-30 19:00:00+00:00,,,,,
TESTER-001,SRGridStrategyV3-000,BTC/USDT.SIM,SIM-1-3966,BTC/USDT.SIM-SRGridStrategyV3-000,SIM-001,T-a75bbd3570f0157b-99038,LIMIT,BUY,0.048312,GTC,False,False,0.048312,MAKER,103494.43999999999,0.0,['1.00000000 USDT'],NO_TRIGGER,FILLED,NO_CONTINGENCY,,,,,,,,d4737eac-d053-4c90-8fd2-9df259e9604b,2025-05-30 19:00:00+00:00,2025-05-31 01:00:00+00:00,103494.44,,False,,
TESTER-001,SRGridStrategyV3-000,BTC/USDT.SIM,SIM-1-3990,BTC/USDT.SIM-SRGridStrategyV3-000,SIM-001,T-a05784fb60f8fe1d-99195,MARKET,SELL,0.048312,GTC,True,False,0.048312,TAKER,105038.8,0.0,['3.04000000 USDT'],NO_TRIGGER,FILLED,NO_CONTINGENCY,,,,,,,,0c51947d-da2c-4586-b943-34c3a03b0649,2025-06-01 16:00:00+00:00,2025-06-01 16:00:00+00:00,,,,,
TESTER-001,SRGridStrategyV3-000,BTC/USDT.SIM,SIM-1-3991,BTC/USDT.SIM-SRGridStrategyV3-000,SIM-001,T-a05784fb60f8fe1d-99196,MARKET,SELL,0.571217,GTC,False,False,0.571217,TAKER,105038.8,0.0,['36.00000000 USDT'],NO_TRIGGER,FILLED,NO_CONTINGENCY,,,,,,,,9ea392d2-14cc-46fb-9b79-9817a2db8be0,2025-06-01 16:00:00+00:00,2025-06-01 16:00:00+00:00,,,,,
TESTER-001,SRGridStrategyV3-000,BTC/USDT.SIM,SIM-1-3992,BTC/USDT.SIM-SRGridStrategyV3-000,SIM-001,T-c5dd5eb3290b6b3f-99953,MARKET,BUY,0.571217,GTC,True,False,0.571217,TAKER,107610.33,0.0,['36.88000000 USDT'],NO_TRIGGER,FILLED,NO_CONTINGENCY,,,,,,,,62cdd754-bf9d-4b1e-8759-285aec258180,2025-06-09 14:00:00+00:00,2025-06-09 14:00:00+00:00,,,,,
TESTER-001,SRGridStrategyV3-000,BTC/USDT.SIM,SIM-1-4001,BTC/USDT.SIM-SRGridStrategyV3-000,SIM-001,T-7d1ea2862f525cd4-99964,LIMIT,SELL,0.043248,GTC,False,False,0.043248,MAKER,108418.77,0.0,['0.94000000 USDT'],NO_TRIGGER,FILLED,NO_CONTINGENCY,,,,,,,,d42a35f4-a041-4af8-8e01-a4ce1b0a8115,2025-06-09 14:00:00+00:00,2025-06-09 17:00:00+00:00,108418.77,,False,,
TESTER-001,SRGridStrategyV3-000,BTC/USDT.SIM,SIM-1-4002,BTC/USDT.SIM-SRGridStrategyV3-000,SIM-001,T-53ce0efe89faf1b1-99982,LIMIT,SELL,0.045776,GTC,False,False,0.045776,MAKER,109227.2,0.0,['1.00000000 USDT'],NO_TRIGGER,FILLED,NO_CONTINGENCY,,,,,,,,2268a4a5-1298-4276-a6b0-0a0d9819df21,2025-06-09 14:00:00+00:00,2025-06-09 21:00:00+00:00,109227.20,,False,,
TESTER-001,SRGridStrategyV3-000,BTC/USDT.SIM,SIM-1-4003,BTC/USDT.SIM-SRGridStrategyV3-000,SIM-001,T-53ce0efe89faf1b1-99981,LIMIT,SELL,0.031909,GTC,False,False,0.031909,MAKER,110035.64,0.0,['0.70000000 USDT'],NO_TRIGGER,FILLED,NO_CONTINGENCY,,,,,,,,ca8e1aeb-1d67-42c2-b4dc-de3db3a9665a,2025-06-09 14:00:00+00:00,2025-06-09 21:00:00+00:00,110035.64,,False,,
TESTER-001,SRGridStrategyV3-000,BTC/USDT.SIM,SIM-1-4025,BTC/USDT.SIM-SRGridStrategyV3-000,SIM-001,T-8e97bb919e4b5036-100092,MARKET,BUY,0.120933,GTC,True,False,0.120933,TAKER,109825.54,0.0,['7.97000000 USDT'],NO_TRIGGER,FILLED,NO_CONTINGENCY,,,,,,,,d67997a9-4169-4a08-952c-bda1f0c40430,2025-06-11 00:00:00+00:00,2025-06-11 00:00:00+00:00,,,,,
TESTER-001,SRGridStrategyV3-000,BTC/USDT.SIM,SIM-1-4026,BTC/USDT.SIM-SRGridStrategyV3-000,SIM-001,T-8e97bb919e4b5036-100093,MARKET,BUY,0.546321,GTC,False,False,0.546321,TAKER,109825.54,0.0,['36.00000000 USDT'],NO_TRIGGER,FILLED,NO_CONTINGENCY,,,,,,,,5aaeee2c-a760-4fcb-9640-7be900e5532a,2025-06-11 00:00:00+00:00,2025-06-11 00:00:00+00:00,,,,,
TESTER-001,SRGridStrategyV3-000,BTC/USDT.SIM,SIM-1-4027,BTC/USDT.SIM-SRGridStrategyV3-000,SIM-001,T-34d0ed98c1d3af8d-100301,MARKET,SELL,0.546321,GTC,True,False,0.546321,TAKER,104404.51999999999,0.0,['34.22000000 USDT'],NO_TRIGGER,FILLED,NO_CONTINGENCY,,,,,,,,97c0e85a-1f1d-4db0-b35a-c1e52397c54a,2025-06-13 04:00:00+00:00,2025-06-13 04:00:00+00:00,,,,,
TESTER-001,SRGridStrategyV3-000,BTC/USDT.SIM,SIM-1-4036,BTC/USDT.SIM-SRGridStrategyV3-000,SIM-001,T-2fe6c43b2e7ec1b9-100348,LIMIT,SELL,0.047210,GTC,False,False,0.047210,MAKER,105908.86,0.0,['1.00000000 USDT'],NO_TRIGGER,FILLED,NO_CONTINGENCY,,,,,,,,21763494-8085-49a1-b546-4ef8b75897c4,2025-06-13 04:00:00+00:00,2025-06-13 16:00:00+00:00,105908.86,,False,,
TESTER-001,SRGridStrategyV3-000,BTC/USDT.SIM,SIM-1-4037,BTC/USDT.SIM-SRGridStrategyV3-000,SIM-001,T-342c6f3db73b7f29-100626,LIMIT,SELL,0.036167,GTC,False,False,0.036167,MAKER,107413.19,0.0,['0.78000000 USDT'],NO_TRIGGER,FILLED,NO_CONTINGENCY,,,,,,,,50fc493d-a848-421f-8f58-613f9fa6c625,2025-06-13 04:00:00+00:00,2025-06-16 14:00:00+00:00,107413.19,,False,,
TESTER-001,SRGridStrategyV3-000,BTC/USDT.SIM,SIM-1-4038,BTC/USDT.SIM-SRGridStrategyV3-000,SIM-001,T-ce1bedd64e5f3030-100659,LIMIT,SELL,0.033713,GTC,False,False,0.033713,MAKER,108917.53,0.0,['0.73000000 USDT'],NO_TRIGGER,FILLED,NO_CONTINGENCY,,,,,,,,f6e187a7-c736-4e02-98d8-1c7ce03df9ab,2025-06-13 04:00:00+00:00,2025-06-16 22:00:00+00:00,108917.53,,False,,
TESTER-001,SRGridStrategyV3-000,BTC/USDT.SIM,SIM-1-4068,BTC/USDT.SIM-SRGridStrategyV3-000,SIM-001,T-4655f1de8335642b-100705,LIMIT,BUY,0.018256,GTC,False,False,0.018256,MAKER,106282.43999999999,0.0,['0.39000000 USDT'],NO_TRIGGER,FILLED,NO_CONTINGENCY,,,,,,,,d51b6ccd-7ad7-4f67-85b4-5ad62dbb9abe,2025-06-17 04:00:00+00:00,2025-06-17 09:00:00+00:00,106282.44,,False,,
TESTER-001,SRGridStrategyV3-000,BTC/USDT.SIM,SIM-1-4069,BTC/USDT.SIM-SRGridStrategyV3-000,SIM-001,T-4b84cc2e387b3235-100721,LIMIT,BUY,0.047514,GTC,False,False,0.047514,MAKER,105231.23,0.0,['1.00000000 USDT'],NO_TRIGGER,FILLED,NO_CONTINGENCY,,,,,,,,2ed5e673-9253-4935-82e8-19e410ecc16b,2025-06-17 04:00:00+00:00,2025-06-17 13:00:00+00:00,105231.23,,False,,
TESTER-001,SRGridStrategyV3-000,BTC/USDT.SIM,SIM-1-4070,BTC/USDT.SIM-SRGridStrategyV3-000,SIM-001,T-7cb57b107f546c00-100730,LIMIT,BUY,0.035710,GTC,False,False,0.035710,MAKER,104180.03,0.0,['0.74000000 USDT'],NO_TRIGGER,FILLED,NO_CONTINGENCY,,,,,,,,cab4c7c2-3925-4aea-ac84-e3cf1889dac7,2025-06-17 04:00:00+00:00,2025-06-17 15:00:00+00:00,104180.03,,False,,
TESTER-001,SRGridStrategyV3-000,BTC/USDT.SIM,SIM-1-4071,BTC/USDT.SIM-SRGridStrategyV3-000,SIM-001,T-8d55bf34f501c453-101027,LIMIT,BUY,0.009536,GTC,False,False,0.009536,MAKER,103128.83,0.0,['0.20000000 USDT'],NO_TRIGGER,FILLED,NO_CONTINGENCY,,,,,,,,c8d340f9-bc05-4d4c-bf0d-33947f608bd4,2025-06-17 04:00:00+00:00,2025-06-20 17:00:00+00:00,103128.83,,False,,
TESTER-001,SRGridStrategyV3-000,BTC/USDT.SIM,SIM-1-4132,BTC/USDT.SIM-SRGridStrategyV3-000,SIM-001,T-78f343732c9c0e42-101123,MARKET,BUY,0.006074,GTC,True,False,0.006074,TAKER,103182.98,0.0,['0.38000000 USDT'],NO_TRIGGER,FILLED,NO_CONTINGENCY,,,,,,,,6e07ec29-2e83-47fb-89a0-fa82446e5341,2025-06-21 17:00:00+00:00,2025-06-21 17:00:00+00:00,,,,,
TESTER-001,SRGridStrategyV3-000,BTC/USDT.SIM,SIM-1-4133,BTC/USDT.SIM-SRGridStrategyV3-000,SIM-001,T-78f343732c9c0e42-101124,MARKET,SELL,0.581491,GTC,False,False,0.581491,TAKER,103182.98,0.0,['36.00000000 USDT'],NO_TRIGGER,FILLED,NO_CONTINGENCY,,,,,,,,b1c901a5-56a8-4219-bd1c-882bd9316d87,2025-06-21 17:00:00+00:00,2025-06-21 17:00:00+00:00,,,,,
TESTER-001,SRGridStrategyV3-000,BTC/USDT.SIM,SIM-1-4134,BTC/USDT.SIM-SRGridStrategyV3-000,SIM-001,T-e8cc57882a31e923-101491,MARKET,BUY,0.581491,GTC,True,False,0.581491,TAKER,107923.20999999999,0.0,['37.65000000 USDT'],NO_TRIGGER,FILLED,NO_CONTINGENCY,,,,,,,,4848622d-e9bd-4f21-88f4-1942b696fb6e,2025-06-25 13:00:00+00:00,2025-06-25 13:00:00+00:00,,,,,
TESTER-001,SRGridStrategyV3-000,BTC/USDT.SIM,SIM-1-4135,BTC/USDT.SIM-SRGridStrategyV3-000,SIM-001,T-60c709b6417a1da5-101499,LIMIT,BUY,0.014488,GTC,False,False,0.014488,MAKER,107207.43000000001,0.0,['0.31000000 USDT'],NO_TRIGGER,FILLED,NO_CONTINGENCY,,,,,,,,6ea94d59-7443-457f-b754-f0b41762270a,2025-06-25 13:00:00+00:00,2025-06-25 15:00:00+00:00,107207.43,,False,,
TESTER-001,SRGridStrategyV3-000,BTC/USDT.SIM,SIM-1-4136,BTC/USDT.SIM-SRGridStrategyV3-000,SIM-001,T-d170abe41e267da2-101635,LIMIT,BUY,0.010874,GTC,False,False,0.010874,MAKER,106491.66,0.0,['0.23000000 USDT'],NO_TRIGGER,FILLED,NO_CONTINGENCY,,,,,,,,c245840c-f621-4ffb-a422-aa78ecedfb6c,2025-06-25 13:00:00+00:00,2025-06-27 01:00:00+00:00,106491.66,,False,,
TESTER-001,SRGridStrategyV3-000,BTC/USDT.SIM,SIM-1-4167,BTC/USDT.SIM-SRGridStrategyV3-000,SIM-001,T-848e5fde499eb83f-101799,MARKET,SELL,0.025362,GTC,True,False,0.025362,TAKER,107318.0,0.0,['1.63000000 USDT'],NO_TRIGGER,FILLED,NO_CONTINGENCY,,,,,,,,a742f895-41ba-4cd7-87ce-de806305074a,2025-06-28 18:00:00+00:00,2025-06-28 18:00:00+00:00,,,,,
TESTER-001,SRGridStrategyV3-000,BTC/USDT.SIM,SIM-1-4168,BTC/USDT.SIM-SRGridStrategyV3-000,SIM-001,T-848e5fde499eb83f-101800,MARKET,BUY,0.559086,GTC,False,False,0.559086,TAKER,107318.0,0.0,['36.00000000 USDT'],NO_TRIGGER,FILLED,NO_CONTINGENCY,,,,,,,,baee2d03-0f1a-44d2-8464-00456e7cbb59,2025-06-28 18:00:00+00:00,2025-06-28 18:00:00+00:00,,,,,
TESTER-001,SRGridStrategyV3-000,BTC/USDT.SIM,SIM-1-4169,BTC/USDT.SIM-SRGridStrategyV3-000,SIM-001,T-560bbb47dddc6091-104429,MARKET,SELL,0.559086,GTC,True,False,0.559086,TAKER,117971.93,0.0,['39.57000000 USDT'],NO_TRIGGER,FILLED,NO_CONTINGENCY,,,,,,,,b485c0c6-8648-4353-abf9-65124a31fa9e,2025-07-26 10:00:00+00:00,2025-07-26 10:00:00+00:00,,,,,
TESTER-001,SRGridStrategyV3-000,BTC/USDT.SIM,SIM-1-4170,BTC/USDT.SIM-SRGridStrategyV3-000,SIM-001,T-5e4b969b25d32b66-104652,LIMIT,BUY,0.039223,GTC,False,False,0.039223,MAKER,117525.05,0.0,['0.92000000 USDT'],NO_TRIGGER,FILLED,NO_CONTINGENCY,,,,,,,,31430b41-fef3-4efa-81ee-20ea3b540cd7,2025-07-26 10:00:00+00:00,2025-07-28 18:00:00+00:00,117525.05,,False,,
TESTER-001,SRGridStrategyV3-000,BTC/USDT.SIM,SIM-1-4171,BTC/USDT.SIM-SRGridStrategyV3-000,SIM-001,T-a1e0f4635dd2e980-104744,LIMIT,BUY,0.025531,GTC,False,False,0.025531,MAKER,117078.17,0.0,['0.60000000 USDT'],NO_TRIGGER,FILLED,NO_CONTINGENCY,,,,,,,,60c1e468-7d14-4d83-b2e0-7f551c84ebd2,2025-07-26 10:00:00+00:00,2025-07-29 16:00:00+00:00,117078.17,,False,,
TESTER-001,SRGridStrategyV3-000,BTC/USDT.SIM,SIM-1-4178,BTC/USDT.SIM-SRGridStrategyV3-000,SIM-001,T-541c95eb8a79408a-104507,LIMIT,SELL,0.041196,GTC,False,False,0.041196,MAKER,118418.81,0.0,['0.98000000 USDT'],NO_TRIGGER,FILLED,NO_CONTINGENCY,,,,,,,,54b81cb7-ae1e-40ed-a497-e808f88b2ab3,2025-07-26 10:00:00+00:00,2025-07-27 06:00:00+00:00,118418.81,,False,,
TESTER-001,SRGridStrategyV3-000,BTC/USDT.SIM,SIM-1-4179,BTC/USDT.SIM-SRGridStrategyV3-000,SIM-001,T-67aefd5904604281-104547,LIMIT,SELL,0.031641,GTC,False,False,0.031641,MAKER,118865.69,0.0,['0.75000000 USDT'],NO_TRIGGER,FILLED,NO_CONTINGENCY,,,,,,,,75add2a9-f1cd-4819-9f43-c4eed83956d2,2025-07-26 10:00:00+00:00,2025-07-27 16:00:00+00:00,118865.69,,False,,
TESTER-001,SRGridStrategyV3-000,BTC/USDT.SIM,SIM-1-4180,BTC/USDT.SIM-SRGridStrategyV3-000,SIM-001,T-67aefd5904604281-104546,LIMIT,SELL,0.021060,GTC,False,False,0.021060,MAKER,119312.56999999999,0.0,['0.50000000 USDT'],NO_TRIGGER,FILLED,NO_CONTINGENCY,,,,,,,,cae73a5d-7fe2-4198-9f55-78a27fc552e4,2025-07-26 10:00:00+00:00,2025-07-27 16:00:00+00:00,119312.57,,False,,
TESTER-001,SRGridStrategyV3-000,BTC/USDT.SIM,SIM-1-4181,BTC/USDT.SIM-SRGridStrategyV3-000,SIM-001,T-6a206d673c83f429-104572,LIMIT,SELL,0.012225,GTC,False,False,0.012225,MAKER,119759.45,0.0,['0.29000000 USDT'],NO_TRIGGER,FILLED,NO_CONTINGENCY,,,,,,,,4738965e-b8b1-4ba8-873c-ccac1156e8d9,2025-07-26 10:00:00+00:00,2025-07-27 22:00:00+00:00,119759.45,,False,,
TESTER-001,SRGridStrategyV3-000,BTC/USDT.SIM,SIM-1-4186,BTC/USDT.SIM-SRGridStrategyV3-000,SIM-001,T-5e4b969b25d32b66-104653,LIMIT,BUY,0.042544,GTC,False,False,0.042544,MAKER,117525.05,0.0,['1.00000000 USDT'],NO_TRIGGER,FILLED,NO_CONTINGENCY,,,,,,,,aed57c87-e883-4e15-b5b1-611d3b89963d,2025-07-27 06:00:00+00:00,2025-07-28 18:00:00+00:00,117525.05,,False,,
TESTER-001,SRGridStrategyV3-000,BTC/USDT.SIM,SIM-1-4187,BTC/USDT.SIM-SRGridStrategyV3-000,SIM-001,T-a1e0f4635dd2e980-104745,LIMIT,BUY,0.033802,GTC,False,False,0.033802,MAKER,117078.17,0.0,['0.79000000 USDT'],NO_TRIGGER,FILLED,NO_CONTINGENCY,,,,,,,,9e88946b-81c6-4a98-b03a-b787132690ca,2025-07-27 06:00:00+00:00,2025-07-29 16:00:00+00:00,117078.17,,False,,
TESTER-001,SRGridStrategyV3-000,BTC/USDT.SIM,SIM-1-4194,BTC/USDT.SIM-SRGridStrategyV3-000,SIM-001,T-5e4b969b25d32b66-104654,LIMIT,BUY,0.042544,GTC,False,False,0.042544,MAKER,117525.05,0.0,['1.00000000 USDT'],NO_TRIGGER,FILLED,NO_CONTINGENCY,,,,,,,,5e75620d-154b-438f-8509-bd959c7c0ea3,2025-07-27 16:00:00+00:00,2025-07-28 18:00:00+00:00,117525.05,,False,,
TESTER-001,SRGridStrategyV3-000,BTC/USDT.SIM,SIM-1-4195,BTC/USDT.SIM-SRGridStrategyV3-000,SIM-001,T-a1e0f4635dd2e980-104746,LIMIT,BUY,0.042707,GTC,False,False,0.042707,MAKER,117078.17,0.0,['1.00000000 USDT'],NO_TRIGGER,FILLED,NO_CONTINGENCY,,,,,,,,34bfee6f-baae-4e6c-8d17-8b8306edbc59,2025-07-27 16:00:00+00:00,2025-07-29 16:00:00+00:00,117078.17,,False,,
TESTER-001,SRGridStrategyV3-000,BTC/USDT.SIM,SIM-1-4202,BTC/USDT.SIM-SRGridStrategyV3-000,SIM-001,T-5e4b969b25d32b66-104655,LIMIT,BUY,0.042544,GTC,False,False,0.042544,MAKER,117525.05,0.0,['1.00000000 USDT'],NO_TRIGGER,FILLED,NO_CONTINGENCY,,,,,,,,ea61fd7d-3ca9-4e79-873e-eb15e9d0271c,2025-07-27 22:00:00+00:00,2025-07-28 18:00:00+00:00,117525.05,,False,,
TESTER-001,SRGridStrategyV3-000,BTC/USDT.SIM,SIM-1-4203,BTC/USDT.SIM-SRGridStrategyV3-000,SIM-001,T-a1e0f4635dd2e980-104747,LIMIT,BUY,0.042707,GTC,False,False,0.042707,MAKER,117078.17,0.0,['1.00000000 USDT'],NO_TRIGGER,FILLED,NO_CONTINGENCY,,,,,,,,33e75bb7-6313-49b2-8e65-1d090bafbec9,2025-07-27 22:00:00+00:00,2025-07-29 16:00:00+00:00,117078.17,,False,,
TESTER-001,SRGridStrategyV3-000,BTC/USDT.SIM,SIM-1-4218,BTC/USDT.SIM-SRGridStrategyV3-000,SIM-001,T-902749344f7ad084-104824,LIMIT,BUY,0.042589,GTC,False,False,0.042589,MAKER,117400.17,0.0,['1.00000000 USDT'],NO_TRIGGER,FILLED,NO_CONTINGENCY,,,,,,,,6bbd62a7-6c8c-4c9c-9371-6b1922667ca3,2025-07-30 10:00:00+00:00,2025-07-30 11:00:00+00:00,117400.17,,False,,
TESTER-001,SRGridStrategyV3-000,BTC/USDT.SIM,SIM-1-4219,BTC/USDT.SIM-SRGridStrategyV3-000,SIM-001,T-9b6fac7284a3bc14-104855,LIMIT,BUY,0.025609,GTC,False,False,0.025609,MAKER,116780.16,0.0,['0.60000000 USDT'],NO_TRIGGER,FILLED,NO_CONTINGENCY,,,,,,,,4351faf8-a490-41e6-b013-a4e42865aa5e,2025-07-30 10:00:00+00:00,2025-07-30 18:00:00+00:00,116780.16,,False,,
TESTER-001,SRGridStrategyV3-000,BTC/USDT.SIM,SIM-1-4220,BTC/USDT.SIM-SRGridStrategyV3-000,SIM-001,T-f2124ea962b470ed-104861,LIMIT,BUY,0.022481,GTC,False,False,0.022481,MAKER,116160.15000000001,0.0,['0.52000000 USDT'],NO_TRIGGER,FILLED,NO_CONTINGENCY,,,,,,,,877e1ad6-4b0d-4080-86c0-bd3e5719f732,2025-07-30 10:00:00+00:00,2025-07-30 19:00:00+00:00,116160.15,,False,,
TESTER-001,SRGridStrategyV3-000,BTC/USDT.SIM,SIM-1-4221,BTC/USDT.SIM-SRGridStrategyV3-000,SIM-001,T-9f82599e18d90c97-104975,LIMIT,BUY,0.017137,GTC,False,False,0.017137,MAKER,115540.14,0.0,['0.40000000 USDT'],NO_TRIGGER,FILLED,NO_CONTINGENCY,,,,,,,,016dc109-7e1b-4f70-b44f-2428beaded8c,2025-07-30 10:00:00+00:00,2025-07-31 23:00:00+00:00,115540.14,,False,,
TESTER-001,SRGridStrategyV3-000,BTC/USDT.SIM,SIM-1-4222,BTC/USDT.SIM-SRGridStrategyV3-000,SIM-001,T-0883e2fe4c9e2b38-104981,LIMIT,BUY,0.008907,GTC,False,False,0.008907,MAKER,114920.13,0.0,['0.20000000 USDT'],NO_TRIGGER,FILLED,NO_CONTINGENCY,,,,,,,,43edb141-8cff-413c-85ed-490b1f8077ab,2025-07-30 10:00:00+00:00,2025-08-01 00:00:00+00:00,114920.13,,False,,
TESTER-001,SRGridStrategyV3-000,BTC/USDT.SIM,SIM-1-4223,BTC/USDT.SIM-SRGridStrategyV3-000,SIM-001,T-97b9582f6400841c-105014,LIMIT,BUY,0.004374,GTC,False,False,0.004374,MAKER,114300.12000000001,0.0,['0.10000000 USDT'],NO_TRIGGER,FILLED,NO_CONTINGENCY,,,,,,,,c27731f3-ee60-4c8f-a895-880615366a51,2025-07-30 10:00:00+00:00,2025-08-01 08:00:00+00:00,114300.12,,False,,
TESTER-001,SRGridStrategyV3-000,BTC/USDT.SIM,SIM-1-4224,BTC/USDT.SIM-SRGridStrategyV3-000,SIM-001,T-091628aad840765e-105056,LIMIT,BUY,0.004398,GTC,False,False,0.004398,MAKER,113680.11,0.0,['0.10000000 USDT'],NO_TRIGGER,FILLED,NO_CONTINGENCY,,,,,,,,4f127142-767d-4682-9438-7941bc824a9c,2025-07-30 10:00:00+00:00,2025-08-01 18:00:00+00:00,113680.11,,False,,
TESTER-001,SRGridStrategyV3-000,BTC/USDT.SIM,SIM-1-4225,BTC/USDT.SIM-SRGridStrategyV3-000,SIM-001,T-b327acc2d4212407-105074,LIMIT,BUY,0.004422,GTC,False,False,0.004422,MAKER,113060.09999999999,0.0,['0.10000000 USDT'],NO_TRIGGER,FILLED,NO_CONTINGENCY,,,,,,,,b53b68ec-d6f8-4a6d-97e4-144bad38f5da,2025-07-30 10:00:00+00:00,2025-08-01 22:00:00+00:00,113060.10,,False,,
TESTER-001,SRGridStrategyV3-000,BTC/USDT.SIM,SIM-1-4226,BTC/USDT.SIM-SRGridStrategyV3-000,SIM-001,T-b4df1761d9f69d48-104836,LIMIT,SELL,0.042144,GTC,False,False,0.042144,MAKER,118640.19,0.0,['1.00000000 USDT'],NO_TRIGGER,FILLED,NO_CONTINGENCY,,,,,,,,4a40849b-cf19-424c-a6a2-4a40ebc73427,2025-07-30 10:00:00+00:00,2025-07-30 14:00:00+00:00,118640.19,,False,,
TESTER-001,SRGridStrategyV3-000,BTC/USDT.SIM,SIM-1-4234,BTC/USDT.SIM-SRGridStrategyV3-000,SIM-001,T-b4df1761d9f69d48-104837,LIMIT,SELL,0.042144,GTC,False,False,0.042144,MAKER,118640.19,0.0,['1.00000000 USDT'],NO_TRIGGER,FILLED,NO_CONTINGENCY,,,,,,,,59a5ff5e-cecb-4eb3-a1bb-e808d14bc51e,2025-07-30 11:00:00+00:00,2025-07-30 14:00:00+00:00,118640.19,,False,,
TESTER-001,SRGridStrategyV3-000,BTC/USDT.SIM,SIM-1-4242,BTC/USDT.SIM-SRGridStrategyV3-000,SIM-001,T-9b6fac7284a3bc14-104856,LIMIT,BUY,0.042815,GTC,False,False,0.042815,MAKER,116780.16,0.0,['1.00000000 USDT'],NO_TRIGGER,FILLED,NO_CONTINGENCY,,,,,,,,9a139dc0-e1d9-425a-92f6-227b9189c0fd,2025-07-30 14:00:00+00:00,2025-07-30 18:00:00+00:00,116780.16,,False,,
TESTER-001,SRGridStrategyV3-000,BTC/USDT.SIM,SIM-1-4243,BTC/USDT.SIM-SRGridStrategyV3-000,SIM-001,T-f2124ea962b470ed-104862,LIMIT,BUY,0.043044,GTC,False,False,0.043044,MAKER,116160.15000000001,0.0,['1.00000000 USDT'],NO_TRIGGER,FILLED,NO_CONTINGENCY,,,,,,,,ced68738-b737-4b33-8330-14af56f7efa9,2025-07-30 14:00:00+00:00,2025-07-30 19:00:00+00:00,116160.15,,False,,
TESTER-001,SRGridStrategyV3-000,BTC/USDT.SIM,SIM-1-4244,BTC/USDT.SIM-SRGridStrategyV3-000,SIM-001,T-9f82599e18d90c97-104976,LIMIT,BUY,0.036958,GTC,False,False,0.036958,MAKER,115540.14,0.0,['0.85000000 USDT'],NO_TRIGGER,FILLED,NO_CONTINGENCY,,,,,,,,25692f67-38da-41ac-a239-34d827e68d49,2025-07-30 14:00:00+00:00,2025-07-31 23:00:00+00:00,115540.14,,False,,
TESTER-001,SRGridStrategyV3-000,BTC/USDT.SIM,SIM-1-4245,BTC/USDT.SIM-SRGridStrategyV3-000,SIM-001,T-0883e2fe4c9e2b38-104982,LIMIT,BUY,0.019229,GTC,False,False,0.019229,MAKER,114920.13,0.0,['0.44000000 USDT'],NO_TRIGGER,FILLED,NO_CONTINGENCY,,,,,,,,f04bf460-3972-4cd1-afab-b9f2792fa3f7,2025-07-30 14:00:00+00:00,2025-08-01 00:00:00+00:00,114920.13,,False,,
TESTER-001,SRGridStrategyV3-000,BTC/USDT.SIM,SIM-1-4246,BTC/USDT.SIM-SRGridStrategyV3-000,SIM-001,T-97b9582f6400841c-105015,LIMIT,BUY,0.004675,GTC,False,False,0.004675,MAKER,114300.12000000001,0.0,['0.11000000 USDT'],NO_TRIGGER,FILLED,NO_CONTINGENCY,,,,,,,,a3d05175-958a-40c0-8f01-ce7f868dcda3,2025-07-30 14:00:00+00:00,2025-08-01 08:00:00+00:00,114300.12,,False,,
TESTER-001,SRGridStrategyV3-000,BTC/USDT.SIM,SIM-1-4247,BTC/USDT.SIM-SRGridStrategyV3-000,SIM-001,T-091628aad840765e-105057,LIMIT,BUY,0.004399,GTC,False,False,0.004399,MAKER,113680.11,0.0,['0.10000000 USDT'],NO_TRIGGER,FILLED,NO_CONTINGENCY,,,,,,,,8f09e2f5-607c-4fa0-989e-9fdae3852c0f,2025-07-30 14:00:00+00:00,2025-08-01 18:00:00+00:00,113680.11,,False,,
TESTER-001,SRGridStrategyV3-000,BTC/USDT.SIM,SIM-1-4248,BTC/USDT.SIM-SRGridStrategyV3-000,SIM-001,T-b327acc2d4212407-105075,LIMIT,BUY,0.004422,GTC,False,False,0.004422,MAKER,113060.09999999999,0.0,['0.10000000 USDT'],NO_TRIGGER,FILLED,NO_CONTINGENCY,,,,,,,,ed46bd2e-fe3d-4427-8738-c591f2c43fa2,2025-07-30 14:00:00+00:00,2025-08-01 22:00:00+00:00,113060.10,,False,,
TESTER-001,SRGridStrategyV3-000,BTC/USDT.SIM,SIM-1-4298,BTC/USDT.SIM-SRGridStrategyV3-000,SIM-001,T-42b297fe012352d8-105085,MARKET,SELL,0.406651,GTC,True,False,0.406651,TAKER,113822.97,0.0,['27.77000000 USDT'],NO_TRIGGER,FILLED,NO_CONTINGENCY,,,,,,,,fe5ceb8f-6c6c-4bf7-9409-5f61685ae40c,2025-08-02 00:00:00+00:00,2025-08-02 00:00:00+00:00,,,,,
TESTER-001,SRGridStrategyV3-000,BTC/USDT.SIM,SIM-1-4299,BTC/USDT.SIM-SRGridStrategyV3-000,SIM-001,T-42b297fe012352d8-105086,MARKET,SELL,0.527134,GTC,False,False,0.527134,TAKER,113822.97,0.0,['36.00000000 USDT'],NO_TRIGGER,FILLED,NO_CONTINGENCY,,,,,,,,0d36b4c7-f781-4db6-a59b-b83a90280212,2025-08-02 00:00:00+00:00,2025-08-02 00:00:00+00:00,,,,,
TESTER-001,SRGridStrategyV3-000,BTC/USDT.SIM,SIM-1-4300,BTC/USDT.SIM-SRGridStrategyV3-000,SIM-001,T-4c69f405fa1bad92-105734,MARKET,BUY,0.527134,GTC,True,False,0.527134,TAKER,116453.41,0.0,['36.83000000 USDT'],NO_TRIGGER,FILLED,NO_CONTINGENCY,,,,,,,,2757a9f9-385f-45f8-9b3e-55419d5f4bcd,2025-08-08 19:00:00+00:00,2025-08-08 19:00:00+00:00,,,,,
TESTER-001,SRGridStrategyV3-000,BTC/USDT.SIM,SIM-1-4309,BTC/USDT.SIM-SRGridStrategyV3-000,SIM-001,T-c4cd411336ac104a-105784,LIMIT,SELL,0.022622,GTC,False,False,0.022622,MAKER,117148.36,0.0,['0.53000000 USDT'],NO_TRIGGER,FILLED,NO_CONTINGENCY,,,,,,,,357f3c37-f88f-4f28-942e-9e957e39c0f6,2025-08-08 19:00:00+00:00,2025-08-09 08:00:00+00:00,117148.36,,False,,
TESTER-001,SRGridStrategyV3-000,BTC/USDT.SIM,SIM-1-4310,BTC/USDT.SIM-SRGridStrategyV3-000,SIM-001,T-ab7b2228f2d224da-105793,LIMIT,SELL,0.042429,GTC,False,False,0.042429,MAKER,117843.31,0.0,['1.00000000 USDT'],NO_TRIGGER,FILLED,NO_CONTINGENCY,,,,,,,,1a22f5e2-c188-4e16-8be3-5bb4354273e8,2025-08-08 19:00:00+00:00,2025-08-09 10:00:00+00:00,117843.31,,False,,
TESTER-001,SRGridStrategyV3-000,BTC/USDT.SIM,SIM-1-4311,BTC/USDT.SIM-SRGridStrategyV3-000,SIM-001,T-d565b0a06106080e-105866,LIMIT,SELL,0.042059,GTC,False,False,0.042059,MAKER,118538.26,0.0,['1.00000000 USDT'],NO_TRIGGER,FILLED,NO_CONTINGENCY,,,,,,,,e5b11ba4-f6e4-474d-9548-06b951e1b6db,2025-08-08 19:00:00+00:00,2025-08-10 04:00:00+00:00,118538.26,,False,,
TESTER-001,SRGridStrategyV3-000,BTC/USDT.SIM,SIM-1-4312,BTC/USDT.SIM-SRGridStrategyV3-000,SIM-001,T-033f54e560c4b719-105943,LIMIT,SELL,0.018250,GTC,False,False,0.018250,MAKER,119233.20999999999,0.0,['0.44000000 USDT'],NO_TRIGGER,FILLED,NO_CONTINGENCY,,,,,,,,19eb873c-5279-4c09-83d7-6cbeb88dd29f,2025-08-08 19:00:00+00:00,2025-08-10 23:00:00+00:00,119233.21,,False,,
TESTER-001,SRGridStrategyV3-000,BTC/USDT.SIM,SIM-1-4313,BTC/USDT.SIM-SRGridStrategyV3-000,SIM-001,T-06236f1b3c5d3e75-105952,LIMIT,SELL,0.004169,GTC,False,False,0.004169,MAKER,119928.15,0.0,['0.10000000 USDT'],NO_TRIGGER,FILLED,NO_CONTINGENCY,,,,,,,,2fd37927-ce7d-40b7-afff-4046f6c4e36a,2025-08-08 19:00:00+00:00,2025-08-11 01:00:00+00:00,119928.15,,False,,
TESTER-001,SRGridStrategyV3-000,BTC/USDT.SIM,SIM-1-4314,BTC/USDT.SIM-SRGridStrategyV3-000,SIM-001,T-6eec8f7a3839694d-105958,LIMIT,SELL,0.004145,GTC,False,False,0.004145,MAKER,120623.09999999999,0.0,['0.10000000 USDT'],NO_TRIGGER,FILLED,NO_CONTINGENCY,,,,,,,,11d50a5c-d4f8-4ce7-af5c-cef8244d1e42,2025-08-08 19:00:00+00:00,2025-08-11 02:00:00+00:00,120623.10,,False,,
TESTER-001,SRGridStrategyV3-000,BTC/USDT.SIM,SIM-1-4315,BTC/USDT.SIM-SRGridStrategyV3-000,SIM-001,T-6eec8f7a3839694d-105957,LIMIT,SELL,0.004121,GTC,False,False,0.004121,MAKER,121318.04999999999,0.0,['0.10000000 USDT'],NO_TRIGGER,FILLED,NO_CONTINGENCY,,,,,,,,f6d97ab2-574f-49db-aee9-da42a6a262ab,2025-08-08 19:00:00+00:00,2025-08-11 02:00:00+00:00,121318.05,,False,,
TESTER-001,SRGridStrategyV3-000,BTC/USDT.SIM,SIM-1-4316,BTC/USDT.SIM-SRGridStrategyV3-000,SIM-001,T-0e6187650d5e7884-105963,LIMIT,SELL,0.004098,GTC,False,False,0.004098,MAKER,122013.0,0.0,['0.10000000 USDT'],NO_TRIGGER,FILLED,NO_CONTINGENCY,,,,,,,,f6955c19-fcf2-47fd-a701-ecde0311cae9,2025-08-08 19:00:00+00:00,2025-08-11 03:00:00+00:00,122013.00,,False,,
TESTER-001,SRGridStrategyV3-000,BTC/USDT.SIM,SIM-1-4373,BTC/USDT.SIM-SRGridStrategyV3-000,SIM-001,T-4568034a90fdd441-105974,MARKET,BUY,0.141893,GTC,True,False,0.141893,TAKER,122059.34,0.0,['10.39000000 USDT'],NO_TRIGGER,FILLED,NO_CONTINGENCY,,,,,,,,d48b8630-a046-4677-96c5-385fb5a906a3,2025-08-11 05:00:00+00:00,2025-08-11 05:00:00+00:00,,,,,
TESTER-001,SRGridStrategyV3-000,BTC/USDT.SIM,SIM-1-4374,BTC/USDT.SIM-SRGridStrategyV3-000,SIM-001,T-4568034a90fdd441-105975,MARKET,BUY,0.491564,GTC,False,False,0.491564,TAKER,122059.34,0.0,['36.00000000 USDT'],NO_TRIGGER,FILLED,NO_CONTINGENCY,,,,,,,,123f5200-a9d9-4242-b846-d44f34296ce5,2025-08-11 05:00:00+00:00,2025-08-11 05:00:00+00:00,,,,,
TESTER-001,SRGridStrategyV3-000,BTC/USDT.SIM,SIM-1-4375,BTC/USDT.SIM-SRGridStrategyV3-000,SIM-001,T-a04cab11482ef455-106556,MARKET,SELL,0.491564,GTC,True,False,0.491564,TAKER,118005.98000000001,0.0,['34.80000000 USDT'],NO_TRIGGER,FILLED,NO_CONTINGENCY,,,,,,,,00040a32-3c75-40fe-a12b-7801826817c3,2025-08-17 07:00:00+00:00,2025-08-17 07:00:00+00:00,,,,,
TESTER-001,SRGridStrategyV3-000,BTC/USDT.SIM,SIM-1-4384,BTC/USDT.SIM-SRGridStrategyV3-000,SIM-001,T-d329799dbfe134c5-106559,LIMIT,SELL,0.021517,GTC,False,False,0.021517,MAKER,118360.94,0.0,['0.51000000 USDT'],NO_TRIGGER,FILLED,NO_CONTINGENCY,,,,,,,,450c8e18-d636-49c2-9abf-83735ba24420,2025-08-17 07:00:00+00:00,2025-08-17 08:00:00+00:00,118360.94,,False,,
TESTER-001,SRGridStrategyV3-000,BTC/USDT.SIM,SIM-1-4400,BTC/USDT.SIM-SRGridStrategyV3-000,SIM-001,T-f640680ceabc6852-106594,MARKET,BUY,0.021517,GTC,True,False,0.021517,TAKER,117834.56,0.0,['1.52000000 USDT'],NO_TRIGGER,FILLED,NO_CONTINGENCY,,,,,,,,650e22b4-54e6-44d0-85e6-a651a9f724bf,2025-08-17 16:00:00+00:00,2025-08-17 16:00:00+00:00,,,,,
TESTER-001,SRGridStrategyV3-000,BTC/USDT.SIM,SIM-1-4401,BTC/USDT.SIM-SRGridStrategyV3-000,SIM-001,T-f640680ceabc6852-106595,MARKET,BUY,0.509188,GTC,False,False,0.509188,TAKER,117834.56,0.0,['36.00000000 USDT'],NO_TRIGGER,FILLED,NO_CONTINGENCY,,,,,,,,6b5a0e61-cc4d-4888-a449-6f8dd2d24d14,2025-08-17 16:00:00+00:00,2025-08-17 16:00:00+00:00,,,,,
TESTER-001,SRGridStrategyV3-000,BTC/USDT.SIM,SIM-1-4402,BTC/USDT.SIM-SRGridStrategyV3-000,SIM-001,T-dc7d8bc3973fe4a1-106684,MARKET,SELL,0.509188,GTC,True,False,0.509188,TAKER,115633.73000000001,0.0,['35.33000000 USDT'],NO_TRIGGER,FILLED,NO_CONTINGENCY,,,,,,,,d49a5378-c9db-43fd-904d-90b6a80d9fc2,2025-08-18 14:00:00+00:00,2025-08-18 14:00:00+00:00,,,,,
TESTER-001,SRGridStrategyV3-000,BTC/USDT.SIM,SIM-1-4403,BTC/USDT.SIM-SRGridStrategyV3-000,SIM-001,T-affba62060bbe6bc-106741,LIMIT,BUY,0.043599,GTC,False,False,0.043599,MAKER,114681.22,0.0,['1.00000000 USDT'],NO_TRIGGER,FILLED,NO_CONTINGENCY,,,,,,,,a48f23f4-6915-425b-9fbd-e22dd053c432,2025-08-18 14:00:00+00:00,2025-08-19 04:00:00+00:00,114681.22,,False,,
TESTER-001,SRGridStrategyV3-000,BTC/USDT.SIM,SIM-1-4404,BTC/USDT.SIM-SRGridStrategyV3-000,SIM-001,T-b84205c488f1c86d-106787,LIMIT,BUY,0.043964,GTC,False,False,0.043964,MAKER,113728.71,0.0,['1.00000000 USDT'],NO_TRIGGER,FILLED,NO_CONTINGENCY,,,,,,,,0202b1bb-da21-4731-9f67-d73170f58586,2025-08-18 14:00:00+00:00,2025-08-19 15:00:00+00:00,113728.71,,False,,
TESTER-001,SRGridStrategyV3-000,BTC/USDT.SIM,SIM-1-4405,BTC/USDT.SIM-SRGridStrategyV3-000,SIM-001,T-60b919b32a25014b-106804,LIMIT,BUY,0.024297,GTC,False,False,0.024297,MAKER,112776.19,0.0,['0.55000000 USDT'],NO_TRIGGER,FILLED,NO_CONTINGENCY,,,,,,,,8d1d9992-9413-4e8d-825b-75353b9bf961,2025-08-18 14:00:00+00:00,2025-08-19 19:00:00+00:00,112776.19,,False,,
TESTER-001,SRGridStrategyV3-000,BTC/USDT.SIM,SIM-1-4411,BTC/USDT.SIM-SRGridStrategyV3-000,SIM-001,T-2bcb21b54bbcb141-106695,LIMIT,SELL,0.022506,GTC,False,False,0.022506,MAKER,116586.24,0.0,['0.52000000 USDT'],NO_TRIGGER,FILLED,NO_CONTINGENCY,,,,,,,,eb9824a1-7472-4694-a7de-9966bf0dfe71,2025-08-18 14:00:00+00:00,2025-08-18 17:00:00+00:00,116586.24,,False,,
TESTER-001,SRGridStrategyV3-000,BTC/USDT.SIM,SIM-1-4419,BTC/USDT.SIM-SRGridStrategyV3-000,SIM-001,T-affba62060bbe6bc-106742,LIMIT,BUY,0.043599,GTC,False,False,0.043599,MAKER,114681.22,0.0,['1.00000000 USDT'],NO_TRIGGER,FILLED,NO_CONTINGENCY,,,,,,,,ec113857-9b77-4c25-8c88-5c47485538fd,2025-08-18 17:00:00+00:00,2025-08-19 04:00:00+00:00,114681.22,,False,,
TESTER-001,SRGridStrategyV3-000,BTC/USDT.SIM,SIM-1-4420,BTC/USDT.SIM-SRGridStrategyV3-000,SIM-001,T-b84205c488f1c86d-106788,LIMIT,BUY,0.043964,GTC,False,False,0.043964,MAKER,113728.71,0.0,['1.00000000 USDT'],NO_TRIGGER,FILLED,NO_CONTINGENCY,,,,,,,,666fa216-625d-48b2-b724-9374c99abaf9,2025-08-18 17:00:00+00:00,2025-08-19 15:00:00+00:00,113728.71,,False,,
TESTER-001,SRGridStrategyV3-000,BTC/USDT.SIM,SIM-1-4421,BTC/USDT.SIM-SRGridStrategyV3-000,SIM-001,T-60b919b32a25014b-106805,LIMIT,BUY,0.028607,GTC,False,False,0.028607,MAKER,112776.19,0.0,['0.65000000 USDT'],NO_TRIGGER,FILLED,NO_CONTINGENCY,,,,,,,,6138c382-c36c-4b04-ad90-47e99fbae140,2025-08-18 17:00:00+00:00,2025-08-19 19:00:00+00:00,112776.19,,False,,
TESTER-001,SRGridStrategyV3-000,BTC/USDT.SIM,SIM-1-4448,BTC/USDT.SIM-SRGridStrategyV3-000,SIM-001,T-d45022e27ded5c65-106863,MARKET,SELL,0.205524,GTC,True,False,0.205524,TAKER,113699.98000000001,0.0,['14.02000000 USDT'],NO_TRIGGER,FILLED,NO_CONTINGENCY,,,,,,,,4704849a-1123-4426-9afc-b37c46963bd1,2025-08-20 09:00:00+00:00,2025-08-20 09:00:00+00:00,,,,,
TESTER-001,SRGridStrategyV3-000,BTC/USDT.SIM,SIM-1-4449,BTC/USDT.SIM-SRGridStrategyV3-000,SIM-001,T-d45022e27ded5c65-106864,MARKET,SELL,0.527705,GTC,False,False,0.527705,TAKER,113699.98000000001,0.0,['36.00000000 USDT'],NO_TRIGGER,FILLED,NO_CONTINGENCY,,,,,,,,1c91ef6a-cd5b-4440-ac8a-4834db9898de,2025-08-20 09:00:00+00:00,2025-08-20 09:00:00+00:00,,,,,
TESTER-001,SRGridStrategyV3-000,BTC/USDT.SIM,SIM-1-4450,BTC/USDT.SIM-SRGridStrategyV3-000,SIM-001,T-08e1a0f1d4113b95-108388,MARKET,BUY,0.527705,GTC,True,False,0.527705,TAKER,112256.36,0.0,['35.54000000 USDT'],NO_TRIGGER,FILLED,NO_CONTINGENCY,,,,,,,,008bcf87-797d-49ec-8bda-8a6c00ee4715,2025-09-05 10:00:00+00:00,2025-09-05 10:00:00+00:00,,,,,
TESTER-001,SRGridStrategyV3-000,BTC/USDT.SIM,SIM-1-4451,BTC/USDT.SIM-SRGridStrategyV3-000,SIM-001,T-d26f3ffce00980e0-108404,LIMIT,BUY,0.037059,GTC,False,False,0.037059,MAKER,111426.34999999999,0.0,['0.83000000 USDT'],NO_TRIGGER,FILLED,NO_CONTINGENCY,,,,,,,,437a5a74-39a8-4de9-8ba7-3481757a4604,2025-09-05 10:00:00+00:00,2025-09-05 14:00:00+00:00,111426.35,,False,,
TESTER-001,SRGridStrategyV3-000,BTC/USDT.SIM,SIM-1-4452,BTC/USDT.SIM-SRGridStrategyV3-000,SIM-001,T-d26f3ffce00980e0-108407,LIMIT,BUY,0.025798,GTC,False,False,0.025798,MAKER,110596.33,0.0,['0.57000000 USDT'],NO_TRIGGER,FILLED,NO_CONTINGENCY,,,,,,,,24327f87-8ee7-4890-ba87-2a9b1e0a34a5,2025-09-05 10:00:00+00:00,2025-09-05 14:00:00+00:00,110596.33,,False,,
TESTER-001,SRGridStrategyV3-000,BTC/USDT.SIM,SIM-1-4459,BTC/USDT.SIM-SRGridStrategyV3-000,SIM-001,T-2a892cf139c3a8de-108395,LIMIT,SELL,0.044214,GTC,False,False,0.044214,MAKER,113086.37000000001,0.0,['1.00000000 USDT'],NO_TRIGGER,FILLED,NO_CONTINGENCY,,,,,,,,1ec9910a-0a63-4d95-8dcb-f9998158fd27,2025-09-05 10:00:00+00:00,2025-09-05 12:00:00+00:00,113086.37,,False,,
TESTER-001,SRGridStrategyV3-000,BTC/USDT.SIM,SIM-1-4467,BTC/USDT.SIM-SRGridStrategyV3-000,SIM-001,T-d26f3ffce00980e0-108405,LIMIT,BUY,0.044873,GTC,False,False,0.044873,MAKER,111426.34999999999,0.0,['1.00000000 USDT'],NO_TRIGGER,FILLED,NO_CONTINGENCY,,,,,,,,bc77abad-63f1-4044-804c-a729613c5669,2025-09-05 12:00:00+00:00,2025-09-05 14:00:00+00:00,111426.35,,False,,
TESTER-001,SRGridStrategyV3-000,BTC/USDT.SIM,SIM-1-4468,BTC/USDT.SIM-SRGridStrategyV3-000,SIM-001,T-d26f3ffce00980e0-108408,LIMIT,BUY,0.034413,GTC,False,False,0.034413,MAKER,110596.33,0.0,['0.76000000 USDT'],NO_TRIGGER,FILLED,NO_CONTINGENCY,,,,,,,,8a8be825-0852-4945-808c-d2f2ea66425f,2025-09-05 12:00:00+00:00,2025-09-05 14:00:00+00:00,110596.33,,False,,
TESTER-001,SRGridStrategyV3-000,BTC/USDT.SIM,SIM-1-4482,BTC/USDT.SIM-SRGridStrategyV3-000,SIM-001,T-682a22c98a465834-108786,LIMIT,BUY,0.019272,GTC,False,False,0.019272,MAKER,112060.5,0.0,['0.43000000 USDT'],NO_TRIGGER,FILLED,NO_CONTINGENCY,,,,,,,,0ab33a17-953f-4d99-aa92-1cf88cdf9e0d,2025-09-09 10:00:00+00:00,2025-09-09 14:00:00+00:00,112060.50,,False,,
TESTER-001,SRGridStrategyV3-000,BTC/USDT.SIM,SIM-1-4483,BTC/USDT.SIM-SRGridStrategyV3-000,SIM-001,T-6c947f01d8df9053-108791,LIMIT,BUY,0.028692,GTC,False,False,0.028692,MAKER,111388.37000000001,0.0,['0.64000000 USDT'],NO_TRIGGER,FILLED,NO_CONTINGENCY,,,,,,,,69b6c694-c95a-40bf-8b20-f93c3f956ea7,2025-09-09 10:00:00+00:00,2025-09-09 15:00:00+00:00,111388.37,,False,,
TESTER-001,SRGridStrategyV3-000,BTC/USDT.SIM,SIM-1-4490,BTC/USDT.SIM-SRGridStrategyV3-000,SIM-001,T-04ec3ac5533f118c-108875,LIMIT,SELL,0.044090,GTC,False,False,0.044090,MAKER,113404.73999999999,0.0,['1.00000000 USDT'],NO_TRIGGER,FILLED,NO_CONTINGENCY,,,,,,,,4494a481-ad9e-4a84-ba38-afd266313014,2025-09-09 10:00:00+00:00,2025-09-10 12:00:00+00:00,113404.74,,False,,
TESTER-001,SRGridStrategyV3-000,BTC/USDT.SIM,SIM-1-4491,BTC/USDT.SIM-SRGridStrategyV3-000,SIM-001,T-bc7fb1ad88a624c5-108882,LIMIT,SELL,0.013401,GTC,False,False,0.013401,MAKER,114076.87,0.0,['0.31000000 USDT'],NO_TRIGGER,FILLED,NO_CONTINGENCY,,,,,,,,39f22779-933b-4477-a9be-9ff70331fc6a,2025-09-09 10:00:00+00:00,2025-09-10 13:00:00+00:00,114076.87,,False,,
TESTER-001,SRGridStrategyV3-000,BTC/USDT.SIM,SIM-1-4498,BTC/USDT.SIM-SRGridStrategyV3-000,SIM-001,T-04ec3ac5533f118c-108876,LIMIT,SELL,0.044090,GTC,False,False,0.044090,MAKER,113404.73999999999,0.0,['1.00000000 USDT'],NO_TRIGGER,FILLED,NO_CONTINGENCY,,,,,,,,50ab10af-9ccf-4a43-9306-d6b51753140f,2025-09-09 14:00:00+00:00,2025-09-10 12:00:00+00:00,113404.74,,False,,
TESTER-001,SRGridStrategyV3-000,BTC/USDT.SIM,SIM-1-4499,BTC/USDT.SIM-SRGridStrategyV3-000,SIM-001,T-bc7fb1ad88a624c5-108883,LIMIT,SELL,0.015361,GTC,False,False,0.015361,MAKER,114076.87,0.0,['0.35000000 USDT'],NO_TRIGGER,FILLED,NO_CONTINGENCY,,,,,,,,9da074d1-fb12-4357-a931-46c4386cbd21,2025-09-09 14:00:00+00:00,2025-09-10 13:00:00+00:00,114076.87,,False,,
TESTER-001,SRGridStrategyV3-000,BTC/USDT.SIM,SIM-1-4506,BTC/USDT.SIM-SRGridStrategyV3-000,SIM-001,T-04ec3ac5533f118c-108877,LIMIT,SELL,0.044090,GTC,False,False,0.044090,MAKER,113404.73999999999,0.0,['1.00000000 USDT'],NO_TRIGGER,FILLED,NO_CONTINGENCY,,,,,,,,d090c3a0-8374-4d9f-8624-c38dc39d4101,2025-09-09 15:00:00+00:00,2025-09-10 12:00:00+00:00,113404.74,,False,,
TESTER-001,SRGridStrategyV3-000,BTC/USDT.SIM,SIM-1-4507,BTC/USDT.SIM-SRGridStrategyV3-000,SIM-001,T-bc7fb1ad88a624c5-108884,LIMIT,SELL,0.018308,GTC,False,False,0.018308,MAKER,114076.87,0.0,['0.42000000 USDT'],NO_TRIGGER,FILLED,NO_CONTINGENCY,,,,,,,,a7c1edf2-41fd-459d-b5af-69e2f8933fbd,2025-09-09 15:00:00+00:00,2025-09-10 13:00:00+00:00,114076.87,,False,,
TESTER-001,SRGridStrategyV3-000,BTC/USDT.SIM,SIM-1-4526,BTC/USDT.SIM-SRGridStrategyV3-000,SIM-001,T-1c11ba20edc5ea71-108970,MARKET,BUY,0.033447,GTC,True,False,0.033447,TAKER,114062.32,0.0,['2.29000000 USDT'],NO_TRIGGER,FILLED,NO_CONTINGENCY,,,,,,,,a220486d-635f-4c81-a36e-2f814e49a8d2,2025-09-11 10:00:00+00:00,2025-09-11 10:00:00+00:00,,,,,
TESTER-001,SRGridStrategyV3-000,BTC/USDT.SIM,SIM-1-4527,BTC/USDT.SIM-SRGridStrategyV3-000,SIM-001,T-1c11ba20edc5ea71-108971,MARKET,BUY,0.526028,GTC,False,False,0.526028,TAKER,114062.32,0.0,['36.00000000 USDT'],NO_TRIGGER,FILLED,NO_CONTINGENCY,,,,,,,,f481db6b-6693-4642-ac33-9e1b00670656,2025-09-11 10:00:00+00:00,2025-09-11 10:00:00+00:00,,,,,
TESTER-001,SRGridStrategyV3-000,BTC/USDT.SIM,SIM-1-4528,BTC/USDT.SIM-SRGridStrategyV3-000,SIM-001,T-3a5a46fd2fe59b4a-110052,MARKET,SELL,0.526028,GTC,True,False,0.526028,TAKER,112643.25,0.0,['35.55000000 USDT'],NO_TRIGGER,FILLED,NO_CONTINGENCY,,,,,,,,961fc83e-8d3a-4258-968a-223b0560cf78,2025-09-22 22:00:00+00:00,2025-09-22 22:00:00+00:00,,,,,
TESTER-001,SRGridStrategyV3-000,BTC/USDT.SIM,SIM-1-4529,BTC/USDT.SIM-SRGridStrategyV3-000,SIM-001,T-6545fc125461e272-110068,LIMIT,BUY,0.044693,GTC,False,False,0.044693,MAKER,111874.56999999999,0.0,['1.00000000 USDT'],NO_TRIGGER,FILLED,NO_CONTINGENCY,,,,,,,,e099bdb0-da65-4f33-9007-f474a787e3b7,2025-09-22 22:00:00+00:00,2025-09-23 02:00:00+00:00,111874.57,,False,,
TESTER-001,SRGridStrategyV3-000,BTC/USDT.SIM,SIM-1-4530,BTC/USDT.SIM-SRGridStrategyV3-000,SIM-001,T-8ba8373da799ba7c-110171,LIMIT,BUY,0.045002,GTC,False,False,0.045002,MAKER,111105.89,0.0,['1.00000000 USDT'],NO_TRIGGER,FILLED,NO_CONTINGENCY,,,,,,,,1e7e42ee-456d-44b1-a37f-d86cd3a944a9,2025-09-22 22:00:00+00:00,2025-09-24 04:00:00+00:00,111105.89,,False,,
TESTER-001,SRGridStrategyV3-000,BTC/USDT.SIM,SIM-1-4531,BTC/USDT.SIM-SRGridStrategyV3-000,SIM-001,T-8e91b07e6bc4d414-110325,LIMIT,BUY,0.019079,GTC,False,False,0.019079,MAKER,110337.20999999999,0.0,['0.42000000 USDT'],NO_TRIGGER,FILLED,NO_CONTINGENCY,,,,,,,,0e6b9ee0-fa79-450d-8c7c-0f78b0f8d48e,2025-09-22 22:00:00+00:00,2025-09-25 17:00:00+00:00,110337.21,,False,,
TESTER-001,SRGridStrategyV3-000,BTC/USDT.SIM,SIM-1-4532,BTC/USDT.SIM-SRGridStrategyV3-000,SIM-001,T-8e91b07e6bc4d414-110323,LIMIT,BUY,0.004563,GTC,False,False,0.004563,MAKER,109568.53,0.0,['0.10000000 USDT'],NO_TRIGGER,FILLED,NO_CONTINGENCY,,,,,,,,b053e0f7-4867-48a7-8c27-ec95e0f5d40a,2025-09-22 22:00:00+00:00,2025-09-25 17:00:00+00:00,109568.53,,False,,
TESTER-001,SRGridStrategyV3-000,BTC/USDT.SIM,SIM-1-4533,BTC/USDT.SIM-SRGridStrategyV3-000,SIM-001,T-b51b387be0679f9d-110331,LIMIT,BUY,0.004596,GTC,False,False,0.004596,MAKER,108799.84999999999,0.0,['0.10000000 USDT'],NO_TRIGGER,FILLED,NO_CONTINGENCY,,,,,,,,61eebc2c-b935-48a8-8467-81f342428fac,2025-09-22 22:00:00+00:00,2025-09-25 18:00:00+00:00,108799.85,,False,,
TESTER-001,SRGridStrategyV3-000,BTC/USDT.SIM,SIM-1-4537,BTC/USDT.SIM-SRGridStrategyV3-000,SIM-001,T-71396f2e60a4c21a-110211,LIMIT,SELL,0.011211,GTC,False,False,0.011211,MAKER,113411.93,0.0,['0.25000000 USDT'],NO_TRIGGER,FILLED,NO_CONTINGENCY,,,,,,,,dd3f1210-48e4-4883-93fb-4cef6c59bf6a,2025-09-22 22:00:00+00:00,2025-09-24 14:00:00+00:00,113411.93,,False,,
TESTER-001,SRGridStrategyV3-000,BTC/USDT.SIM,SIM-1-4545,BTC/USDT.SIM-SRGridStrategyV3-000,SIM-001,T-71396f2e60a4c21a-110212,LIMIT,SELL,0.014932,GTC,False,False,0.014932,MAKER,113411.93,0.0,['0.34000000 USDT'],NO_TRIGGER,FILLED,NO_CONTINGENCY,,,,,,,,ab38804e-9194-4d84-b435-b657a5317122,2025-09-23 02:00:00+00:00,2025-09-24 14:00:00+00:00,113411.93,,False,,
TESTER-001,SRGridStrategyV3-000,BTC/USDT.SIM,SIM-1-4553,BTC/USDT.SIM-SRGridStrategyV3-000,SIM-001,T-71396f2e60a4c21a-110213,LIMIT,SELL,0.019204,GTC,False,False,0.019204,MAKER,113411.93,0.0,['0.44000000 USDT'],NO_TRIGGER,FILLED,NO_CONTINGENCY,,,,,,,,9efd8a21-59df-4fdf-bba3-0a5b260a5ae8,2025-09-24 04:00:00+00:00,2025-09-24 14:00:00+00:00,113411.93,,False,,
TESTER-001,SRGridStrategyV3-000,BTC/USDT.SIM,SIM-1-4561,BTC/USDT.SIM-SRGridStrategyV3-000,SIM-001,T-8e91b07e6bc4d414-110326,LIMIT,BUY,0.045316,GTC,False,False,0.045316,MAKER,110337.20999999999,0.0,['1.00000000 USDT'],NO_TRIGGER,FILLED,NO_CONTINGENCY,,,,,,,,4a7f54d0-5752-4bb2-90be-4e34d49c3fb8,2025-09-24 14:00:00+00:00,2025-09-25 17:00:00+00:00,110337.21,,False,,
TESTER-001,SRGridStrategyV3-000,BTC/USDT.SIM,SIM-1-4562,BTC/USDT.SIM-SRGridStrategyV3-000,SIM-001,T-8e91b07e6bc4d414-110324,LIMIT,BUY,0.004571,GTC,False,False,0.004571,MAKER,109568.53,0.0,['0.10000000 USDT'],NO_TRIGGER,FILLED,NO_CONTINGENCY,,,,,,,,9b313baa-bd76-454a-83c4-1c5bcfdf4e8a,2025-09-24 14:00:00+00:00,2025-09-25 17:00:00+00:00,109568.53,,False,,
TESTER-001,SRGridStrategyV3-000,BTC/USDT.SIM,SIM-1-4563,BTC/USDT.SIM-SRGridStrategyV3-000,SIM-001,T-b51b387be0679f9d-110332,LIMIT,BUY,0.004596,GTC,False,False,0.004596,MAKER,108799.84999999999,0.0,['0.10000000 USDT'],NO_TRIGGER,FILLED,NO_CONTINGENCY,,,,,,,,76b023cc-cdd2-40e9-9e96-9051c8f588ca,2025-09-24 14:00:00+00:00,2025-09-25 18:00:00+00:00,108799.85,,False,,
TESTER-001,SRGridStrategyV3-000,BTC/USDT.SIM,SIM-1-4581,BTC/USDT.SIM-SRGridStrategyV3-000,SIM-001,T-2644a76b93704321-110338,MARKET,SELL,0.127069,GTC,True,False,0.127069,TAKER,109360.0,0.0,['8.34000000 USDT'],NO_TRIGGER,FILLED,NO_CONTINGENCY,,,,,,,,b787ba2d-aae8-4269-b46d-50c92af9c28e,2025-09-25 19:00:00+00:00,2025-09-25 19:00:00+00:00,,,,,
TESTER-001,SRGridStrategyV3-000,BTC/USDT.SIM,SIM-1-4582,BTC/USDT.SIM-SRGridStrategyV3-000,SIM-001,T-2644a76b93704321-110339,MARKET,SELL,0.548647,GTC,False,False,0.548647,TAKER,109360.0,0.0,['36.00000000 USDT'],NO_TRIGGER,FILLED,NO_CONTINGENCY,,,,,,,,ddd34cde-f4dd-4926-bb55-e3b7a4742b12,2025-09-25 19:00:00+00:00,2025-09-25 19:00:00+00:00,,,,,
TESTER-001,SRGridStrategyV3-000,BTC/USDT.SIM,SIM-1-4583,BTC/USDT.SIM-SRGridStrategyV3-000,SIM-001,T-53f574e91d44dfb8-110885,MARKET,BUY,0.548647,GTC,True,False,0.548647,TAKER,116806.96,0.0,['38.45000000 USDT'],NO_TRIGGER,FILLED,NO_CONTINGENCY,,,,,,,,54259e10-4940-43e5-aacd-62c02388ee81,2025-10-01 13:00:00+00:00,2025-10-01 13:00:00+00:00,,,,,
TESTER-001,SRGridStrategyV3-000,BTC/USDT.SIM,SIM-1-4592,BTC/USDT.SIM-SRGridStrategyV3-000,SIM-001,T-8aacf0d034d1f798-110892,LIMIT,SELL,0.042503,GTC,False,False,0.042503,MAKER,117638.59,0.0,['1.00000000 USDT'],NO_TRIGGER,FILLED,NO_CONTINGENCY,,,,,,,,d05afa74-b865-4313-83c8-a25c0f0d0d2f,2025-10-01 13:00:00+00:00,2025-10-01 15:00:00+00:00,117638.59,,False,,
TESTER-001,SRGridStrategyV3-000,BTC/USDT.SIM,SIM-1-4593,BTC/USDT.SIM-SRGridStrategyV3-000,SIM-001,T-28e0b48a64fe9239-110925,LIMIT,SELL,0.004220,GTC,False,False,0.004220,MAKER,118470.22,0.0,['0.10000000 USDT'],NO_TRIGGER,FILLED,NO_CONTINGENCY,,,,,,,,68bb47aa-c3d2-4cfe-98bd-5c9d2ac45d9b,2025-10-01 13:00:00+00:00,2025-10-01 23:00:00+00:00,118470.22,,False,,
TESTER-001,SRGridStrategyV3-000,BTC/USDT.SIM,SIM-1-4594,BTC/USDT.SIM-SRGridStrategyV3-000,SIM-001,T-9e8ac9b88de33273-110930,LIMIT,SELL,0.004191,GTC,False,False,0.004191,MAKER,119301.86000000002,0.0,['0.10000000 USDT'],NO_TRIGGER,FILLED,NO_CONTINGENCY,,,,,,,,b186a5aa-a1ca-4a0c-afe2-6deba00f525b,2025-10-01 13:00:00+00:00,2025-10-02 00:00:00+00:00,119301.86,,False,,
TESTER-001,SRGridStrategyV3-000,BTC/USDT.SIM,SIM-1-4624,BTC/USDT.SIM-SRGridStrategyV3-000,SIM-001,T-d63f11d7036f69ba-110985,MARKET,BUY,0.050914,GTC,True,False,0.050914,TAKER,119621.19999999998,0.0,['3.65000000 USDT'],NO_TRIGGER,FILLED,NO_CONTINGENCY,,,,,,,,50295ed7-e7c1-4aab-968a-14aa350afbef,2025-10-02 13:00:00+00:00,2025-10-02 13:00:00+00:00,,,,,
TESTER-001,SRGridStrategyV3-000,BTC/USDT.SIM,SIM-1-4625,BTC/USDT.SIM-SRGridStrategyV3-000,SIM-001,T-d63f11d7036f69ba-110986,MARKET,BUY,0.501583,GTC,False,False,0.501583,TAKER,119621.19999999998,0.0,['36.00000000 USDT'],NO_TRIGGER,FILLED,NO_CONTINGENCY,,,,,,,,fb2281cb-5ee0-4204-aa53-5dfa42eccdd0,2025-10-02 13:00:00+00:00,2025-10-02 13:00:00+00:00,,,,,
TESTER-001,SRGridStrategyV3-000,BTC/USDT.SIM,SIM-1-4626,BTC/USDT.SIM-SRGridStrategyV3-000,SIM-001,T-30e37ec2d64d9e53-111854,MARKET,SELL,0.501583,GTC,True,False,0.501583,TAKER,111846.18,0.0,['33.66000000 USDT'],NO_TRIGGER,FILLED,NO_CONTINGENCY,,,,,,,,d5ea4fbf-25e7-4165-b098-cddbf70dcf15,2025-10-11 16:00:00+00:00,2025-10-11 16:00:00+00:00,,,,,
TESTER-001,SRGridStrategyV3-000,BTC/USDT.SIM,SIM-1-4627,BTC/USDT.SIM-SRGridStrategyV3-000,SIM-001,T-828d68891f7c2e40-111870,LIMIT,BUY,0.032192,GTC,False,False,0.032192,MAKER,110502.64,0.0,['0.71000000 USDT'],NO_TRIGGER,FILLED,NO_CONTINGENCY,,,,,,,,e8e93131-e56d-49f1-b2b5-24204c38dcf6,2025-10-11 16:00:00+00:00,2025-10-11 20:00:00+00:00,110502.64,,False,,
TESTER-001,SRGridStrategyV3-000,BTC/USDT.SIM,SIM-1-4635,BTC/USDT.SIM-SRGridStrategyV3-000,SIM-001,T-f40ac9b1406af4d8-111946,LIMIT,SELL,0.031908,GTC,False,False,0.031908,MAKER,113189.72,0.0,['0.72000000 USDT'],NO_TRIGGER,FILLED,NO_CONTINGENCY,,,,,,,,43b3678e-e781-4a33-bac8-0ae3029b6482,2025-10-11 16:00:00+00:00,2025-10-12 15:00:00+00:00,113189.72,,False,,
TESTER-001,SRGridStrategyV3-000,BTC/USDT.SIM,SIM-1-4636,BTC/USDT.SIM-SRGridStrategyV3-000,SIM-001,T-4ca8f12c0f7672f1-111952,LIMIT,SELL,0.013210,GTC,False,False,0.013210,MAKER,114533.26000000001,0.0,['0.30000000 USDT'],NO_TRIGGER,FILLED,NO_CONTINGENCY,,,,,,,,3dee1bdc-ce09-4ed4-9a2d-6b62f927cade,2025-10-11 16:00:00+00:00,2025-10-12 16:00:00+00:00,114533.26,,False,,
TESTER-001,SRGridStrategyV3-000,BTC/USDT.SIM,SIM-1-4643,BTC/USDT.SIM-SRGridStrategyV3-000,SIM-001,T-f40ac9b1406af4d8-111947,LIMIT,SELL,0.039347,GTC,False,False,0.039347,MAKER,113189.72,0.0,['0.89000000 USDT'],NO_TRIGGER,FILLED,NO_CONTINGENCY,,,,,,,,d53e7e3e-91b5-4f9b-9d5a-c475a221962f,2025-10-11 20:00:00+00:00,2025-10-12 15:00:00+00:00,113189.72,,False,,
TESTER-001,SRGridStrategyV3-000,BTC/USDT.SIM,SIM-1-4644,BTC/USDT.SIM-SRGridStrategyV3-000,SIM-001,T-4ca8f12c0f7672f1-111953,LIMIT,SELL,0.016360,GTC,False,False,0.016360,MAKER,114533.26000000001,0.0,['0.37000000 USDT'],NO_TRIGGER,FILLED,NO_CONTINGENCY,,,,,,,,5e472933-6753-4304-ba2b-73bb916c06bc,2025-10-11 20:00:00+00:00,2025-10-12 16:00:00+00:00,114533.26,,False,,
TESTER-001,SRGridStrategyV3-000,BTC/USDT.SIM,SIM-1-4658,BTC/USDT.SIM-SRGridStrategyV3-000,SIM-001,T-4ca8f12c0f7672f1-111956,MARKET,BUY,0.068633,GTC,True,False,0.068633,TAKER,114069.35,0.0,['4.70000000 USDT'],NO_TRIGGER,FILLED,NO_CONTINGENCY,,,,,,,,e419cfe0-9eb3-4a8f-af0f-c9cb3e19a880,2025-10-12 16:00:00+00:00,2025-10-12 16:00:00+00:00,,,,,
TESTER-001,SRGridStrategyV3-000,BTC/USDT.SIM,SIM-1-4659,BTC/USDT.SIM-SRGridStrategyV3-000,SIM-001,T-4ca8f12c0f7672f1-111957,MARKET,SELL,0.525996,GTC,False,False,0.525996,TAKER,114069.35,0.0,['36.00000000 USDT'],NO_TRIGGER,FILLED,NO_CONTINGENCY,,,,,,,,a1903b84-81f1-4763-b413-36924c60b498,2025-10-12 16:00:00+00:00,2025-10-12 16:00:00+00:00,,,,,
TESTER-001,SRGridStrategyV3-000,BTC/USDT.SIM,SIM-1-4660,BTC/USDT.SIM-SRGridStrategyV3-000,SIM-001,T-c428d81952abfd65-113331,MARKET,BUY,0.525996,GTC,True,False,0.525996,TAKER,114958.51,0.0,['36.28000000 USDT'],NO_TRIGGER,FILLED,NO_CONTINGENCY,,,,,,,,d9093fcb-f24f-439f-94e5-9d0f2586b28c,2025-10-27 03:00:00+00:00,2025-10-27 03:00:00+00:00,,,,,
TESTER-001,SRGridStrategyV3-000,BTC/USDT.SIM,SIM-1-4669,BTC/USDT.SIM-SRGridStrategyV3-000,SIM-001,T-eaa9fe1d4fd94631-113342,LIMIT,SELL,0.035864,GTC,False,False,0.035864,MAKER,115822.61,0.0,['0.83000000 USDT'],NO_TRIGGER,FILLED,NO_CONTINGENCY,,,,,,,,c67ff529-2a29-4714-818d-66eda3b6872d,2025-10-27 03:00:00+00:00,2025-10-27 06:00:00+00:00,115822.61,,False,,
TESTER-001,SRGridStrategyV3-000,BTC/USDT.SIM,SIM-1-4685,BTC/USDT.SIM-SRGridStrategyV3-000,SIM-001,T-a33e2f4ccd048def-113369,MARKET,BUY,0.035864,GTC,True,False,0.035864,TAKER,115065.67,0.0,['2.48000000 USDT'],NO_TRIGGER,FILLED,NO_CONTINGENCY,,,,,,,,29568f11-20a3-40da-b009-ef33fd1f7606,2025-10-27 12:00:00+00:00,2025-10-27 12:00:00+00:00,,,,,
TESTER-001,SRGridStrategyV3-000,BTC/USDT.SIM,SIM-1-4686,BTC/USDT.SIM-SRGridStrategyV3-000,SIM-001,T-a33e2f4ccd048def-113370,MARKET,BUY,0.521441,GTC,False,False,0.521441,TAKER,115065.67,0.0,['36.00000000 USDT'],NO_TRIGGER,FILLED,NO_CONTINGENCY,,,,,,,,2cc6cdec-baa1-4591-86d2-11b05a1be3fd,2025-10-27 12:00:00+00:00,2025-10-27 12:00:00+00:00,,,,,
TESTER-001,SRGridStrategyV3-000,BTC/USDT.SIM,SIM-1-4687,BTC/USDT.SIM-SRGridStrategyV3-000,SIM-001,T-edcd4a7b76e0575f-113651,MARKET,SELL,0.521441,GTC,True,False,0.521441,TAKER,109717.29,0.0,['34.33000000 USDT'],NO_TRIGGER,FILLED,NO_CONTINGENCY,,,,,,,,63a6319e-4730-47a1-b1fd-1477848dd242,2025-10-30 11:00:00+00:00,2025-10-30 11:00:00+00:00,,,,,
TESTER-001,SRGridStrategyV3-000,BTC/USDT.SIM,SIM-1-4688,BTC/USDT.SIM-SRGridStrategyV3-000,SIM-001,T-b0b473770d4540b3-113659,LIMIT,BUY,0.046185,GTC,False,False,0.046185,MAKER,108259.23,0.0,['1.00000000 USDT'],NO_TRIGGER,FILLED,NO_CONTINGENCY,,,,,,,,d2b33f47-5c91-4d5e-9ea1-7df62b29d08c,2025-10-30 11:00:00+00:00,2025-10-30 13:00:00+00:00,108259.23,,False,,
TESTER-001,SRGridStrategyV3-000,BTC/USDT.SIM,SIM-1-4689,BTC/USDT.SIM-SRGridStrategyV3-000,SIM-001,T-b8d9b1776d17f7ee-113676,LIMIT,BUY,0.042822,GTC,False,False,0.042822,MAKER,106801.17,0.0,['0.91000000 USDT'],NO_TRIGGER,FILLED,NO_CONTINGENCY,,,,,,,,63a34dc1-a705-45b4-9b0d-10c7cef58217,2025-10-30 11:00:00+00:00,2025-10-30 17:00:00+00:00,106801.17,,False,,
TESTER-001,SRGridStrategyV3-000,BTC/USDT.SIM,SIM-1-4696,BTC/USDT.SIM-SRGridStrategyV3-000,SIM-001,T-06d762276ccee344-113764,LIMIT,SELL,0.044974,GTC,False,False,0.044974,MAKER,111175.35,0.0,['1.00000000 USDT'],NO_TRIGGER,FILLED,NO_CONTINGENCY,,,,,,,,92d6787a-49b3-40ea-9ff1-bf8858282bb1,2025-10-30 11:00:00+00:00,2025-10-31 15:00:00+00:00,111175.35,,False,,
TESTER-001,SRGridStrategyV3-000,BTC/USDT.SIM,SIM-1-4704,BTC/USDT.SIM-SRGridStrategyV3-000,SIM-001,T-06d762276ccee344-113765,LIMIT,SELL,0.044974,GTC,False,False,0.044974,MAKER,111175.35,0.0,['1.00000000 USDT'],NO_TRIGGER,FILLED,NO_CONTINGENCY,,,,,,,,e5829541-4303-4cb6-9692-41b98593d5ab,2025-10-30 13:00:00+00:00,2025-10-31 15:00:00+00:00,111175.35,,False,,
TESTER-001,SRGridStrategyV3-000,BTC/USDT.SIM,SIM-1-4712,BTC/USDT.SIM-SRGridStrategyV3-000,SIM-001,T-06d762276ccee344-113766,LIMIT,SELL,0.044974,GTC,False,False,0.044974,MAKER,111175.35,0.0,['1.00000000 USDT'],NO_TRIGGER,FILLED,NO_CONTINGENCY,,,,,,,,0a1c688d-b6c0-47fc-8e0e-1d0265f96a5b,2025-10-30 17:00:00+00:00,2025-10-31 15:00:00+00:00,111175.35,,False,,
TESTER-001,SRGridStrategyV3-000,BTC/USDT.SIM,SIM-1-4726,BTC/USDT.SIM-SRGridStrategyV3-000,SIM-001,T-ade905d364ab7d5a-114054,LIMIT,BUY,0.046911,GTC,False,False,0.046911,MAKER,106585.69,0.0,['1.00000000 USDT'],NO_TRIGGER,FILLED,NO_CONTINGENCY,,,,,,,,ff67c7ba-d7a4-4ee2-a2ca-db3dcf351da9,2025-11-03 11:00:00+00:00,2025-11-03 15:00:00+00:00,106585.69,,False,,
TESTER-001,SRGridStrategyV3-000,BTC/USDT.SIM,SIM-1-4727,BTC/USDT.SIM-SRGridStrategyV3-000,SIM-001,T-ffd6a512bb058f0f-114059,LIMIT,BUY,0.004745,GTC,False,False,0.004745,MAKER,105383.96,0.0,['0.10000000 USDT'],NO_TRIGGER,FILLED,NO_CONTINGENCY,,,,,,,,57b34036-d54f-45a4-b3f6-1470b8601b9e,2025-11-03 11:00:00+00:00,2025-11-03 16:00:00+00:00,105383.96,,False,,
TESTER-001,SRGridStrategyV3-000,BTC/USDT.SIM,SIM-1-4758,BTC/USDT.SIM-SRGridStrategyV3-000,SIM-001,T-fe85e924a3422e08-114077,MARKET,SELL,0.005741,GTC,True,False,0.005741,TAKER,106657.54999999999,0.0,['0.37000000 USDT'],NO_TRIGGER,FILLED,NO_CONTINGENCY,,,,,,,,f8e78232-b5dd-4810-bedc-9ef2d3ae584f,2025-11-03 20:00:00+00:00,2025-11-03 20:00:00+00:00,,,,,
TESTER-001,SRGridStrategyV3-000,BTC/USDT.SIM,SIM-1-4759,BTC/USDT.SIM-SRGridStrategyV3-000,SIM-001,T-fe85e924a3422e08-114078,MARKET,SELL,0.562548,GTC,False,False,0.562548,TAKER,106657.54999999999,0.0,['36.00000000 USDT'],NO_TRIGGER,FILLED,NO_CONTINGENCY,,,,,,,,f15678e6-d0ce-4d09-8a3f-43a0df43131b,2025-11-03 20:00:00+00:00,2025-11-03 20:00:00+00:00,,,,,
TESTER-001,SRGridStrategyV3-000,BTC/USDT.SIM,SIM-1-4760,BTC/USDT.SIM-SRGridStrategyV3-000,SIM-001,T-5a765bac4c672d29-116641,MARKET,BUY,0.562548,GTC,True,False,0.562548,TAKER,91460.79000000001,0.0,['30.87000000 USDT'],NO_TRIGGER,FILLED,NO_CONTINGENCY,,,,,,,,410593f8-1d93-4377-8dcb-22057392e533,2025-11-30 19:00:00+00:00,2025-11-30 19:00:00+00:00,,,,,
TESTER-001,SRGridStrategyV3-000,BTC/USDT.SIM,SIM-1-4761,BTC/USDT.SIM-SRGridStrategyV3-000,SIM-001,T-75c04049f5f8a776-116657,LIMIT,BUY,0.036653,GTC,False,False,0.036653,MAKER,90872.44,0.0,['0.67000000 USDT'],NO_TRIGGER,FILLED,NO_CONTINGENCY,,,,,,,,9bded271-4f63-4884-bea9-1c1588cdd45a,2025-11-30 19:00:00+00:00,2025-11-30 23:00:00+00:00,90872.44,,False,,
TESTER-001,SRGridStrategyV3-000,BTC/USDT.SIM,SIM-1-4762,BTC/USDT.SIM-SRGridStrategyV3-000,SIM-001,T-49616848087a206d-116664,LIMIT,BUY,0.021044,GTC,False,False,0.021044,MAKER,90284.09,0.0,['0.38000000 USDT'],NO_TRIGGER,FILLED,NO_CONTINGENCY,,,,,,,,b8a45c4f-be62-4058-bda3-e6cbdc6155e7,2025-11-30 19:00:00+00:00,2025-12-01 00:00:00+00:00,90284.09,,False,,
TESTER-001,SRGridStrategyV3-000,BTC/USDT.SIM,SIM-1-4763,BTC/USDT.SIM-SRGridStrategyV3-000,SIM-001,T-49616848087a206d-116667,LIMIT,BUY,0.016081,GTC,False,False,0.016081,MAKER,89695.74,0.0,['0.29000000 USDT'],NO_TRIGGER,FILLED,NO_CONTINGENCY,,,,,,,,f139814d-fb3f-4eab-85e0-e4b6d9243832,2025-11-30 19:00:00+00:00,2025-12-01 00:00:00+00:00,89695.74,,False,,
TESTER-001,SRGridStrategyV3-000,BTC/USDT.SIM,SIM-1-4764,BTC/USDT.SIM-SRGridStrategyV3-000,SIM-001,T-49616848087a206d-116663,LIMIT,BUY,0.006311,GTC,False,False,0.006311,MAKER,89107.37999999999,0.0,['0.11000000 USDT'],NO_TRIGGER,FILLED,NO_CONTINGENCY,,,,,,,,fd6fac24-d657-4ddd-ad0a-272522773ee3,2025-11-30 19:00:00+00:00,2025-12-01 00:00:00+00:00,89107.38,,False,,
TESTER-001,SRGridStrategyV3-000,BTC/USDT.SIM,SIM-1-4765,BTC/USDT.SIM-SRGridStrategyV3-000,SIM-001,T-49616848087a206d-116666,LIMIT,BUY,0.006589,GTC,False,False,0.006589,MAKER,88519.03,0.0,['0.12000000 USDT'],NO_TRIGGER,FILLED,NO_CONTINGENCY,,,,,,,,0e103b52-337a-4a17-b5ba-5424e5802e79,2025-11-30 19:00:00+00:00,2025-12-01 00:00:00+00:00,88519.03,,False,,
TESTER-001,SRGridStrategyV3-000,BTC/USDT.SIM,SIM-1-4766,BTC/USDT.SIM-SRGridStrategyV3-000,SIM-001,T-49616848087a206d-116668,LIMIT,BUY,0.018261,GTC,False,False,0.018261,MAKER,87930.68000000001,0.0,['0.32000000 USDT'],NO_TRIGGER,FILLED,NO_CONTINGENCY,,,,,,,,a6c336c7-ba4a-4f20-b951-8f439d394436,2025-11-30 19:00:00+00:00,2025-12-01 00:00:00+00:00,87930.68,,False,,
TESTER-001,SRGridStrategyV3-000,BTC/USDT.SIM,SIM-1-4767,BTC/USDT.SIM-SRGridStrategyV3-000,SIM-001,T-49616848087a206d-116662,LIMIT,BUY,0.031551,GTC,False,False,0.031551,MAKER,87342.33,0.0,['0.55000000 USDT'],NO_TRIGGER,FILLED,NO_CONTINGENCY,,,,,,,,0836e7d6-d896-4578-8542-4e0e02276cbf,2025-11-30 19:00:00+00:00,2025-12-01 00:00:00+00:00,87342.33,,False,,
TESTER-001,SRGridStrategyV3-000,BTC/USDT.SIM,SIM-1-4768,BTC/USDT.SIM-SRGridStrategyV3-000,SIM-001,T-30ea22bdfe23e439-116676,LIMIT,BUY,0.032504,GTC,False,False,0.032504,MAKER,86753.98000000001,0.0,['0.56000000 USDT'],NO_TRIGGER,FILLED,NO_CONTINGENCY,,,,,,,,b2e5a750-3062-448a-9dea-85c3be1fe40a,2025-11-30 19:00:00+00:00,2025-12-01 02:00:00+00:00,86753.98,,False,,
TESTER-001,SRGridStrategyV3-000,BTC/USDT.SIM,SIM-1-4809,BTC/USDT.SIM-SRGridStrategyV3-000,SIM-001,T-ba42527e4706d657-116758,MARKET,SELL,0.168994,GTC,True,False,0.168994,TAKER,86572.65,0.0,['8.78000000 USDT'],NO_TRIGGER,FILLED,NO_CONTINGENCY,,,,,,,,20ab4a96-b440-4d9c-bf24-8fec4aaf7992,2025-12-01 22:00:00+00:00,2025-12-01 22:00:00+00:00,,,,,
TESTER-001,SRGridStrategyV3-000,BTC/USDT.SIM,SIM-1-4810,BTC/USDT.SIM-SRGridStrategyV3-000,SIM-001,T-ba42527e4706d657-116759,MARKET,SELL,0.693060,GTC,False,False,0.693060,TAKER,86572.65,0.0,['36.00000000 USDT'],NO_TRIGGER,FILLED,NO_CONTINGENCY,,,,,,,,4561454f-340d-4e0b-a9e0-1726b61da749,2025-12-01 22:00:00+00:00,2025-12-01 22:00:00+00:00,,,,,
TESTER-001,SRGridStrategyV3-000,BTC/USDT.SIM,SIM-1-4811,BTC/USDT.SIM-SRGridStrategyV3-000,SIM-001,T-ce3eed3311fa85b9-116887,MARKET,BUY,0.693060,GTC,True,False,0.693060,TAKER,93431.8,0.0,['38.85000000 USDT'],NO_TRIGGER,FILLED,NO_CONTINGENCY,,,,,,,,15c35a41-d1bb-4975-8c1a-ed998468ca2e,2025-12-03 06:00:00+00:00,2025-12-03 06:00:00+00:00,,,,,
TESTER-001,SRGridStrategyV3-000,BTC/USDT.SIM,SIM-1-4812,BTC/USDT.SIM-SRGridStrategyV3-000,SIM-001,T-a7a741bdfed9f48e-116919,LIMIT,BUY,0.020906,GTC,False,False,0.020906,MAKER,92245.79999999999,0.0,['0.39000000 USDT'],NO_TRIGGER,FILLED,NO_CONTINGENCY,,,,,,,,37ca9d6a-6bad-44a3-97c2-10b064f090b7,2025-12-03 06:00:00+00:00,2025-12-03 14:00:00+00:00,92245.80,,False,,
TESTER-001,SRGridStrategyV3-000,BTC/USDT.SIM,SIM-1-4836,BTC/USDT.SIM-SRGridStrategyV3-000,SIM-001,T-74d9ae0c4b62b07d-116993,MARKET,SELL,0.020906,GTC,True,False,0.020906,TAKER,93260.63,0.0,['1.17000000 USDT'],NO_TRIGGER,FILLED,NO_CONTINGENCY,,,,,,,,a01ed650-5fa8-45f8-b29c-67c27186bff4,2025-12-04 08:00:00+00:00,2025-12-04 08:00:00+00:00,,,,,
TESTER-001,SRGridStrategyV3-000,BTC/USDT.SIM,SIM-1-4837,BTC/USDT.SIM-SRGridStrategyV3-000,SIM-001,T-74d9ae0c4b62b07d-116994,MARKET,BUY,0.643358,GTC,False,False,0.643358,TAKER,93260.63,0.0,['36.00000000 USDT'],NO_TRIGGER,FILLED,NO_CONTINGENCY,,,,,,,,cbbf7192-3cb1-437c-8e44-7b5b6c12eb89,2025-12-04 08:00:00+00:00,2025-12-04 08:00:00+00:00,,,,,
TESTER-001,SRGridStrategyV3-000,BTC/USDT.SIM,SIM-1-4838,BTC/USDT.SIM-SRGridStrategyV3-000,SIM-001,T-b26c1a94c824b22b-117087,MARKET,SELL,0.643358,GTC,True,False,0.643358,TAKER,92258.65,0.0,['35.61000000 USDT'],NO_TRIGGER,FILLED,NO_CONTINGENCY,,,,,,,,4ae1d96f-1119-47ee-9f09-4f728977d6ea,2025-12-05 07:00:00+00:00,2025-12-05 07:00:00+00:00,,,,,
TESTER-001,SRGridStrategyV3-000,BTC/USDT.SIM,SIM-1-4839,BTC/USDT.SIM-SRGridStrategyV3-000,SIM-001,T-0255f34fb271a086-117094,LIMIT,BUY,0.031214,GTC,False,False,0.031214,MAKER,91438.15000000001,0.0,['0.57000000 USDT'],NO_TRIGGER,FILLED,NO_CONTINGENCY,,,,,,,,0125439c-cc6b-4a5d-b416-a8f1a7fa9a76,2025-12-05 07:00:00+00:00,2025-12-05 09:00:00+00:00,91438.15,,False,,
TESTER-001,SRGridStrategyV3-000,BTC/USDT.SIM,SIM-1-4840,BTC/USDT.SIM-SRGridStrategyV3-000,SIM-001,T-48812eaac627d970-117111,LIMIT,BUY,0.024523,GTC,False,False,0.024523,MAKER,90617.65000000001,0.0,['0.44000000 USDT'],NO_TRIGGER,FILLED,NO_CONTINGENCY,,,,,,,,71ad1598-e5cd-4535-b6dd-868c85a565af,2025-12-05 07:00:00+00:00,2025-12-05 13:00:00+00:00,90617.65,,False,,
TESTER-001,SRGridStrategyV3-000,BTC/USDT.SIM,SIM-1-4841,BTC/USDT.SIM-SRGridStrategyV3-000,SIM-001,T-b54aadd8e0628ccc-117125,LIMIT,BUY,0.013944,GTC,False,False,0.013944,MAKER,89797.15,0.0,['0.25000000 USDT'],NO_TRIGGER,FILLED,NO_CONTINGENCY,,,,,,,,5fc27345-9813-4609-b7ce-739b303baf11,2025-12-05 07:00:00+00:00,2025-12-05 16:00:00+00:00,89797.15,,False,,
TESTER-001,SRGridStrategyV3-000,BTC/USDT.SIM,SIM-1-4842,BTC/USDT.SIM-SRGridStrategyV3-000,SIM-001,T-b54aadd8e0628ccc-117124,LIMIT,BUY,0.006144,GTC,False,False,0.006144,MAKER,88976.65,0.0,['0.11000000 USDT'],NO_TRIGGER,FILLED,NO_CONTINGENCY,,,,,,,,45fda323-8b46-4395-b390-51c2dabe0a7e,2025-12-05 07:00:00+00:00,2025-12-05 16:00:00+00:00,88976.65,,False,,
TESTER-001,SRGridStrategyV3-000,BTC/USDT.SIM,SIM-1-4879,BTC/USDT.SIM-SRGridStrategyV3-000,SIM-001,T-8f5c1b7793b20279-117278,MARKET,SELL,0.075825,GTC,True,False,0.075825,TAKER,89709.99,0.0,['4.08000000 USDT'],NO_TRIGGER,FILLED,NO_CONTINGENCY,,,,,,,,575063c4-8f13-4486-9692-6193a33c7597,2025-12-07 06:00:00+00:00,2025-12-07 06:00:00+00:00,,,,,
TESTER-001,SRGridStrategyV3-000,BTC/USDT.SIM,SIM-1-4880,BTC/USDT.SIM-SRGridStrategyV3-000,SIM-001,T-8f5c1b7793b20279-117279,MARKET,BUY,0.668822,GTC,False,False,0.668822,TAKER,89709.99,0.0,['36.00000000 USDT'],NO_TRIGGER,FILLED,NO_CONTINGENCY,,,,,,,,97d858f3-bf13-4567-ac64-09a5813a064a,2025-12-07 06:00:00+00:00,2025-12-07 06:00:00+00:00,,,,,
TESTER-001,SRGridStrategyV3-000,BTC/USDT.SIM,SIM-1-4881,BTC/USDT.SIM-SRGridStrategyV3-000,SIM-001,T-28d642990078ae94-117860,MARKET,SELL,0.668822,GTC,True,False,0.668822,TAKER,90458.19,0.0,['36.30000000 USDT'],NO_TRIGGER,FILLED,NO_CONTINGENCY,,,,,,,,127748cf-e3ee-4ebe-9ebb-fa4120f0822f,2025-12-13 08:00:00+00:00,2025-12-13 08:00:00+00:00,,,,,
TESTER-001,SRGridStrategyV3-000,BTC/USDT.SIM,SIM-1-4882,BTC/USDT.SIM-SRGridStrategyV3-000,SIM-001,T-722c61b8dac4796d-117884,LIMIT,BUY,0.054096,GTC,False,False,0.054096,MAKER,90137.75,0.0,['0.98000000 USDT'],NO_TRIGGER,FILLED,NO_CONTINGENCY,,,,,,,,e65a71fc-1b53-4d9f-ad6c-ffb15a869107,2025-12-13 08:00:00+00:00,2025-12-13 14:00:00+00:00,90137.75,,False,,
TESTER-001,SRGridStrategyV3-000,BTC/USDT.SIM,SIM-1-4883,BTC/USDT.SIM-SRGridStrategyV3-000,SIM-001,T-6b531b85ff2e9c80-117913,LIMIT,BUY,0.045975,GTC,False,False,0.045975,MAKER,89817.31999999999,0.0,['0.83000000 USDT'],NO_TRIGGER,FILLED,NO_CONTINGENCY,,,,,,,,2acf8bcd-05c5-4433-9143-495abab6132a,2025-12-13 08:00:00+00:00,2025-12-13 21:00:00+00:00,89817.32,,False,,
TESTER-001,SRGridStrategyV3-000,BTC/USDT.SIM,SIM-1-4884,BTC/USDT.SIM-SRGridStrategyV3-000,SIM-001,T-9929794dc23145aa-117971,LIMIT,BUY,0.029746,GTC,False,False,0.029746,MAKER,89496.88,0.0,['0.53000000 USDT'],NO_TRIGGER,FILLED,NO_CONTINGENCY,,,,,,,,60d79264-2340-4ac7-ad15-c046c0b1aa39,2025-12-13 08:00:00+00:00,2025-12-14 11:00:00+00:00,89496.88,,False,,
TESTER-001,SRGridStrategyV3-000,BTC/USDT.SIM,SIM-1-4885,BTC/USDT.SIM-SRGridStrategyV3-000,SIM-001,T-9929794dc23145aa-117970,LIMIT,BUY,0.018189,GTC,False,False,0.018189,MAKER,89176.45000000001,0.0,['0.32000000 USDT'],NO_TRIGGER,FILLED,NO_CONTINGENCY,,,,,,,,6fdba45f-75ed-48a5-8a7d-97a47f41feea,2025-12-13 08:00:00+00:00,2025-12-14 11:00:00+00:00,89176.45,,False,,
TESTER-001,SRGridStrategyV3-000,BTC/USDT.SIM,SIM-1-4886,BTC/USDT.SIM-SRGridStrategyV3-000,SIM-001,T-22f764e2e508b78b-117992,LIMIT,BUY,0.009334,GTC,False,False,0.009334,MAKER,88856.01,0.0,['0.17000000 USDT'],NO_TRIGGER,FILLED,NO_CONTINGENCY,,,,,,,,3f876686-008b-475d-8cb3-1890cd7f6d6e,2025-12-13 08:00:00+00:00,2025-12-14 16:00:00+00:00,88856.01,,False,,
TESTER-001,SRGridStrategyV3-000,BTC/USDT.SIM,SIM-1-4887,BTC/USDT.SIM-SRGridStrategyV3-000,SIM-001,T-4ec41dd1607f1778-118005,LIMIT,BUY,0.005647,GTC,False,False,0.005647,MAKER,88535.58,0.0,['0.10000000 USDT'],NO_TRIGGER,FILLED,NO_CONTINGENCY,,,,,,,,f2431f2e-d5d9-4d54-a336-7786984e7888,2025-12-13 08:00:00+00:00,2025-12-14 19:00:00+00:00,88535.58,,False,,
TESTER-001,SRGridStrategyV3-000,BTC/USDT.SIM,SIM-1-4888,BTC/USDT.SIM-SRGridStrategyV3-000,SIM-001,T-071543caf1c4b551-118018,LIMIT,BUY,0.005668,GTC,False,False,0.005668,MAKER,88215.14,0.0,['0.10000000 USDT'],NO_TRIGGER,FILLED,NO_CONTINGENCY,,,,,,,,a96d8f0f-2318-4945-a993-3a466857a2d7,2025-12-13 08:00:00+00:00,2025-12-14 22:00:00+00:00,88215.14,,False,,
TESTER-001,SRGridStrategyV3-000,BTC/USDT.SIM,SIM-1-4889,BTC/USDT.SIM-SRGridStrategyV3-000,SIM-001,T-8d1fbd1a0f49b794-118023,LIMIT,BUY,0.005689,GTC,False,False,0.005689,MAKER,87894.71,0.0,['0.10000000 USDT'],NO_TRIGGER,FILLED,NO_CONTINGENCY,,,,,,,,2edb70e1-6ba0-421a-a2fb-9cf22f0d0b1a,2025-12-13 08:00:00+00:00,2025-12-14 23:00:00+00:00,87894.71,,False,,
TESTER-001,SRGridStrategyV3-000,BTC/USDT.SIM,SIM-1-4954,BTC/USDT.SIM-SRGridStrategyV3-000,SIM-001,T-01b2efdc33169b6c-118105,MARKET,SELL,0.174344,GTC,True,False,0.174344,TAKER,86149.95999999999,0.0,['9.01000000 USDT'],NO_TRIGGER,FILLED,NO_CONTINGENCY,,,,,,,,cf18466b-8c1d-4ae7-aebd-bb93b85832fe,2025-12-15 19:00:00+00:00,2025-12-15 19:00:00+00:00,,,,,
TESTER-001,SRGridStrategyV3-000,BTC/USDT.SIM,SIM-1-4955,BTC/USDT.SIM-SRGridStrategyV3-000,SIM-001,T-01b2efdc33169b6c-118106,MARKET,SELL,0.696460,GTC,False,False,0.696460,TAKER,86149.95999999999,0.0,['36.00000000 USDT'],NO_TRIGGER,FILLED,NO_CONTINGENCY,,,,,,,,37d4c7e1-f964-4f7f-aa4d-fcf033df3f65,2025-12-15 19:00:00+00:00,2025-12-15 19:00:00+00:00,,,,,
TESTER-001,SRGridStrategyV3-000,BTC/USDT.SIM,SIM-1-4956,BTC/USDT.SIM-SRGridStrategyV3-000,SIM-001,T-e41b2ea65fa69d4f-118760,MARKET,BUY,0.696460,GTC,True,False,0.696460,TAKER,89550.0,0.0,['37.42000000 USDT'],NO_TRIGGER,FILLED,NO_CONTINGENCY,,,,,,,,558148c5-7757-4fcd-bc6c-e288c5728443,2025-12-22 16:00:00+00:00,2025-12-22 16:00:00+00:00,,,,,
TESTER-001,SRGridStrategyV3-000,BTC/USDT.SIM,SIM-1-4957,BTC/USDT.SIM-SRGridStrategyV3-000,SIM-001,T-f5b4e95104d66f0c-118771,LIMIT,BUY,0.027632,GTC,False,False,0.027632,MAKER,88713.90000000001,0.0,['0.49000000 USDT'],NO_TRIGGER,FILLED,NO_CONTINGENCY,,,,,,,,74b4bf43-01d0-405e-86f7-aa1069903ae7,2025-12-22 16:00:00+00:00,2025-12-22 19:00:00+00:00,88713.90,,False,,
TESTER-001,SRGridStrategyV3-000,BTC/USDT.SIM,SIM-1-4958,BTC/USDT.SIM-SRGridStrategyV3-000,SIM-001,T-fc041ed15f314ead-118804,LIMIT,BUY,0.046929,GTC,False,False,0.046929,MAKER,87877.81,0.0,['0.82000000 USDT'],NO_TRIGGER,FILLED,NO_CONTINGENCY,,,,,,,,387b8a08-8b4c-4888-bf2e-f2ff815a9e25,2025-12-22 16:00:00+00:00,2025-12-23 03:00:00+00:00,87877.81,,False,,
TESTER-001,SRGridStrategyV3-000,BTC/USDT.SIM,SIM-1-4959,BTC/USDT.SIM-SRGridStrategyV3-000,SIM-001,T-c9948faacbf5060a-118848,LIMIT,BUY,0.046174,GTC,False,False,0.046174,MAKER,87041.70999999999,0.0,['0.80000000 USDT'],NO_TRIGGER,FILLED,NO_CONTINGENCY,,,,,,,,6e1ec6ad-eb78-4a19-a7ab-1411f56cb11c,2025-12-22 16:00:00+00:00,2025-12-23 14:00:00+00:00,87041.71,,False,,
TESTER-001,SRGridStrategyV3-000,BTC/USDT.SIM,SIM-1-4997,BTC/USDT.SIM-SRGridStrategyV3-000,SIM-001,T-4b13ab8c2fcf8736-118982,MARKET,SELL,0.120735,GTC,True,False,0.120735,TAKER,87669.45,0.0,['6.35000000 USDT'],NO_TRIGGER,FILLED,NO_CONTINGENCY,,,,,,,,e3df96e6-0fd7-417e-92ae-45980593e99e,2025-12-24 23:00:00+00:00,2025-12-24 23:00:00+00:00,,,,,
TESTER-001,SRGridStrategyV3-000,BTC/USDT.SIM,SIM-1-4998,BTC/USDT.SIM-SRGridStrategyV3-000,SIM-001,T-4b13ab8c2fcf8736-118983,MARKET,SELL,0.684389,GTC,False,False,0.684389,TAKER,87669.45,0.0,['36.00000000 USDT'],NO_TRIGGER,FILLED,NO_CONTINGENCY,,,,,,,,6dbe7e30-5d07-4e5a-b762-4899fa18dcc3,2025-12-24 23:00:00+00:00,2025-12-24 23:00:00+00:00,,,,,
TESTER-001,SRGridStrategyV3-000,BTC/USDT.SIM,SIM-1-4999,BTC/USDT.SIM-SRGridStrategyV3-000,SIM-001,T-23c87348d0cca4a9-119395,MARKET,BUY,0.684389,GTC,True,False,0.684389,TAKER,89777.26000000001,0.0,['36.87000000 USDT'],NO_TRIGGER,FILLED,NO_CONTINGENCY,,,,,,,,5ed86a00-aae3-485f-87e7-ce5128e41791,2025-12-29 06:00:00+00:00,2025-12-29 06:00:00+00:00,,,,,
TESTER-001,SRGridStrategyV3-000,BTC/USDT.SIM,SIM-1-5000,BTC/USDT.SIM-SRGridStrategyV3-000,SIM-001,T-0667422a8bb01ad5-119407,LIMIT,BUY,0.017862,GTC,False,False,0.017862,MAKER,89093.74,0.0,['0.32000000 USDT'],NO_TRIGGER,FILLED,NO_CONTINGENCY,,,,,,,,4b0515a9-e1d8-4359-827f-c8a62a460f77,2025-12-29 06:00:00+00:00,2025-12-29 09:00:00+00:00,89093.74,,False,,
TESTER-001,SRGridStrategyV3-000,BTC/USDT.SIM,SIM-1-5001,BTC/USDT.SIM-SRGridStrategyV3-000,SIM-001,T-0667422a8bb01ad5-119409,LIMIT,BUY,0.032610,GTC,False,False,0.032610,MAKER,88410.23,0.0,['0.58000000 USDT'],NO_TRIGGER,FILLED,NO_CONTINGENCY,,,,,,,,6a3455bc-ae08-45ea-8ca6-260a6b0acbdc,2025-12-29 06:00:00+00:00,2025-12-29 09:00:00+00:00,88410.23,,False,,
TESTER-001,SRGridStrategyV3-000,BTC/USDT.SIM,SIM-1-5002,BTC/USDT.SIM-SRGridStrategyV3-000,SIM-001,T-06e42b31918e4e37-119413,LIMIT,BUY,0.043398,GTC,False,False,0.043398,MAKER,87726.71,0.0,['0.76000000 USDT'],NO_TRIGGER,FILLED,NO_CONTINGENCY,,,,,,,,7ea06fc8-09d2-412c-9216-e6262d83c5bb,2025-12-29 06:00:00+00:00,2025-12-29 10:00:00+00:00,87726.71,,False,,
TESTER-001,SRGridStrategyV3-000,BTC/USDT.SIM,SIM-1-5003,BTC/USDT.SIM-SRGridStrategyV3-000,SIM-001,T-058eca8e7950e6cb-119422,LIMIT,BUY,0.041737,GTC,False,False,0.041737,MAKER,87043.2,0.0,['0.73000000 USDT'],NO_TRIGGER,FILLED,NO_CONTINGENCY,,,,,,,,48657c6a-c2d2-4e25-b9e4-af35525fd22c,2025-12-29 06:00:00+00:00,2025-12-29 12:00:00+00:00,87043.20,,False,,
TESTER-001,SRGridStrategyV3-000,BTC/USDT.SIM,SIM-1-5048,BTC/USDT.SIM-SRGridStrategyV3-000,SIM-001,T-148d68abefe23dee-119788,LIMIT,SELL,0.055906,GTC,False,False,0.055906,MAKER,89436.53,0.0,['1.00000000 USDT'],NO_TRIGGER,FILLED,NO_CONTINGENCY,,,,,,,,5a328cc4-8e8b-43f3-a09a-9b4fb1cec494,2026-01-02 06:00:00+00:00,2026-01-02 09:00:00+00:00,89436.53,,False,,
TESTER-001,SRGridStrategyV3-000,BTC/USDT.SIM,SIM-1-5049,BTC/USDT.SIM-SRGridStrategyV3-000,SIM-001,T-9ed121a03fc9b809-119793,LIMIT,SELL,0.055594,GTC,False,False,0.055594,MAKER,89938.01999999999,0.0,['1.00000000 USDT'],NO_TRIGGER,FILLED,NO_CONTINGENCY,,,,,,,,9d22aca7-9ae8-48c1-a621-f9d8c6c915f0,2026-01-02 06:00:00+00:00,2026-01-02 10:00:00+00:00,89938.02,,False,,
TESTER-001,SRGridStrategyV3-000,BTC/USDT.SIM,SIM-1-5050,BTC/USDT.SIM-SRGridStrategyV3-000,SIM-001,T-7e8316ded5e3c93c-119818,LIMIT,SELL,0.018481,GTC,False,False,0.018481,MAKER,90439.51,0.0,['0.33000000 USDT'],NO_TRIGGER,FILLED,NO_CONTINGENCY,,,,,,,,55a09708-e854-4195-a43a-bd896fd2e838,2026-01-02 06:00:00+00:00,2026-01-02 16:00:00+00:00,90439.51,,False,,
TESTER-001,SRGridStrategyV3-000,BTC/USDT.SIM,SIM-1-5051,BTC/USDT.SIM-SRGridStrategyV3-000,SIM-001,T-65c7ffd7352c762a-119823,LIMIT,SELL,0.005498,GTC,False,False,0.005498,MAKER,90941.0,0.0,['0.10000000 USDT'],NO_TRIGGER,FILLED,NO_CONTINGENCY,,,,,,,,5835a486-dc71-4615-9ef5-4685ab1cdabf,2026-01-02 06:00:00+00:00,2026-01-02 17:00:00+00:00,90941.00,,False,,
TESTER-001,SRGridStrategyV3-000,BTC/USDT.SIM,SIM-1-5088,BTC/USDT.SIM-SRGridStrategyV3-000,SIM-001,T-06bd457f2edbf4d4-119890,MARKET,SELL,0.000128,GTC,True,False,0.000128,TAKER,89791.99,0.0,['0.01000000 USDT'],NO_TRIGGER,FILLED,NO_CONTINGENCY,,,,,,,,192132dd-456f-41c1-81bd-c1c674899160,2026-01-03 09:00:00+00:00,2026-01-03 09:00:00+00:00,,,,,
TESTER-001,SRGridStrategyV3-000,BTC/USDT.SIM,SIM-1-5089,BTC/USDT.SIM-SRGridStrategyV3-000,SIM-001,T-06bd457f2edbf4d4-119891,MARKET,BUY,0.668211,GTC,False,False,0.668211,TAKER,89791.99,0.0,['36.00000000 USDT'],NO_TRIGGER,FILLED,NO_CONTINGENCY,,,,,,,,d19dd377-3310-4110-85e2-542b6f99d987,2026-01-03 09:00:00+00:00,2026-01-03 09:00:00+00:00,,,,,
TESTER-001,SRGridStrategyV3-000,BTC/USDT.SIM,SIM-1-5090,BTC/USDT.SIM-SRGridStrategyV3-000,SIM-001,T-1286446e1c4d64e8-120691,MARKET,SELL,0.668211,GTC,True,False,0.668211,TAKER,90690.8,0.0,['36.36000000 USDT'],NO_TRIGGER,FILLED,NO_CONTINGENCY,,,,,,,,f77a3988-ceaf-4f5c-8ec9-12c9ff7a0bf2,2026-01-11 19:00:00+00:00,2026-01-11 19:00:00+00:00,,,,,
TESTER-001,SRGridStrategyV3-000,BTC/USDT.SIM,SIM-1-5091,BTC/USDT.SIM-SRGridStrategyV3-000,SIM-001,T-a7cb43d8f1c58103-120707,LIMIT,BUY,0.026647,GTC,False,False,0.026647,MAKER,90361.76,0.0,['0.48000000 USDT'],NO_TRIGGER,FILLED,NO_CONTINGENCY,,,,,,,,5a254444-1b73-4cef-94ea-17c11a4dcc51,2026-01-11 19:00:00+00:00,2026-01-11 23:00:00+00:00,90361.76,,False,,
TESTER-001,SRGridStrategyV3-000,BTC/USDT.SIM,SIM-1-5099,BTC/USDT.SIM-SRGridStrategyV3-000,SIM-001,T-a7cb43d8f1c58103-120705,LIMIT,SELL,0.035275,GTC,False,False,0.035275,MAKER,91019.84,0.0,['0.64000000 USDT'],NO_TRIGGER,FILLED,NO_CONTINGENCY,,,,,,,,1bbb8f9b-ac58-42fa-9af3-b6d2820db4cb,2026-01-11 19:00:00+00:00,2026-01-11 23:00:00+00:00,91019.84,,False,,
TESTER-001,SRGridStrategyV3-000,BTC/USDT.SIM,SIM-1-5100,BTC/USDT.SIM-SRGridStrategyV3-000,SIM-001,T-05dece53dd375f05-120715,LIMIT,SELL,0.036437,GTC,False,False,0.036437,MAKER,91348.88,0.0,['0.67000000 USDT'],NO_TRIGGER,FILLED,NO_CONTINGENCY,,,,,,,,2d4c3bcb-7fa2-4664-a755-92faaf326dc2,2026-01-11 19:00:00+00:00,2026-01-12 01:00:00+00:00,91348.88,,False,,
TESTER-001,SRGridStrategyV3-000,BTC/USDT.SIM,SIM-1-5101,BTC/USDT.SIM-SRGridStrategyV3-000,SIM-001,T-0f0626cbbbdb2b70-120721,LIMIT,SELL,0.018857,GTC,False,False,0.018857,MAKER,91677.92,0.0,['0.35000000 USDT'],NO_TRIGGER,FILLED,NO_CONTINGENCY,,,,,,,,4f3f2ed9-b92f-4768-b48b-5d38ce41a386,2026-01-11 19:00:00+00:00,2026-01-12 02:00:00+00:00,91677.92,,False,,
TESTER-001,SRGridStrategyV3-000,BTC/USDT.SIM,SIM-1-5102,BTC/USDT.SIM-SRGridStrategyV3-000,SIM-001,T-0f0626cbbbdb2b70-120725,LIMIT,SELL,0.011836,GTC,False,False,0.011836,MAKER,92006.96,0.0,['0.22000000 USDT'],NO_TRIGGER,FILLED,NO_CONTINGENCY,,,,,,,,5a5da096-162b-45e7-855e-d63a895850cf,2026-01-11 19:00:00+00:00,2026-01-12 02:00:00+00:00,92006.96,,False,,
TESTER-001,SRGridStrategyV3-000,BTC/USDT.SIM,SIM-1-5103,BTC/USDT.SIM-SRGridStrategyV3-000,SIM-001,T-2316770108443e50-120729,LIMIT,SELL,0.013669,GTC,False,False,0.013669,MAKER,92336.01,0.0,['0.25000000 USDT'],NO_TRIGGER,FILLED,NO_CONTINGENCY,,,,,,,,e717a94d-7937-4e5c-8f3d-4b9ebbe26528,2026-01-11 19:00:00+00:00,2026-01-12 03:00:00+00:00,92336.01,,False,,
TESTER-001,SRGridStrategyV3-000,BTC/USDT.SIM,SIM-1-5104,BTC/USDT.SIM-SRGridStrategyV3-000,SIM-001,T-7db49c9c4b1b74a2-120851,LIMIT,SELL,0.017761,GTC,False,False,0.017761,MAKER,92665.05,0.0,['0.33000000 USDT'],NO_TRIGGER,FILLED,NO_CONTINGENCY,,,,,,,,df928846-baeb-4130-a93c-e10349d5c62d,2026-01-11 19:00:00+00:00,2026-01-13 09:00:00+00:00,92665.05,,False,,
TESTER-001,SRGridStrategyV3-000,BTC/USDT.SIM,SIM-1-5105,BTC/USDT.SIM-SRGridStrategyV3-000,SIM-001,T-86b5e9d9f760b1cf-120879,LIMIT,SELL,0.015667,GTC,False,False,0.015667,MAKER,92994.09,0.0,['0.29000000 USDT'],NO_TRIGGER,FILLED,NO_CONTINGENCY,,,,,,,,533aff55-c64b-49f6-a00d-168b9e160d9b,2026-01-11 19:00:00+00:00,2026-01-13 15:00:00+00:00,92994.09,,False,,
TESTER-001,SRGridStrategyV3-000,BTC/USDT.SIM,SIM-1-5106,BTC/USDT.SIM-SRGridStrategyV3-000,SIM-001,T-86b5e9d9f760b1cf-120877,LIMIT,SELL,0.013696,GTC,False,False,0.013696,MAKER,93323.13,0.0,['0.26000000 USDT'],NO_TRIGGER,FILLED,NO_CONTINGENCY,,,,,,,,6023ac82-879f-4a2e-8099-8b914dd1f7d8,2026-01-11 19:00:00+00:00,2026-01-13 15:00:00+00:00,93323.13,,False,,
TESTER-001,SRGridStrategyV3-000,BTC/USDT.SIM,SIM-1-5114,BTC/USDT.SIM-SRGridStrategyV3-000,SIM-001,T-05dece53dd375f05-120716,LIMIT,SELL,0.043924,GTC,False,False,0.043924,MAKER,91348.88,0.0,['0.80000000 USDT'],NO_TRIGGER,FILLED,NO_CONTINGENCY,,,,,,,,35e8cc4c-1575-4ecb-b1ad-accb0280dc91,2026-01-11 23:00:00+00:00,2026-01-12 01:00:00+00:00,91348.88,,False,,
TESTER-001,SRGridStrategyV3-000,BTC/USDT.SIM,SIM-1-5115,BTC/USDT.SIM-SRGridStrategyV3-000,SIM-001,T-0f0626cbbbdb2b70-120722,LIMIT,SELL,0.022705,GTC,False,False,0.022705,MAKER,91677.92,0.0,['0.42000000 USDT'],NO_TRIGGER,FILLED,NO_CONTINGENCY,,,,,,,,4a45c3de-2b3f-4755-aa74-bad1d4862f33,2026-01-11 23:00:00+00:00,2026-01-12 02:00:00+00:00,91677.92,,False,,
TESTER-001,SRGridStrategyV3-000,BTC/USDT.SIM,SIM-1-5116,BTC/USDT.SIM-SRGridStrategyV3-000,SIM-001,T-0f0626cbbbdb2b70-120726,LIMIT,SELL,0.014249,GTC,False,False,0.014249,MAKER,92006.96,0.0,['0.26000000 USDT'],NO_TRIGGER,FILLED,NO_CONTINGENCY,,,,,,,,a47844f2-4a55-463a-8ccd-4827b32f1f96,2026-01-11 23:00:00+00:00,2026-01-12 02:00:00+00:00,92006.96,,False,,
TESTER-001,SRGridStrategyV3-000,BTC/USDT.SIM,SIM-1-5117,BTC/USDT.SIM-SRGridStrategyV3-000,SIM-001,T-2316770108443e50-120730,LIMIT,SELL,0.016453,GTC,False,False,0.016453,MAKER,92336.01,0.0,['0.30000000 USDT'],NO_TRIGGER,FILLED,NO_CONTINGENCY,,,,,,,,6a00bc8d-962d-4567-9618-e2b3f5afa944,2026-01-11 23:00:00+00:00,2026-01-12 03:00:00+00:00,92336.01,,False,,
TESTER-001,SRGridStrategyV3-000,BTC/USDT.SIM,SIM-1-5118,BTC/USDT.SIM-SRGridStrategyV3-000,SIM-001,T-7db49c9c4b1b74a2-120852,LIMIT,SELL,0.021375,GTC,False,False,0.021375,MAKER,92665.05,0.0,['0.40000000 USDT'],NO_TRIGGER,FILLED,NO_CONTINGENCY,,,,,,,,60d3b8b9-22d9-498c-b8d1-71a54b75f453,2026-01-11 23:00:00+00:00,2026-01-13 09:00:00+00:00,92665.05,,False,,
TESTER-001,SRGridStrategyV3-000,BTC/USDT.SIM,SIM-1-5119,BTC/USDT.SIM-SRGridStrategyV3-000,SIM-001,T-86b5e9d9f760b1cf-120880,LIMIT,SELL,0.018858,GTC,False,False,0.018858,MAKER,92994.09,0.0,['0.35000000 USDT'],NO_TRIGGER,FILLED,NO_CONTINGENCY,,,,,,,,8311fc43-2e6a-4424-8907-d0f4a9502921,2026-01-11 23:00:00+00:00,2026-01-13 15:00:00+00:00,92994.09,,False,,
TESTER-001,SRGridStrategyV3-000,BTC/USDT.SIM,SIM-1-5120,BTC/USDT.SIM-SRGridStrategyV3-000,SIM-001,T-86b5e9d9f760b1cf-120878,LIMIT,SELL,0.016486,GTC,False,False,0.016486,MAKER,93323.13,0.0,['0.31000000 USDT'],NO_TRIGGER,FILLED,NO_CONTINGENCY,,,,,,,,dad0ce8e-cff7-4b8c-842f-d8074d7cf17e,2026-01-11 23:00:00+00:00,2026-01-13 15:00:00+00:00,93323.13,,False,,
TESTER-001,SRGridStrategyV3-000,BTC/USDT.SIM,SIM-1-5156,BTC/USDT.SIM-SRGridStrategyV3-000,SIM-001,T-50e88e230799354c-120895,MARKET,BUY,0.290601,GTC,True,False,0.290601,TAKER,93633.70999999999,0.0,['16.33000000 USDT'],NO_TRIGGER,FILLED,NO_CONTINGENCY,,,,,,,,081d3fa2-384a-43b1-ac63-c144c9237af0,2026-01-13 18:00:00+00:00,2026-01-13 18:00:00+00:00,,,,,
TESTER-001,SRGridStrategyV3-000,BTC/USDT.SIM,SIM-1-5157,BTC/USDT.SIM-SRGridStrategyV3-000,SIM-001,T-50e88e230799354c-120896,MARKET,BUY,0.640795,GTC,False,False,0.640795,TAKER,93633.70999999999,0.0,['36.00000000 USDT'],NO_TRIGGER,FILLED,NO_CONTINGENCY,,,,,,,,a344cf63-6c5b-4965-98b8-dc14fda8c261,2026-01-13 18:00:00+00:00,2026-01-13 18:00:00+00:00,,,,,
TESTER-001,SRGridStrategyV3-000,BTC/USDT.SIM,SIM-1-5158,BTC/USDT.SIM-SRGridStrategyV3-000,SIM-001,T-c8f8c94fc27a82ab-121546,MARKET,SELL,0.640795,GTC,True,False,0.640795,TAKER,90684.95,0.0,['34.87000000 USDT'],NO_TRIGGER,FILLED,NO_CONTINGENCY,,,,,,,,8c4f9666-1ae5-43ab-9338-eef3c0591ad1,2026-01-20 15:00:00+00:00,2026-01-20 15:00:00+00:00,,,,,
TESTER-001,SRGridStrategyV3-000,BTC/USDT.SIM,SIM-1-5159,BTC/USDT.SIM-SRGridStrategyV3-000,SIM-001,T-abcdbe797075d205-121554,LIMIT,BUY,0.055627,GTC,False,False,0.055627,MAKER,89884.48,0.0,['1.00000000 USDT'],NO_TRIGGER,FILLED,NO_CONTINGENCY,,,,,,,,c44b6951-211c-4b04-86cb-20fe3745e5fd,2026-01-20 15:00:00+00:00,2026-01-20 17:00:00+00:00,89884.48,,False,,
TESTER-001,SRGridStrategyV3-000,BTC/USDT.SIM,SIM-1-5160,BTC/USDT.SIM-SRGridStrategyV3-000,SIM-001,T-fdadb5690d52ec32-121575,LIMIT,BUY,0.005613,GTC,False,False,0.005613,MAKER,89084.01999999999,0.0,['0.10000000 USDT'],NO_TRIGGER,FILLED,NO_CONTINGENCY,,,,,,,,8ecce526-661a-4eae-8ee7-63399c2c7821,2026-01-20 15:00:00+00:00,2026-01-20 22:00:00+00:00,89084.02,,False,,
TESTER-001,SRGridStrategyV3-000,BTC/USDT.SIM,SIM-1-5161,BTC/USDT.SIM-SRGridStrategyV3-000,SIM-001,T-e59d3a9c842c9050-121580,LIMIT,BUY,0.005664,GTC,False,False,0.005664,MAKER,88283.54999999999,0.0,['0.10000000 USDT'],NO_TRIGGER,FILLED,NO_CONTINGENCY,,,,,,,,4eaff377-ca5f-43e5-9fd7-695e8e7e2d53,2026-01-20 15:00:00+00:00,2026-01-20 23:00:00+00:00,88283.55,,False,,
TESTER-001,SRGridStrategyV3-000,BTC/USDT.SIM,SIM-1-5199,BTC/USDT.SIM-SRGridStrategyV3-000,SIM-001,T-b9cdbeb75ca33d63-121646,MARKET,SELL,0.066904,GTC,True,False,0.066904,TAKER,90288.04,0.0,['3.62000000 USDT'],NO_TRIGGER,FILLED,NO_CONTINGENCY,,,,,,,,89b74e84-cd2b-43ce-881f-13d93b87268f,2026-01-21 15:00:00+00:00,2026-01-21 15:00:00+00:00,,,,,
TESTER-001,SRGridStrategyV3-000,BTC/USDT.SIM,SIM-1-5200,BTC/USDT.SIM-SRGridStrategyV3-000,SIM-001,T-b9cdbeb75ca33d63-121647,MARKET,SELL,0.664540,GTC,False,False,0.664540,TAKER,90288.04,0.0,['36.00000000 USDT'],NO_TRIGGER,FILLED,NO_CONTINGENCY,,,,,,,,a285637a-8b30-49bb-a4b2-842d7f05c0a2,2026-01-21 15:00:00+00:00,2026-01-21 15:00:00+00:00,,,,,
TESTER-001,SRGridStrategyV3-000,BTC/USDT.SIM,SIM-1-5201,BTC/USDT.SIM-SRGridStrategyV3-000,SIM-001,T-3b3c37c98557af10-124662,MARKET,BUY,0.664540,GTC,True,False,0.664540,TAKER,68038.13,0.0,['27.13000000 USDT'],NO_TRIGGER,FILLED,NO_CONTINGENCY,,,,,,,,fa84fd9c-79d1-4ec1-b8b3-55a287c8c47b,2026-02-22 06:00:00+00:00,2026-02-22 06:00:00+00:00,,,,,
TESTER-001,SRGridStrategyV3-000,BTC/USDT.SIM,SIM-1-5202,BTC/USDT.SIM-SRGridStrategyV3-000,SIM-001,T-157ac8ff03324316-124690,LIMIT,BUY,0.047690,GTC,False,False,0.047690,MAKER,67660.01,0.0,['0.65000000 USDT'],NO_TRIGGER,FILLED,NO_CONTINGENCY,,,,,,,,ab5dc769-1f5c-4dbc-9c45-c85c4b58e773,2026-02-22 06:00:00+00:00,2026-02-22 13:00:00+00:00,67660.01,,False,,
TESTER-001,SRGridStrategyV3-000,BTC/USDT.SIM,SIM-1-5203,BTC/USDT.SIM-SRGridStrategyV3-000,SIM-001,T-edef63d5a0aca64d-124707,LIMIT,BUY,0.044149,GTC,False,False,0.044149,MAKER,67281.89,0.0,['0.59000000 USDT'],NO_TRIGGER,FILLED,NO_CONTINGENCY,,,,,,,,45d87652-8b32-4efa-a8b8-ecc2eda95781,2026-02-22 06:00:00+00:00,2026-02-22 17:00:00+00:00,67281.89,,False,,
TESTER-001,SRGridStrategyV3-000,BTC/USDT.SIM,SIM-1-5204,BTC/USDT.SIM-SRGridStrategyV3-000,SIM-001,T-17ea8cc346255a7e-124736,LIMIT,BUY,0.031947,GTC,False,False,0.031947,MAKER,66903.78,0.0,['0.43000000 USDT'],NO_TRIGGER,FILLED,NO_CONTINGENCY,,,,,,,,1fc58f97-307f-4684-9a47-5f2f866f2381,2026-02-22 06:00:00+00:00,2026-02-23 00:00:00+00:00,66903.78,,False,,
TESTER-001,SRGridStrategyV3-000,BTC/USDT.SIM,SIM-1-5205,BTC/USDT.SIM-SRGridStrategyV3-000,SIM-001,T-1a62ec11223f7aee-124741,LIMIT,BUY,0.032752,GTC,False,False,0.032752,MAKER,66525.66,0.0,['0.44000000 USDT'],NO_TRIGGER,FILLED,NO_CONTINGENCY,,,,,,,,6d0c1b4d-96ef-40f3-8c86-07fa34e190c4,2026-02-22 06:00:00+00:00,2026-02-23 01:00:00+00:00,66525.66,,False,,
TESTER-001,SRGridStrategyV3-000,BTC/USDT.SIM,SIM-1-5206,BTC/USDT.SIM-SRGridStrategyV3-000,SIM-001,T-1a62ec11223f7aee-124744,LIMIT,BUY,0.024652,GTC,False,False,0.024652,MAKER,66147.54,0.0,['0.33000000 USDT'],NO_TRIGGER,FILLED,NO_CONTINGENCY,,,,,,,,c94b091b-5af0-4247-b4e6-2b25b2567fc9,2026-02-22 06:00:00+00:00,2026-02-23 01:00:00+00:00,66147.54,,False,,
TESTER-001,SRGridStrategyV3-000,BTC/USDT.SIM,SIM-1-5207,BTC/USDT.SIM-SRGridStrategyV3-000,SIM-001,T-1a62ec11223f7aee-124745,LIMIT,BUY,0.018372,GTC,False,False,0.018372,MAKER,65769.42,0.0,['0.24000000 USDT'],NO_TRIGGER,FILLED,NO_CONTINGENCY,,,,,,,,71ed2a8f-d6d4-4f92-a072-471da6f45d20,2026-02-22 06:00:00+00:00,2026-02-23 01:00:00+00:00,65769.42,,False,,
TESTER-001,SRGridStrategyV3-000,BTC/USDT.SIM,SIM-1-5208,BTC/USDT.SIM-SRGridStrategyV3-000,SIM-001,T-1a62ec11223f7aee-124740,LIMIT,BUY,0.008809,GTC,False,False,0.008809,MAKER,65391.31,0.0,['0.12000000 USDT'],NO_TRIGGER,FILLED,NO_CONTINGENCY,,,,,,,,a82c8075-ab79-4a78-ad1d-07983ae19bd1,2026-02-22 06:00:00+00:00,2026-02-23 01:00:00+00:00,65391.31,,False,,
TESTER-001,SRGridStrategyV3-000,BTC/USDT.SIM,SIM-1-5209,BTC/USDT.SIM-SRGridStrategyV3-000,SIM-001,T-1a62ec11223f7aee-124743,LIMIT,BUY,0.016484,GTC,False,False,0.016484,MAKER,65013.19,0.0,['0.21000000 USDT'],NO_TRIGGER,FILLED,NO_CONTINGENCY,,,,,,,,259831f2-03ad-4696-9150-dd2d440acf2f,2026-02-22 06:00:00+00:00,2026-02-23 01:00:00+00:00,65013.19,,False,,
TESTER-001,SRGridStrategyV3-000,BTC/USDT.SIM,SIM-1-5258,BTC/USDT.SIM-SRGridStrategyV3-000,SIM-001,T-9756e97c0e692465-124766,MARKET,SELL,0.224855,GTC,True,False,0.224855,TAKER,65757.31999999999,0.0,['8.87000000 USDT'],NO_TRIGGER,FILLED,NO_CONTINGENCY,,,,,,,,0b65d420-16a4-4c50-a28a-631b9183ccb4,2026-02-23 06:00:00+00:00,2026-02-23 06:00:00+00:00,,,,,
TESTER-001,SRGridStrategyV3-000,BTC/USDT.SIM,SIM-1-5259,BTC/USDT.SIM-SRGridStrategyV3-000,SIM-001,T-9756e97c0e692465-124767,MARKET,SELL,0.912446,GTC,False,False,0.912446,TAKER,65757.31999999999,0.0,['36.00000000 USDT'],NO_TRIGGER,FILLED,NO_CONTINGENCY,,,,,,,,124c544c-ed12-412c-bfe6-b09afe971d3f,2026-02-23 06:00:00+00:00,2026-02-23 06:00:00+00:00,,,,,
TESTER-001,SRGridStrategyV3-000,BTC/USDT.SIM,SIM-1-5260,BTC/USDT.SIM-SRGridStrategyV3-000,SIM-001,T-1f1fe0793549d5dc-125360,MARKET,BUY,0.912446,GTC,True,False,0.912446,TAKER,66468.03,0.0,['36.39000000 USDT'],NO_TRIGGER,FILLED,NO_CONTINGENCY,,,,,,,,086ce3c2-33f7-4229-b300-f30168b90a31,2026-03-01 11:00:00+00:00,2026-03-01 11:00:00+00:00,,,,,
TESTER-001,SRGridStrategyV3-000,BTC/USDT.SIM,SIM-1-5261,BTC/USDT.SIM-SRGridStrategyV3-000,SIM-001,T-5726fc799a6d88b2-125395,LIMIT,BUY,0.075285,GTC,False,False,0.075285,MAKER,65476.899999999994,0.0,['0.99000000 USDT'],NO_TRIGGER,FILLED,NO_CONTINGENCY,,,,,,,,941a0d88-4a9c-4fab-9bd2-3af8e41a6958,2026-03-01 11:00:00+00:00,2026-03-01 20:00:00+00:00,65476.90,,False,,
TESTER-001,SRGridStrategyV3-000,BTC/USDT.SIM,SIM-1-5269,BTC/USDT.SIM-SRGridStrategyV3-000,SIM-001,T-f0d83624e58177ac-125471,LIMIT,SELL,0.074119,GTC,False,False,0.074119,MAKER,67459.16,0.0,['1.00000000 USDT'],NO_TRIGGER,FILLED,NO_CONTINGENCY,,,,,,,,127afae9-02b6-4436-8307-5aacb842025f,2026-03-01 11:00:00+00:00,2026-03-02 15:00:00+00:00,67459.16,,False,,
TESTER-001,SRGridStrategyV3-000,BTC/USDT.SIM,SIM-1-5270,BTC/USDT.SIM-SRGridStrategyV3-000,SIM-001,T-f0d83624e58177ac-125475,LIMIT,SELL,0.069342,GTC,False,False,0.069342,MAKER,68450.29000000001,0.0,['0.95000000 USDT'],NO_TRIGGER,FILLED,NO_CONTINGENCY,,,,,,,,e5c473d6-ba0d-47bd-99eb-935f1835ef53,2026-03-01 11:00:00+00:00,2026-03-02 15:00:00+00:00,68450.29,,False,,
TESTER-001,SRGridStrategyV3-000,BTC/USDT.SIM,SIM-1-5271,BTC/USDT.SIM-SRGridStrategyV3-000,SIM-001,T-7e10d1cd4795051c-125479,LIMIT,SELL,0.025922,GTC,False,False,0.025922,MAKER,69441.42,0.0,['0.36000000 USDT'],NO_TRIGGER,FILLED,NO_CONTINGENCY,,,,,,,,d26b501e-75a9-4ca3-9d1f-87ec472b0007,2026-03-01 11:00:00+00:00,2026-03-02 16:00:00+00:00,69441.42,,False,,
TESTER-001,SRGridStrategyV3-000,BTC/USDT.SIM,SIM-1-5272,BTC/USDT.SIM-SRGridStrategyV3-000,SIM-001,T-4d68be5bed4c358b-125640,LIMIT,SELL,0.012432,GTC,False,False,0.012432,MAKER,70432.55,0.0,['0.18000000 USDT'],NO_TRIGGER,FILLED,NO_CONTINGENCY,,,,,,,,9790733a-736e-4b7a-b10c-178a96d9e823,2026-03-01 11:00:00+00:00,2026-03-04 08:00:00+00:00,70432.55,,False,,
TESTER-001,SRGridStrategyV3-000,BTC/USDT.SIM,SIM-1-5273,BTC/USDT.SIM-SRGridStrategyV3-000,SIM-001,T-c6dbc2fa21f8056f-125646,LIMIT,SELL,0.007000,GTC,False,False,0.007000,MAKER,71423.68,0.0,['0.10000000 USDT'],NO_TRIGGER,FILLED,NO_CONTINGENCY,,,,,,,,2856120b-fdb2-428a-a428-e58597620590,2026-03-01 11:00:00+00:00,2026-03-04 09:00:00+00:00,71423.68,,False,,
TESTER-001,SRGridStrategyV3-000,BTC/USDT.SIM,SIM-1-5274,BTC/USDT.SIM-SRGridStrategyV3-000,SIM-001,T-b37615db3b1b3c7c-125668,LIMIT,SELL,0.006905,GTC,False,False,0.006905,MAKER,72414.81,0.0,['0.10000000 USDT'],NO_TRIGGER,FILLED,NO_CONTINGENCY,,,,,,,,87c969ca-d9fa-4d63-b04d-18f61cc85f6c,2026-03-01 11:00:00+00:00,2026-03-04 14:00:00+00:00,72414.81,,False,,
TESTER-001,SRGridStrategyV3-000,BTC/USDT.SIM,SIM-1-5275,BTC/USDT.SIM-SRGridStrategyV3-000,SIM-001,T-85985a668381bf5e-125674,LIMIT,SELL,0.006811,GTC,False,False,0.006811,MAKER,73405.94,0.0,['0.10000000 USDT'],NO_TRIGGER,FILLED,NO_CONTINGENCY,,,,,,,,662506ee-c2c3-4f74-a8a0-db5b4e65ecaf,2026-03-01 11:00:00+00:00,2026-03-04 15:00:00+00:00,73405.94,,False,,
TESTER-001,SRGridStrategyV3-000,BTC/USDT.SIM,SIM-1-5277,BTC/USDT.SIM-SRGridStrategyV3-000,SIM-001,T-f0d83624e58177ac-125472,LIMIT,SELL,0.074119,GTC,False,False,0.074119,MAKER,67459.16,0.0,['1.00000000 USDT'],NO_TRIGGER,FILLED,NO_CONTINGENCY,,,,,,,,fed67eef-e2fa-46d7-9f87-d31fb82c1483,2026-03-01 20:00:00+00:00,2026-03-02 15:00:00+00:00,67459.16,,False,,
TESTER-001,SRGridStrategyV3-000,BTC/USDT.SIM,SIM-1-5278,BTC/USDT.SIM-SRGridStrategyV3-000,SIM-001,T-f0d83624e58177ac-125476,LIMIT,SELL,0.073046,GTC,False,False,0.073046,MAKER,68450.29000000001,0.0,['1.00000000 USDT'],NO_TRIGGER,FILLED,NO_CONTINGENCY,,,,,,,,6726f91e-8635-4489-a433-a89557376e4f,2026-03-01 20:00:00+00:00,2026-03-02 15:00:00+00:00,68450.29,,False,,
TESTER-001,SRGridStrategyV3-000,BTC/USDT.SIM,SIM-1-5279,BTC/USDT.SIM-SRGridStrategyV3-000,SIM-001,T-7e10d1cd4795051c-125480,LIMIT,SELL,0.034387,GTC,False,False,0.034387,MAKER,69441.42,0.0,['0.48000000 USDT'],NO_TRIGGER,FILLED,NO_CONTINGENCY,,,,,,,,e1d5a83a-fcf7-489b-8525-5bea8b633093,2026-03-01 20:00:00+00:00,2026-03-02 16:00:00+00:00,69441.42,,False,,
TESTER-001,SRGridStrategyV3-000,BTC/USDT.SIM,SIM-1-5280,BTC/USDT.SIM-SRGridStrategyV3-000,SIM-001,T-4d68be5bed4c358b-125641,LIMIT,SELL,0.016539,GTC,False,False,0.016539,MAKER,70432.55,0.0,['0.23000000 USDT'],NO_TRIGGER,FILLED,NO_CONTINGENCY,,,,,,,,a91125ce-8db3-4790-aa75-7dfd75d37cc6,2026-03-01 20:00:00+00:00,2026-03-04 08:00:00+00:00,70432.55,,False,,
TESTER-001,SRGridStrategyV3-000,BTC/USDT.SIM,SIM-1-5281,BTC/USDT.SIM-SRGridStrategyV3-000,SIM-001,T-c6dbc2fa21f8056f-125647,LIMIT,SELL,0.007002,GTC,False,False,0.007002,MAKER,71423.68,0.0,['0.10000000 USDT'],NO_TRIGGER,FILLED,NO_CONTINGENCY,,,,,,,,a4d99a1d-af2b-42e7-b00e-f9acf6e6070f,2026-03-01 20:00:00+00:00,2026-03-04 09:00:00+00:00,71423.68,,False,,
TESTER-001,SRGridStrategyV3-000,BTC/USDT.SIM,SIM-1-5282,BTC/USDT.SIM-SRGridStrategyV3-000,SIM-001,T-b37615db3b1b3c7c-125669,LIMIT,SELL,0.006905,GTC,False,False,0.006905,MAKER,72414.81,0.0,['0.10000000 USDT'],NO_TRIGGER,FILLED,NO_CONTINGENCY,,,,,,,,678b1302-6559-4660-a08d-49c4851eb5d3,2026-03-01 20:00:00+00:00,2026-03-04 14:00:00+00:00,72414.81,,False,,
TESTER-001,SRGridStrategyV3-000,BTC/USDT.SIM,SIM-1-5283,BTC/USDT.SIM-SRGridStrategyV3-000,SIM-001,T-85985a668381bf5e-125675,LIMIT,SELL,0.006811,GTC,False,False,0.006811,MAKER,73405.94,0.0,['0.10000000 USDT'],NO_TRIGGER,FILLED,NO_CONTINGENCY,,,,,,,,323e0199-b630-46c7-b32a-bf26a4ef2362,2026-03-01 20:00:00+00:00,2026-03-04 15:00:00+00:00,73405.94,,False,,
TESTER-001,SRGridStrategyV3-000,BTC/USDT.SIM,SIM-1-5327,BTC/USDT.SIM-SRGridStrategyV3-000,SIM-001,T-9319c2d08a4f3ea8-125690,MARKET,BUY,0.346055,GTC,True,False,0.346055,TAKER,73693.5,0.0,['15.30000000 USDT'],NO_TRIGGER,FILLED,NO_CONTINGENCY,,,,,,,,6d3b7fcc-e978-47d9-981f-34d8c8d07a48,2026-03-04 18:00:00+00:00,2026-03-04 18:00:00+00:00,,,,,
TESTER-001,SRGridStrategyV3-000,BTC/USDT.SIM,SIM-1-5328,BTC/USDT.SIM-SRGridStrategyV3-000,SIM-001,T-9319c2d08a4f3ea8-125691,MARKET,BUY,0.814183,GTC,False,False,0.814183,TAKER,73693.5,0.0,['36.00000000 USDT'],NO_TRIGGER,FILLED,NO_CONTINGENCY,,,,,,,,298b0f4d-8c98-4a18-88b9-b541ea7c7ac3,2026-03-04 18:00:00+00:00,2026-03-04 18:00:00+00:00,,,,,
TESTER-001,SRGridStrategyV3-000,BTC/USDT.SIM,SIM-1-5329,BTC/USDT.SIM-SRGridStrategyV3-000,SIM-001,T-75651c4bf2659a7a-126176,MARKET,SELL,0.814183,GTC,True,False,0.814183,TAKER,68961.70999999999,0.0,['33.69000000 USDT'],NO_TRIGGER,FILLED,NO_CONTINGENCY,,,,,,,,afc5bdd1-bf44-46c6-b0a6-431efbdc7efd,2026-03-09 20:00:00+00:00,2026-03-09 20:00:00+00:00,,,,,
TESTER-001,SRGridStrategyV3-000,BTC/USDT.SIM,SIM-1-5338,BTC/USDT.SIM-SRGridStrategyV3-000,SIM-001,T-5ddc27cef7a640cd-126199,LIMIT,SELL,0.016398,GTC,False,False,0.016398,MAKER,70008.58,0.0,['0.23000000 USDT'],NO_TRIGGER,FILLED,NO_CONTINGENCY,,,,,,,,070ec0db-bbd3-4e86-ad52-ec68ac2652e1,2026-03-09 20:00:00+00:00,2026-03-10 02:00:00+00:00,70008.58,,False,,
TESTER-001,SRGridStrategyV3-000,BTC/USDT.SIM,SIM-1-5339,BTC/USDT.SIM-SRGridStrategyV3-000,SIM-001,T-496406b594519f7a-126224,LIMIT,SELL,0.070368,GTC,False,False,0.070368,MAKER,71055.45,0.0,['1.00000000 USDT'],NO_TRIGGER,FILLED,NO_CONTINGENCY,,,,,,,,1990e22e-b986-4528-a063-2f24d8170fc7,2026-03-09 20:00:00+00:00,2026-03-10 08:00:00+00:00,71055.45,,False,,
TESTER-001,SRGridStrategyV3-000,BTC/USDT.SIM,SIM-1-5362,BTC/USDT.SIM-SRGridStrategyV3-000,SIM-001,T-a0b3b6c844fa8397-126351,MARKET,BUY,0.086766,GTC,True,False,0.086766,TAKER,70227.91,0.0,['3.66000000 USDT'],NO_TRIGGER,FILLED,NO_CONTINGENCY,,,,,,,,10ba47b3-2a98-4788-8510-fdfc9b392359,2026-03-11 15:00:00+00:00,2026-03-11 15:00:00+00:00,,,,,
TESTER-001,SRGridStrategyV3-000,BTC/USDT.SIM,SIM-1-5363,BTC/USDT.SIM-SRGridStrategyV3-000,SIM-001,T-a0b3b6c844fa8397-126352,MARKET,BUY,0.854361,GTC,False,False,0.854361,TAKER,70227.91,0.0,['36.00000000 USDT'],NO_TRIGGER,FILLED,NO_CONTINGENCY,,,,,,,,434f5d63-68ba-4f36-834d-b4ab7e23fb33,2026-03-11 15:00:00+00:00,2026-03-11 15:00:00+00:00,,,,,
TESTER-001,SRGridStrategyV3-000,BTC/USDT.SIM,SIM-1-5364,BTC/USDT.SIM-SRGridStrategyV3-000,SIM-001,T-f68b8936b3d7464b-127250,MARKET,SELL,0.854361,GTC,True,False,0.854361,TAKER,70682.19,0.0,['36.23000000 USDT'],NO_TRIGGER,FILLED,NO_CONTINGENCY,,,,,,,,5ffc3f2a-a592-4912-8428-1cfe818bbd80,2026-03-21 00:00:00+00:00,2026-03-21 00:00:00+00:00,,,,,
TESTER-001,SRGridStrategyV3-000,BTC/USDT.SIM,SIM-1-5365,BTC/USDT.SIM-SRGridStrategyV3-000,SIM-001,T-3760938f7e2094ef-127343,LIMIT,BUY,0.071557,GTC,False,False,0.071557,MAKER,69873.93,0.0,['1.00000000 USDT'],NO_TRIGGER,FILLED,NO_CONTINGENCY,,,,,,,,a2e34504-10ce-411c-9655-80dd4901cb23,2026-03-21 00:00:00+00:00,2026-03-21 23:00:00+00:00,69873.93,,False,,
TESTER-001,SRGridStrategyV3-000,BTC/USDT.SIM,SIM-1-5366,BTC/USDT.SIM-SRGridStrategyV3-000,SIM-001,T-3760938f7e2094ef-127342,LIMIT,BUY,0.039756,GTC,False,False,0.039756,MAKER,69065.66,0.0,['0.55000000 USDT'],NO_TRIGGER,FILLED,NO_CONTINGENCY,,,,,,,,3df58b1d-d0e9-4080-a682-35e5471033e3,2026-03-21 00:00:00+00:00,2026-03-21 23:00:00+00:00,69065.66,,False,,
TESTER-001,SRGridStrategyV3-000,BTC/USDT.SIM,SIM-1-5367,BTC/USDT.SIM-SRGridStrategyV3-000,SIM-001,T-710306a22a0c59f1-127348,LIMIT,BUY,0.033584,GTC,False,False,0.033584,MAKER,68257.40000000001,0.0,['0.46000000 USDT'],NO_TRIGGER,FILLED,NO_CONTINGENCY,,,,,,,,74efee3f-2d47-49fe-8f82-545a2dd906c2,2026-03-21 00:00:00+00:00,2026-03-22 00:00:00+00:00,68257.40,,False,,
TESTER-001,SRGridStrategyV3-000,BTC/USDT.SIM,SIM-1-5397,BTC/USDT.SIM-SRGridStrategyV3-000,SIM-001,T-4bf34b0b868e37a4-127417,MARKET,SELL,0.144897,GTC,True,False,0.144897,TAKER,68673.02,0.0,['5.97000000 USDT'],NO_TRIGGER,FILLED,NO_CONTINGENCY,,,,,,,,4562e8b0-bef5-436f-b1e5-a1d6a6c57c2f,2026-03-22 17:00:00+00:00,2026-03-22 17:00:00+00:00,,,,,
TESTER-001,SRGridStrategyV3-000,BTC/USDT.SIM,SIM-1-5398,BTC/USDT.SIM-SRGridStrategyV3-000,SIM-001,T-4bf34b0b868e37a4-127418,MARKET,SELL,0.873706,GTC,False,False,0.873706,TAKER,68673.02,0.0,['36.00000000 USDT'],NO_TRIGGER,FILLED,NO_CONTINGENCY,,,,,,,,940fc328-c89d-4496-886b-01758a61c737,2026-03-22 17:00:00+00:00,2026-03-22 17:00:00+00:00,,,,,
TESTER-001,SRGridStrategyV3-000,BTC/USDT.SIM,SIM-1-5399,BTC/USDT.SIM-SRGridStrategyV3-000,SIM-001,T-5715d2b81749ec77-127571,MARKET,BUY,0.873706,GTC,True,False,0.873706,TAKER,71291.7,0.0,['37.37000000 USDT'],NO_TRIGGER,FILLED,NO_CONTINGENCY,,,,,,,,1ed02ba3-550e-4954-8479-038a8ae4b077,2026-03-24 07:00:00+00:00,2026-03-24 07:00:00+00:00,,,,,
TESTER-001,SRGridStrategyV3-000,BTC/USDT.SIM,SIM-1-5400,BTC/USDT.SIM-SRGridStrategyV3-000,SIM-001,T-e561c33d4eff4300-127595,LIMIT,BUY,0.069833,GTC,False,False,0.069833,MAKER,70621.58,0.0,['0.99000000 USDT'],NO_TRIGGER,FILLED,NO_CONTINGENCY,,,,,,,,4b85e85f-491f-40e5-bcaa-81bd7d63970e,2026-03-24 07:00:00+00:00,2026-03-24 13:00:00+00:00,70621.58,,False,,
TESTER-001,SRGridStrategyV3-000,BTC/USDT.SIM,SIM-1-5401,BTC/USDT.SIM-SRGridStrategyV3-000,SIM-001,T-9564844d9d298801-127600,LIMIT,BUY,0.056577,GTC,False,False,0.056577,MAKER,69951.45999999999,0.0,['0.79000000 USDT'],NO_TRIGGER,FILLED,NO_CONTINGENCY,,,,,,,,23726019-87de-4b11-9e1a-2cd27f06845d,2026-03-24 07:00:00+00:00,2026-03-24 14:00:00+00:00,69951.46,,False,,
TESTER-001,SRGridStrategyV3-000,BTC/USDT.SIM,SIM-1-5402,BTC/USDT.SIM-SRGridStrategyV3-000,SIM-001,T-213bcc360f8213c5-127613,LIMIT,BUY,0.026784,GTC,False,False,0.026784,MAKER,69281.34,0.0,['0.37000000 USDT'],NO_TRIGGER,FILLED,NO_CONTINGENCY,,,,,,,,ec32e965-ce03-43ea-a68d-66cbe5cb20d6,2026-03-24 07:00:00+00:00,2026-03-24 17:00:00+00:00,69281.34,,False,,
TESTER-001,SRGridStrategyV3-000,BTC/USDT.SIM,SIM-1-5403,BTC/USDT.SIM-SRGridStrategyV3-000,SIM-001,T-e839c076adf5f455-127809,LIMIT,BUY,0.016316,GTC,False,False,0.016316,MAKER,68611.23,0.0,['0.22000000 USDT'],NO_TRIGGER,FILLED,NO_CONTINGENCY,,,,,,,,195a79b1-dbc5-4ab7-8f3a-b2b9194fc963,2026-03-24 07:00:00+00:00,2026-03-26 17:00:00+00:00,68611.23,,False,,
TESTER-001,SRGridStrategyV3-000,BTC/USDT.SIM,SIM-1-5408,BTC/USDT.SIM-SRGridStrategyV3-000,SIM-001,T-938ffdf4a6a56b5f-127685,LIMIT,SELL,0.040511,GTC,False,False,0.040511,MAKER,71961.82,0.0,['0.58000000 USDT'],NO_TRIGGER,FILLED,NO_CONTINGENCY,,,,,,,,265347a6-6f28-4298-8b5d-b0e79efd1c42,2026-03-24 07:00:00+00:00,2026-03-25 11:00:00+00:00,71961.82,,False,,
TESTER-001,SRGridStrategyV3-000,BTC/USDT.SIM,SIM-1-5416,BTC/USDT.SIM-SRGridStrategyV3-000,SIM-001,T-938ffdf4a6a56b5f-127686,LIMIT,SELL,0.053787,GTC,False,False,0.053787,MAKER,71961.82,0.0,['0.77000000 USDT'],NO_TRIGGER,FILLED,NO_CONTINGENCY,,,,,,,,d5714cd1-8a27-4537-b5b9-f3e9eb9dd56f,2026-03-24 13:00:00+00:00,2026-03-25 11:00:00+00:00,71961.82,,False,,
TESTER-001,SRGridStrategyV3-000,BTC/USDT.SIM,SIM-1-5424,BTC/USDT.SIM-SRGridStrategyV3-000,SIM-001,T-938ffdf4a6a56b5f-127687,LIMIT,SELL,0.064434,GTC,False,False,0.064434,MAKER,71961.82,0.0,['0.93000000 USDT'],NO_TRIGGER,FILLED,NO_CONTINGENCY,,,,,,,,61fdcb13-c598-4200-bb37-2f190fcf88c4,2026-03-24 14:00:00+00:00,2026-03-25 11:00:00+00:00,71961.82,,False,,
TESTER-001,SRGridStrategyV3-000,BTC/USDT.SIM,SIM-1-5432,BTC/USDT.SIM-SRGridStrategyV3-000,SIM-001,T-938ffdf4a6a56b5f-127688,LIMIT,SELL,0.069417,GTC,False,False,0.069417,MAKER,71961.82,0.0,['1.00000000 USDT'],NO_TRIGGER,FILLED,NO_CONTINGENCY,,,,,,,,715cae20-d718-4ff5-87ae-ccf73b74d28d,2026-03-24 17:00:00+00:00,2026-03-25 11:00:00+00:00,71961.82,,False,,
TESTER-001,SRGridStrategyV3-000,BTC/USDT.SIM,SIM-1-5440,BTC/USDT.SIM-SRGridStrategyV3-000,SIM-001,T-e839c076adf5f455-127810,LIMIT,BUY,0.072874,GTC,False,False,0.072874,MAKER,68611.23,0.0,['1.00000000 USDT'],NO_TRIGGER,FILLED,NO_CONTINGENCY,,,,,,,,c2888159-3b5e-4957-8b22-721318810dfb,2026-03-25 11:00:00+00:00,2026-03-26 17:00:00+00:00,68611.23,,False,,
TESTER-001,SRGridStrategyV3-000,BTC/USDT.SIM,SIM-1-5452,BTC/USDT.SIM-SRGridStrategyV3-000,SIM-001,T-1e0c97d3b03811ef-127832,MARKET,SELL,0.014235,GTC,True,False,0.014235,TAKER,68892.67,0.0,['0.59000000 USDT'],NO_TRIGGER,FILLED,NO_CONTINGENCY,,,,,,,,27060b08-046d-495b-ad43-1bbf733c88b7,2026-03-26 22:00:00+00:00,2026-03-26 22:00:00+00:00,,,,,
TESTER-001,SRGridStrategyV3-000,BTC/USDT.SIM,SIM-1-5453,BTC/USDT.SIM-SRGridStrategyV3-000,SIM-001,T-1e0c97d3b03811ef-127833,MARKET,SELL,0.870920,GTC,False,False,0.870920,TAKER,68892.67,0.0,['36.00000000 USDT'],NO_TRIGGER,FILLED,NO_CONTINGENCY,,,,,,,,58ea704d-db17-4c94-8ed9-cf8535125dcb,2026-03-26 22:00:00+00:00,2026-03-26 22:00:00+00:00,,,,,
TESTER-001,SRGridStrategyV3-000,BTC/USDT.SIM,SIM-1-5454,BTC/USDT.SIM-SRGridStrategyV3-000,SIM-001,T-28b243097230989b-128871,MARKET,BUY,0.870920,GTC,True,False,0.870920,TAKER,69739.53,0.0,['36.44000000 USDT'],NO_TRIGGER,FILLED,NO_CONTINGENCY,,,,,,,,a24e9538-4e35-4bb7-a325-a97f79357ad7,2026-04-06 19:00:00+00:00,2026-04-06 19:00:00+00:00,,,,,
TESTER-001,SRGridStrategyV3-000,BTC/USDT.SIM,SIM-1-5455,BTC/USDT.SIM-SRGridStrategyV3-000,SIM-001,T-f07cef5ed81de645-128882,LIMIT,BUY,0.042966,GTC,False,False,0.042966,MAKER,69059.06,0.0,['0.59000000 USDT'],NO_TRIGGER,FILLED,NO_CONTINGENCY,,,,,,,,19714c8b-8951-45f3-9d9f-ad2836a2ada7,2026-04-06 19:00:00+00:00,2026-04-06 22:00:00+00:00,69059.06,,False,,
TESTER-001,SRGridStrategyV3-000,BTC/USDT.SIM,SIM-1-5456,BTC/USDT.SIM-SRGridStrategyV3-000,SIM-001,T-9b5d1f21579e3861-128886,LIMIT,BUY,0.037035,GTC,False,False,0.037035,MAKER,68378.59999999999,0.0,['0.51000000 USDT'],NO_TRIGGER,FILLED,NO_CONTINGENCY,,,,,,,,cc6089ec-c550-42ba-92f0-304cabdaacfb,2026-04-06 19:00:00+00:00,2026-04-06 23:00:00+00:00,68378.60,,False,,
TESTER-001,SRGridStrategyV3-000,BTC/USDT.SIM,SIM-1-5463,BTC/USDT.SIM-SRGridStrategyV3-000,SIM-001,T-102fb1ced24e0cc1-128981,LIMIT,SELL,0.071003,GTC,False,False,0.071003,MAKER,70420.0,0.0,['1.00000000 USDT'],NO_TRIGGER,FILLED,NO_CONTINGENCY,,,,,,,,6937c15d-ac09-46dc-b64e-1e02c68ae52f,2026-04-06 19:00:00+00:00,2026-04-07 22:00:00+00:00,70420.00,,False,,
TESTER-001,SRGridStrategyV3-000,BTC/USDT.SIM,SIM-1-5464,BTC/USDT.SIM-SRGridStrategyV3-000,SIM-001,T-102fb1ced24e0cc1-128978,LIMIT,SELL,0.070323,GTC,False,False,0.070323,MAKER,71100.46,0.0,['1.00000000 USDT'],NO_TRIGGER,FILLED,NO_CONTINGENCY,,,,,,,,832fa33f-bf7e-40a5-b094-b773075ab50d,2026-04-06 19:00:00+00:00,2026-04-07 22:00:00+00:00,71100.46,,False,,
TESTER-001,SRGridStrategyV3-000,BTC/USDT.SIM,SIM-1-5465,BTC/USDT.SIM-SRGridStrategyV3-000,SIM-001,T-79b40ce42e397a24-128988,LIMIT,SELL,0.020783,GTC,False,False,0.020783,MAKER,71780.93000000001,0.0,['0.30000000 USDT'],NO_TRIGGER,FILLED,NO_CONTINGENCY,,,,,,,,120d5e35-4918-465b-bd29-d5836289418b,2026-04-06 19:00:00+00:00,2026-04-07 23:00:00+00:00,71780.93,,False,,
TESTER-001,SRGridStrategyV3-000,BTC/USDT.SIM,SIM-1-5471,BTC/USDT.SIM-SRGridStrategyV3-000,SIM-001,T-102fb1ced24e0cc1-128982,LIMIT,SELL,0.071003,GTC,False,False,0.071003,MAKER,70420.0,0.0,['1.00000000 USDT'],NO_TRIGGER,FILLED,NO_CONTINGENCY,,,,,,,,74cf4aa4-6415-480c-8fc3-19b33e9cdf88,2026-04-06 22:00:00+00:00,2026-04-07 22:00:00+00:00,70420.00,,False,,
TESTER-001,SRGridStrategyV3-000,BTC/USDT.SIM,SIM-1-5472,BTC/USDT.SIM-SRGridStrategyV3-000,SIM-001,T-102fb1ced24e0cc1-128979,LIMIT,SELL,0.070323,GTC,False,False,0.070323,MAKER,71100.46,0.0,['1.00000000 USDT'],NO_TRIGGER,FILLED,NO_CONTINGENCY,,,,,,,,249d7b44-0763-49bd-8c48-158801a8ec13,2026-04-06 22:00:00+00:00,2026-04-07 22:00:00+00:00,71100.46,,False,,
TESTER-001,SRGridStrategyV3-000,BTC/USDT.SIM,SIM-1-5473,BTC/USDT.SIM-SRGridStrategyV3-000,SIM-001,T-79b40ce42e397a24-128989,LIMIT,SELL,0.024986,GTC,False,False,0.024986,MAKER,71780.93000000001,0.0,['0.36000000 USDT'],NO_TRIGGER,FILLED,NO_CONTINGENCY,,,,,,,,79cfe4aa-87db-433f-8fad-4777e1f2f490,2026-04-06 22:00:00+00:00,2026-04-07 23:00:00+00:00,71780.93,,False,,
TESTER-001,SRGridStrategyV3-000,BTC/USDT.SIM,SIM-1-5479,BTC/USDT.SIM-SRGridStrategyV3-000,SIM-001,T-102fb1ced24e0cc1-128983,LIMIT,SELL,0.071003,GTC,False,False,0.071003,MAKER,70420.0,0.0,['1.00000000 USDT'],NO_TRIGGER,FILLED,NO_CONTINGENCY,,,,,,,,1e285c21-4c27-4dbc-b47e-fef7354bd093,2026-04-06 23:00:00+00:00,2026-04-07 22:00:00+00:00,70420.00,,False,,
TESTER-001,SRGridStrategyV3-000,BTC/USDT.SIM,SIM-1-5480,BTC/USDT.SIM-SRGridStrategyV3-000,SIM-001,T-102fb1ced24e0cc1-128980,LIMIT,SELL,0.070323,GTC,False,False,0.070323,MAKER,71100.46,0.0,['1.00000000 USDT'],NO_TRIGGER,FILLED,NO_CONTINGENCY,,,,,,,,4f330dd3-dec4-48ec-a80f-31ada91689b2,2026-04-06 23:00:00+00:00,2026-04-07 22:00:00+00:00,71100.46,,False,,
TESTER-001,SRGridStrategyV3-000,BTC/USDT.SIM,SIM-1-5481,BTC/USDT.SIM-SRGridStrategyV3-000,SIM-001,T-79b40ce42e397a24-128990,LIMIT,SELL,0.028588,GTC,False,False,0.028588,MAKER,71780.93000000001,0.0,['0.41000000 USDT'],NO_TRIGGER,FILLED,NO_CONTINGENCY,,,,,,,,1c8e93dc-f0b0-491b-8bc4-0c2721fe7458,2026-04-06 23:00:00+00:00,2026-04-07 23:00:00+00:00,71780.93,,False,,
TESTER-001,SRGridStrategyV3-000,BTC/USDT.SIM,SIM-1-5499,BTC/USDT.SIM-SRGridStrategyV3-000,SIM-001,T-384df2f0f6707be4-129033,MARKET,BUY,0.418334,GTC,True,False,0.418334,TAKER,71678.87,0.0,['17.99000000 USDT'],NO_TRIGGER,FILLED,NO_CONTINGENCY,,,,,,,,f489a290-1294-484e-9cb0-bdf60403ef45,2026-04-08 09:00:00+00:00,2026-04-08 09:00:00+00:00,,,,,
TESTER-001,SRGridStrategyV3-000,BTC/USDT.SIM,SIM-1-5500,BTC/USDT.SIM-SRGridStrategyV3-000,SIM-001,T-384df2f0f6707be4-129034,MARKET,BUY,0.837067,GTC,False,False,0.837067,TAKER,71678.87,0.0,['36.00000000 USDT'],NO_TRIGGER,FILLED,NO_CONTINGENCY,,,,,,,,4f49f9b5-a20c-4c0c-8a7b-0878e6c51c86,2026-04-08 09:00:00+00:00,2026-04-08 09:00:00+00:00,,,,,
TESTER-001,SRGridStrategyV3-000,BTC/USDT.SIM,SIM-1-5501,BTC/USDT.SIM-SRGridStrategyV3-000,SIM-001,T-a852ab5a88adb8bc-131142,MARKET,SELL,0.837067,GTC,True,False,0.837067,TAKER,76420.44,0.0,['38.38000000 USDT'],NO_TRIGGER,FILLED,NO_CONTINGENCY,,,,,,,,ce24e5f4-a24f-4432-991a-1b30bcd25ccb,2026-04-30 13:00:00+00:00,2026-04-30 13:00:00+00:00,,,,,
TESTER-001,SRGridStrategyV3-000,BTC/USDT.SIM,SIM-1-5510,BTC/USDT.SIM-SRGridStrategyV3-000,SIM-001,T-bdf8ccf0e699d2c9-131197,LIMIT,SELL,0.044020,GTC,False,False,0.044020,MAKER,77063.62999999999,0.0,['0.68000000 USDT'],NO_TRIGGER,FILLED,NO_CONTINGENCY,,,,,,,,230a08c8-7081-4aa7-bfad-7d02ec8547ea,2026-04-30 13:00:00+00:00,2026-05-01 03:00:00+00:00,77063.63,,False,,
TESTER-001,SRGridStrategyV3-000,BTC/USDT.SIM,SIM-1-5511,BTC/USDT.SIM-SRGridStrategyV3-000,SIM-001,T-3e409b4becfaed0b-131234,LIMIT,SELL,0.064344,GTC,False,False,0.064344,MAKER,77706.81,0.0,['1.00000000 USDT'],NO_TRIGGER,FILLED,NO_CONTINGENCY,,,,,,,,7349b7ca-f630-455d-9b8c-b1a4bb3279a3,2026-04-30 13:00:00+00:00,2026-05-01 12:00:00+00:00,77706.81,,False,,
TESTER-001,SRGridStrategyV3-000,BTC/USDT.SIM,SIM-1-5512,BTC/USDT.SIM-SRGridStrategyV3-000,SIM-001,T-82b75af7a0a37314-131239,LIMIT,SELL,0.038725,GTC,False,False,0.038725,MAKER,78350.0,0.0,['0.61000000 USDT'],NO_TRIGGER,FILLED,NO_CONTINGENCY,,,,,,,,c8bee9e7-d0da-46d2-bffc-5860b3116c1a,2026-04-30 13:00:00+00:00,2026-05-01 13:00:00+00:00,78350.00,,False,,
TESTER-001,SRGridStrategyV3-000,BTC/USDT.SIM,SIM-1-5513,BTC/USDT.SIM-SRGridStrategyV3-000,SIM-001,T-98ee50db3f10331c-131367,LIMIT,SELL,0.015882,GTC,False,False,0.015882,MAKER,78993.19,0.0,['0.25000000 USDT'],NO_TRIGGER,FILLED,NO_CONTINGENCY,,,,,,,,5cbcac3c-743e-4203-bc5c-b77f815704b7,2026-04-30 13:00:00+00:00,2026-05-02 21:00:00+00:00,78993.19,,False,,
TESTER-001,SRGridStrategyV3-000,BTC/USDT.SIM,SIM-1-5550,BTC/USDT.SIM-SRGridStrategyV3-000,SIM-001,T-db851c36f5c20be5-131396,MARKET,BUY,0.162971,GTC,True,False,0.162971,TAKER,78163.19,0.0,['7.64000000 USDT'],NO_TRIGGER,FILLED,NO_CONTINGENCY,,,,,,,,15dc671e-98d1-4b4d-a1a8-7d45c37a191a,2026-05-03 04:00:00+00:00,2026-05-03 04:00:00+00:00,,,,,
TESTER-001,SRGridStrategyV3-000,BTC/USDT.SIM,SIM-1-5551,BTC/USDT.SIM-SRGridStrategyV3-000,SIM-001,T-db851c36f5c20be5-131397,MARKET,BUY,0.767625,GTC,False,False,0.767625,TAKER,78163.19,0.0,['36.00000000 USDT'],NO_TRIGGER,FILLED,NO_CONTINGENCY,,,,,,,,1c694b26-58b3-4b0d-bea6-0e49492472c6,2026-05-03 04:00:00+00:00,2026-05-03 04:00:00+00:00,,,,,
TESTER-001,SRGridStrategyV3-000,BTC/USDT.SIM,SIM-1-5552,BTC/USDT.SIM-SRGridStrategyV3-000,SIM-001,T-82ce26053b2a07e5-132668,MARKET,SELL,0.767625,GTC,True,False,0.767625,TAKER,78007.23,0.0,['35.93000000 USDT'],NO_TRIGGER,FILLED,NO_CONTINGENCY,,,,,,,,b285e2ae-89fb-4ee7-8829-ed8d97df8d09,2026-05-16 12:00:00+00:00,2026-05-16 12:00:00+00:00,,,,,
TESTER-001,SRGridStrategyV3-000,BTC/USDT.SIM,SIM-1-5553,BTC/USDT.SIM-SRGridStrategyV3-000,SIM-001,T-8a63ecbe69fac8b4-132808,LIMIT,BUY,0.020739,GTC,False,False,0.020739,MAKER,77593.37999999999,0.0,['0.32000000 USDT'],NO_TRIGGER,FILLED,NO_CONTINGENCY,,,,,,,,bb49552a-6e9f-490d-99a3-89fd74704039,2026-05-16 12:00:00+00:00,2026-05-17 23:00:00+00:00,77593.38,,False,,
TESTER-001,SRGridStrategyV3-000,BTC/USDT.SIM,SIM-1-5554,BTC/USDT.SIM-SRGridStrategyV3-000,SIM-001,T-d3e87a9c121a3349-132814,LIMIT,BUY,0.036672,GTC,False,False,0.036672,MAKER,77179.53,0.0,['0.57000000 USDT'],NO_TRIGGER,FILLED,NO_CONTINGENCY,,,,,,,,3b5813ed-a6f2-4f1b-b08a-5aee825d69a2,2026-05-16 12:00:00+00:00,2026-05-18 00:00:00+00:00,77179.53,,False,,
TESTER-001,SRGridStrategyV3-000,BTC/USDT.SIM,SIM-1-5555,BTC/USDT.SIM-SRGridStrategyV3-000,SIM-001,T-c522468b0df294d3-132820,LIMIT,BUY,0.020845,GTC,False,False,0.020845,MAKER,76765.68,0.0,['0.32000000 USDT'],NO_TRIGGER,FILLED,NO_CONTINGENCY,,,,,,,,71027594-4ffd-4884-823d-50ab4193a5a1,2026-05-16 12:00:00+00:00,2026-05-18 01:00:00+00:00,76765.68,,False,,
TESTER-001,SRGridStrategyV3-000,BTC/USDT.SIM,SIM-1-5561,BTC/USDT.SIM-SRGridStrategyV3-000,SIM-001,T-676d228c4ec71aba-132755,LIMIT,SELL,0.015197,GTC,False,False,0.015197,MAKER,78421.08,0.0,['0.24000000 USDT'],NO_TRIGGER,FILLED,NO_CONTINGENCY,,,,,,,,d937d808-cae7-460f-816c-5da069d75544,2026-05-16 12:00:00+00:00,2026-05-17 10:00:00+00:00,78421.08,,False,,
TESTER-001,SRGridStrategyV3-000,BTC/USDT.SIM,SIM-1-5569,BTC/USDT.SIM-SRGridStrategyV3-000,SIM-001,T-8a63ecbe69fac8b4-132809,LIMIT,BUY,0.025098,GTC,False,False,0.025098,MAKER,77593.37999999999,0.0,['0.39000000 USDT'],NO_TRIGGER,FILLED,NO_CONTINGENCY,,,,,,,,67e9dfa6-050c-46e4-9f45-468064de8930,2026-05-17 10:00:00+00:00,2026-05-17 23:00:00+00:00,77593.38,,False,,
TESTER-001,SRGridStrategyV3-000,BTC/USDT.SIM,SIM-1-5570,BTC/USDT.SIM-SRGridStrategyV3-000,SIM-001,T-d3e87a9c121a3349-132815,LIMIT,BUY,0.042585,GTC,False,False,0.042585,MAKER,77179.53,0.0,['0.66000000 USDT'],NO_TRIGGER,FILLED,NO_CONTINGENCY,,,,,,,,96d7346d-971c-49cf-beb4-d8afdf2cac82,2026-05-17 10:00:00+00:00,2026-05-18 00:00:00+00:00,77179.53,,False,,
TESTER-001,SRGridStrategyV3-000,BTC/USDT.SIM,SIM-1-5571,BTC/USDT.SIM-SRGridStrategyV3-000,SIM-001,T-c522468b0df294d3-132821,LIMIT,BUY,0.023490,GTC,False,False,0.023490,MAKER,76765.68,0.0,['0.36000000 USDT'],NO_TRIGGER,FILLED,NO_CONTINGENCY,,,,,,,,65928c70-5d01-4061-937e-17784aa878c1,2026-05-17 10:00:00+00:00,2026-05-18 01:00:00+00:00,76765.68,,False,,
TESTER-001,SRGridStrategyV3-000,BTC/USDT.SIM,SIM-1-5598,BTC/USDT.SIM-SRGridStrategyV3-000,SIM-001,T-2bc85f077f3a9157-132831,MARKET,SELL,0.154232,GTC,True,False,0.154232,TAKER,76924.65,0.0,['7.12000000 USDT'],NO_TRIGGER,FILLED,NO_CONTINGENCY,,,,,,,,2ecdce34-ae2b-4be2-a484-f529536bc32d,2026-05-18 03:00:00+00:00,2026-05-18 03:00:00+00:00,,,,,
TESTER-001,SRGridStrategyV3-000,BTC/USDT.SIM,SIM-1-5599,BTC/USDT.SIM-SRGridStrategyV3-000,SIM-001,T-2bc85f077f3a9157-132832,MARKET,SELL,0.779984,GTC,False,False,0.779984,TAKER,76924.65,0.0,['36.00000000 USDT'],NO_TRIGGER,FILLED,NO_CONTINGENCY,,,,,,,,5e2bf25a-d2c2-4190-98d2-82ecdc33ec51,2026-05-18 03:00:00+00:00,2026-05-18 03:00:00+00:00,,,,,
TESTER-001,SRGridStrategyV3-000,BTC/USDT.SIM,SIM-1-5600,BTC/USDT.SIM-SRGridStrategyV3-000,SIM-001,T-4716173306db7613-135685,MARKET,BUY,0.779984,GTC,True,False,0.779984,TAKER,65904.0,0.0,['30.84000000 USDT'],NO_TRIGGER,FILLED,NO_CONTINGENCY,,,,,,,,280d44af-d90e-4284-a5fd-7fe09ffd2275,2026-06-17 02:00:00+00:00,2026-06-17 02:00:00+00:00,,,,,
TESTER-001,SRGridStrategyV3-000,BTC/USDT.SIM,SIM-1-5601,BTC/USDT.SIM-SRGridStrategyV3-000,SIM-001,T-98cc62f0d48eb4ac-135705,LIMIT,BUY,0.010319,GTC,False,False,0.010319,MAKER,65353.340000000004,0.0,['0.13000000 USDT'],NO_TRIGGER,FILLED,NO_CONTINGENCY,,,,,,,,aefe5f35-b1b5-4ce0-bbe4-9a6edcaea85e,2026-06-17 02:00:00+00:00,2026-06-17 07:00:00+00:00,65353.34,,False,,
TESTER-001,SRGridStrategyV3-000,BTC/USDT.SIM,SIM-1-5602,BTC/USDT.SIM-SRGridStrategyV3-000,SIM-001,T-1d27b7cff44ee115-135718,LIMIT,BUY,0.007716,GTC,False,False,0.007716,MAKER,64802.68000000001,0.0,['0.10000000 USDT'],NO_TRIGGER,FILLED,NO_CONTINGENCY,,,,,,,,8e099efd-92f3-4fe2-924b-83901960ed00,2026-06-17 02:00:00+00:00,2026-06-17 10:00:00+00:00,64802.68,,False,,
TESTER-001,SRGridStrategyV3-000,BTC/USDT.SIM,SIM-1-5603,BTC/USDT.SIM-SRGridStrategyV3-000,SIM-001,T-8982caa90aad38f3-135754,LIMIT,BUY,0.020975,GTC,False,False,0.020975,MAKER,64252.02,0.0,['0.27000000 USDT'],NO_TRIGGER,FILLED,NO_CONTINGENCY,,,,,,,,bb70ae3a-c0ec-4022-a05c-d396dcd35f88,2026-06-17 02:00:00+00:00,2026-06-17 19:00:00+00:00,64252.02,,False,,
TESTER-001,SRGridStrategyV3-000,BTC/USDT.SIM,SIM-1-5604,BTC/USDT.SIM-SRGridStrategyV3-000,SIM-001,T-be4dd409084dd961-135794,LIMIT,BUY,0.053414,GTC,False,False,0.053414,MAKER,63701.369999999995,0.0,['0.68000000 USDT'],NO_TRIGGER,FILLED,NO_CONTINGENCY,,,,,,,,195bf1c2-49f3-442e-ba9b-12083b36f570,2026-06-17 02:00:00+00:00,2026-06-18 05:00:00+00:00,63701.37,,False,,
TESTER-001,SRGridStrategyV3-000,BTC/USDT.SIM,SIM-1-5605,BTC/USDT.SIM-SRGridStrategyV3-000,SIM-001,T-6a978086d3ced092-135835,LIMIT,BUY,0.044929,GTC,False,False,0.044929,MAKER,63150.71,0.0,['0.57000000 USDT'],NO_TRIGGER,FILLED,NO_CONTINGENCY,,,,,,,,6321f01a-87b3-4d3a-816f-ccc14685575f,2026-06-17 02:00:00+00:00,2026-06-18 15:00:00+00:00,63150.71,,False,,
TESTER-001,SRGridStrategyV3-000,BTC/USDT.SIM,SIM-1-5606,BTC/USDT.SIM-SRGridStrategyV3-000,SIM-001,T-6a978086d3ced092-135837,LIMIT,BUY,0.033863,GTC,False,False,0.033863,MAKER,62600.05,0.0,['0.42000000 USDT'],NO_TRIGGER,FILLED,NO_CONTINGENCY,,,,,,,,40150476-bb03-40dd-b035-8157c1d403d5,2026-06-17 02:00:00+00:00,2026-06-18 15:00:00+00:00,62600.05,,False,,
TESTER-001,SRGridStrategyV3-000,BTC/USDT.SIM,SIM-1-5657,BTC/USDT.SIM-SRGridStrategyV3-000,SIM-001,T-f2227a9faee2ea68-136141,LIMIT,BUY,0.039850,GTC,False,False,0.039850,MAKER,63833.66,0.0,['0.51000000 USDT'],NO_TRIGGER,FILLED,NO_CONTINGENCY,,,,,,,,687bf3c8-0608-492f-9b84-1193b1146528,2026-06-21 02:00:00+00:00,2026-06-21 20:00:00+00:00,63833.66,,False,,
TESTER-001,SRGridStrategyV3-000,BTC/USDT.SIM,SIM-1-5658,BTC/USDT.SIM-SRGridStrategyV3-000,SIM-001,T-9872c7ea6494903e-136153,LIMIT,BUY,0.038247,GTC,False,False,0.038247,MAKER,63426.07,0.0,['0.49000000 USDT'],NO_TRIGGER,FILLED,NO_CONTINGENCY,,,,,,,,b8c5ca9e-a26e-4791-99b2-ddc2200fe526,2026-06-21 02:00:00+00:00,2026-06-21 23:00:00+00:00,63426.07,,False,,
TESTER-001,SRGridStrategyV3-000,BTC/USDT.SIM,SIM-1-5659,BTC/USDT.SIM-SRGridStrategyV3-000,SIM-001,T-397e73ada03d0157-136285,LIMIT,BUY,0.034667,GTC,False,False,0.034667,MAKER,63018.48,0.0,['0.44000000 USDT'],NO_TRIGGER,FILLED,NO_CONTINGENCY,,,,,,,,e688aa64-5970-46e5-b0fd-c735e4964c1e,2026-06-21 02:00:00+00:00,2026-06-23 06:00:00+00:00,63018.48,,False,,
TESTER-001,SRGridStrategyV3-000,BTC/USDT.SIM,SIM-1-5660,BTC/USDT.SIM-SRGridStrategyV3-000,SIM-001,T-8835058ec0949279-136297,LIMIT,BUY,0.033676,GTC,False,False,0.033676,MAKER,62610.89,0.0,['0.42000000 USDT'],NO_TRIGGER,FILLED,NO_CONTINGENCY,,,,,,,,d37407bc-8fb9-4a1c-802e-40b41459caf1,2026-06-21 02:00:00+00:00,2026-06-23 08:00:00+00:00,62610.89,,False,,
TESTER-001,SRGridStrategyV3-000,BTC/USDT.SIM,SIM-1-5661,BTC/USDT.SIM-SRGridStrategyV3-000,SIM-001,T-f06602b0934fc48b-136317,LIMIT,BUY,0.020300,GTC,False,False,0.020300,MAKER,62203.299999999996,0.0,['0.25000000 USDT'],NO_TRIGGER,FILLED,NO_CONTINGENCY,,,,,,,,dc6697f8-65f3-476a-bb01-723aae740ef1,2026-06-21 02:00:00+00:00,2026-06-23 12:00:00+00:00,62203.30,,False,,
TESTER-001,SRGridStrategyV3-000,BTC/USDT.SIM,SIM-1-5662,BTC/USDT.SIM-SRGridStrategyV3-000,SIM-001,T-294c118bfbd8b0c2-136420,LIMIT,BUY,0.026318,GTC,False,False,0.026318,MAKER,61795.70999999999,0.0,['0.33000000 USDT'],NO_TRIGGER,FILLED,NO_CONTINGENCY,,,,,,,,f4d31f05-9981-48dc-a63e-0beda7f0acc4,2026-06-21 02:00:00+00:00,2026-06-24 13:00:00+00:00,61795.71,,False,,
TESTER-001,SRGridStrategyV3-000,BTC/USDT.SIM,SIM-1-5663,BTC/USDT.SIM-SRGridStrategyV3-000,SIM-001,T-294c118bfbd8b0c2-136425,LIMIT,BUY,0.025219,GTC,False,False,0.025219,MAKER,61388.12000000001,0.0,['0.31000000 USDT'],NO_TRIGGER,FILLED,NO_CONTINGENCY,,,,,,,,5bb8f271-d25c-448a-971a-18989f197d90,2026-06-21 02:00:00+00:00,2026-06-24 13:00:00+00:00,61388.12,,False,,
TESTER-001,SRGridStrategyV3-000,BTC/USDT.SIM,SIM-1-5664,BTC/USDT.SIM-SRGridStrategyV3-000,SIM-001,T-5b436ef82414b87c-136432,LIMIT,BUY,0.021320,GTC,False,False,0.021320,MAKER,60980.52,0.0,['0.26000000 USDT'],NO_TRIGGER,FILLED,NO_CONTINGENCY,,,,,,,,3cef4f34-6298-4776-b64a-d331f8d83ac9,2026-06-21 02:00:00+00:00,2026-06-24 14:00:00+00:00,60980.52,,False,,
TESTER-001,SRGridStrategyV3-000,BTC/USDT.SIM,SIM-1-5665,BTC/USDT.SIM-SRGridStrategyV3-000,SIM-001,T-8f37ebce7b27b6db-136161,LIMIT,SELL,0.028277,GTC,False,False,0.028277,MAKER,64648.84,0.0,['0.37000000 USDT'],NO_TRIGGER,FILLED,NO_CONTINGENCY,,,,,,,,3f1c5da3-6dbc-4f24-a28d-949485821228,2026-06-21 02:00:00+00:00,2026-06-22 01:00:00+00:00,64648.84,,False,,
TESTER-001,SRGridStrategyV3-000,BTC/USDT.SIM,SIM-1-5666,BTC/USDT.SIM-SRGridStrategyV3-000,SIM-001,T-0192ae81c49c8324-136208,LIMIT,SELL,0.017498,GTC,False,False,0.017498,MAKER,65056.42999999999,0.0,['0.23000000 USDT'],NO_TRIGGER,FILLED,NO_CONTINGENCY,,,,,,,,8503523b-5f07-47eb-9ead-42afde38daeb,2026-06-21 02:00:00+00:00,2026-06-22 12:00:00+00:00,65056.43,,False,,
TESTER-001,SRGridStrategyV3-000,BTC/USDT.SIM,SIM-1-5667,BTC/USDT.SIM-SRGridStrategyV3-000,SIM-001,T-3eb78ac5af6afd4c-136215,LIMIT,SELL,0.048434,GTC,False,False,0.048434,MAKER,65464.02,0.0,['0.63000000 USDT'],NO_TRIGGER,FILLED,NO_CONTINGENCY,,,,,,,,cae8da73-5a3f-4751-96fc-d441049fe36c,2026-06-21 02:00:00+00:00,2026-06-22 13:00:00+00:00,65464.02,,False,,
TESTER-001,SRGridStrategyV3-000,BTC/USDT.SIM,SIM-1-5673,BTC/USDT.SIM-SRGridStrategyV3-000,SIM-001,T-8f37ebce7b27b6db-136162,LIMIT,SELL,0.033204,GTC,False,False,0.033204,MAKER,64648.84,0.0,['0.43000000 USDT'],NO_TRIGGER,FILLED,NO_CONTINGENCY,,,,,,,,ab983ea2-4af0-44af-804c-1b107bd6f030,2026-06-21 20:00:00+00:00,2026-06-22 01:00:00+00:00,64648.84,,False,,
TESTER-001,SRGridStrategyV3-000,BTC/USDT.SIM,SIM-1-5674,BTC/USDT.SIM-SRGridStrategyV3-000,SIM-001,T-0192ae81c49c8324-136209,LIMIT,SELL,0.020447,GTC,False,False,0.020447,MAKER,65056.42999999999,0.0,['0.27000000 USDT'],NO_TRIGGER,FILLED,NO_CONTINGENCY,,,,,,,,ea7d58e2-4968-4960-b25b-7c26e3d76c36,2026-06-21 20:00:00+00:00,2026-06-22 12:00:00+00:00,65056.43,,False,,
TESTER-001,SRGridStrategyV3-000,BTC/USDT.SIM,SIM-1-5675,BTC/USDT.SIM-SRGridStrategyV3-000,SIM-001,T-3eb78ac5af6afd4c-136216,LIMIT,SELL,0.056617,GTC,False,False,0.056617,MAKER,65464.02,0.0,['0.74000000 USDT'],NO_TRIGGER,FILLED,NO_CONTINGENCY,,,,,,,,500528d6-cf71-47d8-a34d-84a635b4fc6c,2026-06-21 20:00:00+00:00,2026-06-22 13:00:00+00:00,65464.02,,False,,
TESTER-001,SRGridStrategyV3-000,BTC/USDT.SIM,SIM-1-5681,BTC/USDT.SIM-SRGridStrategyV3-000,SIM-001,T-8f37ebce7b27b6db-136163,LIMIT,SELL,0.037885,GTC,False,False,0.037885,MAKER,64648.84,0.0,['0.49000000 USDT'],NO_TRIGGER,FILLED,NO_CONTINGENCY,,,,,,,,9ecdf7bc-89e6-4118-9f6b-0a770d287647,2026-06-21 23:00:00+00:00,2026-06-22 01:00:00+00:00,64648.84,,False,,
TESTER-001,SRGridStrategyV3-000,BTC/USDT.SIM,SIM-1-5682,BTC/USDT.SIM-SRGridStrategyV3-000,SIM-001,T-0192ae81c49c8324-136210,LIMIT,SELL,0.023251,GTC,False,False,0.023251,MAKER,65056.42999999999,0.0,['0.30000000 USDT'],NO_TRIGGER,FILLED,NO_CONTINGENCY,,,,,,,,1af05626-2286-42ea-b25a-2359122d5404,2026-06-21 23:00:00+00:00,2026-06-22 12:00:00+00:00,65056.43,,False,,
TESTER-001,SRGridStrategyV3-000,BTC/USDT.SIM,SIM-1-5683,BTC/USDT.SIM-SRGridStrategyV3-000,SIM-001,T-3eb78ac5af6afd4c-136217,LIMIT,SELL,0.064429,GTC,False,False,0.064429,MAKER,65464.02,0.0,['0.84000000 USDT'],NO_TRIGGER,FILLED,NO_CONTINGENCY,,,,,,,,c651cdaf-6e1e-457f-94f4-dde700617a1d,2026-06-21 23:00:00+00:00,2026-06-22 13:00:00+00:00,65464.02,,False,,
TESTER-001,SRGridStrategyV3-000,BTC/USDT.SIM,SIM-1-5689,BTC/USDT.SIM-SRGridStrategyV3-000,SIM-001,T-397e73ada03d0157-136286,LIMIT,BUY,0.059895,GTC,False,False,0.059895,MAKER,63018.48,0.0,['0.75000000 USDT'],NO_TRIGGER,FILLED,NO_CONTINGENCY,,,,,,,,c0c4979c-422a-4bfa-9fdf-a5a220c8b0bf,2026-06-22 01:00:00+00:00,2026-06-23 06:00:00+00:00,63018.48,,False,,
TESTER-001,SRGridStrategyV3-000,BTC/USDT.SIM,SIM-1-5690,BTC/USDT.SIM-SRGridStrategyV3-000,SIM-001,T-8835058ec0949279-136298,LIMIT,BUY,0.056637,GTC,False,False,0.056637,MAKER,62610.89,0.0,['0.71000000 USDT'],NO_TRIGGER,FILLED,NO_CONTINGENCY,,,,,,,,68eda8bb-5f89-450f-b18d-97e4490686c6,2026-06-22 01:00:00+00:00,2026-06-23 08:00:00+00:00,62610.89,,False,,
TESTER-001,SRGridStrategyV3-000,BTC/USDT.SIM,SIM-1-5691,BTC/USDT.SIM-SRGridStrategyV3-000,SIM-001,T-f06602b0934fc48b-136318,LIMIT,BUY,0.034040,GTC,False,False,0.034040,MAKER,62203.299999999996,0.0,['0.42000000 USDT'],NO_TRIGGER,FILLED,NO_CONTINGENCY,,,,,,,,940440bb-a545-4c2f-be6a-7c3455fa414c,2026-06-22 01:00:00+00:00,2026-06-23 12:00:00+00:00,62203.30,,False,,
TESTER-001,SRGridStrategyV3-000,BTC/USDT.SIM,SIM-1-5692,BTC/USDT.SIM-SRGridStrategyV3-000,SIM-001,T-294c118bfbd8b0c2-136421,LIMIT,BUY,0.044766,GTC,False,False,0.044766,MAKER,61795.70999999999,0.0,['0.55000000 USDT'],NO_TRIGGER,FILLED,NO_CONTINGENCY,,,,,,,,5bf27120-7f55-49ba-abdc-01c6bd10f0be,2026-06-22 01:00:00+00:00,2026-06-24 13:00:00+00:00,61795.71,,False,,
TESTER-001,SRGridStrategyV3-000,BTC/USDT.SIM,SIM-1-5693,BTC/USDT.SIM-SRGridStrategyV3-000,SIM-001,T-294c118bfbd8b0c2-136426,LIMIT,BUY,0.045791,GTC,False,False,0.045791,MAKER,61388.12000000001,0.0,['0.56000000 USDT'],NO_TRIGGER,FILLED,NO_CONTINGENCY,,,,,,,,4aa34d45-590c-465b-bbe6-33b1ecbd14da,2026-06-22 01:00:00+00:00,2026-06-24 13:00:00+00:00,61388.12,,False,,
TESTER-001,SRGridStrategyV3-000,BTC/USDT.SIM,SIM-1-5694,BTC/USDT.SIM-SRGridStrategyV3-000,SIM-001,T-5b436ef82414b87c-136433,LIMIT,BUY,0.038744,GTC,False,False,0.038744,MAKER,60980.52,0.0,['0.47000000 USDT'],NO_TRIGGER,FILLED,NO_CONTINGENCY,,,,,,,,bd3ce0cb-aeac-4195-ab51-fe0c334d64b8,2026-06-22 01:00:00+00:00,2026-06-24 14:00:00+00:00,60980.52,,False,,
TESTER-001,SRGridStrategyV3-000,BTC/USDT.SIM,SIM-1-5695,BTC/USDT.SIM-SRGridStrategyV3-000,SIM-001,T-397e73ada03d0157-136287,LIMIT,BUY,0.077915,GTC,False,False,0.077915,MAKER,63018.48,0.0,['0.98000000 USDT'],NO_TRIGGER,FILLED,NO_CONTINGENCY,,,,,,,,93cf09c0-9074-4afc-bcfc-c591a11aa9d2,2026-06-22 12:00:00+00:00,2026-06-23 06:00:00+00:00,63018.48,,False,,
TESTER-001,SRGridStrategyV3-000,BTC/USDT.SIM,SIM-1-5696,BTC/USDT.SIM-SRGridStrategyV3-000,SIM-001,T-8835058ec0949279-136299,LIMIT,BUY,0.072597,GTC,False,False,0.072597,MAKER,62610.89,0.0,['0.91000000 USDT'],NO_TRIGGER,FILLED,NO_CONTINGENCY,,,,,,,,574423e7-c973-4361-85a0-ed3c71867323,2026-06-22 12:00:00+00:00,2026-06-23 08:00:00+00:00,62610.89,,False,,
TESTER-001,SRGridStrategyV3-000,BTC/USDT.SIM,SIM-1-5697,BTC/USDT.SIM-SRGridStrategyV3-000,SIM-001,T-f06602b0934fc48b-136319,LIMIT,BUY,0.043151,GTC,False,False,0.043151,MAKER,62203.299999999996,0.0,['0.54000000 USDT'],NO_TRIGGER,FILLED,NO_CONTINGENCY,,,,,,,,58f54085-6133-417b-9ce6-3a273f3c4b3e,2026-06-22 12:00:00+00:00,2026-06-23 12:00:00+00:00,62203.30,,False,,
TESTER-001,SRGridStrategyV3-000,BTC/USDT.SIM,SIM-1-5698,BTC/USDT.SIM-SRGridStrategyV3-000,SIM-001,T-294c118bfbd8b0c2-136422,LIMIT,BUY,0.055705,GTC,False,False,0.055705,MAKER,61795.70999999999,0.0,['0.69000000 USDT'],NO_TRIGGER,FILLED,NO_CONTINGENCY,,,,,,,,91114656-7587-4961-9af5-89f986e7d03b,2026-06-22 12:00:00+00:00,2026-06-24 13:00:00+00:00,61795.71,,False,,
TESTER-001,SRGridStrategyV3-000,BTC/USDT.SIM,SIM-1-5699,BTC/USDT.SIM-SRGridStrategyV3-000,SIM-001,T-294c118bfbd8b0c2-136427,LIMIT,BUY,0.056273,GTC,False,False,0.056273,MAKER,61388.12000000001,0.0,['0.69000000 USDT'],NO_TRIGGER,FILLED,NO_CONTINGENCY,,,,,,,,67ae738a-35b4-4bda-8cfa-4720b994ce6d,2026-06-22 12:00:00+00:00,2026-06-24 13:00:00+00:00,61388.12,,False,,
TESTER-001,SRGridStrategyV3-000,BTC/USDT.SIM,SIM-1-5700,BTC/USDT.SIM-SRGridStrategyV3-000,SIM-001,T-5b436ef82414b87c-136434,LIMIT,BUY,0.047220,GTC,False,False,0.047220,MAKER,60980.52,0.0,['0.58000000 USDT'],NO_TRIGGER,FILLED,NO_CONTINGENCY,,,,,,,,1cf30baf-1706-4514-93ad-00f624227fb8,2026-06-22 12:00:00+00:00,2026-06-24 14:00:00+00:00,60980.52,,False,,
TESTER-001,SRGridStrategyV3-000,BTC/USDT.SIM,SIM-1-5701,BTC/USDT.SIM-SRGridStrategyV3-000,SIM-001,T-397e73ada03d0157-136288,LIMIT,BUY,0.079342,GTC,False,False,0.079342,MAKER,63018.48,0.0,['1.00000000 USDT'],NO_TRIGGER,FILLED,NO_CONTINGENCY,,,,,,,,346c823c-8520-4066-876c-0eeecc79667c,2026-06-22 13:00:00+00:00,2026-06-23 06:00:00+00:00,63018.48,,False,,
TESTER-001,SRGridStrategyV3-000,BTC/USDT.SIM,SIM-1-5702,BTC/USDT.SIM-SRGridStrategyV3-000,SIM-001,T-8835058ec0949279-136300,LIMIT,BUY,0.079858,GTC,False,False,0.079858,MAKER,62610.89,0.0,['1.00000000 USDT'],NO_TRIGGER,FILLED,NO_CONTINGENCY,,,,,,,,22a0a6e6-f6ed-4c29-9f67-bf0787623bf9,2026-06-22 13:00:00+00:00,2026-06-23 08:00:00+00:00,62610.89,,False,,
TESTER-001,SRGridStrategyV3-000,BTC/USDT.SIM,SIM-1-5703,BTC/USDT.SIM-SRGridStrategyV3-000,SIM-001,T-f06602b0934fc48b-136320,LIMIT,BUY,0.068938,GTC,False,False,0.068938,MAKER,62203.299999999996,0.0,['0.86000000 USDT'],NO_TRIGGER,FILLED,NO_CONTINGENCY,,,,,,,,57dd8d46-0a57-4bd9-a4cf-c62d3c4356f4,2026-06-22 13:00:00+00:00,2026-06-23 12:00:00+00:00,62203.30,,False,,
TESTER-001,SRGridStrategyV3-000,BTC/USDT.SIM,SIM-1-5704,BTC/USDT.SIM-SRGridStrategyV3-000,SIM-001,T-294c118bfbd8b0c2-136423,LIMIT,BUY,0.080912,GTC,False,False,0.080912,MAKER,61795.70999999999,0.0,['1.00000000 USDT'],NO_TRIGGER,FILLED,NO_CONTINGENCY,,,,,,,,7a2ba506-1a30-4adc-bc1c-4175fcab4402,2026-06-22 13:00:00+00:00,2026-06-24 13:00:00+00:00,61795.71,,False,,
TESTER-001,SRGridStrategyV3-000,BTC/USDT.SIM,SIM-1-5705,BTC/USDT.SIM-SRGridStrategyV3-000,SIM-001,T-294c118bfbd8b0c2-136428,LIMIT,BUY,0.081449,GTC,False,False,0.081449,MAKER,61388.12000000001,0.0,['1.00000000 USDT'],NO_TRIGGER,FILLED,NO_CONTINGENCY,,,,,,,,964b886d-00cc-453c-8439-0764f26e3105,2026-06-22 13:00:00+00:00,2026-06-24 13:00:00+00:00,61388.12,,False,,
TESTER-001,SRGridStrategyV3-000,BTC/USDT.SIM,SIM-1-5706,BTC/USDT.SIM-SRGridStrategyV3-000,SIM-001,T-5b436ef82414b87c-136435,LIMIT,BUY,0.071201,GTC,False,False,0.071201,MAKER,60980.52,0.0,['0.87000000 USDT'],NO_TRIGGER,FILLED,NO_CONTINGENCY,,,,,,,,2ac3abee-137d-42ac-8fea-8afe9e8fafc1,2026-06-22 13:00:00+00:00,2026-06-24 14:00:00+00:00,60980.52,,False,,
TESTER-001,SRGridStrategyV3-000,BTC/USDT.SIM,SIM-1-5732,BTC/USDT.SIM-SRGridStrategyV3-000,SIM-001,T-3184b9bd7a9edede-136465,MARKET,SELL,1.175205,GTC,True,False,1.175205,TAKER,61110.0,0.0,['43.09000000 USDT'],NO_TRIGGER,FILLED,NO_CONTINGENCY,,,,,,,,66fbd6e5-0bc2-4f82-afc1-0c684c17b58c,2026-06-24 21:00:00+00:00,2026-06-24 21:00:00+00:00,,,,,
TESTER-001,SRGridStrategyV3-000,BTC/USDT.SIM,SIM-1-5733,BTC/USDT.SIM-SRGridStrategyV3-000,SIM-001,T-3184b9bd7a9edede-136466,MARKET,SELL,0.981836,GTC,False,False,0.981836,TAKER,61110.0,0.0,['36.00000000 USDT'],NO_TRIGGER,FILLED,NO_CONTINGENCY,,,,,,,,0f763129-a85a-4f8f-9389-3bd0aeeb697c,2026-06-24 21:00:00+00:00,2026-06-24 21:00:00+00:00,,,,,
TESTER-001,SRGridStrategyV3-000,BTC/USDT.SIM,SIM-1-5734,BTC/USDT.SIM-SRGridStrategyV3-000,SIM-001,T-69e2ea756ae33ba1-137415,MARKET,BUY,0.981836,GTC,True,False,0.981836,TAKER,63294.72,0.0,['37.29000000 USDT'],NO_TRIGGER,FILLED,NO_CONTINGENCY,,,,,,,,c71ccd5f-e57f-4d3a-946a-fe6428df5143,2026-07-04 19:00:00+00:00,2026-07-04 19:00:00+00:00,,,,,
TESTER-001,SRGridStrategyV3-000,BTC/USDT.SIM,SIM-1-5735,BTC/USDT.SIM-SRGridStrategyV3-000,SIM-001,T-b53fbd13d6e5a0f7-137431,LIMIT,BUY,0.032791,GTC,False,False,0.032791,MAKER,62937.91,0.0,['0.41000000 USDT'],NO_TRIGGER,FILLED,NO_CONTINGENCY,,,,,,,,b79c1be6-6774-4712-834f-cbfb13d01760,2026-07-04 19:00:00+00:00,2026-07-04 23:00:00+00:00,62937.91,,False,,
TESTER-001,SRGridStrategyV3-000,BTC/USDT.SIM,SIM-1-5736,BTC/USDT.SIM-SRGridStrategyV3-000,SIM-001,T-11a05c1e4459829f-137470,LIMIT,BUY,0.047884,GTC,False,False,0.047884,MAKER,62581.100000000006,0.0,['0.60000000 USDT'],NO_TRIGGER,FILLED,NO_CONTINGENCY,,,,,,,,f55397e4-fca1-41d6-8cf6-ed1508646a8f,2026-07-04 19:00:00+00:00,2026-07-05 09:00:00+00:00,62581.10,,False,,
TESTER-001,SRGridStrategyV3-000,BTC/USDT.SIM,SIM-1-5743,BTC/USDT.SIM-SRGridStrategyV3-000,SIM-001,T-1745fe0ebafbb7a3-137522,LIMIT,SELL,0.043646,GTC,False,False,0.043646,MAKER,63651.53,0.0,['0.56000000 USDT'],NO_TRIGGER,FILLED,NO_CONTINGENCY,,,,,,,,64d7c62d-afcf-4c77-83dd-00e667dc23c5,2026-07-04 19:00:00+00:00,2026-07-05 22:00:00+00:00,63651.53,,False,,
TESTER-001,SRGridStrategyV3-000,BTC/USDT.SIM,SIM-1-5751,BTC/USDT.SIM-SRGridStrategyV3-000,SIM-001,T-1745fe0ebafbb7a3-137523,LIMIT,SELL,0.049824,GTC,False,False,0.049824,MAKER,63651.53,0.0,['0.63000000 USDT'],NO_TRIGGER,FILLED,NO_CONTINGENCY,,,,,,,,22126ba7-bc1f-4b47-bdef-839f7de99299,2026-07-04 23:00:00+00:00,2026-07-05 22:00:00+00:00,63651.53,,False,,
TESTER-001,SRGridStrategyV3-000,BTC/USDT.SIM,SIM-1-5759,BTC/USDT.SIM-SRGridStrategyV3-000,SIM-001,T-1745fe0ebafbb7a3-137524,LIMIT,SELL,0.058982,GTC,False,False,0.058982,MAKER,63651.53,0.0,['0.75000000 USDT'],NO_TRIGGER,FILLED,NO_CONTINGENCY,,,,,,,,21d1d6ab-9f05-41d3-96ce-d3a6bf876a5e,2026-07-05 09:00:00+00:00,2026-07-05 22:00:00+00:00,63651.53,,False,,
TESTER-001,SRGridStrategyV3-000,BTC/USDT.SIM,SIM-1-5773,BTC/USDT.SIM-SRGridStrategyV3-000,SIM-001,T-cee066c9dbdb1756-137531,MARKET,BUY,0.071777,GTC,True,False,0.071777,TAKER,63650.0,0.0,['2.74000000 USDT'],NO_TRIGGER,FILLED,NO_CONTINGENCY,,,,,,,,9cbd5b7e-4d62-4778-ab6a-50c94a09d391,2026-07-05 23:00:00+00:00,2026-07-05 23:00:00+00:00,,,,,
TESTER-001,SRGridStrategyV3-000,BTC/USDT.SIM,SIM-1-5774,BTC/USDT.SIM-SRGridStrategyV3-000,SIM-001,T-cee066c9dbdb1756-137532,MARKET,BUY,0.942655,GTC,False,False,0.942655,TAKER,63650.0,0.0,['36.00000000 USDT'],NO_TRIGGER,FILLED,NO_CONTINGENCY,,,,,,,,155b34db-c925-4691-a842-4b05e9045b01,2026-07-05 23:00:00+00:00,2026-07-05 23:00:00+00:00,,,,,
TESTER-001,SRGridStrategyV3-000,BTC/USDT.SIM,SIM-1-5775,BTC/USDT.SIM-SRGridStrategyV3-000,SIM-001,T-64bc20a94f6dc638-139475,MARKET,SELL,0.942655,GTC,True,False,0.942655,TAKER,64538.0,0.0,['36.50000000 USDT'],NO_TRIGGER,FILLED,NO_CONTINGENCY,,,,,,,,5e6a0bb4-4afc-4264-a699-689bbe86a9bf,2026-07-26 09:00:00+00:00,2026-07-26 09:00:00+00:00,,,,,
TESTER-001,SRGridStrategyV3-000,BTC/USDT.SIM,SIM-1-5776,BTC/USDT.SIM-SRGridStrategyV3-000,SIM-001,T-d5dba96ab5d79b50-139629,LIMIT,BUY,0.036808,GTC,False,False,0.036808,MAKER,64371.06999999999,0.0,['0.47000000 USDT'],NO_TRIGGER,FILLED,NO_CONTINGENCY,,,,,,,,eed5f7ec-fa40-4282-88d4-a2b454e9d97f,2026-07-26 09:00:00+00:00,2026-07-27 22:00:00+00:00,64371.07,,False,,
TESTER-001,SRGridStrategyV3-000,BTC/USDT.SIM,SIM-1-5777,BTC/USDT.SIM-SRGridStrategyV3-000,SIM-001,T-d5dba96ab5d79b50-139635,LIMIT,BUY,0.052976,GTC,False,False,0.052976,MAKER,64204.130000000005,0.0,['0.68000000 USDT'],NO_TRIGGER,FILLED,NO_CONTINGENCY,,,,,,,,60036013-ee8a-48b5-9090-094fe42ba903,2026-07-26 09:00:00+00:00,2026-07-27 22:00:00+00:00,64204.13,,False,,
TESTER-001,SRGridStrategyV3-000,BTC/USDT.SIM,SIM-1-5778,BTC/USDT.SIM-SRGridStrategyV3-000,SIM-001,T-113334b8122bb4f5-139642,LIMIT,BUY,0.058724,GTC,False,False,0.058724,MAKER,64037.19,0.0,['0.75000000 USDT'],NO_TRIGGER,FILLED,NO_CONTINGENCY,,,,,,,,ad50b86b-ba62-4bb7-ad8e-96bee7d01e9e,2026-07-26 09:00:00+00:00,2026-07-27 23:00:00+00:00,64037.19,,False,,
TESTER-001,SRGridStrategyV3-000,BTC/USDT.SIM,SIM-1-5779,BTC/USDT.SIM-SRGridStrategyV3-000,SIM-001,T-113334b8122bb4f5-139650,LIMIT,BUY,0.039812,GTC,False,False,0.039812,MAKER,63870.259999999995,0.0,['0.51000000 USDT'],NO_TRIGGER,FILLED,NO_CONTINGENCY,,,,,,,,96f0cb88-faa0-4f55-ad4d-7afb71115f10,2026-07-26 09:00:00+00:00,2026-07-27 23:00:00+00:00,63870.26,,False,,
TESTER-001,SRGridStrategyV3-000,BTC/USDT.SIM,SIM-1-5780,BTC/USDT.SIM-SRGridStrategyV3-000,SIM-001,T-87d538093fe63125-139666,LIMIT,BUY,0.017304,GTC,False,False,0.017304,MAKER,63703.32000000001,0.0,['0.22000000 USDT'],NO_TRIGGER,FILLED,NO_CONTINGENCY,,,,,,,,c02f20cd-d10a-42ba-ba73-03d20fdec674,2026-07-26 09:00:00+00:00,2026-07-28 00:00:00+00:00,63703.32,,False,,
TESTER-001,SRGridStrategyV3-000,BTC/USDT.SIM,SIM-1-5781,BTC/USDT.SIM-SRGridStrategyV3-000,SIM-001,T-87d538093fe63125-139660,LIMIT,BUY,0.008561,GTC,False,False,0.008561,MAKER,63536.39,0.0,['0.11000000 USDT'],NO_TRIGGER,FILLED,NO_CONTINGENCY,,,,,,,,a5524c0e-4f72-4a54-a7a1-218ef68a303d,2026-07-26 09:00:00+00:00,2026-07-28 00:00:00+00:00,63536.39,,False,,
TESTER-001,SRGridStrategyV3-000,BTC/USDT.SIM,SIM-1-5782,BTC/USDT.SIM-SRGridStrategyV3-000,SIM-001,T-253396d8134bf48f-139676,LIMIT,BUY,0.008988,GTC,False,False,0.008988,MAKER,63369.45,0.0,['0.11000000 USDT'],NO_TRIGGER,FILLED,NO_CONTINGENCY,,,,,,,,19f46485-eccd-4f3a-acd9-7e9241dbd40b,2026-07-26 09:00:00+00:00,2026-07-28 01:00:00+00:00,63369.45,,False,,
TESTER-001,SRGridStrategyV3-000,BTC/USDT.SIM,SIM-1-5783,BTC/USDT.SIM-SRGridStrategyV3-000,SIM-001,T-4c8e963bfee0cafe-139686,LIMIT,BUY,0.011237,GTC,False,False,0.011237,MAKER,63202.520000000004,0.0,['0.14000000 USDT'],NO_TRIGGER,FILLED,NO_CONTINGENCY,,,,,,,,32d60363-6189-4b52-b3ee-1d961b1c8535,2026-07-26 09:00:00+00:00,2026-07-28 02:00:00+00:00,63202.52,,False,,
TESTER-001,SRGridStrategyV3-000,BTC/USDT.SIM,SIM-1-5784,BTC/USDT.SIM-SRGridStrategyV3-000,SIM-001,T-4702e5323de92c9f-139494,LIMIT,SELL,0.047543,GTC,False,False,0.047543,MAKER,64704.93000000001,0.0,['0.62000000 USDT'],NO_TRIGGER,FILLED,NO_CONTINGENCY,,,,,,,,87657f9a-e51e-475d-91ab-12d145e13996,2026-07-26 09:00:00+00:00,2026-07-26 14:00:00+00:00,64704.93,,False,,
TESTER-001,SRGridStrategyV3-000,BTC/USDT.SIM,SIM-1-5785,BTC/USDT.SIM-SRGridStrategyV3-000,SIM-001,T-3ed37be88a3057d4-139503,LIMIT,SELL,0.040721,GTC,False,False,0.040721,MAKER,64871.869999999995,0.0,['0.53000000 USDT'],NO_TRIGGER,FILLED,NO_CONTINGENCY,,,,,,,,fe893f2f-b16f-4bbf-bae1-62e56a20b96c,2026-07-26 09:00:00+00:00,2026-07-26 16:00:00+00:00,64871.87,,False,,
TESTER-001,SRGridStrategyV3-000,BTC/USDT.SIM,SIM-1-5786,BTC/USDT.SIM-SRGridStrategyV3-000,SIM-001,T-2b42d324fd36a69c-139528,LIMIT,SELL,0.031809,GTC,False,False,0.031809,MAKER,65038.81,0.0,['0.41000000 USDT'],NO_TRIGGER,FILLED,NO_CONTINGENCY,,,,,,,,88f76852-a5ce-41a8-a1b4-57d918cfc26f,2026-07-26 09:00:00+00:00,2026-07-26 22:00:00+00:00,65038.81,,False,,
TESTER-001,SRGridStrategyV3-000,BTC/USDT.SIM,SIM-1-5787,BTC/USDT.SIM-SRGridStrategyV3-000,SIM-001,T-2b42d324fd36a69c-139531,LIMIT,SELL,0.024764,GTC,False,False,0.024764,MAKER,65205.740000000005,0.0,['0.32000000 USDT'],NO_TRIGGER,FILLED,NO_CONTINGENCY,,,,,,,,ca7baede-27f0-4327-bf8e-cf21a00d8ecc,2026-07-26 09:00:00+00:00,2026-07-26 22:00:00+00:00,65205.74,,False,,
TESTER-001,SRGridStrategyV3-000,BTC/USDT.SIM,SIM-1-5788,BTC/USDT.SIM-SRGridStrategyV3-000,SIM-001,T-2b42d324fd36a69c-139532,LIMIT,SELL,0.020773,GTC,False,False,0.020773,MAKER,65372.67999999999,0.0,['0.27000000 USDT'],NO_TRIGGER,FILLED,NO_CONTINGENCY,,,,,,,,b2e4ec2c-0353-437d-8d67-556f87d5cb07,2026-07-26 09:00:00+00:00,2026-07-26 22:00:00+00:00,65372.68,,False,,
TESTER-001,SRGridStrategyV3-000,BTC/USDT.SIM,SIM-1-5789,BTC/USDT.SIM-SRGridStrategyV3-000,SIM-001,T-999f0f476e8a8fdc-139535,LIMIT,SELL,0.021634,GTC,False,False,0.021634,MAKER,65539.61,0.0,['0.28000000 USDT'],NO_TRIGGER,FILLED,NO_CONTINGENCY,,,,,,,,3add9c59-2e32-408f-87ac-4ddaf01db09a,2026-07-26 09:00:00+00:00,2026-07-26 23:00:00+00:00,65539.61,,False,,
TESTER-001,SRGridStrategyV3-000,BTC/USDT.SIM,SIM-1-5790,BTC/USDT.SIM-SRGridStrategyV3-000,SIM-001,T-ab965b2a70051d96-139564,LIMIT,SELL,0.021101,GTC,False,False,0.021101,MAKER,65706.55,0.0,['0.28000000 USDT'],NO_TRIGGER,FILLED,NO_CONTINGENCY,,,,,,,,5477b27b-a26e-429c-9b2b-df926c339044,2026-07-26 09:00:00+00:00,2026-07-27 06:00:00+00:00,65706.55,,False,,
TESTER-001,SRGridStrategyV3-000,BTC/USDT.SIM,SIM-1-5792,BTC/USDT.SIM-SRGridStrategyV3-000,SIM-001,T-d5dba96ab5d79b50-139630,LIMIT,BUY,0.044586,GTC,False,False,0.044586,MAKER,64371.06999999999,0.0,['0.57000000 USDT'],NO_TRIGGER,FILLED,NO_CONTINGENCY,,,,,,,,dd502820-b38c-4245-8879-39d36ca8c54a,2026-07-26 14:00:00+00:00,2026-07-27 22:00:00+00:00,64371.07,,False,,
TESTER-001,SRGridStrategyV3-000,BTC/USDT.SIM,SIM-1-5793,BTC/USDT.SIM-SRGridStrategyV3-000,SIM-001,T-d5dba96ab5d79b50-139636,LIMIT,BUY,0.063997,GTC,False,False,0.063997,MAKER,64204.130000000005,0.0,['0.82000000 USDT'],NO_TRIGGER,FILLED,NO_CONTINGENCY,,,,,,,,bb5cf266-30b5-4859-aab8-d2e3149aae02,2026-07-26 14:00:00+00:00,2026-07-27 22:00:00+00:00,64204.13,,False,,
TESTER-001,SRGridStrategyV3-000,BTC/USDT.SIM,SIM-1-5794,BTC/USDT.SIM-SRGridStrategyV3-000,SIM-001,T-113334b8122bb4f5-139643,LIMIT,BUY,0.070898,GTC,False,False,0.070898,MAKER,64037.19,0.0,['0.91000000 USDT'],NO_TRIGGER,FILLED,NO_CONTINGENCY,,,,,,,,c43cc37a-7daf-4965-a101-1129a3c77853,2026-07-26 14:00:00+00:00,2026-07-27 23:00:00+00:00,64037.19,,False,,
TESTER-001,SRGridStrategyV3-000,BTC/USDT.SIM,SIM-1-5795,BTC/USDT.SIM-SRGridStrategyV3-000,SIM-001,T-113334b8122bb4f5-139651,LIMIT,BUY,0.048071,GTC,False,False,0.048071,MAKER,63870.259999999995,0.0,['0.61000000 USDT'],NO_TRIGGER,FILLED,NO_CONTINGENCY,,,,,,,,ef0e3d06-d460-4f8a-a5fb-53348a4415aa,2026-07-26 14:00:00+00:00,2026-07-27 23:00:00+00:00,63870.26,,False,,
TESTER-001,SRGridStrategyV3-000,BTC/USDT.SIM,SIM-1-5796,BTC/USDT.SIM-SRGridStrategyV3-000,SIM-001,T-87d538093fe63125-139667,LIMIT,BUY,0.020896,GTC,False,False,0.020896,MAKER,63703.32000000001,0.0,['0.27000000 USDT'],NO_TRIGGER,FILLED,NO_CONTINGENCY,,,,,,,,97a412c2-cf69-4e8c-b444-e2faab50817c,2026-07-26 14:00:00+00:00,2026-07-28 00:00:00+00:00,63703.32,,False,,
TESTER-001,SRGridStrategyV3-000,BTC/USDT.SIM,SIM-1-5797,BTC/USDT.SIM-SRGridStrategyV3-000,SIM-001,T-87d538093fe63125-139661,LIMIT,BUY,0.010263,GTC,False,False,0.010263,MAKER,63536.39,0.0,['0.13000000 USDT'],NO_TRIGGER,FILLED,NO_CONTINGENCY,,,,,,,,05bee6bd-1282-4c67-929e-535ee2b77ab6,2026-07-26 14:00:00+00:00,2026-07-28 00:00:00+00:00,63536.39,,False,,
TESTER-001,SRGridStrategyV3-000,BTC/USDT.SIM,SIM-1-5798,BTC/USDT.SIM-SRGridStrategyV3-000,SIM-001,T-253396d8134bf48f-139677,LIMIT,BUY,0.010568,GTC,False,False,0.010568,MAKER,63369.45,0.0,['0.13000000 USDT'],NO_TRIGGER,FILLED,NO_CONTINGENCY,,,,,,,,baaf96f2-a5eb-442e-986a-291d6594d19f,2026-07-26 14:00:00+00:00,2026-07-28 01:00:00+00:00,63369.45,,False,,
TESTER-001,SRGridStrategyV3-000,BTC/USDT.SIM,SIM-1-5799,BTC/USDT.SIM-SRGridStrategyV3-000,SIM-001,T-4c8e963bfee0cafe-139687,LIMIT,BUY,0.013196,GTC,False,False,0.013196,MAKER,63202.520000000004,0.0,['0.17000000 USDT'],NO_TRIGGER,FILLED,NO_CONTINGENCY,,,,,,,,1369f334-9ce8-41fc-966b-90428890672c,2026-07-26 14:00:00+00:00,2026-07-28 02:00:00+00:00,63202.52,,False,,
TESTER-001,SRGridStrategyV3-000,BTC/USDT.SIM,SIM-1-5800,BTC/USDT.SIM-SRGridStrategyV3-000,SIM-001,T-d5dba96ab5d79b50-139631,LIMIT,BUY,0.051307,GTC,False,False,0.051307,MAKER,64371.06999999999,0.0,['0.66000000 USDT'],NO_TRIGGER,FILLED,NO_CONTINGENCY,,,,,,,,8590becf-dc4f-4f3d-963d-aff53eab50c0,2026-07-26 16:00:00+00:00,2026-07-27 22:00:00+00:00,64371.07,,False,,
TESTER-001,SRGridStrategyV3-000,BTC/USDT.SIM,SIM-1-5801,BTC/USDT.SIM-SRGridStrategyV3-000,SIM-001,T-d5dba96ab5d79b50-139637,LIMIT,BUY,0.073507,GTC,False,False,0.073507,MAKER,64204.130000000005,0.0,['0.94000000 USDT'],NO_TRIGGER,FILLED,NO_CONTINGENCY,,,,,,,,550f0a61-be9a-4107-8484-d523686bb059,2026-07-26 16:00:00+00:00,2026-07-27 22:00:00+00:00,64204.13,,False,,
TESTER-001,SRGridStrategyV3-000,BTC/USDT.SIM,SIM-1-5802,BTC/USDT.SIM-SRGridStrategyV3-000,SIM-001,T-113334b8122bb4f5-139644,LIMIT,BUY,0.078080,GTC,False,False,0.078080,MAKER,64037.19,0.0,['1.00000000 USDT'],NO_TRIGGER,FILLED,NO_CONTINGENCY,,,,,,,,6740f94a-56e0-4322-8fb6-4b1ec0fa5c1a,2026-07-26 16:00:00+00:00,2026-07-27 23:00:00+00:00,64037.19,,False,,
TESTER-001,SRGridStrategyV3-000,BTC/USDT.SIM,SIM-1-5803,BTC/USDT.SIM-SRGridStrategyV3-000,SIM-001,T-113334b8122bb4f5-139652,LIMIT,BUY,0.055199,GTC,False,False,0.055199,MAKER,63870.259999999995,0.0,['0.71000000 USDT'],NO_TRIGGER,FILLED,NO_CONTINGENCY,,,,,,,,d6873903-0a27-4912-9296-2ef92dfd7ebe,2026-07-26 16:00:00+00:00,2026-07-27 23:00:00+00:00,63870.26,,False,,
TESTER-001,SRGridStrategyV3-000,BTC/USDT.SIM,SIM-1-5804,BTC/USDT.SIM-SRGridStrategyV3-000,SIM-001,T-87d538093fe63125-139668,LIMIT,BUY,0.023995,GTC,False,False,0.023995,MAKER,63703.32000000001,0.0,['0.31000000 USDT'],NO_TRIGGER,FILLED,NO_CONTINGENCY,,,,,,,,276d7051-39fd-491e-96fc-04d6b0af65ff,2026-07-26 16:00:00+00:00,2026-07-28 00:00:00+00:00,63703.32,,False,,
TESTER-001,SRGridStrategyV3-000,BTC/USDT.SIM,SIM-1-5805,BTC/USDT.SIM-SRGridStrategyV3-000,SIM-001,T-87d538093fe63125-139662,LIMIT,BUY,0.011720,GTC,False,False,0.011720,MAKER,63536.39,0.0,['0.15000000 USDT'],NO_TRIGGER,FILLED,NO_CONTINGENCY,,,,,,,,7b142549-ab6c-4b69-b16c-fa644daf3ed4,2026-07-26 16:00:00+00:00,2026-07-28 00:00:00+00:00,63536.39,,False,,
TESTER-001,SRGridStrategyV3-000,BTC/USDT.SIM,SIM-1-5806,BTC/USDT.SIM-SRGridStrategyV3-000,SIM-001,T-253396d8134bf48f-139678,LIMIT,BUY,0.011868,GTC,False,False,0.011868,MAKER,63369.45,0.0,['0.15000000 USDT'],NO_TRIGGER,FILLED,NO_CONTINGENCY,,,,,,,,37827759-b7c4-4edb-8854-bf9585f64828,2026-07-26 16:00:00+00:00,2026-07-28 01:00:00+00:00,63369.45,,False,,
TESTER-001,SRGridStrategyV3-000,BTC/USDT.SIM,SIM-1-5807,BTC/USDT.SIM-SRGridStrategyV3-000,SIM-001,T-4c8e963bfee0cafe-139688,LIMIT,BUY,0.014752,GTC,False,False,0.014752,MAKER,63202.520000000004,0.0,['0.19000000 USDT'],NO_TRIGGER,FILLED,NO_CONTINGENCY,,,,,,,,9b12ca92-2024-4cdb-ad1c-35b9188581d8,2026-07-26 16:00:00+00:00,2026-07-28 02:00:00+00:00,63202.52,,False,,
TESTER-001,SRGridStrategyV3-000,BTC/USDT.SIM,SIM-1-5808,BTC/USDT.SIM-SRGridStrategyV3-000,SIM-001,T-d5dba96ab5d79b50-139632,LIMIT,BUY,0.061034,GTC,False,False,0.061034,MAKER,64371.06999999999,0.0,['0.79000000 USDT'],NO_TRIGGER,FILLED,NO_CONTINGENCY,,,,,,,,db1fa224-a2d8-4718-a162-c8a4bae7b910,2026-07-26 22:00:00+00:00,2026-07-27 22:00:00+00:00,64371.07,,False,,
TESTER-001,SRGridStrategyV3-000,BTC/USDT.SIM,SIM-1-5809,BTC/USDT.SIM-SRGridStrategyV3-000,SIM-001,T-d5dba96ab5d79b50-139638,LIMIT,BUY,0.077877,GTC,False,False,0.077877,MAKER,64204.130000000005,0.0,['1.00000000 USDT'],NO_TRIGGER,FILLED,NO_CONTINGENCY,,,,,,,,1e6d85de-f202-452a-b298-063a847648f0,2026-07-26 22:00:00+00:00,2026-07-27 22:00:00+00:00,64204.13,,False,,
TESTER-001,SRGridStrategyV3-000,BTC/USDT.SIM,SIM-1-5810,BTC/USDT.SIM-SRGridStrategyV3-000,SIM-001,T-113334b8122bb4f5-139645,LIMIT,BUY,0.078080,GTC,False,False,0.078080,MAKER,64037.19,0.0,['1.00000000 USDT'],NO_TRIGGER,FILLED,NO_CONTINGENCY,,,,,,,,ed66fcb2-0a00-4a3e-a26d-8068f668d492,2026-07-26 22:00:00+00:00,2026-07-27 23:00:00+00:00,64037.19,,False,,
TESTER-001,SRGridStrategyV3-000,BTC/USDT.SIM,SIM-1-5811,BTC/USDT.SIM-SRGridStrategyV3-000,SIM-001,T-113334b8122bb4f5-139653,LIMIT,BUY,0.064841,GTC,False,False,0.064841,MAKER,63870.259999999995,0.0,['0.83000000 USDT'],NO_TRIGGER,FILLED,NO_CONTINGENCY,,,,,,,,e7a806c3-0104-4eec-ab97-0f58ac83bd48,2026-07-26 22:00:00+00:00,2026-07-27 23:00:00+00:00,63870.26,,False,,
TESTER-001,SRGridStrategyV3-000,BTC/USDT.SIM,SIM-1-5812,BTC/USDT.SIM-SRGridStrategyV3-000,SIM-001,T-87d538093fe63125-139669,LIMIT,BUY,0.028094,GTC,False,False,0.028094,MAKER,63703.32000000001,0.0,['0.36000000 USDT'],NO_TRIGGER,FILLED,NO_CONTINGENCY,,,,,,,,eb362601-0dc8-48ae-8f84-ad2197c3b554,2026-07-26 22:00:00+00:00,2026-07-28 00:00:00+00:00,63703.32,,False,,
TESTER-001,SRGridStrategyV3-000,BTC/USDT.SIM,SIM-1-5813,BTC/USDT.SIM-SRGridStrategyV3-000,SIM-001,T-87d538093fe63125-139663,LIMIT,BUY,0.013709,GTC,False,False,0.013709,MAKER,63536.39,0.0,['0.17000000 USDT'],NO_TRIGGER,FILLED,NO_CONTINGENCY,,,,,,,,790a5e18-3bee-43b4-a000-18a2b0897aaf,2026-07-26 22:00:00+00:00,2026-07-28 00:00:00+00:00,63536.39,,False,,
TESTER-001,SRGridStrategyV3-000,BTC/USDT.SIM,SIM-1-5814,BTC/USDT.SIM-SRGridStrategyV3-000,SIM-001,T-253396d8134bf48f-139679,LIMIT,BUY,0.013734,GTC,False,False,0.013734,MAKER,63369.45,0.0,['0.17000000 USDT'],NO_TRIGGER,FILLED,NO_CONTINGENCY,,,,,,,,7638707b-f339-4e5f-b4f3-723d79b4314d,2026-07-26 22:00:00+00:00,2026-07-28 01:00:00+00:00,63369.45,,False,,
TESTER-001,SRGridStrategyV3-000,BTC/USDT.SIM,SIM-1-5815,BTC/USDT.SIM-SRGridStrategyV3-000,SIM-001,T-4c8e963bfee0cafe-139689,LIMIT,BUY,0.017003,GTC,False,False,0.017003,MAKER,63202.520000000004,0.0,['0.21000000 USDT'],NO_TRIGGER,FILLED,NO_CONTINGENCY,,,,,,,,7f70fd62-d726-4799-9c34-aab6b0c7ad98,2026-07-26 22:00:00+00:00,2026-07-28 02:00:00+00:00,63202.52,,False,,
TESTER-001,SRGridStrategyV3-000,BTC/USDT.SIM,SIM-1-5816,BTC/USDT.SIM-SRGridStrategyV3-000,SIM-001,T-d5dba96ab5d79b50-139633,LIMIT,BUY,0.068400,GTC,False,False,0.068400,MAKER,64371.06999999999,0.0,['0.88000000 USDT'],NO_TRIGGER,FILLED,NO_CONTINGENCY,,,,,,,,dffb3f7f-5cfc-4c5c-b0f7-4c8e43585439,2026-07-26 23:00:00+00:00,2026-07-27 22:00:00+00:00,64371.07,,False,,
TESTER-001,SRGridStrategyV3-000,BTC/USDT.SIM,SIM-1-5817,BTC/USDT.SIM-SRGridStrategyV3-000,SIM-001,T-d5dba96ab5d79b50-139639,LIMIT,BUY,0.077877,GTC,False,False,0.077877,MAKER,64204.130000000005,0.0,['1.00000000 USDT'],NO_TRIGGER,FILLED,NO_CONTINGENCY,,,,,,,,a0b26476-6a2f-473b-808d-b21f2c935185,2026-07-26 23:00:00+00:00,2026-07-27 22:00:00+00:00,64204.13,,False,,
TESTER-001,SRGridStrategyV3-000,BTC/USDT.SIM,SIM-1-5818,BTC/USDT.SIM-SRGridStrategyV3-000,SIM-001,T-113334b8122bb4f5-139646,LIMIT,BUY,0.078080,GTC,False,False,0.078080,MAKER,64037.19,0.0,['1.00000000 USDT'],NO_TRIGGER,FILLED,NO_CONTINGENCY,,,,,,,,3935fee0-9f31-4baa-90f1-3536cbc88689,2026-07-26 23:00:00+00:00,2026-07-27 23:00:00+00:00,64037.19,,False,,
TESTER-001,SRGridStrategyV3-000,BTC/USDT.SIM,SIM-1-5819,BTC/USDT.SIM-SRGridStrategyV3-000,SIM-001,T-113334b8122bb4f5-139654,LIMIT,BUY,0.072066,GTC,False,False,0.072066,MAKER,63870.259999999995,0.0,['0.92000000 USDT'],NO_TRIGGER,FILLED,NO_CONTINGENCY,,,,,,,,545d72de-0be7-404a-acab-3e1c95562e11,2026-07-26 23:00:00+00:00,2026-07-27 23:00:00+00:00,63870.26,,False,,
TESTER-001,SRGridStrategyV3-000,BTC/USDT.SIM,SIM-1-5820,BTC/USDT.SIM-SRGridStrategyV3-000,SIM-001,T-87d538093fe63125-139670,LIMIT,BUY,0.031173,GTC,False,False,0.031173,MAKER,63703.32000000001,0.0,['0.40000000 USDT'],NO_TRIGGER,FILLED,NO_CONTINGENCY,,,,,,,,21f8058f-9cfc-47ca-ae0c-21dadaa9c42e,2026-07-26 23:00:00+00:00,2026-07-28 00:00:00+00:00,63703.32,,False,,
TESTER-001,SRGridStrategyV3-000,BTC/USDT.SIM,SIM-1-5821,BTC/USDT.SIM-SRGridStrategyV3-000,SIM-001,T-87d538093fe63125-139664,LIMIT,BUY,0.015211,GTC,False,False,0.015211,MAKER,63536.39,0.0,['0.19000000 USDT'],NO_TRIGGER,FILLED,NO_CONTINGENCY,,,,,,,,23835daa-5b44-4a22-b03e-8dc1217f8300,2026-07-26 23:00:00+00:00,2026-07-28 00:00:00+00:00,63536.39,,False,,
TESTER-001,SRGridStrategyV3-000,BTC/USDT.SIM,SIM-1-5822,BTC/USDT.SIM-SRGridStrategyV3-000,SIM-001,T-253396d8134bf48f-139680,LIMIT,BUY,0.015148,GTC,False,False,0.015148,MAKER,63369.45,0.0,['0.19000000 USDT'],NO_TRIGGER,FILLED,NO_CONTINGENCY,,,,,,,,8ebfe090-3c56-4984-a213-46ccabb94c0e,2026-07-26 23:00:00+00:00,2026-07-28 01:00:00+00:00,63369.45,,False,,
TESTER-001,SRGridStrategyV3-000,BTC/USDT.SIM,SIM-1-5823,BTC/USDT.SIM-SRGridStrategyV3-000,SIM-001,T-4c8e963bfee0cafe-139690,LIMIT,BUY,0.018709,GTC,False,False,0.018709,MAKER,63202.520000000004,0.0,['0.24000000 USDT'],NO_TRIGGER,FILLED,NO_CONTINGENCY,,,,,,,,7717697b-42b0-4dfd-b8f0-9ea24d6eb1c5,2026-07-26 23:00:00+00:00,2026-07-28 02:00:00+00:00,63202.52,,False,,
TESTER-001,SRGridStrategyV3-000,BTC/USDT.SIM,SIM-1-5824,BTC/USDT.SIM-SRGridStrategyV3-000,SIM-001,T-d5dba96ab5d79b50-139634,LIMIT,BUY,0.071892,GTC,False,False,0.071892,MAKER,64371.06999999999,0.0,['0.93000000 USDT'],NO_TRIGGER,FILLED,NO_CONTINGENCY,,,,,,,,af246dc0-4389-4adc-a1fc-e37a7b30e5f3,2026-07-27 06:00:00+00:00,2026-07-27 22:00:00+00:00,64371.07,,False,,
TESTER-001,SRGridStrategyV3-000,BTC/USDT.SIM,SIM-1-5825,BTC/USDT.SIM-SRGridStrategyV3-000,SIM-001,T-d5dba96ab5d79b50-139640,LIMIT,BUY,0.077877,GTC,False,False,0.077877,MAKER,64204.130000000005,0.0,['1.00000000 USDT'],NO_TRIGGER,FILLED,NO_CONTINGENCY,,,,,,,,daf93c46-36c4-456c-9115-64fb57aa9788,2026-07-27 06:00:00+00:00,2026-07-27 22:00:00+00:00,64204.13,,False,,
TESTER-001,SRGridStrategyV3-000,BTC/USDT.SIM,SIM-1-5826,BTC/USDT.SIM-SRGridStrategyV3-000,SIM-001,T-113334b8122bb4f5-139647,LIMIT,BUY,0.078080,GTC,False,False,0.078080,MAKER,64037.19,0.0,['1.00000000 USDT'],NO_TRIGGER,FILLED,NO_CONTINGENCY,,,,,,,,51a972e6-12c5-4cea-98e6-3950568dc60b,2026-07-27 06:00:00+00:00,2026-07-27 23:00:00+00:00,64037.19,,False,,
TESTER-001,SRGridStrategyV3-000,BTC/USDT.SIM,SIM-1-5827,BTC/USDT.SIM-SRGridStrategyV3-000,SIM-001,T-113334b8122bb4f5-139655,LIMIT,BUY,0.075716,GTC,False,False,0.075716,MAKER,63870.259999999995,0.0,['0.97000000 USDT'],NO_TRIGGER,FILLED,NO_CONTINGENCY,,,,,,,,8703c250-03a6-4b8b-8213-788a7e38b50f,2026-07-27 06:00:00+00:00,2026-07-27 23:00:00+00:00,63870.26,,False,,
TESTER-001,SRGridStrategyV3-000,BTC/USDT.SIM,SIM-1-5828,BTC/USDT.SIM-SRGridStrategyV3-000,SIM-001,T-87d538093fe63125-139671,LIMIT,BUY,0.032730,GTC,False,False,0.032730,MAKER,63703.32000000001,0.0,['0.42000000 USDT'],NO_TRIGGER,FILLED,NO_CONTINGENCY,,,,,,,,ea9b4755-6c87-4219-98c3-9a3c0809075e,2026-07-27 06:00:00+00:00,2026-07-28 00:00:00+00:00,63703.32,,False,,
TESTER-001,SRGridStrategyV3-000,BTC/USDT.SIM,SIM-1-5829,BTC/USDT.SIM-SRGridStrategyV3-000,SIM-001,T-87d538093fe63125-139665,LIMIT,BUY,0.015989,GTC,False,False,0.015989,MAKER,63536.39,0.0,['0.20000000 USDT'],NO_TRIGGER,FILLED,NO_CONTINGENCY,,,,,,,,cd099671-bfc3-4307-9921-08e7496fdcbf,2026-07-27 06:00:00+00:00,2026-07-28 00:00:00+00:00,63536.39,,False,,
TESTER-001,SRGridStrategyV3-000,BTC/USDT.SIM,SIM-1-5830,BTC/USDT.SIM-SRGridStrategyV3-000,SIM-001,T-253396d8134bf48f-139681,LIMIT,BUY,0.015887,GTC,False,False,0.015887,MAKER,63369.45,0.0,['0.20000000 USDT'],NO_TRIGGER,FILLED,NO_CONTINGENCY,,,,,,,,a610ff9a-6d7e-4603-8862-4694bdeb9f97,2026-07-27 06:00:00+00:00,2026-07-28 01:00:00+00:00,63369.45,,False,,
TESTER-001,SRGridStrategyV3-000,BTC/USDT.SIM,SIM-1-5831,BTC/USDT.SIM-SRGridStrategyV3-000,SIM-001,T-4c8e963bfee0cafe-139691,LIMIT,BUY,0.019600,GTC,False,False,0.019600,MAKER,63202.520000000004,0.0,['0.25000000 USDT'],NO_TRIGGER,FILLED,NO_CONTINGENCY,,,,,,,,00324e4f-1693-4a86-b286-20e9436d1e47,2026-07-27 06:00:00+00:00,2026-07-28 02:00:00+00:00,63202.52,,False,,
TESTER-001,SRGridStrategyV3-000,BTC/USDT.SIM,SIM-1-5837,BTC/USDT.SIM-SRGridStrategyV3-000,SIM-001,T-cbb96120a804680a-140000,LIMIT,BUY,0.078024,GTC,False,False,0.078024,MAKER,64082.57,0.0,['1.00000000 USDT'],NO_TRIGGER,FILLED,NO_CONTINGENCY,,,,,,,,b0ec6bc0-23d5-4b0c-b219-f9c0a4211775,2026-07-30 09:00:00+00:00,2026-07-31 07:00:00+00:00,64082.57,,False,,
TESTER-001,SRGridStrategyV3-000,BTC/USDT.SIM,SIM-1-5838,BTC/USDT.SIM-SRGridStrategyV3-000,SIM-001,T-c925493cca70f151-140026,LIMIT,BUY,0.043314,GTC,False,False,0.043314,MAKER,63597.590000000004,0.0,['0.55000000 USDT'],NO_TRIGGER,FILLED,NO_CONTINGENCY,,,,,,,,6610c042-8fe2-438c-81da-984907e888b8,2026-07-30 09:00:00+00:00,2026-07-31 13:00:00+00:00,63597.59,,False,,
TESTER-001,SRGridStrategyV3-000,BTC/USDT.SIM,SIM-1-5839,BTC/USDT.SIM-SRGridStrategyV3-000,SIM-001,T-2daecc75ff1ddab9-140032,LIMIT,BUY,0.026407,GTC,False,False,0.026407,MAKER,63112.600000000006,0.0,['0.33000000 USDT'],NO_TRIGGER,FILLED,NO_CONTINGENCY,,,,,,,,2ccf27d9-385e-464a-b0c4-284ccbfd1b10,2026-07-30 09:00:00+00:00,2026-07-31 14:00:00+00:00,63112.60,,False,,
TESTER-001,SRGridStrategyV3-000,BTC/USDT.SIM,SIM-1-5840,BTC/USDT.SIM-SRGridStrategyV3-000,SIM-001,T-99365f49e20b816d-140038,LIMIT,BUY,0.017867,GTC,False,False,0.017867,MAKER,62627.61,0.0,['0.22000000 USDT'],NO_TRIGGER,FILLED,NO_CONTINGENCY,,,,,,,,9e4e3fd6-b0ad-4f10-9065-9f55fd6271a0,2026-07-30 09:00:00+00:00,2026-07-31 15:00:00+00:00,62627.61,,False,,
TESTER-001,SRGridStrategyV3-000,BTC/USDT.SIM,SIM-1-5845,BTC/USDT.SIM-SRGridStrategyV3-000,SIM-001,T-e770f3b906c2af17-139926,LIMIT,SELL,0.076861,GTC,False,False,0.076861,MAKER,65052.55,0.0,['1.00000000 USDT'],NO_TRIGGER,FILLED,NO_CONTINGENCY,,,,,,,,91675ecf-a98f-47ce-ad2f-d3c25370d43a,2026-07-30 09:00:00+00:00,2026-07-30 13:00:00+00:00,65052.55,,False,,
TESTER-001,SRGridStrategyV3-000,BTC/USDT.SIM,SIM-1-5853,BTC/USDT.SIM-SRGridStrategyV3-000,SIM-001,T-cbb96120a804680a-140001,LIMIT,BUY,0.078024,GTC,False,False,0.078024,MAKER,64082.57,0.0,['1.00000000 USDT'],NO_TRIGGER,FILLED,NO_CONTINGENCY,,,,,,,,f54618d5-6bc9-4469-9aec-a1b1cda6c236,2026-07-30 13:00:00+00:00,2026-07-31 07:00:00+00:00,64082.57,,False,,
TESTER-001,SRGridStrategyV3-000,BTC/USDT.SIM,SIM-1-5854,BTC/USDT.SIM-SRGridStrategyV3-000,SIM-001,T-c925493cca70f151-140027,LIMIT,BUY,0.058057,GTC,False,False,0.058057,MAKER,63597.590000000004,0.0,['0.74000000 USDT'],NO_TRIGGER,FILLED,NO_CONTINGENCY,,,,,,,,d2bfecdd-b9f6-4e86-8cc5-8260cceb4762,2026-07-30 13:00:00+00:00,2026-07-31 13:00:00+00:00,63597.59,,False,,
TESTER-001,SRGridStrategyV3-000,BTC/USDT.SIM,SIM-1-5855,BTC/USDT.SIM-SRGridStrategyV3-000,SIM-001,T-2daecc75ff1ddab9-140033,LIMIT,BUY,0.035375,GTC,False,False,0.035375,MAKER,63112.600000000006,0.0,['0.45000000 USDT'],NO_TRIGGER,FILLED,NO_CONTINGENCY,,,,,,,,0fa87b85-e28d-44b3-8bd4-085cf1cd6301,2026-07-30 13:00:00+00:00,2026-07-31 14:00:00+00:00,63112.60,,False,,
TESTER-001,SRGridStrategyV3-000,BTC/USDT.SIM,SIM-1-5856,BTC/USDT.SIM-SRGridStrategyV3-000,SIM-001,T-99365f49e20b816d-140039,LIMIT,BUY,0.023867,GTC,False,False,0.023867,MAKER,62627.61,0.0,['0.30000000 USDT'],NO_TRIGGER,FILLED,NO_CONTINGENCY,,,,,,,,9aa4b7bc-0814-4f92-b57d-a580e3128848,2026-07-30 13:00:00+00:00,2026-07-31 15:00:00+00:00,62627.61,,False,,
TESTER-001,SRGridStrategyV3-000,BTC/USDT.SIM,SIM-1-5889,BTC/USDT.SIM-SRGridStrategyV3-000,SIM-001,T-408ea760a387880f-140088,MARKET,SELL,2.031849,GTC,True,False,2.031849,TAKER,63004.48,0.0,['76.81000000 USDT'],NO_TRIGGER,FILLED,NO_CONTINGENCY,,,,,,,,a19e1d42-d99a-463a-8934-3fa6dc92636a,2026-08-01 03:00:00+00:00,2026-08-01 03:00:00+00:00,,,,,
TESTER-001,SRGridStrategyV3-000,BTC/USDT.SIM,SIM-1-5890,BTC/USDT.SIM-SRGridStrategyV3-000,SIM-001,T-408ea760a387880f-140089,MARKET,SELL,0.952313,GTC,False,False,0.952313,TAKER,63004.48,0.0,['36.00000000 USDT'],NO_TRIGGER,FILLED,NO_CONTINGENCY,,,,,,,,ce833109-9d34-4a5f-a0e7-9e5313ddc4f3,2026-08-01 03:00:00+00:00,2026-08-01 03:00:00+00:00,,,,,
TESTER-001,SRGridStrategyV3-000,BTC/USDT.SIM,SIM-1-5891,BTC/USDT.SIM-SRGridStrategyV3-000,SIM-001,T-b46d815b95d2508c-140540,MARKET,BUY,0.952313,GTC,True,False,0.952313,TAKER,64822.89,0.0,['37.04000000 USDT'],NO_TRIGGER,FILLED,NO_CONTINGENCY,,,,,,,,e5f4e213-5548-4083-808d-66b542df72dd,2026-08-05 20:00:00+00:00,2026-08-05 20:00:00+00:00,,,,,
TESTER-001,SRGridStrategyV3-000,BTC/USDT.SIM,SIM-1-5892,BTC/USDT.SIM-SRGridStrategyV3-000,SIM-001,T-ae4254b0cc1bb15a-140603,LIMIT,BUY,0.054998,GTC,False,False,0.054998,MAKER,64418.130000000005,0.0,['0.71000000 USDT'],NO_TRIGGER,FILLED,NO_CONTINGENCY,,,,,,,,c23b1b64-dbeb-4988-a9ab-10eec54393ee,2026-08-05 20:00:00+00:00,2026-08-06 12:00:00+00:00,64418.13,,False,,
