total,locked,free,currency,account_id,account_type,base_currency,margins,reported,info
100000.00000000,0.00000000,100000.00000000,USDT,SIM-001,MARGIN,USDT,[],True,{}
100000.00000000,0.00000000,100000.00000000,USDT,SIM-001,MARGIN,USDT,[],False,{}
100000.00000000,0.00000000,100000.00000000,USDT,SIM-001,MARGIN,USDT,[],False,{}
100000.00000000,0.00000000,100000.00000000,USDT,SIM-001,MARGIN,USDT,[],False,{}
100000.00000000,0.00000000,100000.00000000,USDT,SIM-001,MARGIN,USDT,[],False,{}
99999.00000000,0.00000000,99999.00000000,USDT,SIM-001,MARGIN,USDT,[],False,{}
99999.00000000,0.00000000,99999.00000000,USDT,SIM-001,MARGIN,USDT,[],False,{}
99999.00000000,0.00000000,99999.00000000,USDT,SIM-001,MARGIN,USDT,[],False,{}
99998.00000000,0.00000000,99998.00000000,USDT,SIM-001,MARGIN,USDT,[],False,{}
99998.00000000,0.00000000,99998.00000000,USDT,SIM-001,MARGIN,USDT,[],False,{}
99998.00000000,0.00000000,99998.00000000,USDT,SIM-001,MARGIN,USDT,[],False,{}
100035.87000000,0.00000000,100035.87000000,USDT,SIM-001,MARGIN,USDT,[],False,{}
100073.74000000,0.00000000,100073.74000000,USDT,SIM-001,MARGIN,USDT,[],False,{}
100073.35000000,0.00000000,100073.35000000,USDT,SIM-001,MARGIN,USDT,[],False,{}
100073.35000000,0.00000000,100073.35000000,USDT,SIM-001,MARGIN,USDT,[],False,{}
100073.11000000,0.00000000,100073.11000000,USDT,SIM-001,MARGIN,USDT,[],False,{}
100072.79000000,0.00000000,100072.79000000,USDT,SIM-001,MARGIN,USDT,[],False,{}
100072.39000000,0.00000000,100072.39000000,USDT,SIM-001,MARGIN,USDT,[],False,{}
100072.39000000,0.00000000,100072.39000000,USDT,SIM-001,MARGIN,USDT,[],False,{}
100072.39000000,0.00000000,100072.39000000,USDT,SIM-001,MARGIN,USDT,[],False,{}
100072.39000000,0.00000000,100072.39000000,USDT,SIM-001,MARGIN,USDT,[],False,{}
100072.39000000,0.00000000,100072.39000000,USDT,SIM-001,MARGIN,USDT,[],False,{}
100099.33000000,0.00000000,100099.33000000,USDT,SIM-001,MARGIN,USDT,[],False,{}
100099.33000000,0.00000000,100099.33000000,USDT,SIM-001,MARGIN,USDT,[],False,{}
100099.33000000,0.00000000,100099.33000000,USDT,SIM-001,MARGIN,USDT,[],False,{}
100133.75000000,0.00000000,100133.75000000,USDT,SIM-001,MARGIN,USDT,[],False,{}
100133.75000000,0.00000000,100133.75000000,USDT,SIM-001,MARGIN,USDT,[],False,{}
100133.75000000,0.00000000,100133.75000000,USDT,SIM-001,MARGIN,USDT,[],False,{}
100133.75000000,0.00000000,100133.75000000,USDT,SIM-001,MARGIN,USDT,[],False,{}
100134.92000000,0.00000000,100134.92000000,USDT,SIM-001,MARGIN,USDT,[],False,{}
100134.92000000,0.00000000,100134.92000000,USDT,SIM-001,MARGIN,USDT,[],False,{}
100133.92000000,0.00000000,100133.92000000,USDT,SIM-001,MARGIN,USDT,[],False,{}
100132.92000000,0.00000000,100132.92000000,USDT,SIM-001,MARGIN,USDT,[],False,{}
100132.92000000,0.00000000,100132.92000000,USDT,SIM-001,MARGIN,USDT,[],False,{}
100132.92000000,0.00000000,100132.92000000,USDT,SIM-001,MARGIN,USDT,[],False,{}
100132.92000000,0.00000000,100132.92000000,USDT,SIM-001,MARGIN,USDT,[],False,{}
100132.92000000,0.00000000,100132.92000000,USDT,SIM-001,MARGIN,USDT,[],False,{}
100132.92000000,0.00000000,100132.92000000,USDT,SIM-001,MARGIN,USDT,[],False,{}
100132.92000000,0.00000000,100132.92000000,USDT,SIM-001,MARGIN,USDT,[],False,{}
100132.92000000,0.00000000,100132.92000000,USDT,SIM-001,MARGIN,USDT,[],False,{}
100151.74000000,0.00000000,100151.74000000,USDT,SIM-001,MARGIN,USDT,[],False,{}
100151.74000000,0.00000000,100151.74000000,USDT,SIM-001,MARGIN,USDT,[],False,{}
100151.74000000,0.00000000,100151.74000000,USDT,SIM-001,MARGIN,USDT,[],False,{}
100174.16000000,0.00000000,100174.16000000,USDT,SIM-001,MARGIN,USDT,[],False,{}
100174.16000000,0.00000000,100174.16000000,USDT,SIM-001,MARGIN,USDT,[],False,{}
100174.16000000,0.00000000,100174.16000000,USDT,SIM-001,MARGIN,USDT,[],False,{}
100173.16000000,0.00000000,100173.16000000,USDT,SIM-001,MARGIN,USDT,[],False,{}
100172.16000000,0.00000000,100172.16000000,USDT,SIM-001,MARGIN,USDT,[],False,{}
100171.16000000,0.00000000,100171.16000000,USDT,SIM-001,MARGIN,USDT,[],False,{}
100170.16000000,0.00000000,100170.16000000,USDT,SIM-001,MARGIN,USDT,[],False,{}
100169.16000000,0.00000000,100169.16000000,USDT,SIM-001,MARGIN,USDT,[],False,{}
100168.16000000,0.00000000,100168.16000000,USDT,SIM-001,MARGIN,USDT,[],False,{}
100168.16000000,0.00000000,100168.16000000,USDT,SIM-001,MARGIN,USDT,[],False,{}
100168.16000000,0.00000000,100168.16000000,USDT,SIM-001,MARGIN,USDT,[],False,{}
100174.83000000,0.00000000,100174.83000000,USDT,SIM-001,MARGIN,USDT,[],False,{}
100191.71000000,0.00000000,100191.71000000,USDT,SIM-001,MARGIN,USDT,[],False,{}
100191.71000000,0.00000000,100191.71000000,USDT,SIM-001,MARGIN,USDT,[],False,{}
100191.71000000,0.00000000,100191.71000000,USDT,SIM-001,MARGIN,USDT,[],False,{}
100191.71000000,0.00000000,100191.71000000,USDT,SIM-001,MARGIN,USDT,[],False,{}
100191.71000000,0.00000000,100191.71000000,USDT,SIM-001,MARGIN,USDT,[],False,{}
100191.71000000,0.00000000,100191.71000000,USDT,SIM-001,MARGIN,USDT,[],False,{}
100191.71000000,0.00000000,100191.71000000,USDT,SIM-001,MARGIN,USDT,[],False,{}
100100.04000000,0.00000000,100100.04000000,USDT,SIM-001,MARGIN,USDT,[],False,{}
100100.04000000,0.00000000,100100.04000000,USDT,SIM-001,MARGIN,USDT,[],False,{}
100100.04000000,0.00000000,100100.04000000,USDT,SIM-001,MARGIN,USDT,[],False,{}
100100.04000000,0.00000000,100100.04000000,USDT,SIM-001,MARGIN,USDT,[],False,{}
100100.04000000,0.00000000,100100.04000000,USDT,SIM-001,MARGIN,USDT,[],False,{}
100100.04000000,0.00000000,100100.04000000,USDT,SIM-001,MARGIN,USDT,[],False,{}
100099.04000000,0.00000000,100099.04000000,USDT,SIM-001,MARGIN,USDT,[],False,{}
100099.04000000,0.00000000,100099.04000000,USDT,SIM-001,MARGIN,USDT,[],False,{}
100099.04000000,0.00000000,100099.04000000,USDT,SIM-001,MARGIN,USDT,[],False,{}
100002.87000000,0.00000000,100002.87000000,USDT,SIM-001,MARGIN,USDT,[],False,{}
99906.70000000,0.00000000,99906.70000000,USDT,SIM-001,MARGIN,USDT,[],False,{}
99906.70000000,0.00000000,99906.70000000,USDT,SIM-001,MARGIN,USDT,[],False,{}
99828.06000000,0.00000000,99828.06000000,USDT,SIM-001,MARGIN,USDT,[],False,{}
99749.42000000,0.00000000,99749.42000000,USDT,SIM-001,MARGIN,USDT,[],False,{}
99749.42000000,0.00000000,99749.42000000,USDT,SIM-001,MARGIN,USDT,[],False,{}
99749.42000000,0.00000000,99749.42000000,USDT,SIM-001,MARGIN,USDT,[],False,{}
99749.42000000,0.00000000,99749.42000000,USDT,SIM-001,MARGIN,USDT,[],False,{}
99749.42000000,0.00000000,99749.42000000,USDT,SIM-001,MARGIN,USDT,[],False,{}
99749.42000000,0.00000000,99749.42000000,USDT,SIM-001,MARGIN,USDT,[],False,{}
99749.42000000,0.00000000,99749.42000000,USDT,SIM-001,MARGIN,USDT,[],False,{}
99749.42000000,0.00000000,99749.42000000,USDT,SIM-001,MARGIN,USDT,[],False,{}
99749.42000000,0.00000000,99749.42000000,USDT,SIM-001,MARGIN,USDT,[],False,{}
99697.68000000,0.00000000,99697.68000000,USDT,SIM-001,MARGIN,USDT,[],False,{}
99697.68000000,0.00000000,99697.68000000,USDT,SIM-001,MARGIN,USDT,[],False,{}
99697.68000000,0.00000000,99697.68000000,USDT,SIM-001,MARGIN,USDT,[],False,{}
99696.16000000,0.00000000,99696.16000000,USDT,SIM-001,MARGIN,USDT,[],False,{}
99696.16000000,0.00000000,99696.16000000,USDT,SIM-001,MARGIN,USDT,[],False,{}
99696.16000000,0.00000000,99696.16000000,USDT,SIM-001,MARGIN,USDT,[],False,{}
99696.16000000,0.00000000,99696.16000000,USDT,SIM-001,MARGIN,USDT,[],False,{}
99717.11000000,0.00000000,99717.11000000,USDT,SIM-001,MARGIN,USDT,[],False,{}
99717.11000000,0.00000000,99717.11000000,USDT,SIM-001,MARGIN,USDT,[],False,{}
99716.11000000,0.00000000,99716.11000000,USDT,SIM-001,MARGIN,USDT,[],False,{}
99715.11000000,0.00000000,99715.11000000,USDT,SIM-001,MARGIN,USDT,[],False,{}
99714.11000000,0.00000000,99714.11000000,USDT,SIM-001,MARGIN,USDT,[],False,{}
99713.11000000,0.00000000,99713.11000000,USDT,SIM-001,MARGIN,USDT,[],False,{}
99712.11000000,0.00000000,99712.11000000,USDT,SIM-001,MARGIN,USDT,[],False,{}
99712.11000000,0.00000000,99712.11000000,USDT,SIM-001,MARGIN,USDT,[],False,{}
99712.11000000,0.00000000,99712.11000000,USDT,SIM-001,MARGIN,USDT,[],False,{}
99686.12000000,0.00000000,99686.12000000,USDT,SIM-001,MARGIN,USDT,[],False,{}
99671.26000000,0.00000000,99671.26000000,USDT,SIM-001,MARGIN,USDT,[],False,{}
99671.26000000,0.00000000,99671.26000000,USDT,SIM-001,MARGIN,USDT,[],False,{}
99671.26000000,0.00000000,99671.26000000,USDT,SIM-001,MARGIN,USDT,[],False,{}
99671.26000000,0.00000000,99671.26000000,USDT,SIM-001,MARGIN,USDT,[],False,{}
99671.26000000,0.00000000,99671.26000000,USDT,SIM-001,MARGIN,USDT,[],False,{}
99670.26000000,0.00000000,99670.26000000,USDT,SIM-001,MARGIN,USDT,[],False,{}
99670.26000000,0.00000000,99670.26000000,USDT,SIM-001,MARGIN,USDT,[],False,{}
99670.26000000,0.00000000,99670.26000000,USDT,SIM-001,MARGIN,USDT,[],False,{}
99669.54000000,0.00000000,99669.54000000,USDT,SIM-001,MARGIN,USDT,[],False,{}
99669.54000000,0.00000000,99669.54000000,USDT,SIM-001,MARGIN,USDT,[],False,{}
99669.54000000,0.00000000,99669.54000000,USDT,SIM-001,MARGIN,USDT,[],False,{}
99669.54000000,0.00000000,99669.54000000,USDT,SIM-001,MARGIN,USDT,[],False,{}
99669.54000000,0.00000000,99669.54000000,USDT,SIM-001,MARGIN,USDT,[],False,{}
99669.54000000,0.00000000,99669.54000000,USDT,SIM-001,MARGIN,USDT,[],False,{}
99669.54000000,0.00000000,99669.54000000,USDT,SIM-001,MARGIN,USDT,[],False,{}
99669.54000000,0.00000000,99669.54000000,USDT,SIM-001,MARGIN,USDT,[],False,{}
99669.54000000,0.00000000,99669.54000000,USDT,SIM-001,MARGIN,USDT,[],False,{}
99669.54000000,0.00000000,99669.54000000,USDT,SIM-001,MARGIN,USDT,[],False,{}
99669.54000000,0.00000000,99669.54000000,USDT,SIM-001,MARGIN,USDT,[],False,{}
99669.54000000,0.00000000,99669.54000000,USDT,SIM-001,MARGIN,USDT,[],False,{}
99669.54000000,0.00000000,99669.54000000,USDT,SIM-001,MARGIN,USDT,[],False,{}
99624.84000000,0.00000000,99624.84000000,USDT,SIM-001,MARGIN,USDT,[],False,{}
99624.84000000,0.00000000,99624.84000000,USDT,SIM-001,MARGIN,USDT,[],False,{}
99624.84000000,0.00000000,99624.84000000,USDT,SIM-001,MARGIN,USDT,[],False,{}
99596.81000000,0.00000000,99596.81000000,USDT,SIM-001,MARGIN,USDT,[],False,{}
99596.81000000,0.00000000,99596.81000000,USDT,SIM-001,MARGIN,USDT,[],False,{}
99596.81000000,0.00000000,99596.81000000,USDT,SIM-001,MARGIN,USDT,[],False,{}
99596.81000000,0.00000000,99596.81000000,USDT,SIM-001,MARGIN,USDT,[],False,{}
99596.81000000,0.00000000,99596.81000000,USDT,SIM-001,MARGIN,USDT,[],False,{}
99596.81000000,0.00000000,99596.81000000,USDT,SIM-001,MARGIN,USDT,[],False,{}
99596.81000000,0.00000000,99596.81000000,USDT,SIM-001,MARGIN,USDT,[],False,{}
99596.81000000,0.00000000,99596.81000000,USDT,SIM-001,MARGIN,USDT,[],False,{}
99596.81000000,0.00000000,99596.81000000,USDT,SIM-001,MARGIN,USDT,[],False,{}
99869.28000000,0.00000000,99869.28000000,USDT,SIM-001,MARGIN,USDT,[],False,{}
99869.28000000,0.00000000,99869.28000000,USDT,SIM-001,MARGIN,USDT,[],False,{}
99869.28000000,0.00000000,99869.28000000,USDT,SIM-001,MARGIN,USDT,[],False,{}
99869.28000000,0.00000000,99869.28000000,USDT,SIM-001,MARGIN,USDT,[],False,{}
99869.28000000,0.00000000,99869.28000000,USDT,SIM-001,MARGIN,USDT,[],False,{}
99868.28000000,0.00000000,99868.28000000,USDT,SIM-001,MARGIN,USDT,[],False,{}
99868.28000000,0.00000000,99868.28000000,USDT,SIM-001,MARGIN,USDT,[],False,{}
99868.28000000,0.00000000,99868.28000000,USDT,SIM-001,MARGIN,USDT,[],False,{}
99906.68000000,0.00000000,99906.68000000,USDT,SIM-001,MARGIN,USDT,[],False,{}
99905.99000000,0.00000000,99905.99000000,USDT,SIM-001,MARGIN,USDT,[],False,{}
99905.99000000,0.00000000,99905.99000000,USDT,SIM-001,MARGIN,USDT,[],False,{}
99905.99000000,0.00000000,99905.99000000,USDT,SIM-001,MARGIN,USDT,[],False,{}
99904.99000000,0.00000000,99904.99000000,USDT,SIM-001,MARGIN,USDT,[],False,{}
99903.99000000,0.00000000,99903.99000000,USDT,SIM-001,MARGIN,USDT,[],False,{}
99903.99000000,0.00000000,99903.99000000,USDT,SIM-001,MARGIN,USDT,[],False,{}
99903.99000000,0.00000000,99903.99000000,USDT,SIM-001,MARGIN,USDT,[],False,{}
99903.99000000,0.00000000,99903.99000000,USDT,SIM-001,MARGIN,USDT,[],False,{}
99903.99000000,0.00000000,99903.99000000,USDT,SIM-001,MARGIN,USDT,[],False,{}
99903.99000000,0.00000000,99903.99000000,USDT,SIM-001,MARGIN,USDT,[],False,{}
99903.99000000,0.00000000,99903.99000000,USDT,SIM-001,MARGIN,USDT,[],False,{}
99903.99000000,0.00000000,99903.99000000,USDT,SIM-001,MARGIN,USDT,[],False,{}
99903.99000000,0.00000000,99903.99000000,USDT,SIM-001,MARGIN,USDT,[],False,{}
99919.06000000,0.00000000,99919.06000000,USDT,SIM-001,MARGIN,USDT,[],False,{}
99919.06000000,0.00000000,99919.06000000,USDT,SIM-001,MARGIN,USDT,[],False,{}
99919.06000000,0.00000000,99919.06000000,USDT,SIM-001,MARGIN,USDT,[],False,{}
99950.79000000,0.00000000,99950.79000000,USDT,SIM-001,MARGIN,USDT,[],False,{}
99950.79000000,0.00000000,99950.79000000,USDT,SIM-001,MARGIN,USDT,[],False,{}
99950.79000000,0.00000000,99950.79000000,USDT,SIM-001,MARGIN,USDT,[],False,{}
99950.79000000,0.00000000,99950.79000000,USDT,SIM-001,MARGIN,USDT,[],False,{}
99950.79000000,0.00000000,99950.79000000,USDT,SIM-001,MARGIN,USDT,[],False,{}
99950.79000000,0.00000000,99950.79000000,USDT,SIM-001,MARGIN,USDT,[],False,{}
99950.79000000,0.00000000,99950.79000000,USDT,SIM-001,MARGIN,USDT,[],False,{}
99950.79000000,0.00000000,99950.79000000,USDT,SIM-001,MARGIN,USDT,[],False,{}
99950.79000000,0.00000000,99950.79000000,USDT,SIM-001,MARGIN,USDT,[],False,{}
99950.79000000,0.00000000,99950.79000000,USDT,SIM-001,MARGIN,USDT,[],False,{}
99950.79000000,0.00000000,99950.79000000,USDT,SIM-001,MARGIN,USDT,[],False,{}
99950.79000000,0.00000000,99950.79000000,USDT,SIM-001,MARGIN,USDT,[],False,{}
99950.79000000,0.00000000,99950.79000000,USDT,SIM-001,MARGIN,USDT,[],False,{}
99993.57000000,0.00000000,99993.57000000,USDT,SIM-001,MARGIN,USDT,[],False,{}
99993.57000000,0.00000000,99993.57000000,USDT,SIM-001,MARGIN,USDT,[],False,{}
99993.57000000,0.00000000,99993.57000000,USDT,SIM-001,MARGIN,USDT,[],False,{}
99993.57000000,0.00000000,99993.57000000,USDT,SIM-001,MARGIN,USDT,[],False,{}
99992.57000000,0.00000000,99992.57000000,USDT,SIM-001,MARGIN,USDT,[],False,{}
99992.57000000,0.00000000,99992.57000000,USDT,SIM-001,MARGIN,USDT,[],False,{}
99992.57000000,0.00000000,99992.57000000,USDT,SIM-001,MARGIN,USDT,[],False,{}
99992.57000000,0.00000000,99992.57000000,USDT,SIM-001,MARGIN,USDT,[],False,{}
99992.57000000,0.00000000,99992.57000000,USDT,SIM-001,MARGIN,USDT,[],False,{}
99992.57000000,0.00000000,99992.57000000,USDT,SIM-001,MARGIN,USDT,[],False,{}
99992.57000000,0.00000000,99992.57000000,USDT,SIM-001,MARGIN,USDT,[],False,{}
99992.57000000,0.00000000,99992.57000000,USDT,SIM-001,MARGIN,USDT,[],False,{}
99992.57000000,0.00000000,99992.57000000,USDT,SIM-001,MARGIN,USDT,[],False,{}
99992.57000000,0.00000000,99992.57000000,USDT,SIM-001,MARGIN,USDT,[],False,{}
99992.57000000,0.00000000,99992.57000000,USDT,SIM-001,MARGIN,USDT,[],False,{}
99992.57000000,0.00000000,99992.57000000,USDT,SIM-001,MARGIN,USDT,[],False,{}
99992.57000000,0.00000000,99992.57000000,USDT,SIM-001,MARGIN,USDT,[],False,{}
99991.57000000,0.00000000,99991.57000000,USDT,SIM-001,MARGIN,USDT,[],False,{}
99991.57000000,0.00000000,99991.57000000,USDT,SIM-001,MARGIN,USDT,[],False,{}
99991.57000000,0.00000000,99991.57000000,USDT,SIM-001,MARGIN,USDT,[],False,{}
99990.57000000,0.00000000,99990.57000000,USDT,SIM-001,MARGIN,USDT,[],False,{}
99990.57000000,0.00000000,99990.57000000,USDT,SIM-001,MARGIN,USDT,[],False,{}
99990.57000000,0.00000000,99990.57000000,USDT,SIM-001,MARGIN,USDT,[],False,{}
100002.35000000,0.00000000,100002.35000000,USDT,SIM-001,MARGIN,USDT,[],False,{}
100014.13000000,0.00000000,100014.13000000,USDT,SIM-001,MARGIN,USDT,[],False,{}
100025.91000000,0.00000000,100025.91000000,USDT,SIM-001,MARGIN,USDT,[],False,{}
100025.50000000,0.00000000,100025.50000000,USDT,SIM-001,MARGIN,USDT,[],False,{}
100025.50000000,0.00000000,100025.50000000,USDT,SIM-001,MARGIN,USDT,[],False,{}
100024.50000000,0.00000000,100024.50000000,USDT,SIM-001,MARGIN,USDT,[],False,{}
100023.50000000,0.00000000,100023.50000000,USDT,SIM-001,MARGIN,USDT,[],False,{}
100023.50000000,0.00000000,100023.50000000,USDT,SIM-001,MARGIN,USDT,[],False,{}
100023.50000000,0.00000000,100023.50000000,USDT,SIM-001,MARGIN,USDT,[],False,{}
100023.50000000,0.00000000,100023.50000000,USDT,SIM-001,MARGIN,USDT,[],False,{}
100023.50000000,0.00000000,100023.50000000,USDT,SIM-001,MARGIN,USDT,[],False,{}
100013.12000000,0.00000000,100013.12000000,USDT,SIM-001,MARGIN,USDT,[],False,{}
100013.12000000,0.00000000,100013.12000000,USDT,SIM-001,MARGIN,USDT,[],False,{}
100013.12000000,0.00000000,100013.12000000,USDT,SIM-001,MARGIN,USDT,[],False,{}
100012.12000000,0.00000000,100012.12000000,USDT,SIM-001,MARGIN,USDT,[],False,{}
100011.12000000,0.00000000,100011.12000000,USDT,SIM-001,MARGIN,USDT,[],False,{}
100011.12000000,0.00000000,100011.12000000,USDT,SIM-001,MARGIN,USDT,[],False,{}
100010.12000000,0.00000000,100010.12000000,USDT,SIM-001,MARGIN,USDT,[],False,{}
100009.12000000,0.00000000,100009.12000000,USDT,SIM-001,MARGIN,USDT,[],False,{}
100009.12000000,0.00000000,100009.12000000,USDT,SIM-001,MARGIN,USDT,[],False,{}
100015.88000000,0.00000000,100015.88000000,USDT,SIM-001,MARGIN,USDT,[],False,{}
100022.64000000,0.00000000,100022.64000000,USDT,SIM-001,MARGIN,USDT,[],False,{}
100029.40000000,0.00000000,100029.40000000,USDT,SIM-001,MARGIN,USDT,[],False,{}
100029.40000000,0.00000000,100029.40000000,USDT,SIM-001,MARGIN,USDT,[],False,{}
100029.40000000,0.00000000,100029.40000000,USDT,SIM-001,MARGIN,USDT,[],False,{}
100029.40000000,0.00000000,100029.40000000,USDT,SIM-001,MARGIN,USDT,[],False,{}
100029.40000000,0.00000000,100029.40000000,USDT,SIM-001,MARGIN,USDT,[],False,{}
100162.16000000,0.00000000,100162.16000000,USDT,SIM-001,MARGIN,USDT,[],False,{}
100162.16000000,0.00000000,100162.16000000,USDT,SIM-001,MARGIN,USDT,[],False,{}
100162.16000000,0.00000000,100162.16000000,USDT,SIM-001,MARGIN,USDT,[],False,{}
100309.89000000,0.00000000,100309.89000000,USDT,SIM-001,MARGIN,USDT,[],False,{}
100309.89000000,0.00000000,100309.89000000,USDT,SIM-001,MARGIN,USDT,[],False,{}
100309.89000000,0.00000000,100309.89000000,USDT,SIM-001,MARGIN,USDT,[],False,{}
100308.89000000,0.00000000,100308.89000000,USDT,SIM-001,MARGIN,USDT,[],False,{}
100307.89000000,0.00000000,100307.89000000,USDT,SIM-001,MARGIN,USDT,[],False,{}
100306.89000000,0.00000000,100306.89000000,USDT,SIM-001,MARGIN,USDT,[],False,{}
100305.89000000,0.00000000,100305.89000000,USDT,SIM-001,MARGIN,USDT,[],False,{}
100304.89000000,0.00000000,100304.89000000,USDT,SIM-001,MARGIN,USDT,[],False,{}
100303.89000000,0.00000000,100303.89000000,USDT,SIM-001,MARGIN,USDT,[],False,{}
100303.89000000,0.00000000,100303.89000000,USDT,SIM-001,MARGIN,USDT,[],False,{}
100303.89000000,0.00000000,100303.89000000,USDT,SIM-001,MARGIN,USDT,[],False,{}
100319.91000000,0.00000000,100319.91000000,USDT,SIM-001,MARGIN,USDT,[],False,{}
100349.94000000,0.00000000,100349.94000000,USDT,SIM-001,MARGIN,USDT,[],False,{}
100349.94000000,0.00000000,100349.94000000,USDT,SIM-001,MARGIN,USDT,[],False,{}
100349.94000000,0.00000000,100349.94000000,USDT,SIM-001,MARGIN,USDT,[],False,{}
100402.94000000,0.00000000,100402.94000000,USDT,SIM-001,MARGIN,USDT,[],False,{}
100466.60000000,0.00000000,100466.60000000,USDT,SIM-001,MARGIN,USDT,[],False,{}
100466.60000000,0.00000000,100466.60000000,USDT,SIM-001,MARGIN,USDT,[],False,{}
100466.60000000,0.00000000,100466.60000000,USDT,SIM-001,MARGIN,USDT,[],False,{}
100466.60000000,0.00000000,100466.60000000,USDT,SIM-001,MARGIN,USDT,[],False,{}
100466.60000000,0.00000000,100466.60000000,USDT,SIM-001,MARGIN,USDT,[],False,{}
100465.60000000,0.00000000,100465.60000000,USDT,SIM-001,MARGIN,USDT,[],False,{}
100465.60000000,0.00000000,100465.60000000,USDT,SIM-001,MARGIN,USDT,[],False,{}
100465.60000000,0.00000000,100465.60000000,USDT,SIM-001,MARGIN,USDT,[],False,{}
100464.60000000,0.00000000,100464.60000000,USDT,SIM-001,MARGIN,USDT,[],False,{}
100464.60000000,0.00000000,100464.60000000,USDT,SIM-001,MARGIN,USDT,[],False,{}
100464.60000000,0.00000000,100464.60000000,USDT,SIM-001,MARGIN,USDT,[],False,{}
100549.94000000,0.00000000,100549.94000000,USDT,SIM-001,MARGIN,USDT,[],False,{}
100635.28000000,0.00000000,100635.28000000,USDT,SIM-001,MARGIN,USDT,[],False,{}
100720.62000000,0.00000000,100720.62000000,USDT,SIM-001,MARGIN,USDT,[],False,{}
100815.10000000,0.00000000,100815.10000000,USDT,SIM-001,MARGIN,USDT,[],False,{}
100889.80000000,0.00000000,100889.80000000,USDT,SIM-001,MARGIN,USDT,[],False,{}
100889.80000000,0.00000000,100889.80000000,USDT,SIM-001,MARGIN,USDT,[],False,{}
100888.80000000,0.00000000,100888.80000000,USDT,SIM-001,MARGIN,USDT,[],False,{}
100888.80000000,0.00000000,100888.80000000,USDT,SIM-001,MARGIN,USDT,[],False,{}
100888.80000000,0.00000000,100888.80000000,USDT,SIM-001,MARGIN,USDT,[],False,{}
100888.80000000,0.00000000,100888.80000000,USDT,SIM-001,MARGIN,USDT,[],False,{}
100888.80000000,0.00000000,100888.80000000,USDT,SIM-001,MARGIN,USDT,[],False,{}
100949.44000000,0.00000000,100949.44000000,USDT,SIM-001,MARGIN,USDT,[],False,{}
100949.44000000,0.00000000,100949.44000000,USDT,SIM-001,MARGIN,USDT,[],False,{}
100949.44000000,0.00000000,100949.44000000,USDT,SIM-001,MARGIN,USDT,[],False,{}
100948.44000000,0.00000000,100948.44000000,USDT,SIM-001,MARGIN,USDT,[],False,{}
100947.44000000,0.00000000,100947.44000000,USDT,SIM-001,MARGIN,USDT,[],False,{}
100947.44000000,0.00000000,100947.44000000,USDT,SIM-001,MARGIN,USDT,[],False,{}
100986.36000000,0.00000000,100986.36000000,USDT,SIM-001,MARGIN,USDT,[],False,{}
101025.28000000,0.00000000,101025.28000000,USDT,SIM-001,MARGIN,USDT,[],False,{}
101025.28000000,0.00000000,101025.28000000,USDT,SIM-001,MARGIN,USDT,[],False,{}
101024.28000000,0.00000000,101024.28000000,USDT,SIM-001,MARGIN,USDT,[],False,{}
101023.28000000,0.00000000,101023.28000000,USDT,SIM-001,MARGIN,USDT,[],False,{}
101022.28000000,0.00000000,101022.28000000,USDT,SIM-001,MARGIN,USDT,[],False,{}
101022.28000000,0.00000000,101022.28000000,USDT,SIM-001,MARGIN,USDT,[],False,{}
101022.28000000,0.00000000,101022.28000000,USDT,SIM-001,MARGIN,USDT,[],False,{}
101022.28000000,0.00000000,101022.28000000,USDT,SIM-001,MARGIN,USDT,[],False,{}
101022.28000000,0.00000000,101022.28000000,USDT,SIM-001,MARGIN,USDT,[],False,{}
101007.28000000,0.00000000,101007.28000000,USDT,SIM-001,MARGIN,USDT,[],False,{}
101007.28000000,0.00000000,101007.28000000,USDT,SIM-001,MARGIN,USDT,[],False,{}
101007.28000000,0.00000000,101007.28000000,USDT,SIM-001,MARGIN,USDT,[],False,{}
101009.73000000,0.00000000,101009.73000000,USDT,SIM-001,MARGIN,USDT,[],False,{}
101009.73000000,0.00000000,101009.73000000,USDT,SIM-001,MARGIN,USDT,[],False,{}
101009.73000000,0.00000000,101009.73000000,USDT,SIM-001,MARGIN,USDT,[],False,{}
101008.73000000,0.00000000,101008.73000000,USDT,SIM-001,MARGIN,USDT,[],False,{}
101007.73000000,0.00000000,101007.73000000,USDT,SIM-001,MARGIN,USDT,[],False,{}
101006.73000000,0.00000000,101006.73000000,USDT,SIM-001,MARGIN,USDT,[],False,{}
101005.73000000,0.00000000,101005.73000000,USDT,SIM-001,MARGIN,USDT,[],False,{}
101004.73000000,0.00000000,101004.73000000,USDT,SIM-001,MARGIN,USDT,[],False,{}
101003.73000000,0.00000000,101003.73000000,USDT,SIM-001,MARGIN,USDT,[],False,{}
101003.73000000,0.00000000,101003.73000000,USDT,SIM-001,MARGIN,USDT,[],False,{}
101003.73000000,0.00000000,101003.73000000,USDT,SIM-001,MARGIN,USDT,[],False,{}
101030.23000000,0.00000000,101030.23000000,USDT,SIM-001,MARGIN,USDT,[],False,{}
101069.15000000,0.00000000,101069.15000000,USDT,SIM-001,MARGIN,USDT,[],False,{}
101898.48000000,0.00000000,101898.48000000,USDT,SIM-001,MARGIN,USDT,[],False,{}
101898.48000000,0.00000000,101898.48000000,USDT,SIM-001,MARGIN,USDT,[],False,{}
101898.48000000,0.00000000,101898.48000000,USDT,SIM-001,MARGIN,USDT,[],False,{}
101898.48000000,0.00000000,101898.48000000,USDT,SIM-001,MARGIN,USDT,[],False,{}
101898.48000000,0.00000000,101898.48000000,USDT,SIM-001,MARGIN,USDT,[],False,{}
101897.48000000,0.00000000,101897.48000000,USDT,SIM-001,MARGIN,USDT,[],False,{}
101897.48000000,0.00000000,101897.48000000,USDT,SIM-001,MARGIN,USDT,[],False,{}
101897.48000000,0.00000000,101897.48000000,USDT,SIM-001,MARGIN,USDT,[],False,{}
101919.08000000,0.00000000,101919.08000000,USDT,SIM-001,MARGIN,USDT,[],False,{}
101919.08000000,0.00000000,101919.08000000,USDT,SIM-001,MARGIN,USDT,[],False,{}
101918.08000000,0.00000000,101918.08000000,USDT,SIM-001,MARGIN,USDT,[],False,{}
101918.08000000,0.00000000,101918.08000000,USDT,SIM-001,MARGIN,USDT,[],False,{}
101917.08000000,0.00000000,101917.08000000,USDT,SIM-001,MARGIN,USDT,[],False,{}
101916.08000000,0.00000000,101916.08000000,USDT,SIM-001,MARGIN,USDT,[],False,{}
101916.08000000,0.00000000,101916.08000000,USDT,SIM-001,MARGIN,USDT,[],False,{}
101916.08000000,0.00000000,101916.08000000,USDT,SIM-001,MARGIN,USDT,[],False,{}
101916.08000000,0.00000000,101916.08000000,USDT,SIM-001,MARGIN,USDT,[],False,{}
101916.08000000,0.00000000,101916.08000000,USDT,SIM-001,MARGIN,USDT,[],False,{}
101916.08000000,0.00000000,101916.08000000,USDT,SIM-001,MARGIN,USDT,[],False,{}
101916.08000000,0.00000000,101916.08000000,USDT,SIM-001,MARGIN,USDT,[],False,{}
101916.08000000,0.00000000,101916.08000000,USDT,SIM-001,MARGIN,USDT,[],False,{}
101916.08000000,0.00000000,101916.08000000,USDT,SIM-001,MARGIN,USDT,[],False,{}
101915.08000000,0.00000000,101915.08000000,USDT,SIM-001,MARGIN,USDT,[],False,{}
101915.08000000,0.00000000,101915.08000000,USDT,SIM-001,MARGIN,USDT,[],False,{}
101915.08000000,0.00000000,101915.08000000,USDT,SIM-001,MARGIN,USDT,[],False,{}
101893.09000000,0.00000000,101893.09000000,USDT,SIM-001,MARGIN,USDT,[],False,{}
101871.10000000,0.00000000,101871.10000000,USDT,SIM-001,MARGIN,USDT,[],False,{}
101871.10000000,0.00000000,101871.10000000,USDT,SIM-001,MARGIN,USDT,[],False,{}
101862.41000000,0.00000000,101862.41000000,USDT,SIM-001,MARGIN,USDT,[],False,{}
101853.77000000,0.00000000,101853.77000000,USDT,SIM-001,MARGIN,USDT,[],False,{}
101853.77000000,0.00000000,101853.77000000,USDT,SIM-001,MARGIN,USDT,[],False,{}
101853.77000000,0.00000000,101853.77000000,USDT,SIM-001,MARGIN,USDT,[],False,{}
101853.77000000,0.00000000,101853.77000000,USDT,SIM-001,MARGIN,USDT,[],False,{}
101853.77000000,0.00000000,101853.77000000,USDT,SIM-001,MARGIN,USDT,[],False,{}
101853.77000000,0.00000000,101853.77000000,USDT,SIM-001,MARGIN,USDT,[],False,{}
101853.77000000,0.00000000,101853.77000000,USDT,SIM-001,MARGIN,USDT,[],False,{}
101853.77000000,0.00000000,101853.77000000,USDT,SIM-001,MARGIN,USDT,[],False,{}
101853.77000000,0.00000000,101853.77000000,USDT,SIM-001,MARGIN,USDT,[],False,{}
101853.77000000,0.00000000,101853.77000000,USDT,SIM-001,MARGIN,USDT,[],False,{}
101852.77000000,0.00000000,101852.77000000,USDT,SIM-001,MARGIN,USDT,[],False,{}
101852.77000000,0.00000000,101852.77000000,USDT,SIM-001,MARGIN,USDT,[],False,{}
101852.77000000,0.00000000,101852.77000000,USDT,SIM-001,MARGIN,USDT,[],False,{}
101863.52000000,0.00000000,101863.52000000,USDT,SIM-001,MARGIN,USDT,[],False,{}
101862.57000000,0.00000000,101862.57000000,USDT,SIM-001,MARGIN,USDT,[],False,{}
101862.57000000,0.00000000,101862.57000000,USDT,SIM-001,MARGIN,USDT,[],False,{}
101862.57000000,0.00000000,101862.57000000,USDT,SIM-001,MARGIN,USDT,[],False,{}
101861.57000000,0.00000000,101861.57000000,USDT,SIM-001,MARGIN,USDT,[],False,{}
101860.57000000,0.00000000,101860.57000000,USDT,SIM-001,MARGIN,USDT,[],False,{}
101860.57000000,0.00000000,101860.57000000,USDT,SIM-001,MARGIN,USDT,[],False,{}
101860.57000000,0.00000000,101860.57000000,USDT,SIM-001,MARGIN,USDT,[],False,{}
101860.57000000,0.00000000,101860.57000000,USDT,SIM-001,MARGIN,USDT,[],False,{}
101860.57000000,0.00000000,101860.57000000,USDT,SIM-001,MARGIN,USDT,[],False,{}
101860.57000000,0.00000000,101860.57000000,USDT,SIM-001,MARGIN,USDT,[],False,{}
101860.57000000,0.00000000,101860.57000000,USDT,SIM-001,MARGIN,USDT,[],False,{}
101860.57000000,0.00000000,101860.57000000,USDT,SIM-001,MARGIN,USDT,[],False,{}
101860.57000000,0.00000000,101860.57000000,USDT,SIM-001,MARGIN,USDT,[],False,{}
101793.67000000,0.00000000,101793.67000000,USDT,SIM-001,MARGIN,USDT,[],False,{}
101793.67000000,0.00000000,101793.67000000,USDT,SIM-001,MARGIN,USDT,[],False,{}
101793.67000000,0.00000000,101793.67000000,USDT,SIM-001,MARGIN,USDT,[],False,{}
101792.67000000,0.00000000,101792.67000000,USDT,SIM-001,MARGIN,USDT,[],False,{}
101791.67000000,0.00000000,101791.67000000,USDT,SIM-001,MARGIN,USDT,[],False,{}
101791.67000000,0.00000000,101791.67000000,USDT,SIM-001,MARGIN,USDT,[],False,{}
101791.47000000,0.00000000,101791.47000000,USDT,SIM-001,MARGIN,USDT,[],False,{}
101791.23000000,0.00000000,101791.23000000,USDT,SIM-001,MARGIN,USDT,[],False,{}
101791.23000000,0.00000000,101791.23000000,USDT,SIM-001,MARGIN,USDT,[],False,{}
101791.23000000,0.00000000,101791.23000000,USDT,SIM-001,MARGIN,USDT,[],False,{}
101791.23000000,0.00000000,101791.23000000,USDT,SIM-001,MARGIN,USDT,[],False,{}
101791.23000000,0.00000000,101791.23000000,USDT,SIM-001,MARGIN,USDT,[],False,{}
101791.23000000,0.00000000,101791.23000000,USDT,SIM-001,MARGIN,USDT,[],False,{}
101791.23000000,0.00000000,101791.23000000,USDT,SIM-001,MARGIN,USDT,[],False,{}
101791.23000000,0.00000000,101791.23000000,USDT,SIM-001,MARGIN,USDT,[],False,{}
101791.23000000,0.00000000,101791.23000000,USDT,SIM-001,MARGIN,USDT,[],False,{}
101790.23000000,0.00000000,101790.23000000,USDT,SIM-001,MARGIN,USDT,[],False,{}
101790.23000000,0.00000000,101790.23000000,USDT,SIM-001,MARGIN,USDT,[],False,{}
101790.23000000,0.00000000,101790.23000000,USDT,SIM-001,MARGIN,USDT,[],False,{}
101789.98000000,0.00000000,101789.98000000,USDT,SIM-001,MARGIN,USDT,[],False,{}
101789.98000000,0.00000000,101789.98000000,USDT,SIM-001,MARGIN,USDT,[],False,{}
101789.98000000,0.00000000,101789.98000000,USDT,SIM-001,MARGIN,USDT,[],False,{}
101789.98000000,0.00000000,101789.98000000,USDT,SIM-001,MARGIN,USDT,[],False,{}
101789.98000000,0.00000000,101789.98000000,USDT,SIM-001,MARGIN,USDT,[],False,{}
101789.98000000,0.00000000,101789.98000000,USDT,SIM-001,MARGIN,USDT,[],False,{}
101789.98000000,0.00000000,101789.98000000,USDT,SIM-001,MARGIN,USDT,[],False,{}
101789.98000000,0.00000000,101789.98000000,USDT,SIM-001,MARGIN,USDT,[],False,{}
101789.98000000,0.00000000,101789.98000000,USDT,SIM-001,MARGIN,USDT,[],False,{}
100953.48000000,0.00000000,100953.48000000,USDT,SIM-001,MARGIN,USDT,[],False,{}
100953.48000000,0.00000000,100953.48000000,USDT,SIM-001,MARGIN,USDT,[],False,{}
100953.48000000,0.00000000,100953.48000000,USDT,SIM-001,MARGIN,USDT,[],False,{}
100953.48000000,0.00000000,100953.48000000,USDT,SIM-001,MARGIN,USDT,[],False,{}
100953.48000000,0.00000000,100953.48000000,USDT,SIM-001,MARGIN,USDT,[],False,{}
100952.48000000,0.00000000,100952.48000000,USDT,SIM-001,MARGIN,USDT,[],False,{}
100952.48000000,0.00000000,100952.48000000,USDT,SIM-001,MARGIN,USDT,[],False,{}
100952.48000000,0.00000000,100952.48000000,USDT,SIM-001,MARGIN,USDT,[],False,{}
100951.48000000,0.00000000,100951.48000000,USDT,SIM-001,MARGIN,USDT,[],False,{}
100951.48000000,0.00000000,100951.48000000,USDT,SIM-001,MARGIN,USDT,[],False,{}
100951.48000000,0.00000000,100951.48000000,USDT,SIM-001,MARGIN,USDT,[],False,{}
100951.48000000,0.00000000,100951.48000000,USDT,SIM-001,MARGIN,USDT,[],False,{}
100951.48000000,0.00000000,100951.48000000,USDT,SIM-001,MARGIN,USDT,[],False,{}
100951.48000000,0.00000000,100951.48000000,USDT,SIM-001,MARGIN,USDT,[],False,{}
100951.48000000,0.00000000,100951.48000000,USDT,SIM-001,MARGIN,USDT,[],False,{}
100951.48000000,0.00000000,100951.48000000,USDT,SIM-001,MARGIN,USDT,[],False,{}
100951.48000000,0.00000000,100951.48000000,USDT,SIM-001,MARGIN,USDT,[],False,{}
100951.48000000,0.00000000,100951.48000000,USDT,SIM-001,MARGIN,USDT,[],False,{}
100951.48000000,0.00000000,100951.48000000,USDT,SIM-001,MARGIN,USDT,[],False,{}
100951.48000000,0.00000000,100951.48000000,USDT,SIM-001,MARGIN,USDT,[],False,{}
100951.48000000,0.00000000,100951.48000000,USDT,SIM-001,MARGIN,USDT,[],False,{}
100950.48000000,0.00000000,100950.48000000,USDT,SIM-001,MARGIN,USDT,[],False,{}
100950.48000000,0.00000000,100950.48000000,USDT,SIM-001,MARGIN,USDT,[],False,{}
100950.48000000,0.00000000,100950.48000000,USDT,SIM-001,MARGIN,USDT,[],False,{}
100949.48000000,0.00000000,100949.48000000,USDT,SIM-001,MARGIN,USDT,[],False,{}
100949.48000000,0.00000000,100949.48000000,USDT,SIM-001,MARGIN,USDT,[],False,{}
100949.48000000,0.00000000,100949.48000000,USDT,SIM-001,MARGIN,USDT,[],False,{}
100972.31000000,0.00000000,100972.31000000,USDT,SIM-001,MARGIN,USDT,[],False,{}
100995.14000000,0.00000000,100995.14000000,USDT,SIM-001,MARGIN,USDT,[],False,{}
101017.97000000,0.00000000,101017.97000000,USDT,SIM-001,MARGIN,USDT,[],False,{}
101017.97000000,0.00000000,101017.97000000,USDT,SIM-001,MARGIN,USDT,[],False,{}
101017.97000000,0.00000000,101017.97000000,USDT,SIM-001,MARGIN,USDT,[],False,{}
101017.97000000,0.00000000,101017.97000000,USDT,SIM-001,MARGIN,USDT,[],False,{}
101017.97000000,0.00000000,101017.97000000,USDT,SIM-001,MARGIN,USDT,[],False,{}
101017.97000000,0.00000000,101017.97000000,USDT,SIM-001,MARGIN,USDT,[],False,{}
101017.97000000,0.00000000,101017.97000000,USDT,SIM-001,MARGIN,USDT,[],False,{}
101017.97000000,0.00000000,101017.97000000,USDT,SIM-001,MARGIN,USDT,[],False,{}
101016.97000000,0.00000000,101016.97000000,USDT,SIM-001,MARGIN,USDT,[],False,{}
101016.97000000,0.00000000,101016.97000000,USDT,SIM-001,MARGIN,USDT,[],False,{}
101016.97000000,0.00000000,101016.97000000,USDT,SIM-001,MARGIN,USDT,[],False,{}
101015.97000000,0.00000000,101015.97000000,USDT,SIM-001,MARGIN,USDT,[],False,{}
101015.97000000,0.00000000,101015.97000000,USDT,SIM-001,MARGIN,USDT,[],False,{}
101015.97000000,0.00000000,101015.97000000,USDT,SIM-001,MARGIN,USDT,[],False,{}
101015.97000000,0.00000000,101015.97000000,USDT,SIM-001,MARGIN,USDT,[],False,{}
101015.97000000,0.00000000,101015.97000000,USDT,SIM-001,MARGIN,USDT,[],False,{}
101015.97000000,0.00000000,101015.97000000,USDT,SIM-001,MARGIN,USDT,[],False,{}
101015.97000000,0.00000000,101015.97000000,USDT,SIM-001,MARGIN,USDT,[],False,{}
101015.97000000,0.00000000,101015.97000000,USDT,SIM-001,MARGIN,USDT,[],False,{}
101015.97000000,0.00000000,101015.97000000,USDT,SIM-001,MARGIN,USDT,[],False,{}
101015.97000000,0.00000000,101015.97000000,USDT,SIM-001,MARGIN,USDT,[],False,{}
101015.97000000,0.00000000,101015.97000000,USDT,SIM-001,MARGIN,USDT,[],False,{}
101015.97000000,0.00000000,101015.97000000,USDT,SIM-001,MARGIN,USDT,[],False,{}
101015.97000000,0.00000000,101015.97000000,USDT,SIM-001,MARGIN,USDT,[],False,{}
101014.97000000,0.00000000,101014.97000000,USDT,SIM-001,MARGIN,USDT,[],False,{}
101014.97000000,0.00000000,101014.97000000,USDT,SIM-001,MARGIN,USDT,[],False,{}
101014.97000000,0.00000000,101014.97000000,USDT,SIM-001,MARGIN,USDT,[],False,{}
101013.97000000,0.00000000,101013.97000000,USDT,SIM-001,MARGIN,USDT,[],False,{}
101013.97000000,0.00000000,101013.97000000,USDT,SIM-001,MARGIN,USDT,[],False,{}
101013.97000000,0.00000000,101013.97000000,USDT,SIM-001,MARGIN,USDT,[],False,{}
101013.97000000,0.00000000,101013.97000000,USDT,SIM-001,MARGIN,USDT,[],False,{}
101013.97000000,0.00000000,101013.97000000,USDT,SIM-001,MARGIN,USDT,[],False,{}
101013.97000000,0.00000000,101013.97000000,USDT,SIM-001,MARGIN,USDT,[],False,{}
101013.97000000,0.00000000,101013.97000000,USDT,SIM-001,MARGIN,USDT,[],False,{}
101013.97000000,0.00000000,101013.97000000,USDT,SIM-001,MARGIN,USDT,[],False,{}
101013.97000000,0.00000000,101013.97000000,USDT,SIM-001,MARGIN,USDT,[],False,{}
101013.97000000,0.00000000,101013.97000000,USDT,SIM-001,MARGIN,USDT,[],False,{}
101013.97000000,0.00000000,101013.97000000,USDT,SIM-001,MARGIN,USDT,[],False,{}
101013.97000000,0.00000000,101013.97000000,USDT,SIM-001,MARGIN,USDT,[],False,{}
101013.97000000,0.00000000,101013.97000000,USDT,SIM-001,MARGIN,USDT,[],False,{}
101007.97000000,0.00000000,101007.97000000,USDT,SIM-001,MARGIN,USDT,[],False,{}
101007.97000000,0.00000000,101007.97000000,USDT,SIM-001,MARGIN,USDT,[],False,{}
101007.97000000,0.00000000,101007.97000000,USDT,SIM-001,MARGIN,USDT,[],False,{}
101006.97000000,0.00000000,101006.97000000,USDT,SIM-001,MARGIN,USDT,[],False,{}
101005.97000000,0.00000000,101005.97000000,USDT,SIM-001,MARGIN,USDT,[],False,{}
101005.97000000,0.00000000,101005.97000000,USDT,SIM-001,MARGIN,USDT,[],False,{}
101026.46000000,0.00000000,101026.46000000,USDT,SIM-001,MARGIN,USDT,[],False,{}
101046.95000000,0.00000000,101046.95000000,USDT,SIM-001,MARGIN,USDT,[],False,{}
101046.95000000,0.00000000,101046.95000000,USDT,SIM-001,MARGIN,USDT,[],False,{}
101046.95000000,0.00000000,101046.95000000,USDT,SIM-001,MARGIN,USDT,[],False,{}
101046.95000000,0.00000000,101046.95000000,USDT,SIM-001,MARGIN,USDT,[],False,{}
101046.95000000,0.00000000,101046.95000000,USDT,SIM-001,MARGIN,USDT,[],False,{}
101046.95000000,0.00000000,101046.95000000,USDT,SIM-001,MARGIN,USDT,[],False,{}
101046.95000000,0.00000000,101046.95000000,USDT,SIM-001,MARGIN,USDT,[],False,{}
101046.95000000,0.00000000,101046.95000000,USDT,SIM-001,MARGIN,USDT,[],False,{}
101046.95000000,0.00000000,101046.95000000,USDT,SIM-001,MARGIN,USDT,[],False,{}
101045.95000000,0.00000000,101045.95000000,USDT,SIM-001,MARGIN,USDT,[],False,{}
101044.95000000,0.00000000,101044.95000000,USDT,SIM-001,MARGIN,USDT,[],False,{}
101044.95000000,0.00000000,101044.95000000,USDT,SIM-001,MARGIN,USDT,[],False,{}
101044.95000000,0.00000000,101044.95000000,USDT,SIM-001,MARGIN,USDT,[],False,{}
101121.99000000,0.00000000,101121.99000000,USDT,SIM-001,MARGIN,USDT,[],False,{}
101199.03000000,0.00000000,101199.03000000,USDT,SIM-001,MARGIN,USDT,[],False,{}
101288.79000000,0.00000000,101288.79000000,USDT,SIM-001,MARGIN,USDT,[],False,{}
101378.55000000,0.00000000,101378.55000000,USDT,SIM-001,MARGIN,USDT,[],False,{}
101378.55000000,0.00000000,101378.55000000,USDT,SIM-001,MARGIN,USDT,[],False,{}
101378.55000000,0.00000000,101378.55000000,USDT,SIM-001,MARGIN,USDT,[],False,{}
101378.55000000,0.00000000,101378.55000000,USDT,SIM-001,MARGIN,USDT,[],False,{}
101378.55000000,0.00000000,101378.55000000,USDT,SIM-001,MARGIN,USDT,[],False,{}
101377.55000000,0.00000000,101377.55000000,USDT,SIM-001,MARGIN,USDT,[],False,{}
101377.55000000,0.00000000,101377.55000000,USDT,SIM-001,MARGIN,USDT,[],False,{}
101377.55000000,0.00000000,101377.55000000,USDT,SIM-001,MARGIN,USDT,[],False,{}
101376.55000000,0.00000000,101376.55000000,USDT,SIM-001,MARGIN,USDT,[],False,{}
101376.55000000,0.00000000,101376.55000000,USDT,SIM-001,MARGIN,USDT,[],False,{}
101376.55000000,0.00000000,101376.55000000,USDT,SIM-001,MARGIN,USDT,[],False,{}
101376.55000000,0.00000000,101376.55000000,USDT,SIM-001,MARGIN,USDT,[],False,{}
101376.55000000,0.00000000,101376.55000000,USDT,SIM-001,MARGIN,USDT,[],False,{}
101376.55000000,0.00000000,101376.55000000,USDT,SIM-001,MARGIN,USDT,[],False,{}
101376.55000000,0.00000000,101376.55000000,USDT,SIM-001,MARGIN,USDT,[],False,{}
101376.55000000,0.00000000,101376.55000000,USDT,SIM-001,MARGIN,USDT,[],False,{}
101376.55000000,0.00000000,101376.55000000,USDT,SIM-001,MARGIN,USDT,[],False,{}
101376.55000000,0.00000000,101376.55000000,USDT,SIM-001,MARGIN,USDT,[],False,{}
101376.55000000,0.00000000,101376.55000000,USDT,SIM-001,MARGIN,USDT,[],False,{}
101376.55000000,0.00000000,101376.55000000,USDT,SIM-001,MARGIN,USDT,[],False,{}
101376.55000000,0.00000000,101376.55000000,USDT,SIM-001,MARGIN,USDT,[],False,{}
101437.08000000,0.00000000,101437.08000000,USDT,SIM-001,MARGIN,USDT,[],False,{}
101437.08000000,0.00000000,101437.08000000,USDT,SIM-001,MARGIN,USDT,[],False,{}
101437.08000000,0.00000000,101437.08000000,USDT,SIM-001,MARGIN,USDT,[],False,{}
101436.08000000,0.00000000,101436.08000000,USDT,SIM-001,MARGIN,USDT,[],False,{}
101435.08000000,0.00000000,101435.08000000,USDT,SIM-001,MARGIN,USDT,[],False,{}
101435.08000000,0.00000000,101435.08000000,USDT,SIM-001,MARGIN,USDT,[],False,{}
101434.08000000,0.00000000,101434.08000000,USDT,SIM-001,MARGIN,USDT,[],False,{}
101433.08000000,0.00000000,101433.08000000,USDT,SIM-001,MARGIN,USDT,[],False,{}
101433.08000000,0.00000000,101433.08000000,USDT,SIM-001,MARGIN,USDT,[],False,{}
101474.91000000,0.00000000,101474.91000000,USDT,SIM-001,MARGIN,USDT,[],False,{}
101516.74000000,0.00000000,101516.74000000,USDT,SIM-001,MARGIN,USDT,[],False,{}
101558.57000000,0.00000000,101558.57000000,USDT,SIM-001,MARGIN,USDT,[],False,{}
101558.57000000,0.00000000,101558.57000000,USDT,SIM-001,MARGIN,USDT,[],False,{}
101558.57000000,0.00000000,101558.57000000,USDT,SIM-001,MARGIN,USDT,[],False,{}
101558.57000000,0.00000000,101558.57000000,USDT,SIM-001,MARGIN,USDT,[],False,{}
101558.57000000,0.00000000,101558.57000000,USDT,SIM-001,MARGIN,USDT,[],False,{}
101612.94000000,0.00000000,101612.94000000,USDT,SIM-001,MARGIN,USDT,[],False,{}
101612.94000000,0.00000000,101612.94000000,USDT,SIM-001,MARGIN,USDT,[],False,{}
101612.94000000,0.00000000,101612.94000000,USDT,SIM-001,MARGIN,USDT,[],False,{}
101611.94000000,0.00000000,101611.94000000,USDT,SIM-001,MARGIN,USDT,[],False,{}
101610.94000000,0.00000000,101610.94000000,USDT,SIM-001,MARGIN,USDT,[],False,{}
101610.94000000,0.00000000,101610.94000000,USDT,SIM-001,MARGIN,USDT,[],False,{}
101609.94000000,0.00000000,101609.94000000,USDT,SIM-001,MARGIN,USDT,[],False,{}
101608.94000000,0.00000000,101608.94000000,USDT,SIM-001,MARGIN,USDT,[],False,{}
101608.94000000,0.00000000,101608.94000000,USDT,SIM-001,MARGIN,USDT,[],False,{}
101657.85000000,0.00000000,101657.85000000,USDT,SIM-001,MARGIN,USDT,[],False,{}
101706.76000000,0.00000000,101706.76000000,USDT,SIM-001,MARGIN,USDT,[],False,{}
101755.67000000,0.00000000,101755.67000000,USDT,SIM-001,MARGIN,USDT,[],False,{}
101755.67000000,0.00000000,101755.67000000,USDT,SIM-001,MARGIN,USDT,[],False,{}
101755.67000000,0.00000000,101755.67000000,USDT,SIM-001,MARGIN,USDT,[],False,{}
101755.67000000,0.00000000,101755.67000000,USDT,SIM-001,MARGIN,USDT,[],False,{}
101755.67000000,0.00000000,101755.67000000,USDT,SIM-001,MARGIN,USDT,[],False,{}
101754.67000000,0.00000000,101754.67000000,USDT,SIM-001,MARGIN,USDT,[],False,{}
101754.67000000,0.00000000,101754.67000000,USDT,SIM-001,MARGIN,USDT,[],False,{}
101754.67000000,0.00000000,101754.67000000,USDT,SIM-001,MARGIN,USDT,[],False,{}
101753.67000000,0.00000000,101753.67000000,USDT,SIM-001,MARGIN,USDT,[],False,{}
101753.67000000,0.00000000,101753.67000000,USDT,SIM-001,MARGIN,USDT,[],False,{}
101753.67000000,0.00000000,101753.67000000,USDT,SIM-001,MARGIN,USDT,[],False,{}
101753.67000000,0.00000000,101753.67000000,USDT,SIM-001,MARGIN,USDT,[],False,{}
101753.67000000,0.00000000,101753.67000000,USDT,SIM-001,MARGIN,USDT,[],False,{}
101753.67000000,0.00000000,101753.67000000,USDT,SIM-001,MARGIN,USDT,[],False,{}
101753.67000000,0.00000000,101753.67000000,USDT,SIM-001,MARGIN,USDT,[],False,{}
101753.67000000,0.00000000,101753.67000000,USDT,SIM-001,MARGIN,USDT,[],False,{}
101753.67000000,0.00000000,101753.67000000,USDT,SIM-001,MARGIN,USDT,[],False,{}
101753.67000000,0.00000000,101753.67000000,USDT,SIM-001,MARGIN,USDT,[],False,{}
101753.67000000,0.00000000,101753.67000000,USDT,SIM-001,MARGIN,USDT,[],False,{}
101753.67000000,0.00000000,101753.67000000,USDT,SIM-001,MARGIN,USDT,[],False,{}
101753.67000000,0.00000000,101753.67000000,USDT,SIM-001,MARGIN,USDT,[],False,{}
101741.58000000,0.00000000,101741.58000000,USDT,SIM-001,MARGIN,USDT,[],False,{}
101740.25000000,0.00000000,101740.25000000,USDT,SIM-001,MARGIN,USDT,[],False,{}
101740.25000000,0.00000000,101740.25000000,USDT,SIM-001,MARGIN,USDT,[],False,{}
101740.25000000,0.00000000,101740.25000000,USDT,SIM-001,MARGIN,USDT,[],False,{}
101739.25000000,0.00000000,101739.25000000,USDT,SIM-001,MARGIN,USDT,[],False,{}
101738.25000000,0.00000000,101738.25000000,USDT,SIM-001,MARGIN,USDT,[],False,{}
101737.25000000,0.00000000,101737.25000000,USDT,SIM-001,MARGIN,USDT,[],False,{}
101736.25000000,0.00000000,101736.25000000,USDT,SIM-001,MARGIN,USDT,[],False,{}
101736.25000000,0.00000000,101736.25000000,USDT,SIM-001,MARGIN,USDT,[],False,{}
101736.25000000,0.00000000,101736.25000000,USDT,SIM-001,MARGIN,USDT,[],False,{}
101704.14000000,0.00000000,101704.14000000,USDT,SIM-001,MARGIN,USDT,[],False,{}
101682.35000000,0.00000000,101682.35000000,USDT,SIM-001,MARGIN,USDT,[],False,{}
101682.35000000,0.00000000,101682.35000000,USDT,SIM-001,MARGIN,USDT,[],False,{}
101682.35000000,0.00000000,101682.35000000,USDT,SIM-001,MARGIN,USDT,[],False,{}
101608.96000000,0.00000000,101608.96000000,USDT,SIM-001,MARGIN,USDT,[],False,{}
101608.96000000,0.00000000,101608.96000000,USDT,SIM-001,MARGIN,USDT,[],False,{}
101608.96000000,0.00000000,101608.96000000,USDT,SIM-001,MARGIN,USDT,[],False,{}
101608.96000000,0.00000000,101608.96000000,USDT,SIM-001,MARGIN,USDT,[],False,{}
101608.96000000,0.00000000,101608.96000000,USDT,SIM-001,MARGIN,USDT,[],False,{}
101608.96000000,0.00000000,101608.96000000,USDT,SIM-001,MARGIN,USDT,[],False,{}
101607.96000000,0.00000000,101607.96000000,USDT,SIM-001,MARGIN,USDT,[],False,{}
101607.96000000,0.00000000,101607.96000000,USDT,SIM-001,MARGIN,USDT,[],False,{}
101607.96000000,0.00000000,101607.96000000,USDT,SIM-001,MARGIN,USDT,[],False,{}
101518.90000000,0.00000000,101518.90000000,USDT,SIM-001,MARGIN,USDT,[],False,{}
101429.84000000,0.00000000,101429.84000000,USDT,SIM-001,MARGIN,USDT,[],False,{}
101429.84000000,0.00000000,101429.84000000,USDT,SIM-001,MARGIN,USDT,[],False,{}
101354.06000000,0.00000000,101354.06000000,USDT,SIM-001,MARGIN,USDT,[],False,{}
101278.28000000,0.00000000,101278.28000000,USDT,SIM-001,MARGIN,USDT,[],False,{}
101278.28000000,0.00000000,101278.28000000,USDT,SIM-001,MARGIN,USDT,[],False,{}
101278.28000000,0.00000000,101278.28000000,USDT,SIM-001,MARGIN,USDT,[],False,{}
101278.28000000,0.00000000,101278.28000000,USDT,SIM-001,MARGIN,USDT,[],False,{}
101278.28000000,0.00000000,101278.28000000,USDT,SIM-001,MARGIN,USDT,[],False,{}
101278.28000000,0.00000000,101278.28000000,USDT,SIM-001,MARGIN,USDT,[],False,{}
101278.28000000,0.00000000,101278.28000000,USDT,SIM-001,MARGIN,USDT,[],False,{}
101278.28000000,0.00000000,101278.28000000,USDT,SIM-001,MARGIN,USDT,[],False,{}
101278.28000000,0.00000000,101278.28000000,USDT,SIM-001,MARGIN,USDT,[],False,{}
101239.77000000,0.00000000,101239.77000000,USDT,SIM-001,MARGIN,USDT,[],False,{}
101239.77000000,0.00000000,101239.77000000,USDT,SIM-001,MARGIN,USDT,[],False,{}
101239.77000000,0.00000000,101239.77000000,USDT,SIM-001,MARGIN,USDT,[],False,{}
101225.94000000,0.00000000,101225.94000000,USDT,SIM-001,MARGIN,USDT,[],False,{}
101225.94000000,0.00000000,101225.94000000,USDT,SIM-001,MARGIN,USDT,[],False,{}
101225.94000000,0.00000000,101225.94000000,USDT,SIM-001,MARGIN,USDT,[],False,{}
101224.94000000,0.00000000,101224.94000000,USDT,SIM-001,MARGIN,USDT,[],False,{}
101223.94000000,0.00000000,101223.94000000,USDT,SIM-001,MARGIN,USDT,[],False,{}
101222.94000000,0.00000000,101222.94000000,USDT,SIM-001,MARGIN,USDT,[],False,{}
101221.94000000,0.00000000,101221.94000000,USDT,SIM-001,MARGIN,USDT,[],False,{}
101220.94000000,0.00000000,101220.94000000,USDT,SIM-001,MARGIN,USDT,[],False,{}
101219.94000000,0.00000000,101219.94000000,USDT,SIM-001,MARGIN,USDT,[],False,{}
101219.94000000,0.00000000,101219.94000000,USDT,SIM-001,MARGIN,USDT,[],False,{}
101219.94000000,0.00000000,101219.94000000,USDT,SIM-001,MARGIN,USDT,[],False,{}
101234.22000000,0.00000000,101234.22000000,USDT,SIM-001,MARGIN,USDT,[],False,{}
101263.53000000,0.00000000,101263.53000000,USDT,SIM-001,MARGIN,USDT,[],False,{}
101263.53000000,0.00000000,101263.53000000,USDT,SIM-001,MARGIN,USDT,[],False,{}
101263.53000000,0.00000000,101263.53000000,USDT,SIM-001,MARGIN,USDT,[],False,{}
101263.53000000,0.00000000,101263.53000000,USDT,SIM-001,MARGIN,USDT,[],False,{}
101263.53000000,0.00000000,101263.53000000,USDT,SIM-001,MARGIN,USDT,[],False,{}
101262.53000000,0.00000000,101262.53000000,USDT,SIM-001,MARGIN,USDT,[],False,{}
101262.53000000,0.00000000,101262.53000000,USDT,SIM-001,MARGIN,USDT,[],False,{}
101262.53000000,0.00000000,101262.53000000,USDT,SIM-001,MARGIN,USDT,[],False,{}
101277.30000000,0.00000000,101277.30000000,USDT,SIM-001,MARGIN,USDT,[],False,{}
101292.07000000,0.00000000,101292.07000000,USDT,SIM-001,MARGIN,USDT,[],False,{}
101292.07000000,0.00000000,101292.07000000,USDT,SIM-001,MARGIN,USDT,[],False,{}
101320.33000000,0.00000000,101320.33000000,USDT,SIM-001,MARGIN,USDT,[],False,{}
101348.59000000,0.00000000,101348.59000000,USDT,SIM-001,MARGIN,USDT,[],False,{}
101348.59000000,0.00000000,101348.59000000,USDT,SIM-001,MARGIN,USDT,[],False,{}
101348.59000000,0.00000000,101348.59000000,USDT,SIM-001,MARGIN,USDT,[],False,{}
101348.59000000,0.00000000,101348.59000000,USDT,SIM-001,MARGIN,USDT,[],False,{}
101348.59000000,0.00000000,101348.59000000,USDT,SIM-001,MARGIN,USDT,[],False,{}
101348.59000000,0.00000000,101348.59000000,USDT,SIM-001,MARGIN,USDT,[],False,{}
101348.59000000,0.00000000,101348.59000000,USDT,SIM-001,MARGIN,USDT,[],False,{}
101348.59000000,0.00000000,101348.59000000,USDT,SIM-001,MARGIN,USDT,[],False,{}
101348.59000000,0.00000000,101348.59000000,USDT,SIM-001,MARGIN,USDT,[],False,{}
101347.59000000,0.00000000,101347.59000000,USDT,SIM-001,MARGIN,USDT,[],False,{}
101347.59000000,0.00000000,101347.59000000,USDT,SIM-001,MARGIN,USDT,[],False,{}
101347.59000000,0.00000000,101347.59000000,USDT,SIM-001,MARGIN,USDT,[],False,{}
101346.59000000,0.00000000,101346.59000000,USDT,SIM-001,MARGIN,USDT,[],False,{}
101346.59000000,0.00000000,101346.59000000,USDT,SIM-001,MARGIN,USDT,[],False,{}
101346.59000000,0.00000000,101346.59000000,USDT,SIM-001,MARGIN,USDT,[],False,{}
101363.87000000,0.00000000,101363.87000000,USDT,SIM-001,MARGIN,USDT,[],False,{}
101381.15000000,0.00000000,101381.15000000,USDT,SIM-001,MARGIN,USDT,[],False,{}
101398.43000000,0.00000000,101398.43000000,USDT,SIM-001,MARGIN,USDT,[],False,{}
101403.74000000,0.00000000,101403.74000000,USDT,SIM-001,MARGIN,USDT,[],False,{}
101403.74000000,0.00000000,101403.74000000,USDT,SIM-001,MARGIN,USDT,[],False,{}
101402.74000000,0.00000000,101402.74000000,USDT,SIM-001,MARGIN,USDT,[],False,{}
101401.74000000,0.00000000,101401.74000000,USDT,SIM-001,MARGIN,USDT,[],False,{}
101401.74000000,0.00000000,101401.74000000,USDT,SIM-001,MARGIN,USDT,[],False,{}
101401.74000000,0.00000000,101401.74000000,USDT,SIM-001,MARGIN,USDT,[],False,{}
101401.74000000,0.00000000,101401.74000000,USDT,SIM-001,MARGIN,USDT,[],False,{}
101401.74000000,0.00000000,101401.74000000,USDT,SIM-001,MARGIN,USDT,[],False,{}
101400.74000000,0.00000000,101400.74000000,USDT,SIM-001,MARGIN,USDT,[],False,{}
101400.74000000,0.00000000,101400.74000000,USDT,SIM-001,MARGIN,USDT,[],False,{}
101400.74000000,0.00000000,101400.74000000,USDT,SIM-001,MARGIN,USDT,[],False,{}
101399.74000000,0.00000000,101399.74000000,USDT,SIM-001,MARGIN,USDT,[],False,{}
101399.74000000,0.00000000,101399.74000000,USDT,SIM-001,MARGIN,USDT,[],False,{}
101399.74000000,0.00000000,101399.74000000,USDT,SIM-001,MARGIN,USDT,[],False,{}
101410.86000000,0.00000000,101410.86000000,USDT,SIM-001,MARGIN,USDT,[],False,{}
101421.98000000,0.00000000,101421.98000000,USDT,SIM-001,MARGIN,USDT,[],False,{}
101433.10000000,0.00000000,101433.10000000,USDT,SIM-001,MARGIN,USDT,[],False,{}
101449.18000000,0.00000000,101449.18000000,USDT,SIM-001,MARGIN,USDT,[],False,{}
101460.57000000,0.00000000,101460.57000000,USDT,SIM-001,MARGIN,USDT,[],False,{}
101460.57000000,0.00000000,101460.57000000,USDT,SIM-001,MARGIN,USDT,[],False,{}
101459.57000000,0.00000000,101459.57000000,USDT,SIM-001,MARGIN,USDT,[],False,{}
101459.57000000,0.00000000,101459.57000000,USDT,SIM-001,MARGIN,USDT,[],False,{}
101459.57000000,0.00000000,101459.57000000,USDT,SIM-001,MARGIN,USDT,[],False,{}
101459.57000000,0.00000000,101459.57000000,USDT,SIM-001,MARGIN,USDT,[],False,{}
101459.57000000,0.00000000,101459.57000000,USDT,SIM-001,MARGIN,USDT,[],False,{}
101458.57000000,0.00000000,101458.57000000,USDT,SIM-001,MARGIN,USDT,[],False,{}
101458.57000000,0.00000000,101458.57000000,USDT,SIM-001,MARGIN,USDT,[],False,{}
101458.57000000,0.00000000,101458.57000000,USDT,SIM-001,MARGIN,USDT,[],False,{}
101457.57000000,0.00000000,101457.57000000,USDT,SIM-001,MARGIN,USDT,[],False,{}
101457.57000000,0.00000000,101457.57000000,USDT,SIM-001,MARGIN,USDT,[],False,{}
101457.57000000,0.00000000,101457.57000000,USDT,SIM-001,MARGIN,USDT,[],False,{}
101467.34000000,0.00000000,101467.34000000,USDT,SIM-001,MARGIN,USDT,[],False,{}
101477.11000000,0.00000000,101477.11000000,USDT,SIM-001,MARGIN,USDT,[],False,{}
101486.88000000,0.00000000,101486.88000000,USDT,SIM-001,MARGIN,USDT,[],False,{}
101490.75000000,0.00000000,101490.75000000,USDT,SIM-001,MARGIN,USDT,[],False,{}
101490.75000000,0.00000000,101490.75000000,USDT,SIM-001,MARGIN,USDT,[],False,{}
101489.75000000,0.00000000,101489.75000000,USDT,SIM-001,MARGIN,USDT,[],False,{}
101488.75000000,0.00000000,101488.75000000,USDT,SIM-001,MARGIN,USDT,[],False,{}
101488.75000000,0.00000000,101488.75000000,USDT,SIM-001,MARGIN,USDT,[],False,{}
101488.75000000,0.00000000,101488.75000000,USDT,SIM-001,MARGIN,USDT,[],False,{}
101488.75000000,0.00000000,101488.75000000,USDT,SIM-001,MARGIN,USDT,[],False,{}
101488.75000000,0.00000000,101488.75000000,USDT,SIM-001,MARGIN,USDT,[],False,{}
101551.60000000,0.00000000,101551.60000000,USDT,SIM-001,MARGIN,USDT,[],False,{}
101551.60000000,0.00000000,101551.60000000,USDT,SIM-001,MARGIN,USDT,[],False,{}
101551.60000000,0.00000000,101551.60000000,USDT,SIM-001,MARGIN,USDT,[],False,{}
101625.79000000,0.00000000,101625.79000000,USDT,SIM-001,MARGIN,USDT,[],False,{}
101625.79000000,0.00000000,101625.79000000,USDT,SIM-001,MARGIN,USDT,[],False,{}
101625.79000000,0.00000000,101625.79000000,USDT,SIM-001,MARGIN,USDT,[],False,{}
101624.79000000,0.00000000,101624.79000000,USDT,SIM-001,MARGIN,USDT,[],False,{}
101623.79000000,0.00000000,101623.79000000,USDT,SIM-001,MARGIN,USDT,[],False,{}
101622.79000000,0.00000000,101622.79000000,USDT,SIM-001,MARGIN,USDT,[],False,{}
101621.79000000,0.00000000,101621.79000000,USDT,SIM-001,MARGIN,USDT,[],False,{}
101620.79000000,0.00000000,101620.79000000,USDT,SIM-001,MARGIN,USDT,[],False,{}
101619.79000000,0.00000000,101619.79000000,USDT,SIM-001,MARGIN,USDT,[],False,{}
101619.79000000,0.00000000,101619.79000000,USDT,SIM-001,MARGIN,USDT,[],False,{}
101619.79000000,0.00000000,101619.79000000,USDT,SIM-001,MARGIN,USDT,[],False,{}
101632.20000000,0.00000000,101632.20000000,USDT,SIM-001,MARGIN,USDT,[],False,{}
101658.32000000,0.00000000,101658.32000000,USDT,SIM-001,MARGIN,USDT,[],False,{}
101658.32000000,0.00000000,101658.32000000,USDT,SIM-001,MARGIN,USDT,[],False,{}
101658.32000000,0.00000000,101658.32000000,USDT,SIM-001,MARGIN,USDT,[],False,{}
101657.29000000,0.00000000,101657.29000000,USDT,SIM-001,MARGIN,USDT,[],False,{}
101667.03000000,0.00000000,101667.03000000,USDT,SIM-001,MARGIN,USDT,[],False,{}
101667.03000000,0.00000000,101667.03000000,USDT,SIM-001,MARGIN,USDT,[],False,{}
101667.03000000,0.00000000,101667.03000000,USDT,SIM-001,MARGIN,USDT,[],False,{}
101667.03000000,0.00000000,101667.03000000,USDT,SIM-001,MARGIN,USDT,[],False,{}
101667.03000000,0.00000000,101667.03000000,USDT,SIM-001,MARGIN,USDT,[],False,{}
101666.03000000,0.00000000,101666.03000000,USDT,SIM-001,MARGIN,USDT,[],False,{}
101666.03000000,0.00000000,101666.03000000,USDT,SIM-001,MARGIN,USDT,[],False,{}
101666.03000000,0.00000000,101666.03000000,USDT,SIM-001,MARGIN,USDT,[],False,{}
101704.90000000,0.00000000,101704.90000000,USDT,SIM-001,MARGIN,USDT,[],False,{}
101743.77000000,0.00000000,101743.77000000,USDT,SIM-001,MARGIN,USDT,[],False,{}
101743.77000000,0.00000000,101743.77000000,USDT,SIM-001,MARGIN,USDT,[],False,{}
101790.91000000,0.00000000,101790.91000000,USDT,SIM-001,MARGIN,USDT,[],False,{}
101828.63000000,0.00000000,101828.63000000,USDT,SIM-001,MARGIN,USDT,[],False,{}
101828.63000000,0.00000000,101828.63000000,USDT,SIM-001,MARGIN,USDT,[],False,{}
101828.63000000,0.00000000,101828.63000000,USDT,SIM-001,MARGIN,USDT,[],False,{}
101828.63000000,0.00000000,101828.63000000,USDT,SIM-001,MARGIN,USDT,[],False,{}
101828.63000000,0.00000000,101828.63000000,USDT,SIM-001,MARGIN,USDT,[],False,{}
101828.63000000,0.00000000,101828.63000000,USDT,SIM-001,MARGIN,USDT,[],False,{}
101828.63000000,0.00000000,101828.63000000,USDT,SIM-001,MARGIN,USDT,[],False,{}
101828.63000000,0.00000000,101828.63000000,USDT,SIM-001,MARGIN,USDT,[],False,{}
101828.63000000,0.00000000,101828.63000000,USDT,SIM-001,MARGIN,USDT,[],False,{}
101828.63000000,0.00000000,101828.63000000,USDT,SIM-001,MARGIN,USDT,[],False,{}
101827.63000000,0.00000000,101827.63000000,USDT,SIM-001,MARGIN,USDT,[],False,{}
101827.63000000,0.00000000,101827.63000000,USDT,SIM-001,MARGIN,USDT,[],False,{}
101827.63000000,0.00000000,101827.63000000,USDT,SIM-001,MARGIN,USDT,[],False,{}
101826.63000000,0.00000000,101826.63000000,USDT,SIM-001,MARGIN,USDT,[],False,{}
101826.63000000,0.00000000,101826.63000000,USDT,SIM-001,MARGIN,USDT,[],False,{}
101826.63000000,0.00000000,101826.63000000,USDT,SIM-001,MARGIN,USDT,[],False,{}
101840.22000000,0.00000000,101840.22000000,USDT,SIM-001,MARGIN,USDT,[],False,{}
101853.81000000,0.00000000,101853.81000000,USDT,SIM-001,MARGIN,USDT,[],False,{}
101855.57000000,0.00000000,101855.57000000,USDT,SIM-001,MARGIN,USDT,[],False,{}
101855.57000000,0.00000000,101855.57000000,USDT,SIM-001,MARGIN,USDT,[],False,{}
101854.57000000,0.00000000,101854.57000000,USDT,SIM-001,MARGIN,USDT,[],False,{}
101853.57000000,0.00000000,101853.57000000,USDT,SIM-001,MARGIN,USDT,[],False,{}
101852.57000000,0.00000000,101852.57000000,USDT,SIM-001,MARGIN,USDT,[],False,{}
101852.57000000,0.00000000,101852.57000000,USDT,SIM-001,MARGIN,USDT,[],False,{}
101852.57000000,0.00000000,101852.57000000,USDT,SIM-001,MARGIN,USDT,[],False,{}
101852.57000000,0.00000000,101852.57000000,USDT,SIM-001,MARGIN,USDT,[],False,{}
101852.57000000,0.00000000,101852.57000000,USDT,SIM-001,MARGIN,USDT,[],False,{}
101886.92000000,0.00000000,101886.92000000,USDT,SIM-001,MARGIN,USDT,[],False,{}
101886.92000000,0.00000000,101886.92000000,USDT,SIM-001,MARGIN,USDT,[],False,{}
101886.92000000,0.00000000,101886.92000000,USDT,SIM-001,MARGIN,USDT,[],False,{}
101931.67000000,0.00000000,101931.67000000,USDT,SIM-001,MARGIN,USDT,[],False,{}
101931.67000000,0.00000000,101931.67000000,USDT,SIM-001,MARGIN,USDT,[],False,{}
101931.67000000,0.00000000,101931.67000000,USDT,SIM-001,MARGIN,USDT,[],False,{}
101931.67000000,0.00000000,101931.67000000,USDT,SIM-001,MARGIN,USDT,[],False,{}
101931.67000000,0.00000000,101931.67000000,USDT,SIM-001,MARGIN,USDT,[],False,{}
101931.67000000,0.00000000,101931.67000000,USDT,SIM-001,MARGIN,USDT,[],False,{}
101931.67000000,0.00000000,101931.67000000,USDT,SIM-001,MARGIN,USDT,[],False,{}
101931.67000000,0.00000000,101931.67000000,USDT,SIM-001,MARGIN,USDT,[],False,{}
101931.67000000,0.00000000,101931.67000000,USDT,SIM-001,MARGIN,USDT,[],False,{}
101931.67000000,0.00000000,101931.67000000,USDT,SIM-001,MARGIN,USDT,[],False,{}
101931.67000000,0.00000000,101931.67000000,USDT,SIM-001,MARGIN,USDT,[],False,{}
101931.67000000,0.00000000,101931.67000000,USDT,SIM-001,MARGIN,USDT,[],False,{}
101931.67000000,0.00000000,101931.67000000,USDT,SIM-001,MARGIN,USDT,[],False,{}
101993.57000000,0.00000000,101993.57000000,USDT,SIM-001,MARGIN,USDT,[],False,{}
101993.57000000,0.00000000,101993.57000000,USDT,SIM-001,MARGIN,USDT,[],False,{}
101993.57000000,0.00000000,101993.57000000,USDT,SIM-001,MARGIN,USDT,[],False,{}
101992.57000000,0.00000000,101992.57000000,USDT,SIM-001,MARGIN,USDT,[],False,{}
101991.57000000,0.00000000,101991.57000000,USDT,SIM-001,MARGIN,USDT,[],False,{}
101991.57000000,0.00000000,101991.57000000,USDT,SIM-001,MARGIN,USDT,[],False,{}
102026.37000000,0.00000000,102026.37000000,USDT,SIM-001,MARGIN,USDT,[],False,{}
102061.17000000,0.00000000,102061.17000000,USDT,SIM-001,MARGIN,USDT,[],False,{}
102061.17000000,0.00000000,102061.17000000,USDT,SIM-001,MARGIN,USDT,[],False,{}
102061.17000000,0.00000000,102061.17000000,USDT,SIM-001,MARGIN,USDT,[],False,{}
102061.17000000,0.00000000,102061.17000000,USDT,SIM-001,MARGIN,USDT,[],False,{}
102061.17000000,0.00000000,102061.17000000,USDT,SIM-001,MARGIN,USDT,[],False,{}
102061.17000000,0.00000000,102061.17000000,USDT,SIM-001,MARGIN,USDT,[],False,{}
102061.17000000,0.00000000,102061.17000000,USDT,SIM-001,MARGIN,USDT,[],False,{}
102061.17000000,0.00000000,102061.17000000,USDT,SIM-001,MARGIN,USDT,[],False,{}
102061.17000000,0.00000000,102061.17000000,USDT,SIM-001,MARGIN,USDT,[],False,{}
102060.17000000,0.00000000,102060.17000000,USDT,SIM-001,MARGIN,USDT,[],False,{}
102060.17000000,0.00000000,102060.17000000,USDT,SIM-001,MARGIN,USDT,[],False,{}
102060.17000000,0.00000000,102060.17000000,USDT,SIM-001,MARGIN,USDT,[],False,{}
102097.73000000,0.00000000,102097.73000000,USDT,SIM-001,MARGIN,USDT,[],False,{}
102130.21000000,0.00000000,102130.21000000,USDT,SIM-001,MARGIN,USDT,[],False,{}
102130.21000000,0.00000000,102130.21000000,USDT,SIM-001,MARGIN,USDT,[],False,{}
102130.21000000,0.00000000,102130.21000000,USDT,SIM-001,MARGIN,USDT,[],False,{}
102131.76000000,0.00000000,102131.76000000,USDT,SIM-001,MARGIN,USDT,[],False,{}
102131.76000000,0.00000000,102131.76000000,USDT,SIM-001,MARGIN,USDT,[],False,{}
102130.76000000,0.00000000,102130.76000000,USDT,SIM-001,MARGIN,USDT,[],False,{}
102130.76000000,0.00000000,102130.76000000,USDT,SIM-001,MARGIN,USDT,[],False,{}
102130.76000000,0.00000000,102130.76000000,USDT,SIM-001,MARGIN,USDT,[],False,{}
102130.76000000,0.00000000,102130.76000000,USDT,SIM-001,MARGIN,USDT,[],False,{}
102130.76000000,0.00000000,102130.76000000,USDT,SIM-001,MARGIN,USDT,[],False,{}
102130.76000000,0.00000000,102130.76000000,USDT,SIM-001,MARGIN,USDT,[],False,{}
102130.76000000,0.00000000,102130.76000000,USDT,SIM-001,MARGIN,USDT,[],False,{}
102130.76000000,0.00000000,102130.76000000,USDT,SIM-001,MARGIN,USDT,[],False,{}
102130.76000000,0.00000000,102130.76000000,USDT,SIM-001,MARGIN,USDT,[],False,{}
102134.10000000,0.00000000,102134.10000000,USDT,SIM-001,MARGIN,USDT,[],False,{}
102134.10000000,0.00000000,102134.10000000,USDT,SIM-001,MARGIN,USDT,[],False,{}
102134.10000000,0.00000000,102134.10000000,USDT,SIM-001,MARGIN,USDT,[],False,{}
102141.23000000,0.00000000,102141.23000000,USDT,SIM-001,MARGIN,USDT,[],False,{}
102141.23000000,0.00000000,102141.23000000,USDT,SIM-001,MARGIN,USDT,[],False,{}
102141.23000000,0.00000000,102141.23000000,USDT,SIM-001,MARGIN,USDT,[],False,{}
102141.23000000,0.00000000,102141.23000000,USDT,SIM-001,MARGIN,USDT,[],False,{}
102142.16000000,0.00000000,102142.16000000,USDT,SIM-001,MARGIN,USDT,[],False,{}
102142.16000000,0.00000000,102142.16000000,USDT,SIM-001,MARGIN,USDT,[],False,{}
102141.16000000,0.00000000,102141.16000000,USDT,SIM-001,MARGIN,USDT,[],False,{}
102140.16000000,0.00000000,102140.16000000,USDT,SIM-001,MARGIN,USDT,[],False,{}
102140.16000000,0.00000000,102140.16000000,USDT,SIM-001,MARGIN,USDT,[],False,{}
102140.16000000,0.00000000,102140.16000000,USDT,SIM-001,MARGIN,USDT,[],False,{}
102140.16000000,0.00000000,102140.16000000,USDT,SIM-001,MARGIN,USDT,[],False,{}
102140.16000000,0.00000000,102140.16000000,USDT,SIM-001,MARGIN,USDT,[],False,{}
102140.16000000,0.00000000,102140.16000000,USDT,SIM-001,MARGIN,USDT,[],False,{}
102140.16000000,0.00000000,102140.16000000,USDT,SIM-001,MARGIN,USDT,[],False,{}
102140.16000000,0.00000000,102140.16000000,USDT,SIM-001,MARGIN,USDT,[],False,{}
102139.16000000,0.00000000,102139.16000000,USDT,SIM-001,MARGIN,USDT,[],False,{}
102139.16000000,0.00000000,102139.16000000,USDT,SIM-001,MARGIN,USDT,[],False,{}
102139.16000000,0.00000000,102139.16000000,USDT,SIM-001,MARGIN,USDT,[],False,{}
102138.16000000,0.00000000,102138.16000000,USDT,SIM-001,MARGIN,USDT,[],False,{}
102138.16000000,0.00000000,102138.16000000,USDT,SIM-001,MARGIN,USDT,[],False,{}
102138.16000000,0.00000000,102138.16000000,USDT,SIM-001,MARGIN,USDT,[],False,{}
102156.73000000,0.00000000,102156.73000000,USDT,SIM-001,MARGIN,USDT,[],False,{}
102175.30000000,0.00000000,102175.30000000,USDT,SIM-001,MARGIN,USDT,[],False,{}
102193.87000000,0.00000000,102193.87000000,USDT,SIM-001,MARGIN,USDT,[],False,{}
102193.87000000,0.00000000,102193.87000000,USDT,SIM-001,MARGIN,USDT,[],False,{}
102193.87000000,0.00000000,102193.87000000,USDT,SIM-001,MARGIN,USDT,[],False,{}
102193.87000000,0.00000000,102193.87000000,USDT,SIM-001,MARGIN,USDT,[],False,{}
102193.87000000,0.00000000,102193.87000000,USDT,SIM-001,MARGIN,USDT,[],False,{}
102193.87000000,0.00000000,102193.87000000,USDT,SIM-001,MARGIN,USDT,[],False,{}
102193.87000000,0.00000000,102193.87000000,USDT,SIM-001,MARGIN,USDT,[],False,{}
102193.87000000,0.00000000,102193.87000000,USDT,SIM-001,MARGIN,USDT,[],False,{}
102192.87000000,0.00000000,102192.87000000,USDT,SIM-001,MARGIN,USDT,[],False,{}
102192.87000000,0.00000000,102192.87000000,USDT,SIM-001,MARGIN,USDT,[],False,{}
102192.87000000,0.00000000,102192.87000000,USDT,SIM-001,MARGIN,USDT,[],False,{}
102199.84000000,0.00000000,102199.84000000,USDT,SIM-001,MARGIN,USDT,[],False,{}
102206.81000000,0.00000000,102206.81000000,USDT,SIM-001,MARGIN,USDT,[],False,{}
102219.17000000,0.00000000,102219.17000000,USDT,SIM-001,MARGIN,USDT,[],False,{}
102219.17000000,0.00000000,102219.17000000,USDT,SIM-001,MARGIN,USDT,[],False,{}
102218.17000000,0.00000000,102218.17000000,USDT,SIM-001,MARGIN,USDT,[],False,{}
102218.17000000,0.00000000,102218.17000000,USDT,SIM-001,MARGIN,USDT,[],False,{}
102245.58000000,0.00000000,102245.58000000,USDT,SIM-001,MARGIN,USDT,[],False,{}
102247.55000000,0.00000000,102247.55000000,USDT,SIM-001,MARGIN,USDT,[],False,{}
102247.55000000,0.00000000,102247.55000000,USDT,SIM-001,MARGIN,USDT,[],False,{}
102247.55000000,0.00000000,102247.55000000,USDT,SIM-001,MARGIN,USDT,[],False,{}
102247.55000000,0.00000000,102247.55000000,USDT,SIM-001,MARGIN,USDT,[],False,{}
102247.55000000,0.00000000,102247.55000000,USDT,SIM-001,MARGIN,USDT,[],False,{}
102247.55000000,0.00000000,102247.55000000,USDT,SIM-001,MARGIN,USDT,[],False,{}
102258.19000000,0.00000000,102258.19000000,USDT,SIM-001,MARGIN,USDT,[],False,{}
102258.19000000,0.00000000,102258.19000000,USDT,SIM-001,MARGIN,USDT,[],False,{}
102258.19000000,0.00000000,102258.19000000,USDT,SIM-001,MARGIN,USDT,[],False,{}
102258.19000000,0.00000000,102258.19000000,USDT,SIM-001,MARGIN,USDT,[],False,{}
102257.19000000,0.00000000,102257.19000000,USDT,SIM-001,MARGIN,USDT,[],False,{}
102257.19000000,0.00000000,102257.19000000,USDT,SIM-001,MARGIN,USDT,[],False,{}
102257.19000000,0.00000000,102257.19000000,USDT,SIM-001,MARGIN,USDT,[],False,{}
102257.19000000,0.00000000,102257.19000000,USDT,SIM-001,MARGIN,USDT,[],False,{}
102257.19000000,0.00000000,102257.19000000,USDT,SIM-001,MARGIN,USDT,[],False,{}
102257.19000000,0.00000000,102257.19000000,USDT,SIM-001,MARGIN,USDT,[],False,{}
102257.19000000,0.00000000,102257.19000000,USDT,SIM-001,MARGIN,USDT,[],False,{}
102257.19000000,0.00000000,102257.19000000,USDT,SIM-001,MARGIN,USDT,[],False,{}
102257.19000000,0.00000000,102257.19000000,USDT,SIM-001,MARGIN,USDT,[],False,{}
102257.19000000,0.00000000,102257.19000000,USDT,SIM-001,MARGIN,USDT,[],False,{}
102257.19000000,0.00000000,102257.19000000,USDT,SIM-001,MARGIN,USDT,[],False,{}
102257.19000000,0.00000000,102257.19000000,USDT,SIM-001,MARGIN,USDT,[],False,{}
102257.19000000,0.00000000,102257.19000000,USDT,SIM-001,MARGIN,USDT,[],False,{}
102256.19000000,0.00000000,102256.19000000,USDT,SIM-001,MARGIN,USDT,[],False,{}
102256.19000000,0.00000000,102256.19000000,USDT,SIM-001,MARGIN,USDT,[],False,{}
102256.19000000,0.00000000,102256.19000000,USDT,SIM-001,MARGIN,USDT,[],False,{}
102279.22000000,0.00000000,102279.22000000,USDT,SIM-001,MARGIN,USDT,[],False,{}
102302.25000000,0.00000000,102302.25000000,USDT,SIM-001,MARGIN,USDT,[],False,{}
102302.25000000,0.00000000,102302.25000000,USDT,SIM-001,MARGIN,USDT,[],False,{}
102304.14000000,0.00000000,102304.14000000,USDT,SIM-001,MARGIN,USDT,[],False,{}
102304.14000000,0.00000000,102304.14000000,USDT,SIM-001,MARGIN,USDT,[],False,{}
102303.14000000,0.00000000,102303.14000000,USDT,SIM-001,MARGIN,USDT,[],False,{}
102303.14000000,0.00000000,102303.14000000,USDT,SIM-001,MARGIN,USDT,[],False,{}
102331.38000000,0.00000000,102331.38000000,USDT,SIM-001,MARGIN,USDT,[],False,{}
102357.25000000,0.00000000,102357.25000000,USDT,SIM-001,MARGIN,USDT,[],False,{}
102357.25000000,0.00000000,102357.25000000,USDT,SIM-001,MARGIN,USDT,[],False,{}
102356.25000000,0.00000000,102356.25000000,USDT,SIM-001,MARGIN,USDT,[],False,{}
102356.25000000,0.00000000,102356.25000000,USDT,SIM-001,MARGIN,USDT,[],False,{}
102356.25000000,0.00000000,102356.25000000,USDT,SIM-001,MARGIN,USDT,[],False,{}
102356.25000000,0.00000000,102356.25000000,USDT,SIM-001,MARGIN,USDT,[],False,{}
102356.25000000,0.00000000,102356.25000000,USDT,SIM-001,MARGIN,USDT,[],False,{}
102319.30000000,0.00000000,102319.30000000,USDT,SIM-001,MARGIN,USDT,[],False,{}
102319.30000000,0.00000000,102319.30000000,USDT,SIM-001,MARGIN,USDT,[],False,{}
102319.30000000,0.00000000,102319.30000000,USDT,SIM-001,MARGIN,USDT,[],False,{}
102316.05000000,0.00000000,102316.05000000,USDT,SIM-001,MARGIN,USDT,[],False,{}
102316.05000000,0.00000000,102316.05000000,USDT,SIM-001,MARGIN,USDT,[],False,{}
102316.05000000,0.00000000,102316.05000000,USDT,SIM-001,MARGIN,USDT,[],False,{}
102316.05000000,0.00000000,102316.05000000,USDT,SIM-001,MARGIN,USDT,[],False,{}
102343.98000000,0.00000000,102343.98000000,USDT,SIM-001,MARGIN,USDT,[],False,{}
102343.98000000,0.00000000,102343.98000000,USDT,SIM-001,MARGIN,USDT,[],False,{}
102342.98000000,0.00000000,102342.98000000,USDT,SIM-001,MARGIN,USDT,[],False,{}
102341.98000000,0.00000000,102341.98000000,USDT,SIM-001,MARGIN,USDT,[],False,{}
102340.98000000,0.00000000,102340.98000000,USDT,SIM-001,MARGIN,USDT,[],False,{}
102339.98000000,0.00000000,102339.98000000,USDT,SIM-001,MARGIN,USDT,[],False,{}
102338.98000000,0.00000000,102338.98000000,USDT,SIM-001,MARGIN,USDT,[],False,{}
102338.98000000,0.00000000,102338.98000000,USDT,SIM-001,MARGIN,USDT,[],False,{}
102338.98000000,0.00000000,102338.98000000,USDT,SIM-001,MARGIN,USDT,[],False,{}
102338.98000000,0.00000000,102338.98000000,USDT,SIM-001,MARGIN,USDT,[],False,{}
102338.98000000,0.00000000,102338.98000000,USDT,SIM-001,MARGIN,USDT,[],False,{}
102338.98000000,0.00000000,102338.98000000,USDT,SIM-001,MARGIN,USDT,[],False,{}
102338.98000000,0.00000000,102338.98000000,USDT,SIM-001,MARGIN,USDT,[],False,{}
102336.45000000,0.00000000,102336.45000000,USDT,SIM-001,MARGIN,USDT,[],False,{}
102341.29000000,0.00000000,102341.29000000,USDT,SIM-001,MARGIN,USDT,[],False,{}
102341.29000000,0.00000000,102341.29000000,USDT,SIM-001,MARGIN,USDT,[],False,{}
102341.29000000,0.00000000,102341.29000000,USDT,SIM-001,MARGIN,USDT,[],False,{}
102341.29000000,0.00000000,102341.29000000,USDT,SIM-001,MARGIN,USDT,[],False,{}
102341.29000000,0.00000000,102341.29000000,USDT,SIM-001,MARGIN,USDT,[],False,{}
102342.40000000,0.00000000,102342.40000000,USDT,SIM-001,MARGIN,USDT,[],False,{}
102342.40000000,0.00000000,102342.40000000,USDT,SIM-001,MARGIN,USDT,[],False,{}
102342.40000000,0.00000000,102342.40000000,USDT,SIM-001,MARGIN,USDT,[],False,{}
102351.85000000,0.00000000,102351.85000000,USDT,SIM-001,MARGIN,USDT,[],False,{}
102351.85000000,0.00000000,102351.85000000,USDT,SIM-001,MARGIN,USDT,[],False,{}
102351.85000000,0.00000000,102351.85000000,USDT,SIM-001,MARGIN,USDT,[],False,{}
102351.85000000,0.00000000,102351.85000000,USDT,SIM-001,MARGIN,USDT,[],False,{}
102351.85000000,0.00000000,102351.85000000,USDT,SIM-001,MARGIN,USDT,[],False,{}
102351.85000000,0.00000000,102351.85000000,USDT,SIM-001,MARGIN,USDT,[],False,{}
102351.85000000,0.00000000,102351.85000000,USDT,SIM-001,MARGIN,USDT,[],False,{}
102351.85000000,0.00000000,102351.85000000,USDT,SIM-001,MARGIN,USDT,[],False,{}
102351.85000000,0.00000000,102351.85000000,USDT,SIM-001,MARGIN,USDT,[],False,{}
102351.85000000,0.00000000,102351.85000000,USDT,SIM-001,MARGIN,USDT,[],False,{}
102351.85000000,0.00000000,102351.85000000,USDT,SIM-001,MARGIN,USDT,[],False,{}
102351.85000000,0.00000000,102351.85000000,USDT,SIM-001,MARGIN,USDT,[],False,{}
102351.85000000,0.00000000,102351.85000000,USDT,SIM-001,MARGIN,USDT,[],False,{}
102350.85000000,0.00000000,102350.85000000,USDT,SIM-001,MARGIN,USDT,[],False,{}
102350.85000000,0.00000000,102350.85000000,USDT,SIM-001,MARGIN,USDT,[],False,{}
102350.85000000,0.00000000,102350.85000000,USDT,SIM-001,MARGIN,USDT,[],False,{}
102349.85000000,0.00000000,102349.85000000,USDT,SIM-001,MARGIN,USDT,[],False,{}
102349.85000000,0.00000000,102349.85000000,USDT,SIM-001,MARGIN,USDT,[],False,{}
102349.85000000,0.00000000,102349.85000000,USDT,SIM-001,MARGIN,USDT,[],False,{}
102349.85000000,0.00000000,102349.85000000,USDT,SIM-001,MARGIN,USDT,[],False,{}
102349.85000000,0.00000000,102349.85000000,USDT,SIM-001,MARGIN,USDT,[],False,{}
102349.85000000,0.00000000,102349.85000000,USDT,SIM-001,MARGIN,USDT,[],False,{}
102349.85000000,0.00000000,102349.85000000,USDT,SIM-001,MARGIN,USDT,[],False,{}
102349.85000000,0.00000000,102349.85000000,USDT,SIM-001,MARGIN,USDT,[],False,{}
102349.85000000,0.00000000,102349.85000000,USDT,SIM-001,MARGIN,USDT,[],False,{}
102349.85000000,0.00000000,102349.85000000,USDT,SIM-001,MARGIN,USDT,[],False,{}
102349.85000000,0.00000000,102349.85000000,USDT,SIM-001,MARGIN,USDT,[],False,{}
102349.85000000,0.00000000,102349.85000000,USDT,SIM-001,MARGIN,USDT,[],False,{}
102349.85000000,0.00000000,102349.85000000,USDT,SIM-001,MARGIN,USDT,[],False,{}
102348.85000000,0.00000000,102348.85000000,USDT,SIM-001,MARGIN,USDT,[],False,{}
102348.85000000,0.00000000,102348.85000000,USDT,SIM-001,MARGIN,USDT,[],False,{}
102348.85000000,0.00000000,102348.85000000,USDT,SIM-001,MARGIN,USDT,[],False,{}
102347.85000000,0.00000000,102347.85000000,USDT,SIM-001,MARGIN,USDT,[],False,{}
102347.85000000,0.00000000,102347.85000000,USDT,SIM-001,MARGIN,USDT,[],False,{}
102347.85000000,0.00000000,102347.85000000,USDT,SIM-001,MARGIN,USDT,[],False,{}
102359.35000000,0.00000000,102359.35000000,USDT,SIM-001,MARGIN,USDT,[],False,{}
102370.85000000,0.00000000,102370.85000000,USDT,SIM-001,MARGIN,USDT,[],False,{}
102382.35000000,0.00000000,102382.35000000,USDT,SIM-001,MARGIN,USDT,[],False,{}
102397.26000000,0.00000000,102397.26000000,USDT,SIM-001,MARGIN,USDT,[],False,{}
102412.17000000,0.00000000,102412.17000000,USDT,SIM-001,MARGIN,USDT,[],False,{}
102412.21000000,0.00000000,102412.21000000,USDT,SIM-001,MARGIN,USDT,[],False,{}
102412.21000000,0.00000000,102412.21000000,USDT,SIM-001,MARGIN,USDT,[],False,{}
102412.21000000,0.00000000,102412.21000000,USDT,SIM-001,MARGIN,USDT,[],False,{}
102412.21000000,0.00000000,102412.21000000,USDT,SIM-001,MARGIN,USDT,[],False,{}
102412.21000000,0.00000000,102412.21000000,USDT,SIM-001,MARGIN,USDT,[],False,{}
102412.21000000,0.00000000,102412.21000000,USDT,SIM-001,MARGIN,USDT,[],False,{}
102411.21000000,0.00000000,102411.21000000,USDT,SIM-001,MARGIN,USDT,[],False,{}
102411.21000000,0.00000000,102411.21000000,USDT,SIM-001,MARGIN,USDT,[],False,{}
102411.21000000,0.00000000,102411.21000000,USDT,SIM-001,MARGIN,USDT,[],False,{}
102416.11000000,0.00000000,102416.11000000,USDT,SIM-001,MARGIN,USDT,[],False,{}
102420.64000000,0.00000000,102420.64000000,USDT,SIM-001,MARGIN,USDT,[],False,{}
102420.64000000,0.00000000,102420.64000000,USDT,SIM-001,MARGIN,USDT,[],False,{}
102420.64000000,0.00000000,102420.64000000,USDT,SIM-001,MARGIN,USDT,[],False,{}
102420.55000000,0.00000000,102420.55000000,USDT,SIM-001,MARGIN,USDT,[],False,{}
102420.55000000,0.00000000,102420.55000000,USDT,SIM-001,MARGIN,USDT,[],False,{}
102419.55000000,0.00000000,102419.55000000,USDT,SIM-001,MARGIN,USDT,[],False,{}
102419.55000000,0.00000000,102419.55000000,USDT,SIM-001,MARGIN,USDT,[],False,{}
102419.55000000,0.00000000,102419.55000000,USDT,SIM-001,MARGIN,USDT,[],False,{}
102419.55000000,0.00000000,102419.55000000,USDT,SIM-001,MARGIN,USDT,[],False,{}
102419.55000000,0.00000000,102419.55000000,USDT,SIM-001,MARGIN,USDT,[],False,{}
102419.55000000,0.00000000,102419.55000000,USDT,SIM-001,MARGIN,USDT,[],False,{}
102419.55000000,0.00000000,102419.55000000,USDT,SIM-001,MARGIN,USDT,[],False,{}
102419.55000000,0.00000000,102419.55000000,USDT,SIM-001,MARGIN,USDT,[],False,{}
102419.55000000,0.00000000,102419.55000000,USDT,SIM-001,MARGIN,USDT,[],False,{}
102418.55000000,0.00000000,102418.55000000,USDT,SIM-001,MARGIN,USDT,[],False,{}
102418.55000000,0.00000000,102418.55000000,USDT,SIM-001,MARGIN,USDT,[],False,{}
102418.55000000,0.00000000,102418.55000000,USDT,SIM-001,MARGIN,USDT,[],False,{}
102417.55000000,0.00000000,102417.55000000,USDT,SIM-001,MARGIN,USDT,[],False,{}
102417.55000000,0.00000000,102417.55000000,USDT,SIM-001,MARGIN,USDT,[],False,{}
102417.55000000,0.00000000,102417.55000000,USDT,SIM-001,MARGIN,USDT,[],False,{}
102417.55000000,0.00000000,102417.55000000,USDT,SIM-001,MARGIN,USDT,[],False,{}
102417.55000000,0.00000000,102417.55000000,USDT,SIM-001,MARGIN,USDT,[],False,{}
102417.55000000,0.00000000,102417.55000000,USDT,SIM-001,MARGIN,USDT,[],False,{}
102417.55000000,0.00000000,102417.55000000,USDT,SIM-001,MARGIN,USDT,[],False,{}
102417.55000000,0.00000000,102417.55000000,USDT,SIM-001,MARGIN,USDT,[],False,{}
102417.55000000,0.00000000,102417.55000000,USDT,SIM-001,MARGIN,USDT,[],False,{}
102417.55000000,0.00000000,102417.55000000,USDT,SIM-001,MARGIN,USDT,[],False,{}
102417.55000000,0.00000000,102417.55000000,USDT,SIM-001,MARGIN,USDT,[],False,{}
102417.55000000,0.00000000,102417.55000000,USDT,SIM-001,MARGIN,USDT,[],False,{}
102417.55000000,0.00000000,102417.55000000,USDT,SIM-001,MARGIN,USDT,[],False,{}
102416.55000000,0.00000000,102416.55000000,USDT,SIM-001,MARGIN,USDT,[],False,{}
102416.55000000,0.00000000,102416.55000000,USDT,SIM-001,MARGIN,USDT,[],False,{}
102416.55000000,0.00000000,102416.55000000,USDT,SIM-001,MARGIN,USDT,[],False,{}
102341.21000000,0.00000000,102341.21000000,USDT,SIM-001,MARGIN,USDT,[],False,{}
102265.87000000,0.00000000,102265.87000000,USDT,SIM-001,MARGIN,USDT,[],False,{}
102265.87000000,0.00000000,102265.87000000,USDT,SIM-001,MARGIN,USDT,[],False,{}
102214.01000000,0.00000000,102214.01000000,USDT,SIM-001,MARGIN,USDT,[],False,{}
102150.01000000,0.00000000,102150.01000000,USDT,SIM-001,MARGIN,USDT,[],False,{}
102150.01000000,0.00000000,102150.01000000,USDT,SIM-001,MARGIN,USDT,[],False,{}
102149.01000000,0.00000000,102149.01000000,USDT,SIM-001,MARGIN,USDT,[],False,{}
102148.01000000,0.00000000,102148.01000000,USDT,SIM-001,MARGIN,USDT,[],False,{}
102147.01000000,0.00000000,102147.01000000,USDT,SIM-001,MARGIN,USDT,[],False,{}
102147.01000000,0.00000000,102147.01000000,USDT,SIM-001,MARGIN,USDT,[],False,{}
102147.01000000,0.00000000,102147.01000000,USDT,SIM-001,MARGIN,USDT,[],False,{}
102147.01000000,0.00000000,102147.01000000,USDT,SIM-001,MARGIN,USDT,[],False,{}
102147.01000000,0.00000000,102147.01000000,USDT,SIM-001,MARGIN,USDT,[],False,{}
102123.66000000,0.00000000,102123.66000000,USDT,SIM-001,MARGIN,USDT,[],False,{}
102123.66000000,0.00000000,102123.66000000,USDT,SIM-001,MARGIN,USDT,[],False,{}
102123.66000000,0.00000000,102123.66000000,USDT,SIM-001,MARGIN,USDT,[],False,{}
102118.07000000,0.00000000,102118.07000000,USDT,SIM-001,MARGIN,USDT,[],False,{}
102118.07000000,0.00000000,102118.07000000,USDT,SIM-001,MARGIN,USDT,[],False,{}
102118.07000000,0.00000000,102118.07000000,USDT,SIM-001,MARGIN,USDT,[],False,{}
102118.07000000,0.00000000,102118.07000000,USDT,SIM-001,MARGIN,USDT,[],False,{}
102118.07000000,0.00000000,102118.07000000,USDT,SIM-001,MARGIN,USDT,[],False,{}
102118.07000000,0.00000000,102118.07000000,USDT,SIM-001,MARGIN,USDT,[],False,{}
102118.07000000,0.00000000,102118.07000000,USDT,SIM-001,MARGIN,USDT,[],False,{}
102118.07000000,0.00000000,102118.07000000,USDT,SIM-001,MARGIN,USDT,[],False,{}
102118.07000000,0.00000000,102118.07000000,USDT,SIM-001,MARGIN,USDT,[],False,{}
102118.07000000,0.00000000,102118.07000000,USDT,SIM-001,MARGIN,USDT,[],False,{}
102118.07000000,0.00000000,102118.07000000,USDT,SIM-001,MARGIN,USDT,[],False,{}
102118.07000000,0.00000000,102118.07000000,USDT,SIM-001,MARGIN,USDT,[],False,{}
102118.07000000,0.00000000,102118.07000000,USDT,SIM-001,MARGIN,USDT,[],False,{}
102117.07000000,0.00000000,102117.07000000,USDT,SIM-001,MARGIN,USDT,[],False,{}
102117.07000000,0.00000000,102117.07000000,USDT,SIM-001,MARGIN,USDT,[],False,{}
102117.07000000,0.00000000,102117.07000000,USDT,SIM-001,MARGIN,USDT,[],False,{}
102106.69000000,0.00000000,102106.69000000,USDT,SIM-001,MARGIN,USDT,[],False,{}
102096.31000000,0.00000000,102096.31000000,USDT,SIM-001,MARGIN,USDT,[],False,{}
102096.31000000,0.00000000,102096.31000000,USDT,SIM-001,MARGIN,USDT,[],False,{}
102095.88000000,0.00000000,102095.88000000,USDT,SIM-001,MARGIN,USDT,[],False,{}
102094.88000000,0.00000000,102094.88000000,USDT,SIM-001,MARGIN,USDT,[],False,{}
102094.88000000,0.00000000,102094.88000000,USDT,SIM-001,MARGIN,USDT,[],False,{}
102131.79000000,0.00000000,102131.79000000,USDT,SIM-001,MARGIN,USDT,[],False,{}
102168.70000000,0.00000000,102168.70000000,USDT,SIM-001,MARGIN,USDT,[],False,{}
102187.12000000,0.00000000,102187.12000000,USDT,SIM-001,MARGIN,USDT,[],False,{}
102187.12000000,0.00000000,102187.12000000,USDT,SIM-001,MARGIN,USDT,[],False,{}
102187.12000000,0.00000000,102187.12000000,USDT,SIM-001,MARGIN,USDT,[],False,{}
102187.12000000,0.00000000,102187.12000000,USDT,SIM-001,MARGIN,USDT,[],False,{}
102187.12000000,0.00000000,102187.12000000,USDT,SIM-001,MARGIN,USDT,[],False,{}
102187.12000000,0.00000000,102187.12000000,USDT,SIM-001,MARGIN,USDT,[],False,{}
102182.32000000,0.00000000,102182.32000000,USDT,SIM-001,MARGIN,USDT,[],False,{}
102182.32000000,0.00000000,102182.32000000,USDT,SIM-001,MARGIN,USDT,[],False,{}
102182.32000000,0.00000000,102182.32000000,USDT,SIM-001,MARGIN,USDT,[],False,{}
102182.32000000,0.00000000,102182.32000000,USDT,SIM-001,MARGIN,USDT,[],False,{}
102190.41000000,0.00000000,102190.41000000,USDT,SIM-001,MARGIN,USDT,[],False,{}
102190.41000000,0.00000000,102190.41000000,USDT,SIM-001,MARGIN,USDT,[],False,{}
102189.41000000,0.00000000,102189.41000000,USDT,SIM-001,MARGIN,USDT,[],False,{}
102189.41000000,0.00000000,102189.41000000,USDT,SIM-001,MARGIN,USDT,[],False,{}
102188.41000000,0.00000000,102188.41000000,USDT,SIM-001,MARGIN,USDT,[],False,{}
102187.41000000,0.00000000,102187.41000000,USDT,SIM-001,MARGIN,USDT,[],False,{}
102187.41000000,0.00000000,102187.41000000,USDT,SIM-001,MARGIN,USDT,[],False,{}
102218.22000000,0.00000000,102218.22000000,USDT,SIM-001,MARGIN,USDT,[],False,{}
102249.03000000,0.00000000,102249.03000000,USDT,SIM-001,MARGIN,USDT,[],False,{}
102279.84000000,0.00000000,102279.84000000,USDT,SIM-001,MARGIN,USDT,[],False,{}
102279.84000000,0.00000000,102279.84000000,USDT,SIM-001,MARGIN,USDT,[],False,{}
102279.84000000,0.00000000,102279.84000000,USDT,SIM-001,MARGIN,USDT,[],False,{}
102279.84000000,0.00000000,102279.84000000,USDT,SIM-001,MARGIN,USDT,[],False,{}
102279.84000000,0.00000000,102279.84000000,USDT,SIM-001,MARGIN,USDT,[],False,{}
102303.16000000,0.00000000,102303.16000000,USDT,SIM-001,MARGIN,USDT,[],False,{}
102303.16000000,0.00000000,102303.16000000,USDT,SIM-001,MARGIN,USDT,[],False,{}
102303.16000000,0.00000000,102303.16000000,USDT,SIM-001,MARGIN,USDT,[],False,{}
102303.16000000,0.00000000,102303.16000000,USDT,SIM-001,MARGIN,USDT,[],False,{}
102302.16000000,0.00000000,102302.16000000,USDT,SIM-001,MARGIN,USDT,[],False,{}
102302.16000000,0.00000000,102302.16000000,USDT,SIM-001,MARGIN,USDT,[],False,{}
102302.16000000,0.00000000,102302.16000000,USDT,SIM-001,MARGIN,USDT,[],False,{}
102302.16000000,0.00000000,102302.16000000,USDT,SIM-001,MARGIN,USDT,[],False,{}
102302.16000000,0.00000000,102302.16000000,USDT,SIM-001,MARGIN,USDT,[],False,{}
102302.16000000,0.00000000,102302.16000000,USDT,SIM-001,MARGIN,USDT,[],False,{}
102302.16000000,0.00000000,102302.16000000,USDT,SIM-001,MARGIN,USDT,[],False,{}
102302.16000000,0.00000000,102302.16000000,USDT,SIM-001,MARGIN,USDT,[],False,{}
102302.16000000,0.00000000,102302.16000000,USDT,SIM-001,MARGIN,USDT,[],False,{}
102302.16000000,0.00000000,102302.16000000,USDT,SIM-001,MARGIN,USDT,[],False,{}
102302.16000000,0.00000000,102302.16000000,USDT,SIM-001,MARGIN,USDT,[],False,{}
102302.16000000,0.00000000,102302.16000000,USDT,SIM-001,MARGIN,USDT,[],False,{}
102302.16000000,0.00000000,102302.16000000,USDT,SIM-001,MARGIN,USDT,[],False,{}
102301.16000000,0.00000000,102301.16000000,USDT,SIM-001,MARGIN,USDT,[],False,{}
102301.16000000,0.00000000,102301.16000000,USDT,SIM-001,MARGIN,USDT,[],False,{}
102301.16000000,0.00000000,102301.16000000,USDT,SIM-001,MARGIN,USDT,[],False,{}
102300.16000000,0.00000000,102300.16000000,USDT,SIM-001,MARGIN,USDT,[],False,{}
102300.16000000,0.00000000,102300.16000000,USDT,SIM-001,MARGIN,USDT,[],False,{}
102300.16000000,0.00000000,102300.16000000,USDT,SIM-001,MARGIN,USDT,[],False,{}
102300.16000000,0.00000000,102300.16000000,USDT,SIM-001,MARGIN,USDT,[],False,{}
102300.16000000,0.00000000,102300.16000000,USDT,SIM-001,MARGIN,USDT,[],False,{}
102300.16000000,0.00000000,102300.16000000,USDT,SIM-001,MARGIN,USDT,[],False,{}
102300.16000000,0.00000000,102300.16000000,USDT,SIM-001,MARGIN,USDT,[],False,{}
102300.16000000,0.00000000,102300.16000000,USDT,SIM-001,MARGIN,USDT,[],False,{}
102300.16000000,0.00000000,102300.16000000,USDT,SIM-001,MARGIN,USDT,[],False,{}
102300.16000000,0.00000000,102300.16000000,USDT,SIM-001,MARGIN,USDT,[],False,{}
102300.16000000,0.00000000,102300.16000000,USDT,SIM-001,MARGIN,USDT,[],False,{}
102300.16000000,0.00000000,102300.16000000,USDT,SIM-001,MARGIN,USDT,[],False,{}
102300.16000000,0.00000000,102300.16000000,USDT,SIM-001,MARGIN,USDT,[],False,{}
102244.84000000,0.00000000,102244.84000000,USDT,SIM-001,MARGIN,USDT,[],False,{}
102244.84000000,0.00000000,102244.84000000,USDT,SIM-001,MARGIN,USDT,[],False,{}
102244.84000000,0.00000000,102244.84000000,USDT,SIM-001,MARGIN,USDT,[],False,{}
102205.38000000,0.00000000,102205.38000000,USDT,SIM-001,MARGIN,USDT,[],False,{}
102205.38000000,0.00000000,102205.38000000,USDT,SIM-001,MARGIN,USDT,[],False,{}
102205.38000000,0.00000000,102205.38000000,USDT,SIM-001,MARGIN,USDT,[],False,{}
102205.38000000,0.00000000,102205.38000000,USDT,SIM-001,MARGIN,USDT,[],False,{}
102205.38000000,0.00000000,102205.38000000,USDT,SIM-001,MARGIN,USDT,[],False,{}
102205.38000000,0.00000000,102205.38000000,USDT,SIM-001,MARGIN,USDT,[],False,{}
102205.38000000,0.00000000,102205.38000000,USDT,SIM-001,MARGIN,USDT,[],False,{}
102205.38000000,0.00000000,102205.38000000,USDT,SIM-001,MARGIN,USDT,[],False,{}
102205.38000000,0.00000000,102205.38000000,USDT,SIM-001,MARGIN,USDT,[],False,{}
102205.38000000,0.00000000,102205.38000000,USDT,SIM-001,MARGIN,USDT,[],False,{}
102205.38000000,0.00000000,102205.38000000,USDT,SIM-001,MARGIN,USDT,[],False,{}
102205.38000000,0.00000000,102205.38000000,USDT,SIM-001,MARGIN,USDT,[],False,{}
102205.38000000,0.00000000,102205.38000000,USDT,SIM-001,MARGIN,USDT,[],False,{}
102174.24000000,0.00000000,102174.24000000,USDT,SIM-001,MARGIN,USDT,[],False,{}
102174.24000000,0.00000000,102174.24000000,USDT,SIM-001,MARGIN,USDT,[],False,{}
102174.24000000,0.00000000,102174.24000000,USDT,SIM-001,MARGIN,USDT,[],False,{}
102160.79000000,0.00000000,102160.79000000,USDT,SIM-001,MARGIN,USDT,[],False,{}
102160.79000000,0.00000000,102160.79000000,USDT,SIM-001,MARGIN,USDT,[],False,{}
102160.79000000,0.00000000,102160.79000000,USDT,SIM-001,MARGIN,USDT,[],False,{}
102160.79000000,0.00000000,102160.79000000,USDT,SIM-001,MARGIN,USDT,[],False,{}
102168.17000000,0.00000000,102168.17000000,USDT,SIM-001,MARGIN,USDT,[],False,{}
102168.17000000,0.00000000,102168.17000000,USDT,SIM-001,MARGIN,USDT,[],False,{}
102167.17000000,0.00000000,102167.17000000,USDT,SIM-001,MARGIN,USDT,[],False,{}
102166.17000000,0.00000000,102166.17000000,USDT,SIM-001,MARGIN,USDT,[],False,{}
102165.17000000,0.00000000,102165.17000000,USDT,SIM-001,MARGIN,USDT,[],False,{}
102164.17000000,0.00000000,102164.17000000,USDT,SIM-001,MARGIN,USDT,[],False,{}
102163.17000000,0.00000000,102163.17000000,USDT,SIM-001,MARGIN,USDT,[],False,{}
102163.17000000,0.00000000,102163.17000000,USDT,SIM-001,MARGIN,USDT,[],False,{}
102163.17000000,0.00000000,102163.17000000,USDT,SIM-001,MARGIN,USDT,[],False,{}
102169.97000000,0.00000000,102169.97000000,USDT,SIM-001,MARGIN,USDT,[],False,{}
102178.33000000,0.00000000,102178.33000000,USDT,SIM-001,MARGIN,USDT,[],False,{}
102178.33000000,0.00000000,102178.33000000,USDT,SIM-001,MARGIN,USDT,[],False,{}
102178.33000000,0.00000000,102178.33000000,USDT,SIM-001,MARGIN,USDT,[],False,{}
102178.33000000,0.00000000,102178.33000000,USDT,SIM-001,MARGIN,USDT,[],False,{}
102178.33000000,0.00000000,102178.33000000,USDT,SIM-001,MARGIN,USDT,[],False,{}
102180.39000000,0.00000000,102180.39000000,USDT,SIM-001,MARGIN,USDT,[],False,{}
102180.39000000,0.00000000,102180.39000000,USDT,SIM-001,MARGIN,USDT,[],False,{}
102180.39000000,0.00000000,102180.39000000,USDT,SIM-001,MARGIN,USDT,[],False,{}
102185.40000000,0.00000000,102185.40000000,USDT,SIM-001,MARGIN,USDT,[],False,{}
102185.40000000,0.00000000,102185.40000000,USDT,SIM-001,MARGIN,USDT,[],False,{}
102185.40000000,0.00000000,102185.40000000,USDT,SIM-001,MARGIN,USDT,[],False,{}
102184.40000000,0.00000000,102184.40000000,USDT,SIM-001,MARGIN,USDT,[],False,{}
102183.40000000,0.00000000,102183.40000000,USDT,SIM-001,MARGIN,USDT,[],False,{}
102182.40000000,0.00000000,102182.40000000,USDT,SIM-001,MARGIN,USDT,[],False,{}
102182.40000000,0.00000000,102182.40000000,USDT,SIM-001,MARGIN,USDT,[],False,{}
102182.40000000,0.00000000,102182.40000000,USDT,SIM-001,MARGIN,USDT,[],False,{}
102182.40000000,0.00000000,102182.40000000,USDT,SIM-001,MARGIN,USDT,[],False,{}
102182.40000000,0.00000000,102182.40000000,USDT,SIM-001,MARGIN,USDT,[],False,{}
102182.40000000,0.00000000,102182.40000000,USDT,SIM-001,MARGIN,USDT,[],False,{}
102301.90000000,0.00000000,102301.90000000,USDT,SIM-001,MARGIN,USDT,[],False,{}
102432.18000000,0.00000000,102432.18000000,USDT,SIM-001,MARGIN,USDT,[],False,{}
102432.18000000,0.00000000,102432.18000000,USDT,SIM-001,MARGIN,USDT,[],False,{}
102432.18000000,0.00000000,102432.18000000,USDT,SIM-001,MARGIN,USDT,[],False,{}
102432.18000000,0.00000000,102432.18000000,USDT,SIM-001,MARGIN,USDT,[],False,{}
102432.18000000,0.00000000,102432.18000000,USDT,SIM-001,MARGIN,USDT,[],False,{}
102649.89000000,0.00000000,102649.89000000,USDT,SIM-001,MARGIN,USDT,[],False,{}
102649.89000000,0.00000000,102649.89000000,USDT,SIM-001,MARGIN,USDT,[],False,{}
102649.89000000,0.00000000,102649.89000000,USDT,SIM-001,MARGIN,USDT,[],False,{}
102877.63000000,0.00000000,102877.63000000,USDT,SIM-001,MARGIN,USDT,[],False,{}
102877.63000000,0.00000000,102877.63000000,USDT,SIM-001,MARGIN,USDT,[],False,{}
102877.63000000,0.00000000,102877.63000000,USDT,SIM-001,MARGIN,USDT,[],False,{}
102876.63000000,0.00000000,102876.63000000,USDT,SIM-001,MARGIN,USDT,[],False,{}
102875.63000000,0.00000000,102875.63000000,USDT,SIM-001,MARGIN,USDT,[],False,{}
102874.63000000,0.00000000,102874.63000000,USDT,SIM-001,MARGIN,USDT,[],False,{}
102873.63000000,0.00000000,102873.63000000,USDT,SIM-001,MARGIN,USDT,[],False,{}
102872.63000000,0.00000000,102872.63000000,USDT,SIM-001,MARGIN,USDT,[],False,{}
102871.63000000,0.00000000,102871.63000000,USDT,SIM-001,MARGIN,USDT,[],False,{}
102871.63000000,0.00000000,102871.63000000,USDT,SIM-001,MARGIN,USDT,[],False,{}
102871.63000000,0.00000000,102871.63000000,USDT,SIM-001,MARGIN,USDT,[],False,{}
102866.73000000,0.00000000,102866.73000000,USDT,SIM-001,MARGIN,USDT,[],False,{}
102874.11000000,0.00000000,102874.11000000,USDT,SIM-001,MARGIN,USDT,[],False,{}
102874.11000000,0.00000000,102874.11000000,USDT,SIM-001,MARGIN,USDT,[],False,{}
102874.11000000,0.00000000,102874.11000000,USDT,SIM-001,MARGIN,USDT,[],False,{}
102936.99000000,0.00000000,102936.99000000,USDT,SIM-001,MARGIN,USDT,[],False,{}
103008.29000000,0.00000000,103008.29000000,USDT,SIM-001,MARGIN,USDT,[],False,{}
103008.29000000,0.00000000,103008.29000000,USDT,SIM-001,MARGIN,USDT,[],False,{}
103008.29000000,0.00000000,103008.29000000,USDT,SIM-001,MARGIN,USDT,[],False,{}
103008.29000000,0.00000000,103008.29000000,USDT,SIM-001,MARGIN,USDT,[],False,{}
103008.29000000,0.00000000,103008.29000000,USDT,SIM-001,MARGIN,USDT,[],False,{}
103007.29000000,0.00000000,103007.29000000,USDT,SIM-001,MARGIN,USDT,[],False,{}
103007.29000000,0.00000000,103007.29000000,USDT,SIM-001,MARGIN,USDT,[],False,{}
103007.29000000,0.00000000,103007.29000000,USDT,SIM-001,MARGIN,USDT,[],False,{}
103154.23000000,0.00000000,103154.23000000,USDT,SIM-001,MARGIN,USDT,[],False,{}
103301.17000000,0.00000000,103301.17000000,USDT,SIM-001,MARGIN,USDT,[],False,{}
103301.17000000,0.00000000,103301.17000000,USDT,SIM-001,MARGIN,USDT,[],False,{}
103458.84000000,0.00000000,103458.84000000,USDT,SIM-001,MARGIN,USDT,[],False,{}
103585.03000000,0.00000000,103585.03000000,USDT,SIM-001,MARGIN,USDT,[],False,{}
103585.03000000,0.00000000,103585.03000000,USDT,SIM-001,MARGIN,USDT,[],False,{}
103585.03000000,0.00000000,103585.03000000,USDT,SIM-001,MARGIN,USDT,[],False,{}
103585.03000000,0.00000000,103585.03000000,USDT,SIM-001,MARGIN,USDT,[],False,{}
103585.03000000,0.00000000,103585.03000000,USDT,SIM-001,MARGIN,USDT,[],False,{}
103585.03000000,0.00000000,103585.03000000,USDT,SIM-001,MARGIN,USDT,[],False,{}
103585.03000000,0.00000000,103585.03000000,USDT,SIM-001,MARGIN,USDT,[],False,{}
103585.03000000,0.00000000,103585.03000000,USDT,SIM-001,MARGIN,USDT,[],False,{}
103585.03000000,0.00000000,103585.03000000,USDT,SIM-001,MARGIN,USDT,[],False,{}
103585.03000000,0.00000000,103585.03000000,USDT,SIM-001,MARGIN,USDT,[],False,{}
103584.03000000,0.00000000,103584.03000000,USDT,SIM-001,MARGIN,USDT,[],False,{}
103584.03000000,0.00000000,103584.03000000,USDT,SIM-001,MARGIN,USDT,[],False,{}
103584.03000000,0.00000000,103584.03000000,USDT,SIM-001,MARGIN,USDT,[],False,{}
103583.03000000,0.00000000,103583.03000000,USDT,SIM-001,MARGIN,USDT,[],False,{}
103583.03000000,0.00000000,103583.03000000,USDT,SIM-001,MARGIN,USDT,[],False,{}
103583.03000000,0.00000000,103583.03000000,USDT,SIM-001,MARGIN,USDT,[],False,{}
103583.03000000,0.00000000,103583.03000000,USDT,SIM-001,MARGIN,USDT,[],False,{}
103583.03000000,0.00000000,103583.03000000,USDT,SIM-001,MARGIN,USDT,[],False,{}
103583.03000000,0.00000000,103583.03000000,USDT,SIM-001,MARGIN,USDT,[],False,{}
103583.03000000,0.00000000,103583.03000000,USDT,SIM-001,MARGIN,USDT,[],False,{}
103583.03000000,0.00000000,103583.03000000,USDT,SIM-001,MARGIN,USDT,[],False,{}
103583.03000000,0.00000000,103583.03000000,USDT,SIM-001,MARGIN,USDT,[],False,{}
103583.03000000,0.00000000,103583.03000000,USDT,SIM-001,MARGIN,USDT,[],False,{}
103583.03000000,0.00000000,103583.03000000,USDT,SIM-001,MARGIN,USDT,[],False,{}
103583.03000000,0.00000000,103583.03000000,USDT,SIM-001,MARGIN,USDT,[],False,{}
103583.03000000,0.00000000,103583.03000000,USDT,SIM-001,MARGIN,USDT,[],False,{}
103531.21000000,0.00000000,103531.21000000,USDT,SIM-001,MARGIN,USDT,[],False,{}
103531.21000000,0.00000000,103531.21000000,USDT,SIM-001,MARGIN,USDT,[],False,{}
103531.21000000,0.00000000,103531.21000000,USDT,SIM-001,MARGIN,USDT,[],False,{}
103490.10000000,0.00000000,103490.10000000,USDT,SIM-001,MARGIN,USDT,[],False,{}
103490.10000000,0.00000000,103490.10000000,USDT,SIM-001,MARGIN,USDT,[],False,{}
103490.10000000,0.00000000,103490.10000000,USDT,SIM-001,MARGIN,USDT,[],False,{}
103489.10000000,0.00000000,103489.10000000,USDT,SIM-001,MARGIN,USDT,[],False,{}
103488.10000000,0.00000000,103488.10000000,USDT,SIM-001,MARGIN,USDT,[],False,{}
103487.10000000,0.00000000,103487.10000000,USDT,SIM-001,MARGIN,USDT,[],False,{}
103486.10000000,0.00000000,103486.10000000,USDT,SIM-001,MARGIN,USDT,[],False,{}
103485.10000000,0.00000000,103485.10000000,USDT,SIM-001,MARGIN,USDT,[],False,{}
103484.10000000,0.00000000,103484.10000000,USDT,SIM-001,MARGIN,USDT,[],False,{}
103484.10000000,0.00000000,103484.10000000,USDT,SIM-001,MARGIN,USDT,[],False,{}
103484.10000000,0.00000000,103484.10000000,USDT,SIM-001,MARGIN,USDT,[],False,{}
103424.10000000,0.00000000,103424.10000000,USDT,SIM-001,MARGIN,USDT,[],False,{}
103424.10000000,0.00000000,103424.10000000,USDT,SIM-001,MARGIN,USDT,[],False,{}
103424.10000000,0.00000000,103424.10000000,USDT,SIM-001,MARGIN,USDT,[],False,{}
103424.10000000,0.00000000,103424.10000000,USDT,SIM-001,MARGIN,USDT,[],False,{}
103373.27000000,0.00000000,103373.27000000,USDT,SIM-001,MARGIN,USDT,[],False,{}
103328.96000000,0.00000000,103328.96000000,USDT,SIM-001,MARGIN,USDT,[],False,{}
103328.96000000,0.00000000,103328.96000000,USDT,SIM-001,MARGIN,USDT,[],False,{}
103328.96000000,0.00000000,103328.96000000,USDT,SIM-001,MARGIN,USDT,[],False,{}
103328.96000000,0.00000000,103328.96000000,USDT,SIM-001,MARGIN,USDT,[],False,{}
103328.96000000,0.00000000,103328.96000000,USDT,SIM-001,MARGIN,USDT,[],False,{}
103327.96000000,0.00000000,103327.96000000,USDT,SIM-001,MARGIN,USDT,[],False,{}
103327.96000000,0.00000000,103327.96000000,USDT,SIM-001,MARGIN,USDT,[],False,{}
103327.96000000,0.00000000,103327.96000000,USDT,SIM-001,MARGIN,USDT,[],False,{}
103327.76000000,0.00000000,103327.76000000,USDT,SIM-001,MARGIN,USDT,[],False,{}
103327.76000000,0.00000000,103327.76000000,USDT,SIM-001,MARGIN,USDT,[],False,{}
103327.76000000,0.00000000,103327.76000000,USDT,SIM-001,MARGIN,USDT,[],False,{}
103288.22000000,0.00000000,103288.22000000,USDT,SIM-001,MARGIN,USDT,[],False,{}
103248.68000000,0.00000000,103248.68000000,USDT,SIM-001,MARGIN,USDT,[],False,{}
103209.14000000,0.00000000,103209.14000000,USDT,SIM-001,MARGIN,USDT,[],False,{}
103209.14000000,0.00000000,103209.14000000,USDT,SIM-001,MARGIN,USDT,[],False,{}
103209.14000000,0.00000000,103209.14000000,USDT,SIM-001,MARGIN,USDT,[],False,{}
103209.14000000,0.00000000,103209.14000000,USDT,SIM-001,MARGIN,USDT,[],False,{}
103209.14000000,0.00000000,103209.14000000,USDT,SIM-001,MARGIN,USDT,[],False,{}
103209.14000000,0.00000000,103209.14000000,USDT,SIM-001,MARGIN,USDT,[],False,{}
103209.14000000,0.00000000,103209.14000000,USDT,SIM-001,MARGIN,USDT,[],False,{}
103209.14000000,0.00000000,103209.14000000,USDT,SIM-001,MARGIN,USDT,[],False,{}
103208.14000000,0.00000000,103208.14000000,USDT,SIM-001,MARGIN,USDT,[],False,{}
103208.14000000,0.00000000,103208.14000000,USDT,SIM-001,MARGIN,USDT,[],False,{}
103208.14000000,0.00000000,103208.14000000,USDT,SIM-001,MARGIN,USDT,[],False,{}
103207.14000000,0.00000000,103207.14000000,USDT,SIM-001,MARGIN,USDT,[],False,{}
103207.14000000,0.00000000,103207.14000000,USDT,SIM-001,MARGIN,USDT,[],False,{}
103207.14000000,0.00000000,103207.14000000,USDT,SIM-001,MARGIN,USDT,[],False,{}
103207.14000000,0.00000000,103207.14000000,USDT,SIM-001,MARGIN,USDT,[],False,{}
103207.14000000,0.00000000,103207.14000000,USDT,SIM-001,MARGIN,USDT,[],False,{}
103207.14000000,0.00000000,103207.14000000,USDT,SIM-001,MARGIN,USDT,[],False,{}
103207.14000000,0.00000000,103207.14000000,USDT,SIM-001,MARGIN,USDT,[],False,{}
103207.14000000,0.00000000,103207.14000000,USDT,SIM-001,MARGIN,USDT,[],False,{}
103207.14000000,0.00000000,103207.14000000,USDT,SIM-001,MARGIN,USDT,[],False,{}
103207.14000000,0.00000000,103207.14000000,USDT,SIM-001,MARGIN,USDT,[],False,{}
103207.14000000,0.00000000,103207.14000000,USDT,SIM-001,MARGIN,USDT,[],False,{}
103207.14000000,0.00000000,103207.14000000,USDT,SIM-001,MARGIN,USDT,[],False,{}
103207.14000000,0.00000000,103207.14000000,USDT,SIM-001,MARGIN,USDT,[],False,{}
103206.14000000,0.00000000,103206.14000000,USDT,SIM-001,MARGIN,USDT,[],False,{}
103206.14000000,0.00000000,103206.14000000,USDT,SIM-001,MARGIN,USDT,[],False,{}
103206.14000000,0.00000000,103206.14000000,USDT,SIM-001,MARGIN,USDT,[],False,{}
103205.14000000,0.00000000,103205.14000000,USDT,SIM-001,MARGIN,USDT,[],False,{}
103205.14000000,0.00000000,103205.14000000,USDT,SIM-001,MARGIN,USDT,[],False,{}
103205.14000000,0.00000000,103205.14000000,USDT,SIM-001,MARGIN,USDT,[],False,{}
103205.14000000,0.00000000,103205.14000000,USDT,SIM-001,MARGIN,USDT,[],False,{}
103205.14000000,0.00000000,103205.14000000,USDT,SIM-001,MARGIN,USDT,[],False,{}
103205.14000000,0.00000000,103205.14000000,USDT,SIM-001,MARGIN,USDT,[],False,{}
103205.14000000,0.00000000,103205.14000000,USDT,SIM-001,MARGIN,USDT,[],False,{}
103205.14000000,0.00000000,103205.14000000,USDT,SIM-001,MARGIN,USDT,[],False,{}
103205.14000000,0.00000000,103205.14000000,USDT,SIM-001,MARGIN,USDT,[],False,{}
103205.14000000,0.00000000,103205.14000000,USDT,SIM-001,MARGIN,USDT,[],False,{}
103205.14000000,0.00000000,103205.14000000,USDT,SIM-001,MARGIN,USDT,[],False,{}
103205.14000000,0.00000000,103205.14000000,USDT,SIM-001,MARGIN,USDT,[],False,{}
103205.14000000,0.00000000,103205.14000000,USDT,SIM-001,MARGIN,USDT,[],False,{}
103168.90000000,0.00000000,103168.90000000,USDT,SIM-001,MARGIN,USDT,[],False,{}
103168.90000000,0.00000000,103168.90000000,USDT,SIM-001,MARGIN,USDT,[],False,{}
103168.90000000,0.00000000,103168.90000000,USDT,SIM-001,MARGIN,USDT,[],False,{}
103146.70000000,0.00000000,103146.70000000,USDT,SIM-001,MARGIN,USDT,[],False,{}
103146.70000000,0.00000000,103146.70000000,USDT,SIM-001,MARGIN,USDT,[],False,{}
103146.70000000,0.00000000,103146.70000000,USDT,SIM-001,MARGIN,USDT,[],False,{}
103145.70000000,0.00000000,103145.70000000,USDT,SIM-001,MARGIN,USDT,[],False,{}
103144.70000000,0.00000000,103144.70000000,USDT,SIM-001,MARGIN,USDT,[],False,{}
103143.70000000,0.00000000,103143.70000000,USDT,SIM-001,MARGIN,USDT,[],False,{}
103142.70000000,0.00000000,103142.70000000,USDT,SIM-001,MARGIN,USDT,[],False,{}
103141.70000000,0.00000000,103141.70000000,USDT,SIM-001,MARGIN,USDT,[],False,{}
103140.70000000,0.00000000,103140.70000000,USDT,SIM-001,MARGIN,USDT,[],False,{}
104179.62000000,0.00000000,104179.62000000,USDT,SIM-001,MARGIN,USDT,[],False,{}
104179.62000000,0.00000000,104179.62000000,USDT,SIM-001,MARGIN,USDT,[],False,{}
104179.62000000,0.00000000,104179.62000000,USDT,SIM-001,MARGIN,USDT,[],False,{}
104179.62000000,0.00000000,104179.62000000,USDT,SIM-001,MARGIN,USDT,[],False,{}
104179.62000000,0.00000000,104179.62000000,USDT,SIM-001,MARGIN,USDT,[],False,{}
104178.62000000,0.00000000,104178.62000000,USDT,SIM-001,MARGIN,USDT,[],False,{}
104178.62000000,0.00000000,104178.62000000,USDT,SIM-001,MARGIN,USDT,[],False,{}
104178.62000000,0.00000000,104178.62000000,USDT,SIM-001,MARGIN,USDT,[],False,{}
104177.62000000,0.00000000,104177.62000000,USDT,SIM-001,MARGIN,USDT,[],False,{}
104177.62000000,0.00000000,104177.62000000,USDT,SIM-001,MARGIN,USDT,[],False,{}
104177.62000000,0.00000000,104177.62000000,USDT,SIM-001,MARGIN,USDT,[],False,{}
104215.06000000,0.00000000,104215.06000000,USDT,SIM-001,MARGIN,USDT,[],False,{}
104252.50000000,0.00000000,104252.50000000,USDT,SIM-001,MARGIN,USDT,[],False,{}
104252.10000000,0.00000000,104252.10000000,USDT,SIM-001,MARGIN,USDT,[],False,{}
104252.10000000,0.00000000,104252.10000000,USDT,SIM-001,MARGIN,USDT,[],False,{}
104251.10000000,0.00000000,104251.10000000,USDT,SIM-001,MARGIN,USDT,[],False,{}
104250.10000000,0.00000000,104250.10000000,USDT,SIM-001,MARGIN,USDT,[],False,{}
104249.10000000,0.00000000,104249.10000000,USDT,SIM-001,MARGIN,USDT,[],False,{}
104249.10000000,0.00000000,104249.10000000,USDT,SIM-001,MARGIN,USDT,[],False,{}
104249.10000000,0.00000000,104249.10000000,USDT,SIM-001,MARGIN,USDT,[],False,{}
104249.10000000,0.00000000,104249.10000000,USDT,SIM-001,MARGIN,USDT,[],False,{}
104249.10000000,0.00000000,104249.10000000,USDT,SIM-001,MARGIN,USDT,[],False,{}
104274.38000000,0.00000000,104274.38000000,USDT,SIM-001,MARGIN,USDT,[],False,{}
104274.38000000,0.00000000,104274.38000000,USDT,SIM-001,MARGIN,USDT,[],False,{}
104274.38000000,0.00000000,104274.38000000,USDT,SIM-001,MARGIN,USDT,[],False,{}
104315.88000000,0.00000000,104315.88000000,USDT,SIM-001,MARGIN,USDT,[],False,{}
104315.88000000,0.00000000,104315.88000000,USDT,SIM-001,MARGIN,USDT,[],False,{}
104315.88000000,0.00000000,104315.88000000,USDT,SIM-001,MARGIN,USDT,[],False,{}
104314.88000000,0.00000000,104314.88000000,USDT,SIM-001,MARGIN,USDT,[],False,{}
104313.88000000,0.00000000,104313.88000000,USDT,SIM-001,MARGIN,USDT,[],False,{}
104312.88000000,0.00000000,104312.88000000,USDT,SIM-001,MARGIN,USDT,[],False,{}
104311.88000000,0.00000000,104311.88000000,USDT,SIM-001,MARGIN,USDT,[],False,{}
104310.88000000,0.00000000,104310.88000000,USDT,SIM-001,MARGIN,USDT,[],False,{}
104309.88000000,0.00000000,104309.88000000,USDT,SIM-001,MARGIN,USDT,[],False,{}
104309.88000000,0.00000000,104309.88000000,USDT,SIM-001,MARGIN,USDT,[],False,{}
104309.88000000,0.00000000,104309.88000000,USDT,SIM-001,MARGIN,USDT,[],False,{}
104363.47000000,0.00000000,104363.47000000,USDT,SIM-001,MARGIN,USDT,[],False,{}
104427.91000000,0.00000000,104427.91000000,USDT,SIM-001,MARGIN,USDT,[],False,{}
104427.91000000,0.00000000,104427.91000000,USDT,SIM-001,MARGIN,USDT,[],False,{}
104427.91000000,0.00000000,104427.91000000,USDT,SIM-001,MARGIN,USDT,[],False,{}
104509.13000000,0.00000000,104509.13000000,USDT,SIM-001,MARGIN,USDT,[],False,{}
104509.13000000,0.00000000,104509.13000000,USDT,SIM-001,MARGIN,USDT,[],False,{}
104509.13000000,0.00000000,104509.13000000,USDT,SIM-001,MARGIN,USDT,[],False,{}
104509.13000000,0.00000000,104509.13000000,USDT,SIM-001,MARGIN,USDT,[],False,{}
104565.70000000,0.00000000,104565.70000000,USDT,SIM-001,MARGIN,USDT,[],False,{}
104636.51000000,0.00000000,104636.51000000,USDT,SIM-001,MARGIN,USDT,[],False,{}
105314.04000000,0.00000000,105314.04000000,USDT,SIM-001,MARGIN,USDT,[],False,{}
105314.04000000,0.00000000,105314.04000000,USDT,SIM-001,MARGIN,USDT,[],False,{}
105314.04000000,0.00000000,105314.04000000,USDT,SIM-001,MARGIN,USDT,[],False,{}
105314.04000000,0.00000000,105314.04000000,USDT,SIM-001,MARGIN,USDT,[],False,{}
105314.04000000,0.00000000,105314.04000000,USDT,SIM-001,MARGIN,USDT,[],False,{}
105314.04000000,0.00000000,105314.04000000,USDT,SIM-001,MARGIN,USDT,[],False,{}
105314.04000000,0.00000000,105314.04000000,USDT,SIM-001,MARGIN,USDT,[],False,{}
105314.04000000,0.00000000,105314.04000000,USDT,SIM-001,MARGIN,USDT,[],False,{}
105314.04000000,0.00000000,105314.04000000,USDT,SIM-001,MARGIN,USDT,[],False,{}
105314.04000000,0.00000000,105314.04000000,USDT,SIM-001,MARGIN,USDT,[],False,{}
105314.04000000,0.00000000,105314.04000000,USDT,SIM-001,MARGIN,USDT,[],False,{}
105314.04000000,0.00000000,105314.04000000,USDT,SIM-001,MARGIN,USDT,[],False,{}
105314.04000000,0.00000000,105314.04000000,USDT,SIM-001,MARGIN,USDT,[],False,{}
105313.04000000,0.00000000,105313.04000000,USDT,SIM-001,MARGIN,USDT,[],False,{}
105313.04000000,0.00000000,105313.04000000,USDT,SIM-001,MARGIN,USDT,[],False,{}
105313.04000000,0.00000000,105313.04000000,USDT,SIM-001,MARGIN,USDT,[],False,{}
105312.04000000,0.00000000,105312.04000000,USDT,SIM-001,MARGIN,USDT,[],False,{}
105312.04000000,0.00000000,105312.04000000,USDT,SIM-001,MARGIN,USDT,[],False,{}
105312.04000000,0.00000000,105312.04000000,USDT,SIM-001,MARGIN,USDT,[],False,{}
105312.04000000,0.00000000,105312.04000000,USDT,SIM-001,MARGIN,USDT,[],False,{}
105312.04000000,0.00000000,105312.04000000,USDT,SIM-001,MARGIN,USDT,[],False,{}
105312.04000000,0.00000000,105312.04000000,USDT,SIM-001,MARGIN,USDT,[],False,{}
105312.04000000,0.00000000,105312.04000000,USDT,SIM-001,MARGIN,USDT,[],False,{}
105312.04000000,0.00000000,105312.04000000,USDT,SIM-001,MARGIN,USDT,[],False,{}
105312.04000000,0.00000000,105312.04000000,USDT,SIM-001,MARGIN,USDT,[],False,{}
105312.04000000,0.00000000,105312.04000000,USDT,SIM-001,MARGIN,USDT,[],False,{}
105312.04000000,0.00000000,105312.04000000,USDT,SIM-001,MARGIN,USDT,[],False,{}
105312.04000000,0.00000000,105312.04000000,USDT,SIM-001,MARGIN,USDT,[],False,{}
105312.04000000,0.00000000,105312.04000000,USDT,SIM-001,MARGIN,USDT,[],False,{}
105311.04000000,0.00000000,105311.04000000,USDT,SIM-001,MARGIN,USDT,[],False,{}
105311.04000000,0.00000000,105311.04000000,USDT,SIM-001,MARGIN,USDT,[],False,{}
105311.04000000,0.00000000,105311.04000000,USDT,SIM-001,MARGIN,USDT,[],False,{}
105363.48000000,0.00000000,105363.48000000,USDT,SIM-001,MARGIN,USDT,[],False,{}
105415.92000000,0.00000000,105415.92000000,USDT,SIM-001,MARGIN,USDT,[],False,{}
105415.92000000,0.00000000,105415.92000000,USDT,SIM-001,MARGIN,USDT,[],False,{}
105415.92000000,0.00000000,105415.92000000,USDT,SIM-001,MARGIN,USDT,[],False,{}
105415.92000000,0.00000000,105415.92000000,USDT,SIM-001,MARGIN,USDT,[],False,{}
105415.92000000,0.00000000,105415.92000000,USDT,SIM-001,MARGIN,USDT,[],False,{}
105415.92000000,0.00000000,105415.92000000,USDT,SIM-001,MARGIN,USDT,[],False,{}
105415.92000000,0.00000000,105415.92000000,USDT,SIM-001,MARGIN,USDT,[],False,{}
105415.92000000,0.00000000,105415.92000000,USDT,SIM-001,MARGIN,USDT,[],False,{}
105415.92000000,0.00000000,105415.92000000,USDT,SIM-001,MARGIN,USDT,[],False,{}
105415.92000000,0.00000000,105415.92000000,USDT,SIM-001,MARGIN,USDT,[],False,{}
105414.92000000,0.00000000,105414.92000000,USDT,SIM-001,MARGIN,USDT,[],False,{}
105414.92000000,0.00000000,105414.92000000,USDT,SIM-001,MARGIN,USDT,[],False,{}
105414.92000000,0.00000000,105414.92000000,USDT,SIM-001,MARGIN,USDT,[],False,{}
105465.41000000,0.00000000,105465.41000000,USDT,SIM-001,MARGIN,USDT,[],False,{}
105515.90000000,0.00000000,105515.90000000,USDT,SIM-001,MARGIN,USDT,[],False,{}
105515.90000000,0.00000000,105515.90000000,USDT,SIM-001,MARGIN,USDT,[],False,{}
105518.07000000,0.00000000,105518.07000000,USDT,SIM-001,MARGIN,USDT,[],False,{}
105518.07000000,0.00000000,105518.07000000,USDT,SIM-001,MARGIN,USDT,[],False,{}
105517.07000000,0.00000000,105517.07000000,USDT,SIM-001,MARGIN,USDT,[],False,{}
105517.07000000,0.00000000,105517.07000000,USDT,SIM-001,MARGIN,USDT,[],False,{}
105517.07000000,0.00000000,105517.07000000,USDT,SIM-001,MARGIN,USDT,[],False,{}
105517.07000000,0.00000000,105517.07000000,USDT,SIM-001,MARGIN,USDT,[],False,{}
105517.07000000,0.00000000,105517.07000000,USDT,SIM-001,MARGIN,USDT,[],False,{}
105517.07000000,0.00000000,105517.07000000,USDT,SIM-001,MARGIN,USDT,[],False,{}
105517.07000000,0.00000000,105517.07000000,USDT,SIM-001,MARGIN,USDT,[],False,{}
105517.07000000,0.00000000,105517.07000000,USDT,SIM-001,MARGIN,USDT,[],False,{}
105517.07000000,0.00000000,105517.07000000,USDT,SIM-001,MARGIN,USDT,[],False,{}
105516.07000000,0.00000000,105516.07000000,USDT,SIM-001,MARGIN,USDT,[],False,{}
105516.07000000,0.00000000,105516.07000000,USDT,SIM-001,MARGIN,USDT,[],False,{}
105516.07000000,0.00000000,105516.07000000,USDT,SIM-001,MARGIN,USDT,[],False,{}
105486.41000000,0.00000000,105486.41000000,USDT,SIM-001,MARGIN,USDT,[],False,{}
105456.75000000,0.00000000,105456.75000000,USDT,SIM-001,MARGIN,USDT,[],False,{}
105456.75000000,0.00000000,105456.75000000,USDT,SIM-001,MARGIN,USDT,[],False,{}
105451.41000000,0.00000000,105451.41000000,USDT,SIM-001,MARGIN,USDT,[],False,{}
105451.41000000,0.00000000,105451.41000000,USDT,SIM-001,MARGIN,USDT,[],False,{}
105450.41000000,0.00000000,105450.41000000,USDT,SIM-001,MARGIN,USDT,[],False,{}
105450.41000000,0.00000000,105450.41000000,USDT,SIM-001,MARGIN,USDT,[],False,{}
105513.52000000,0.00000000,105513.52000000,USDT,SIM-001,MARGIN,USDT,[],False,{}
105562.04000000,0.00000000,105562.04000000,USDT,SIM-001,MARGIN,USDT,[],False,{}
105562.04000000,0.00000000,105562.04000000,USDT,SIM-001,MARGIN,USDT,[],False,{}
105561.04000000,0.00000000,105561.04000000,USDT,SIM-001,MARGIN,USDT,[],False,{}
105561.04000000,0.00000000,105561.04000000,USDT,SIM-001,MARGIN,USDT,[],False,{}
105561.04000000,0.00000000,105561.04000000,USDT,SIM-001,MARGIN,USDT,[],False,{}
105561.04000000,0.00000000,105561.04000000,USDT,SIM-001,MARGIN,USDT,[],False,{}
105561.04000000,0.00000000,105561.04000000,USDT,SIM-001,MARGIN,USDT,[],False,{}
105577.32000000,0.00000000,105577.32000000,USDT,SIM-001,MARGIN,USDT,[],False,{}
105577.32000000,0.00000000,105577.32000000,USDT,SIM-001,MARGIN,USDT,[],False,{}
105577.32000000,0.00000000,105577.32000000,USDT,SIM-001,MARGIN,USDT,[],False,{}
105590.36000000,0.00000000,105590.36000000,USDT,SIM-001,MARGIN,USDT,[],False,{}
105590.36000000,0.00000000,105590.36000000,USDT,SIM-001,MARGIN,USDT,[],False,{}
105590.36000000,0.00000000,105590.36000000,USDT,SIM-001,MARGIN,USDT,[],False,{}
105590.36000000,0.00000000,105590.36000000,USDT,SIM-001,MARGIN,USDT,[],False,{}
105590.36000000,0.00000000,105590.36000000,USDT,SIM-001,MARGIN,USDT,[],False,{}
105590.36000000,0.00000000,105590.36000000,USDT,SIM-001,MARGIN,USDT,[],False,{}
105590.36000000,0.00000000,105590.36000000,USDT,SIM-001,MARGIN,USDT,[],False,{}
105590.36000000,0.00000000,105590.36000000,USDT,SIM-001,MARGIN,USDT,[],False,{}
105590.36000000,0.00000000,105590.36000000,USDT,SIM-001,MARGIN,USDT,[],False,{}
105590.36000000,0.00000000,105590.36000000,USDT,SIM-001,MARGIN,USDT,[],False,{}
105590.36000000,0.00000000,105590.36000000,USDT,SIM-001,MARGIN,USDT,[],False,{}
105590.36000000,0.00000000,105590.36000000,USDT,SIM-001,MARGIN,USDT,[],False,{}
105590.36000000,0.00000000,105590.36000000,USDT,SIM-001,MARGIN,USDT,[],False,{}
105590.36000000,0.00000000,105590.36000000,USDT,SIM-001,MARGIN,USDT,[],False,{}
105494.81000000,0.00000000,105494.81000000,USDT,SIM-001,MARGIN,USDT,[],False,{}
105494.81000000,0.00000000,105494.81000000,USDT,SIM-001,MARGIN,USDT,[],False,{}
105494.81000000,0.00000000,105494.81000000,USDT,SIM-001,MARGIN,USDT,[],False,{}
105494.81000000,0.00000000,105494.81000000,USDT,SIM-001,MARGIN,USDT,[],False,{}
105493.81000000,0.00000000,105493.81000000,USDT,SIM-001,MARGIN,USDT,[],False,{}
105493.81000000,0.00000000,105493.81000000,USDT,SIM-001,MARGIN,USDT,[],False,{}
105493.81000000,0.00000000,105493.81000000,USDT,SIM-001,MARGIN,USDT,[],False,{}
105493.81000000,0.00000000,105493.81000000,USDT,SIM-001,MARGIN,USDT,[],False,{}
105493.81000000,0.00000000,105493.81000000,USDT,SIM-001,MARGIN,USDT,[],False,{}
105493.81000000,0.00000000,105493.81000000,USDT,SIM-001,MARGIN,USDT,[],False,{}
105493.81000000,0.00000000,105493.81000000,USDT,SIM-001,MARGIN,USDT,[],False,{}
105493.81000000,0.00000000,105493.81000000,USDT,SIM-001,MARGIN,USDT,[],False,{}
105493.81000000,0.00000000,105493.81000000,USDT,SIM-001,MARGIN,USDT,[],False,{}
105493.81000000,0.00000000,105493.81000000,USDT,SIM-001,MARGIN,USDT,[],False,{}
105493.81000000,0.00000000,105493.81000000,USDT,SIM-001,MARGIN,USDT,[],False,{}
105493.81000000,0.00000000,105493.81000000,USDT,SIM-001,MARGIN,USDT,[],False,{}
105493.81000000,0.00000000,105493.81000000,USDT,SIM-001,MARGIN,USDT,[],False,{}
105467.38000000,0.00000000,105467.38000000,USDT,SIM-001,MARGIN,USDT,[],False,{}
105467.38000000,0.00000000,105467.38000000,USDT,SIM-001,MARGIN,USDT,[],False,{}
105467.38000000,0.00000000,105467.38000000,USDT,SIM-001,MARGIN,USDT,[],False,{}
105466.38000000,0.00000000,105466.38000000,USDT,SIM-001,MARGIN,USDT,[],False,{}
105465.38000000,0.00000000,105465.38000000,USDT,SIM-001,MARGIN,USDT,[],False,{}
105465.38000000,0.00000000,105465.38000000,USDT,SIM-001,MARGIN,USDT,[],False,{}
105464.38000000,0.00000000,105464.38000000,USDT,SIM-001,MARGIN,USDT,[],False,{}
105463.38000000,0.00000000,105463.38000000,USDT,SIM-001,MARGIN,USDT,[],False,{}
105463.38000000,0.00000000,105463.38000000,USDT,SIM-001,MARGIN,USDT,[],False,{}
105520.76000000,0.00000000,105520.76000000,USDT,SIM-001,MARGIN,USDT,[],False,{}
105578.14000000,0.00000000,105578.14000000,USDT,SIM-001,MARGIN,USDT,[],False,{}
105635.52000000,0.00000000,105635.52000000,USDT,SIM-001,MARGIN,USDT,[],False,{}
105635.52000000,0.00000000,105635.52000000,USDT,SIM-001,MARGIN,USDT,[],False,{}
105635.52000000,0.00000000,105635.52000000,USDT,SIM-001,MARGIN,USDT,[],False,{}
105635.52000000,0.00000000,105635.52000000,USDT,SIM-001,MARGIN,USDT,[],False,{}
105635.52000000,0.00000000,105635.52000000,USDT,SIM-001,MARGIN,USDT,[],False,{}
105754.33000000,0.00000000,105754.33000000,USDT,SIM-001,MARGIN,USDT,[],False,{}
105754.33000000,0.00000000,105754.33000000,USDT,SIM-001,MARGIN,USDT,[],False,{}
105754.33000000,0.00000000,105754.33000000,USDT,SIM-001,MARGIN,USDT,[],False,{}
105753.33000000,0.00000000,105753.33000000,USDT,SIM-001,MARGIN,USDT,[],False,{}
105752.33000000,0.00000000,105752.33000000,USDT,SIM-001,MARGIN,USDT,[],False,{}
105752.33000000,0.00000000,105752.33000000,USDT,SIM-001,MARGIN,USDT,[],False,{}
105752.33000000,0.00000000,105752.33000000,USDT,SIM-001,MARGIN,USDT,[],False,{}
105752.33000000,0.00000000,105752.33000000,USDT,SIM-001,MARGIN,USDT,[],False,{}
105752.33000000,0.00000000,105752.33000000,USDT,SIM-001,MARGIN,USDT,[],False,{}
105752.33000000,0.00000000,105752.33000000,USDT,SIM-001,MARGIN,USDT,[],False,{}
105752.33000000,0.00000000,105752.33000000,USDT,SIM-001,MARGIN,USDT,[],False,{}
105752.33000000,0.00000000,105752.33000000,USDT,SIM-001,MARGIN,USDT,[],False,{}
105752.33000000,0.00000000,105752.33000000,USDT,SIM-001,MARGIN,USDT,[],False,{}
105752.33000000,0.00000000,105752.33000000,USDT,SIM-001,MARGIN,USDT,[],False,{}
105810.92000000,0.00000000,105810.92000000,USDT,SIM-001,MARGIN,USDT,[],False,{}
105810.92000000,0.00000000,105810.92000000,USDT,SIM-001,MARGIN,USDT,[],False,{}
105810.92000000,0.00000000,105810.92000000,USDT,SIM-001,MARGIN,USDT,[],False,{}
105872.35000000,0.00000000,105872.35000000,USDT,SIM-001,MARGIN,USDT,[],False,{}
105872.35000000,0.00000000,105872.35000000,USDT,SIM-001,MARGIN,USDT,[],False,{}
105872.35000000,0.00000000,105872.35000000,USDT,SIM-001,MARGIN,USDT,[],False,{}
105872.35000000,0.00000000,105872.35000000,USDT,SIM-001,MARGIN,USDT,[],False,{}
105872.35000000,0.00000000,105872.35000000,USDT,SIM-001,MARGIN,USDT,[],False,{}
105872.35000000,0.00000000,105872.35000000,USDT,SIM-001,MARGIN,USDT,[],False,{}
105872.35000000,0.00000000,105872.35000000,USDT,SIM-001,MARGIN,USDT,[],False,{}
105872.35000000,0.00000000,105872.35000000,USDT,SIM-001,MARGIN,USDT,[],False,{}
105872.35000000,0.00000000,105872.35000000,USDT,SIM-001,MARGIN,USDT,[],False,{}
105993.00000000,0.00000000,105993.00000000,USDT,SIM-001,MARGIN,USDT,[],False,{}
105993.00000000,0.00000000,105993.00000000,USDT,SIM-001,MARGIN,USDT,[],False,{}
105993.00000000,0.00000000,105993.00000000,USDT,SIM-001,MARGIN,USDT,[],False,{}
105993.00000000,0.00000000,105993.00000000,USDT,SIM-001,MARGIN,USDT,[],False,{}
105993.00000000,0.00000000,105993.00000000,USDT,SIM-001,MARGIN,USDT,[],False,{}
105992.00000000,0.00000000,105992.00000000,USDT,SIM-001,MARGIN,USDT,[],False,{}
105992.00000000,0.00000000,105992.00000000,USDT,SIM-001,MARGIN,USDT,[],False,{}
105992.00000000,0.00000000,105992.00000000,USDT,SIM-001,MARGIN,USDT,[],False,{}
105991.00000000,0.00000000,105991.00000000,USDT,SIM-001,MARGIN,USDT,[],False,{}
105991.00000000,0.00000000,105991.00000000,USDT,SIM-001,MARGIN,USDT,[],False,{}
105991.00000000,0.00000000,105991.00000000,USDT,SIM-001,MARGIN,USDT,[],False,{}
106032.41000000,0.00000000,106032.41000000,USDT,SIM-001,MARGIN,USDT,[],False,{}
106073.11000000,0.00000000,106073.11000000,USDT,SIM-001,MARGIN,USDT,[],False,{}
106073.11000000,0.00000000,106073.11000000,USDT,SIM-001,MARGIN,USDT,[],False,{}
106072.11000000,0.00000000,106072.11000000,USDT,SIM-001,MARGIN,USDT,[],False,{}
106071.65000000,0.00000000,106071.65000000,USDT,SIM-001,MARGIN,USDT,[],False,{}
106071.04000000,0.00000000,106071.04000000,USDT,SIM-001,MARGIN,USDT,[],False,{}
106070.28000000,0.00000000,106070.28000000,USDT,SIM-001,MARGIN,USDT,[],False,{}
105776.15000000,0.00000000,105776.15000000,USDT,SIM-001,MARGIN,USDT,[],False,{}
105776.15000000,0.00000000,105776.15000000,USDT,SIM-001,MARGIN,USDT,[],False,{}
105776.15000000,0.00000000,105776.15000000,USDT,SIM-001,MARGIN,USDT,[],False,{}
105776.15000000,0.00000000,105776.15000000,USDT,SIM-001,MARGIN,USDT,[],False,{}
105776.15000000,0.00000000,105776.15000000,USDT,SIM-001,MARGIN,USDT,[],False,{}
105775.36000000,0.00000000,105775.36000000,USDT,SIM-001,MARGIN,USDT,[],False,{}
105775.36000000,0.00000000,105775.36000000,USDT,SIM-001,MARGIN,USDT,[],False,{}
105775.36000000,0.00000000,105775.36000000,USDT,SIM-001,MARGIN,USDT,[],False,{}
105775.36000000,0.00000000,105775.36000000,USDT,SIM-001,MARGIN,USDT,[],False,{}
105775.36000000,0.00000000,105775.36000000,USDT,SIM-001,MARGIN,USDT,[],False,{}
105775.36000000,0.00000000,105775.36000000,USDT,SIM-001,MARGIN,USDT,[],False,{}
105775.36000000,0.00000000,105775.36000000,USDT,SIM-001,MARGIN,USDT,[],False,{}
105775.36000000,0.00000000,105775.36000000,USDT,SIM-001,MARGIN,USDT,[],False,{}
105775.36000000,0.00000000,105775.36000000,USDT,SIM-001,MARGIN,USDT,[],False,{}
105775.36000000,0.00000000,105775.36000000,USDT,SIM-001,MARGIN,USDT,[],False,{}
105775.36000000,0.00000000,105775.36000000,USDT,SIM-001,MARGIN,USDT,[],False,{}
105775.36000000,0.00000000,105775.36000000,USDT,SIM-001,MARGIN,USDT,[],False,{}
105774.36000000,0.00000000,105774.36000000,USDT,SIM-001,MARGIN,USDT,[],False,{}
105774.36000000,0.00000000,105774.36000000,USDT,SIM-001,MARGIN,USDT,[],False,{}
105774.36000000,0.00000000,105774.36000000,USDT,SIM-001,MARGIN,USDT,[],False,{}
105773.36000000,0.00000000,105773.36000000,USDT,SIM-001,MARGIN,USDT,[],False,{}
105773.36000000,0.00000000,105773.36000000,USDT,SIM-001,MARGIN,USDT,[],False,{}
105773.36000000,0.00000000,105773.36000000,USDT,SIM-001,MARGIN,USDT,[],False,{}
105795.41000000,0.00000000,105795.41000000,USDT,SIM-001,MARGIN,USDT,[],False,{}
105817.46000000,0.00000000,105817.46000000,USDT,SIM-001,MARGIN,USDT,[],False,{}
105834.39000000,0.00000000,105834.39000000,USDT,SIM-001,MARGIN,USDT,[],False,{}
105834.39000000,0.00000000,105834.39000000,USDT,SIM-001,MARGIN,USDT,[],False,{}
105834.39000000,0.00000000,105834.39000000,USDT,SIM-001,MARGIN,USDT,[],False,{}
105834.39000000,0.00000000,105834.39000000,USDT,SIM-001,MARGIN,USDT,[],False,{}
105834.39000000,0.00000000,105834.39000000,USDT,SIM-001,MARGIN,USDT,[],False,{}
105834.39000000,0.00000000,105834.39000000,USDT,SIM-001,MARGIN,USDT,[],False,{}
105834.39000000,0.00000000,105834.39000000,USDT,SIM-001,MARGIN,USDT,[],False,{}
105834.39000000,0.00000000,105834.39000000,USDT,SIM-001,MARGIN,USDT,[],False,{}
105834.39000000,0.00000000,105834.39000000,USDT,SIM-001,MARGIN,USDT,[],False,{}
105833.39000000,0.00000000,105833.39000000,USDT,SIM-001,MARGIN,USDT,[],False,{}
105833.39000000,0.00000000,105833.39000000,USDT,SIM-001,MARGIN,USDT,[],False,{}
105833.39000000,0.00000000,105833.39000000,USDT,SIM-001,MARGIN,USDT,[],False,{}
105832.39000000,0.00000000,105832.39000000,USDT,SIM-001,MARGIN,USDT,[],False,{}
105832.39000000,0.00000000,105832.39000000,USDT,SIM-001,MARGIN,USDT,[],False,{}
105832.39000000,0.00000000,105832.39000000,USDT,SIM-001,MARGIN,USDT,[],False,{}
105852.01000000,0.00000000,105852.01000000,USDT,SIM-001,MARGIN,USDT,[],False,{}
105871.63000000,0.00000000,105871.63000000,USDT,SIM-001,MARGIN,USDT,[],False,{}
105875.40000000,0.00000000,105875.40000000,USDT,SIM-001,MARGIN,USDT,[],False,{}
105875.40000000,0.00000000,105875.40000000,USDT,SIM-001,MARGIN,USDT,[],False,{}
105874.40000000,0.00000000,105874.40000000,USDT,SIM-001,MARGIN,USDT,[],False,{}
105873.40000000,0.00000000,105873.40000000,USDT,SIM-001,MARGIN,USDT,[],False,{}
105872.40000000,0.00000000,105872.40000000,USDT,SIM-001,MARGIN,USDT,[],False,{}
105872.40000000,0.00000000,105872.40000000,USDT,SIM-001,MARGIN,USDT,[],False,{}
105872.40000000,0.00000000,105872.40000000,USDT,SIM-001,MARGIN,USDT,[],False,{}
105872.40000000,0.00000000,105872.40000000,USDT,SIM-001,MARGIN,USDT,[],False,{}
105872.40000000,0.00000000,105872.40000000,USDT,SIM-001,MARGIN,USDT,[],False,{}
105871.40000000,0.00000000,105871.40000000,USDT,SIM-001,MARGIN,USDT,[],False,{}
105871.40000000,0.00000000,105871.40000000,USDT,SIM-001,MARGIN,USDT,[],False,{}
105871.40000000,0.00000000,105871.40000000,USDT,SIM-001,MARGIN,USDT,[],False,{}
105871.20000000,0.00000000,105871.20000000,USDT,SIM-001,MARGIN,USDT,[],False,{}
105871.20000000,0.00000000,105871.20000000,USDT,SIM-001,MARGIN,USDT,[],False,{}
105871.20000000,0.00000000,105871.20000000,USDT,SIM-001,MARGIN,USDT,[],False,{}
105870.37000000,0.00000000,105870.37000000,USDT,SIM-001,MARGIN,USDT,[],False,{}
105869.54000000,0.00000000,105869.54000000,USDT,SIM-001,MARGIN,USDT,[],False,{}
105868.71000000,0.00000000,105868.71000000,USDT,SIM-001,MARGIN,USDT,[],False,{}
105868.71000000,0.00000000,105868.71000000,USDT,SIM-001,MARGIN,USDT,[],False,{}
105868.71000000,0.00000000,105868.71000000,USDT,SIM-001,MARGIN,USDT,[],False,{}
105868.71000000,0.00000000,105868.71000000,USDT,SIM-001,MARGIN,USDT,[],False,{}
105868.71000000,0.00000000,105868.71000000,USDT,SIM-001,MARGIN,USDT,[],False,{}
105868.71000000,0.00000000,105868.71000000,USDT,SIM-001,MARGIN,USDT,[],False,{}
105868.71000000,0.00000000,105868.71000000,USDT,SIM-001,MARGIN,USDT,[],False,{}
105868.71000000,0.00000000,105868.71000000,USDT,SIM-001,MARGIN,USDT,[],False,{}
105868.71000000,0.00000000,105868.71000000,USDT,SIM-001,MARGIN,USDT,[],False,{}
105868.71000000,0.00000000,105868.71000000,USDT,SIM-001,MARGIN,USDT,[],False,{}
105868.71000000,0.00000000,105868.71000000,USDT,SIM-001,MARGIN,USDT,[],False,{}
105868.71000000,0.00000000,105868.71000000,USDT,SIM-001,MARGIN,USDT,[],False,{}
105552.20000000,0.00000000,105552.20000000,USDT,SIM-001,MARGIN,USDT,[],False,{}
105552.20000000,0.00000000,105552.20000000,USDT,SIM-001,MARGIN,USDT,[],False,{}
105552.20000000,0.00000000,105552.20000000,USDT,SIM-001,MARGIN,USDT,[],False,{}
105552.20000000,0.00000000,105552.20000000,USDT,SIM-001,MARGIN,USDT,[],False,{}
105552.20000000,0.00000000,105552.20000000,USDT,SIM-001,MARGIN,USDT,[],False,{}
105551.20000000,0.00000000,105551.20000000,USDT,SIM-001,MARGIN,USDT,[],False,{}
105551.20000000,0.00000000,105551.20000000,USDT,SIM-001,MARGIN,USDT,[],False,{}
105551.20000000,0.00000000,105551.20000000,USDT,SIM-001,MARGIN,USDT,[],False,{}
105550.20000000,0.00000000,105550.20000000,USDT,SIM-001,MARGIN,USDT,[],False,{}
105550.20000000,0.00000000,105550.20000000,USDT,SIM-001,MARGIN,USDT,[],False,{}
105550.20000000,0.00000000,105550.20000000,USDT,SIM-001,MARGIN,USDT,[],False,{}
105586.05000000,0.00000000,105586.05000000,USDT,SIM-001,MARGIN,USDT,[],False,{}
105621.36000000,0.00000000,105621.36000000,USDT,SIM-001,MARGIN,USDT,[],False,{}
105621.36000000,0.00000000,105621.36000000,USDT,SIM-001,MARGIN,USDT,[],False,{}
105620.36000000,0.00000000,105620.36000000,USDT,SIM-001,MARGIN,USDT,[],False,{}
105619.36000000,0.00000000,105619.36000000,USDT,SIM-001,MARGIN,USDT,[],False,{}
105618.36000000,0.00000000,105618.36000000,USDT,SIM-001,MARGIN,USDT,[],False,{}
105617.36000000,0.00000000,105617.36000000,USDT,SIM-001,MARGIN,USDT,[],False,{}
105617.36000000,0.00000000,105617.36000000,USDT,SIM-001,MARGIN,USDT,[],False,{}
105617.36000000,0.00000000,105617.36000000,USDT,SIM-001,MARGIN,USDT,[],False,{}
105617.36000000,0.00000000,105617.36000000,USDT,SIM-001,MARGIN,USDT,[],False,{}
105617.36000000,0.00000000,105617.36000000,USDT,SIM-001,MARGIN,USDT,[],False,{}
105616.36000000,0.00000000,105616.36000000,USDT,SIM-001,MARGIN,USDT,[],False,{}
105616.36000000,0.00000000,105616.36000000,USDT,SIM-001,MARGIN,USDT,[],False,{}
105616.36000000,0.00000000,105616.36000000,USDT,SIM-001,MARGIN,USDT,[],False,{}
105615.36000000,0.00000000,105615.36000000,USDT,SIM-001,MARGIN,USDT,[],False,{}
105615.36000000,0.00000000,105615.36000000,USDT,SIM-001,MARGIN,USDT,[],False,{}
105615.36000000,0.00000000,105615.36000000,USDT,SIM-001,MARGIN,USDT,[],False,{}
105627.13000000,0.00000000,105627.13000000,USDT,SIM-001,MARGIN,USDT,[],False,{}
105638.90000000,0.00000000,105638.90000000,USDT,SIM-001,MARGIN,USDT,[],False,{}
105650.67000000,0.00000000,105650.67000000,USDT,SIM-001,MARGIN,USDT,[],False,{}
105682.46000000,0.00000000,105682.46000000,USDT,SIM-001,MARGIN,USDT,[],False,{}
105714.25000000,0.00000000,105714.25000000,USDT,SIM-001,MARGIN,USDT,[],False,{}
105746.04000000,0.00000000,105746.04000000,USDT,SIM-001,MARGIN,USDT,[],False,{}
105752.17000000,0.00000000,105752.17000000,USDT,SIM-001,MARGIN,USDT,[],False,{}
105752.17000000,0.00000000,105752.17000000,USDT,SIM-001,MARGIN,USDT,[],False,{}
105752.17000000,0.00000000,105752.17000000,USDT,SIM-001,MARGIN,USDT,[],False,{}
105752.17000000,0.00000000,105752.17000000,USDT,SIM-001,MARGIN,USDT,[],False,{}
105752.17000000,0.00000000,105752.17000000,USDT,SIM-001,MARGIN,USDT,[],False,{}
105751.17000000,0.00000000,105751.17000000,USDT,SIM-001,MARGIN,USDT,[],False,{}
105751.17000000,0.00000000,105751.17000000,USDT,SIM-001,MARGIN,USDT,[],False,{}
105751.17000000,0.00000000,105751.17000000,USDT,SIM-001,MARGIN,USDT,[],False,{}
105750.17000000,0.00000000,105750.17000000,USDT,SIM-001,MARGIN,USDT,[],False,{}
105750.17000000,0.00000000,105750.17000000,USDT,SIM-001,MARGIN,USDT,[],False,{}
105750.17000000,0.00000000,105750.17000000,USDT,SIM-001,MARGIN,USDT,[],False,{}
105750.17000000,0.00000000,105750.17000000,USDT,SIM-001,MARGIN,USDT,[],False,{}
105750.17000000,0.00000000,105750.17000000,USDT,SIM-001,MARGIN,USDT,[],False,{}
105750.17000000,0.00000000,105750.17000000,USDT,SIM-001,MARGIN,USDT,[],False,{}
105750.17000000,0.00000000,105750.17000000,USDT,SIM-001,MARGIN,USDT,[],False,{}
105750.17000000,0.00000000,105750.17000000,USDT,SIM-001,MARGIN,USDT,[],False,{}
105750.17000000,0.00000000,105750.17000000,USDT,SIM-001,MARGIN,USDT,[],False,{}
105614.22000000,0.00000000,105614.22000000,USDT,SIM-001,MARGIN,USDT,[],False,{}
105614.22000000,0.00000000,105614.22000000,USDT,SIM-001,MARGIN,USDT,[],False,{}
105614.22000000,0.00000000,105614.22000000,USDT,SIM-001,MARGIN,USDT,[],False,{}
105614.22000000,0.00000000,105614.22000000,USDT,SIM-001,MARGIN,USDT,[],False,{}
105614.22000000,0.00000000,105614.22000000,USDT,SIM-001,MARGIN,USDT,[],False,{}
105613.22000000,0.00000000,105613.22000000,USDT,SIM-001,MARGIN,USDT,[],False,{}
105613.22000000,0.00000000,105613.22000000,USDT,SIM-001,MARGIN,USDT,[],False,{}
105613.22000000,0.00000000,105613.22000000,USDT,SIM-001,MARGIN,USDT,[],False,{}
105612.33000000,0.00000000,105612.33000000,USDT,SIM-001,MARGIN,USDT,[],False,{}
105612.33000000,0.00000000,105612.33000000,USDT,SIM-001,MARGIN,USDT,[],False,{}
105612.33000000,0.00000000,105612.33000000,USDT,SIM-001,MARGIN,USDT,[],False,{}
105652.92000000,0.00000000,105652.92000000,USDT,SIM-001,MARGIN,USDT,[],False,{}
105689.49000000,0.00000000,105689.49000000,USDT,SIM-001,MARGIN,USDT,[],False,{}
105689.49000000,0.00000000,105689.49000000,USDT,SIM-001,MARGIN,USDT,[],False,{}
105688.49000000,0.00000000,105688.49000000,USDT,SIM-001,MARGIN,USDT,[],False,{}
105687.49000000,0.00000000,105687.49000000,USDT,SIM-001,MARGIN,USDT,[],False,{}
105686.49000000,0.00000000,105686.49000000,USDT,SIM-001,MARGIN,USDT,[],False,{}
105685.49000000,0.00000000,105685.49000000,USDT,SIM-001,MARGIN,USDT,[],False,{}
105685.49000000,0.00000000,105685.49000000,USDT,SIM-001,MARGIN,USDT,[],False,{}
105685.49000000,0.00000000,105685.49000000,USDT,SIM-001,MARGIN,USDT,[],False,{}
105685.49000000,0.00000000,105685.49000000,USDT,SIM-001,MARGIN,USDT,[],False,{}
105685.49000000,0.00000000,105685.49000000,USDT,SIM-001,MARGIN,USDT,[],False,{}
105684.49000000,0.00000000,105684.49000000,USDT,SIM-001,MARGIN,USDT,[],False,{}
105684.49000000,0.00000000,105684.49000000,USDT,SIM-001,MARGIN,USDT,[],False,{}
105684.49000000,0.00000000,105684.49000000,USDT,SIM-001,MARGIN,USDT,[],False,{}
105683.78000000,0.00000000,105683.78000000,USDT,SIM-001,MARGIN,USDT,[],False,{}
105683.78000000,0.00000000,105683.78000000,USDT,SIM-001,MARGIN,USDT,[],False,{}
105683.78000000,0.00000000,105683.78000000,USDT,SIM-001,MARGIN,USDT,[],False,{}
105683.78000000,0.00000000,105683.78000000,USDT,SIM-001,MARGIN,USDT,[],False,{}
105683.78000000,0.00000000,105683.78000000,USDT,SIM-001,MARGIN,USDT,[],False,{}
105683.78000000,0.00000000,105683.78000000,USDT,SIM-001,MARGIN,USDT,[],False,{}
105683.78000000,0.00000000,105683.78000000,USDT,SIM-001,MARGIN,USDT,[],False,{}
105683.78000000,0.00000000,105683.78000000,USDT,SIM-001,MARGIN,USDT,[],False,{}
105683.78000000,0.00000000,105683.78000000,USDT,SIM-001,MARGIN,USDT,[],False,{}
105683.78000000,0.00000000,105683.78000000,USDT,SIM-001,MARGIN,USDT,[],False,{}
105683.78000000,0.00000000,105683.78000000,USDT,SIM-001,MARGIN,USDT,[],False,{}
105683.78000000,0.00000000,105683.78000000,USDT,SIM-001,MARGIN,USDT,[],False,{}
105683.78000000,0.00000000,105683.78000000,USDT,SIM-001,MARGIN,USDT,[],False,{}
105683.78000000,0.00000000,105683.78000000,USDT,SIM-001,MARGIN,USDT,[],False,{}
105683.78000000,0.00000000,105683.78000000,USDT,SIM-001,MARGIN,USDT,[],False,{}
105586.48000000,0.00000000,105586.48000000,USDT,SIM-001,MARGIN,USDT,[],False,{}
105505.10000000,0.00000000,105505.10000000,USDT,SIM-001,MARGIN,USDT,[],False,{}
105505.10000000,0.00000000,105505.10000000,USDT,SIM-001,MARGIN,USDT,[],False,{}
105505.10000000,0.00000000,105505.10000000,USDT,SIM-001,MARGIN,USDT,[],False,{}
105505.10000000,0.00000000,105505.10000000,USDT,SIM-001,MARGIN,USDT,[],False,{}
105505.10000000,0.00000000,105505.10000000,USDT,SIM-001,MARGIN,USDT,[],False,{}
105504.10000000,0.00000000,105504.10000000,USDT,SIM-001,MARGIN,USDT,[],False,{}
105504.10000000,0.00000000,105504.10000000,USDT,SIM-001,MARGIN,USDT,[],False,{}
105504.10000000,0.00000000,105504.10000000,USDT,SIM-001,MARGIN,USDT,[],False,{}
105503.13000000,0.00000000,105503.13000000,USDT,SIM-001,MARGIN,USDT,[],False,{}
105503.13000000,0.00000000,105503.13000000,USDT,SIM-001,MARGIN,USDT,[],False,{}
105503.13000000,0.00000000,105503.13000000,USDT,SIM-001,MARGIN,USDT,[],False,{}
105503.13000000,0.00000000,105503.13000000,USDT,SIM-001,MARGIN,USDT,[],False,{}
105503.13000000,0.00000000,105503.13000000,USDT,SIM-001,MARGIN,USDT,[],False,{}
105503.13000000,0.00000000,105503.13000000,USDT,SIM-001,MARGIN,USDT,[],False,{}
105503.13000000,0.00000000,105503.13000000,USDT,SIM-001,MARGIN,USDT,[],False,{}
105503.13000000,0.00000000,105503.13000000,USDT,SIM-001,MARGIN,USDT,[],False,{}
105503.13000000,0.00000000,105503.13000000,USDT,SIM-001,MARGIN,USDT,[],False,{}
105503.13000000,0.00000000,105503.13000000,USDT,SIM-001,MARGIN,USDT,[],False,{}
105503.13000000,0.00000000,105503.13000000,USDT,SIM-001,MARGIN,USDT,[],False,{}
105503.13000000,0.00000000,105503.13000000,USDT,SIM-001,MARGIN,USDT,[],False,{}
105503.13000000,0.00000000,105503.13000000,USDT,SIM-001,MARGIN,USDT,[],False,{}
105420.30000000,0.00000000,105420.30000000,USDT,SIM-001,MARGIN,USDT,[],False,{}
105420.30000000,0.00000000,105420.30000000,USDT,SIM-001,MARGIN,USDT,[],False,{}
105420.30000000,0.00000000,105420.30000000,USDT,SIM-001,MARGIN,USDT,[],False,{}
105347.11000000,0.00000000,105347.11000000,USDT,SIM-001,MARGIN,USDT,[],False,{}
105347.11000000,0.00000000,105347.11000000,USDT,SIM-001,MARGIN,USDT,[],False,{}
105347.11000000,0.00000000,105347.11000000,USDT,SIM-001,MARGIN,USDT,[],False,{}
105347.11000000,0.00000000,105347.11000000,USDT,SIM-001,MARGIN,USDT,[],False,{}
105347.11000000,0.00000000,105347.11000000,USDT,SIM-001,MARGIN,USDT,[],False,{}
105347.11000000,0.00000000,105347.11000000,USDT,SIM-001,MARGIN,USDT,[],False,{}
105347.11000000,0.00000000,105347.11000000,USDT,SIM-001,MARGIN,USDT,[],False,{}
105347.11000000,0.00000000,105347.11000000,USDT,SIM-001,MARGIN,USDT,[],False,{}
105347.11000000,0.00000000,105347.11000000,USDT,SIM-001,MARGIN,USDT,[],False,{}
105347.11000000,0.00000000,105347.11000000,USDT,SIM-001,MARGIN,USDT,[],False,{}
105347.11000000,0.00000000,105347.11000000,USDT,SIM-001,MARGIN,USDT,[],False,{}
105347.11000000,0.00000000,105347.11000000,USDT,SIM-001,MARGIN,USDT,[],False,{}
105347.11000000,0.00000000,105347.11000000,USDT,SIM-001,MARGIN,USDT,[],False,{}
105346.11000000,0.00000000,105346.11000000,USDT,SIM-001,MARGIN,USDT,[],False,{}
105346.11000000,0.00000000,105346.11000000,USDT,SIM-001,MARGIN,USDT,[],False,{}
105346.11000000,0.00000000,105346.11000000,USDT,SIM-001,MARGIN,USDT,[],False,{}
105345.11000000,0.00000000,105345.11000000,USDT,SIM-001,MARGIN,USDT,[],False,{}
105345.11000000,0.00000000,105345.11000000,USDT,SIM-001,MARGIN,USDT,[],False,{}
105345.11000000,0.00000000,105345.11000000,USDT,SIM-001,MARGIN,USDT,[],False,{}
105345.11000000,0.00000000,105345.11000000,USDT,SIM-001,MARGIN,USDT,[],False,{}
105345.11000000,0.00000000,105345.11000000,USDT,SIM-001,MARGIN,USDT,[],False,{}
105345.11000000,0.00000000,105345.11000000,USDT,SIM-001,MARGIN,USDT,[],False,{}
105345.11000000,0.00000000,105345.11000000,USDT,SIM-001,MARGIN,USDT,[],False,{}
105345.11000000,0.00000000,105345.11000000,USDT,SIM-001,MARGIN,USDT,[],False,{}
105345.11000000,0.00000000,105345.11000000,USDT,SIM-001,MARGIN,USDT,[],False,{}
105345.11000000,0.00000000,105345.11000000,USDT,SIM-001,MARGIN,USDT,[],False,{}
105345.11000000,0.00000000,105345.11000000,USDT,SIM-001,MARGIN,USDT,[],False,{}
105345.11000000,0.00000000,105345.11000000,USDT,SIM-001,MARGIN,USDT,[],False,{}
105345.11000000,0.00000000,105345.11000000,USDT,SIM-001,MARGIN,USDT,[],False,{}
105345.11000000,0.00000000,105345.11000000,USDT,SIM-001,MARGIN,USDT,[],False,{}
105345.11000000,0.00000000,105345.11000000,USDT,SIM-001,MARGIN,USDT,[],False,{}
105174.39000000,0.00000000,105174.39000000,USDT,SIM-001,MARGIN,USDT,[],False,{}
105026.70000000,0.00000000,105026.70000000,USDT,SIM-001,MARGIN,USDT,[],False,{}
105026.70000000,0.00000000,105026.70000000,USDT,SIM-001,MARGIN,USDT,[],False,{}
105026.70000000,0.00000000,105026.70000000,USDT,SIM-001,MARGIN,USDT,[],False,{}
105026.70000000,0.00000000,105026.70000000,USDT,SIM-001,MARGIN,USDT,[],False,{}
105026.70000000,0.00000000,105026.70000000,USDT,SIM-001,MARGIN,USDT,[],False,{}
105025.70000000,0.00000000,105025.70000000,USDT,SIM-001,MARGIN,USDT,[],False,{}
105025.70000000,0.00000000,105025.70000000,USDT,SIM-001,MARGIN,USDT,[],False,{}
105025.70000000,0.00000000,105025.70000000,USDT,SIM-001,MARGIN,USDT,[],False,{}
105024.70000000,0.00000000,105024.70000000,USDT,SIM-001,MARGIN,USDT,[],False,{}
105024.70000000,0.00000000,105024.70000000,USDT,SIM-001,MARGIN,USDT,[],False,{}
105024.70000000,0.00000000,105024.70000000,USDT,SIM-001,MARGIN,USDT,[],False,{}
104953.67000000,0.00000000,104953.67000000,USDT,SIM-001,MARGIN,USDT,[],False,{}
104882.64000000,0.00000000,104882.64000000,USDT,SIM-001,MARGIN,USDT,[],False,{}
104811.61000000,0.00000000,104811.61000000,USDT,SIM-001,MARGIN,USDT,[],False,{}
104728.29000000,0.00000000,104728.29000000,USDT,SIM-001,MARGIN,USDT,[],False,{}
104644.97000000,0.00000000,104644.97000000,USDT,SIM-001,MARGIN,USDT,[],False,{}
104561.86000000,0.00000000,104561.86000000,USDT,SIM-001,MARGIN,USDT,[],False,{}
104561.86000000,0.00000000,104561.86000000,USDT,SIM-001,MARGIN,USDT,[],False,{}
104561.86000000,0.00000000,104561.86000000,USDT,SIM-001,MARGIN,USDT,[],False,{}
104561.86000000,0.00000000,104561.86000000,USDT,SIM-001,MARGIN,USDT,[],False,{}
104561.86000000,0.00000000,104561.86000000,USDT,SIM-001,MARGIN,USDT,[],False,{}
104561.86000000,0.00000000,104561.86000000,USDT,SIM-001,MARGIN,USDT,[],False,{}
104560.86000000,0.00000000,104560.86000000,USDT,SIM-001,MARGIN,USDT,[],False,{}
104560.86000000,0.00000000,104560.86000000,USDT,SIM-001,MARGIN,USDT,[],False,{}
104560.86000000,0.00000000,104560.86000000,USDT,SIM-001,MARGIN,USDT,[],False,{}
104611.61000000,0.00000000,104611.61000000,USDT,SIM-001,MARGIN,USDT,[],False,{}
104611.29000000,0.00000000,104611.29000000,USDT,SIM-001,MARGIN,USDT,[],False,{}
104611.29000000,0.00000000,104611.29000000,USDT,SIM-001,MARGIN,USDT,[],False,{}
104611.29000000,0.00000000,104611.29000000,USDT,SIM-001,MARGIN,USDT,[],False,{}
104611.29000000,0.00000000,104611.29000000,USDT,SIM-001,MARGIN,USDT,[],False,{}
104611.29000000,0.00000000,104611.29000000,USDT,SIM-001,MARGIN,USDT,[],False,{}
104611.29000000,0.00000000,104611.29000000,USDT,SIM-001,MARGIN,USDT,[],False,{}
104611.29000000,0.00000000,104611.29000000,USDT,SIM-001,MARGIN,USDT,[],False,{}
104611.29000000,0.00000000,104611.29000000,USDT,SIM-001,MARGIN,USDT,[],False,{}
104611.29000000,0.00000000,104611.29000000,USDT,SIM-001,MARGIN,USDT,[],False,{}
104611.29000000,0.00000000,104611.29000000,USDT,SIM-001,MARGIN,USDT,[],False,{}
104611.29000000,0.00000000,104611.29000000,USDT,SIM-001,MARGIN,USDT,[],False,{}
104665.45000000,0.00000000,104665.45000000,USDT,SIM-001,MARGIN,USDT,[],False,{}
104665.45000000,0.00000000,104665.45000000,USDT,SIM-001,MARGIN,USDT,[],False,{}
104665.45000000,0.00000000,104665.45000000,USDT,SIM-001,MARGIN,USDT,[],False,{}
104665.45000000,0.00000000,104665.45000000,USDT,SIM-001,MARGIN,USDT,[],False,{}
104665.25000000,0.00000000,104665.25000000,USDT,SIM-001,MARGIN,USDT,[],False,{}
104665.25000000,0.00000000,104665.25000000,USDT,SIM-001,MARGIN,USDT,[],False,{}
104665.25000000,0.00000000,104665.25000000,USDT,SIM-001,MARGIN,USDT,[],False,{}
104665.25000000,0.00000000,104665.25000000,USDT,SIM-001,MARGIN,USDT,[],False,{}
104665.25000000,0.00000000,104665.25000000,USDT,SIM-001,MARGIN,USDT,[],False,{}
104665.25000000,0.00000000,104665.25000000,USDT,SIM-001,MARGIN,USDT,[],False,{}
104665.25000000,0.00000000,104665.25000000,USDT,SIM-001,MARGIN,USDT,[],False,{}
104665.25000000,0.00000000,104665.25000000,USDT,SIM-001,MARGIN,USDT,[],False,{}
104665.25000000,0.00000000,104665.25000000,USDT,SIM-001,MARGIN,USDT,[],False,{}
104665.25000000,0.00000000,104665.25000000,USDT,SIM-001,MARGIN,USDT,[],False,{}
104665.25000000,0.00000000,104665.25000000,USDT,SIM-001,MARGIN,USDT,[],False,{}
104665.25000000,0.00000000,104665.25000000,USDT,SIM-001,MARGIN,USDT,[],False,{}
104665.25000000,0.00000000,104665.25000000,USDT,SIM-001,MARGIN,USDT,[],False,{}
104655.32000000,0.00000000,104655.32000000,USDT,SIM-001,MARGIN,USDT,[],False,{}
104655.32000000,0.00000000,104655.32000000,USDT,SIM-001,MARGIN,USDT,[],False,{}
104655.32000000,0.00000000,104655.32000000,USDT,SIM-001,MARGIN,USDT,[],False,{}
104655.32000000,0.00000000,104655.32000000,USDT,SIM-001,MARGIN,USDT,[],False,{}
104654.32000000,0.00000000,104654.32000000,USDT,SIM-001,MARGIN,USDT,[],False,{}
104654.32000000,0.00000000,104654.32000000,USDT,SIM-001,MARGIN,USDT,[],False,{}
104654.32000000,0.00000000,104654.32000000,USDT,SIM-001,MARGIN,USDT,[],False,{}
104733.53000000,0.00000000,104733.53000000,USDT,SIM-001,MARGIN,USDT,[],False,{}
104792.66000000,0.00000000,104792.66000000,USDT,SIM-001,MARGIN,USDT,[],False,{}
104792.66000000,0.00000000,104792.66000000,USDT,SIM-001,MARGIN,USDT,[],False,{}
104791.66000000,0.00000000,104791.66000000,USDT,SIM-001,MARGIN,USDT,[],False,{}
104790.77000000,0.00000000,104790.77000000,USDT,SIM-001,MARGIN,USDT,[],False,{}
104789.77000000,0.00000000,104789.77000000,USDT,SIM-001,MARGIN,USDT,[],False,{}
104788.77000000,0.00000000,104788.77000000,USDT,SIM-001,MARGIN,USDT,[],False,{}
104788.77000000,0.00000000,104788.77000000,USDT,SIM-001,MARGIN,USDT,[],False,{}
104788.77000000,0.00000000,104788.77000000,USDT,SIM-001,MARGIN,USDT,[],False,{}
104788.77000000,0.00000000,104788.77000000,USDT,SIM-001,MARGIN,USDT,[],False,{}
104788.77000000,0.00000000,104788.77000000,USDT,SIM-001,MARGIN,USDT,[],False,{}
104749.32000000,0.00000000,104749.32000000,USDT,SIM-001,MARGIN,USDT,[],False,{}
104749.32000000,0.00000000,104749.32000000,USDT,SIM-001,MARGIN,USDT,[],False,{}
104749.32000000,0.00000000,104749.32000000,USDT,SIM-001,MARGIN,USDT,[],False,{}
104729.13000000,0.00000000,104729.13000000,USDT,SIM-001,MARGIN,USDT,[],False,{}
104729.13000000,0.00000000,104729.13000000,USDT,SIM-001,MARGIN,USDT,[],False,{}
104729.13000000,0.00000000,104729.13000000,USDT,SIM-001,MARGIN,USDT,[],False,{}
104729.13000000,0.00000000,104729.13000000,USDT,SIM-001,MARGIN,USDT,[],False,{}
104729.13000000,0.00000000,104729.13000000,USDT,SIM-001,MARGIN,USDT,[],False,{}
104729.13000000,0.00000000,104729.13000000,USDT,SIM-001,MARGIN,USDT,[],False,{}
104729.13000000,0.00000000,104729.13000000,USDT,SIM-001,MARGIN,USDT,[],False,{}
104729.13000000,0.00000000,104729.13000000,USDT,SIM-001,MARGIN,USDT,[],False,{}
104729.13000000,0.00000000,104729.13000000,USDT,SIM-001,MARGIN,USDT,[],False,{}
104729.13000000,0.00000000,104729.13000000,USDT,SIM-001,MARGIN,USDT,[],False,{}
104729.13000000,0.00000000,104729.13000000,USDT,SIM-001,MARGIN,USDT,[],False,{}
104729.13000000,0.00000000,104729.13000000,USDT,SIM-001,MARGIN,USDT,[],False,{}
104729.13000000,0.00000000,104729.13000000,USDT,SIM-001,MARGIN,USDT,[],False,{}
104728.13000000,0.00000000,104728.13000000,USDT,SIM-001,MARGIN,USDT,[],False,{}
104728.13000000,0.00000000,104728.13000000,USDT,SIM-001,MARGIN,USDT,[],False,{}
104728.13000000,0.00000000,104728.13000000,USDT,SIM-001,MARGIN,USDT,[],False,{}
104808.36000000,0.00000000,104808.36000000,USDT,SIM-001,MARGIN,USDT,[],False,{}
104888.59000000,0.00000000,104888.59000000,USDT,SIM-001,MARGIN,USDT,[],False,{}
104888.59000000,0.00000000,104888.59000000,USDT,SIM-001,MARGIN,USDT,[],False,{}
104887.59000000,0.00000000,104887.59000000,USDT,SIM-001,MARGIN,USDT,[],False,{}
104886.59000000,0.00000000,104886.59000000,USDT,SIM-001,MARGIN,USDT,[],False,{}
104886.59000000,0.00000000,104886.59000000,USDT,SIM-001,MARGIN,USDT,[],False,{}
104886.59000000,0.00000000,104886.59000000,USDT,SIM-001,MARGIN,USDT,[],False,{}
104886.59000000,0.00000000,104886.59000000,USDT,SIM-001,MARGIN,USDT,[],False,{}
104886.59000000,0.00000000,104886.59000000,USDT,SIM-001,MARGIN,USDT,[],False,{}
104886.59000000,0.00000000,104886.59000000,USDT,SIM-001,MARGIN,USDT,[],False,{}
104886.59000000,0.00000000,104886.59000000,USDT,SIM-001,MARGIN,USDT,[],False,{}
104886.59000000,0.00000000,104886.59000000,USDT,SIM-001,MARGIN,USDT,[],False,{}
104886.59000000,0.00000000,104886.59000000,USDT,SIM-001,MARGIN,USDT,[],False,{}
104941.26000000,0.00000000,104941.26000000,USDT,SIM-001,MARGIN,USDT,[],False,{}
104941.26000000,0.00000000,104941.26000000,USDT,SIM-001,MARGIN,USDT,[],False,{}
104941.26000000,0.00000000,104941.26000000,USDT,SIM-001,MARGIN,USDT,[],False,{}
104940.26000000,0.00000000,104940.26000000,USDT,SIM-001,MARGIN,USDT,[],False,{}
104939.26000000,0.00000000,104939.26000000,USDT,SIM-001,MARGIN,USDT,[],False,{}
104939.26000000,0.00000000,104939.26000000,USDT,SIM-001,MARGIN,USDT,[],False,{}
104987.67000000,0.00000000,104987.67000000,USDT,SIM-001,MARGIN,USDT,[],False,{}
105036.08000000,0.00000000,105036.08000000,USDT,SIM-001,MARGIN,USDT,[],False,{}
105036.08000000,0.00000000,105036.08000000,USDT,SIM-001,MARGIN,USDT,[],False,{}
105036.08000000,0.00000000,105036.08000000,USDT,SIM-001,MARGIN,USDT,[],False,{}
105036.08000000,0.00000000,105036.08000000,USDT,SIM-001,MARGIN,USDT,[],False,{}
105036.08000000,0.00000000,105036.08000000,USDT,SIM-001,MARGIN,USDT,[],False,{}
105036.08000000,0.00000000,105036.08000000,USDT,SIM-001,MARGIN,USDT,[],False,{}
105036.08000000,0.00000000,105036.08000000,USDT,SIM-001,MARGIN,USDT,[],False,{}
105036.08000000,0.00000000,105036.08000000,USDT,SIM-001,MARGIN,USDT,[],False,{}
105036.08000000,0.00000000,105036.08000000,USDT,SIM-001,MARGIN,USDT,[],False,{}
105074.61000000,0.00000000,105074.61000000,USDT,SIM-001,MARGIN,USDT,[],False,{}
105074.61000000,0.00000000,105074.61000000,USDT,SIM-001,MARGIN,USDT,[],False,{}
105074.61000000,0.00000000,105074.61000000,USDT,SIM-001,MARGIN,USDT,[],False,{}
105123.83000000,0.00000000,105123.83000000,USDT,SIM-001,MARGIN,USDT,[],False,{}
105123.83000000,0.00000000,105123.83000000,USDT,SIM-001,MARGIN,USDT,[],False,{}
105123.83000000,0.00000000,105123.83000000,USDT,SIM-001,MARGIN,USDT,[],False,{}
105123.83000000,0.00000000,105123.83000000,USDT,SIM-001,MARGIN,USDT,[],False,{}
105123.83000000,0.00000000,105123.83000000,USDT,SIM-001,MARGIN,USDT,[],False,{}
105123.83000000,0.00000000,105123.83000000,USDT,SIM-001,MARGIN,USDT,[],False,{}
105123.83000000,0.00000000,105123.83000000,USDT,SIM-001,MARGIN,USDT,[],False,{}
105123.83000000,0.00000000,105123.83000000,USDT,SIM-001,MARGIN,USDT,[],False,{}
105123.83000000,0.00000000,105123.83000000,USDT,SIM-001,MARGIN,USDT,[],False,{}
105123.83000000,0.00000000,105123.83000000,USDT,SIM-001,MARGIN,USDT,[],False,{}
105123.83000000,0.00000000,105123.83000000,USDT,SIM-001,MARGIN,USDT,[],False,{}
105123.83000000,0.00000000,105123.83000000,USDT,SIM-001,MARGIN,USDT,[],False,{}
105123.83000000,0.00000000,105123.83000000,USDT,SIM-001,MARGIN,USDT,[],False,{}
105122.83000000,0.00000000,105122.83000000,USDT,SIM-001,MARGIN,USDT,[],False,{}
105122.83000000,0.00000000,105122.83000000,USDT,SIM-001,MARGIN,USDT,[],False,{}
105122.83000000,0.00000000,105122.83000000,USDT,SIM-001,MARGIN,USDT,[],False,{}
105121.83000000,0.00000000,105121.83000000,USDT,SIM-001,MARGIN,USDT,[],False,{}
105121.83000000,0.00000000,105121.83000000,USDT,SIM-001,MARGIN,USDT,[],False,{}
105121.83000000,0.00000000,105121.83000000,USDT,SIM-001,MARGIN,USDT,[],False,{}
105121.83000000,0.00000000,105121.83000000,USDT,SIM-001,MARGIN,USDT,[],False,{}
105121.83000000,0.00000000,105121.83000000,USDT,SIM-001,MARGIN,USDT,[],False,{}
105121.83000000,0.00000000,105121.83000000,USDT,SIM-001,MARGIN,USDT,[],False,{}
105121.83000000,0.00000000,105121.83000000,USDT,SIM-001,MARGIN,USDT,[],False,{}
105121.83000000,0.00000000,105121.83000000,USDT,SIM-001,MARGIN,USDT,[],False,{}
105121.83000000,0.00000000,105121.83000000,USDT,SIM-001,MARGIN,USDT,[],False,{}
105121.83000000,0.00000000,105121.83000000,USDT,SIM-001,MARGIN,USDT,[],False,{}
105121.83000000,0.00000000,105121.83000000,USDT,SIM-001,MARGIN,USDT,[],False,{}
105121.83000000,0.00000000,105121.83000000,USDT,SIM-001,MARGIN,USDT,[],False,{}
105121.83000000,0.00000000,105121.83000000,USDT,SIM-001,MARGIN,USDT,[],False,{}
105120.83000000,0.00000000,105120.83000000,USDT,SIM-001,MARGIN,USDT,[],False,{}
105120.83000000,0.00000000,105120.83000000,USDT,SIM-001,MARGIN,USDT,[],False,{}
105120.83000000,0.00000000,105120.83000000,USDT,SIM-001,MARGIN,USDT,[],False,{}
105066.83000000,0.00000000,105066.83000000,USDT,SIM-001,MARGIN,USDT,[],False,{}
105012.83000000,0.00000000,105012.83000000,USDT,SIM-001,MARGIN,USDT,[],False,{}
105012.83000000,0.00000000,105012.83000000,USDT,SIM-001,MARGIN,USDT,[],False,{}
105012.63000000,0.00000000,105012.63000000,USDT,SIM-001,MARGIN,USDT,[],False,{}
105011.63000000,0.00000000,105011.63000000,USDT,SIM-001,MARGIN,USDT,[],False,{}
105011.63000000,0.00000000,105011.63000000,USDT,SIM-001,MARGIN,USDT,[],False,{}
105011.63000000,0.00000000,105011.63000000,USDT,SIM-001,MARGIN,USDT,[],False,{}
105011.63000000,0.00000000,105011.63000000,USDT,SIM-001,MARGIN,USDT,[],False,{}
105011.63000000,0.00000000,105011.63000000,USDT,SIM-001,MARGIN,USDT,[],False,{}
105011.63000000,0.00000000,105011.63000000,USDT,SIM-001,MARGIN,USDT,[],False,{}
105011.63000000,0.00000000,105011.63000000,USDT,SIM-001,MARGIN,USDT,[],False,{}
105011.63000000,0.00000000,105011.63000000,USDT,SIM-001,MARGIN,USDT,[],False,{}
105011.63000000,0.00000000,105011.63000000,USDT,SIM-001,MARGIN,USDT,[],False,{}
105010.63000000,0.00000000,105010.63000000,USDT,SIM-001,MARGIN,USDT,[],False,{}
105010.63000000,0.00000000,105010.63000000,USDT,SIM-001,MARGIN,USDT,[],False,{}
105010.63000000,0.00000000,105010.63000000,USDT,SIM-001,MARGIN,USDT,[],False,{}
105010.23000000,0.00000000,105010.23000000,USDT,SIM-001,MARGIN,USDT,[],False,{}
105010.23000000,0.00000000,105010.23000000,USDT,SIM-001,MARGIN,USDT,[],False,{}
105010.23000000,0.00000000,105010.23000000,USDT,SIM-001,MARGIN,USDT,[],False,{}
105010.23000000,0.00000000,105010.23000000,USDT,SIM-001,MARGIN,USDT,[],False,{}
105010.23000000,0.00000000,105010.23000000,USDT,SIM-001,MARGIN,USDT,[],False,{}
105010.23000000,0.00000000,105010.23000000,USDT,SIM-001,MARGIN,USDT,[],False,{}
105010.23000000,0.00000000,105010.23000000,USDT,SIM-001,MARGIN,USDT,[],False,{}
105010.23000000,0.00000000,105010.23000000,USDT,SIM-001,MARGIN,USDT,[],False,{}
105010.23000000,0.00000000,105010.23000000,USDT,SIM-001,MARGIN,USDT,[],False,{}
104454.10000000,0.00000000,104454.10000000,USDT,SIM-001,MARGIN,USDT,[],False,{}
104454.10000000,0.00000000,104454.10000000,USDT,SIM-001,MARGIN,USDT,[],False,{}
104454.10000000,0.00000000,104454.10000000,USDT,SIM-001,MARGIN,USDT,[],False,{}
104454.10000000,0.00000000,104454.10000000,USDT,SIM-001,MARGIN,USDT,[],False,{}
104454.10000000,0.00000000,104454.10000000,USDT,SIM-001,MARGIN,USDT,[],False,{}
104453.10000000,0.00000000,104453.10000000,USDT,SIM-001,MARGIN,USDT,[],False,{}
104453.10000000,0.00000000,104453.10000000,USDT,SIM-001,MARGIN,USDT,[],False,{}
104453.10000000,0.00000000,104453.10000000,USDT,SIM-001,MARGIN,USDT,[],False,{}
104452.90000000,0.00000000,104452.90000000,USDT,SIM-001,MARGIN,USDT,[],False,{}
104452.90000000,0.00000000,104452.90000000,USDT,SIM-001,MARGIN,USDT,[],False,{}
104452.90000000,0.00000000,104452.90000000,USDT,SIM-001,MARGIN,USDT,[],False,{}
104499.30000000,0.00000000,104499.30000000,USDT,SIM-001,MARGIN,USDT,[],False,{}
104508.32000000,0.00000000,104508.32000000,USDT,SIM-001,MARGIN,USDT,[],False,{}
104508.32000000,0.00000000,104508.32000000,USDT,SIM-001,MARGIN,USDT,[],False,{}
104507.32000000,0.00000000,104507.32000000,USDT,SIM-001,MARGIN,USDT,[],False,{}
104507.32000000,0.00000000,104507.32000000,USDT,SIM-001,MARGIN,USDT,[],False,{}
104507.32000000,0.00000000,104507.32000000,USDT,SIM-001,MARGIN,USDT,[],False,{}
104507.32000000,0.00000000,104507.32000000,USDT,SIM-001,MARGIN,USDT,[],False,{}
104822.71000000,0.00000000,104822.71000000,USDT,SIM-001,MARGIN,USDT,[],False,{}
104822.71000000,0.00000000,104822.71000000,USDT,SIM-001,MARGIN,USDT,[],False,{}
104822.71000000,0.00000000,104822.71000000,USDT,SIM-001,MARGIN,USDT,[],False,{}
104822.71000000,0.00000000,104822.71000000,USDT,SIM-001,MARGIN,USDT,[],False,{}
104822.71000000,0.00000000,104822.71000000,USDT,SIM-001,MARGIN,USDT,[],False,{}
104821.71000000,0.00000000,104821.71000000,USDT,SIM-001,MARGIN,USDT,[],False,{}
104821.71000000,0.00000000,104821.71000000,USDT,SIM-001,MARGIN,USDT,[],False,{}
104821.71000000,0.00000000,104821.71000000,USDT,SIM-001,MARGIN,USDT,[],False,{}
104820.85000000,0.00000000,104820.85000000,USDT,SIM-001,MARGIN,USDT,[],False,{}
104820.85000000,0.00000000,104820.85000000,USDT,SIM-001,MARGIN,USDT,[],False,{}
104820.85000000,0.00000000,104820.85000000,USDT,SIM-001,MARGIN,USDT,[],False,{}
104901.64000000,0.00000000,104901.64000000,USDT,SIM-001,MARGIN,USDT,[],False,{}
104973.59000000,0.00000000,104973.59000000,USDT,SIM-001,MARGIN,USDT,[],False,{}
104973.59000000,0.00000000,104973.59000000,USDT,SIM-001,MARGIN,USDT,[],False,{}
104972.59000000,0.00000000,104972.59000000,USDT,SIM-001,MARGIN,USDT,[],False,{}
104971.59000000,0.00000000,104971.59000000,USDT,SIM-001,MARGIN,USDT,[],False,{}
104970.59000000,0.00000000,104970.59000000,USDT,SIM-001,MARGIN,USDT,[],False,{}
104969.59000000,0.00000000,104969.59000000,USDT,SIM-001,MARGIN,USDT,[],False,{}
104969.59000000,0.00000000,104969.59000000,USDT,SIM-001,MARGIN,USDT,[],False,{}
104969.59000000,0.00000000,104969.59000000,USDT,SIM-001,MARGIN,USDT,[],False,{}
104969.59000000,0.00000000,104969.59000000,USDT,SIM-001,MARGIN,USDT,[],False,{}
104969.59000000,0.00000000,104969.59000000,USDT,SIM-001,MARGIN,USDT,[],False,{}
104968.59000000,0.00000000,104968.59000000,USDT,SIM-001,MARGIN,USDT,[],False,{}
104968.59000000,0.00000000,104968.59000000,USDT,SIM-001,MARGIN,USDT,[],False,{}
104968.59000000,0.00000000,104968.59000000,USDT,SIM-001,MARGIN,USDT,[],False,{}
104968.59000000,0.00000000,104968.59000000,USDT,SIM-001,MARGIN,USDT,[],False,{}
104968.59000000,0.00000000,104968.59000000,USDT,SIM-001,MARGIN,USDT,[],False,{}
104968.59000000,0.00000000,104968.59000000,USDT,SIM-001,MARGIN,USDT,[],False,{}
104968.59000000,0.00000000,104968.59000000,USDT,SIM-001,MARGIN,USDT,[],False,{}
104968.59000000,0.00000000,104968.59000000,USDT,SIM-001,MARGIN,USDT,[],False,{}
104968.59000000,0.00000000,104968.59000000,USDT,SIM-001,MARGIN,USDT,[],False,{}
104968.59000000,0.00000000,104968.59000000,USDT,SIM-001,MARGIN,USDT,[],False,{}
104967.11000000,0.00000000,104967.11000000,USDT,SIM-001,MARGIN,USDT,[],False,{}
104997.07000000,0.00000000,104997.07000000,USDT,SIM-001,MARGIN,USDT,[],False,{}
104997.07000000,0.00000000,104997.07000000,USDT,SIM-001,MARGIN,USDT,[],False,{}
104997.07000000,0.00000000,104997.07000000,USDT,SIM-001,MARGIN,USDT,[],False,{}
104997.07000000,0.00000000,104997.07000000,USDT,SIM-001,MARGIN,USDT,[],False,{}
104997.07000000,0.00000000,104997.07000000,USDT,SIM-001,MARGIN,USDT,[],False,{}
105083.29000000,0.00000000,105083.29000000,USDT,SIM-001,MARGIN,USDT,[],False,{}
105083.29000000,0.00000000,105083.29000000,USDT,SIM-001,MARGIN,USDT,[],False,{}
105083.29000000,0.00000000,105083.29000000,USDT,SIM-001,MARGIN,USDT,[],False,{}
105082.29000000,0.00000000,105082.29000000,USDT,SIM-001,MARGIN,USDT,[],False,{}
105081.29000000,0.00000000,105081.29000000,USDT,SIM-001,MARGIN,USDT,[],False,{}
105081.29000000,0.00000000,105081.29000000,USDT,SIM-001,MARGIN,USDT,[],False,{}
105080.29000000,0.00000000,105080.29000000,USDT,SIM-001,MARGIN,USDT,[],False,{}
105079.29000000,0.00000000,105079.29000000,USDT,SIM-001,MARGIN,USDT,[],False,{}
105079.29000000,0.00000000,105079.29000000,USDT,SIM-001,MARGIN,USDT,[],False,{}
105155.68000000,0.00000000,105155.68000000,USDT,SIM-001,MARGIN,USDT,[],False,{}
105248.50000000,0.00000000,105248.50000000,USDT,SIM-001,MARGIN,USDT,[],False,{}
105341.32000000,0.00000000,105341.32000000,USDT,SIM-001,MARGIN,USDT,[],False,{}
105341.32000000,0.00000000,105341.32000000,USDT,SIM-001,MARGIN,USDT,[],False,{}
105341.32000000,0.00000000,105341.32000000,USDT,SIM-001,MARGIN,USDT,[],False,{}
105341.32000000,0.00000000,105341.32000000,USDT,SIM-001,MARGIN,USDT,[],False,{}
105341.32000000,0.00000000,105341.32000000,USDT,SIM-001,MARGIN,USDT,[],False,{}
105340.32000000,0.00000000,105340.32000000,USDT,SIM-001,MARGIN,USDT,[],False,{}
105340.32000000,0.00000000,105340.32000000,USDT,SIM-001,MARGIN,USDT,[],False,{}
105340.32000000,0.00000000,105340.32000000,USDT,SIM-001,MARGIN,USDT,[],False,{}
105339.32000000,0.00000000,105339.32000000,USDT,SIM-001,MARGIN,USDT,[],False,{}
105339.32000000,0.00000000,105339.32000000,USDT,SIM-001,MARGIN,USDT,[],False,{}
105339.32000000,0.00000000,105339.32000000,USDT,SIM-001,MARGIN,USDT,[],False,{}
105339.32000000,0.00000000,105339.32000000,USDT,SIM-001,MARGIN,USDT,[],False,{}
105339.32000000,0.00000000,105339.32000000,USDT,SIM-001,MARGIN,USDT,[],False,{}
105339.32000000,0.00000000,105339.32000000,USDT,SIM-001,MARGIN,USDT,[],False,{}
105339.32000000,0.00000000,105339.32000000,USDT,SIM-001,MARGIN,USDT,[],False,{}
105339.32000000,0.00000000,105339.32000000,USDT,SIM-001,MARGIN,USDT,[],False,{}
105339.32000000,0.00000000,105339.32000000,USDT,SIM-001,MARGIN,USDT,[],False,{}
105004.75000000,0.00000000,105004.75000000,USDT,SIM-001,MARGIN,USDT,[],False,{}
105004.75000000,0.00000000,105004.75000000,USDT,SIM-001,MARGIN,USDT,[],False,{}
105004.75000000,0.00000000,105004.75000000,USDT,SIM-001,MARGIN,USDT,[],False,{}
105004.75000000,0.00000000,105004.75000000,USDT,SIM-001,MARGIN,USDT,[],False,{}
105004.75000000,0.00000000,105004.75000000,USDT,SIM-001,MARGIN,USDT,[],False,{}
105003.75000000,0.00000000,105003.75000000,USDT,SIM-001,MARGIN,USDT,[],False,{}
105003.75000000,0.00000000,105003.75000000,USDT,SIM-001,MARGIN,USDT,[],False,{}
105003.75000000,0.00000000,105003.75000000,USDT,SIM-001,MARGIN,USDT,[],False,{}
105056.68000000,0.00000000,105056.68000000,USDT,SIM-001,MARGIN,USDT,[],False,{}
105056.68000000,0.00000000,105056.68000000,USDT,SIM-001,MARGIN,USDT,[],False,{}
105055.68000000,0.00000000,105055.68000000,USDT,SIM-001,MARGIN,USDT,[],False,{}
105055.68000000,0.00000000,105055.68000000,USDT,SIM-001,MARGIN,USDT,[],False,{}
105054.68000000,0.00000000,105054.68000000,USDT,SIM-001,MARGIN,USDT,[],False,{}
105053.68000000,0.00000000,105053.68000000,USDT,SIM-001,MARGIN,USDT,[],False,{}
105053.68000000,0.00000000,105053.68000000,USDT,SIM-001,MARGIN,USDT,[],False,{}
105053.68000000,0.00000000,105053.68000000,USDT,SIM-001,MARGIN,USDT,[],False,{}
105053.68000000,0.00000000,105053.68000000,USDT,SIM-001,MARGIN,USDT,[],False,{}
105053.68000000,0.00000000,105053.68000000,USDT,SIM-001,MARGIN,USDT,[],False,{}
105053.68000000,0.00000000,105053.68000000,USDT,SIM-001,MARGIN,USDT,[],False,{}
105053.68000000,0.00000000,105053.68000000,USDT,SIM-001,MARGIN,USDT,[],False,{}
105053.68000000,0.00000000,105053.68000000,USDT,SIM-001,MARGIN,USDT,[],False,{}
105053.68000000,0.00000000,105053.68000000,USDT,SIM-001,MARGIN,USDT,[],False,{}
105074.15000000,0.00000000,105074.15000000,USDT,SIM-001,MARGIN,USDT,[],False,{}
105074.15000000,0.00000000,105074.15000000,USDT,SIM-001,MARGIN,USDT,[],False,{}
105074.15000000,0.00000000,105074.15000000,USDT,SIM-001,MARGIN,USDT,[],False,{}
105073.15000000,0.00000000,105073.15000000,USDT,SIM-001,MARGIN,USDT,[],False,{}
105072.15000000,0.00000000,105072.15000000,USDT,SIM-001,MARGIN,USDT,[],False,{}
105072.15000000,0.00000000,105072.15000000,USDT,SIM-001,MARGIN,USDT,[],False,{}
105072.15000000,0.00000000,105072.15000000,USDT,SIM-001,MARGIN,USDT,[],False,{}
105072.15000000,0.00000000,105072.15000000,USDT,SIM-001,MARGIN,USDT,[],False,{}
105072.15000000,0.00000000,105072.15000000,USDT,SIM-001,MARGIN,USDT,[],False,{}
105072.15000000,0.00000000,105072.15000000,USDT,SIM-001,MARGIN,USDT,[],False,{}
105072.15000000,0.00000000,105072.15000000,USDT,SIM-001,MARGIN,USDT,[],False,{}
105072.15000000,0.00000000,105072.15000000,USDT,SIM-001,MARGIN,USDT,[],False,{}
105072.15000000,0.00000000,105072.15000000,USDT,SIM-001,MARGIN,USDT,[],False,{}
105072.15000000,0.00000000,105072.15000000,USDT,SIM-001,MARGIN,USDT,[],False,{}
105071.15000000,0.00000000,105071.15000000,USDT,SIM-001,MARGIN,USDT,[],False,{}
105071.15000000,0.00000000,105071.15000000,USDT,SIM-001,MARGIN,USDT,[],False,{}
105071.15000000,0.00000000,105071.15000000,USDT,SIM-001,MARGIN,USDT,[],False,{}
105070.15000000,0.00000000,105070.15000000,USDT,SIM-001,MARGIN,USDT,[],False,{}
105070.15000000,0.00000000,105070.15000000,USDT,SIM-001,MARGIN,USDT,[],False,{}
105070.15000000,0.00000000,105070.15000000,USDT,SIM-001,MARGIN,USDT,[],False,{}
105096.81000000,0.00000000,105096.81000000,USDT,SIM-001,MARGIN,USDT,[],False,{}
105123.47000000,0.00000000,105123.47000000,USDT,SIM-001,MARGIN,USDT,[],False,{}
105150.13000000,0.00000000,105150.13000000,USDT,SIM-001,MARGIN,USDT,[],False,{}
105187.70000000,0.00000000,105187.70000000,USDT,SIM-001,MARGIN,USDT,[],False,{}
105225.27000000,0.00000000,105225.27000000,USDT,SIM-001,MARGIN,USDT,[],False,{}
105262.84000000,0.00000000,105262.84000000,USDT,SIM-001,MARGIN,USDT,[],False,{}
105262.84000000,0.00000000,105262.84000000,USDT,SIM-001,MARGIN,USDT,[],False,{}
105262.84000000,0.00000000,105262.84000000,USDT,SIM-001,MARGIN,USDT,[],False,{}
105262.84000000,0.00000000,105262.84000000,USDT,SIM-001,MARGIN,USDT,[],False,{}
105262.84000000,0.00000000,105262.84000000,USDT,SIM-001,MARGIN,USDT,[],False,{}
105261.84000000,0.00000000,105261.84000000,USDT,SIM-001,MARGIN,USDT,[],False,{}
105261.84000000,0.00000000,105261.84000000,USDT,SIM-001,MARGIN,USDT,[],False,{}
105261.84000000,0.00000000,105261.84000000,USDT,SIM-001,MARGIN,USDT,[],False,{}
105260.84000000,0.00000000,105260.84000000,USDT,SIM-001,MARGIN,USDT,[],False,{}
105260.84000000,0.00000000,105260.84000000,USDT,SIM-001,MARGIN,USDT,[],False,{}
105260.84000000,0.00000000,105260.84000000,USDT,SIM-001,MARGIN,USDT,[],False,{}
105260.84000000,0.00000000,105260.84000000,USDT,SIM-001,MARGIN,USDT,[],False,{}
105260.84000000,0.00000000,105260.84000000,USDT,SIM-001,MARGIN,USDT,[],False,{}
105260.84000000,0.00000000,105260.84000000,USDT,SIM-001,MARGIN,USDT,[],False,{}
105260.84000000,0.00000000,105260.84000000,USDT,SIM-001,MARGIN,USDT,[],False,{}
105260.84000000,0.00000000,105260.84000000,USDT,SIM-001,MARGIN,USDT,[],False,{}
105260.84000000,0.00000000,105260.84000000,USDT,SIM-001,MARGIN,USDT,[],False,{}
105260.84000000,0.00000000,105260.84000000,USDT,SIM-001,MARGIN,USDT,[],False,{}
105260.84000000,0.00000000,105260.84000000,USDT,SIM-001,MARGIN,USDT,[],False,{}
105260.84000000,0.00000000,105260.84000000,USDT,SIM-001,MARGIN,USDT,[],False,{}
105260.84000000,0.00000000,105260.84000000,USDT,SIM-001,MARGIN,USDT,[],False,{}
105297.79000000,0.00000000,105297.79000000,USDT,SIM-001,MARGIN,USDT,[],False,{}
105297.79000000,0.00000000,105297.79000000,USDT,SIM-001,MARGIN,USDT,[],False,{}
105297.79000000,0.00000000,105297.79000000,USDT,SIM-001,MARGIN,USDT,[],False,{}
105365.65000000,0.00000000,105365.65000000,USDT,SIM-001,MARGIN,USDT,[],False,{}
105365.65000000,0.00000000,105365.65000000,USDT,SIM-001,MARGIN,USDT,[],False,{}
105365.65000000,0.00000000,105365.65000000,USDT,SIM-001,MARGIN,USDT,[],False,{}
105365.65000000,0.00000000,105365.65000000,USDT,SIM-001,MARGIN,USDT,[],False,{}
105365.65000000,0.00000000,105365.65000000,USDT,SIM-001,MARGIN,USDT,[],False,{}
105365.65000000,0.00000000,105365.65000000,USDT,SIM-001,MARGIN,USDT,[],False,{}
105365.65000000,0.00000000,105365.65000000,USDT,SIM-001,MARGIN,USDT,[],False,{}
105365.65000000,0.00000000,105365.65000000,USDT,SIM-001,MARGIN,USDT,[],False,{}
105365.65000000,0.00000000,105365.65000000,USDT,SIM-001,MARGIN,USDT,[],False,{}
105365.65000000,0.00000000,105365.65000000,USDT,SIM-001,MARGIN,USDT,[],False,{}
105365.65000000,0.00000000,105365.65000000,USDT,SIM-001,MARGIN,USDT,[],False,{}
105365.65000000,0.00000000,105365.65000000,USDT,SIM-001,MARGIN,USDT,[],False,{}
105365.65000000,0.00000000,105365.65000000,USDT,SIM-001,MARGIN,USDT,[],False,{}
105366.06000000,0.00000000,105366.06000000,USDT,SIM-001,MARGIN,USDT,[],False,{}
105366.06000000,0.00000000,105366.06000000,USDT,SIM-001,MARGIN,USDT,[],False,{}
105366.06000000,0.00000000,105366.06000000,USDT,SIM-001,MARGIN,USDT,[],False,{}
105366.06000000,0.00000000,105366.06000000,USDT,SIM-001,MARGIN,USDT,[],False,{}
105394.13000000,0.00000000,105394.13000000,USDT,SIM-001,MARGIN,USDT,[],False,{}
105394.13000000,0.00000000,105394.13000000,USDT,SIM-001,MARGIN,USDT,[],False,{}
105393.13000000,0.00000000,105393.13000000,USDT,SIM-001,MARGIN,USDT,[],False,{}
105393.13000000,0.00000000,105393.13000000,USDT,SIM-001,MARGIN,USDT,[],False,{}
105392.41000000,0.00000000,105392.41000000,USDT,SIM-001,MARGIN,USDT,[],False,{}
105391.49000000,0.00000000,105391.49000000,USDT,SIM-001,MARGIN,USDT,[],False,{}
105391.49000000,0.00000000,105391.49000000,USDT,SIM-001,MARGIN,USDT,[],False,{}
105391.49000000,0.00000000,105391.49000000,USDT,SIM-001,MARGIN,USDT,[],False,{}
105391.49000000,0.00000000,105391.49000000,USDT,SIM-001,MARGIN,USDT,[],False,{}
105391.49000000,0.00000000,105391.49000000,USDT,SIM-001,MARGIN,USDT,[],False,{}
105391.49000000,0.00000000,105391.49000000,USDT,SIM-001,MARGIN,USDT,[],False,{}
105391.49000000,0.00000000,105391.49000000,USDT,SIM-001,MARGIN,USDT,[],False,{}
105391.49000000,0.00000000,105391.49000000,USDT,SIM-001,MARGIN,USDT,[],False,{}
105391.49000000,0.00000000,105391.49000000,USDT,SIM-001,MARGIN,USDT,[],False,{}
105329.94000000,0.00000000,105329.94000000,USDT,SIM-001,MARGIN,USDT,[],False,{}
105329.94000000,0.00000000,105329.94000000,USDT,SIM-001,MARGIN,USDT,[],False,{}
105329.94000000,0.00000000,105329.94000000,USDT,SIM-001,MARGIN,USDT,[],False,{}
105292.15000000,0.00000000,105292.15000000,USDT,SIM-001,MARGIN,USDT,[],False,{}
105292.15000000,0.00000000,105292.15000000,USDT,SIM-001,MARGIN,USDT,[],False,{}
105292.15000000,0.00000000,105292.15000000,USDT,SIM-001,MARGIN,USDT,[],False,{}
105291.15000000,0.00000000,105291.15000000,USDT,SIM-001,MARGIN,USDT,[],False,{}
105290.15000000,0.00000000,105290.15000000,USDT,SIM-001,MARGIN,USDT,[],False,{}
105289.15000000,0.00000000,105289.15000000,USDT,SIM-001,MARGIN,USDT,[],False,{}
105288.95000000,0.00000000,105288.95000000,USDT,SIM-001,MARGIN,USDT,[],False,{}
105288.72000000,0.00000000,105288.72000000,USDT,SIM-001,MARGIN,USDT,[],False,{}
105288.47000000,0.00000000,105288.47000000,USDT,SIM-001,MARGIN,USDT,[],False,{}
105288.47000000,0.00000000,105288.47000000,USDT,SIM-001,MARGIN,USDT,[],False,{}
105288.47000000,0.00000000,105288.47000000,USDT,SIM-001,MARGIN,USDT,[],False,{}
105288.47000000,0.00000000,105288.47000000,USDT,SIM-001,MARGIN,USDT,[],False,{}
105288.47000000,0.00000000,105288.47000000,USDT,SIM-001,MARGIN,USDT,[],False,{}
105288.47000000,0.00000000,105288.47000000,USDT,SIM-001,MARGIN,USDT,[],False,{}
105288.47000000,0.00000000,105288.47000000,USDT,SIM-001,MARGIN,USDT,[],False,{}
105288.47000000,0.00000000,105288.47000000,USDT,SIM-001,MARGIN,USDT,[],False,{}
105288.47000000,0.00000000,105288.47000000,USDT,SIM-001,MARGIN,USDT,[],False,{}
105017.12000000,0.00000000,105017.12000000,USDT,SIM-001,MARGIN,USDT,[],False,{}
105017.12000000,0.00000000,105017.12000000,USDT,SIM-001,MARGIN,USDT,[],False,{}
105017.12000000,0.00000000,105017.12000000,USDT,SIM-001,MARGIN,USDT,[],False,{}
105017.12000000,0.00000000,105017.12000000,USDT,SIM-001,MARGIN,USDT,[],False,{}
105017.12000000,0.00000000,105017.12000000,USDT,SIM-001,MARGIN,USDT,[],False,{}
105016.12000000,0.00000000,105016.12000000,USDT,SIM-001,MARGIN,USDT,[],False,{}
105016.12000000,0.00000000,105016.12000000,USDT,SIM-001,MARGIN,USDT,[],False,{}
105016.12000000,0.00000000,105016.12000000,USDT,SIM-001,MARGIN,USDT,[],False,{}
105015.12000000,0.00000000,105015.12000000,USDT,SIM-001,MARGIN,USDT,[],False,{}
105015.12000000,0.00000000,105015.12000000,USDT,SIM-001,MARGIN,USDT,[],False,{}
105015.12000000,0.00000000,105015.12000000,USDT,SIM-001,MARGIN,USDT,[],False,{}
105060.64000000,0.00000000,105060.64000000,USDT,SIM-001,MARGIN,USDT,[],False,{}
105105.30000000,0.00000000,105105.30000000,USDT,SIM-001,MARGIN,USDT,[],False,{}
105105.30000000,0.00000000,105105.30000000,USDT,SIM-001,MARGIN,USDT,[],False,{}
105104.30000000,0.00000000,105104.30000000,USDT,SIM-001,MARGIN,USDT,[],False,{}
105104.30000000,0.00000000,105104.30000000,USDT,SIM-001,MARGIN,USDT,[],False,{}
105104.30000000,0.00000000,105104.30000000,USDT,SIM-001,MARGIN,USDT,[],False,{}
105104.30000000,0.00000000,105104.30000000,USDT,SIM-001,MARGIN,USDT,[],False,{}
105104.30000000,0.00000000,105104.30000000,USDT,SIM-001,MARGIN,USDT,[],False,{}
105104.30000000,0.00000000,105104.30000000,USDT,SIM-001,MARGIN,USDT,[],False,{}
105104.30000000,0.00000000,105104.30000000,USDT,SIM-001,MARGIN,USDT,[],False,{}
105104.30000000,0.00000000,105104.30000000,USDT,SIM-001,MARGIN,USDT,[],False,{}
105103.30000000,0.00000000,105103.30000000,USDT,SIM-001,MARGIN,USDT,[],False,{}
105103.30000000,0.00000000,105103.30000000,USDT,SIM-001,MARGIN,USDT,[],False,{}
105103.30000000,0.00000000,105103.30000000,USDT,SIM-001,MARGIN,USDT,[],False,{}
105103.10000000,0.00000000,105103.10000000,USDT,SIM-001,MARGIN,USDT,[],False,{}
105103.10000000,0.00000000,105103.10000000,USDT,SIM-001,MARGIN,USDT,[],False,{}
105103.10000000,0.00000000,105103.10000000,USDT,SIM-001,MARGIN,USDT,[],False,{}
105103.10000000,0.00000000,105103.10000000,USDT,SIM-001,MARGIN,USDT,[],False,{}
105103.10000000,0.00000000,105103.10000000,USDT,SIM-001,MARGIN,USDT,[],False,{}
105103.10000000,0.00000000,105103.10000000,USDT,SIM-001,MARGIN,USDT,[],False,{}
105103.10000000,0.00000000,105103.10000000,USDT,SIM-001,MARGIN,USDT,[],False,{}
105103.10000000,0.00000000,105103.10000000,USDT,SIM-001,MARGIN,USDT,[],False,{}
105103.10000000,0.00000000,105103.10000000,USDT,SIM-001,MARGIN,USDT,[],False,{}
104829.19000000,0.00000000,104829.19000000,USDT,SIM-001,MARGIN,USDT,[],False,{}
104829.19000000,0.00000000,104829.19000000,USDT,SIM-001,MARGIN,USDT,[],False,{}
104829.19000000,0.00000000,104829.19000000,USDT,SIM-001,MARGIN,USDT,[],False,{}
104829.19000000,0.00000000,104829.19000000,USDT,SIM-001,MARGIN,USDT,[],False,{}
104829.19000000,0.00000000,104829.19000000,USDT,SIM-001,MARGIN,USDT,[],False,{}
104828.19000000,0.00000000,104828.19000000,USDT,SIM-001,MARGIN,USDT,[],False,{}
104828.19000000,0.00000000,104828.19000000,USDT,SIM-001,MARGIN,USDT,[],False,{}
104828.19000000,0.00000000,104828.19000000,USDT,SIM-001,MARGIN,USDT,[],False,{}
104827.19000000,0.00000000,104827.19000000,USDT,SIM-001,MARGIN,USDT,[],False,{}
104827.19000000,0.00000000,104827.19000000,USDT,SIM-001,MARGIN,USDT,[],False,{}
104827.19000000,0.00000000,104827.19000000,USDT,SIM-001,MARGIN,USDT,[],False,{}
104827.19000000,0.00000000,104827.19000000,USDT,SIM-001,MARGIN,USDT,[],False,{}
104827.19000000,0.00000000,104827.19000000,USDT,SIM-001,MARGIN,USDT,[],False,{}
104827.19000000,0.00000000,104827.19000000,USDT,SIM-001,MARGIN,USDT,[],False,{}
104827.19000000,0.00000000,104827.19000000,USDT,SIM-001,MARGIN,USDT,[],False,{}
104827.19000000,0.00000000,104827.19000000,USDT,SIM-001,MARGIN,USDT,[],False,{}
104827.19000000,0.00000000,104827.19000000,USDT,SIM-001,MARGIN,USDT,[],False,{}
104613.27000000,0.00000000,104613.27000000,USDT,SIM-001,MARGIN,USDT,[],False,{}
104613.27000000,0.00000000,104613.27000000,USDT,SIM-001,MARGIN,USDT,[],False,{}
104613.27000000,0.00000000,104613.27000000,USDT,SIM-001,MARGIN,USDT,[],False,{}
104613.27000000,0.00000000,104613.27000000,USDT,SIM-001,MARGIN,USDT,[],False,{}
104613.27000000,0.00000000,104613.27000000,USDT,SIM-001,MARGIN,USDT,[],False,{}
104612.27000000,0.00000000,104612.27000000,USDT,SIM-001,MARGIN,USDT,[],False,{}
104612.27000000,0.00000000,104612.27000000,USDT,SIM-001,MARGIN,USDT,[],False,{}
104612.27000000,0.00000000,104612.27000000,USDT,SIM-001,MARGIN,USDT,[],False,{}
104612.07000000,0.00000000,104612.07000000,USDT,SIM-001,MARGIN,USDT,[],False,{}
104612.07000000,0.00000000,104612.07000000,USDT,SIM-001,MARGIN,USDT,[],False,{}
104612.07000000,0.00000000,104612.07000000,USDT,SIM-001,MARGIN,USDT,[],False,{}
104679.30000000,0.00000000,104679.30000000,USDT,SIM-001,MARGIN,USDT,[],False,{}
104693.08000000,0.00000000,104693.08000000,USDT,SIM-001,MARGIN,USDT,[],False,{}
104693.08000000,0.00000000,104693.08000000,USDT,SIM-001,MARGIN,USDT,[],False,{}
104692.08000000,0.00000000,104692.08000000,USDT,SIM-001,MARGIN,USDT,[],False,{}
104692.08000000,0.00000000,104692.08000000,USDT,SIM-001,MARGIN,USDT,[],False,{}
104692.08000000,0.00000000,104692.08000000,USDT,SIM-001,MARGIN,USDT,[],False,{}
104692.08000000,0.00000000,104692.08000000,USDT,SIM-001,MARGIN,USDT,[],False,{}
104692.08000000,0.00000000,104692.08000000,USDT,SIM-001,MARGIN,USDT,[],False,{}
104692.08000000,0.00000000,104692.08000000,USDT,SIM-001,MARGIN,USDT,[],False,{}
104692.08000000,0.00000000,104692.08000000,USDT,SIM-001,MARGIN,USDT,[],False,{}
104692.08000000,0.00000000,104692.08000000,USDT,SIM-001,MARGIN,USDT,[],False,{}
104749.02000000,0.00000000,104749.02000000,USDT,SIM-001,MARGIN,USDT,[],False,{}
104749.02000000,0.00000000,104749.02000000,USDT,SIM-001,MARGIN,USDT,[],False,{}
104749.02000000,0.00000000,104749.02000000,USDT,SIM-001,MARGIN,USDT,[],False,{}
104749.02000000,0.00000000,104749.02000000,USDT,SIM-001,MARGIN,USDT,[],False,{}
104749.02000000,0.00000000,104749.02000000,USDT,SIM-001,MARGIN,USDT,[],False,{}
104749.02000000,0.00000000,104749.02000000,USDT,SIM-001,MARGIN,USDT,[],False,{}
104749.02000000,0.00000000,104749.02000000,USDT,SIM-001,MARGIN,USDT,[],False,{}
104749.02000000,0.00000000,104749.02000000,USDT,SIM-001,MARGIN,USDT,[],False,{}
104749.02000000,0.00000000,104749.02000000,USDT,SIM-001,MARGIN,USDT,[],False,{}
104749.02000000,0.00000000,104749.02000000,USDT,SIM-001,MARGIN,USDT,[],False,{}
104749.02000000,0.00000000,104749.02000000,USDT,SIM-001,MARGIN,USDT,[],False,{}
104749.02000000,0.00000000,104749.02000000,USDT,SIM-001,MARGIN,USDT,[],False,{}
104794.50000000,0.00000000,104794.50000000,USDT,SIM-001,MARGIN,USDT,[],False,{}
104794.50000000,0.00000000,104794.50000000,USDT,SIM-001,MARGIN,USDT,[],False,{}
104794.50000000,0.00000000,104794.50000000,USDT,SIM-001,MARGIN,USDT,[],False,{}
104794.50000000,0.00000000,104794.50000000,USDT,SIM-001,MARGIN,USDT,[],False,{}
104793.50000000,0.00000000,104793.50000000,USDT,SIM-001,MARGIN,USDT,[],False,{}
104793.50000000,0.00000000,104793.50000000,USDT,SIM-001,MARGIN,USDT,[],False,{}
104793.50000000,0.00000000,104793.50000000,USDT,SIM-001,MARGIN,USDT,[],False,{}
104824.86000000,0.00000000,104824.86000000,USDT,SIM-001,MARGIN,USDT,[],False,{}
104831.81000000,0.00000000,104831.81000000,USDT,SIM-001,MARGIN,USDT,[],False,{}
104831.81000000,0.00000000,104831.81000000,USDT,SIM-001,MARGIN,USDT,[],False,{}
104830.81000000,0.00000000,104830.81000000,USDT,SIM-001,MARGIN,USDT,[],False,{}
104829.81000000,0.00000000,104829.81000000,USDT,SIM-001,MARGIN,USDT,[],False,{}
104828.81000000,0.00000000,104828.81000000,USDT,SIM-001,MARGIN,USDT,[],False,{}
104827.81000000,0.00000000,104827.81000000,USDT,SIM-001,MARGIN,USDT,[],False,{}
104827.81000000,0.00000000,104827.81000000,USDT,SIM-001,MARGIN,USDT,[],False,{}
104827.81000000,0.00000000,104827.81000000,USDT,SIM-001,MARGIN,USDT,[],False,{}
104878.36000000,0.00000000,104878.36000000,USDT,SIM-001,MARGIN,USDT,[],False,{}
104948.07000000,0.00000000,104948.07000000,USDT,SIM-001,MARGIN,USDT,[],False,{}
104948.07000000,0.00000000,104948.07000000,USDT,SIM-001,MARGIN,USDT,[],False,{}
104948.07000000,0.00000000,104948.07000000,USDT,SIM-001,MARGIN,USDT,[],False,{}
104948.07000000,0.00000000,104948.07000000,USDT,SIM-001,MARGIN,USDT,[],False,{}
104948.07000000,0.00000000,104948.07000000,USDT,SIM-001,MARGIN,USDT,[],False,{}
105016.58000000,0.00000000,105016.58000000,USDT,SIM-001,MARGIN,USDT,[],False,{}
105016.58000000,0.00000000,105016.58000000,USDT,SIM-001,MARGIN,USDT,[],False,{}
105016.58000000,0.00000000,105016.58000000,USDT,SIM-001,MARGIN,USDT,[],False,{}
105015.58000000,0.00000000,105015.58000000,USDT,SIM-001,MARGIN,USDT,[],False,{}
105014.58000000,0.00000000,105014.58000000,USDT,SIM-001,MARGIN,USDT,[],False,{}
105014.58000000,0.00000000,105014.58000000,USDT,SIM-001,MARGIN,USDT,[],False,{}
105091.89000000,0.00000000,105091.89000000,USDT,SIM-001,MARGIN,USDT,[],False,{}
105169.20000000,0.00000000,105169.20000000,USDT,SIM-001,MARGIN,USDT,[],False,{}
105169.20000000,0.00000000,105169.20000000,USDT,SIM-001,MARGIN,USDT,[],False,{}
105169.20000000,0.00000000,105169.20000000,USDT,SIM-001,MARGIN,USDT,[],False,{}
105169.20000000,0.00000000,105169.20000000,USDT,SIM-001,MARGIN,USDT,[],False,{}
105169.20000000,0.00000000,105169.20000000,USDT,SIM-001,MARGIN,USDT,[],False,{}
105503.50000000,0.00000000,105503.50000000,USDT,SIM-001,MARGIN,USDT,[],False,{}
105503.50000000,0.00000000,105503.50000000,USDT,SIM-001,MARGIN,USDT,[],False,{}
105503.50000000,0.00000000,105503.50000000,USDT,SIM-001,MARGIN,USDT,[],False,{}
105503.50000000,0.00000000,105503.50000000,USDT,SIM-001,MARGIN,USDT,[],False,{}
105503.50000000,0.00000000,105503.50000000,USDT,SIM-001,MARGIN,USDT,[],False,{}
105502.50000000,0.00000000,105502.50000000,USDT,SIM-001,MARGIN,USDT,[],False,{}
105502.50000000,0.00000000,105502.50000000,USDT,SIM-001,MARGIN,USDT,[],False,{}
105502.50000000,0.00000000,105502.50000000,USDT,SIM-001,MARGIN,USDT,[],False,{}
105501.50000000,0.00000000,105501.50000000,USDT,SIM-001,MARGIN,USDT,[],False,{}
105501.50000000,0.00000000,105501.50000000,USDT,SIM-001,MARGIN,USDT,[],False,{}
105501.50000000,0.00000000,105501.50000000,USDT,SIM-001,MARGIN,USDT,[],False,{}
105555.42000000,0.00000000,105555.42000000,USDT,SIM-001,MARGIN,USDT,[],False,{}
105609.34000000,0.00000000,105609.34000000,USDT,SIM-001,MARGIN,USDT,[],False,{}
105609.56000000,0.00000000,105609.56000000,USDT,SIM-001,MARGIN,USDT,[],False,{}
105609.56000000,0.00000000,105609.56000000,USDT,SIM-001,MARGIN,USDT,[],False,{}
105608.56000000,0.00000000,105608.56000000,USDT,SIM-001,MARGIN,USDT,[],False,{}
105607.56000000,0.00000000,105607.56000000,USDT,SIM-001,MARGIN,USDT,[],False,{}
105606.56000000,0.00000000,105606.56000000,USDT,SIM-001,MARGIN,USDT,[],False,{}
105606.56000000,0.00000000,105606.56000000,USDT,SIM-001,MARGIN,USDT,[],False,{}
105606.56000000,0.00000000,105606.56000000,USDT,SIM-001,MARGIN,USDT,[],False,{}
105606.56000000,0.00000000,105606.56000000,USDT,SIM-001,MARGIN,USDT,[],False,{}
105606.56000000,0.00000000,105606.56000000,USDT,SIM-001,MARGIN,USDT,[],False,{}
105635.54000000,0.00000000,105635.54000000,USDT,SIM-001,MARGIN,USDT,[],False,{}
105635.54000000,0.00000000,105635.54000000,USDT,SIM-001,MARGIN,USDT,[],False,{}
105635.54000000,0.00000000,105635.54000000,USDT,SIM-001,MARGIN,USDT,[],False,{}
105720.43000000,0.00000000,105720.43000000,USDT,SIM-001,MARGIN,USDT,[],False,{}
105720.43000000,0.00000000,105720.43000000,USDT,SIM-001,MARGIN,USDT,[],False,{}
105720.43000000,0.00000000,105720.43000000,USDT,SIM-001,MARGIN,USDT,[],False,{}
105720.43000000,0.00000000,105720.43000000,USDT,SIM-001,MARGIN,USDT,[],False,{}
105720.43000000,0.00000000,105720.43000000,USDT,SIM-001,MARGIN,USDT,[],False,{}
105720.43000000,0.00000000,105720.43000000,USDT,SIM-001,MARGIN,USDT,[],False,{}
105720.43000000,0.00000000,105720.43000000,USDT,SIM-001,MARGIN,USDT,[],False,{}
105720.43000000,0.00000000,105720.43000000,USDT,SIM-001,MARGIN,USDT,[],False,{}
105720.43000000,0.00000000,105720.43000000,USDT,SIM-001,MARGIN,USDT,[],False,{}
105720.43000000,0.00000000,105720.43000000,USDT,SIM-001,MARGIN,USDT,[],False,{}
105720.43000000,0.00000000,105720.43000000,USDT,SIM-001,MARGIN,USDT,[],False,{}
105720.43000000,0.00000000,105720.43000000,USDT,SIM-001,MARGIN,USDT,[],False,{}
105720.43000000,0.00000000,105720.43000000,USDT,SIM-001,MARGIN,USDT,[],False,{}
105813.87000000,0.00000000,105813.87000000,USDT,SIM-001,MARGIN,USDT,[],False,{}
105813.87000000,0.00000000,105813.87000000,USDT,SIM-001,MARGIN,USDT,[],False,{}
105813.87000000,0.00000000,105813.87000000,USDT,SIM-001,MARGIN,USDT,[],False,{}
105812.87000000,0.00000000,105812.87000000,USDT,SIM-001,MARGIN,USDT,[],False,{}
105811.87000000,0.00000000,105811.87000000,USDT,SIM-001,MARGIN,USDT,[],False,{}
105811.87000000,0.00000000,105811.87000000,USDT,SIM-001,MARGIN,USDT,[],False,{}
105901.02000000,0.00000000,105901.02000000,USDT,SIM-001,MARGIN,USDT,[],False,{}
105990.17000000,0.00000000,105990.17000000,USDT,SIM-001,MARGIN,USDT,[],False,{}
105990.17000000,0.00000000,105990.17000000,USDT,SIM-001,MARGIN,USDT,[],False,{}
105990.17000000,0.00000000,105990.17000000,USDT,SIM-001,MARGIN,USDT,[],False,{}
105990.17000000,0.00000000,105990.17000000,USDT,SIM-001,MARGIN,USDT,[],False,{}
105990.17000000,0.00000000,105990.17000000,USDT,SIM-001,MARGIN,USDT,[],False,{}
106154.08000000,0.00000000,106154.08000000,USDT,SIM-001,MARGIN,USDT,[],False,{}
106154.08000000,0.00000000,106154.08000000,USDT,SIM-001,MARGIN,USDT,[],False,{}
106154.08000000,0.00000000,106154.08000000,USDT,SIM-001,MARGIN,USDT,[],False,{}
106154.08000000,0.00000000,106154.08000000,USDT,SIM-001,MARGIN,USDT,[],False,{}
106154.08000000,0.00000000,106154.08000000,USDT,SIM-001,MARGIN,USDT,[],False,{}
106153.08000000,0.00000000,106153.08000000,USDT,SIM-001,MARGIN,USDT,[],False,{}
106153.08000000,0.00000000,106153.08000000,USDT,SIM-001,MARGIN,USDT,[],False,{}
106153.08000000,0.00000000,106153.08000000,USDT,SIM-001,MARGIN,USDT,[],False,{}
106152.08000000,0.00000000,106152.08000000,USDT,SIM-001,MARGIN,USDT,[],False,{}
106152.08000000,0.00000000,106152.08000000,USDT,SIM-001,MARGIN,USDT,[],False,{}
106152.08000000,0.00000000,106152.08000000,USDT,SIM-001,MARGIN,USDT,[],False,{}
106152.08000000,0.00000000,106152.08000000,USDT,SIM-001,MARGIN,USDT,[],False,{}
106152.08000000,0.00000000,106152.08000000,USDT,SIM-001,MARGIN,USDT,[],False,{}
106152.08000000,0.00000000,106152.08000000,USDT,SIM-001,MARGIN,USDT,[],False,{}
106152.08000000,0.00000000,106152.08000000,USDT,SIM-001,MARGIN,USDT,[],False,{}
106152.08000000,0.00000000,106152.08000000,USDT,SIM-001,MARGIN,USDT,[],False,{}
106152.08000000,0.00000000,106152.08000000,USDT,SIM-001,MARGIN,USDT,[],False,{}
106087.90000000,0.00000000,106087.90000000,USDT,SIM-001,MARGIN,USDT,[],False,{}
106087.90000000,0.00000000,106087.90000000,USDT,SIM-001,MARGIN,USDT,[],False,{}
106087.90000000,0.00000000,106087.90000000,USDT,SIM-001,MARGIN,USDT,[],False,{}
106087.90000000,0.00000000,106087.90000000,USDT,SIM-001,MARGIN,USDT,[],False,{}
106087.90000000,0.00000000,106087.90000000,USDT,SIM-001,MARGIN,USDT,[],False,{}
106086.90000000,0.00000000,106086.90000000,USDT,SIM-001,MARGIN,USDT,[],False,{}
106086.90000000,0.00000000,106086.90000000,USDT,SIM-001,MARGIN,USDT,[],False,{}
106086.90000000,0.00000000,106086.90000000,USDT,SIM-001,MARGIN,USDT,[],False,{}
106128.72000000,0.00000000,106128.72000000,USDT,SIM-001,MARGIN,USDT,[],False,{}
106128.72000000,0.00000000,106128.72000000,USDT,SIM-001,MARGIN,USDT,[],False,{}
106127.72000000,0.00000000,106127.72000000,USDT,SIM-001,MARGIN,USDT,[],False,{}
106127.72000000,0.00000000,106127.72000000,USDT,SIM-001,MARGIN,USDT,[],False,{}
106126.72000000,0.00000000,106126.72000000,USDT,SIM-001,MARGIN,USDT,[],False,{}
106125.72000000,0.00000000,106125.72000000,USDT,SIM-001,MARGIN,USDT,[],False,{}
106125.72000000,0.00000000,106125.72000000,USDT,SIM-001,MARGIN,USDT,[],False,{}
106125.72000000,0.00000000,106125.72000000,USDT,SIM-001,MARGIN,USDT,[],False,{}
106125.72000000,0.00000000,106125.72000000,USDT,SIM-001,MARGIN,USDT,[],False,{}
106125.72000000,0.00000000,106125.72000000,USDT,SIM-001,MARGIN,USDT,[],False,{}
105521.20000000,0.00000000,105521.20000000,USDT,SIM-001,MARGIN,USDT,[],False,{}
105521.20000000,0.00000000,105521.20000000,USDT,SIM-001,MARGIN,USDT,[],False,{}
105521.20000000,0.00000000,105521.20000000,USDT,SIM-001,MARGIN,USDT,[],False,{}
105521.20000000,0.00000000,105521.20000000,USDT,SIM-001,MARGIN,USDT,[],False,{}
105521.20000000,0.00000000,105521.20000000,USDT,SIM-001,MARGIN,USDT,[],False,{}
105520.20000000,0.00000000,105520.20000000,USDT,SIM-001,MARGIN,USDT,[],False,{}
105520.20000000,0.00000000,105520.20000000,USDT,SIM-001,MARGIN,USDT,[],False,{}
105520.20000000,0.00000000,105520.20000000,USDT,SIM-001,MARGIN,USDT,[],False,{}
105520.00000000,0.00000000,105520.00000000,USDT,SIM-001,MARGIN,USDT,[],False,{}
105520.00000000,0.00000000,105520.00000000,USDT,SIM-001,MARGIN,USDT,[],False,{}
105520.00000000,0.00000000,105520.00000000,USDT,SIM-001,MARGIN,USDT,[],False,{}
105520.00000000,0.00000000,105520.00000000,USDT,SIM-001,MARGIN,USDT,[],False,{}
105520.00000000,0.00000000,105520.00000000,USDT,SIM-001,MARGIN,USDT,[],False,{}
105520.00000000,0.00000000,105520.00000000,USDT,SIM-001,MARGIN,USDT,[],False,{}
105520.00000000,0.00000000,105520.00000000,USDT,SIM-001,MARGIN,USDT,[],False,{}
105520.00000000,0.00000000,105520.00000000,USDT,SIM-001,MARGIN,USDT,[],False,{}
105520.00000000,0.00000000,105520.00000000,USDT,SIM-001,MARGIN,USDT,[],False,{}
105339.50000000,0.00000000,105339.50000000,USDT,SIM-001,MARGIN,USDT,[],False,{}
105339.50000000,0.00000000,105339.50000000,USDT,SIM-001,MARGIN,USDT,[],False,{}
105339.50000000,0.00000000,105339.50000000,USDT,SIM-001,MARGIN,USDT,[],False,{}
105339.50000000,0.00000000,105339.50000000,USDT,SIM-001,MARGIN,USDT,[],False,{}
105339.50000000,0.00000000,105339.50000000,USDT,SIM-001,MARGIN,USDT,[],False,{}
105338.50000000,0.00000000,105338.50000000,USDT,SIM-001,MARGIN,USDT,[],False,{}
105338.50000000,0.00000000,105338.50000000,USDT,SIM-001,MARGIN,USDT,[],False,{}
105338.50000000,0.00000000,105338.50000000,USDT,SIM-001,MARGIN,USDT,[],False,{}
105337.50000000,0.00000000,105337.50000000,USDT,SIM-001,MARGIN,USDT,[],False,{}
105337.50000000,0.00000000,105337.50000000,USDT,SIM-001,MARGIN,USDT,[],False,{}
105337.50000000,0.00000000,105337.50000000,USDT,SIM-001,MARGIN,USDT,[],False,{}
105337.50000000,0.00000000,105337.50000000,USDT,SIM-001,MARGIN,USDT,[],False,{}
105337.50000000,0.00000000,105337.50000000,USDT,SIM-001,MARGIN,USDT,[],False,{}
105337.50000000,0.00000000,105337.50000000,USDT,SIM-001,MARGIN,USDT,[],False,{}
105337.50000000,0.00000000,105337.50000000,USDT,SIM-001,MARGIN,USDT,[],False,{}
105337.50000000,0.00000000,105337.50000000,USDT,SIM-001,MARGIN,USDT,[],False,{}
105337.50000000,0.00000000,105337.50000000,USDT,SIM-001,MARGIN,USDT,[],False,{}
105337.50000000,0.00000000,105337.50000000,USDT,SIM-001,MARGIN,USDT,[],False,{}
105337.50000000,0.00000000,105337.50000000,USDT,SIM-001,MARGIN,USDT,[],False,{}
105337.50000000,0.00000000,105337.50000000,USDT,SIM-001,MARGIN,USDT,[],False,{}
105337.50000000,0.00000000,105337.50000000,USDT,SIM-001,MARGIN,USDT,[],False,{}
105336.50000000,0.00000000,105336.50000000,USDT,SIM-001,MARGIN,USDT,[],False,{}
105336.50000000,0.00000000,105336.50000000,USDT,SIM-001,MARGIN,USDT,[],False,{}
105336.50000000,0.00000000,105336.50000000,USDT,SIM-001,MARGIN,USDT,[],False,{}
105335.50000000,0.00000000,105335.50000000,USDT,SIM-001,MARGIN,USDT,[],False,{}
105335.50000000,0.00000000,105335.50000000,USDT,SIM-001,MARGIN,USDT,[],False,{}
105335.50000000,0.00000000,105335.50000000,USDT,SIM-001,MARGIN,USDT,[],False,{}
105335.50000000,0.00000000,105335.50000000,USDT,SIM-001,MARGIN,USDT,[],False,{}
105335.50000000,0.00000000,105335.50000000,USDT,SIM-001,MARGIN,USDT,[],False,{}
105335.50000000,0.00000000,105335.50000000,USDT,SIM-001,MARGIN,USDT,[],False,{}
105335.50000000,0.00000000,105335.50000000,USDT,SIM-001,MARGIN,USDT,[],False,{}
105335.50000000,0.00000000,105335.50000000,USDT,SIM-001,MARGIN,USDT,[],False,{}
105335.50000000,0.00000000,105335.50000000,USDT,SIM-001,MARGIN,USDT,[],False,{}
105335.50000000,0.00000000,105335.50000000,USDT,SIM-001,MARGIN,USDT,[],False,{}
105335.50000000,0.00000000,105335.50000000,USDT,SIM-001,MARGIN,USDT,[],False,{}
105335.50000000,0.00000000,105335.50000000,USDT,SIM-001,MARGIN,USDT,[],False,{}
105335.50000000,0.00000000,105335.50000000,USDT,SIM-001,MARGIN,USDT,[],False,{}
105418.47000000,0.00000000,105418.47000000,USDT,SIM-001,MARGIN,USDT,[],False,{}
105418.47000000,0.00000000,105418.47000000,USDT,SIM-001,MARGIN,USDT,[],False,{}
105418.47000000,0.00000000,105418.47000000,USDT,SIM-001,MARGIN,USDT,[],False,{}
105518.21000000,0.00000000,105518.21000000,USDT,SIM-001,MARGIN,USDT,[],False,{}
105518.21000000,0.00000000,105518.21000000,USDT,SIM-001,MARGIN,USDT,[],False,{}
105518.21000000,0.00000000,105518.21000000,USDT,SIM-001,MARGIN,USDT,[],False,{}
105518.21000000,0.00000000,105518.21000000,USDT,SIM-001,MARGIN,USDT,[],False,{}
105518.21000000,0.00000000,105518.21000000,USDT,SIM-001,MARGIN,USDT,[],False,{}
105518.21000000,0.00000000,105518.21000000,USDT,SIM-001,MARGIN,USDT,[],False,{}
105518.21000000,0.00000000,105518.21000000,USDT,SIM-001,MARGIN,USDT,[],False,{}
105518.21000000,0.00000000,105518.21000000,USDT,SIM-001,MARGIN,USDT,[],False,{}
105518.21000000,0.00000000,105518.21000000,USDT,SIM-001,MARGIN,USDT,[],False,{}
105518.21000000,0.00000000,105518.21000000,USDT,SIM-001,MARGIN,USDT,[],False,{}
105518.21000000,0.00000000,105518.21000000,USDT,SIM-001,MARGIN,USDT,[],False,{}
105518.21000000,0.00000000,105518.21000000,USDT,SIM-001,MARGIN,USDT,[],False,{}
105518.21000000,0.00000000,105518.21000000,USDT,SIM-001,MARGIN,USDT,[],False,{}
105724.84000000,0.00000000,105724.84000000,USDT,SIM-001,MARGIN,USDT,[],False,{}
105724.84000000,0.00000000,105724.84000000,USDT,SIM-001,MARGIN,USDT,[],False,{}
105724.84000000,0.00000000,105724.84000000,USDT,SIM-001,MARGIN,USDT,[],False,{}
105771.37000000,0.00000000,105771.37000000,USDT,SIM-001,MARGIN,USDT,[],False,{}
105771.37000000,0.00000000,105771.37000000,USDT,SIM-001,MARGIN,USDT,[],False,{}
105771.37000000,0.00000000,105771.37000000,USDT,SIM-001,MARGIN,USDT,[],False,{}
105770.37000000,0.00000000,105770.37000000,USDT,SIM-001,MARGIN,USDT,[],False,{}
105769.37000000,0.00000000,105769.37000000,USDT,SIM-001,MARGIN,USDT,[],False,{}
105768.37000000,0.00000000,105768.37000000,USDT,SIM-001,MARGIN,USDT,[],False,{}
105768.37000000,0.00000000,105768.37000000,USDT,SIM-001,MARGIN,USDT,[],False,{}
105768.37000000,0.00000000,105768.37000000,USDT,SIM-001,MARGIN,USDT,[],False,{}
105768.37000000,0.00000000,105768.37000000,USDT,SIM-001,MARGIN,USDT,[],False,{}
105768.37000000,0.00000000,105768.37000000,USDT,SIM-001,MARGIN,USDT,[],False,{}
105768.37000000,0.00000000,105768.37000000,USDT,SIM-001,MARGIN,USDT,[],False,{}
105768.37000000,0.00000000,105768.37000000,USDT,SIM-001,MARGIN,USDT,[],False,{}
105768.37000000,0.00000000,105768.37000000,USDT,SIM-001,MARGIN,USDT,[],False,{}
105767.37000000,0.00000000,105767.37000000,USDT,SIM-001,MARGIN,USDT,[],False,{}
105767.37000000,0.00000000,105767.37000000,USDT,SIM-001,MARGIN,USDT,[],False,{}
105767.37000000,0.00000000,105767.37000000,USDT,SIM-001,MARGIN,USDT,[],False,{}
105766.37000000,0.00000000,105766.37000000,USDT,SIM-001,MARGIN,USDT,[],False,{}
105766.37000000,0.00000000,105766.37000000,USDT,SIM-001,MARGIN,USDT,[],False,{}
105766.37000000,0.00000000,105766.37000000,USDT,SIM-001,MARGIN,USDT,[],False,{}
105860.91000000,0.00000000,105860.91000000,USDT,SIM-001,MARGIN,USDT,[],False,{}
105955.45000000,0.00000000,105955.45000000,USDT,SIM-001,MARGIN,USDT,[],False,{}
106049.99000000,0.00000000,106049.99000000,USDT,SIM-001,MARGIN,USDT,[],False,{}
106152.75000000,0.00000000,106152.75000000,USDT,SIM-001,MARGIN,USDT,[],False,{}
106275.54000000,0.00000000,106275.54000000,USDT,SIM-001,MARGIN,USDT,[],False,{}
106398.33000000,0.00000000,106398.33000000,USDT,SIM-001,MARGIN,USDT,[],False,{}
106427.55000000,0.00000000,106427.55000000,USDT,SIM-001,MARGIN,USDT,[],False,{}
106427.55000000,0.00000000,106427.55000000,USDT,SIM-001,MARGIN,USDT,[],False,{}
106427.55000000,0.00000000,106427.55000000,USDT,SIM-001,MARGIN,USDT,[],False,{}
106427.55000000,0.00000000,106427.55000000,USDT,SIM-001,MARGIN,USDT,[],False,{}
106427.55000000,0.00000000,106427.55000000,USDT,SIM-001,MARGIN,USDT,[],False,{}
106426.55000000,0.00000000,106426.55000000,USDT,SIM-001,MARGIN,USDT,[],False,{}
106426.55000000,0.00000000,106426.55000000,USDT,SIM-001,MARGIN,USDT,[],False,{}
106426.55000000,0.00000000,106426.55000000,USDT,SIM-001,MARGIN,USDT,[],False,{}
106425.55000000,0.00000000,106425.55000000,USDT,SIM-001,MARGIN,USDT,[],False,{}
106425.55000000,0.00000000,106425.55000000,USDT,SIM-001,MARGIN,USDT,[],False,{}
106425.55000000,0.00000000,106425.55000000,USDT,SIM-001,MARGIN,USDT,[],False,{}
106425.55000000,0.00000000,106425.55000000,USDT,SIM-001,MARGIN,USDT,[],False,{}
106425.55000000,0.00000000,106425.55000000,USDT,SIM-001,MARGIN,USDT,[],False,{}
106425.55000000,0.00000000,106425.55000000,USDT,SIM-001,MARGIN,USDT,[],False,{}
106425.55000000,0.00000000,106425.55000000,USDT,SIM-001,MARGIN,USDT,[],False,{}
106425.55000000,0.00000000,106425.55000000,USDT,SIM-001,MARGIN,USDT,[],False,{}
106425.55000000,0.00000000,106425.55000000,USDT,SIM-001,MARGIN,USDT,[],False,{}
106425.55000000,0.00000000,106425.55000000,USDT,SIM-001,MARGIN,USDT,[],False,{}
106425.55000000,0.00000000,106425.55000000,USDT,SIM-001,MARGIN,USDT,[],False,{}
106425.55000000,0.00000000,106425.55000000,USDT,SIM-001,MARGIN,USDT,[],False,{}
106425.55000000,0.00000000,106425.55000000,USDT,SIM-001,MARGIN,USDT,[],False,{}
106418.20000000,0.00000000,106418.20000000,USDT,SIM-001,MARGIN,USDT,[],False,{}
106418.20000000,0.00000000,106418.20000000,USDT,SIM-001,MARGIN,USDT,[],False,{}
106418.20000000,0.00000000,106418.20000000,USDT,SIM-001,MARGIN,USDT,[],False,{}
106417.20000000,0.00000000,106417.20000000,USDT,SIM-001,MARGIN,USDT,[],False,{}
106416.20000000,0.00000000,106416.20000000,USDT,SIM-001,MARGIN,USDT,[],False,{}
106416.20000000,0.00000000,106416.20000000,USDT,SIM-001,MARGIN,USDT,[],False,{}
106416.20000000,0.00000000,106416.20000000,USDT,SIM-001,MARGIN,USDT,[],False,{}
106416.20000000,0.00000000,106416.20000000,USDT,SIM-001,MARGIN,USDT,[],False,{}
106416.20000000,0.00000000,106416.20000000,USDT,SIM-001,MARGIN,USDT,[],False,{}
106416.20000000,0.00000000,106416.20000000,USDT,SIM-001,MARGIN,USDT,[],False,{}
106416.20000000,0.00000000,106416.20000000,USDT,SIM-001,MARGIN,USDT,[],False,{}
106416.20000000,0.00000000,106416.20000000,USDT,SIM-001,MARGIN,USDT,[],False,{}
106416.20000000,0.00000000,106416.20000000,USDT,SIM-001,MARGIN,USDT,[],False,{}
106416.20000000,0.00000000,106416.20000000,USDT,SIM-001,MARGIN,USDT,[],False,{}
106415.20000000,0.00000000,106415.20000000,USDT,SIM-001,MARGIN,USDT,[],False,{}
106415.20000000,0.00000000,106415.20000000,USDT,SIM-001,MARGIN,USDT,[],False,{}
106415.20000000,0.00000000,106415.20000000,USDT,SIM-001,MARGIN,USDT,[],False,{}
106414.20000000,0.00000000,106414.20000000,USDT,SIM-001,MARGIN,USDT,[],False,{}
106414.20000000,0.00000000,106414.20000000,USDT,SIM-001,MARGIN,USDT,[],False,{}
106414.20000000,0.00000000,106414.20000000,USDT,SIM-001,MARGIN,USDT,[],False,{}
106477.02000000,0.00000000,106477.02000000,USDT,SIM-001,MARGIN,USDT,[],False,{}
106539.84000000,0.00000000,106539.84000000,USDT,SIM-001,MARGIN,USDT,[],False,{}
106602.66000000,0.00000000,106602.66000000,USDT,SIM-001,MARGIN,USDT,[],False,{}
106669.92000000,0.00000000,106669.92000000,USDT,SIM-001,MARGIN,USDT,[],False,{}
106747.41000000,0.00000000,106747.41000000,USDT,SIM-001,MARGIN,USDT,[],False,{}
106762.22000000,0.00000000,106762.22000000,USDT,SIM-001,MARGIN,USDT,[],False,{}
106762.22000000,0.00000000,106762.22000000,USDT,SIM-001,MARGIN,USDT,[],False,{}
106688.46000000,0.00000000,106688.46000000,USDT,SIM-001,MARGIN,USDT,[],False,{}
106688.46000000,0.00000000,106688.46000000,USDT,SIM-001,MARGIN,USDT,[],False,{}
106688.46000000,0.00000000,106688.46000000,USDT,SIM-001,MARGIN,USDT,[],False,{}
106688.46000000,0.00000000,106688.46000000,USDT,SIM-001,MARGIN,USDT,[],False,{}
106688.46000000,0.00000000,106688.46000000,USDT,SIM-001,MARGIN,USDT,[],False,{}
106687.46000000,0.00000000,106687.46000000,USDT,SIM-001,MARGIN,USDT,[],False,{}
106687.46000000,0.00000000,106687.46000000,USDT,SIM-001,MARGIN,USDT,[],False,{}
106687.46000000,0.00000000,106687.46000000,USDT,SIM-001,MARGIN,USDT,[],False,{}
106687.26000000,0.00000000,106687.26000000,USDT,SIM-001,MARGIN,USDT,[],False,{}
106687.26000000,0.00000000,106687.26000000,USDT,SIM-001,MARGIN,USDT,[],False,{}
106687.26000000,0.00000000,106687.26000000,USDT,SIM-001,MARGIN,USDT,[],False,{}
106687.26000000,0.00000000,106687.26000000,USDT,SIM-001,MARGIN,USDT,[],False,{}
106687.26000000,0.00000000,106687.26000000,USDT,SIM-001,MARGIN,USDT,[],False,{}
106687.26000000,0.00000000,106687.26000000,USDT,SIM-001,MARGIN,USDT,[],False,{}
106687.26000000,0.00000000,106687.26000000,USDT,SIM-001,MARGIN,USDT,[],False,{}
106687.26000000,0.00000000,106687.26000000,USDT,SIM-001,MARGIN,USDT,[],False,{}
106687.26000000,0.00000000,106687.26000000,USDT,SIM-001,MARGIN,USDT,[],False,{}
106687.26000000,0.00000000,106687.26000000,USDT,SIM-001,MARGIN,USDT,[],False,{}
106687.26000000,0.00000000,106687.26000000,USDT,SIM-001,MARGIN,USDT,[],False,{}
106687.26000000,0.00000000,106687.26000000,USDT,SIM-001,MARGIN,USDT,[],False,{}
106687.26000000,0.00000000,106687.26000000,USDT,SIM-001,MARGIN,USDT,[],False,{}
106686.26000000,0.00000000,106686.26000000,USDT,SIM-001,MARGIN,USDT,[],False,{}
106686.26000000,0.00000000,106686.26000000,USDT,SIM-001,MARGIN,USDT,[],False,{}
106686.26000000,0.00000000,106686.26000000,USDT,SIM-001,MARGIN,USDT,[],False,{}
106705.95000000,0.00000000,106705.95000000,USDT,SIM-001,MARGIN,USDT,[],False,{}
106725.64000000,0.00000000,106725.64000000,USDT,SIM-001,MARGIN,USDT,[],False,{}
106725.64000000,0.00000000,106725.64000000,USDT,SIM-001,MARGIN,USDT,[],False,{}
106732.55000000,0.00000000,106732.55000000,USDT,SIM-001,MARGIN,USDT,[],False,{}
106732.55000000,0.00000000,106732.55000000,USDT,SIM-001,MARGIN,USDT,[],False,{}
106731.55000000,0.00000000,106731.55000000,USDT,SIM-001,MARGIN,USDT,[],False,{}
106731.55000000,0.00000000,106731.55000000,USDT,SIM-001,MARGIN,USDT,[],False,{}
106731.55000000,0.00000000,106731.55000000,USDT,SIM-001,MARGIN,USDT,[],False,{}
106731.55000000,0.00000000,106731.55000000,USDT,SIM-001,MARGIN,USDT,[],False,{}
106731.55000000,0.00000000,106731.55000000,USDT,SIM-001,MARGIN,USDT,[],False,{}
106731.55000000,0.00000000,106731.55000000,USDT,SIM-001,MARGIN,USDT,[],False,{}
106731.55000000,0.00000000,106731.55000000,USDT,SIM-001,MARGIN,USDT,[],False,{}
106731.55000000,0.00000000,106731.55000000,USDT,SIM-001,MARGIN,USDT,[],False,{}
106731.55000000,0.00000000,106731.55000000,USDT,SIM-001,MARGIN,USDT,[],False,{}
106730.55000000,0.00000000,106730.55000000,USDT,SIM-001,MARGIN,USDT,[],False,{}
106730.55000000,0.00000000,106730.55000000,USDT,SIM-001,MARGIN,USDT,[],False,{}
106730.55000000,0.00000000,106730.55000000,USDT,SIM-001,MARGIN,USDT,[],False,{}
106795.36000000,0.00000000,106795.36000000,USDT,SIM-001,MARGIN,USDT,[],False,{}
106860.17000000,0.00000000,106860.17000000,USDT,SIM-001,MARGIN,USDT,[],False,{}
106860.17000000,0.00000000,106860.17000000,USDT,SIM-001,MARGIN,USDT,[],False,{}
106877.99000000,0.00000000,106877.99000000,USDT,SIM-001,MARGIN,USDT,[],False,{}
106896.93000000,0.00000000,106896.93000000,USDT,SIM-001,MARGIN,USDT,[],False,{}
106896.93000000,0.00000000,106896.93000000,USDT,SIM-001,MARGIN,USDT,[],False,{}
106896.01000000,0.00000000,106896.01000000,USDT,SIM-001,MARGIN,USDT,[],False,{}
106895.01000000,0.00000000,106895.01000000,USDT,SIM-001,MARGIN,USDT,[],False,{}
106894.01000000,0.00000000,106894.01000000,USDT,SIM-001,MARGIN,USDT,[],False,{}
106894.01000000,0.00000000,106894.01000000,USDT,SIM-001,MARGIN,USDT,[],False,{}
106894.01000000,0.00000000,106894.01000000,USDT,SIM-001,MARGIN,USDT,[],False,{}
106894.01000000,0.00000000,106894.01000000,USDT,SIM-001,MARGIN,USDT,[],False,{}
106894.01000000,0.00000000,106894.01000000,USDT,SIM-001,MARGIN,USDT,[],False,{}
106893.01000000,0.00000000,106893.01000000,USDT,SIM-001,MARGIN,USDT,[],False,{}
106893.01000000,0.00000000,106893.01000000,USDT,SIM-001,MARGIN,USDT,[],False,{}
106893.01000000,0.00000000,106893.01000000,USDT,SIM-001,MARGIN,USDT,[],False,{}
106892.01000000,0.00000000,106892.01000000,USDT,SIM-001,MARGIN,USDT,[],False,{}
106892.01000000,0.00000000,106892.01000000,USDT,SIM-001,MARGIN,USDT,[],False,{}
106892.01000000,0.00000000,106892.01000000,USDT,SIM-001,MARGIN,USDT,[],False,{}
106914.46000000,0.00000000,106914.46000000,USDT,SIM-001,MARGIN,USDT,[],False,{}
106936.91000000,0.00000000,106936.91000000,USDT,SIM-001,MARGIN,USDT,[],False,{}
106959.36000000,0.00000000,106959.36000000,USDT,SIM-001,MARGIN,USDT,[],False,{}
106959.36000000,0.00000000,106959.36000000,USDT,SIM-001,MARGIN,USDT,[],False,{}
106959.36000000,0.00000000,106959.36000000,USDT,SIM-001,MARGIN,USDT,[],False,{}
106959.36000000,0.00000000,106959.36000000,USDT,SIM-001,MARGIN,USDT,[],False,{}
106959.36000000,0.00000000,106959.36000000,USDT,SIM-001,MARGIN,USDT,[],False,{}
106959.36000000,0.00000000,106959.36000000,USDT,SIM-001,MARGIN,USDT,[],False,{}
106959.36000000,0.00000000,106959.36000000,USDT,SIM-001,MARGIN,USDT,[],False,{}
106959.36000000,0.00000000,106959.36000000,USDT,SIM-001,MARGIN,USDT,[],False,{}
106958.36000000,0.00000000,106958.36000000,USDT,SIM-001,MARGIN,USDT,[],False,{}
106958.36000000,0.00000000,106958.36000000,USDT,SIM-001,MARGIN,USDT,[],False,{}
106958.36000000,0.00000000,106958.36000000,USDT,SIM-001,MARGIN,USDT,[],False,{}
106972.31000000,0.00000000,106972.31000000,USDT,SIM-001,MARGIN,USDT,[],False,{}
106986.26000000,0.00000000,106986.26000000,USDT,SIM-001,MARGIN,USDT,[],False,{}
106986.26000000,0.00000000,106986.26000000,USDT,SIM-001,MARGIN,USDT,[],False,{}
107015.05000000,0.00000000,107015.05000000,USDT,SIM-001,MARGIN,USDT,[],False,{}
107025.25000000,0.00000000,107025.25000000,USDT,SIM-001,MARGIN,USDT,[],False,{}
107025.25000000,0.00000000,107025.25000000,USDT,SIM-001,MARGIN,USDT,[],False,{}
107025.25000000,0.00000000,107025.25000000,USDT,SIM-001,MARGIN,USDT,[],False,{}
107025.25000000,0.00000000,107025.25000000,USDT,SIM-001,MARGIN,USDT,[],False,{}
107025.25000000,0.00000000,107025.25000000,USDT,SIM-001,MARGIN,USDT,[],False,{}
107025.25000000,0.00000000,107025.25000000,USDT,SIM-001,MARGIN,USDT,[],False,{}
107025.25000000,0.00000000,107025.25000000,USDT,SIM-001,MARGIN,USDT,[],False,{}
107025.25000000,0.00000000,107025.25000000,USDT,SIM-001,MARGIN,USDT,[],False,{}
107025.25000000,0.00000000,107025.25000000,USDT,SIM-001,MARGIN,USDT,[],False,{}
107025.25000000,0.00000000,107025.25000000,USDT,SIM-001,MARGIN,USDT,[],False,{}
107024.25000000,0.00000000,107024.25000000,USDT,SIM-001,MARGIN,USDT,[],False,{}
107024.25000000,0.00000000,107024.25000000,USDT,SIM-001,MARGIN,USDT,[],False,{}
107024.25000000,0.00000000,107024.25000000,USDT,SIM-001,MARGIN,USDT,[],False,{}
107024.00000000,0.00000000,107024.00000000,USDT,SIM-001,MARGIN,USDT,[],False,{}
107024.00000000,0.00000000,107024.00000000,USDT,SIM-001,MARGIN,USDT,[],False,{}
107024.00000000,0.00000000,107024.00000000,USDT,SIM-001,MARGIN,USDT,[],False,{}
107051.12000000,0.00000000,107051.12000000,USDT,SIM-001,MARGIN,USDT,[],False,{}
107074.28000000,0.00000000,107074.28000000,USDT,SIM-001,MARGIN,USDT,[],False,{}
107074.28000000,0.00000000,107074.28000000,USDT,SIM-001,MARGIN,USDT,[],False,{}
107073.28000000,0.00000000,107073.28000000,USDT,SIM-001,MARGIN,USDT,[],False,{}
107072.28000000,0.00000000,107072.28000000,USDT,SIM-001,MARGIN,USDT,[],False,{}
107071.28000000,0.00000000,107071.28000000,USDT,SIM-001,MARGIN,USDT,[],False,{}
107070.28000000,0.00000000,107070.28000000,USDT,SIM-001,MARGIN,USDT,[],False,{}
106301.69000000,0.00000000,106301.69000000,USDT,SIM-001,MARGIN,USDT,[],False,{}
106301.69000000,0.00000000,106301.69000000,USDT,SIM-001,MARGIN,USDT,[],False,{}
106301.69000000,0.00000000,106301.69000000,USDT,SIM-001,MARGIN,USDT,[],False,{}
106301.69000000,0.00000000,106301.69000000,USDT,SIM-001,MARGIN,USDT,[],False,{}
106301.69000000,0.00000000,106301.69000000,USDT,SIM-001,MARGIN,USDT,[],False,{}
106300.69000000,0.00000000,106300.69000000,USDT,SIM-001,MARGIN,USDT,[],False,{}
106300.69000000,0.00000000,106300.69000000,USDT,SIM-001,MARGIN,USDT,[],False,{}
106300.69000000,0.00000000,106300.69000000,USDT,SIM-001,MARGIN,USDT,[],False,{}
106299.69000000,0.00000000,106299.69000000,USDT,SIM-001,MARGIN,USDT,[],False,{}
106299.69000000,0.00000000,106299.69000000,USDT,SIM-001,MARGIN,USDT,[],False,{}
106299.69000000,0.00000000,106299.69000000,USDT,SIM-001,MARGIN,USDT,[],False,{}
106299.69000000,0.00000000,106299.69000000,USDT,SIM-001,MARGIN,USDT,[],False,{}
106299.69000000,0.00000000,106299.69000000,USDT,SIM-001,MARGIN,USDT,[],False,{}
106299.69000000,0.00000000,106299.69000000,USDT,SIM-001,MARGIN,USDT,[],False,{}
106299.69000000,0.00000000,106299.69000000,USDT,SIM-001,MARGIN,USDT,[],False,{}
106299.69000000,0.00000000,106299.69000000,USDT,SIM-001,MARGIN,USDT,[],False,{}
106299.69000000,0.00000000,106299.69000000,USDT,SIM-001,MARGIN,USDT,[],False,{}
106299.69000000,0.00000000,106299.69000000,USDT,SIM-001,MARGIN,USDT,[],False,{}
106299.69000000,0.00000000,106299.69000000,USDT,SIM-001,MARGIN,USDT,[],False,{}
106299.69000000,0.00000000,106299.69000000,USDT,SIM-001,MARGIN,USDT,[],False,{}
106299.69000000,0.00000000,106299.69000000,USDT,SIM-001,MARGIN,USDT,[],False,{}
106336.72000000,0.00000000,106336.72000000,USDT,SIM-001,MARGIN,USDT,[],False,{}
106336.72000000,0.00000000,106336.72000000,USDT,SIM-001,MARGIN,USDT,[],False,{}
106336.72000000,0.00000000,106336.72000000,USDT,SIM-001,MARGIN,USDT,[],False,{}
106395.58000000,0.00000000,106395.58000000,USDT,SIM-001,MARGIN,USDT,[],False,{}
106395.58000000,0.00000000,106395.58000000,USDT,SIM-001,MARGIN,USDT,[],False,{}
106395.58000000,0.00000000,106395.58000000,USDT,SIM-001,MARGIN,USDT,[],False,{}
106395.58000000,0.00000000,106395.58000000,USDT,SIM-001,MARGIN,USDT,[],False,{}
106395.58000000,0.00000000,106395.58000000,USDT,SIM-001,MARGIN,USDT,[],False,{}
106395.58000000,0.00000000,106395.58000000,USDT,SIM-001,MARGIN,USDT,[],False,{}
106395.58000000,0.00000000,106395.58000000,USDT,SIM-001,MARGIN,USDT,[],False,{}
106395.58000000,0.00000000,106395.58000000,USDT,SIM-001,MARGIN,USDT,[],False,{}
106395.58000000,0.00000000,106395.58000000,USDT,SIM-001,MARGIN,USDT,[],False,{}
106400.66000000,0.00000000,106400.66000000,USDT,SIM-001,MARGIN,USDT,[],False,{}
106400.66000000,0.00000000,106400.66000000,USDT,SIM-001,MARGIN,USDT,[],False,{}
106400.66000000,0.00000000,106400.66000000,USDT,SIM-001,MARGIN,USDT,[],False,{}
106400.66000000,0.00000000,106400.66000000,USDT,SIM-001,MARGIN,USDT,[],False,{}
106400.66000000,0.00000000,106400.66000000,USDT,SIM-001,MARGIN,USDT,[],False,{}
106399.66000000,0.00000000,106399.66000000,USDT,SIM-001,MARGIN,USDT,[],False,{}
106399.66000000,0.00000000,106399.66000000,USDT,SIM-001,MARGIN,USDT,[],False,{}
106399.66000000,0.00000000,106399.66000000,USDT,SIM-001,MARGIN,USDT,[],False,{}
106398.66000000,0.00000000,106398.66000000,USDT,SIM-001,MARGIN,USDT,[],False,{}
106398.66000000,0.00000000,106398.66000000,USDT,SIM-001,MARGIN,USDT,[],False,{}
106398.66000000,0.00000000,106398.66000000,USDT,SIM-001,MARGIN,USDT,[],False,{}
106446.85000000,0.00000000,106446.85000000,USDT,SIM-001,MARGIN,USDT,[],False,{}
106495.04000000,0.00000000,106495.04000000,USDT,SIM-001,MARGIN,USDT,[],False,{}
106495.02000000,0.00000000,106495.02000000,USDT,SIM-001,MARGIN,USDT,[],False,{}
106495.02000000,0.00000000,106495.02000000,USDT,SIM-001,MARGIN,USDT,[],False,{}
106494.80000000,0.00000000,106494.80000000,USDT,SIM-001,MARGIN,USDT,[],False,{}
106494.51000000,0.00000000,106494.51000000,USDT,SIM-001,MARGIN,USDT,[],False,{}
106494.14000000,0.00000000,106494.14000000,USDT,SIM-001,MARGIN,USDT,[],False,{}
106494.14000000,0.00000000,106494.14000000,USDT,SIM-001,MARGIN,USDT,[],False,{}
106494.14000000,0.00000000,106494.14000000,USDT,SIM-001,MARGIN,USDT,[],False,{}
106494.14000000,0.00000000,106494.14000000,USDT,SIM-001,MARGIN,USDT,[],False,{}
106494.14000000,0.00000000,106494.14000000,USDT,SIM-001,MARGIN,USDT,[],False,{}
106493.14000000,0.00000000,106493.14000000,USDT,SIM-001,MARGIN,USDT,[],False,{}
106493.14000000,0.00000000,106493.14000000,USDT,SIM-001,MARGIN,USDT,[],False,{}
106493.14000000,0.00000000,106493.14000000,USDT,SIM-001,MARGIN,USDT,[],False,{}
106493.14000000,0.00000000,106493.14000000,USDT,SIM-001,MARGIN,USDT,[],False,{}
106493.14000000,0.00000000,106493.14000000,USDT,SIM-001,MARGIN,USDT,[],False,{}
106493.14000000,0.00000000,106493.14000000,USDT,SIM-001,MARGIN,USDT,[],False,{}
106493.14000000,0.00000000,106493.14000000,USDT,SIM-001,MARGIN,USDT,[],False,{}
106493.14000000,0.00000000,106493.14000000,USDT,SIM-001,MARGIN,USDT,[],False,{}
106493.14000000,0.00000000,106493.14000000,USDT,SIM-001,MARGIN,USDT,[],False,{}
106493.14000000,0.00000000,106493.14000000,USDT,SIM-001,MARGIN,USDT,[],False,{}
106493.14000000,0.00000000,106493.14000000,USDT,SIM-001,MARGIN,USDT,[],False,{}
106493.14000000,0.00000000,106493.14000000,USDT,SIM-001,MARGIN,USDT,[],False,{}
106492.14000000,0.00000000,106492.14000000,USDT,SIM-001,MARGIN,USDT,[],False,{}
106492.14000000,0.00000000,106492.14000000,USDT,SIM-001,MARGIN,USDT,[],False,{}
106492.14000000,0.00000000,106492.14000000,USDT,SIM-001,MARGIN,USDT,[],False,{}
106498.71000000,0.00000000,106498.71000000,USDT,SIM-001,MARGIN,USDT,[],False,{}
106505.28000000,0.00000000,106505.28000000,USDT,SIM-001,MARGIN,USDT,[],False,{}
106505.28000000,0.00000000,106505.28000000,USDT,SIM-001,MARGIN,USDT,[],False,{}
106529.43000000,0.00000000,106529.43000000,USDT,SIM-001,MARGIN,USDT,[],False,{}
106549.85000000,0.00000000,106549.85000000,USDT,SIM-001,MARGIN,USDT,[],False,{}
106549.85000000,0.00000000,106549.85000000,USDT,SIM-001,MARGIN,USDT,[],False,{}
106549.85000000,0.00000000,106549.85000000,USDT,SIM-001,MARGIN,USDT,[],False,{}
106549.85000000,0.00000000,106549.85000000,USDT,SIM-001,MARGIN,USDT,[],False,{}
106549.85000000,0.00000000,106549.85000000,USDT,SIM-001,MARGIN,USDT,[],False,{}
106549.85000000,0.00000000,106549.85000000,USDT,SIM-001,MARGIN,USDT,[],False,{}
106549.85000000,0.00000000,106549.85000000,USDT,SIM-001,MARGIN,USDT,[],False,{}
106549.85000000,0.00000000,106549.85000000,USDT,SIM-001,MARGIN,USDT,[],False,{}
106549.85000000,0.00000000,106549.85000000,USDT,SIM-001,MARGIN,USDT,[],False,{}
106549.85000000,0.00000000,106549.85000000,USDT,SIM-001,MARGIN,USDT,[],False,{}
106549.47000000,0.00000000,106549.47000000,USDT,SIM-001,MARGIN,USDT,[],False,{}
106549.47000000,0.00000000,106549.47000000,USDT,SIM-001,MARGIN,USDT,[],False,{}
106549.47000000,0.00000000,106549.47000000,USDT,SIM-001,MARGIN,USDT,[],False,{}
106549.47000000,0.00000000,106549.47000000,USDT,SIM-001,MARGIN,USDT,[],False,{}
106575.38000000,0.00000000,106575.38000000,USDT,SIM-001,MARGIN,USDT,[],False,{}
106575.38000000,0.00000000,106575.38000000,USDT,SIM-001,MARGIN,USDT,[],False,{}
106574.38000000,0.00000000,106574.38000000,USDT,SIM-001,MARGIN,USDT,[],False,{}
106574.38000000,0.00000000,106574.38000000,USDT,SIM-001,MARGIN,USDT,[],False,{}
106573.43000000,0.00000000,106573.43000000,USDT,SIM-001,MARGIN,USDT,[],False,{}
106572.43000000,0.00000000,106572.43000000,USDT,SIM-001,MARGIN,USDT,[],False,{}
106572.43000000,0.00000000,106572.43000000,USDT,SIM-001,MARGIN,USDT,[],False,{}
106572.43000000,0.00000000,106572.43000000,USDT,SIM-001,MARGIN,USDT,[],False,{}
106572.43000000,0.00000000,106572.43000000,USDT,SIM-001,MARGIN,USDT,[],False,{}
106572.43000000,0.00000000,106572.43000000,USDT,SIM-001,MARGIN,USDT,[],False,{}
106572.43000000,0.00000000,106572.43000000,USDT,SIM-001,MARGIN,USDT,[],False,{}
106572.43000000,0.00000000,106572.43000000,USDT,SIM-001,MARGIN,USDT,[],False,{}
106572.43000000,0.00000000,106572.43000000,USDT,SIM-001,MARGIN,USDT,[],False,{}
106572.43000000,0.00000000,106572.43000000,USDT,SIM-001,MARGIN,USDT,[],False,{}
106571.43000000,0.00000000,106571.43000000,USDT,SIM-001,MARGIN,USDT,[],False,{}
106571.43000000,0.00000000,106571.43000000,USDT,SIM-001,MARGIN,USDT,[],False,{}
106571.43000000,0.00000000,106571.43000000,USDT,SIM-001,MARGIN,USDT,[],False,{}
106571.23000000,0.00000000,106571.23000000,USDT,SIM-001,MARGIN,USDT,[],False,{}
106571.23000000,0.00000000,106571.23000000,USDT,SIM-001,MARGIN,USDT,[],False,{}
106571.23000000,0.00000000,106571.23000000,USDT,SIM-001,MARGIN,USDT,[],False,{}
106571.23000000,0.00000000,106571.23000000,USDT,SIM-001,MARGIN,USDT,[],False,{}
106571.23000000,0.00000000,106571.23000000,USDT,SIM-001,MARGIN,USDT,[],False,{}
106571.23000000,0.00000000,106571.23000000,USDT,SIM-001,MARGIN,USDT,[],False,{}
106571.23000000,0.00000000,106571.23000000,USDT,SIM-001,MARGIN,USDT,[],False,{}
106571.23000000,0.00000000,106571.23000000,USDT,SIM-001,MARGIN,USDT,[],False,{}
106571.23000000,0.00000000,106571.23000000,USDT,SIM-001,MARGIN,USDT,[],False,{}
106571.23000000,0.00000000,106571.23000000,USDT,SIM-001,MARGIN,USDT,[],False,{}
106571.23000000,0.00000000,106571.23000000,USDT,SIM-001,MARGIN,USDT,[],False,{}
106571.23000000,0.00000000,106571.23000000,USDT,SIM-001,MARGIN,USDT,[],False,{}
106571.23000000,0.00000000,106571.23000000,USDT,SIM-001,MARGIN,USDT,[],False,{}
106570.23000000,0.00000000,106570.23000000,USDT,SIM-001,MARGIN,USDT,[],False,{}
106570.23000000,0.00000000,106570.23000000,USDT,SIM-001,MARGIN,USDT,[],False,{}
106570.23000000,0.00000000,106570.23000000,USDT,SIM-001,MARGIN,USDT,[],False,{}
106569.23000000,0.00000000,106569.23000000,USDT,SIM-001,MARGIN,USDT,[],False,{}
106569.23000000,0.00000000,106569.23000000,USDT,SIM-001,MARGIN,USDT,[],False,{}
106569.23000000,0.00000000,106569.23000000,USDT,SIM-001,MARGIN,USDT,[],False,{}
106519.85000000,0.00000000,106519.85000000,USDT,SIM-001,MARGIN,USDT,[],False,{}
106470.47000000,0.00000000,106470.47000000,USDT,SIM-001,MARGIN,USDT,[],False,{}
106421.09000000,0.00000000,106421.09000000,USDT,SIM-001,MARGIN,USDT,[],False,{}
106379.09000000,0.00000000,106379.09000000,USDT,SIM-001,MARGIN,USDT,[],False,{}
106337.09000000,0.00000000,106337.09000000,USDT,SIM-001,MARGIN,USDT,[],False,{}
106295.09000000,0.00000000,106295.09000000,USDT,SIM-001,MARGIN,USDT,[],False,{}
106295.09000000,0.00000000,106295.09000000,USDT,SIM-001,MARGIN,USDT,[],False,{}
106295.09000000,0.00000000,106295.09000000,USDT,SIM-001,MARGIN,USDT,[],False,{}
106295.09000000,0.00000000,106295.09000000,USDT,SIM-001,MARGIN,USDT,[],False,{}
106295.09000000,0.00000000,106295.09000000,USDT,SIM-001,MARGIN,USDT,[],False,{}
106276.57000000,0.00000000,106276.57000000,USDT,SIM-001,MARGIN,USDT,[],False,{}
106276.57000000,0.00000000,106276.57000000,USDT,SIM-001,MARGIN,USDT,[],False,{}
106276.57000000,0.00000000,106276.57000000,USDT,SIM-001,MARGIN,USDT,[],False,{}
106276.57000000,0.00000000,106276.57000000,USDT,SIM-001,MARGIN,USDT,[],False,{}
106275.57000000,0.00000000,106275.57000000,USDT,SIM-001,MARGIN,USDT,[],False,{}
106275.57000000,0.00000000,106275.57000000,USDT,SIM-001,MARGIN,USDT,[],False,{}
106275.57000000,0.00000000,106275.57000000,USDT,SIM-001,MARGIN,USDT,[],False,{}
106314.87000000,0.00000000,106314.87000000,USDT,SIM-001,MARGIN,USDT,[],False,{}
106343.61000000,0.00000000,106343.61000000,USDT,SIM-001,MARGIN,USDT,[],False,{}
106343.61000000,0.00000000,106343.61000000,USDT,SIM-001,MARGIN,USDT,[],False,{}
106342.61000000,0.00000000,106342.61000000,USDT,SIM-001,MARGIN,USDT,[],False,{}
106341.61000000,0.00000000,106341.61000000,USDT,SIM-001,MARGIN,USDT,[],False,{}
106340.61000000,0.00000000,106340.61000000,USDT,SIM-001,MARGIN,USDT,[],False,{}
106339.61000000,0.00000000,106339.61000000,USDT,SIM-001,MARGIN,USDT,[],False,{}
106339.61000000,0.00000000,106339.61000000,USDT,SIM-001,MARGIN,USDT,[],False,{}
106339.61000000,0.00000000,106339.61000000,USDT,SIM-001,MARGIN,USDT,[],False,{}
106339.61000000,0.00000000,106339.61000000,USDT,SIM-001,MARGIN,USDT,[],False,{}
106339.61000000,0.00000000,106339.61000000,USDT,SIM-001,MARGIN,USDT,[],False,{}
106387.44000000,0.00000000,106387.44000000,USDT,SIM-001,MARGIN,USDT,[],False,{}
106387.44000000,0.00000000,106387.44000000,USDT,SIM-001,MARGIN,USDT,[],False,{}
106387.44000000,0.00000000,106387.44000000,USDT,SIM-001,MARGIN,USDT,[],False,{}
106409.80000000,0.00000000,106409.80000000,USDT,SIM-001,MARGIN,USDT,[],False,{}
106409.80000000,0.00000000,106409.80000000,USDT,SIM-001,MARGIN,USDT,[],False,{}
106409.80000000,0.00000000,106409.80000000,USDT,SIM-001,MARGIN,USDT,[],False,{}
106409.80000000,0.00000000,106409.80000000,USDT,SIM-001,MARGIN,USDT,[],False,{}
106409.80000000,0.00000000,106409.80000000,USDT,SIM-001,MARGIN,USDT,[],False,{}
106409.80000000,0.00000000,106409.80000000,USDT,SIM-001,MARGIN,USDT,[],False,{}
106409.80000000,0.00000000,106409.80000000,USDT,SIM-001,MARGIN,USDT,[],False,{}
106409.80000000,0.00000000,106409.80000000,USDT,SIM-001,MARGIN,USDT,[],False,{}
106409.80000000,0.00000000,106409.80000000,USDT,SIM-001,MARGIN,USDT,[],False,{}
106741.33000000,0.00000000,106741.33000000,USDT,SIM-001,MARGIN,USDT,[],False,{}
106741.33000000,0.00000000,106741.33000000,USDT,SIM-001,MARGIN,USDT,[],False,{}
106741.33000000,0.00000000,106741.33000000,USDT,SIM-001,MARGIN,USDT,[],False,{}
106741.33000000,0.00000000,106741.33000000,USDT,SIM-001,MARGIN,USDT,[],False,{}
106741.33000000,0.00000000,106741.33000000,USDT,SIM-001,MARGIN,USDT,[],False,{}
106740.33000000,0.00000000,106740.33000000,USDT,SIM-001,MARGIN,USDT,[],False,{}
106740.33000000,0.00000000,106740.33000000,USDT,SIM-001,MARGIN,USDT,[],False,{}
106740.33000000,0.00000000,106740.33000000,USDT,SIM-001,MARGIN,USDT,[],False,{}
106739.33000000,0.00000000,106739.33000000,USDT,SIM-001,MARGIN,USDT,[],False,{}
106739.33000000,0.00000000,106739.33000000,USDT,SIM-001,MARGIN,USDT,[],False,{}
106739.33000000,0.00000000,106739.33000000,USDT,SIM-001,MARGIN,USDT,[],False,{}
106739.33000000,0.00000000,106739.33000000,USDT,SIM-001,MARGIN,USDT,[],False,{}
106739.33000000,0.00000000,106739.33000000,USDT,SIM-001,MARGIN,USDT,[],False,{}
106739.33000000,0.00000000,106739.33000000,USDT,SIM-001,MARGIN,USDT,[],False,{}
106739.33000000,0.00000000,106739.33000000,USDT,SIM-001,MARGIN,USDT,[],False,{}
106739.33000000,0.00000000,106739.33000000,USDT,SIM-001,MARGIN,USDT,[],False,{}
106739.33000000,0.00000000,106739.33000000,USDT,SIM-001,MARGIN,USDT,[],False,{}
106739.33000000,0.00000000,106739.33000000,USDT,SIM-001,MARGIN,USDT,[],False,{}
106739.33000000,0.00000000,106739.33000000,USDT,SIM-001,MARGIN,USDT,[],False,{}
106739.33000000,0.00000000,106739.33000000,USDT,SIM-001,MARGIN,USDT,[],False,{}
106739.33000000,0.00000000,106739.33000000,USDT,SIM-001,MARGIN,USDT,[],False,{}
106799.84000000,0.00000000,106799.84000000,USDT,SIM-001,MARGIN,USDT,[],False,{}
106799.84000000,0.00000000,106799.84000000,USDT,SIM-001,MARGIN,USDT,[],False,{}
106799.84000000,0.00000000,106799.84000000,USDT,SIM-001,MARGIN,USDT,[],False,{}
106799.84000000,0.00000000,106799.84000000,USDT,SIM-001,MARGIN,USDT,[],False,{}
106799.84000000,0.00000000,106799.84000000,USDT,SIM-001,MARGIN,USDT,[],False,{}
106799.84000000,0.00000000,106799.84000000,USDT,SIM-001,MARGIN,USDT,[],False,{}
106799.84000000,0.00000000,106799.84000000,USDT,SIM-001,MARGIN,USDT,[],False,{}
106799.84000000,0.00000000,106799.84000000,USDT,SIM-001,MARGIN,USDT,[],False,{}
106799.84000000,0.00000000,106799.84000000,USDT,SIM-001,MARGIN,USDT,[],False,{}
106799.84000000,0.00000000,106799.84000000,USDT,SIM-001,MARGIN,USDT,[],False,{}
106799.84000000,0.00000000,106799.84000000,USDT,SIM-001,MARGIN,USDT,[],False,{}
106799.84000000,0.00000000,106799.84000000,USDT,SIM-001,MARGIN,USDT,[],False,{}
106798.84000000,0.00000000,106798.84000000,USDT,SIM-001,MARGIN,USDT,[],False,{}
106798.84000000,0.00000000,106798.84000000,USDT,SIM-001,MARGIN,USDT,[],False,{}
106798.84000000,0.00000000,106798.84000000,USDT,SIM-001,MARGIN,USDT,[],False,{}
106797.84000000,0.00000000,106797.84000000,USDT,SIM-001,MARGIN,USDT,[],False,{}
106797.84000000,0.00000000,106797.84000000,USDT,SIM-001,MARGIN,USDT,[],False,{}
106797.84000000,0.00000000,106797.84000000,USDT,SIM-001,MARGIN,USDT,[],False,{}
106797.84000000,0.00000000,106797.84000000,USDT,SIM-001,MARGIN,USDT,[],False,{}
106797.84000000,0.00000000,106797.84000000,USDT,SIM-001,MARGIN,USDT,[],False,{}
106797.84000000,0.00000000,106797.84000000,USDT,SIM-001,MARGIN,USDT,[],False,{}
106797.84000000,0.00000000,106797.84000000,USDT,SIM-001,MARGIN,USDT,[],False,{}
106797.84000000,0.00000000,106797.84000000,USDT,SIM-001,MARGIN,USDT,[],False,{}
106797.84000000,0.00000000,106797.84000000,USDT,SIM-001,MARGIN,USDT,[],False,{}
106225.12000000,0.00000000,106225.12000000,USDT,SIM-001,MARGIN,USDT,[],False,{}
106225.12000000,0.00000000,106225.12000000,USDT,SIM-001,MARGIN,USDT,[],False,{}
106225.12000000,0.00000000,106225.12000000,USDT,SIM-001,MARGIN,USDT,[],False,{}
106225.12000000,0.00000000,106225.12000000,USDT,SIM-001,MARGIN,USDT,[],False,{}
106225.12000000,0.00000000,106225.12000000,USDT,SIM-001,MARGIN,USDT,[],False,{}
106224.12000000,0.00000000,106224.12000000,USDT,SIM-001,MARGIN,USDT,[],False,{}
106224.12000000,0.00000000,106224.12000000,USDT,SIM-001,MARGIN,USDT,[],False,{}
106224.12000000,0.00000000,106224.12000000,USDT,SIM-001,MARGIN,USDT,[],False,{}
106224.12000000,0.00000000,106224.12000000,USDT,SIM-001,MARGIN,USDT,[],False,{}
106224.12000000,0.00000000,106224.12000000,USDT,SIM-001,MARGIN,USDT,[],False,{}
106224.12000000,0.00000000,106224.12000000,USDT,SIM-001,MARGIN,USDT,[],False,{}
106224.12000000,0.00000000,106224.12000000,USDT,SIM-001,MARGIN,USDT,[],False,{}
106224.12000000,0.00000000,106224.12000000,USDT,SIM-001,MARGIN,USDT,[],False,{}
106224.12000000,0.00000000,106224.12000000,USDT,SIM-001,MARGIN,USDT,[],False,{}
106224.12000000,0.00000000,106224.12000000,USDT,SIM-001,MARGIN,USDT,[],False,{}
106224.12000000,0.00000000,106224.12000000,USDT,SIM-001,MARGIN,USDT,[],False,{}
106224.12000000,0.00000000,106224.12000000,USDT,SIM-001,MARGIN,USDT,[],False,{}
106224.85000000,0.00000000,106224.85000000,USDT,SIM-001,MARGIN,USDT,[],False,{}
106224.85000000,0.00000000,106224.85000000,USDT,SIM-001,MARGIN,USDT,[],False,{}
106224.85000000,0.00000000,106224.85000000,USDT,SIM-001,MARGIN,USDT,[],False,{}
106223.86000000,0.00000000,106223.86000000,USDT,SIM-001,MARGIN,USDT,[],False,{}
106223.86000000,0.00000000,106223.86000000,USDT,SIM-001,MARGIN,USDT,[],False,{}
106223.86000000,0.00000000,106223.86000000,USDT,SIM-001,MARGIN,USDT,[],False,{}
106223.86000000,0.00000000,106223.86000000,USDT,SIM-001,MARGIN,USDT,[],False,{}
106283.83000000,0.00000000,106283.83000000,USDT,SIM-001,MARGIN,USDT,[],False,{}
106283.83000000,0.00000000,106283.83000000,USDT,SIM-001,MARGIN,USDT,[],False,{}
106282.83000000,0.00000000,106282.83000000,USDT,SIM-001,MARGIN,USDT,[],False,{}
106281.83000000,0.00000000,106281.83000000,USDT,SIM-001,MARGIN,USDT,[],False,{}
106280.83000000,0.00000000,106280.83000000,USDT,SIM-001,MARGIN,USDT,[],False,{}
106279.83000000,0.00000000,106279.83000000,USDT,SIM-001,MARGIN,USDT,[],False,{}
106278.83000000,0.00000000,106278.83000000,USDT,SIM-001,MARGIN,USDT,[],False,{}
105892.20000000,0.00000000,105892.20000000,USDT,SIM-001,MARGIN,USDT,[],False,{}
105892.20000000,0.00000000,105892.20000000,USDT,SIM-001,MARGIN,USDT,[],False,{}
105892.20000000,0.00000000,105892.20000000,USDT,SIM-001,MARGIN,USDT,[],False,{}
105892.20000000,0.00000000,105892.20000000,USDT,SIM-001,MARGIN,USDT,[],False,{}
105892.20000000,0.00000000,105892.20000000,USDT,SIM-001,MARGIN,USDT,[],False,{}
105891.20000000,0.00000000,105891.20000000,USDT,SIM-001,MARGIN,USDT,[],False,{}
105891.20000000,0.00000000,105891.20000000,USDT,SIM-001,MARGIN,USDT,[],False,{}
105891.20000000,0.00000000,105891.20000000,USDT,SIM-001,MARGIN,USDT,[],False,{}
105913.69000000,0.00000000,105913.69000000,USDT,SIM-001,MARGIN,USDT,[],False,{}
105912.80000000,0.00000000,105912.80000000,USDT,SIM-001,MARGIN,USDT,[],False,{}
105912.80000000,0.00000000,105912.80000000,USDT,SIM-001,MARGIN,USDT,[],False,{}
105912.80000000,0.00000000,105912.80000000,USDT,SIM-001,MARGIN,USDT,[],False,{}
105946.87000000,0.00000000,105946.87000000,USDT,SIM-001,MARGIN,USDT,[],False,{}
105946.87000000,0.00000000,105946.87000000,USDT,SIM-001,MARGIN,USDT,[],False,{}
105945.87000000,0.00000000,105945.87000000,USDT,SIM-001,MARGIN,USDT,[],False,{}
105945.87000000,0.00000000,105945.87000000,USDT,SIM-001,MARGIN,USDT,[],False,{}
105991.75000000,0.00000000,105991.75000000,USDT,SIM-001,MARGIN,USDT,[],False,{}
105991.75000000,0.00000000,105991.75000000,USDT,SIM-001,MARGIN,USDT,[],False,{}
105991.75000000,0.00000000,105991.75000000,USDT,SIM-001,MARGIN,USDT,[],False,{}
105990.75000000,0.00000000,105990.75000000,USDT,SIM-001,MARGIN,USDT,[],False,{}
105806.73000000,0.00000000,105806.73000000,USDT,SIM-001,MARGIN,USDT,[],False,{}
105806.73000000,0.00000000,105806.73000000,USDT,SIM-001,MARGIN,USDT,[],False,{}
105806.73000000,0.00000000,105806.73000000,USDT,SIM-001,MARGIN,USDT,[],False,{}
105806.73000000,0.00000000,105806.73000000,USDT,SIM-001,MARGIN,USDT,[],False,{}
105806.73000000,0.00000000,105806.73000000,USDT,SIM-001,MARGIN,USDT,[],False,{}
105805.73000000,0.00000000,105805.73000000,USDT,SIM-001,MARGIN,USDT,[],False,{}
105805.73000000,0.00000000,105805.73000000,USDT,SIM-001,MARGIN,USDT,[],False,{}
105805.73000000,0.00000000,105805.73000000,USDT,SIM-001,MARGIN,USDT,[],False,{}
105804.73000000,0.00000000,105804.73000000,USDT,SIM-001,MARGIN,USDT,[],False,{}
105804.73000000,0.00000000,105804.73000000,USDT,SIM-001,MARGIN,USDT,[],False,{}
105804.73000000,0.00000000,105804.73000000,USDT,SIM-001,MARGIN,USDT,[],False,{}
105804.73000000,0.00000000,105804.73000000,USDT,SIM-001,MARGIN,USDT,[],False,{}
105804.73000000,0.00000000,105804.73000000,USDT,SIM-001,MARGIN,USDT,[],False,{}
105804.73000000,0.00000000,105804.73000000,USDT,SIM-001,MARGIN,USDT,[],False,{}
105804.73000000,0.00000000,105804.73000000,USDT,SIM-001,MARGIN,USDT,[],False,{}
105804.73000000,0.00000000,105804.73000000,USDT,SIM-001,MARGIN,USDT,[],False,{}
105804.73000000,0.00000000,105804.73000000,USDT,SIM-001,MARGIN,USDT,[],False,{}
105804.73000000,0.00000000,105804.73000000,USDT,SIM-001,MARGIN,USDT,[],False,{}
105804.73000000,0.00000000,105804.73000000,USDT,SIM-001,MARGIN,USDT,[],False,{}
105804.73000000,0.00000000,105804.73000000,USDT,SIM-001,MARGIN,USDT,[],False,{}
105804.73000000,0.00000000,105804.73000000,USDT,SIM-001,MARGIN,USDT,[],False,{}
105804.73000000,0.00000000,105804.73000000,USDT,SIM-001,MARGIN,USDT,[],False,{}
105804.73000000,0.00000000,105804.73000000,USDT,SIM-001,MARGIN,USDT,[],False,{}
105804.73000000,0.00000000,105804.73000000,USDT,SIM-001,MARGIN,USDT,[],False,{}
105804.73000000,0.00000000,105804.73000000,USDT,SIM-001,MARGIN,USDT,[],False,{}
105622.69000000,0.00000000,105622.69000000,USDT,SIM-001,MARGIN,USDT,[],False,{}
105622.69000000,0.00000000,105622.69000000,USDT,SIM-001,MARGIN,USDT,[],False,{}
105622.69000000,0.00000000,105622.69000000,USDT,SIM-001,MARGIN,USDT,[],False,{}
105622.69000000,0.00000000,105622.69000000,USDT,SIM-001,MARGIN,USDT,[],False,{}
105622.69000000,0.00000000,105622.69000000,USDT,SIM-001,MARGIN,USDT,[],False,{}
105621.69000000,0.00000000,105621.69000000,USDT,SIM-001,MARGIN,USDT,[],False,{}
105621.69000000,0.00000000,105621.69000000,USDT,SIM-001,MARGIN,USDT,[],False,{}
105621.69000000,0.00000000,105621.69000000,USDT,SIM-001,MARGIN,USDT,[],False,{}
105641.76000000,0.00000000,105641.76000000,USDT,SIM-001,MARGIN,USDT,[],False,{}
105640.85000000,0.00000000,105640.85000000,USDT,SIM-001,MARGIN,USDT,[],False,{}
105640.85000000,0.00000000,105640.85000000,USDT,SIM-001,MARGIN,USDT,[],False,{}
105640.85000000,0.00000000,105640.85000000,USDT,SIM-001,MARGIN,USDT,[],False,{}
105640.85000000,0.00000000,105640.85000000,USDT,SIM-001,MARGIN,USDT,[],False,{}
105640.85000000,0.00000000,105640.85000000,USDT,SIM-001,MARGIN,USDT,[],False,{}
105640.85000000,0.00000000,105640.85000000,USDT,SIM-001,MARGIN,USDT,[],False,{}
105640.85000000,0.00000000,105640.85000000,USDT,SIM-001,MARGIN,USDT,[],False,{}
105640.85000000,0.00000000,105640.85000000,USDT,SIM-001,MARGIN,USDT,[],False,{}
105640.85000000,0.00000000,105640.85000000,USDT,SIM-001,MARGIN,USDT,[],False,{}
105640.85000000,0.00000000,105640.85000000,USDT,SIM-001,MARGIN,USDT,[],False,{}
105640.85000000,0.00000000,105640.85000000,USDT,SIM-001,MARGIN,USDT,[],False,{}
105665.35000000,0.00000000,105665.35000000,USDT,SIM-001,MARGIN,USDT,[],False,{}
105665.35000000,0.00000000,105665.35000000,USDT,SIM-001,MARGIN,USDT,[],False,{}
105665.35000000,0.00000000,105665.35000000,USDT,SIM-001,MARGIN,USDT,[],False,{}
105665.35000000,0.00000000,105665.35000000,USDT,SIM-001,MARGIN,USDT,[],False,{}
105664.35000000,0.00000000,105664.35000000,USDT,SIM-001,MARGIN,USDT,[],False,{}
105664.35000000,0.00000000,105664.35000000,USDT,SIM-001,MARGIN,USDT,[],False,{}
105664.35000000,0.00000000,105664.35000000,USDT,SIM-001,MARGIN,USDT,[],False,{}
105692.27000000,0.00000000,105692.27000000,USDT,SIM-001,MARGIN,USDT,[],False,{}
105691.71000000,0.00000000,105691.71000000,USDT,SIM-001,MARGIN,USDT,[],False,{}
105691.71000000,0.00000000,105691.71000000,USDT,SIM-001,MARGIN,USDT,[],False,{}
105690.71000000,0.00000000,105690.71000000,USDT,SIM-001,MARGIN,USDT,[],False,{}
105690.71000000,0.00000000,105690.71000000,USDT,SIM-001,MARGIN,USDT,[],False,{}
105690.71000000,0.00000000,105690.71000000,USDT,SIM-001,MARGIN,USDT,[],False,{}
105690.71000000,0.00000000,105690.71000000,USDT,SIM-001,MARGIN,USDT,[],False,{}
105690.71000000,0.00000000,105690.71000000,USDT,SIM-001,MARGIN,USDT,[],False,{}
105690.71000000,0.00000000,105690.71000000,USDT,SIM-001,MARGIN,USDT,[],False,{}
105690.71000000,0.00000000,105690.71000000,USDT,SIM-001,MARGIN,USDT,[],False,{}
105690.71000000,0.00000000,105690.71000000,USDT,SIM-001,MARGIN,USDT,[],False,{}
105706.79000000,0.00000000,105706.79000000,USDT,SIM-001,MARGIN,USDT,[],False,{}
105706.79000000,0.00000000,105706.79000000,USDT,SIM-001,MARGIN,USDT,[],False,{}
105706.79000000,0.00000000,105706.79000000,USDT,SIM-001,MARGIN,USDT,[],False,{}
105728.23000000,0.00000000,105728.23000000,USDT,SIM-001,MARGIN,USDT,[],False,{}
105728.23000000,0.00000000,105728.23000000,USDT,SIM-001,MARGIN,USDT,[],False,{}
105728.23000000,0.00000000,105728.23000000,USDT,SIM-001,MARGIN,USDT,[],False,{}
105728.23000000,0.00000000,105728.23000000,USDT,SIM-001,MARGIN,USDT,[],False,{}
105728.23000000,0.00000000,105728.23000000,USDT,SIM-001,MARGIN,USDT,[],False,{}
105728.23000000,0.00000000,105728.23000000,USDT,SIM-001,MARGIN,USDT,[],False,{}
105728.23000000,0.00000000,105728.23000000,USDT,SIM-001,MARGIN,USDT,[],False,{}
105728.23000000,0.00000000,105728.23000000,USDT,SIM-001,MARGIN,USDT,[],False,{}
105728.23000000,0.00000000,105728.23000000,USDT,SIM-001,MARGIN,USDT,[],False,{}
105728.23000000,0.00000000,105728.23000000,USDT,SIM-001,MARGIN,USDT,[],False,{}
105728.23000000,0.00000000,105728.23000000,USDT,SIM-001,MARGIN,USDT,[],False,{}
105728.23000000,0.00000000,105728.23000000,USDT,SIM-001,MARGIN,USDT,[],False,{}
105728.23000000,0.00000000,105728.23000000,USDT,SIM-001,MARGIN,USDT,[],False,{}
105728.23000000,0.00000000,105728.23000000,USDT,SIM-001,MARGIN,USDT,[],False,{}
105727.23000000,0.00000000,105727.23000000,USDT,SIM-001,MARGIN,USDT,[],False,{}
105727.23000000,0.00000000,105727.23000000,USDT,SIM-001,MARGIN,USDT,[],False,{}
105727.23000000,0.00000000,105727.23000000,USDT,SIM-001,MARGIN,USDT,[],False,{}
105726.95000000,0.00000000,105726.95000000,USDT,SIM-001,MARGIN,USDT,[],False,{}
105726.95000000,0.00000000,105726.95000000,USDT,SIM-001,MARGIN,USDT,[],False,{}
105726.95000000,0.00000000,105726.95000000,USDT,SIM-001,MARGIN,USDT,[],False,{}
105753.79000000,0.00000000,105753.79000000,USDT,SIM-001,MARGIN,USDT,[],False,{}
105761.52000000,0.00000000,105761.52000000,USDT,SIM-001,MARGIN,USDT,[],False,{}
105761.52000000,0.00000000,105761.52000000,USDT,SIM-001,MARGIN,USDT,[],False,{}
105760.52000000,0.00000000,105760.52000000,USDT,SIM-001,MARGIN,USDT,[],False,{}
105759.52000000,0.00000000,105759.52000000,USDT,SIM-001,MARGIN,USDT,[],False,{}
105758.52000000,0.00000000,105758.52000000,USDT,SIM-001,MARGIN,USDT,[],False,{}
105757.52000000,0.00000000,105757.52000000,USDT,SIM-001,MARGIN,USDT,[],False,{}
105757.52000000,0.00000000,105757.52000000,USDT,SIM-001,MARGIN,USDT,[],False,{}
105757.52000000,0.00000000,105757.52000000,USDT,SIM-001,MARGIN,USDT,[],False,{}
105727.27000000,0.00000000,105727.27000000,USDT,SIM-001,MARGIN,USDT,[],False,{}
105713.65000000,0.00000000,105713.65000000,USDT,SIM-001,MARGIN,USDT,[],False,{}
106070.68000000,0.00000000,106070.68000000,USDT,SIM-001,MARGIN,USDT,[],False,{}
106070.68000000,0.00000000,106070.68000000,USDT,SIM-001,MARGIN,USDT,[],False,{}
106070.68000000,0.00000000,106070.68000000,USDT,SIM-001,MARGIN,USDT,[],False,{}
106070.68000000,0.00000000,106070.68000000,USDT,SIM-001,MARGIN,USDT,[],False,{}
106070.68000000,0.00000000,106070.68000000,USDT,SIM-001,MARGIN,USDT,[],False,{}
106069.68000000,0.00000000,106069.68000000,USDT,SIM-001,MARGIN,USDT,[],False,{}
106069.68000000,0.00000000,106069.68000000,USDT,SIM-001,MARGIN,USDT,[],False,{}
106069.68000000,0.00000000,106069.68000000,USDT,SIM-001,MARGIN,USDT,[],False,{}
106068.68000000,0.00000000,106068.68000000,USDT,SIM-001,MARGIN,USDT,[],False,{}
106068.68000000,0.00000000,106068.68000000,USDT,SIM-001,MARGIN,USDT,[],False,{}
106068.68000000,0.00000000,106068.68000000,USDT,SIM-001,MARGIN,USDT,[],False,{}
106114.60000000,0.00000000,106114.60000000,USDT,SIM-001,MARGIN,USDT,[],False,{}
106160.52000000,0.00000000,106160.52000000,USDT,SIM-001,MARGIN,USDT,[],False,{}
106160.41000000,0.00000000,106160.41000000,USDT,SIM-001,MARGIN,USDT,[],False,{}
106160.41000000,0.00000000,106160.41000000,USDT,SIM-001,MARGIN,USDT,[],False,{}
106159.41000000,0.00000000,106159.41000000,USDT,SIM-001,MARGIN,USDT,[],False,{}
106158.41000000,0.00000000,106158.41000000,USDT,SIM-001,MARGIN,USDT,[],False,{}
106157.41000000,0.00000000,106157.41000000,USDT,SIM-001,MARGIN,USDT,[],False,{}
106157.41000000,0.00000000,106157.41000000,USDT,SIM-001,MARGIN,USDT,[],False,{}
106157.41000000,0.00000000,106157.41000000,USDT,SIM-001,MARGIN,USDT,[],False,{}
106157.41000000,0.00000000,106157.41000000,USDT,SIM-001,MARGIN,USDT,[],False,{}
106157.41000000,0.00000000,106157.41000000,USDT,SIM-001,MARGIN,USDT,[],False,{}
106156.41000000,0.00000000,106156.41000000,USDT,SIM-001,MARGIN,USDT,[],False,{}
106156.41000000,0.00000000,106156.41000000,USDT,SIM-001,MARGIN,USDT,[],False,{}
106156.41000000,0.00000000,106156.41000000,USDT,SIM-001,MARGIN,USDT,[],False,{}
106212.48000000,0.00000000,106212.48000000,USDT,SIM-001,MARGIN,USDT,[],False,{}
106268.55000000,0.00000000,106268.55000000,USDT,SIM-001,MARGIN,USDT,[],False,{}
106268.55000000,0.00000000,106268.55000000,USDT,SIM-001,MARGIN,USDT,[],False,{}
106268.55000000,0.00000000,106268.55000000,USDT,SIM-001,MARGIN,USDT,[],False,{}
106268.55000000,0.00000000,106268.55000000,USDT,SIM-001,MARGIN,USDT,[],False,{}
106268.55000000,0.00000000,106268.55000000,USDT,SIM-001,MARGIN,USDT,[],False,{}
106268.55000000,0.00000000,106268.55000000,USDT,SIM-001,MARGIN,USDT,[],False,{}
106268.55000000,0.00000000,106268.55000000,USDT,SIM-001,MARGIN,USDT,[],False,{}
106268.55000000,0.00000000,106268.55000000,USDT,SIM-001,MARGIN,USDT,[],False,{}
106268.55000000,0.00000000,106268.55000000,USDT,SIM-001,MARGIN,USDT,[],False,{}
106268.55000000,0.00000000,106268.55000000,USDT,SIM-001,MARGIN,USDT,[],False,{}
106267.55000000,0.00000000,106267.55000000,USDT,SIM-001,MARGIN,USDT,[],False,{}
106267.55000000,0.00000000,106267.55000000,USDT,SIM-001,MARGIN,USDT,[],False,{}
106267.55000000,0.00000000,106267.55000000,USDT,SIM-001,MARGIN,USDT,[],False,{}
106305.77000000,0.00000000,106305.77000000,USDT,SIM-001,MARGIN,USDT,[],False,{}
106343.99000000,0.00000000,106343.99000000,USDT,SIM-001,MARGIN,USDT,[],False,{}
106343.99000000,0.00000000,106343.99000000,USDT,SIM-001,MARGIN,USDT,[],False,{}
106342.99000000,0.00000000,106342.99000000,USDT,SIM-001,MARGIN,USDT,[],False,{}
106341.99000000,0.00000000,106341.99000000,USDT,SIM-001,MARGIN,USDT,[],False,{}
106341.99000000,0.00000000,106341.99000000,USDT,SIM-001,MARGIN,USDT,[],False,{}
106403.78000000,0.00000000,106403.78000000,USDT,SIM-001,MARGIN,USDT,[],False,{}
106465.57000000,0.00000000,106465.57000000,USDT,SIM-001,MARGIN,USDT,[],False,{}
106527.36000000,0.00000000,106527.36000000,USDT,SIM-001,MARGIN,USDT,[],False,{}
106582.98000000,0.00000000,106582.98000000,USDT,SIM-001,MARGIN,USDT,[],False,{}
106582.98000000,0.00000000,106582.98000000,USDT,SIM-001,MARGIN,USDT,[],False,{}
106582.98000000,0.00000000,106582.98000000,USDT,SIM-001,MARGIN,USDT,[],False,{}
106582.98000000,0.00000000,106582.98000000,USDT,SIM-001,MARGIN,USDT,[],False,{}
106582.98000000,0.00000000,106582.98000000,USDT,SIM-001,MARGIN,USDT,[],False,{}
106581.98000000,0.00000000,106581.98000000,USDT,SIM-001,MARGIN,USDT,[],False,{}
106581.98000000,0.00000000,106581.98000000,USDT,SIM-001,MARGIN,USDT,[],False,{}
106581.98000000,0.00000000,106581.98000000,USDT,SIM-001,MARGIN,USDT,[],False,{}
106612.55000000,0.00000000,106612.55000000,USDT,SIM-001,MARGIN,USDT,[],False,{}
106611.75000000,0.00000000,106611.75000000,USDT,SIM-001,MARGIN,USDT,[],False,{}
106611.75000000,0.00000000,106611.75000000,USDT,SIM-001,MARGIN,USDT,[],False,{}
106611.75000000,0.00000000,106611.75000000,USDT,SIM-001,MARGIN,USDT,[],False,{}
106610.75000000,0.00000000,106610.75000000,USDT,SIM-001,MARGIN,USDT,[],False,{}
106609.75000000,0.00000000,106609.75000000,USDT,SIM-001,MARGIN,USDT,[],False,{}
106609.75000000,0.00000000,106609.75000000,USDT,SIM-001,MARGIN,USDT,[],False,{}
106609.75000000,0.00000000,106609.75000000,USDT,SIM-001,MARGIN,USDT,[],False,{}
106609.75000000,0.00000000,106609.75000000,USDT,SIM-001,MARGIN,USDT,[],False,{}
106609.75000000,0.00000000,106609.75000000,USDT,SIM-001,MARGIN,USDT,[],False,{}
106609.75000000,0.00000000,106609.75000000,USDT,SIM-001,MARGIN,USDT,[],False,{}
106609.75000000,0.00000000,106609.75000000,USDT,SIM-001,MARGIN,USDT,[],False,{}
106609.75000000,0.00000000,106609.75000000,USDT,SIM-001,MARGIN,USDT,[],False,{}
106609.75000000,0.00000000,106609.75000000,USDT,SIM-001,MARGIN,USDT,[],False,{}
106553.78000000,0.00000000,106553.78000000,USDT,SIM-001,MARGIN,USDT,[],False,{}
106553.78000000,0.00000000,106553.78000000,USDT,SIM-001,MARGIN,USDT,[],False,{}
106553.78000000,0.00000000,106553.78000000,USDT,SIM-001,MARGIN,USDT,[],False,{}
106547.54000000,0.00000000,106547.54000000,USDT,SIM-001,MARGIN,USDT,[],False,{}
106547.54000000,0.00000000,106547.54000000,USDT,SIM-001,MARGIN,USDT,[],False,{}
106547.54000000,0.00000000,106547.54000000,USDT,SIM-001,MARGIN,USDT,[],False,{}
106547.54000000,0.00000000,106547.54000000,USDT,SIM-001,MARGIN,USDT,[],False,{}
106547.54000000,0.00000000,106547.54000000,USDT,SIM-001,MARGIN,USDT,[],False,{}
106547.54000000,0.00000000,106547.54000000,USDT,SIM-001,MARGIN,USDT,[],False,{}
106547.54000000,0.00000000,106547.54000000,USDT,SIM-001,MARGIN,USDT,[],False,{}
106547.54000000,0.00000000,106547.54000000,USDT,SIM-001,MARGIN,USDT,[],False,{}
106547.54000000,0.00000000,106547.54000000,USDT,SIM-001,MARGIN,USDT,[],False,{}
106631.99000000,0.00000000,106631.99000000,USDT,SIM-001,MARGIN,USDT,[],False,{}
106631.99000000,0.00000000,106631.99000000,USDT,SIM-001,MARGIN,USDT,[],False,{}
106631.99000000,0.00000000,106631.99000000,USDT,SIM-001,MARGIN,USDT,[],False,{}
106631.99000000,0.00000000,106631.99000000,USDT,SIM-001,MARGIN,USDT,[],False,{}
106631.99000000,0.00000000,106631.99000000,USDT,SIM-001,MARGIN,USDT,[],False,{}
106630.99000000,0.00000000,106630.99000000,USDT,SIM-001,MARGIN,USDT,[],False,{}
106630.99000000,0.00000000,106630.99000000,USDT,SIM-001,MARGIN,USDT,[],False,{}
106630.99000000,0.00000000,106630.99000000,USDT,SIM-001,MARGIN,USDT,[],False,{}
106629.99000000,0.00000000,106629.99000000,USDT,SIM-001,MARGIN,USDT,[],False,{}
106629.99000000,0.00000000,106629.99000000,USDT,SIM-001,MARGIN,USDT,[],False,{}
106629.99000000,0.00000000,106629.99000000,USDT,SIM-001,MARGIN,USDT,[],False,{}
106629.99000000,0.00000000,106629.99000000,USDT,SIM-001,MARGIN,USDT,[],False,{}
106629.99000000,0.00000000,106629.99000000,USDT,SIM-001,MARGIN,USDT,[],False,{}
106629.99000000,0.00000000,106629.99000000,USDT,SIM-001,MARGIN,USDT,[],False,{}
106629.99000000,0.00000000,106629.99000000,USDT,SIM-001,MARGIN,USDT,[],False,{}
106629.99000000,0.00000000,106629.99000000,USDT,SIM-001,MARGIN,USDT,[],False,{}
106629.99000000,0.00000000,106629.99000000,USDT,SIM-001,MARGIN,USDT,[],False,{}
106629.99000000,0.00000000,106629.99000000,USDT,SIM-001,MARGIN,USDT,[],False,{}
106629.99000000,0.00000000,106629.99000000,USDT,SIM-001,MARGIN,USDT,[],False,{}
106629.99000000,0.00000000,106629.99000000,USDT,SIM-001,MARGIN,USDT,[],False,{}
106629.99000000,0.00000000,106629.99000000,USDT,SIM-001,MARGIN,USDT,[],False,{}
106542.34000000,0.00000000,106542.34000000,USDT,SIM-001,MARGIN,USDT,[],False,{}
106542.34000000,0.00000000,106542.34000000,USDT,SIM-001,MARGIN,USDT,[],False,{}
106542.34000000,0.00000000,106542.34000000,USDT,SIM-001,MARGIN,USDT,[],False,{}
106542.34000000,0.00000000,106542.34000000,USDT,SIM-001,MARGIN,USDT,[],False,{}
106542.34000000,0.00000000,106542.34000000,USDT,SIM-001,MARGIN,USDT,[],False,{}
106542.34000000,0.00000000,106542.34000000,USDT,SIM-001,MARGIN,USDT,[],False,{}
106542.34000000,0.00000000,106542.34000000,USDT,SIM-001,MARGIN,USDT,[],False,{}
106542.34000000,0.00000000,106542.34000000,USDT,SIM-001,MARGIN,USDT,[],False,{}
106542.34000000,0.00000000,106542.34000000,USDT,SIM-001,MARGIN,USDT,[],False,{}
106542.34000000,0.00000000,106542.34000000,USDT,SIM-001,MARGIN,USDT,[],False,{}
106542.34000000,0.00000000,106542.34000000,USDT,SIM-001,MARGIN,USDT,[],False,{}
106542.34000000,0.00000000,106542.34000000,USDT,SIM-001,MARGIN,USDT,[],False,{}
106409.76000000,0.00000000,106409.76000000,USDT,SIM-001,MARGIN,USDT,[],False,{}
106409.76000000,0.00000000,106409.76000000,USDT,SIM-001,MARGIN,USDT,[],False,{}
106409.76000000,0.00000000,106409.76000000,USDT,SIM-001,MARGIN,USDT,[],False,{}
106403.14000000,0.00000000,106403.14000000,USDT,SIM-001,MARGIN,USDT,[],False,{}
106403.14000000,0.00000000,106403.14000000,USDT,SIM-001,MARGIN,USDT,[],False,{}
106403.14000000,0.00000000,106403.14000000,USDT,SIM-001,MARGIN,USDT,[],False,{}
106403.14000000,0.00000000,106403.14000000,USDT,SIM-001,MARGIN,USDT,[],False,{}
106403.14000000,0.00000000,106403.14000000,USDT,SIM-001,MARGIN,USDT,[],False,{}
106403.14000000,0.00000000,106403.14000000,USDT,SIM-001,MARGIN,USDT,[],False,{}
106403.14000000,0.00000000,106403.14000000,USDT,SIM-001,MARGIN,USDT,[],False,{}
106403.14000000,0.00000000,106403.14000000,USDT,SIM-001,MARGIN,USDT,[],False,{}
106403.14000000,0.00000000,106403.14000000,USDT,SIM-001,MARGIN,USDT,[],False,{}
106403.14000000,0.00000000,106403.14000000,USDT,SIM-001,MARGIN,USDT,[],False,{}
106403.14000000,0.00000000,106403.14000000,USDT,SIM-001,MARGIN,USDT,[],False,{}
106403.14000000,0.00000000,106403.14000000,USDT,SIM-001,MARGIN,USDT,[],False,{}
106403.14000000,0.00000000,106403.14000000,USDT,SIM-001,MARGIN,USDT,[],False,{}
106403.14000000,0.00000000,106403.14000000,USDT,SIM-001,MARGIN,USDT,[],False,{}
106402.14000000,0.00000000,106402.14000000,USDT,SIM-001,MARGIN,USDT,[],False,{}
106402.14000000,0.00000000,106402.14000000,USDT,SIM-001,MARGIN,USDT,[],False,{}
106402.14000000,0.00000000,106402.14000000,USDT,SIM-001,MARGIN,USDT,[],False,{}
106401.14000000,0.00000000,106401.14000000,USDT,SIM-001,MARGIN,USDT,[],False,{}
106401.14000000,0.00000000,106401.14000000,USDT,SIM-001,MARGIN,USDT,[],False,{}
106401.14000000,0.00000000,106401.14000000,USDT,SIM-001,MARGIN,USDT,[],False,{}
106412.87000000,0.00000000,106412.87000000,USDT,SIM-001,MARGIN,USDT,[],False,{}
106424.60000000,0.00000000,106424.60000000,USDT,SIM-001,MARGIN,USDT,[],False,{}
106435.86000000,0.00000000,106435.86000000,USDT,SIM-001,MARGIN,USDT,[],False,{}
106435.86000000,0.00000000,106435.86000000,USDT,SIM-001,MARGIN,USDT,[],False,{}
106434.86000000,0.00000000,106434.86000000,USDT,SIM-001,MARGIN,USDT,[],False,{}
106433.86000000,0.00000000,106433.86000000,USDT,SIM-001,MARGIN,USDT,[],False,{}
106432.86000000,0.00000000,106432.86000000,USDT,SIM-001,MARGIN,USDT,[],False,{}
106432.86000000,0.00000000,106432.86000000,USDT,SIM-001,MARGIN,USDT,[],False,{}
106432.86000000,0.00000000,106432.86000000,USDT,SIM-001,MARGIN,USDT,[],False,{}
106432.86000000,0.00000000,106432.86000000,USDT,SIM-001,MARGIN,USDT,[],False,{}
106432.86000000,0.00000000,106432.86000000,USDT,SIM-001,MARGIN,USDT,[],False,{}
106445.63000000,0.00000000,106445.63000000,USDT,SIM-001,MARGIN,USDT,[],False,{}
106445.63000000,0.00000000,106445.63000000,USDT,SIM-001,MARGIN,USDT,[],False,{}
106445.63000000,0.00000000,106445.63000000,USDT,SIM-001,MARGIN,USDT,[],False,{}
106470.77000000,0.00000000,106470.77000000,USDT,SIM-001,MARGIN,USDT,[],False,{}
106470.77000000,0.00000000,106470.77000000,USDT,SIM-001,MARGIN,USDT,[],False,{}
106470.77000000,0.00000000,106470.77000000,USDT,SIM-001,MARGIN,USDT,[],False,{}
106469.77000000,0.00000000,106469.77000000,USDT,SIM-001,MARGIN,USDT,[],False,{}
106468.77000000,0.00000000,106468.77000000,USDT,SIM-001,MARGIN,USDT,[],False,{}
106467.77000000,0.00000000,106467.77000000,USDT,SIM-001,MARGIN,USDT,[],False,{}
106466.77000000,0.00000000,106466.77000000,USDT,SIM-001,MARGIN,USDT,[],False,{}
106465.77000000,0.00000000,106465.77000000,USDT,SIM-001,MARGIN,USDT,[],False,{}
106464.77000000,0.00000000,106464.77000000,USDT,SIM-001,MARGIN,USDT,[],False,{}
106464.77000000,0.00000000,106464.77000000,USDT,SIM-001,MARGIN,USDT,[],False,{}
106464.77000000,0.00000000,106464.77000000,USDT,SIM-001,MARGIN,USDT,[],False,{}
106445.84000000,0.00000000,106445.84000000,USDT,SIM-001,MARGIN,USDT,[],False,{}
106455.51000000,0.00000000,106455.51000000,USDT,SIM-001,MARGIN,USDT,[],False,{}
106455.51000000,0.00000000,106455.51000000,USDT,SIM-001,MARGIN,USDT,[],False,{}
106455.51000000,0.00000000,106455.51000000,USDT,SIM-001,MARGIN,USDT,[],False,{}
106477.96000000,0.00000000,106477.96000000,USDT,SIM-001,MARGIN,USDT,[],False,{}
106517.76000000,0.00000000,106517.76000000,USDT,SIM-001,MARGIN,USDT,[],False,{}
106517.76000000,0.00000000,106517.76000000,USDT,SIM-001,MARGIN,USDT,[],False,{}
106517.76000000,0.00000000,106517.76000000,USDT,SIM-001,MARGIN,USDT,[],False,{}
106517.76000000,0.00000000,106517.76000000,USDT,SIM-001,MARGIN,USDT,[],False,{}
106517.76000000,0.00000000,106517.76000000,USDT,SIM-001,MARGIN,USDT,[],False,{}
106588.13000000,0.00000000,106588.13000000,USDT,SIM-001,MARGIN,USDT,[],False,{}
106588.13000000,0.00000000,106588.13000000,USDT,SIM-001,MARGIN,USDT,[],False,{}
106588.13000000,0.00000000,106588.13000000,USDT,SIM-001,MARGIN,USDT,[],False,{}
106687.08000000,0.00000000,106687.08000000,USDT,SIM-001,MARGIN,USDT,[],False,{}
106687.08000000,0.00000000,106687.08000000,USDT,SIM-001,MARGIN,USDT,[],False,{}
106687.08000000,0.00000000,106687.08000000,USDT,SIM-001,MARGIN,USDT,[],False,{}
106687.08000000,0.00000000,106687.08000000,USDT,SIM-001,MARGIN,USDT,[],False,{}
106687.08000000,0.00000000,106687.08000000,USDT,SIM-001,MARGIN,USDT,[],False,{}
106687.08000000,0.00000000,106687.08000000,USDT,SIM-001,MARGIN,USDT,[],False,{}
106687.08000000,0.00000000,106687.08000000,USDT,SIM-001,MARGIN,USDT,[],False,{}
106687.08000000,0.00000000,106687.08000000,USDT,SIM-001,MARGIN,USDT,[],False,{}
106687.08000000,0.00000000,106687.08000000,USDT,SIM-001,MARGIN,USDT,[],False,{}
106687.08000000,0.00000000,106687.08000000,USDT,SIM-001,MARGIN,USDT,[],False,{}
106687.08000000,0.00000000,106687.08000000,USDT,SIM-001,MARGIN,USDT,[],False,{}
106687.08000000,0.00000000,106687.08000000,USDT,SIM-001,MARGIN,USDT,[],False,{}
106687.08000000,0.00000000,106687.08000000,USDT,SIM-001,MARGIN,USDT,[],False,{}
106686.08000000,0.00000000,106686.08000000,USDT,SIM-001,MARGIN,USDT,[],False,{}
106686.08000000,0.00000000,106686.08000000,USDT,SIM-001,MARGIN,USDT,[],False,{}
106686.08000000,0.00000000,106686.08000000,USDT,SIM-001,MARGIN,USDT,[],False,{}
106685.08000000,0.00000000,106685.08000000,USDT,SIM-001,MARGIN,USDT,[],False,{}
106685.08000000,0.00000000,106685.08000000,USDT,SIM-001,MARGIN,USDT,[],False,{}
106685.08000000,0.00000000,106685.08000000,USDT,SIM-001,MARGIN,USDT,[],False,{}
106747.23000000,0.00000000,106747.23000000,USDT,SIM-001,MARGIN,USDT,[],False,{}
106809.38000000,0.00000000,106809.38000000,USDT,SIM-001,MARGIN,USDT,[],False,{}
106868.14000000,0.00000000,106868.14000000,USDT,SIM-001,MARGIN,USDT,[],False,{}
106868.14000000,0.00000000,106868.14000000,USDT,SIM-001,MARGIN,USDT,[],False,{}
106868.14000000,0.00000000,106868.14000000,USDT,SIM-001,MARGIN,USDT,[],False,{}
106868.14000000,0.00000000,106868.14000000,USDT,SIM-001,MARGIN,USDT,[],False,{}
106868.14000000,0.00000000,106868.14000000,USDT,SIM-001,MARGIN,USDT,[],False,{}
106868.14000000,0.00000000,106868.14000000,USDT,SIM-001,MARGIN,USDT,[],False,{}
106868.14000000,0.00000000,106868.14000000,USDT,SIM-001,MARGIN,USDT,[],False,{}
106868.14000000,0.00000000,106868.14000000,USDT,SIM-001,MARGIN,USDT,[],False,{}
106868.14000000,0.00000000,106868.14000000,USDT,SIM-001,MARGIN,USDT,[],False,{}
106871.10000000,0.00000000,106871.10000000,USDT,SIM-001,MARGIN,USDT,[],False,{}
106871.10000000,0.00000000,106871.10000000,USDT,SIM-001,MARGIN,USDT,[],False,{}
106871.10000000,0.00000000,106871.10000000,USDT,SIM-001,MARGIN,USDT,[],False,{}
106871.10000000,0.00000000,106871.10000000,USDT,SIM-001,MARGIN,USDT,[],False,{}
106890.17000000,0.00000000,106890.17000000,USDT,SIM-001,MARGIN,USDT,[],False,{}
106890.17000000,0.00000000,106890.17000000,USDT,SIM-001,MARGIN,USDT,[],False,{}
106889.17000000,0.00000000,106889.17000000,USDT,SIM-001,MARGIN,USDT,[],False,{}
106889.17000000,0.00000000,106889.17000000,USDT,SIM-001,MARGIN,USDT,[],False,{}
106888.17000000,0.00000000,106888.17000000,USDT,SIM-001,MARGIN,USDT,[],False,{}
106887.17000000,0.00000000,106887.17000000,USDT,SIM-001,MARGIN,USDT,[],False,{}
106887.17000000,0.00000000,106887.17000000,USDT,SIM-001,MARGIN,USDT,[],False,{}
106924.87000000,0.00000000,106924.87000000,USDT,SIM-001,MARGIN,USDT,[],False,{}
106962.57000000,0.00000000,106962.57000000,USDT,SIM-001,MARGIN,USDT,[],False,{}
107000.27000000,0.00000000,107000.27000000,USDT,SIM-001,MARGIN,USDT,[],False,{}
107000.27000000,0.00000000,107000.27000000,USDT,SIM-001,MARGIN,USDT,[],False,{}
107000.27000000,0.00000000,107000.27000000,USDT,SIM-001,MARGIN,USDT,[],False,{}
107000.27000000,0.00000000,107000.27000000,USDT,SIM-001,MARGIN,USDT,[],False,{}
107000.27000000,0.00000000,107000.27000000,USDT,SIM-001,MARGIN,USDT,[],False,{}
106999.27000000,0.00000000,106999.27000000,USDT,SIM-001,MARGIN,USDT,[],False,{}
106999.27000000,0.00000000,106999.27000000,USDT,SIM-001,MARGIN,USDT,[],False,{}
106999.27000000,0.00000000,106999.27000000,USDT,SIM-001,MARGIN,USDT,[],False,{}
106998.27000000,0.00000000,106998.27000000,USDT,SIM-001,MARGIN,USDT,[],False,{}
106998.27000000,0.00000000,106998.27000000,USDT,SIM-001,MARGIN,USDT,[],False,{}
106998.27000000,0.00000000,106998.27000000,USDT,SIM-001,MARGIN,USDT,[],False,{}
107040.29000000,0.00000000,107040.29000000,USDT,SIM-001,MARGIN,USDT,[],False,{}
107082.31000000,0.00000000,107082.31000000,USDT,SIM-001,MARGIN,USDT,[],False,{}
107085.60000000,0.00000000,107085.60000000,USDT,SIM-001,MARGIN,USDT,[],False,{}
107085.60000000,0.00000000,107085.60000000,USDT,SIM-001,MARGIN,USDT,[],False,{}
107084.60000000,0.00000000,107084.60000000,USDT,SIM-001,MARGIN,USDT,[],False,{}
107083.60000000,0.00000000,107083.60000000,USDT,SIM-001,MARGIN,USDT,[],False,{}
107082.60000000,0.00000000,107082.60000000,USDT,SIM-001,MARGIN,USDT,[],False,{}
107082.60000000,0.00000000,107082.60000000,USDT,SIM-001,MARGIN,USDT,[],False,{}
107082.60000000,0.00000000,107082.60000000,USDT,SIM-001,MARGIN,USDT,[],False,{}
107082.60000000,0.00000000,107082.60000000,USDT,SIM-001,MARGIN,USDT,[],False,{}
107082.60000000,0.00000000,107082.60000000,USDT,SIM-001,MARGIN,USDT,[],False,{}
107088.82000000,0.00000000,107088.82000000,USDT,SIM-001,MARGIN,USDT,[],False,{}
107088.82000000,0.00000000,107088.82000000,USDT,SIM-001,MARGIN,USDT,[],False,{}
107088.82000000,0.00000000,107088.82000000,USDT,SIM-001,MARGIN,USDT,[],False,{}
107087.82000000,0.00000000,107087.82000000,USDT,SIM-001,MARGIN,USDT,[],False,{}
107086.82000000,0.00000000,107086.82000000,USDT,SIM-001,MARGIN,USDT,[],False,{}
107086.82000000,0.00000000,107086.82000000,USDT,SIM-001,MARGIN,USDT,[],False,{}
107112.08000000,0.00000000,107112.08000000,USDT,SIM-001,MARGIN,USDT,[],False,{}
107137.34000000,0.00000000,107137.34000000,USDT,SIM-001,MARGIN,USDT,[],False,{}
107137.34000000,0.00000000,107137.34000000,USDT,SIM-001,MARGIN,USDT,[],False,{}
107137.34000000,0.00000000,107137.34000000,USDT,SIM-001,MARGIN,USDT,[],False,{}
107137.34000000,0.00000000,107137.34000000,USDT,SIM-001,MARGIN,USDT,[],False,{}
107137.34000000,0.00000000,107137.34000000,USDT,SIM-001,MARGIN,USDT,[],False,{}
107137.34000000,0.00000000,107137.34000000,USDT,SIM-001,MARGIN,USDT,[],False,{}
107137.34000000,0.00000000,107137.34000000,USDT,SIM-001,MARGIN,USDT,[],False,{}
107137.34000000,0.00000000,107137.34000000,USDT,SIM-001,MARGIN,USDT,[],False,{}
107137.34000000,0.00000000,107137.34000000,USDT,SIM-001,MARGIN,USDT,[],False,{}
107136.34000000,0.00000000,107136.34000000,USDT,SIM-001,MARGIN,USDT,[],False,{}
107136.34000000,0.00000000,107136.34000000,USDT,SIM-001,MARGIN,USDT,[],False,{}
107136.34000000,0.00000000,107136.34000000,USDT,SIM-001,MARGIN,USDT,[],False,{}
107135.34000000,0.00000000,107135.34000000,USDT,SIM-001,MARGIN,USDT,[],False,{}
107135.34000000,0.00000000,107135.34000000,USDT,SIM-001,MARGIN,USDT,[],False,{}
107135.34000000,0.00000000,107135.34000000,USDT,SIM-001,MARGIN,USDT,[],False,{}
107135.34000000,0.00000000,107135.34000000,USDT,SIM-001,MARGIN,USDT,[],False,{}
107135.34000000,0.00000000,107135.34000000,USDT,SIM-001,MARGIN,USDT,[],False,{}
107135.34000000,0.00000000,107135.34000000,USDT,SIM-001,MARGIN,USDT,[],False,{}
107135.34000000,0.00000000,107135.34000000,USDT,SIM-001,MARGIN,USDT,[],False,{}
107135.34000000,0.00000000,107135.34000000,USDT,SIM-001,MARGIN,USDT,[],False,{}
107135.34000000,0.00000000,107135.34000000,USDT,SIM-001,MARGIN,USDT,[],False,{}
107135.34000000,0.00000000,107135.34000000,USDT,SIM-001,MARGIN,USDT,[],False,{}
107135.34000000,0.00000000,107135.34000000,USDT,SIM-001,MARGIN,USDT,[],False,{}
107135.34000000,0.00000000,107135.34000000,USDT,SIM-001,MARGIN,USDT,[],False,{}
107135.34000000,0.00000000,107135.34000000,USDT,SIM-001,MARGIN,USDT,[],False,{}
107134.34000000,0.00000000,107134.34000000,USDT,SIM-001,MARGIN,USDT,[],False,{}
107134.34000000,0.00000000,107134.34000000,USDT,SIM-001,MARGIN,USDT,[],False,{}
107134.34000000,0.00000000,107134.34000000,USDT,SIM-001,MARGIN,USDT,[],False,{}
107133.34000000,0.00000000,107133.34000000,USDT,SIM-001,MARGIN,USDT,[],False,{}
107133.34000000,0.00000000,107133.34000000,USDT,SIM-001,MARGIN,USDT,[],False,{}
107133.34000000,0.00000000,107133.34000000,USDT,SIM-001,MARGIN,USDT,[],False,{}
107133.34000000,0.00000000,107133.34000000,USDT,SIM-001,MARGIN,USDT,[],False,{}
107133.34000000,0.00000000,107133.34000000,USDT,SIM-001,MARGIN,USDT,[],False,{}
107133.34000000,0.00000000,107133.34000000,USDT,SIM-001,MARGIN,USDT,[],False,{}
107133.34000000,0.00000000,107133.34000000,USDT,SIM-001,MARGIN,USDT,[],False,{}
107133.34000000,0.00000000,107133.34000000,USDT,SIM-001,MARGIN,USDT,[],False,{}
107133.34000000,0.00000000,107133.34000000,USDT,SIM-001,MARGIN,USDT,[],False,{}
107133.34000000,0.00000000,107133.34000000,USDT,SIM-001,MARGIN,USDT,[],False,{}
107133.34000000,0.00000000,107133.34000000,USDT,SIM-001,MARGIN,USDT,[],False,{}
107148.45000000,0.00000000,107148.45000000,USDT,SIM-001,MARGIN,USDT,[],False,{}
107168.81000000,0.00000000,107168.81000000,USDT,SIM-001,MARGIN,USDT,[],False,{}
107168.81000000,0.00000000,107168.81000000,USDT,SIM-001,MARGIN,USDT,[],False,{}
107168.81000000,0.00000000,107168.81000000,USDT,SIM-001,MARGIN,USDT,[],False,{}
107168.81000000,0.00000000,107168.81000000,USDT,SIM-001,MARGIN,USDT,[],False,{}
107168.81000000,0.00000000,107168.81000000,USDT,SIM-001,MARGIN,USDT,[],False,{}
107167.81000000,0.00000000,107167.81000000,USDT,SIM-001,MARGIN,USDT,[],False,{}
107167.81000000,0.00000000,107167.81000000,USDT,SIM-001,MARGIN,USDT,[],False,{}
107167.81000000,0.00000000,107167.81000000,USDT,SIM-001,MARGIN,USDT,[],False,{}
107167.61000000,0.00000000,107167.61000000,USDT,SIM-001,MARGIN,USDT,[],False,{}
107167.61000000,0.00000000,107167.61000000,USDT,SIM-001,MARGIN,USDT,[],False,{}
107167.61000000,0.00000000,107167.61000000,USDT,SIM-001,MARGIN,USDT,[],False,{}
107167.61000000,0.00000000,107167.61000000,USDT,SIM-001,MARGIN,USDT,[],False,{}
107167.61000000,0.00000000,107167.61000000,USDT,SIM-001,MARGIN,USDT,[],False,{}
107167.61000000,0.00000000,107167.61000000,USDT,SIM-001,MARGIN,USDT,[],False,{}
107167.61000000,0.00000000,107167.61000000,USDT,SIM-001,MARGIN,USDT,[],False,{}
107167.61000000,0.00000000,107167.61000000,USDT,SIM-001,MARGIN,USDT,[],False,{}
107167.61000000,0.00000000,107167.61000000,USDT,SIM-001,MARGIN,USDT,[],False,{}
106470.61000000,0.00000000,106470.61000000,USDT,SIM-001,MARGIN,USDT,[],False,{}
106470.61000000,0.00000000,106470.61000000,USDT,SIM-001,MARGIN,USDT,[],False,{}
106470.61000000,0.00000000,106470.61000000,USDT,SIM-001,MARGIN,USDT,[],False,{}
106470.61000000,0.00000000,106470.61000000,USDT,SIM-001,MARGIN,USDT,[],False,{}
106470.61000000,0.00000000,106470.61000000,USDT,SIM-001,MARGIN,USDT,[],False,{}
106469.61000000,0.00000000,106469.61000000,USDT,SIM-001,MARGIN,USDT,[],False,{}
106468.61000000,0.00000000,106468.61000000,USDT,SIM-001,MARGIN,USDT,[],False,{}
106468.61000000,0.00000000,106468.61000000,USDT,SIM-001,MARGIN,USDT,[],False,{}
106468.61000000,0.00000000,106468.61000000,USDT,SIM-001,MARGIN,USDT,[],False,{}
106468.61000000,0.00000000,106468.61000000,USDT,SIM-001,MARGIN,USDT,[],False,{}
106468.61000000,0.00000000,106468.61000000,USDT,SIM-001,MARGIN,USDT,[],False,{}
106468.61000000,0.00000000,106468.61000000,USDT,SIM-001,MARGIN,USDT,[],False,{}
106468.61000000,0.00000000,106468.61000000,USDT,SIM-001,MARGIN,USDT,[],False,{}
106270.13000000,0.00000000,106270.13000000,USDT,SIM-001,MARGIN,USDT,[],False,{}
106270.13000000,0.00000000,106270.13000000,USDT,SIM-001,MARGIN,USDT,[],False,{}
106270.13000000,0.00000000,106270.13000000,USDT,SIM-001,MARGIN,USDT,[],False,{}
106270.13000000,0.00000000,106270.13000000,USDT,SIM-001,MARGIN,USDT,[],False,{}
106270.13000000,0.00000000,106270.13000000,USDT,SIM-001,MARGIN,USDT,[],False,{}
106269.13000000,0.00000000,106269.13000000,USDT,SIM-001,MARGIN,USDT,[],False,{}
106269.13000000,0.00000000,106269.13000000,USDT,SIM-001,MARGIN,USDT,[],False,{}
106269.13000000,0.00000000,106269.13000000,USDT,SIM-001,MARGIN,USDT,[],False,{}
106309.37000000,0.00000000,106309.37000000,USDT,SIM-001,MARGIN,USDT,[],False,{}
106309.37000000,0.00000000,106309.37000000,USDT,SIM-001,MARGIN,USDT,[],False,{}
106308.37000000,0.00000000,106308.37000000,USDT,SIM-001,MARGIN,USDT,[],False,{}
106308.37000000,0.00000000,106308.37000000,USDT,SIM-001,MARGIN,USDT,[],False,{}
106307.57000000,0.00000000,106307.57000000,USDT,SIM-001,MARGIN,USDT,[],False,{}
106306.57000000,0.00000000,106306.57000000,USDT,SIM-001,MARGIN,USDT,[],False,{}
106306.57000000,0.00000000,106306.57000000,USDT,SIM-001,MARGIN,USDT,[],False,{}
106306.57000000,0.00000000,106306.57000000,USDT,SIM-001,MARGIN,USDT,[],False,{}
106306.57000000,0.00000000,106306.57000000,USDT,SIM-001,MARGIN,USDT,[],False,{}
106306.57000000,0.00000000,106306.57000000,USDT,SIM-001,MARGIN,USDT,[],False,{}
106306.57000000,0.00000000,106306.57000000,USDT,SIM-001,MARGIN,USDT,[],False,{}
106306.57000000,0.00000000,106306.57000000,USDT,SIM-001,MARGIN,USDT,[],False,{}
106306.57000000,0.00000000,106306.57000000,USDT,SIM-001,MARGIN,USDT,[],False,{}
106306.57000000,0.00000000,106306.57000000,USDT,SIM-001,MARGIN,USDT,[],False,{}
106376.77000000,0.00000000,106376.77000000,USDT,SIM-001,MARGIN,USDT,[],False,{}
106376.77000000,0.00000000,106376.77000000,USDT,SIM-001,MARGIN,USDT,[],False,{}
106376.77000000,0.00000000,106376.77000000,USDT,SIM-001,MARGIN,USDT,[],False,{}
106469.88000000,0.00000000,106469.88000000,USDT,SIM-001,MARGIN,USDT,[],False,{}
106469.88000000,0.00000000,106469.88000000,USDT,SIM-001,MARGIN,USDT,[],False,{}
106469.88000000,0.00000000,106469.88000000,USDT,SIM-001,MARGIN,USDT,[],False,{}
106469.88000000,0.00000000,106469.88000000,USDT,SIM-001,MARGIN,USDT,[],False,{}
106469.88000000,0.00000000,106469.88000000,USDT,SIM-001,MARGIN,USDT,[],False,{}
106469.88000000,0.00000000,106469.88000000,USDT,SIM-001,MARGIN,USDT,[],False,{}
106469.88000000,0.00000000,106469.88000000,USDT,SIM-001,MARGIN,USDT,[],False,{}
106469.88000000,0.00000000,106469.88000000,USDT,SIM-001,MARGIN,USDT,[],False,{}
106469.88000000,0.00000000,106469.88000000,USDT,SIM-001,MARGIN,USDT,[],False,{}
106469.88000000,0.00000000,106469.88000000,USDT,SIM-001,MARGIN,USDT,[],False,{}
106469.88000000,0.00000000,106469.88000000,USDT,SIM-001,MARGIN,USDT,[],False,{}
106469.88000000,0.00000000,106469.88000000,USDT,SIM-001,MARGIN,USDT,[],False,{}
106469.88000000,0.00000000,106469.88000000,USDT,SIM-001,MARGIN,USDT,[],False,{}
106535.50000000,0.00000000,106535.50000000,USDT,SIM-001,MARGIN,USDT,[],False,{}
106535.50000000,0.00000000,106535.50000000,USDT,SIM-001,MARGIN,USDT,[],False,{}
106534.50000000,0.00000000,106534.50000000,USDT,SIM-001,MARGIN,USDT,[],False,{}
106534.50000000,0.00000000,106534.50000000,USDT,SIM-001,MARGIN,USDT,[],False,{}
106534.50000000,0.00000000,106534.50000000,USDT,SIM-001,MARGIN,USDT,[],False,{}
106564.43000000,0.00000000,106564.43000000,USDT,SIM-001,MARGIN,USDT,[],False,{}
106567.55000000,0.00000000,106567.55000000,USDT,SIM-001,MARGIN,USDT,[],False,{}
106567.55000000,0.00000000,106567.55000000,USDT,SIM-001,MARGIN,USDT,[],False,{}
106566.55000000,0.00000000,106566.55000000,USDT,SIM-001,MARGIN,USDT,[],False,{}
106565.55000000,0.00000000,106565.55000000,USDT,SIM-001,MARGIN,USDT,[],False,{}
106565.55000000,0.00000000,106565.55000000,USDT,SIM-001,MARGIN,USDT,[],False,{}
106565.55000000,0.00000000,106565.55000000,USDT,SIM-001,MARGIN,USDT,[],False,{}
106565.55000000,0.00000000,106565.55000000,USDT,SIM-001,MARGIN,USDT,[],False,{}
106565.55000000,0.00000000,106565.55000000,USDT,SIM-001,MARGIN,USDT,[],False,{}
106567.44000000,0.00000000,106567.44000000,USDT,SIM-001,MARGIN,USDT,[],False,{}
106567.44000000,0.00000000,106567.44000000,USDT,SIM-001,MARGIN,USDT,[],False,{}
106567.44000000,0.00000000,106567.44000000,USDT,SIM-001,MARGIN,USDT,[],False,{}
106567.44000000,0.00000000,106567.44000000,USDT,SIM-001,MARGIN,USDT,[],False,{}
106567.44000000,0.00000000,106567.44000000,USDT,SIM-001,MARGIN,USDT,[],False,{}
106567.44000000,0.00000000,106567.44000000,USDT,SIM-001,MARGIN,USDT,[],False,{}
106567.44000000,0.00000000,106567.44000000,USDT,SIM-001,MARGIN,USDT,[],False,{}
106567.44000000,0.00000000,106567.44000000,USDT,SIM-001,MARGIN,USDT,[],False,{}
106567.44000000,0.00000000,106567.44000000,USDT,SIM-001,MARGIN,USDT,[],False,{}
106567.44000000,0.00000000,106567.44000000,USDT,SIM-001,MARGIN,USDT,[],False,{}
106567.44000000,0.00000000,106567.44000000,USDT,SIM-001,MARGIN,USDT,[],False,{}
106567.44000000,0.00000000,106567.44000000,USDT,SIM-001,MARGIN,USDT,[],False,{}
106567.55000000,0.00000000,106567.55000000,USDT,SIM-001,MARGIN,USDT,[],False,{}
106567.55000000,0.00000000,106567.55000000,USDT,SIM-001,MARGIN,USDT,[],False,{}
106567.55000000,0.00000000,106567.55000000,USDT,SIM-001,MARGIN,USDT,[],False,{}
106572.77000000,0.00000000,106572.77000000,USDT,SIM-001,MARGIN,USDT,[],False,{}
106572.77000000,0.00000000,106572.77000000,USDT,SIM-001,MARGIN,USDT,[],False,{}
106572.77000000,0.00000000,106572.77000000,USDT,SIM-001,MARGIN,USDT,[],False,{}
106572.77000000,0.00000000,106572.77000000,USDT,SIM-001,MARGIN,USDT,[],False,{}
106572.77000000,0.00000000,106572.77000000,USDT,SIM-001,MARGIN,USDT,[],False,{}
106572.77000000,0.00000000,106572.77000000,USDT,SIM-001,MARGIN,USDT,[],False,{}
106572.77000000,0.00000000,106572.77000000,USDT,SIM-001,MARGIN,USDT,[],False,{}
106572.77000000,0.00000000,106572.77000000,USDT,SIM-001,MARGIN,USDT,[],False,{}
106572.77000000,0.00000000,106572.77000000,USDT,SIM-001,MARGIN,USDT,[],False,{}
106572.77000000,0.00000000,106572.77000000,USDT,SIM-001,MARGIN,USDT,[],False,{}
106572.77000000,0.00000000,106572.77000000,USDT,SIM-001,MARGIN,USDT,[],False,{}
106572.77000000,0.00000000,106572.77000000,USDT,SIM-001,MARGIN,USDT,[],False,{}
106572.77000000,0.00000000,106572.77000000,USDT,SIM-001,MARGIN,USDT,[],False,{}
106572.77000000,0.00000000,106572.77000000,USDT,SIM-001,MARGIN,USDT,[],False,{}
106568.32000000,0.00000000,106568.32000000,USDT,SIM-001,MARGIN,USDT,[],False,{}
106568.32000000,0.00000000,106568.32000000,USDT,SIM-001,MARGIN,USDT,[],False,{}
106568.32000000,0.00000000,106568.32000000,USDT,SIM-001,MARGIN,USDT,[],False,{}
106568.32000000,0.00000000,106568.32000000,USDT,SIM-001,MARGIN,USDT,[],False,{}
106593.78000000,0.00000000,106593.78000000,USDT,SIM-001,MARGIN,USDT,[],False,{}
106593.78000000,0.00000000,106593.78000000,USDT,SIM-001,MARGIN,USDT,[],False,{}
106592.78000000,0.00000000,106592.78000000,USDT,SIM-001,MARGIN,USDT,[],False,{}
106592.78000000,0.00000000,106592.78000000,USDT,SIM-001,MARGIN,USDT,[],False,{}
106592.45000000,0.00000000,106592.45000000,USDT,SIM-001,MARGIN,USDT,[],False,{}
106592.02000000,0.00000000,106592.02000000,USDT,SIM-001,MARGIN,USDT,[],False,{}
106592.02000000,0.00000000,106592.02000000,USDT,SIM-001,MARGIN,USDT,[],False,{}
106592.02000000,0.00000000,106592.02000000,USDT,SIM-001,MARGIN,USDT,[],False,{}
106592.02000000,0.00000000,106592.02000000,USDT,SIM-001,MARGIN,USDT,[],False,{}
106592.02000000,0.00000000,106592.02000000,USDT,SIM-001,MARGIN,USDT,[],False,{}
106592.02000000,0.00000000,106592.02000000,USDT,SIM-001,MARGIN,USDT,[],False,{}
106592.02000000,0.00000000,106592.02000000,USDT,SIM-001,MARGIN,USDT,[],False,{}
106592.02000000,0.00000000,106592.02000000,USDT,SIM-001,MARGIN,USDT,[],False,{}
106592.02000000,0.00000000,106592.02000000,USDT,SIM-001,MARGIN,USDT,[],False,{}
106560.97000000,0.00000000,106560.97000000,USDT,SIM-001,MARGIN,USDT,[],False,{}
106560.97000000,0.00000000,106560.97000000,USDT,SIM-001,MARGIN,USDT,[],False,{}
106560.97000000,0.00000000,106560.97000000,USDT,SIM-001,MARGIN,USDT,[],False,{}
106560.97000000,0.00000000,106560.97000000,USDT,SIM-001,MARGIN,USDT,[],False,{}
106560.97000000,0.00000000,106560.97000000,USDT,SIM-001,MARGIN,USDT,[],False,{}
106560.97000000,0.00000000,106560.97000000,USDT,SIM-001,MARGIN,USDT,[],False,{}
106560.97000000,0.00000000,106560.97000000,USDT,SIM-001,MARGIN,USDT,[],False,{}
106560.97000000,0.00000000,106560.97000000,USDT,SIM-001,MARGIN,USDT,[],False,{}
106560.97000000,0.00000000,106560.97000000,USDT,SIM-001,MARGIN,USDT,[],False,{}
106560.97000000,0.00000000,106560.97000000,USDT,SIM-001,MARGIN,USDT,[],False,{}
106560.97000000,0.00000000,106560.97000000,USDT,SIM-001,MARGIN,USDT,[],False,{}
106560.97000000,0.00000000,106560.97000000,USDT,SIM-001,MARGIN,USDT,[],False,{}
106559.97000000,0.00000000,106559.97000000,USDT,SIM-001,MARGIN,USDT,[],False,{}
106559.97000000,0.00000000,106559.97000000,USDT,SIM-001,MARGIN,USDT,[],False,{}
106559.97000000,0.00000000,106559.97000000,USDT,SIM-001,MARGIN,USDT,[],False,{}
106558.97000000,0.00000000,106558.97000000,USDT,SIM-001,MARGIN,USDT,[],False,{}
106558.97000000,0.00000000,106558.97000000,USDT,SIM-001,MARGIN,USDT,[],False,{}
106558.97000000,0.00000000,106558.97000000,USDT,SIM-001,MARGIN,USDT,[],False,{}
106558.97000000,0.00000000,106558.97000000,USDT,SIM-001,MARGIN,USDT,[],False,{}
106558.97000000,0.00000000,106558.97000000,USDT,SIM-001,MARGIN,USDT,[],False,{}
106558.97000000,0.00000000,106558.97000000,USDT,SIM-001,MARGIN,USDT,[],False,{}
106558.97000000,0.00000000,106558.97000000,USDT,SIM-001,MARGIN,USDT,[],False,{}
106558.97000000,0.00000000,106558.97000000,USDT,SIM-001,MARGIN,USDT,[],False,{}
106558.97000000,0.00000000,106558.97000000,USDT,SIM-001,MARGIN,USDT,[],False,{}
106558.97000000,0.00000000,106558.97000000,USDT,SIM-001,MARGIN,USDT,[],False,{}
106558.97000000,0.00000000,106558.97000000,USDT,SIM-001,MARGIN,USDT,[],False,{}
106558.97000000,0.00000000,106558.97000000,USDT,SIM-001,MARGIN,USDT,[],False,{}
106558.97000000,0.00000000,106558.97000000,USDT,SIM-001,MARGIN,USDT,[],False,{}
106558.97000000,0.00000000,106558.97000000,USDT,SIM-001,MARGIN,USDT,[],False,{}
106558.97000000,0.00000000,106558.97000000,USDT,SIM-001,MARGIN,USDT,[],False,{}
106558.97000000,0.00000000,106558.97000000,USDT,SIM-001,MARGIN,USDT,[],False,{}
106558.97000000,0.00000000,106558.97000000,USDT,SIM-001,MARGIN,USDT,[],False,{}
106558.97000000,0.00000000,106558.97000000,USDT,SIM-001,MARGIN,USDT,[],False,{}
106558.97000000,0.00000000,106558.97000000,USDT,SIM-001,MARGIN,USDT,[],False,{}
106558.97000000,0.00000000,106558.97000000,USDT,SIM-001,MARGIN,USDT,[],False,{}
106558.97000000,0.00000000,106558.97000000,USDT,SIM-001,MARGIN,USDT,[],False,{}
106478.45000000,0.00000000,106478.45000000,USDT,SIM-001,MARGIN,USDT,[],False,{}
106478.45000000,0.00000000,106478.45000000,USDT,SIM-001,MARGIN,USDT,[],False,{}
106478.45000000,0.00000000,106478.45000000,USDT,SIM-001,MARGIN,USDT,[],False,{}
106407.19000000,0.00000000,106407.19000000,USDT,SIM-001,MARGIN,USDT,[],False,{}
106407.19000000,0.00000000,106407.19000000,USDT,SIM-001,MARGIN,USDT,[],False,{}
106407.19000000,0.00000000,106407.19000000,USDT,SIM-001,MARGIN,USDT,[],False,{}
106406.19000000,0.00000000,106406.19000000,USDT,SIM-001,MARGIN,USDT,[],False,{}
106405.19000000,0.00000000,106405.19000000,USDT,SIM-001,MARGIN,USDT,[],False,{}
106404.19000000,0.00000000,106404.19000000,USDT,SIM-001,MARGIN,USDT,[],False,{}
106403.19000000,0.00000000,106403.19000000,USDT,SIM-001,MARGIN,USDT,[],False,{}
106402.19000000,0.00000000,106402.19000000,USDT,SIM-001,MARGIN,USDT,[],False,{}
106401.19000000,0.00000000,106401.19000000,USDT,SIM-001,MARGIN,USDT,[],False,{}
106401.19000000,0.00000000,106401.19000000,USDT,SIM-001,MARGIN,USDT,[],False,{}
106401.19000000,0.00000000,106401.19000000,USDT,SIM-001,MARGIN,USDT,[],False,{}
106401.19000000,0.00000000,106401.19000000,USDT,SIM-001,MARGIN,USDT,[],False,{}
106401.19000000,0.00000000,106401.19000000,USDT,SIM-001,MARGIN,USDT,[],False,{}
106401.19000000,0.00000000,106401.19000000,USDT,SIM-001,MARGIN,USDT,[],False,{}
106401.19000000,0.00000000,106401.19000000,USDT,SIM-001,MARGIN,USDT,[],False,{}
106282.37000000,0.00000000,106282.37000000,USDT,SIM-001,MARGIN,USDT,[],False,{}
106178.82000000,0.00000000,106178.82000000,USDT,SIM-001,MARGIN,USDT,[],False,{}
106178.82000000,0.00000000,106178.82000000,USDT,SIM-001,MARGIN,USDT,[],False,{}
106178.82000000,0.00000000,106178.82000000,USDT,SIM-001,MARGIN,USDT,[],False,{}
106137.73000000,0.00000000,106137.73000000,USDT,SIM-001,MARGIN,USDT,[],False,{}
106135.71000000,0.00000000,106135.71000000,USDT,SIM-001,MARGIN,USDT,[],False,{}
106135.71000000,0.00000000,106135.71000000,USDT,SIM-001,MARGIN,USDT,[],False,{}
106135.71000000,0.00000000,106135.71000000,USDT,SIM-001,MARGIN,USDT,[],False,{}
106135.71000000,0.00000000,106135.71000000,USDT,SIM-001,MARGIN,USDT,[],False,{}
106135.71000000,0.00000000,106135.71000000,USDT,SIM-001,MARGIN,USDT,[],False,{}
106083.40000000,0.00000000,106083.40000000,USDT,SIM-001,MARGIN,USDT,[],False,{}
106083.40000000,0.00000000,106083.40000000,USDT,SIM-001,MARGIN,USDT,[],False,{}
106083.40000000,0.00000000,106083.40000000,USDT,SIM-001,MARGIN,USDT,[],False,{}
106042.41000000,0.00000000,106042.41000000,USDT,SIM-001,MARGIN,USDT,[],False,{}
106042.41000000,0.00000000,106042.41000000,USDT,SIM-001,MARGIN,USDT,[],False,{}
106042.41000000,0.00000000,106042.41000000,USDT,SIM-001,MARGIN,USDT,[],False,{}
106042.41000000,0.00000000,106042.41000000,USDT,SIM-001,MARGIN,USDT,[],False,{}
106042.41000000,0.00000000,106042.41000000,USDT,SIM-001,MARGIN,USDT,[],False,{}
106042.41000000,0.00000000,106042.41000000,USDT,SIM-001,MARGIN,USDT,[],False,{}
106042.41000000,0.00000000,106042.41000000,USDT,SIM-001,MARGIN,USDT,[],False,{}
106042.41000000,0.00000000,106042.41000000,USDT,SIM-001,MARGIN,USDT,[],False,{}
106042.41000000,0.00000000,106042.41000000,USDT,SIM-001,MARGIN,USDT,[],False,{}
106042.41000000,0.00000000,106042.41000000,USDT,SIM-001,MARGIN,USDT,[],False,{}
106042.41000000,0.00000000,106042.41000000,USDT,SIM-001,MARGIN,USDT,[],False,{}
106042.41000000,0.00000000,106042.41000000,USDT,SIM-001,MARGIN,USDT,[],False,{}
106042.41000000,0.00000000,106042.41000000,USDT,SIM-001,MARGIN,USDT,[],False,{}
106041.41000000,0.00000000,106041.41000000,USDT,SIM-001,MARGIN,USDT,[],False,{}
106041.41000000,0.00000000,106041.41000000,USDT,SIM-001,MARGIN,USDT,[],False,{}
106041.41000000,0.00000000,106041.41000000,USDT,SIM-001,MARGIN,USDT,[],False,{}
106059.57000000,0.00000000,106059.57000000,USDT,SIM-001,MARGIN,USDT,[],False,{}
106077.73000000,0.00000000,106077.73000000,USDT,SIM-001,MARGIN,USDT,[],False,{}
106077.73000000,0.00000000,106077.73000000,USDT,SIM-001,MARGIN,USDT,[],False,{}
106102.39000000,0.00000000,106102.39000000,USDT,SIM-001,MARGIN,USDT,[],False,{}
106102.39000000,0.00000000,106102.39000000,USDT,SIM-001,MARGIN,USDT,[],False,{}
106101.39000000,0.00000000,106101.39000000,USDT,SIM-001,MARGIN,USDT,[],False,{}
106101.39000000,0.00000000,106101.39000000,USDT,SIM-001,MARGIN,USDT,[],False,{}
106101.39000000,0.00000000,106101.39000000,USDT,SIM-001,MARGIN,USDT,[],False,{}
106101.39000000,0.00000000,106101.39000000,USDT,SIM-001,MARGIN,USDT,[],False,{}
106101.39000000,0.00000000,106101.39000000,USDT,SIM-001,MARGIN,USDT,[],False,{}
106101.39000000,0.00000000,106101.39000000,USDT,SIM-001,MARGIN,USDT,[],False,{}
106101.39000000,0.00000000,106101.39000000,USDT,SIM-001,MARGIN,USDT,[],False,{}
106101.39000000,0.00000000,106101.39000000,USDT,SIM-001,MARGIN,USDT,[],False,{}
106101.39000000,0.00000000,106101.39000000,USDT,SIM-001,MARGIN,USDT,[],False,{}
106100.39000000,0.00000000,106100.39000000,USDT,SIM-001,MARGIN,USDT,[],False,{}
106100.39000000,0.00000000,106100.39000000,USDT,SIM-001,MARGIN,USDT,[],False,{}
106100.39000000,0.00000000,106100.39000000,USDT,SIM-001,MARGIN,USDT,[],False,{}
106099.39000000,0.00000000,106099.39000000,USDT,SIM-001,MARGIN,USDT,[],False,{}
106099.39000000,0.00000000,106099.39000000,USDT,SIM-001,MARGIN,USDT,[],False,{}
106099.39000000,0.00000000,106099.39000000,USDT,SIM-001,MARGIN,USDT,[],False,{}
106099.39000000,0.00000000,106099.39000000,USDT,SIM-001,MARGIN,USDT,[],False,{}
106099.39000000,0.00000000,106099.39000000,USDT,SIM-001,MARGIN,USDT,[],False,{}
106099.39000000,0.00000000,106099.39000000,USDT,SIM-001,MARGIN,USDT,[],False,{}
106099.39000000,0.00000000,106099.39000000,USDT,SIM-001,MARGIN,USDT,[],False,{}
106099.39000000,0.00000000,106099.39000000,USDT,SIM-001,MARGIN,USDT,[],False,{}
106099.39000000,0.00000000,106099.39000000,USDT,SIM-001,MARGIN,USDT,[],False,{}
106099.39000000,0.00000000,106099.39000000,USDT,SIM-001,MARGIN,USDT,[],False,{}
106099.39000000,0.00000000,106099.39000000,USDT,SIM-001,MARGIN,USDT,[],False,{}
106099.39000000,0.00000000,106099.39000000,USDT,SIM-001,MARGIN,USDT,[],False,{}
106099.39000000,0.00000000,106099.39000000,USDT,SIM-001,MARGIN,USDT,[],False,{}
106109.66000000,0.00000000,106109.66000000,USDT,SIM-001,MARGIN,USDT,[],False,{}
106109.66000000,0.00000000,106109.66000000,USDT,SIM-001,MARGIN,USDT,[],False,{}
106109.66000000,0.00000000,106109.66000000,USDT,SIM-001,MARGIN,USDT,[],False,{}
106149.35000000,0.00000000,106149.35000000,USDT,SIM-001,MARGIN,USDT,[],False,{}
106149.35000000,0.00000000,106149.35000000,USDT,SIM-001,MARGIN,USDT,[],False,{}
106149.35000000,0.00000000,106149.35000000,USDT,SIM-001,MARGIN,USDT,[],False,{}
106149.35000000,0.00000000,106149.35000000,USDT,SIM-001,MARGIN,USDT,[],False,{}
106149.35000000,0.00000000,106149.35000000,USDT,SIM-001,MARGIN,USDT,[],False,{}
106149.35000000,0.00000000,106149.35000000,USDT,SIM-001,MARGIN,USDT,[],False,{}
106149.35000000,0.00000000,106149.35000000,USDT,SIM-001,MARGIN,USDT,[],False,{}
106149.35000000,0.00000000,106149.35000000,USDT,SIM-001,MARGIN,USDT,[],False,{}
106149.35000000,0.00000000,106149.35000000,USDT,SIM-001,MARGIN,USDT,[],False,{}
106149.35000000,0.00000000,106149.35000000,USDT,SIM-001,MARGIN,USDT,[],False,{}
106149.35000000,0.00000000,106149.35000000,USDT,SIM-001,MARGIN,USDT,[],False,{}
106149.35000000,0.00000000,106149.35000000,USDT,SIM-001,MARGIN,USDT,[],False,{}
106149.35000000,0.00000000,106149.35000000,USDT,SIM-001,MARGIN,USDT,[],False,{}
106159.73000000,0.00000000,106159.73000000,USDT,SIM-001,MARGIN,USDT,[],False,{}
106159.73000000,0.00000000,106159.73000000,USDT,SIM-001,MARGIN,USDT,[],False,{}
106159.73000000,0.00000000,106159.73000000,USDT,SIM-001,MARGIN,USDT,[],False,{}
106158.73000000,0.00000000,106158.73000000,USDT,SIM-001,MARGIN,USDT,[],False,{}
106157.73000000,0.00000000,106157.73000000,USDT,SIM-001,MARGIN,USDT,[],False,{}
106157.73000000,0.00000000,106157.73000000,USDT,SIM-001,MARGIN,USDT,[],False,{}
106156.73000000,0.00000000,106156.73000000,USDT,SIM-001,MARGIN,USDT,[],False,{}
106155.73000000,0.00000000,106155.73000000,USDT,SIM-001,MARGIN,USDT,[],False,{}
106155.73000000,0.00000000,106155.73000000,USDT,SIM-001,MARGIN,USDT,[],False,{}
106155.73000000,0.00000000,106155.73000000,USDT,SIM-001,MARGIN,USDT,[],False,{}
106155.73000000,0.00000000,106155.73000000,USDT,SIM-001,MARGIN,USDT,[],False,{}
106155.73000000,0.00000000,106155.73000000,USDT,SIM-001,MARGIN,USDT,[],False,{}
106155.73000000,0.00000000,106155.73000000,USDT,SIM-001,MARGIN,USDT,[],False,{}
106155.73000000,0.00000000,106155.73000000,USDT,SIM-001,MARGIN,USDT,[],False,{}
106155.73000000,0.00000000,106155.73000000,USDT,SIM-001,MARGIN,USDT,[],False,{}
106155.73000000,0.00000000,106155.73000000,USDT,SIM-001,MARGIN,USDT,[],False,{}
106154.73000000,0.00000000,106154.73000000,USDT,SIM-001,MARGIN,USDT,[],False,{}
106154.73000000,0.00000000,106154.73000000,USDT,SIM-001,MARGIN,USDT,[],False,{}
106154.73000000,0.00000000,106154.73000000,USDT,SIM-001,MARGIN,USDT,[],False,{}
106153.73000000,0.00000000,106153.73000000,USDT,SIM-001,MARGIN,USDT,[],False,{}
106153.73000000,0.00000000,106153.73000000,USDT,SIM-001,MARGIN,USDT,[],False,{}
106153.73000000,0.00000000,106153.73000000,USDT,SIM-001,MARGIN,USDT,[],False,{}
106166.42000000,0.00000000,106166.42000000,USDT,SIM-001,MARGIN,USDT,[],False,{}
106179.11000000,0.00000000,106179.11000000,USDT,SIM-001,MARGIN,USDT,[],False,{}
106191.80000000,0.00000000,106191.80000000,USDT,SIM-001,MARGIN,USDT,[],False,{}
106207.95000000,0.00000000,106207.95000000,USDT,SIM-001,MARGIN,USDT,[],False,{}
106224.10000000,0.00000000,106224.10000000,USDT,SIM-001,MARGIN,USDT,[],False,{}
106240.25000000,0.00000000,106240.25000000,USDT,SIM-001,MARGIN,USDT,[],False,{}
106240.25000000,0.00000000,106240.25000000,USDT,SIM-001,MARGIN,USDT,[],False,{}
106240.25000000,0.00000000,106240.25000000,USDT,SIM-001,MARGIN,USDT,[],False,{}
106240.25000000,0.00000000,106240.25000000,USDT,SIM-001,MARGIN,USDT,[],False,{}
106240.25000000,0.00000000,106240.25000000,USDT,SIM-001,MARGIN,USDT,[],False,{}
106239.25000000,0.00000000,106239.25000000,USDT,SIM-001,MARGIN,USDT,[],False,{}
106239.25000000,0.00000000,106239.25000000,USDT,SIM-001,MARGIN,USDT,[],False,{}
106239.25000000,0.00000000,106239.25000000,USDT,SIM-001,MARGIN,USDT,[],False,{}
106250.57000000,0.00000000,106250.57000000,USDT,SIM-001,MARGIN,USDT,[],False,{}
106252.74000000,0.00000000,106252.74000000,USDT,SIM-001,MARGIN,USDT,[],False,{}
106252.74000000,0.00000000,106252.74000000,USDT,SIM-001,MARGIN,USDT,[],False,{}
106252.74000000,0.00000000,106252.74000000,USDT,SIM-001,MARGIN,USDT,[],False,{}
106251.74000000,0.00000000,106251.74000000,USDT,SIM-001,MARGIN,USDT,[],False,{}
106250.74000000,0.00000000,106250.74000000,USDT,SIM-001,MARGIN,USDT,[],False,{}
106250.74000000,0.00000000,106250.74000000,USDT,SIM-001,MARGIN,USDT,[],False,{}
106269.00000000,0.00000000,106269.00000000,USDT,SIM-001,MARGIN,USDT,[],False,{}
106287.26000000,0.00000000,106287.26000000,USDT,SIM-001,MARGIN,USDT,[],False,{}
106300.36000000,0.00000000,106300.36000000,USDT,SIM-001,MARGIN,USDT,[],False,{}
106300.36000000,0.00000000,106300.36000000,USDT,SIM-001,MARGIN,USDT,[],False,{}
106300.36000000,0.00000000,106300.36000000,USDT,SIM-001,MARGIN,USDT,[],False,{}
106300.36000000,0.00000000,106300.36000000,USDT,SIM-001,MARGIN,USDT,[],False,{}
106300.36000000,0.00000000,106300.36000000,USDT,SIM-001,MARGIN,USDT,[],False,{}
106300.36000000,0.00000000,106300.36000000,USDT,SIM-001,MARGIN,USDT,[],False,{}
106321.17000000,0.00000000,106321.17000000,USDT,SIM-001,MARGIN,USDT,[],False,{}
106321.17000000,0.00000000,106321.17000000,USDT,SIM-001,MARGIN,USDT,[],False,{}
106321.17000000,0.00000000,106321.17000000,USDT,SIM-001,MARGIN,USDT,[],False,{}
106321.17000000,0.00000000,106321.17000000,USDT,SIM-001,MARGIN,USDT,[],False,{}
106364.74000000,0.00000000,106364.74000000,USDT,SIM-001,MARGIN,USDT,[],False,{}
106364.74000000,0.00000000,106364.74000000,USDT,SIM-001,MARGIN,USDT,[],False,{}
106363.74000000,0.00000000,106363.74000000,USDT,SIM-001,MARGIN,USDT,[],False,{}
106363.74000000,0.00000000,106363.74000000,USDT,SIM-001,MARGIN,USDT,[],False,{}
106362.74000000,0.00000000,106362.74000000,USDT,SIM-001,MARGIN,USDT,[],False,{}
106361.74000000,0.00000000,106361.74000000,USDT,SIM-001,MARGIN,USDT,[],False,{}
106361.74000000,0.00000000,106361.74000000,USDT,SIM-001,MARGIN,USDT,[],False,{}
106361.74000000,0.00000000,106361.74000000,USDT,SIM-001,MARGIN,USDT,[],False,{}
106361.74000000,0.00000000,106361.74000000,USDT,SIM-001,MARGIN,USDT,[],False,{}
106361.74000000,0.00000000,106361.74000000,USDT,SIM-001,MARGIN,USDT,[],False,{}
106361.74000000,0.00000000,106361.74000000,USDT,SIM-001,MARGIN,USDT,[],False,{}
106361.74000000,0.00000000,106361.74000000,USDT,SIM-001,MARGIN,USDT,[],False,{}
106361.74000000,0.00000000,106361.74000000,USDT,SIM-001,MARGIN,USDT,[],False,{}
106361.74000000,0.00000000,106361.74000000,USDT,SIM-001,MARGIN,USDT,[],False,{}
106360.74000000,0.00000000,106360.74000000,USDT,SIM-001,MARGIN,USDT,[],False,{}
106360.74000000,0.00000000,106360.74000000,USDT,SIM-001,MARGIN,USDT,[],False,{}
106360.74000000,0.00000000,106360.74000000,USDT,SIM-001,MARGIN,USDT,[],False,{}
106359.74000000,0.00000000,106359.74000000,USDT,SIM-001,MARGIN,USDT,[],False,{}
106359.74000000,0.00000000,106359.74000000,USDT,SIM-001,MARGIN,USDT,[],False,{}
106359.74000000,0.00000000,106359.74000000,USDT,SIM-001,MARGIN,USDT,[],False,{}
106359.74000000,0.00000000,106359.74000000,USDT,SIM-001,MARGIN,USDT,[],False,{}
106359.74000000,0.00000000,106359.74000000,USDT,SIM-001,MARGIN,USDT,[],False,{}
106359.74000000,0.00000000,106359.74000000,USDT,SIM-001,MARGIN,USDT,[],False,{}
106359.74000000,0.00000000,106359.74000000,USDT,SIM-001,MARGIN,USDT,[],False,{}
106359.74000000,0.00000000,106359.74000000,USDT,SIM-001,MARGIN,USDT,[],False,{}
106359.74000000,0.00000000,106359.74000000,USDT,SIM-001,MARGIN,USDT,[],False,{}
106359.74000000,0.00000000,106359.74000000,USDT,SIM-001,MARGIN,USDT,[],False,{}
106359.74000000,0.00000000,106359.74000000,USDT,SIM-001,MARGIN,USDT,[],False,{}
106359.74000000,0.00000000,106359.74000000,USDT,SIM-001,MARGIN,USDT,[],False,{}
106359.74000000,0.00000000,106359.74000000,USDT,SIM-001,MARGIN,USDT,[],False,{}
106452.24000000,0.00000000,106452.24000000,USDT,SIM-001,MARGIN,USDT,[],False,{}
106452.24000000,0.00000000,106452.24000000,USDT,SIM-001,MARGIN,USDT,[],False,{}
106452.24000000,0.00000000,106452.24000000,USDT,SIM-001,MARGIN,USDT,[],False,{}
106451.24000000,0.00000000,106451.24000000,USDT,SIM-001,MARGIN,USDT,[],False,{}
106450.24000000,0.00000000,106450.24000000,USDT,SIM-001,MARGIN,USDT,[],False,{}
106450.24000000,0.00000000,106450.24000000,USDT,SIM-001,MARGIN,USDT,[],False,{}
106449.24000000,0.00000000,106449.24000000,USDT,SIM-001,MARGIN,USDT,[],False,{}
106448.24000000,0.00000000,106448.24000000,USDT,SIM-001,MARGIN,USDT,[],False,{}
106448.24000000,0.00000000,106448.24000000,USDT,SIM-001,MARGIN,USDT,[],False,{}
106484.43000000,0.00000000,106484.43000000,USDT,SIM-001,MARGIN,USDT,[],False,{}
106557.75000000,0.00000000,106557.75000000,USDT,SIM-001,MARGIN,USDT,[],False,{}
106631.07000000,0.00000000,106631.07000000,USDT,SIM-001,MARGIN,USDT,[],False,{}
106631.07000000,0.00000000,106631.07000000,USDT,SIM-001,MARGIN,USDT,[],False,{}
106631.07000000,0.00000000,106631.07000000,USDT,SIM-001,MARGIN,USDT,[],False,{}
106854.36000000,0.00000000,106854.36000000,USDT,SIM-001,MARGIN,USDT,[],False,{}
107095.48000000,0.00000000,107095.48000000,USDT,SIM-001,MARGIN,USDT,[],False,{}
107095.48000000,0.00000000,107095.48000000,USDT,SIM-001,MARGIN,USDT,[],False,{}
107095.48000000,0.00000000,107095.48000000,USDT,SIM-001,MARGIN,USDT,[],False,{}
107095.48000000,0.00000000,107095.48000000,USDT,SIM-001,MARGIN,USDT,[],False,{}
107095.48000000,0.00000000,107095.48000000,USDT,SIM-001,MARGIN,USDT,[],False,{}
107094.48000000,0.00000000,107094.48000000,USDT,SIM-001,MARGIN,USDT,[],False,{}
107094.48000000,0.00000000,107094.48000000,USDT,SIM-001,MARGIN,USDT,[],False,{}
107094.48000000,0.00000000,107094.48000000,USDT,SIM-001,MARGIN,USDT,[],False,{}
107093.48000000,0.00000000,107093.48000000,USDT,SIM-001,MARGIN,USDT,[],False,{}
107093.48000000,0.00000000,107093.48000000,USDT,SIM-001,MARGIN,USDT,[],False,{}
107093.48000000,0.00000000,107093.48000000,USDT,SIM-001,MARGIN,USDT,[],False,{}
107093.48000000,0.00000000,107093.48000000,USDT,SIM-001,MARGIN,USDT,[],False,{}
107093.48000000,0.00000000,107093.48000000,USDT,SIM-001,MARGIN,USDT,[],False,{}
107093.48000000,0.00000000,107093.48000000,USDT,SIM-001,MARGIN,USDT,[],False,{}
107093.48000000,0.00000000,107093.48000000,USDT,SIM-001,MARGIN,USDT,[],False,{}
107093.48000000,0.00000000,107093.48000000,USDT,SIM-001,MARGIN,USDT,[],False,{}
107093.48000000,0.00000000,107093.48000000,USDT,SIM-001,MARGIN,USDT,[],False,{}
107093.48000000,0.00000000,107093.48000000,USDT,SIM-001,MARGIN,USDT,[],False,{}
107093.48000000,0.00000000,107093.48000000,USDT,SIM-001,MARGIN,USDT,[],False,{}
107291.05000000,0.00000000,107291.05000000,USDT,SIM-001,MARGIN,USDT,[],False,{}
107501.28000000,0.00000000,107501.28000000,USDT,SIM-001,MARGIN,USDT,[],False,{}
107501.28000000,0.00000000,107501.28000000,USDT,SIM-001,MARGIN,USDT,[],False,{}
107501.28000000,0.00000000,107501.28000000,USDT,SIM-001,MARGIN,USDT,[],False,{}
107501.28000000,0.00000000,107501.28000000,USDT,SIM-001,MARGIN,USDT,[],False,{}
107501.28000000,0.00000000,107501.28000000,USDT,SIM-001,MARGIN,USDT,[],False,{}
107636.77000000,0.00000000,107636.77000000,USDT,SIM-001,MARGIN,USDT,[],False,{}
107636.77000000,0.00000000,107636.77000000,USDT,SIM-001,MARGIN,USDT,[],False,{}
107636.77000000,0.00000000,107636.77000000,USDT,SIM-001,MARGIN,USDT,[],False,{}
107635.77000000,0.00000000,107635.77000000,USDT,SIM-001,MARGIN,USDT,[],False,{}
107634.77000000,0.00000000,107634.77000000,USDT,SIM-001,MARGIN,USDT,[],False,{}
107634.77000000,0.00000000,107634.77000000,USDT,SIM-001,MARGIN,USDT,[],False,{}
107633.77000000,0.00000000,107633.77000000,USDT,SIM-001,MARGIN,USDT,[],False,{}
107632.77000000,0.00000000,107632.77000000,USDT,SIM-001,MARGIN,USDT,[],False,{}
107632.77000000,0.00000000,107632.77000000,USDT,SIM-001,MARGIN,USDT,[],False,{}
107632.77000000,0.00000000,107632.77000000,USDT,SIM-001,MARGIN,USDT,[],False,{}
107632.77000000,0.00000000,107632.77000000,USDT,SIM-001,MARGIN,USDT,[],False,{}
107632.77000000,0.00000000,107632.77000000,USDT,SIM-001,MARGIN,USDT,[],False,{}
107632.77000000,0.00000000,107632.77000000,USDT,SIM-001,MARGIN,USDT,[],False,{}
107632.77000000,0.00000000,107632.77000000,USDT,SIM-001,MARGIN,USDT,[],False,{}
107678.05000000,0.00000000,107678.05000000,USDT,SIM-001,MARGIN,USDT,[],False,{}
107742.99000000,0.00000000,107742.99000000,USDT,SIM-001,MARGIN,USDT,[],False,{}
107742.99000000,0.00000000,107742.99000000,USDT,SIM-001,MARGIN,USDT,[],False,{}
107742.99000000,0.00000000,107742.99000000,USDT,SIM-001,MARGIN,USDT,[],False,{}
107796.90000000,0.00000000,107796.90000000,USDT,SIM-001,MARGIN,USDT,[],False,{}
107854.96000000,0.00000000,107854.96000000,USDT,SIM-001,MARGIN,USDT,[],False,{}
107854.96000000,0.00000000,107854.96000000,USDT,SIM-001,MARGIN,USDT,[],False,{}
107854.96000000,0.00000000,107854.96000000,USDT,SIM-001,MARGIN,USDT,[],False,{}
107854.96000000,0.00000000,107854.96000000,USDT,SIM-001,MARGIN,USDT,[],False,{}
107854.96000000,0.00000000,107854.96000000,USDT,SIM-001,MARGIN,USDT,[],False,{}
107893.61000000,0.00000000,107893.61000000,USDT,SIM-001,MARGIN,USDT,[],False,{}
107893.61000000,0.00000000,107893.61000000,USDT,SIM-001,MARGIN,USDT,[],False,{}
107893.61000000,0.00000000,107893.61000000,USDT,SIM-001,MARGIN,USDT,[],False,{}
107939.23000000,0.00000000,107939.23000000,USDT,SIM-001,MARGIN,USDT,[],False,{}
107939.23000000,0.00000000,107939.23000000,USDT,SIM-001,MARGIN,USDT,[],False,{}
107939.23000000,0.00000000,107939.23000000,USDT,SIM-001,MARGIN,USDT,[],False,{}
107939.23000000,0.00000000,107939.23000000,USDT,SIM-001,MARGIN,USDT,[],False,{}
107939.23000000,0.00000000,107939.23000000,USDT,SIM-001,MARGIN,USDT,[],False,{}
107939.23000000,0.00000000,107939.23000000,USDT,SIM-001,MARGIN,USDT,[],False,{}
107939.23000000,0.00000000,107939.23000000,USDT,SIM-001,MARGIN,USDT,[],False,{}
107939.23000000,0.00000000,107939.23000000,USDT,SIM-001,MARGIN,USDT,[],False,{}
107939.23000000,0.00000000,107939.23000000,USDT,SIM-001,MARGIN,USDT,[],False,{}
107939.23000000,0.00000000,107939.23000000,USDT,SIM-001,MARGIN,USDT,[],False,{}
107939.23000000,0.00000000,107939.23000000,USDT,SIM-001,MARGIN,USDT,[],False,{}
107939.23000000,0.00000000,107939.23000000,USDT,SIM-001,MARGIN,USDT,[],False,{}
107939.23000000,0.00000000,107939.23000000,USDT,SIM-001,MARGIN,USDT,[],False,{}
107992.78000000,0.00000000,107992.78000000,USDT,SIM-001,MARGIN,USDT,[],False,{}
107992.78000000,0.00000000,107992.78000000,USDT,SIM-001,MARGIN,USDT,[],False,{}
107992.78000000,0.00000000,107992.78000000,USDT,SIM-001,MARGIN,USDT,[],False,{}
107999.09000000,0.00000000,107999.09000000,USDT,SIM-001,MARGIN,USDT,[],False,{}
107999.09000000,0.00000000,107999.09000000,USDT,SIM-001,MARGIN,USDT,[],False,{}
107999.09000000,0.00000000,107999.09000000,USDT,SIM-001,MARGIN,USDT,[],False,{}
107999.09000000,0.00000000,107999.09000000,USDT,SIM-001,MARGIN,USDT,[],False,{}
108013.76000000,0.00000000,108013.76000000,USDT,SIM-001,MARGIN,USDT,[],False,{}
108013.76000000,0.00000000,108013.76000000,USDT,SIM-001,MARGIN,USDT,[],False,{}
108012.76000000,0.00000000,108012.76000000,USDT,SIM-001,MARGIN,USDT,[],False,{}
108011.76000000,0.00000000,108011.76000000,USDT,SIM-001,MARGIN,USDT,[],False,{}
108010.76000000,0.00000000,108010.76000000,USDT,SIM-001,MARGIN,USDT,[],False,{}
108009.76000000,0.00000000,108009.76000000,USDT,SIM-001,MARGIN,USDT,[],False,{}
108008.76000000,0.00000000,108008.76000000,USDT,SIM-001,MARGIN,USDT,[],False,{}
107372.56000000,0.00000000,107372.56000000,USDT,SIM-001,MARGIN,USDT,[],False,{}
107372.56000000,0.00000000,107372.56000000,USDT,SIM-001,MARGIN,USDT,[],False,{}
107372.56000000,0.00000000,107372.56000000,USDT,SIM-001,MARGIN,USDT,[],False,{}
107372.56000000,0.00000000,107372.56000000,USDT,SIM-001,MARGIN,USDT,[],False,{}
107372.56000000,0.00000000,107372.56000000,USDT,SIM-001,MARGIN,USDT,[],False,{}
107371.56000000,0.00000000,107371.56000000,USDT,SIM-001,MARGIN,USDT,[],False,{}
107371.56000000,0.00000000,107371.56000000,USDT,SIM-001,MARGIN,USDT,[],False,{}
107371.56000000,0.00000000,107371.56000000,USDT,SIM-001,MARGIN,USDT,[],False,{}
107370.56000000,0.00000000,107370.56000000,USDT,SIM-001,MARGIN,USDT,[],False,{}
107370.56000000,0.00000000,107370.56000000,USDT,SIM-001,MARGIN,USDT,[],False,{}
107370.56000000,0.00000000,107370.56000000,USDT,SIM-001,MARGIN,USDT,[],False,{}
107388.46000000,0.00000000,107388.46000000,USDT,SIM-001,MARGIN,USDT,[],False,{}
107406.22000000,0.00000000,107406.22000000,USDT,SIM-001,MARGIN,USDT,[],False,{}
107406.22000000,0.00000000,107406.22000000,USDT,SIM-001,MARGIN,USDT,[],False,{}
107405.22000000,0.00000000,107405.22000000,USDT,SIM-001,MARGIN,USDT,[],False,{}
107404.22000000,0.00000000,107404.22000000,USDT,SIM-001,MARGIN,USDT,[],False,{}
107403.22000000,0.00000000,107403.22000000,USDT,SIM-001,MARGIN,USDT,[],False,{}
107402.22000000,0.00000000,107402.22000000,USDT,SIM-001,MARGIN,USDT,[],False,{}
107402.22000000,0.00000000,107402.22000000,USDT,SIM-001,MARGIN,USDT,[],False,{}
107402.22000000,0.00000000,107402.22000000,USDT,SIM-001,MARGIN,USDT,[],False,{}
107402.22000000,0.00000000,107402.22000000,USDT,SIM-001,MARGIN,USDT,[],False,{}
107402.22000000,0.00000000,107402.22000000,USDT,SIM-001,MARGIN,USDT,[],False,{}
107401.22000000,0.00000000,107401.22000000,USDT,SIM-001,MARGIN,USDT,[],False,{}
107401.22000000,0.00000000,107401.22000000,USDT,SIM-001,MARGIN,USDT,[],False,{}
107401.22000000,0.00000000,107401.22000000,USDT,SIM-001,MARGIN,USDT,[],False,{}
107401.02000000,0.00000000,107401.02000000,USDT,SIM-001,MARGIN,USDT,[],False,{}
107401.02000000,0.00000000,107401.02000000,USDT,SIM-001,MARGIN,USDT,[],False,{}
107401.02000000,0.00000000,107401.02000000,USDT,SIM-001,MARGIN,USDT,[],False,{}
107401.02000000,0.00000000,107401.02000000,USDT,SIM-001,MARGIN,USDT,[],False,{}
107401.02000000,0.00000000,107401.02000000,USDT,SIM-001,MARGIN,USDT,[],False,{}
107401.02000000,0.00000000,107401.02000000,USDT,SIM-001,MARGIN,USDT,[],False,{}
107401.02000000,0.00000000,107401.02000000,USDT,SIM-001,MARGIN,USDT,[],False,{}
107401.02000000,0.00000000,107401.02000000,USDT,SIM-001,MARGIN,USDT,[],False,{}
107401.02000000,0.00000000,107401.02000000,USDT,SIM-001,MARGIN,USDT,[],False,{}
107401.02000000,0.00000000,107401.02000000,USDT,SIM-001,MARGIN,USDT,[],False,{}
107401.02000000,0.00000000,107401.02000000,USDT,SIM-001,MARGIN,USDT,[],False,{}
107401.02000000,0.00000000,107401.02000000,USDT,SIM-001,MARGIN,USDT,[],False,{}
107401.02000000,0.00000000,107401.02000000,USDT,SIM-001,MARGIN,USDT,[],False,{}
107401.02000000,0.00000000,107401.02000000,USDT,SIM-001,MARGIN,USDT,[],False,{}
107401.02000000,0.00000000,107401.02000000,USDT,SIM-001,MARGIN,USDT,[],False,{}
107241.73000000,0.00000000,107241.73000000,USDT,SIM-001,MARGIN,USDT,[],False,{}
107099.94000000,0.00000000,107099.94000000,USDT,SIM-001,MARGIN,USDT,[],False,{}
107099.94000000,0.00000000,107099.94000000,USDT,SIM-001,MARGIN,USDT,[],False,{}
107099.94000000,0.00000000,107099.94000000,USDT,SIM-001,MARGIN,USDT,[],False,{}
107099.94000000,0.00000000,107099.94000000,USDT,SIM-001,MARGIN,USDT,[],False,{}
107099.94000000,0.00000000,107099.94000000,USDT,SIM-001,MARGIN,USDT,[],False,{}
107098.94000000,0.00000000,107098.94000000,USDT,SIM-001,MARGIN,USDT,[],False,{}
107098.94000000,0.00000000,107098.94000000,USDT,SIM-001,MARGIN,USDT,[],False,{}
107098.94000000,0.00000000,107098.94000000,USDT,SIM-001,MARGIN,USDT,[],False,{}
107017.52000000,0.00000000,107017.52000000,USDT,SIM-001,MARGIN,USDT,[],False,{}
106936.10000000,0.00000000,106936.10000000,USDT,SIM-001,MARGIN,USDT,[],False,{}
106936.10000000,0.00000000,106936.10000000,USDT,SIM-001,MARGIN,USDT,[],False,{}
106935.10000000,0.00000000,106935.10000000,USDT,SIM-001,MARGIN,USDT,[],False,{}
106934.10000000,0.00000000,106934.10000000,USDT,SIM-001,MARGIN,USDT,[],False,{}
106934.10000000,0.00000000,106934.10000000,USDT,SIM-001,MARGIN,USDT,[],False,{}
106934.10000000,0.00000000,106934.10000000,USDT,SIM-001,MARGIN,USDT,[],False,{}
106934.10000000,0.00000000,106934.10000000,USDT,SIM-001,MARGIN,USDT,[],False,{}
106934.10000000,0.00000000,106934.10000000,USDT,SIM-001,MARGIN,USDT,[],False,{}
106934.10000000,0.00000000,106934.10000000,USDT,SIM-001,MARGIN,USDT,[],False,{}
106934.10000000,0.00000000,106934.10000000,USDT,SIM-001,MARGIN,USDT,[],False,{}
106934.10000000,0.00000000,106934.10000000,USDT,SIM-001,MARGIN,USDT,[],False,{}
106934.10000000,0.00000000,106934.10000000,USDT,SIM-001,MARGIN,USDT,[],False,{}
106896.94000000,0.00000000,106896.94000000,USDT,SIM-001,MARGIN,USDT,[],False,{}
106896.94000000,0.00000000,106896.94000000,USDT,SIM-001,MARGIN,USDT,[],False,{}
106896.94000000,0.00000000,106896.94000000,USDT,SIM-001,MARGIN,USDT,[],False,{}
106896.94000000,0.00000000,106896.94000000,USDT,SIM-001,MARGIN,USDT,[],False,{}
106896.94000000,0.00000000,106896.94000000,USDT,SIM-001,MARGIN,USDT,[],False,{}
106896.94000000,0.00000000,106896.94000000,USDT,SIM-001,MARGIN,USDT,[],False,{}
106896.94000000,0.00000000,106896.94000000,USDT,SIM-001,MARGIN,USDT,[],False,{}
106896.94000000,0.00000000,106896.94000000,USDT,SIM-001,MARGIN,USDT,[],False,{}
106896.94000000,0.00000000,106896.94000000,USDT,SIM-001,MARGIN,USDT,[],False,{}
106896.94000000,0.00000000,106896.94000000,USDT,SIM-001,MARGIN,USDT,[],False,{}
106896.94000000,0.00000000,106896.94000000,USDT,SIM-001,MARGIN,USDT,[],False,{}
106896.94000000,0.00000000,106896.94000000,USDT,SIM-001,MARGIN,USDT,[],False,{}
106895.94000000,0.00000000,106895.94000000,USDT,SIM-001,MARGIN,USDT,[],False,{}
106895.94000000,0.00000000,106895.94000000,USDT,SIM-001,MARGIN,USDT,[],False,{}
106895.94000000,0.00000000,106895.94000000,USDT,SIM-001,MARGIN,USDT,[],False,{}
106894.94000000,0.00000000,106894.94000000,USDT,SIM-001,MARGIN,USDT,[],False,{}
106894.94000000,0.00000000,106894.94000000,USDT,SIM-001,MARGIN,USDT,[],False,{}
106894.94000000,0.00000000,106894.94000000,USDT,SIM-001,MARGIN,USDT,[],False,{}
106887.69000000,0.00000000,106887.69000000,USDT,SIM-001,MARGIN,USDT,[],False,{}
106880.44000000,0.00000000,106880.44000000,USDT,SIM-001,MARGIN,USDT,[],False,{}
106873.19000000,0.00000000,106873.19000000,USDT,SIM-001,MARGIN,USDT,[],False,{}
106876.80000000,0.00000000,106876.80000000,USDT,SIM-001,MARGIN,USDT,[],False,{}
106880.41000000,0.00000000,106880.41000000,USDT,SIM-001,MARGIN,USDT,[],False,{}
106879.90000000,0.00000000,106879.90000000,USDT,SIM-001,MARGIN,USDT,[],False,{}
106879.90000000,0.00000000,106879.90000000,USDT,SIM-001,MARGIN,USDT,[],False,{}
106879.90000000,0.00000000,106879.90000000,USDT,SIM-001,MARGIN,USDT,[],False,{}
106879.90000000,0.00000000,106879.90000000,USDT,SIM-001,MARGIN,USDT,[],False,{}
106879.90000000,0.00000000,106879.90000000,USDT,SIM-001,MARGIN,USDT,[],False,{}
106879.90000000,0.00000000,106879.90000000,USDT,SIM-001,MARGIN,USDT,[],False,{}
106878.90000000,0.00000000,106878.90000000,USDT,SIM-001,MARGIN,USDT,[],False,{}
106878.90000000,0.00000000,106878.90000000,USDT,SIM-001,MARGIN,USDT,[],False,{}
106878.90000000,0.00000000,106878.90000000,USDT,SIM-001,MARGIN,USDT,[],False,{}
106877.90000000,0.00000000,106877.90000000,USDT,SIM-001,MARGIN,USDT,[],False,{}
106877.90000000,0.00000000,106877.90000000,USDT,SIM-001,MARGIN,USDT,[],False,{}
106877.90000000,0.00000000,106877.90000000,USDT,SIM-001,MARGIN,USDT,[],False,{}
106905.67000000,0.00000000,106905.67000000,USDT,SIM-001,MARGIN,USDT,[],False,{}
106933.44000000,0.00000000,106933.44000000,USDT,SIM-001,MARGIN,USDT,[],False,{}
106957.67000000,0.00000000,106957.67000000,USDT,SIM-001,MARGIN,USDT,[],False,{}
106957.67000000,0.00000000,106957.67000000,USDT,SIM-001,MARGIN,USDT,[],False,{}
106957.67000000,0.00000000,106957.67000000,USDT,SIM-001,MARGIN,USDT,[],False,{}
106957.67000000,0.00000000,106957.67000000,USDT,SIM-001,MARGIN,USDT,[],False,{}
106957.67000000,0.00000000,106957.67000000,USDT,SIM-001,MARGIN,USDT,[],False,{}
106957.67000000,0.00000000,106957.67000000,USDT,SIM-001,MARGIN,USDT,[],False,{}
106957.67000000,0.00000000,106957.67000000,USDT,SIM-001,MARGIN,USDT,[],False,{}
106957.67000000,0.00000000,106957.67000000,USDT,SIM-001,MARGIN,USDT,[],False,{}
106957.67000000,0.00000000,106957.67000000,USDT,SIM-001,MARGIN,USDT,[],False,{}
106956.67000000,0.00000000,106956.67000000,USDT,SIM-001,MARGIN,USDT,[],False,{}
106956.67000000,0.00000000,106956.67000000,USDT,SIM-001,MARGIN,USDT,[],False,{}
106956.67000000,0.00000000,106956.67000000,USDT,SIM-001,MARGIN,USDT,[],False,{}
106955.67000000,0.00000000,106955.67000000,USDT,SIM-001,MARGIN,USDT,[],False,{}
106955.67000000,0.00000000,106955.67000000,USDT,SIM-001,MARGIN,USDT,[],False,{}
106955.67000000,0.00000000,106955.67000000,USDT,SIM-001,MARGIN,USDT,[],False,{}
106966.62000000,0.00000000,106966.62000000,USDT,SIM-001,MARGIN,USDT,[],False,{}
106977.57000000,0.00000000,106977.57000000,USDT,SIM-001,MARGIN,USDT,[],False,{}
106978.10000000,0.00000000,106978.10000000,USDT,SIM-001,MARGIN,USDT,[],False,{}
106978.10000000,0.00000000,106978.10000000,USDT,SIM-001,MARGIN,USDT,[],False,{}
106978.10000000,0.00000000,106978.10000000,USDT,SIM-001,MARGIN,USDT,[],False,{}
106978.10000000,0.00000000,106978.10000000,USDT,SIM-001,MARGIN,USDT,[],False,{}
106978.10000000,0.00000000,106978.10000000,USDT,SIM-001,MARGIN,USDT,[],False,{}
106978.10000000,0.00000000,106978.10000000,USDT,SIM-001,MARGIN,USDT,[],False,{}
106978.10000000,0.00000000,106978.10000000,USDT,SIM-001,MARGIN,USDT,[],False,{}
106978.10000000,0.00000000,106978.10000000,USDT,SIM-001,MARGIN,USDT,[],False,{}
106978.10000000,0.00000000,106978.10000000,USDT,SIM-001,MARGIN,USDT,[],False,{}
107016.55000000,0.00000000,107016.55000000,USDT,SIM-001,MARGIN,USDT,[],False,{}
107016.55000000,0.00000000,107016.55000000,USDT,SIM-001,MARGIN,USDT,[],False,{}
107016.55000000,0.00000000,107016.55000000,USDT,SIM-001,MARGIN,USDT,[],False,{}
107016.55000000,0.00000000,107016.55000000,USDT,SIM-001,MARGIN,USDT,[],False,{}
107015.55000000,0.00000000,107015.55000000,USDT,SIM-001,MARGIN,USDT,[],False,{}
107015.55000000,0.00000000,107015.55000000,USDT,SIM-001,MARGIN,USDT,[],False,{}
107015.55000000,0.00000000,107015.55000000,USDT,SIM-001,MARGIN,USDT,[],False,{}
107033.97000000,0.00000000,107033.97000000,USDT,SIM-001,MARGIN,USDT,[],False,{}
107035.70000000,0.00000000,107035.70000000,USDT,SIM-001,MARGIN,USDT,[],False,{}
107035.70000000,0.00000000,107035.70000000,USDT,SIM-001,MARGIN,USDT,[],False,{}
107034.70000000,0.00000000,107034.70000000,USDT,SIM-001,MARGIN,USDT,[],False,{}
107034.70000000,0.00000000,107034.70000000,USDT,SIM-001,MARGIN,USDT,[],False,{}
107034.70000000,0.00000000,107034.70000000,USDT,SIM-001,MARGIN,USDT,[],False,{}
107034.70000000,0.00000000,107034.70000000,USDT,SIM-001,MARGIN,USDT,[],False,{}
107034.70000000,0.00000000,107034.70000000,USDT,SIM-001,MARGIN,USDT,[],False,{}
107034.70000000,0.00000000,107034.70000000,USDT,SIM-001,MARGIN,USDT,[],False,{}
107034.70000000,0.00000000,107034.70000000,USDT,SIM-001,MARGIN,USDT,[],False,{}
107034.70000000,0.00000000,107034.70000000,USDT,SIM-001,MARGIN,USDT,[],False,{}
107033.70000000,0.00000000,107033.70000000,USDT,SIM-001,MARGIN,USDT,[],False,{}
107033.70000000,0.00000000,107033.70000000,USDT,SIM-001,MARGIN,USDT,[],False,{}
107033.70000000,0.00000000,107033.70000000,USDT,SIM-001,MARGIN,USDT,[],False,{}
107032.70000000,0.00000000,107032.70000000,USDT,SIM-001,MARGIN,USDT,[],False,{}
107032.70000000,0.00000000,107032.70000000,USDT,SIM-001,MARGIN,USDT,[],False,{}
107032.70000000,0.00000000,107032.70000000,USDT,SIM-001,MARGIN,USDT,[],False,{}
107032.70000000,0.00000000,107032.70000000,USDT,SIM-001,MARGIN,USDT,[],False,{}
107032.70000000,0.00000000,107032.70000000,USDT,SIM-001,MARGIN,USDT,[],False,{}
107032.70000000,0.00000000,107032.70000000,USDT,SIM-001,MARGIN,USDT,[],False,{}
107032.70000000,0.00000000,107032.70000000,USDT,SIM-001,MARGIN,USDT,[],False,{}
107032.70000000,0.00000000,107032.70000000,USDT,SIM-001,MARGIN,USDT,[],False,{}
107032.70000000,0.00000000,107032.70000000,USDT,SIM-001,MARGIN,USDT,[],False,{}
107032.70000000,0.00000000,107032.70000000,USDT,SIM-001,MARGIN,USDT,[],False,{}
107032.70000000,0.00000000,107032.70000000,USDT,SIM-001,MARGIN,USDT,[],False,{}
107032.70000000,0.00000000,107032.70000000,USDT,SIM-001,MARGIN,USDT,[],False,{}
107032.70000000,0.00000000,107032.70000000,USDT,SIM-001,MARGIN,USDT,[],False,{}
107065.44000000,0.00000000,107065.44000000,USDT,SIM-001,MARGIN,USDT,[],False,{}
107065.44000000,0.00000000,107065.44000000,USDT,SIM-001,MARGIN,USDT,[],False,{}
107065.44000000,0.00000000,107065.44000000,USDT,SIM-001,MARGIN,USDT,[],False,{}
107065.44000000,0.00000000,107065.44000000,USDT,SIM-001,MARGIN,USDT,[],False,{}
107065.44000000,0.00000000,107065.44000000,USDT,SIM-001,MARGIN,USDT,[],False,{}
107065.44000000,0.00000000,107065.44000000,USDT,SIM-001,MARGIN,USDT,[],False,{}
107065.44000000,0.00000000,107065.44000000,USDT,SIM-001,MARGIN,USDT,[],False,{}
107065.44000000,0.00000000,107065.44000000,USDT,SIM-001,MARGIN,USDT,[],False,{}
107065.44000000,0.00000000,107065.44000000,USDT,SIM-001,MARGIN,USDT,[],False,{}
107065.44000000,0.00000000,107065.44000000,USDT,SIM-001,MARGIN,USDT,[],False,{}
107065.44000000,0.00000000,107065.44000000,USDT,SIM-001,MARGIN,USDT,[],False,{}
107065.44000000,0.00000000,107065.44000000,USDT,SIM-001,MARGIN,USDT,[],False,{}
107045.32000000,0.00000000,107045.32000000,USDT,SIM-001,MARGIN,USDT,[],False,{}
107045.32000000,0.00000000,107045.32000000,USDT,SIM-001,MARGIN,USDT,[],False,{}
107045.32000000,0.00000000,107045.32000000,USDT,SIM-001,MARGIN,USDT,[],False,{}
107033.62000000,0.00000000,107033.62000000,USDT,SIM-001,MARGIN,USDT,[],False,{}
107033.62000000,0.00000000,107033.62000000,USDT,SIM-001,MARGIN,USDT,[],False,{}
107033.62000000,0.00000000,107033.62000000,USDT,SIM-001,MARGIN,USDT,[],False,{}
107032.62000000,0.00000000,107032.62000000,USDT,SIM-001,MARGIN,USDT,[],False,{}
107031.62000000,0.00000000,107031.62000000,USDT,SIM-001,MARGIN,USDT,[],False,{}
107030.62000000,0.00000000,107030.62000000,USDT,SIM-001,MARGIN,USDT,[],False,{}
107029.62000000,0.00000000,107029.62000000,USDT,SIM-001,MARGIN,USDT,[],False,{}
107028.62000000,0.00000000,107028.62000000,USDT,SIM-001,MARGIN,USDT,[],False,{}
107027.62000000,0.00000000,107027.62000000,USDT,SIM-001,MARGIN,USDT,[],False,{}
107027.62000000,0.00000000,107027.62000000,USDT,SIM-001,MARGIN,USDT,[],False,{}
107027.62000000,0.00000000,107027.62000000,USDT,SIM-001,MARGIN,USDT,[],False,{}
106995.82000000,0.00000000,106995.82000000,USDT,SIM-001,MARGIN,USDT,[],False,{}
106978.48000000,0.00000000,106978.48000000,USDT,SIM-001,MARGIN,USDT,[],False,{}
106978.48000000,0.00000000,106978.48000000,USDT,SIM-001,MARGIN,USDT,[],False,{}
106978.48000000,0.00000000,106978.48000000,USDT,SIM-001,MARGIN,USDT,[],False,{}
106970.54000000,0.00000000,106970.54000000,USDT,SIM-001,MARGIN,USDT,[],False,{}
106999.32000000,0.00000000,106999.32000000,USDT,SIM-001,MARGIN,USDT,[],False,{}
106999.32000000,0.00000000,106999.32000000,USDT,SIM-001,MARGIN,USDT,[],False,{}
106999.32000000,0.00000000,106999.32000000,USDT,SIM-001,MARGIN,USDT,[],False,{}
106999.32000000,0.00000000,106999.32000000,USDT,SIM-001,MARGIN,USDT,[],False,{}
106999.32000000,0.00000000,106999.32000000,USDT,SIM-001,MARGIN,USDT,[],False,{}
107027.45000000,0.00000000,107027.45000000,USDT,SIM-001,MARGIN,USDT,[],False,{}
107027.45000000,0.00000000,107027.45000000,USDT,SIM-001,MARGIN,USDT,[],False,{}
107027.45000000,0.00000000,107027.45000000,USDT,SIM-001,MARGIN,USDT,[],False,{}
107064.16000000,0.00000000,107064.16000000,USDT,SIM-001,MARGIN,USDT,[],False,{}
107064.16000000,0.00000000,107064.16000000,USDT,SIM-001,MARGIN,USDT,[],False,{}
107064.16000000,0.00000000,107064.16000000,USDT,SIM-001,MARGIN,USDT,[],False,{}
107063.16000000,0.00000000,107063.16000000,USDT,SIM-001,MARGIN,USDT,[],False,{}
107062.16000000,0.00000000,107062.16000000,USDT,SIM-001,MARGIN,USDT,[],False,{}
107061.16000000,0.00000000,107061.16000000,USDT,SIM-001,MARGIN,USDT,[],False,{}
107061.16000000,0.00000000,107061.16000000,USDT,SIM-001,MARGIN,USDT,[],False,{}
107061.16000000,0.00000000,107061.16000000,USDT,SIM-001,MARGIN,USDT,[],False,{}
107061.16000000,0.00000000,107061.16000000,USDT,SIM-001,MARGIN,USDT,[],False,{}
107913.18000000,0.00000000,107913.18000000,USDT,SIM-001,MARGIN,USDT,[],False,{}
107913.18000000,0.00000000,107913.18000000,USDT,SIM-001,MARGIN,USDT,[],False,{}
107913.18000000,0.00000000,107913.18000000,USDT,SIM-001,MARGIN,USDT,[],False,{}
107913.18000000,0.00000000,107913.18000000,USDT,SIM-001,MARGIN,USDT,[],False,{}
107913.18000000,0.00000000,107913.18000000,USDT,SIM-001,MARGIN,USDT,[],False,{}
107912.18000000,0.00000000,107912.18000000,USDT,SIM-001,MARGIN,USDT,[],False,{}
107912.18000000,0.00000000,107912.18000000,USDT,SIM-001,MARGIN,USDT,[],False,{}
107912.18000000,0.00000000,107912.18000000,USDT,SIM-001,MARGIN,USDT,[],False,{}
107911.18000000,0.00000000,107911.18000000,USDT,SIM-001,MARGIN,USDT,[],False,{}
107911.18000000,0.00000000,107911.18000000,USDT,SIM-001,MARGIN,USDT,[],False,{}
107911.18000000,0.00000000,107911.18000000,USDT,SIM-001,MARGIN,USDT,[],False,{}
107911.18000000,0.00000000,107911.18000000,USDT,SIM-001,MARGIN,USDT,[],False,{}
107911.18000000,0.00000000,107911.18000000,USDT,SIM-001,MARGIN,USDT,[],False,{}
107911.18000000,0.00000000,107911.18000000,USDT,SIM-001,MARGIN,USDT,[],False,{}
107911.18000000,0.00000000,107911.18000000,USDT,SIM-001,MARGIN,USDT,[],False,{}
107911.18000000,0.00000000,107911.18000000,USDT,SIM-001,MARGIN,USDT,[],False,{}
107911.18000000,0.00000000,107911.18000000,USDT,SIM-001,MARGIN,USDT,[],False,{}
107911.18000000,0.00000000,107911.18000000,USDT,SIM-001,MARGIN,USDT,[],False,{}
107911.18000000,0.00000000,107911.18000000,USDT,SIM-001,MARGIN,USDT,[],False,{}
107911.18000000,0.00000000,107911.18000000,USDT,SIM-001,MARGIN,USDT,[],False,{}
107911.18000000,0.00000000,107911.18000000,USDT,SIM-001,MARGIN,USDT,[],False,{}
107910.18000000,0.00000000,107910.18000000,USDT,SIM-001,MARGIN,USDT,[],False,{}
107910.18000000,0.00000000,107910.18000000,USDT,SIM-001,MARGIN,USDT,[],False,{}
107910.18000000,0.00000000,107910.18000000,USDT,SIM-001,MARGIN,USDT,[],False,{}
107932.14000000,0.00000000,107932.14000000,USDT,SIM-001,MARGIN,USDT,[],False,{}
107954.10000000,0.00000000,107954.10000000,USDT,SIM-001,MARGIN,USDT,[],False,{}
107954.10000000,0.00000000,107954.10000000,USDT,SIM-001,MARGIN,USDT,[],False,{}
107954.10000000,0.00000000,107954.10000000,USDT,SIM-001,MARGIN,USDT,[],False,{}
107954.10000000,0.00000000,107954.10000000,USDT,SIM-001,MARGIN,USDT,[],False,{}
107954.10000000,0.00000000,107954.10000000,USDT,SIM-001,MARGIN,USDT,[],False,{}
107954.10000000,0.00000000,107954.10000000,USDT,SIM-001,MARGIN,USDT,[],False,{}
107954.10000000,0.00000000,107954.10000000,USDT,SIM-001,MARGIN,USDT,[],False,{}
107954.10000000,0.00000000,107954.10000000,USDT,SIM-001,MARGIN,USDT,[],False,{}
107954.10000000,0.00000000,107954.10000000,USDT,SIM-001,MARGIN,USDT,[],False,{}
107954.10000000,0.00000000,107954.10000000,USDT,SIM-001,MARGIN,USDT,[],False,{}
107953.10000000,0.00000000,107953.10000000,USDT,SIM-001,MARGIN,USDT,[],False,{}
107953.10000000,0.00000000,107953.10000000,USDT,SIM-001,MARGIN,USDT,[],False,{}
107953.10000000,0.00000000,107953.10000000,USDT,SIM-001,MARGIN,USDT,[],False,{}
107952.10000000,0.00000000,107952.10000000,USDT,SIM-001,MARGIN,USDT,[],False,{}
107952.10000000,0.00000000,107952.10000000,USDT,SIM-001,MARGIN,USDT,[],False,{}
107952.10000000,0.00000000,107952.10000000,USDT,SIM-001,MARGIN,USDT,[],False,{}
107952.10000000,0.00000000,107952.10000000,USDT,SIM-001,MARGIN,USDT,[],False,{}
107952.10000000,0.00000000,107952.10000000,USDT,SIM-001,MARGIN,USDT,[],False,{}
107952.10000000,0.00000000,107952.10000000,USDT,SIM-001,MARGIN,USDT,[],False,{}
107952.10000000,0.00000000,107952.10000000,USDT,SIM-001,MARGIN,USDT,[],False,{}
107952.10000000,0.00000000,107952.10000000,USDT,SIM-001,MARGIN,USDT,[],False,{}
107952.10000000,0.00000000,107952.10000000,USDT,SIM-001,MARGIN,USDT,[],False,{}
107150.11000000,0.00000000,107150.11000000,USDT,SIM-001,MARGIN,USDT,[],False,{}
107150.11000000,0.00000000,107150.11000000,USDT,SIM-001,MARGIN,USDT,[],False,{}
107150.11000000,0.00000000,107150.11000000,USDT,SIM-001,MARGIN,USDT,[],False,{}
107150.11000000,0.00000000,107150.11000000,USDT,SIM-001,MARGIN,USDT,[],False,{}
107150.11000000,0.00000000,107150.11000000,USDT,SIM-001,MARGIN,USDT,[],False,{}
107149.11000000,0.00000000,107149.11000000,USDT,SIM-001,MARGIN,USDT,[],False,{}
107149.11000000,0.00000000,107149.11000000,USDT,SIM-001,MARGIN,USDT,[],False,{}
107149.11000000,0.00000000,107149.11000000,USDT,SIM-001,MARGIN,USDT,[],False,{}
107148.11000000,0.00000000,107148.11000000,USDT,SIM-001,MARGIN,USDT,[],False,{}
107148.11000000,0.00000000,107148.11000000,USDT,SIM-001,MARGIN,USDT,[],False,{}
107148.11000000,0.00000000,107148.11000000,USDT,SIM-001,MARGIN,USDT,[],False,{}
107148.11000000,0.00000000,107148.11000000,USDT,SIM-001,MARGIN,USDT,[],False,{}
107148.11000000,0.00000000,107148.11000000,USDT,SIM-001,MARGIN,USDT,[],False,{}
107148.11000000,0.00000000,107148.11000000,USDT,SIM-001,MARGIN,USDT,[],False,{}
107148.11000000,0.00000000,107148.11000000,USDT,SIM-001,MARGIN,USDT,[],False,{}
107148.11000000,0.00000000,107148.11000000,USDT,SIM-001,MARGIN,USDT,[],False,{}
107148.11000000,0.00000000,107148.11000000,USDT,SIM-001,MARGIN,USDT,[],False,{}
107148.11000000,0.00000000,107148.11000000,USDT,SIM-001,MARGIN,USDT,[],False,{}
107148.11000000,0.00000000,107148.11000000,USDT,SIM-001,MARGIN,USDT,[],False,{}
107148.11000000,0.00000000,107148.11000000,USDT,SIM-001,MARGIN,USDT,[],False,{}
107148.11000000,0.00000000,107148.11000000,USDT,SIM-001,MARGIN,USDT,[],False,{}
107165.94000000,0.00000000,107165.94000000,USDT,SIM-001,MARGIN,USDT,[],False,{}
107165.94000000,0.00000000,107165.94000000,USDT,SIM-001,MARGIN,USDT,[],False,{}
107165.94000000,0.00000000,107165.94000000,USDT,SIM-001,MARGIN,USDT,[],False,{}
107164.94000000,0.00000000,107164.94000000,USDT,SIM-001,MARGIN,USDT,[],False,{}
107163.94000000,0.00000000,107163.94000000,USDT,SIM-001,MARGIN,USDT,[],False,{}
107163.94000000,0.00000000,107163.94000000,USDT,SIM-001,MARGIN,USDT,[],False,{}
107163.74000000,0.00000000,107163.74000000,USDT,SIM-001,MARGIN,USDT,[],False,{}
107163.54000000,0.00000000,107163.54000000,USDT,SIM-001,MARGIN,USDT,[],False,{}
107163.54000000,0.00000000,107163.54000000,USDT,SIM-001,MARGIN,USDT,[],False,{}
107163.54000000,0.00000000,107163.54000000,USDT,SIM-001,MARGIN,USDT,[],False,{}
107163.54000000,0.00000000,107163.54000000,USDT,SIM-001,MARGIN,USDT,[],False,{}
107163.54000000,0.00000000,107163.54000000,USDT,SIM-001,MARGIN,USDT,[],False,{}
107163.54000000,0.00000000,107163.54000000,USDT,SIM-001,MARGIN,USDT,[],False,{}
107163.54000000,0.00000000,107163.54000000,USDT,SIM-001,MARGIN,USDT,[],False,{}
107163.54000000,0.00000000,107163.54000000,USDT,SIM-001,MARGIN,USDT,[],False,{}
107163.54000000,0.00000000,107163.54000000,USDT,SIM-001,MARGIN,USDT,[],False,{}
107197.33000000,0.00000000,107197.33000000,USDT,SIM-001,MARGIN,USDT,[],False,{}
107197.33000000,0.00000000,107197.33000000,USDT,SIM-001,MARGIN,USDT,[],False,{}
107197.33000000,0.00000000,107197.33000000,USDT,SIM-001,MARGIN,USDT,[],False,{}
107197.33000000,0.00000000,107197.33000000,USDT,SIM-001,MARGIN,USDT,[],False,{}
107197.33000000,0.00000000,107197.33000000,USDT,SIM-001,MARGIN,USDT,[],False,{}
107197.33000000,0.00000000,107197.33000000,USDT,SIM-001,MARGIN,USDT,[],False,{}
107197.33000000,0.00000000,107197.33000000,USDT,SIM-001,MARGIN,USDT,[],False,{}
107197.33000000,0.00000000,107197.33000000,USDT,SIM-001,MARGIN,USDT,[],False,{}
107328.66000000,0.00000000,107328.66000000,USDT,SIM-001,MARGIN,USDT,[],False,{}
107328.66000000,0.00000000,107328.66000000,USDT,SIM-001,MARGIN,USDT,[],False,{}
107328.66000000,0.00000000,107328.66000000,USDT,SIM-001,MARGIN,USDT,[],False,{}
107328.66000000,0.00000000,107328.66000000,USDT,SIM-001,MARGIN,USDT,[],False,{}
107328.66000000,0.00000000,107328.66000000,USDT,SIM-001,MARGIN,USDT,[],False,{}
107327.66000000,0.00000000,107327.66000000,USDT,SIM-001,MARGIN,USDT,[],False,{}
107327.66000000,0.00000000,107327.66000000,USDT,SIM-001,MARGIN,USDT,[],False,{}
107327.66000000,0.00000000,107327.66000000,USDT,SIM-001,MARGIN,USDT,[],False,{}
107326.66000000,0.00000000,107326.66000000,USDT,SIM-001,MARGIN,USDT,[],False,{}
107326.66000000,0.00000000,107326.66000000,USDT,SIM-001,MARGIN,USDT,[],False,{}
107326.66000000,0.00000000,107326.66000000,USDT,SIM-001,MARGIN,USDT,[],False,{}
107326.66000000,0.00000000,107326.66000000,USDT,SIM-001,MARGIN,USDT,[],False,{}
107326.66000000,0.00000000,107326.66000000,USDT,SIM-001,MARGIN,USDT,[],False,{}
107326.66000000,0.00000000,107326.66000000,USDT,SIM-001,MARGIN,USDT,[],False,{}
107326.66000000,0.00000000,107326.66000000,USDT,SIM-001,MARGIN,USDT,[],False,{}
107326.66000000,0.00000000,107326.66000000,USDT,SIM-001,MARGIN,USDT,[],False,{}
107326.66000000,0.00000000,107326.66000000,USDT,SIM-001,MARGIN,USDT,[],False,{}
107326.66000000,0.00000000,107326.66000000,USDT,SIM-001,MARGIN,USDT,[],False,{}
107326.66000000,0.00000000,107326.66000000,USDT,SIM-001,MARGIN,USDT,[],False,{}
107326.66000000,0.00000000,107326.66000000,USDT,SIM-001,MARGIN,USDT,[],False,{}
107326.66000000,0.00000000,107326.66000000,USDT,SIM-001,MARGIN,USDT,[],False,{}
107325.66000000,0.00000000,107325.66000000,USDT,SIM-001,MARGIN,USDT,[],False,{}
107325.66000000,0.00000000,107325.66000000,USDT,SIM-001,MARGIN,USDT,[],False,{}
107325.66000000,0.00000000,107325.66000000,USDT,SIM-001,MARGIN,USDT,[],False,{}
107324.66000000,0.00000000,107324.66000000,USDT,SIM-001,MARGIN,USDT,[],False,{}
107324.66000000,0.00000000,107324.66000000,USDT,SIM-001,MARGIN,USDT,[],False,{}
107324.66000000,0.00000000,107324.66000000,USDT,SIM-001,MARGIN,USDT,[],False,{}
107324.66000000,0.00000000,107324.66000000,USDT,SIM-001,MARGIN,USDT,[],False,{}
107324.66000000,0.00000000,107324.66000000,USDT,SIM-001,MARGIN,USDT,[],False,{}
107324.66000000,0.00000000,107324.66000000,USDT,SIM-001,MARGIN,USDT,[],False,{}
107324.66000000,0.00000000,107324.66000000,USDT,SIM-001,MARGIN,USDT,[],False,{}
107324.66000000,0.00000000,107324.66000000,USDT,SIM-001,MARGIN,USDT,[],False,{}
107324.66000000,0.00000000,107324.66000000,USDT,SIM-001,MARGIN,USDT,[],False,{}
106538.90000000,0.00000000,106538.90000000,USDT,SIM-001,MARGIN,USDT,[],False,{}
106538.90000000,0.00000000,106538.90000000,USDT,SIM-001,MARGIN,USDT,[],False,{}
106538.90000000,0.00000000,106538.90000000,USDT,SIM-001,MARGIN,USDT,[],False,{}
106538.90000000,0.00000000,106538.90000000,USDT,SIM-001,MARGIN,USDT,[],False,{}
106538.90000000,0.00000000,106538.90000000,USDT,SIM-001,MARGIN,USDT,[],False,{}
106537.90000000,0.00000000,106537.90000000,USDT,SIM-001,MARGIN,USDT,[],False,{}
106537.90000000,0.00000000,106537.90000000,USDT,SIM-001,MARGIN,USDT,[],False,{}
106537.90000000,0.00000000,106537.90000000,USDT,SIM-001,MARGIN,USDT,[],False,{}
106619.52000000,0.00000000,106619.52000000,USDT,SIM-001,MARGIN,USDT,[],False,{}
106619.52000000,0.00000000,106619.52000000,USDT,SIM-001,MARGIN,USDT,[],False,{}
106618.52000000,0.00000000,106618.52000000,USDT,SIM-001,MARGIN,USDT,[],False,{}
106618.52000000,0.00000000,106618.52000000,USDT,SIM-001,MARGIN,USDT,[],False,{}
106617.52000000,0.00000000,106617.52000000,USDT,SIM-001,MARGIN,USDT,[],False,{}
106616.52000000,0.00000000,106616.52000000,USDT,SIM-001,MARGIN,USDT,[],False,{}
106616.52000000,0.00000000,106616.52000000,USDT,SIM-001,MARGIN,USDT,[],False,{}
106616.52000000,0.00000000,106616.52000000,USDT,SIM-001,MARGIN,USDT,[],False,{}
106616.52000000,0.00000000,106616.52000000,USDT,SIM-001,MARGIN,USDT,[],False,{}
106616.52000000,0.00000000,106616.52000000,USDT,SIM-001,MARGIN,USDT,[],False,{}
106616.52000000,0.00000000,106616.52000000,USDT,SIM-001,MARGIN,USDT,[],False,{}
106616.52000000,0.00000000,106616.52000000,USDT,SIM-001,MARGIN,USDT,[],False,{}
106616.52000000,0.00000000,106616.52000000,USDT,SIM-001,MARGIN,USDT,[],False,{}
106616.52000000,0.00000000,106616.52000000,USDT,SIM-001,MARGIN,USDT,[],False,{}
106615.52000000,0.00000000,106615.52000000,USDT,SIM-001,MARGIN,USDT,[],False,{}
106615.52000000,0.00000000,106615.52000000,USDT,SIM-001,MARGIN,USDT,[],False,{}
106615.52000000,0.00000000,106615.52000000,USDT,SIM-001,MARGIN,USDT,[],False,{}
106615.52000000,0.00000000,106615.52000000,USDT,SIM-001,MARGIN,USDT,[],False,{}
106615.52000000,0.00000000,106615.52000000,USDT,SIM-001,MARGIN,USDT,[],False,{}
106615.52000000,0.00000000,106615.52000000,USDT,SIM-001,MARGIN,USDT,[],False,{}
106615.52000000,0.00000000,106615.52000000,USDT,SIM-001,MARGIN,USDT,[],False,{}
106615.52000000,0.00000000,106615.52000000,USDT,SIM-001,MARGIN,USDT,[],False,{}
106389.25000000,0.00000000,106389.25000000,USDT,SIM-001,MARGIN,USDT,[],False,{}
106389.25000000,0.00000000,106389.25000000,USDT,SIM-001,MARGIN,USDT,[],False,{}
106389.25000000,0.00000000,106389.25000000,USDT,SIM-001,MARGIN,USDT,[],False,{}
106389.25000000,0.00000000,106389.25000000,USDT,SIM-001,MARGIN,USDT,[],False,{}
106389.25000000,0.00000000,106389.25000000,USDT,SIM-001,MARGIN,USDT,[],False,{}
106388.25000000,0.00000000,106388.25000000,USDT,SIM-001,MARGIN,USDT,[],False,{}
106388.25000000,0.00000000,106388.25000000,USDT,SIM-001,MARGIN,USDT,[],False,{}
106388.25000000,0.00000000,106388.25000000,USDT,SIM-001,MARGIN,USDT,[],False,{}
106388.25000000,0.00000000,106388.25000000,USDT,SIM-001,MARGIN,USDT,[],False,{}
106388.25000000,0.00000000,106388.25000000,USDT,SIM-001,MARGIN,USDT,[],False,{}
106388.25000000,0.00000000,106388.25000000,USDT,SIM-001,MARGIN,USDT,[],False,{}
106388.25000000,0.00000000,106388.25000000,USDT,SIM-001,MARGIN,USDT,[],False,{}
106388.25000000,0.00000000,106388.25000000,USDT,SIM-001,MARGIN,USDT,[],False,{}
106339.53000000,0.00000000,106339.53000000,USDT,SIM-001,MARGIN,USDT,[],False,{}
106339.53000000,0.00000000,106339.53000000,USDT,SIM-001,MARGIN,USDT,[],False,{}
106339.53000000,0.00000000,106339.53000000,USDT,SIM-001,MARGIN,USDT,[],False,{}
106339.53000000,0.00000000,106339.53000000,USDT,SIM-001,MARGIN,USDT,[],False,{}
106339.53000000,0.00000000,106339.53000000,USDT,SIM-001,MARGIN,USDT,[],False,{}
106338.53000000,0.00000000,106338.53000000,USDT,SIM-001,MARGIN,USDT,[],False,{}
106338.53000000,0.00000000,106338.53000000,USDT,SIM-001,MARGIN,USDT,[],False,{}
106338.53000000,0.00000000,106338.53000000,USDT,SIM-001,MARGIN,USDT,[],False,{}
106337.89000000,0.00000000,106337.89000000,USDT,SIM-001,MARGIN,USDT,[],False,{}
106337.89000000,0.00000000,106337.89000000,USDT,SIM-001,MARGIN,USDT,[],False,{}
106337.89000000,0.00000000,106337.89000000,USDT,SIM-001,MARGIN,USDT,[],False,{}
106337.89000000,0.00000000,106337.89000000,USDT,SIM-001,MARGIN,USDT,[],False,{}
106337.89000000,0.00000000,106337.89000000,USDT,SIM-001,MARGIN,USDT,[],False,{}
106337.89000000,0.00000000,106337.89000000,USDT,SIM-001,MARGIN,USDT,[],False,{}
106337.89000000,0.00000000,106337.89000000,USDT,SIM-001,MARGIN,USDT,[],False,{}
106337.89000000,0.00000000,106337.89000000,USDT,SIM-001,MARGIN,USDT,[],False,{}
106337.89000000,0.00000000,106337.89000000,USDT,SIM-001,MARGIN,USDT,[],False,{}
105893.07000000,0.00000000,105893.07000000,USDT,SIM-001,MARGIN,USDT,[],False,{}
105893.07000000,0.00000000,105893.07000000,USDT,SIM-001,MARGIN,USDT,[],False,{}
105893.07000000,0.00000000,105893.07000000,USDT,SIM-001,MARGIN,USDT,[],False,{}
105893.07000000,0.00000000,105893.07000000,USDT,SIM-001,MARGIN,USDT,[],False,{}
105893.07000000,0.00000000,105893.07000000,USDT,SIM-001,MARGIN,USDT,[],False,{}
105893.07000000,0.00000000,105893.07000000,USDT,SIM-001,MARGIN,USDT,[],False,{}
105893.07000000,0.00000000,105893.07000000,USDT,SIM-001,MARGIN,USDT,[],False,{}
105893.07000000,0.00000000,105893.07000000,USDT,SIM-001,MARGIN,USDT,[],False,{}
105893.07000000,0.00000000,105893.07000000,USDT,SIM-001,MARGIN,USDT,[],False,{}
105893.07000000,0.00000000,105893.07000000,USDT,SIM-001,MARGIN,USDT,[],False,{}
105893.07000000,0.00000000,105893.07000000,USDT,SIM-001,MARGIN,USDT,[],False,{}
105893.07000000,0.00000000,105893.07000000,USDT,SIM-001,MARGIN,USDT,[],False,{}
105893.07000000,0.00000000,105893.07000000,USDT,SIM-001,MARGIN,USDT,[],False,{}
105892.07000000,0.00000000,105892.07000000,USDT,SIM-001,MARGIN,USDT,[],False,{}
105892.07000000,0.00000000,105892.07000000,USDT,SIM-001,MARGIN,USDT,[],False,{}
105892.07000000,0.00000000,105892.07000000,USDT,SIM-001,MARGIN,USDT,[],False,{}
105891.07000000,0.00000000,105891.07000000,USDT,SIM-001,MARGIN,USDT,[],False,{}
105891.07000000,0.00000000,105891.07000000,USDT,SIM-001,MARGIN,USDT,[],False,{}
105891.07000000,0.00000000,105891.07000000,USDT,SIM-001,MARGIN,USDT,[],False,{}
105891.07000000,0.00000000,105891.07000000,USDT,SIM-001,MARGIN,USDT,[],False,{}
105891.07000000,0.00000000,105891.07000000,USDT,SIM-001,MARGIN,USDT,[],False,{}
105891.07000000,0.00000000,105891.07000000,USDT,SIM-001,MARGIN,USDT,[],False,{}
105891.07000000,0.00000000,105891.07000000,USDT,SIM-001,MARGIN,USDT,[],False,{}
105891.07000000,0.00000000,105891.07000000,USDT,SIM-001,MARGIN,USDT,[],False,{}
105891.07000000,0.00000000,105891.07000000,USDT,SIM-001,MARGIN,USDT,[],False,{}
105578.90000000,0.00000000,105578.90000000,USDT,SIM-001,MARGIN,USDT,[],False,{}
105578.90000000,0.00000000,105578.90000000,USDT,SIM-001,MARGIN,USDT,[],False,{}
105578.90000000,0.00000000,105578.90000000,USDT,SIM-001,MARGIN,USDT,[],False,{}
105578.90000000,0.00000000,105578.90000000,USDT,SIM-001,MARGIN,USDT,[],False,{}
105578.90000000,0.00000000,105578.90000000,USDT,SIM-001,MARGIN,USDT,[],False,{}
105577.90000000,0.00000000,105577.90000000,USDT,SIM-001,MARGIN,USDT,[],False,{}
105577.90000000,0.00000000,105577.90000000,USDT,SIM-001,MARGIN,USDT,[],False,{}
105577.90000000,0.00000000,105577.90000000,USDT,SIM-001,MARGIN,USDT,[],False,{}
105577.55000000,0.00000000,105577.55000000,USDT,SIM-001,MARGIN,USDT,[],False,{}
105577.55000000,0.00000000,105577.55000000,USDT,SIM-001,MARGIN,USDT,[],False,{}
105577.55000000,0.00000000,105577.55000000,USDT,SIM-001,MARGIN,USDT,[],False,{}
105684.75000000,0.00000000,105684.75000000,USDT,SIM-001,MARGIN,USDT,[],False,{}
105718.50000000,0.00000000,105718.50000000,USDT,SIM-001,MARGIN,USDT,[],False,{}
105718.50000000,0.00000000,105718.50000000,USDT,SIM-001,MARGIN,USDT,[],False,{}
105717.50000000,0.00000000,105717.50000000,USDT,SIM-001,MARGIN,USDT,[],False,{}
105716.67000000,0.00000000,105716.67000000,USDT,SIM-001,MARGIN,USDT,[],False,{}
105715.67000000,0.00000000,105715.67000000,USDT,SIM-001,MARGIN,USDT,[],False,{}
105714.67000000,0.00000000,105714.67000000,USDT,SIM-001,MARGIN,USDT,[],False,{}
105279.76000000,0.00000000,105279.76000000,USDT,SIM-001,MARGIN,USDT,[],False,{}
105279.76000000,0.00000000,105279.76000000,USDT,SIM-001,MARGIN,USDT,[],False,{}
105279.76000000,0.00000000,105279.76000000,USDT,SIM-001,MARGIN,USDT,[],False,{}
105279.76000000,0.00000000,105279.76000000,USDT,SIM-001,MARGIN,USDT,[],False,{}
105279.76000000,0.00000000,105279.76000000,USDT,SIM-001,MARGIN,USDT,[],False,{}
105278.76000000,0.00000000,105278.76000000,USDT,SIM-001,MARGIN,USDT,[],False,{}
105278.76000000,0.00000000,105278.76000000,USDT,SIM-001,MARGIN,USDT,[],False,{}
105278.76000000,0.00000000,105278.76000000,USDT,SIM-001,MARGIN,USDT,[],False,{}
105278.76000000,0.00000000,105278.76000000,USDT,SIM-001,MARGIN,USDT,[],False,{}
105278.76000000,0.00000000,105278.76000000,USDT,SIM-001,MARGIN,USDT,[],False,{}
105278.76000000,0.00000000,105278.76000000,USDT,SIM-001,MARGIN,USDT,[],False,{}
105278.76000000,0.00000000,105278.76000000,USDT,SIM-001,MARGIN,USDT,[],False,{}
105278.76000000,0.00000000,105278.76000000,USDT,SIM-001,MARGIN,USDT,[],False,{}
105278.76000000,0.00000000,105278.76000000,USDT,SIM-001,MARGIN,USDT,[],False,{}
105278.76000000,0.00000000,105278.76000000,USDT,SIM-001,MARGIN,USDT,[],False,{}
105278.76000000,0.00000000,105278.76000000,USDT,SIM-001,MARGIN,USDT,[],False,{}
105278.76000000,0.00000000,105278.76000000,USDT,SIM-001,MARGIN,USDT,[],False,{}
105356.40000000,0.00000000,105356.40000000,USDT,SIM-001,MARGIN,USDT,[],False,{}
105356.40000000,0.00000000,105356.40000000,USDT,SIM-001,MARGIN,USDT,[],False,{}
105356.40000000,0.00000000,105356.40000000,USDT,SIM-001,MARGIN,USDT,[],False,{}
105356.94000000,0.00000000,105356.94000000,USDT,SIM-001,MARGIN,USDT,[],False,{}
105356.94000000,0.00000000,105356.94000000,USDT,SIM-001,MARGIN,USDT,[],False,{}
105356.94000000,0.00000000,105356.94000000,USDT,SIM-001,MARGIN,USDT,[],False,{}
105356.94000000,0.00000000,105356.94000000,USDT,SIM-001,MARGIN,USDT,[],False,{}
105356.94000000,0.00000000,105356.94000000,USDT,SIM-001,MARGIN,USDT,[],False,{}
105356.94000000,0.00000000,105356.94000000,USDT,SIM-001,MARGIN,USDT,[],False,{}
105356.94000000,0.00000000,105356.94000000,USDT,SIM-001,MARGIN,USDT,[],False,{}
105356.94000000,0.00000000,105356.94000000,USDT,SIM-001,MARGIN,USDT,[],False,{}
105356.94000000,0.00000000,105356.94000000,USDT,SIM-001,MARGIN,USDT,[],False,{}
105356.94000000,0.00000000,105356.94000000,USDT,SIM-001,MARGIN,USDT,[],False,{}
105356.94000000,0.00000000,105356.94000000,USDT,SIM-001,MARGIN,USDT,[],False,{}
105356.94000000,0.00000000,105356.94000000,USDT,SIM-001,MARGIN,USDT,[],False,{}
105356.94000000,0.00000000,105356.94000000,USDT,SIM-001,MARGIN,USDT,[],False,{}
105356.94000000,0.00000000,105356.94000000,USDT,SIM-001,MARGIN,USDT,[],False,{}
105295.78000000,0.00000000,105295.78000000,USDT,SIM-001,MARGIN,USDT,[],False,{}
105295.78000000,0.00000000,105295.78000000,USDT,SIM-001,MARGIN,USDT,[],False,{}
105295.78000000,0.00000000,105295.78000000,USDT,SIM-001,MARGIN,USDT,[],False,{}
105295.78000000,0.00000000,105295.78000000,USDT,SIM-001,MARGIN,USDT,[],False,{}
105294.98000000,0.00000000,105294.98000000,USDT,SIM-001,MARGIN,USDT,[],False,{}
105294.98000000,0.00000000,105294.98000000,USDT,SIM-001,MARGIN,USDT,[],False,{}
105293.98000000,0.00000000,105293.98000000,USDT,SIM-001,MARGIN,USDT,[],False,{}
105293.98000000,0.00000000,105293.98000000,USDT,SIM-001,MARGIN,USDT,[],False,{}
105293.58000000,0.00000000,105293.58000000,USDT,SIM-001,MARGIN,USDT,[],False,{}
105293.05000000,0.00000000,105293.05000000,USDT,SIM-001,MARGIN,USDT,[],False,{}
105293.05000000,0.00000000,105293.05000000,USDT,SIM-001,MARGIN,USDT,[],False,{}
105376.84000000,0.00000000,105376.84000000,USDT,SIM-001,MARGIN,USDT,[],False,{}
105460.63000000,0.00000000,105460.63000000,USDT,SIM-001,MARGIN,USDT,[],False,{}
105534.34000000,0.00000000,105534.34000000,USDT,SIM-001,MARGIN,USDT,[],False,{}
105534.34000000,0.00000000,105534.34000000,USDT,SIM-001,MARGIN,USDT,[],False,{}
105523.98000000,0.00000000,105523.98000000,USDT,SIM-001,MARGIN,USDT,[],False,{}
105523.98000000,0.00000000,105523.98000000,USDT,SIM-001,MARGIN,USDT,[],False,{}
105523.98000000,0.00000000,105523.98000000,USDT,SIM-001,MARGIN,USDT,[],False,{}
105523.98000000,0.00000000,105523.98000000,USDT,SIM-001,MARGIN,USDT,[],False,{}
105523.98000000,0.00000000,105523.98000000,USDT,SIM-001,MARGIN,USDT,[],False,{}
105522.98000000,0.00000000,105522.98000000,USDT,SIM-001,MARGIN,USDT,[],False,{}
105522.98000000,0.00000000,105522.98000000,USDT,SIM-001,MARGIN,USDT,[],False,{}
105522.98000000,0.00000000,105522.98000000,USDT,SIM-001,MARGIN,USDT,[],False,{}
105522.98000000,0.00000000,105522.98000000,USDT,SIM-001,MARGIN,USDT,[],False,{}
105522.98000000,0.00000000,105522.98000000,USDT,SIM-001,MARGIN,USDT,[],False,{}
105522.98000000,0.00000000,105522.98000000,USDT,SIM-001,MARGIN,USDT,[],False,{}
105522.98000000,0.00000000,105522.98000000,USDT,SIM-001,MARGIN,USDT,[],False,{}
105522.98000000,0.00000000,105522.98000000,USDT,SIM-001,MARGIN,USDT,[],False,{}
105522.98000000,0.00000000,105522.98000000,USDT,SIM-001,MARGIN,USDT,[],False,{}
105522.98000000,0.00000000,105522.98000000,USDT,SIM-001,MARGIN,USDT,[],False,{}
105522.98000000,0.00000000,105522.98000000,USDT,SIM-001,MARGIN,USDT,[],False,{}
105522.98000000,0.00000000,105522.98000000,USDT,SIM-001,MARGIN,USDT,[],False,{}
105521.98000000,0.00000000,105521.98000000,USDT,SIM-001,MARGIN,USDT,[],False,{}
105521.98000000,0.00000000,105521.98000000,USDT,SIM-001,MARGIN,USDT,[],False,{}
105521.98000000,0.00000000,105521.98000000,USDT,SIM-001,MARGIN,USDT,[],False,{}
105618.39000000,0.00000000,105618.39000000,USDT,SIM-001,MARGIN,USDT,[],False,{}
105711.08000000,0.00000000,105711.08000000,USDT,SIM-001,MARGIN,USDT,[],False,{}
105711.08000000,0.00000000,105711.08000000,USDT,SIM-001,MARGIN,USDT,[],False,{}
105711.08000000,0.00000000,105711.08000000,USDT,SIM-001,MARGIN,USDT,[],False,{}
105710.88000000,0.00000000,105710.88000000,USDT,SIM-001,MARGIN,USDT,[],False,{}
105710.66000000,0.00000000,105710.66000000,USDT,SIM-001,MARGIN,USDT,[],False,{}
105710.66000000,0.00000000,105710.66000000,USDT,SIM-001,MARGIN,USDT,[],False,{}
105766.22000000,0.00000000,105766.22000000,USDT,SIM-001,MARGIN,USDT,[],False,{}
105766.22000000,0.00000000,105766.22000000,USDT,SIM-001,MARGIN,USDT,[],False,{}
105765.22000000,0.00000000,105765.22000000,USDT,SIM-001,MARGIN,USDT,[],False,{}
105764.22000000,0.00000000,105764.22000000,USDT,SIM-001,MARGIN,USDT,[],False,{}
105764.22000000,0.00000000,105764.22000000,USDT,SIM-001,MARGIN,USDT,[],False,{}
105764.22000000,0.00000000,105764.22000000,USDT,SIM-001,MARGIN,USDT,[],False,{}
105764.22000000,0.00000000,105764.22000000,USDT,SIM-001,MARGIN,USDT,[],False,{}
105764.22000000,0.00000000,105764.22000000,USDT,SIM-001,MARGIN,USDT,[],False,{}
105763.22000000,0.00000000,105763.22000000,USDT,SIM-001,MARGIN,USDT,[],False,{}
105763.22000000,0.00000000,105763.22000000,USDT,SIM-001,MARGIN,USDT,[],False,{}
105763.22000000,0.00000000,105763.22000000,USDT,SIM-001,MARGIN,USDT,[],False,{}
105838.87000000,0.00000000,105838.87000000,USDT,SIM-001,MARGIN,USDT,[],False,{}
105914.52000000,0.00000000,105914.52000000,USDT,SIM-001,MARGIN,USDT,[],False,{}
105914.52000000,0.00000000,105914.52000000,USDT,SIM-001,MARGIN,USDT,[],False,{}
106010.41000000,0.00000000,106010.41000000,USDT,SIM-001,MARGIN,USDT,[],False,{}
106055.27000000,0.00000000,106055.27000000,USDT,SIM-001,MARGIN,USDT,[],False,{}
106055.27000000,0.00000000,106055.27000000,USDT,SIM-001,MARGIN,USDT,[],False,{}
106055.27000000,0.00000000,106055.27000000,USDT,SIM-001,MARGIN,USDT,[],False,{}
106055.27000000,0.00000000,106055.27000000,USDT,SIM-001,MARGIN,USDT,[],False,{}
106055.27000000,0.00000000,106055.27000000,USDT,SIM-001,MARGIN,USDT,[],False,{}
106055.27000000,0.00000000,106055.27000000,USDT,SIM-001,MARGIN,USDT,[],False,{}
106001.45000000,0.00000000,106001.45000000,USDT,SIM-001,MARGIN,USDT,[],False,{}
106001.45000000,0.00000000,106001.45000000,USDT,SIM-001,MARGIN,USDT,[],False,{}
106001.45000000,0.00000000,106001.45000000,USDT,SIM-001,MARGIN,USDT,[],False,{}
106001.45000000,0.00000000,106001.45000000,USDT,SIM-001,MARGIN,USDT,[],False,{}
106001.45000000,0.00000000,106001.45000000,USDT,SIM-001,MARGIN,USDT,[],False,{}
106000.45000000,0.00000000,106000.45000000,USDT,SIM-001,MARGIN,USDT,[],False,{}
106000.45000000,0.00000000,106000.45000000,USDT,SIM-001,MARGIN,USDT,[],False,{}
106000.45000000,0.00000000,106000.45000000,USDT,SIM-001,MARGIN,USDT,[],False,{}
106050.23000000,0.00000000,106050.23000000,USDT,SIM-001,MARGIN,USDT,[],False,{}
106049.75000000,0.00000000,106049.75000000,USDT,SIM-001,MARGIN,USDT,[],False,{}
106049.75000000,0.00000000,106049.75000000,USDT,SIM-001,MARGIN,USDT,[],False,{}
106049.75000000,0.00000000,106049.75000000,USDT,SIM-001,MARGIN,USDT,[],False,{}
106048.75000000,0.00000000,106048.75000000,USDT,SIM-001,MARGIN,USDT,[],False,{}
106047.75000000,0.00000000,106047.75000000,USDT,SIM-001,MARGIN,USDT,[],False,{}
106047.75000000,0.00000000,106047.75000000,USDT,SIM-001,MARGIN,USDT,[],False,{}
106124.52000000,0.00000000,106124.52000000,USDT,SIM-001,MARGIN,USDT,[],False,{}
106218.09000000,0.00000000,106218.09000000,USDT,SIM-001,MARGIN,USDT,[],False,{}
106311.66000000,0.00000000,106311.66000000,USDT,SIM-001,MARGIN,USDT,[],False,{}
106311.66000000,0.00000000,106311.66000000,USDT,SIM-001,MARGIN,USDT,[],False,{}
106311.66000000,0.00000000,106311.66000000,USDT,SIM-001,MARGIN,USDT,[],False,{}
106311.66000000,0.00000000,106311.66000000,USDT,SIM-001,MARGIN,USDT,[],False,{}
106311.66000000,0.00000000,106311.66000000,USDT,SIM-001,MARGIN,USDT,[],False,{}
106314.84000000,0.00000000,106314.84000000,USDT,SIM-001,MARGIN,USDT,[],False,{}
106314.84000000,0.00000000,106314.84000000,USDT,SIM-001,MARGIN,USDT,[],False,{}
106314.84000000,0.00000000,106314.84000000,USDT,SIM-001,MARGIN,USDT,[],False,{}
106314.84000000,0.00000000,106314.84000000,USDT,SIM-001,MARGIN,USDT,[],False,{}
106313.84000000,0.00000000,106313.84000000,USDT,SIM-001,MARGIN,USDT,[],False,{}
106313.84000000,0.00000000,106313.84000000,USDT,SIM-001,MARGIN,USDT,[],False,{}
106313.84000000,0.00000000,106313.84000000,USDT,SIM-001,MARGIN,USDT,[],False,{}
106364.20000000,0.00000000,106364.20000000,USDT,SIM-001,MARGIN,USDT,[],False,{}
106409.65000000,0.00000000,106409.65000000,USDT,SIM-001,MARGIN,USDT,[],False,{}
106409.65000000,0.00000000,106409.65000000,USDT,SIM-001,MARGIN,USDT,[],False,{}
106408.65000000,0.00000000,106408.65000000,USDT,SIM-001,MARGIN,USDT,[],False,{}
106407.65000000,0.00000000,106407.65000000,USDT,SIM-001,MARGIN,USDT,[],False,{}
106406.65000000,0.00000000,106406.65000000,USDT,SIM-001,MARGIN,USDT,[],False,{}
106405.65000000,0.00000000,106405.65000000,USDT,SIM-001,MARGIN,USDT,[],False,{}
107186.60000000,0.00000000,107186.60000000,USDT,SIM-001,MARGIN,USDT,[],False,{}
107186.60000000,0.00000000,107186.60000000,USDT,SIM-001,MARGIN,USDT,[],False,{}
107186.60000000,0.00000000,107186.60000000,USDT,SIM-001,MARGIN,USDT,[],False,{}
107186.60000000,0.00000000,107186.60000000,USDT,SIM-001,MARGIN,USDT,[],False,{}
107186.60000000,0.00000000,107186.60000000,USDT,SIM-001,MARGIN,USDT,[],False,{}
107185.60000000,0.00000000,107185.60000000,USDT,SIM-001,MARGIN,USDT,[],False,{}
107185.60000000,0.00000000,107185.60000000,USDT,SIM-001,MARGIN,USDT,[],False,{}
107185.60000000,0.00000000,107185.60000000,USDT,SIM-001,MARGIN,USDT,[],False,{}
107247.66000000,0.00000000,107247.66000000,USDT,SIM-001,MARGIN,USDT,[],False,{}
107247.47000000,0.00000000,107247.47000000,USDT,SIM-001,MARGIN,USDT,[],False,{}
107247.47000000,0.00000000,107247.47000000,USDT,SIM-001,MARGIN,USDT,[],False,{}
107247.47000000,0.00000000,107247.47000000,USDT,SIM-001,MARGIN,USDT,[],False,{}
107246.47000000,0.00000000,107246.47000000,USDT,SIM-001,MARGIN,USDT,[],False,{}
107245.47000000,0.00000000,107245.47000000,USDT,SIM-001,MARGIN,USDT,[],False,{}
107245.47000000,0.00000000,107245.47000000,USDT,SIM-001,MARGIN,USDT,[],False,{}
107245.47000000,0.00000000,107245.47000000,USDT,SIM-001,MARGIN,USDT,[],False,{}
107245.47000000,0.00000000,107245.47000000,USDT,SIM-001,MARGIN,USDT,[],False,{}
107245.47000000,0.00000000,107245.47000000,USDT,SIM-001,MARGIN,USDT,[],False,{}
107245.47000000,0.00000000,107245.47000000,USDT,SIM-001,MARGIN,USDT,[],False,{}
107245.47000000,0.00000000,107245.47000000,USDT,SIM-001,MARGIN,USDT,[],False,{}
107245.47000000,0.00000000,107245.47000000,USDT,SIM-001,MARGIN,USDT,[],False,{}
107245.47000000,0.00000000,107245.47000000,USDT,SIM-001,MARGIN,USDT,[],False,{}
107244.47000000,0.00000000,107244.47000000,USDT,SIM-001,MARGIN,USDT,[],False,{}
107244.47000000,0.00000000,107244.47000000,USDT,SIM-001,MARGIN,USDT,[],False,{}
107244.47000000,0.00000000,107244.47000000,USDT,SIM-001,MARGIN,USDT,[],False,{}
107244.47000000,0.00000000,107244.47000000,USDT,SIM-001,MARGIN,USDT,[],False,{}
107244.47000000,0.00000000,107244.47000000,USDT,SIM-001,MARGIN,USDT,[],False,{}
107244.47000000,0.00000000,107244.47000000,USDT,SIM-001,MARGIN,USDT,[],False,{}
107244.47000000,0.00000000,107244.47000000,USDT,SIM-001,MARGIN,USDT,[],False,{}
107244.47000000,0.00000000,107244.47000000,USDT,SIM-001,MARGIN,USDT,[],False,{}
106704.30000000,0.00000000,106704.30000000,USDT,SIM-001,MARGIN,USDT,[],False,{}
106704.30000000,0.00000000,106704.30000000,USDT,SIM-001,MARGIN,USDT,[],False,{}
106704.30000000,0.00000000,106704.30000000,USDT,SIM-001,MARGIN,USDT,[],False,{}
106704.30000000,0.00000000,106704.30000000,USDT,SIM-001,MARGIN,USDT,[],False,{}
106704.30000000,0.00000000,106704.30000000,USDT,SIM-001,MARGIN,USDT,[],False,{}
106703.30000000,0.00000000,106703.30000000,USDT,SIM-001,MARGIN,USDT,[],False,{}
106703.30000000,0.00000000,106703.30000000,USDT,SIM-001,MARGIN,USDT,[],False,{}
106703.30000000,0.00000000,106703.30000000,USDT,SIM-001,MARGIN,USDT,[],False,{}
106702.68000000,0.00000000,106702.68000000,USDT,SIM-001,MARGIN,USDT,[],False,{}
106702.68000000,0.00000000,106702.68000000,USDT,SIM-001,MARGIN,USDT,[],False,{}
106702.68000000,0.00000000,106702.68000000,USDT,SIM-001,MARGIN,USDT,[],False,{}
106702.68000000,0.00000000,106702.68000000,USDT,SIM-001,MARGIN,USDT,[],False,{}
106702.68000000,0.00000000,106702.68000000,USDT,SIM-001,MARGIN,USDT,[],False,{}
106702.68000000,0.00000000,106702.68000000,USDT,SIM-001,MARGIN,USDT,[],False,{}
106702.68000000,0.00000000,106702.68000000,USDT,SIM-001,MARGIN,USDT,[],False,{}
106702.68000000,0.00000000,106702.68000000,USDT,SIM-001,MARGIN,USDT,[],False,{}
106702.68000000,0.00000000,106702.68000000,USDT,SIM-001,MARGIN,USDT,[],False,{}
106702.68000000,0.00000000,106702.68000000,USDT,SIM-001,MARGIN,USDT,[],False,{}
106702.68000000,0.00000000,106702.68000000,USDT,SIM-001,MARGIN,USDT,[],False,{}
106702.68000000,0.00000000,106702.68000000,USDT,SIM-001,MARGIN,USDT,[],False,{}
106702.68000000,0.00000000,106702.68000000,USDT,SIM-001,MARGIN,USDT,[],False,{}
106701.68000000,0.00000000,106701.68000000,USDT,SIM-001,MARGIN,USDT,[],False,{}
106701.68000000,0.00000000,106701.68000000,USDT,SIM-001,MARGIN,USDT,[],False,{}
106701.68000000,0.00000000,106701.68000000,USDT,SIM-001,MARGIN,USDT,[],False,{}
106701.68000000,0.00000000,106701.68000000,USDT,SIM-001,MARGIN,USDT,[],False,{}
106701.68000000,0.00000000,106701.68000000,USDT,SIM-001,MARGIN,USDT,[],False,{}
106701.68000000,0.00000000,106701.68000000,USDT,SIM-001,MARGIN,USDT,[],False,{}
106701.68000000,0.00000000,106701.68000000,USDT,SIM-001,MARGIN,USDT,[],False,{}
106701.68000000,0.00000000,106701.68000000,USDT,SIM-001,MARGIN,USDT,[],False,{}
106701.68000000,0.00000000,106701.68000000,USDT,SIM-001,MARGIN,USDT,[],False,{}
106701.68000000,0.00000000,106701.68000000,USDT,SIM-001,MARGIN,USDT,[],False,{}
106701.68000000,0.00000000,106701.68000000,USDT,SIM-001,MARGIN,USDT,[],False,{}
106701.68000000,0.00000000,106701.68000000,USDT,SIM-001,MARGIN,USDT,[],False,{}
106700.68000000,0.00000000,106700.68000000,USDT,SIM-001,MARGIN,USDT,[],False,{}
106700.68000000,0.00000000,106700.68000000,USDT,SIM-001,MARGIN,USDT,[],False,{}
106700.68000000,0.00000000,106700.68000000,USDT,SIM-001,MARGIN,USDT,[],False,{}
106700.48000000,0.00000000,106700.48000000,USDT,SIM-001,MARGIN,USDT,[],False,{}
106700.48000000,0.00000000,106700.48000000,USDT,SIM-001,MARGIN,USDT,[],False,{}
106700.48000000,0.00000000,106700.48000000,USDT,SIM-001,MARGIN,USDT,[],False,{}
106682.80000000,0.00000000,106682.80000000,USDT,SIM-001,MARGIN,USDT,[],False,{}
106665.12000000,0.00000000,106665.12000000,USDT,SIM-001,MARGIN,USDT,[],False,{}
106647.44000000,0.00000000,106647.44000000,USDT,SIM-001,MARGIN,USDT,[],False,{}
106648.23000000,0.00000000,106648.23000000,USDT,SIM-001,MARGIN,USDT,[],False,{}
106648.23000000,0.00000000,106648.23000000,USDT,SIM-001,MARGIN,USDT,[],False,{}
106647.23000000,0.00000000,106647.23000000,USDT,SIM-001,MARGIN,USDT,[],False,{}
106646.23000000,0.00000000,106646.23000000,USDT,SIM-001,MARGIN,USDT,[],False,{}
106646.23000000,0.00000000,106646.23000000,USDT,SIM-001,MARGIN,USDT,[],False,{}
106646.23000000,0.00000000,106646.23000000,USDT,SIM-001,MARGIN,USDT,[],False,{}
106646.23000000,0.00000000,106646.23000000,USDT,SIM-001,MARGIN,USDT,[],False,{}
106646.23000000,0.00000000,106646.23000000,USDT,SIM-001,MARGIN,USDT,[],False,{}
106645.23000000,0.00000000,106645.23000000,USDT,SIM-001,MARGIN,USDT,[],False,{}
106645.23000000,0.00000000,106645.23000000,USDT,SIM-001,MARGIN,USDT,[],False,{}
106645.23000000,0.00000000,106645.23000000,USDT,SIM-001,MARGIN,USDT,[],False,{}
106644.23000000,0.00000000,106644.23000000,USDT,SIM-001,MARGIN,USDT,[],False,{}
106644.23000000,0.00000000,106644.23000000,USDT,SIM-001,MARGIN,USDT,[],False,{}
106644.23000000,0.00000000,106644.23000000,USDT,SIM-001,MARGIN,USDT,[],False,{}
106643.13000000,0.00000000,106643.13000000,USDT,SIM-001,MARGIN,USDT,[],False,{}
106642.03000000,0.00000000,106642.03000000,USDT,SIM-001,MARGIN,USDT,[],False,{}
106640.93000000,0.00000000,106640.93000000,USDT,SIM-001,MARGIN,USDT,[],False,{}
106659.02000000,0.00000000,106659.02000000,USDT,SIM-001,MARGIN,USDT,[],False,{}
106661.38000000,0.00000000,106661.38000000,USDT,SIM-001,MARGIN,USDT,[],False,{}
106661.38000000,0.00000000,106661.38000000,USDT,SIM-001,MARGIN,USDT,[],False,{}
106660.38000000,0.00000000,106660.38000000,USDT,SIM-001,MARGIN,USDT,[],False,{}
106660.38000000,0.00000000,106660.38000000,USDT,SIM-001,MARGIN,USDT,[],False,{}
106660.38000000,0.00000000,106660.38000000,USDT,SIM-001,MARGIN,USDT,[],False,{}
106660.38000000,0.00000000,106660.38000000,USDT,SIM-001,MARGIN,USDT,[],False,{}
106660.38000000,0.00000000,106660.38000000,USDT,SIM-001,MARGIN,USDT,[],False,{}
106770.73000000,0.00000000,106770.73000000,USDT,SIM-001,MARGIN,USDT,[],False,{}
106770.73000000,0.00000000,106770.73000000,USDT,SIM-001,MARGIN,USDT,[],False,{}
106770.73000000,0.00000000,106770.73000000,USDT,SIM-001,MARGIN,USDT,[],False,{}
106802.93000000,0.00000000,106802.93000000,USDT,SIM-001,MARGIN,USDT,[],False,{}
106802.93000000,0.00000000,106802.93000000,USDT,SIM-001,MARGIN,USDT,[],False,{}
106802.93000000,0.00000000,106802.93000000,USDT,SIM-001,MARGIN,USDT,[],False,{}
106802.93000000,0.00000000,106802.93000000,USDT,SIM-001,MARGIN,USDT,[],False,{}
106802.93000000,0.00000000,106802.93000000,USDT,SIM-001,MARGIN,USDT,[],False,{}
106802.93000000,0.00000000,106802.93000000,USDT,SIM-001,MARGIN,USDT,[],False,{}
106802.93000000,0.00000000,106802.93000000,USDT,SIM-001,MARGIN,USDT,[],False,{}
106802.93000000,0.00000000,106802.93000000,USDT,SIM-001,MARGIN,USDT,[],False,{}
106802.93000000,0.00000000,106802.93000000,USDT,SIM-001,MARGIN,USDT,[],False,{}
106802.93000000,0.00000000,106802.93000000,USDT,SIM-001,MARGIN,USDT,[],False,{}
106802.93000000,0.00000000,106802.93000000,USDT,SIM-001,MARGIN,USDT,[],False,{}
106802.93000000,0.00000000,106802.93000000,USDT,SIM-001,MARGIN,USDT,[],False,{}
106802.93000000,0.00000000,106802.93000000,USDT,SIM-001,MARGIN,USDT,[],False,{}
106863.42000000,0.00000000,106863.42000000,USDT,SIM-001,MARGIN,USDT,[],False,{}
106863.42000000,0.00000000,106863.42000000,USDT,SIM-001,MARGIN,USDT,[],False,{}
106863.42000000,0.00000000,106863.42000000,USDT,SIM-001,MARGIN,USDT,[],False,{}
106863.42000000,0.00000000,106863.42000000,USDT,SIM-001,MARGIN,USDT,[],False,{}
106862.42000000,0.00000000,106862.42000000,USDT,SIM-001,MARGIN,USDT,[],False,{}
106862.42000000,0.00000000,106862.42000000,USDT,SIM-001,MARGIN,USDT,[],False,{}
106862.42000000,0.00000000,106862.42000000,USDT,SIM-001,MARGIN,USDT,[],False,{}
106862.42000000,0.00000000,106862.42000000,USDT,SIM-001,MARGIN,USDT,[],False,{}
106862.42000000,0.00000000,106862.42000000,USDT,SIM-001,MARGIN,USDT,[],False,{}
106862.42000000,0.00000000,106862.42000000,USDT,SIM-001,MARGIN,USDT,[],False,{}
106862.42000000,0.00000000,106862.42000000,USDT,SIM-001,MARGIN,USDT,[],False,{}
106862.42000000,0.00000000,106862.42000000,USDT,SIM-001,MARGIN,USDT,[],False,{}
106862.42000000,0.00000000,106862.42000000,USDT,SIM-001,MARGIN,USDT,[],False,{}
106862.42000000,0.00000000,106862.42000000,USDT,SIM-001,MARGIN,USDT,[],False,{}
106862.42000000,0.00000000,106862.42000000,USDT,SIM-001,MARGIN,USDT,[],False,{}
106862.42000000,0.00000000,106862.42000000,USDT,SIM-001,MARGIN,USDT,[],False,{}
106862.42000000,0.00000000,106862.42000000,USDT,SIM-001,MARGIN,USDT,[],False,{}
106861.42000000,0.00000000,106861.42000000,USDT,SIM-001,MARGIN,USDT,[],False,{}
106861.42000000,0.00000000,106861.42000000,USDT,SIM-001,MARGIN,USDT,[],False,{}
106861.42000000,0.00000000,106861.42000000,USDT,SIM-001,MARGIN,USDT,[],False,{}
106860.42000000,0.00000000,106860.42000000,USDT,SIM-001,MARGIN,USDT,[],False,{}
106860.42000000,0.00000000,106860.42000000,USDT,SIM-001,MARGIN,USDT,[],False,{}
106860.42000000,0.00000000,106860.42000000,USDT,SIM-001,MARGIN,USDT,[],False,{}
106882.87000000,0.00000000,106882.87000000,USDT,SIM-001,MARGIN,USDT,[],False,{}
106905.32000000,0.00000000,106905.32000000,USDT,SIM-001,MARGIN,USDT,[],False,{}
106927.77000000,0.00000000,106927.77000000,USDT,SIM-001,MARGIN,USDT,[],False,{}
106943.67000000,0.00000000,106943.67000000,USDT,SIM-001,MARGIN,USDT,[],False,{}
106943.67000000,0.00000000,106943.67000000,USDT,SIM-001,MARGIN,USDT,[],False,{}
106942.67000000,0.00000000,106942.67000000,USDT,SIM-001,MARGIN,USDT,[],False,{}
106941.67000000,0.00000000,106941.67000000,USDT,SIM-001,MARGIN,USDT,[],False,{}
106941.67000000,0.00000000,106941.67000000,USDT,SIM-001,MARGIN,USDT,[],False,{}
106941.67000000,0.00000000,106941.67000000,USDT,SIM-001,MARGIN,USDT,[],False,{}
106941.67000000,0.00000000,106941.67000000,USDT,SIM-001,MARGIN,USDT,[],False,{}
106941.67000000,0.00000000,106941.67000000,USDT,SIM-001,MARGIN,USDT,[],False,{}
107032.83000000,0.00000000,107032.83000000,USDT,SIM-001,MARGIN,USDT,[],False,{}
107032.83000000,0.00000000,107032.83000000,USDT,SIM-001,MARGIN,USDT,[],False,{}
107032.83000000,0.00000000,107032.83000000,USDT,SIM-001,MARGIN,USDT,[],False,{}
107031.83000000,0.00000000,107031.83000000,USDT,SIM-001,MARGIN,USDT,[],False,{}
107030.83000000,0.00000000,107030.83000000,USDT,SIM-001,MARGIN,USDT,[],False,{}
107030.83000000,0.00000000,107030.83000000,USDT,SIM-001,MARGIN,USDT,[],False,{}
107029.83000000,0.00000000,107029.83000000,USDT,SIM-001,MARGIN,USDT,[],False,{}
107028.83000000,0.00000000,107028.83000000,USDT,SIM-001,MARGIN,USDT,[],False,{}
107028.83000000,0.00000000,107028.83000000,USDT,SIM-001,MARGIN,USDT,[],False,{}
107082.82000000,0.00000000,107082.82000000,USDT,SIM-001,MARGIN,USDT,[],False,{}
107171.63000000,0.00000000,107171.63000000,USDT,SIM-001,MARGIN,USDT,[],False,{}
107260.44000000,0.00000000,107260.44000000,USDT,SIM-001,MARGIN,USDT,[],False,{}
107260.44000000,0.00000000,107260.44000000,USDT,SIM-001,MARGIN,USDT,[],False,{}
107260.44000000,0.00000000,107260.44000000,USDT,SIM-001,MARGIN,USDT,[],False,{}
107260.44000000,0.00000000,107260.44000000,USDT,SIM-001,MARGIN,USDT,[],False,{}
107260.44000000,0.00000000,107260.44000000,USDT,SIM-001,MARGIN,USDT,[],False,{}
107315.50000000,0.00000000,107315.50000000,USDT,SIM-001,MARGIN,USDT,[],False,{}
107315.50000000,0.00000000,107315.50000000,USDT,SIM-001,MARGIN,USDT,[],False,{}
107315.50000000,0.00000000,107315.50000000,USDT,SIM-001,MARGIN,USDT,[],False,{}
107387.33000000,0.00000000,107387.33000000,USDT,SIM-001,MARGIN,USDT,[],False,{}
107387.33000000,0.00000000,107387.33000000,USDT,SIM-001,MARGIN,USDT,[],False,{}
107387.33000000,0.00000000,107387.33000000,USDT,SIM-001,MARGIN,USDT,[],False,{}
107387.33000000,0.00000000,107387.33000000,USDT,SIM-001,MARGIN,USDT,[],False,{}
107387.33000000,0.00000000,107387.33000000,USDT,SIM-001,MARGIN,USDT,[],False,{}
107387.33000000,0.00000000,107387.33000000,USDT,SIM-001,MARGIN,USDT,[],False,{}
107387.33000000,0.00000000,107387.33000000,USDT,SIM-001,MARGIN,USDT,[],False,{}
107387.33000000,0.00000000,107387.33000000,USDT,SIM-001,MARGIN,USDT,[],False,{}
107387.33000000,0.00000000,107387.33000000,USDT,SIM-001,MARGIN,USDT,[],False,{}
107387.33000000,0.00000000,107387.33000000,USDT,SIM-001,MARGIN,USDT,[],False,{}
107387.33000000,0.00000000,107387.33000000,USDT,SIM-001,MARGIN,USDT,[],False,{}
107387.33000000,0.00000000,107387.33000000,USDT,SIM-001,MARGIN,USDT,[],False,{}
107387.33000000,0.00000000,107387.33000000,USDT,SIM-001,MARGIN,USDT,[],False,{}
107386.33000000,0.00000000,107386.33000000,USDT,SIM-001,MARGIN,USDT,[],False,{}
107386.33000000,0.00000000,107386.33000000,USDT,SIM-001,MARGIN,USDT,[],False,{}
107386.33000000,0.00000000,107386.33000000,USDT,SIM-001,MARGIN,USDT,[],False,{}
107385.33000000,0.00000000,107385.33000000,USDT,SIM-001,MARGIN,USDT,[],False,{}
107385.33000000,0.00000000,107385.33000000,USDT,SIM-001,MARGIN,USDT,[],False,{}
107385.33000000,0.00000000,107385.33000000,USDT,SIM-001,MARGIN,USDT,[],False,{}
107437.00000000,0.00000000,107437.00000000,USDT,SIM-001,MARGIN,USDT,[],False,{}
107488.67000000,0.00000000,107488.67000000,USDT,SIM-001,MARGIN,USDT,[],False,{}
107531.73000000,0.00000000,107531.73000000,USDT,SIM-001,MARGIN,USDT,[],False,{}
107531.73000000,0.00000000,107531.73000000,USDT,SIM-001,MARGIN,USDT,[],False,{}
107530.73000000,0.00000000,107530.73000000,USDT,SIM-001,MARGIN,USDT,[],False,{}
107529.73000000,0.00000000,107529.73000000,USDT,SIM-001,MARGIN,USDT,[],False,{}
107528.73000000,0.00000000,107528.73000000,USDT,SIM-001,MARGIN,USDT,[],False,{}
107528.73000000,0.00000000,107528.73000000,USDT,SIM-001,MARGIN,USDT,[],False,{}
107528.73000000,0.00000000,107528.73000000,USDT,SIM-001,MARGIN,USDT,[],False,{}
107528.73000000,0.00000000,107528.73000000,USDT,SIM-001,MARGIN,USDT,[],False,{}
107528.73000000,0.00000000,107528.73000000,USDT,SIM-001,MARGIN,USDT,[],False,{}
107620.95000000,0.00000000,107620.95000000,USDT,SIM-001,MARGIN,USDT,[],False,{}
107620.95000000,0.00000000,107620.95000000,USDT,SIM-001,MARGIN,USDT,[],False,{}
107620.95000000,0.00000000,107620.95000000,USDT,SIM-001,MARGIN,USDT,[],False,{}
107620.95000000,0.00000000,107620.95000000,USDT,SIM-001,MARGIN,USDT,[],False,{}
107620.95000000,0.00000000,107620.95000000,USDT,SIM-001,MARGIN,USDT,[],False,{}
107620.95000000,0.00000000,107620.95000000,USDT,SIM-001,MARGIN,USDT,[],False,{}
107620.95000000,0.00000000,107620.95000000,USDT,SIM-001,MARGIN,USDT,[],False,{}
107620.95000000,0.00000000,107620.95000000,USDT,SIM-001,MARGIN,USDT,[],False,{}
107620.95000000,0.00000000,107620.95000000,USDT,SIM-001,MARGIN,USDT,[],False,{}
107620.95000000,0.00000000,107620.95000000,USDT,SIM-001,MARGIN,USDT,[],False,{}
107620.95000000,0.00000000,107620.95000000,USDT,SIM-001,MARGIN,USDT,[],False,{}
107620.95000000,0.00000000,107620.95000000,USDT,SIM-001,MARGIN,USDT,[],False,{}
107619.95000000,0.00000000,107619.95000000,USDT,SIM-001,MARGIN,USDT,[],False,{}
107619.95000000,0.00000000,107619.95000000,USDT,SIM-001,MARGIN,USDT,[],False,{}
107619.95000000,0.00000000,107619.95000000,USDT,SIM-001,MARGIN,USDT,[],False,{}
107704.63000000,0.00000000,107704.63000000,USDT,SIM-001,MARGIN,USDT,[],False,{}
107789.31000000,0.00000000,107789.31000000,USDT,SIM-001,MARGIN,USDT,[],False,{}
107789.31000000,0.00000000,107789.31000000,USDT,SIM-001,MARGIN,USDT,[],False,{}
107881.41000000,0.00000000,107881.41000000,USDT,SIM-001,MARGIN,USDT,[],False,{}
107902.70000000,0.00000000,107902.70000000,USDT,SIM-001,MARGIN,USDT,[],False,{}
107902.70000000,0.00000000,107902.70000000,USDT,SIM-001,MARGIN,USDT,[],False,{}
107902.70000000,0.00000000,107902.70000000,USDT,SIM-001,MARGIN,USDT,[],False,{}
107902.70000000,0.00000000,107902.70000000,USDT,SIM-001,MARGIN,USDT,[],False,{}
107902.70000000,0.00000000,107902.70000000,USDT,SIM-001,MARGIN,USDT,[],False,{}
107902.70000000,0.00000000,107902.70000000,USDT,SIM-001,MARGIN,USDT,[],False,{}
107902.70000000,0.00000000,107902.70000000,USDT,SIM-001,MARGIN,USDT,[],False,{}
107902.70000000,0.00000000,107902.70000000,USDT,SIM-001,MARGIN,USDT,[],False,{}
107902.70000000,0.00000000,107902.70000000,USDT,SIM-001,MARGIN,USDT,[],False,{}
107902.70000000,0.00000000,107902.70000000,USDT,SIM-001,MARGIN,USDT,[],False,{}
107896.28000000,0.00000000,107896.28000000,USDT,SIM-001,MARGIN,USDT,[],False,{}
107896.28000000,0.00000000,107896.28000000,USDT,SIM-001,MARGIN,USDT,[],False,{}
107896.28000000,0.00000000,107896.28000000,USDT,SIM-001,MARGIN,USDT,[],False,{}
107896.28000000,0.00000000,107896.28000000,USDT,SIM-001,MARGIN,USDT,[],False,{}
107895.28000000,0.00000000,107895.28000000,USDT,SIM-001,MARGIN,USDT,[],False,{}
107895.28000000,0.00000000,107895.28000000,USDT,SIM-001,MARGIN,USDT,[],False,{}
107895.28000000,0.00000000,107895.28000000,USDT,SIM-001,MARGIN,USDT,[],False,{}
107895.28000000,0.00000000,107895.28000000,USDT,SIM-001,MARGIN,USDT,[],False,{}
107895.28000000,0.00000000,107895.28000000,USDT,SIM-001,MARGIN,USDT,[],False,{}
107895.28000000,0.00000000,107895.28000000,USDT,SIM-001,MARGIN,USDT,[],False,{}
107895.28000000,0.00000000,107895.28000000,USDT,SIM-001,MARGIN,USDT,[],False,{}
107895.28000000,0.00000000,107895.28000000,USDT,SIM-001,MARGIN,USDT,[],False,{}
107895.28000000,0.00000000,107895.28000000,USDT,SIM-001,MARGIN,USDT,[],False,{}
107895.28000000,0.00000000,107895.28000000,USDT,SIM-001,MARGIN,USDT,[],False,{}
107895.28000000,0.00000000,107895.28000000,USDT,SIM-001,MARGIN,USDT,[],False,{}
107895.28000000,0.00000000,107895.28000000,USDT,SIM-001,MARGIN,USDT,[],False,{}
107895.28000000,0.00000000,107895.28000000,USDT,SIM-001,MARGIN,USDT,[],False,{}
107894.28000000,0.00000000,107894.28000000,USDT,SIM-001,MARGIN,USDT,[],False,{}
107894.28000000,0.00000000,107894.28000000,USDT,SIM-001,MARGIN,USDT,[],False,{}
107894.28000000,0.00000000,107894.28000000,USDT,SIM-001,MARGIN,USDT,[],False,{}
107894.08000000,0.00000000,107894.08000000,USDT,SIM-001,MARGIN,USDT,[],False,{}
107894.08000000,0.00000000,107894.08000000,USDT,SIM-001,MARGIN,USDT,[],False,{}
107894.08000000,0.00000000,107894.08000000,USDT,SIM-001,MARGIN,USDT,[],False,{}
107894.08000000,0.00000000,107894.08000000,USDT,SIM-001,MARGIN,USDT,[],False,{}
107894.08000000,0.00000000,107894.08000000,USDT,SIM-001,MARGIN,USDT,[],False,{}
107894.08000000,0.00000000,107894.08000000,USDT,SIM-001,MARGIN,USDT,[],False,{}
107894.08000000,0.00000000,107894.08000000,USDT,SIM-001,MARGIN,USDT,[],False,{}
107894.08000000,0.00000000,107894.08000000,USDT,SIM-001,MARGIN,USDT,[],False,{}
107894.08000000,0.00000000,107894.08000000,USDT,SIM-001,MARGIN,USDT,[],False,{}
107383.20000000,0.00000000,107383.20000000,USDT,SIM-001,MARGIN,USDT,[],False,{}
107383.20000000,0.00000000,107383.20000000,USDT,SIM-001,MARGIN,USDT,[],False,{}
107383.20000000,0.00000000,107383.20000000,USDT,SIM-001,MARGIN,USDT,[],False,{}
107383.20000000,0.00000000,107383.20000000,USDT,SIM-001,MARGIN,USDT,[],False,{}
107383.20000000,0.00000000,107383.20000000,USDT,SIM-001,MARGIN,USDT,[],False,{}
107382.20000000,0.00000000,107382.20000000,USDT,SIM-001,MARGIN,USDT,[],False,{}
107382.20000000,0.00000000,107382.20000000,USDT,SIM-001,MARGIN,USDT,[],False,{}
107382.20000000,0.00000000,107382.20000000,USDT,SIM-001,MARGIN,USDT,[],False,{}
107381.20000000,0.00000000,107381.20000000,USDT,SIM-001,MARGIN,USDT,[],False,{}
107381.20000000,0.00000000,107381.20000000,USDT,SIM-001,MARGIN,USDT,[],False,{}
107381.20000000,0.00000000,107381.20000000,USDT,SIM-001,MARGIN,USDT,[],False,{}
107439.63000000,0.00000000,107439.63000000,USDT,SIM-001,MARGIN,USDT,[],False,{}
107496.67000000,0.00000000,107496.67000000,USDT,SIM-001,MARGIN,USDT,[],False,{}
107496.67000000,0.00000000,107496.67000000,USDT,SIM-001,MARGIN,USDT,[],False,{}
107495.67000000,0.00000000,107495.67000000,USDT,SIM-001,MARGIN,USDT,[],False,{}
107494.67000000,0.00000000,107494.67000000,USDT,SIM-001,MARGIN,USDT,[],False,{}
107493.67000000,0.00000000,107493.67000000,USDT,SIM-001,MARGIN,USDT,[],False,{}
107492.67000000,0.00000000,107492.67000000,USDT,SIM-001,MARGIN,USDT,[],False,{}
107253.32000000,0.00000000,107253.32000000,USDT,SIM-001,MARGIN,USDT,[],False,{}
107253.32000000,0.00000000,107253.32000000,USDT,SIM-001,MARGIN,USDT,[],False,{}
107253.32000000,0.00000000,107253.32000000,USDT,SIM-001,MARGIN,USDT,[],False,{}
107253.32000000,0.00000000,107253.32000000,USDT,SIM-001,MARGIN,USDT,[],False,{}
107253.32000000,0.00000000,107253.32000000,USDT,SIM-001,MARGIN,USDT,[],False,{}
107252.32000000,0.00000000,107252.32000000,USDT,SIM-001,MARGIN,USDT,[],False,{}
107252.32000000,0.00000000,107252.32000000,USDT,SIM-001,MARGIN,USDT,[],False,{}
107252.32000000,0.00000000,107252.32000000,USDT,SIM-001,MARGIN,USDT,[],False,{}
107251.32000000,0.00000000,107251.32000000,USDT,SIM-001,MARGIN,USDT,[],False,{}
107251.32000000,0.00000000,107251.32000000,USDT,SIM-001,MARGIN,USDT,[],False,{}
107251.32000000,0.00000000,107251.32000000,USDT,SIM-001,MARGIN,USDT,[],False,{}
107251.32000000,0.00000000,107251.32000000,USDT,SIM-001,MARGIN,USDT,[],False,{}
107251.32000000,0.00000000,107251.32000000,USDT,SIM-001,MARGIN,USDT,[],False,{}
107251.32000000,0.00000000,107251.32000000,USDT,SIM-001,MARGIN,USDT,[],False,{}
107251.32000000,0.00000000,107251.32000000,USDT,SIM-001,MARGIN,USDT,[],False,{}
107251.32000000,0.00000000,107251.32000000,USDT,SIM-001,MARGIN,USDT,[],False,{}
107251.32000000,0.00000000,107251.32000000,USDT,SIM-001,MARGIN,USDT,[],False,{}
107251.32000000,0.00000000,107251.32000000,USDT,SIM-001,MARGIN,USDT,[],False,{}
107251.32000000,0.00000000,107251.32000000,USDT,SIM-001,MARGIN,USDT,[],False,{}
107251.32000000,0.00000000,107251.32000000,USDT,SIM-001,MARGIN,USDT,[],False,{}
107251.32000000,0.00000000,107251.32000000,USDT,SIM-001,MARGIN,USDT,[],False,{}
107214.38000000,0.00000000,107214.38000000,USDT,SIM-001,MARGIN,USDT,[],False,{}
107214.38000000,0.00000000,107214.38000000,USDT,SIM-001,MARGIN,USDT,[],False,{}
107214.38000000,0.00000000,107214.38000000,USDT,SIM-001,MARGIN,USDT,[],False,{}
107218.46000000,0.00000000,107218.46000000,USDT,SIM-001,MARGIN,USDT,[],False,{}
107218.46000000,0.00000000,107218.46000000,USDT,SIM-001,MARGIN,USDT,[],False,{}
107218.46000000,0.00000000,107218.46000000,USDT,SIM-001,MARGIN,USDT,[],False,{}
107218.46000000,0.00000000,107218.46000000,USDT,SIM-001,MARGIN,USDT,[],False,{}
107218.46000000,0.00000000,107218.46000000,USDT,SIM-001,MARGIN,USDT,[],False,{}
107218.46000000,0.00000000,107218.46000000,USDT,SIM-001,MARGIN,USDT,[],False,{}
107218.46000000,0.00000000,107218.46000000,USDT,SIM-001,MARGIN,USDT,[],False,{}
107218.46000000,0.00000000,107218.46000000,USDT,SIM-001,MARGIN,USDT,[],False,{}
107218.46000000,0.00000000,107218.46000000,USDT,SIM-001,MARGIN,USDT,[],False,{}
107218.46000000,0.00000000,107218.46000000,USDT,SIM-001,MARGIN,USDT,[],False,{}
107218.46000000,0.00000000,107218.46000000,USDT,SIM-001,MARGIN,USDT,[],False,{}
107218.46000000,0.00000000,107218.46000000,USDT,SIM-001,MARGIN,USDT,[],False,{}
107218.46000000,0.00000000,107218.46000000,USDT,SIM-001,MARGIN,USDT,[],False,{}
107218.46000000,0.00000000,107218.46000000,USDT,SIM-001,MARGIN,USDT,[],False,{}
107217.25000000,0.00000000,107217.25000000,USDT,SIM-001,MARGIN,USDT,[],False,{}
107217.25000000,0.00000000,107217.25000000,USDT,SIM-001,MARGIN,USDT,[],False,{}
107217.25000000,0.00000000,107217.25000000,USDT,SIM-001,MARGIN,USDT,[],False,{}
107217.25000000,0.00000000,107217.25000000,USDT,SIM-001,MARGIN,USDT,[],False,{}
107258.87000000,0.00000000,107258.87000000,USDT,SIM-001,MARGIN,USDT,[],False,{}
107257.97000000,0.00000000,107257.97000000,USDT,SIM-001,MARGIN,USDT,[],False,{}
107257.97000000,0.00000000,107257.97000000,USDT,SIM-001,MARGIN,USDT,[],False,{}
107257.97000000,0.00000000,107257.97000000,USDT,SIM-001,MARGIN,USDT,[],False,{}
107256.97000000,0.00000000,107256.97000000,USDT,SIM-001,MARGIN,USDT,[],False,{}
107255.97000000,0.00000000,107255.97000000,USDT,SIM-001,MARGIN,USDT,[],False,{}
107255.97000000,0.00000000,107255.97000000,USDT,SIM-001,MARGIN,USDT,[],False,{}
107255.97000000,0.00000000,107255.97000000,USDT,SIM-001,MARGIN,USDT,[],False,{}
107255.97000000,0.00000000,107255.97000000,USDT,SIM-001,MARGIN,USDT,[],False,{}
107255.97000000,0.00000000,107255.97000000,USDT,SIM-001,MARGIN,USDT,[],False,{}
106685.36000000,0.00000000,106685.36000000,USDT,SIM-001,MARGIN,USDT,[],False,{}
106685.36000000,0.00000000,106685.36000000,USDT,SIM-001,MARGIN,USDT,[],False,{}
106685.36000000,0.00000000,106685.36000000,USDT,SIM-001,MARGIN,USDT,[],False,{}
106685.36000000,0.00000000,106685.36000000,USDT,SIM-001,MARGIN,USDT,[],False,{}
106685.36000000,0.00000000,106685.36000000,USDT,SIM-001,MARGIN,USDT,[],False,{}
106684.36000000,0.00000000,106684.36000000,USDT,SIM-001,MARGIN,USDT,[],False,{}
106684.36000000,0.00000000,106684.36000000,USDT,SIM-001,MARGIN,USDT,[],False,{}
106684.36000000,0.00000000,106684.36000000,USDT,SIM-001,MARGIN,USDT,[],False,{}
106769.88000000,0.00000000,106769.88000000,USDT,SIM-001,MARGIN,USDT,[],False,{}
106769.88000000,0.00000000,106769.88000000,USDT,SIM-001,MARGIN,USDT,[],False,{}
106768.88000000,0.00000000,106768.88000000,USDT,SIM-001,MARGIN,USDT,[],False,{}
106768.88000000,0.00000000,106768.88000000,USDT,SIM-001,MARGIN,USDT,[],False,{}
106767.88000000,0.00000000,106767.88000000,USDT,SIM-001,MARGIN,USDT,[],False,{}
106766.88000000,0.00000000,106766.88000000,USDT,SIM-001,MARGIN,USDT,[],False,{}
106766.88000000,0.00000000,106766.88000000,USDT,SIM-001,MARGIN,USDT,[],False,{}
106766.88000000,0.00000000,106766.88000000,USDT,SIM-001,MARGIN,USDT,[],False,{}
106766.88000000,0.00000000,106766.88000000,USDT,SIM-001,MARGIN,USDT,[],False,{}
106766.88000000,0.00000000,106766.88000000,USDT,SIM-001,MARGIN,USDT,[],False,{}
106766.88000000,0.00000000,106766.88000000,USDT,SIM-001,MARGIN,USDT,[],False,{}
106766.88000000,0.00000000,106766.88000000,USDT,SIM-001,MARGIN,USDT,[],False,{}
106766.88000000,0.00000000,106766.88000000,USDT,SIM-001,MARGIN,USDT,[],False,{}
106766.88000000,0.00000000,106766.88000000,USDT,SIM-001,MARGIN,USDT,[],False,{}
106851.52000000,0.00000000,106851.52000000,USDT,SIM-001,MARGIN,USDT,[],False,{}
106851.52000000,0.00000000,106851.52000000,USDT,SIM-001,MARGIN,USDT,[],False,{}
106851.52000000,0.00000000,106851.52000000,USDT,SIM-001,MARGIN,USDT,[],False,{}
106851.52000000,0.00000000,106851.52000000,USDT,SIM-001,MARGIN,USDT,[],False,{}
106851.52000000,0.00000000,106851.52000000,USDT,SIM-001,MARGIN,USDT,[],False,{}
106851.52000000,0.00000000,106851.52000000,USDT,SIM-001,MARGIN,USDT,[],False,{}
106851.52000000,0.00000000,106851.52000000,USDT,SIM-001,MARGIN,USDT,[],False,{}
106851.52000000,0.00000000,106851.52000000,USDT,SIM-001,MARGIN,USDT,[],False,{}
106851.52000000,0.00000000,106851.52000000,USDT,SIM-001,MARGIN,USDT,[],False,{}
106851.52000000,0.00000000,106851.52000000,USDT,SIM-001,MARGIN,USDT,[],False,{}
106851.52000000,0.00000000,106851.52000000,USDT,SIM-001,MARGIN,USDT,[],False,{}
106851.52000000,0.00000000,106851.52000000,USDT,SIM-001,MARGIN,USDT,[],False,{}
106907.23000000,0.00000000,106907.23000000,USDT,SIM-001,MARGIN,USDT,[],False,{}
106907.23000000,0.00000000,106907.23000000,USDT,SIM-001,MARGIN,USDT,[],False,{}
106907.23000000,0.00000000,106907.23000000,USDT,SIM-001,MARGIN,USDT,[],False,{}
106980.58000000,0.00000000,106980.58000000,USDT,SIM-001,MARGIN,USDT,[],False,{}
106980.58000000,0.00000000,106980.58000000,USDT,SIM-001,MARGIN,USDT,[],False,{}
106980.58000000,0.00000000,106980.58000000,USDT,SIM-001,MARGIN,USDT,[],False,{}
106979.58000000,0.00000000,106979.58000000,USDT,SIM-001,MARGIN,USDT,[],False,{}
106978.58000000,0.00000000,106978.58000000,USDT,SIM-001,MARGIN,USDT,[],False,{}
106977.58000000,0.00000000,106977.58000000,USDT,SIM-001,MARGIN,USDT,[],False,{}
106976.58000000,0.00000000,106976.58000000,USDT,SIM-001,MARGIN,USDT,[],False,{}
106975.58000000,0.00000000,106975.58000000,USDT,SIM-001,MARGIN,USDT,[],False,{}
106974.58000000,0.00000000,106974.58000000,USDT,SIM-001,MARGIN,USDT,[],False,{}
106974.58000000,0.00000000,106974.58000000,USDT,SIM-001,MARGIN,USDT,[],False,{}
106974.58000000,0.00000000,106974.58000000,USDT,SIM-001,MARGIN,USDT,[],False,{}
106974.58000000,0.00000000,106974.58000000,USDT,SIM-001,MARGIN,USDT,[],False,{}
106974.58000000,0.00000000,106974.58000000,USDT,SIM-001,MARGIN,USDT,[],False,{}
105321.56000000,0.00000000,105321.56000000,USDT,SIM-001,MARGIN,USDT,[],False,{}
105321.56000000,0.00000000,105321.56000000,USDT,SIM-001,MARGIN,USDT,[],False,{}
105321.56000000,0.00000000,105321.56000000,USDT,SIM-001,MARGIN,USDT,[],False,{}
105321.56000000,0.00000000,105321.56000000,USDT,SIM-001,MARGIN,USDT,[],False,{}
105321.56000000,0.00000000,105321.56000000,USDT,SIM-001,MARGIN,USDT,[],False,{}
105320.56000000,0.00000000,105320.56000000,USDT,SIM-001,MARGIN,USDT,[],False,{}
105320.56000000,0.00000000,105320.56000000,USDT,SIM-001,MARGIN,USDT,[],False,{}
105320.56000000,0.00000000,105320.56000000,USDT,SIM-001,MARGIN,USDT,[],False,{}
105319.65000000,0.00000000,105319.65000000,USDT,SIM-001,MARGIN,USDT,[],False,{}
105319.65000000,0.00000000,105319.65000000,USDT,SIM-001,MARGIN,USDT,[],False,{}
105319.65000000,0.00000000,105319.65000000,USDT,SIM-001,MARGIN,USDT,[],False,{}
105319.65000000,0.00000000,105319.65000000,USDT,SIM-001,MARGIN,USDT,[],False,{}
105319.65000000,0.00000000,105319.65000000,USDT,SIM-001,MARGIN,USDT,[],False,{}
105319.65000000,0.00000000,105319.65000000,USDT,SIM-001,MARGIN,USDT,[],False,{}
105319.65000000,0.00000000,105319.65000000,USDT,SIM-001,MARGIN,USDT,[],False,{}
105319.65000000,0.00000000,105319.65000000,USDT,SIM-001,MARGIN,USDT,[],False,{}
105319.65000000,0.00000000,105319.65000000,USDT,SIM-001,MARGIN,USDT,[],False,{}
104989.02000000,0.00000000,104989.02000000,USDT,SIM-001,MARGIN,USDT,[],False,{}
104989.02000000,0.00000000,104989.02000000,USDT,SIM-001,MARGIN,USDT,[],False,{}
104989.02000000,0.00000000,104989.02000000,USDT,SIM-001,MARGIN,USDT,[],False,{}
104989.02000000,0.00000000,104989.02000000,USDT,SIM-001,MARGIN,USDT,[],False,{}
104989.02000000,0.00000000,104989.02000000,USDT,SIM-001,MARGIN,USDT,[],False,{}
104988.02000000,0.00000000,104988.02000000,USDT,SIM-001,MARGIN,USDT,[],False,{}
104988.02000000,0.00000000,104988.02000000,USDT,SIM-001,MARGIN,USDT,[],False,{}
104988.02000000,0.00000000,104988.02000000,USDT,SIM-001,MARGIN,USDT,[],False,{}
104987.02000000,0.00000000,104987.02000000,USDT,SIM-001,MARGIN,USDT,[],False,{}
104987.02000000,0.00000000,104987.02000000,USDT,SIM-001,MARGIN,USDT,[],False,{}
104987.02000000,0.00000000,104987.02000000,USDT,SIM-001,MARGIN,USDT,[],False,{}
104987.02000000,0.00000000,104987.02000000,USDT,SIM-001,MARGIN,USDT,[],False,{}
104987.02000000,0.00000000,104987.02000000,USDT,SIM-001,MARGIN,USDT,[],False,{}
104987.02000000,0.00000000,104987.02000000,USDT,SIM-001,MARGIN,USDT,[],False,{}
104987.02000000,0.00000000,104987.02000000,USDT,SIM-001,MARGIN,USDT,[],False,{}
104987.02000000,0.00000000,104987.02000000,USDT,SIM-001,MARGIN,USDT,[],False,{}
104987.02000000,0.00000000,104987.02000000,USDT,SIM-001,MARGIN,USDT,[],False,{}
104987.02000000,0.00000000,104987.02000000,USDT,SIM-001,MARGIN,USDT,[],False,{}
104987.02000000,0.00000000,104987.02000000,USDT,SIM-001,MARGIN,USDT,[],False,{}
104987.02000000,0.00000000,104987.02000000,USDT,SIM-001,MARGIN,USDT,[],False,{}
104987.02000000,0.00000000,104987.02000000,USDT,SIM-001,MARGIN,USDT,[],False,{}
104986.02000000,0.00000000,104986.02000000,USDT,SIM-001,MARGIN,USDT,[],False,{}
104986.02000000,0.00000000,104986.02000000,USDT,SIM-001,MARGIN,USDT,[],False,{}
104986.02000000,0.00000000,104986.02000000,USDT,SIM-001,MARGIN,USDT,[],False,{}
104985.02000000,0.00000000,104985.02000000,USDT,SIM-001,MARGIN,USDT,[],False,{}
104985.02000000,0.00000000,104985.02000000,USDT,SIM-001,MARGIN,USDT,[],False,{}
104985.02000000,0.00000000,104985.02000000,USDT,SIM-001,MARGIN,USDT,[],False,{}
104989.74000000,0.00000000,104989.74000000,USDT,SIM-001,MARGIN,USDT,[],False,{}
104994.46000000,0.00000000,104994.46000000,USDT,SIM-001,MARGIN,USDT,[],False,{}
104999.18000000,0.00000000,104999.18000000,USDT,SIM-001,MARGIN,USDT,[],False,{}
105027.30000000,0.00000000,105027.30000000,USDT,SIM-001,MARGIN,USDT,[],False,{}
105026.57000000,0.00000000,105026.57000000,USDT,SIM-001,MARGIN,USDT,[],False,{}
105026.57000000,0.00000000,105026.57000000,USDT,SIM-001,MARGIN,USDT,[],False,{}
105025.57000000,0.00000000,105025.57000000,USDT,SIM-001,MARGIN,USDT,[],False,{}
105025.57000000,0.00000000,105025.57000000,USDT,SIM-001,MARGIN,USDT,[],False,{}
105025.57000000,0.00000000,105025.57000000,USDT,SIM-001,MARGIN,USDT,[],False,{}
105025.57000000,0.00000000,105025.57000000,USDT,SIM-001,MARGIN,USDT,[],False,{}
105025.57000000,0.00000000,105025.57000000,USDT,SIM-001,MARGIN,USDT,[],False,{}
105074.35000000,0.00000000,105074.35000000,USDT,SIM-001,MARGIN,USDT,[],False,{}
105074.35000000,0.00000000,105074.35000000,USDT,SIM-001,MARGIN,USDT,[],False,{}
105074.35000000,0.00000000,105074.35000000,USDT,SIM-001,MARGIN,USDT,[],False,{}
105149.57000000,0.00000000,105149.57000000,USDT,SIM-001,MARGIN,USDT,[],False,{}
105149.57000000,0.00000000,105149.57000000,USDT,SIM-001,MARGIN,USDT,[],False,{}
105149.57000000,0.00000000,105149.57000000,USDT,SIM-001,MARGIN,USDT,[],False,{}
105149.57000000,0.00000000,105149.57000000,USDT,SIM-001,MARGIN,USDT,[],False,{}
105151.56000000,0.00000000,105151.56000000,USDT,SIM-001,MARGIN,USDT,[],False,{}
105151.56000000,0.00000000,105151.56000000,USDT,SIM-001,MARGIN,USDT,[],False,{}
105150.56000000,0.00000000,105150.56000000,USDT,SIM-001,MARGIN,USDT,[],False,{}
105149.56000000,0.00000000,105149.56000000,USDT,SIM-001,MARGIN,USDT,[],False,{}
105148.56000000,0.00000000,105148.56000000,USDT,SIM-001,MARGIN,USDT,[],False,{}
105147.56000000,0.00000000,105147.56000000,USDT,SIM-001,MARGIN,USDT,[],False,{}
105146.56000000,0.00000000,105146.56000000,USDT,SIM-001,MARGIN,USDT,[],False,{}
103829.08000000,0.00000000,103829.08000000,USDT,SIM-001,MARGIN,USDT,[],False,{}
103829.08000000,0.00000000,103829.08000000,USDT,SIM-001,MARGIN,USDT,[],False,{}
103829.08000000,0.00000000,103829.08000000,USDT,SIM-001,MARGIN,USDT,[],False,{}
103829.08000000,0.00000000,103829.08000000,USDT,SIM-001,MARGIN,USDT,[],False,{}
103829.08000000,0.00000000,103829.08000000,USDT,SIM-001,MARGIN,USDT,[],False,{}
103828.08000000,0.00000000,103828.08000000,USDT,SIM-001,MARGIN,USDT,[],False,{}
103828.08000000,0.00000000,103828.08000000,USDT,SIM-001,MARGIN,USDT,[],False,{}
103828.08000000,0.00000000,103828.08000000,USDT,SIM-001,MARGIN,USDT,[],False,{}
103827.08000000,0.00000000,103827.08000000,USDT,SIM-001,MARGIN,USDT,[],False,{}
103827.08000000,0.00000000,103827.08000000,USDT,SIM-001,MARGIN,USDT,[],False,{}
103827.08000000,0.00000000,103827.08000000,USDT,SIM-001,MARGIN,USDT,[],False,{}
103827.08000000,0.00000000,103827.08000000,USDT,SIM-001,MARGIN,USDT,[],False,{}
103827.08000000,0.00000000,103827.08000000,USDT,SIM-001,MARGIN,USDT,[],False,{}
103827.08000000,0.00000000,103827.08000000,USDT,SIM-001,MARGIN,USDT,[],False,{}
103827.08000000,0.00000000,103827.08000000,USDT,SIM-001,MARGIN,USDT,[],False,{}
103827.08000000,0.00000000,103827.08000000,USDT,SIM-001,MARGIN,USDT,[],False,{}
103827.08000000,0.00000000,103827.08000000,USDT,SIM-001,MARGIN,USDT,[],False,{}
103827.08000000,0.00000000,103827.08000000,USDT,SIM-001,MARGIN,USDT,[],False,{}
103827.08000000,0.00000000,103827.08000000,USDT,SIM-001,MARGIN,USDT,[],False,{}
103827.08000000,0.00000000,103827.08000000,USDT,SIM-001,MARGIN,USDT,[],False,{}
103827.08000000,0.00000000,103827.08000000,USDT,SIM-001,MARGIN,USDT,[],False,{}
103756.90000000,0.00000000,103756.90000000,USDT,SIM-001,MARGIN,USDT,[],False,{}
103756.90000000,0.00000000,103756.90000000,USDT,SIM-001,MARGIN,USDT,[],False,{}
103756.90000000,0.00000000,103756.90000000,USDT,SIM-001,MARGIN,USDT,[],False,{}
103752.31000000,0.00000000,103752.31000000,USDT,SIM-001,MARGIN,USDT,[],False,{}
103752.31000000,0.00000000,103752.31000000,USDT,SIM-001,MARGIN,USDT,[],False,{}
103752.31000000,0.00000000,103752.31000000,USDT,SIM-001,MARGIN,USDT,[],False,{}
103752.31000000,0.00000000,103752.31000000,USDT,SIM-001,MARGIN,USDT,[],False,{}
103752.31000000,0.00000000,103752.31000000,USDT,SIM-001,MARGIN,USDT,[],False,{}
103752.31000000,0.00000000,103752.31000000,USDT,SIM-001,MARGIN,USDT,[],False,{}
103752.31000000,0.00000000,103752.31000000,USDT,SIM-001,MARGIN,USDT,[],False,{}
103752.31000000,0.00000000,103752.31000000,USDT,SIM-001,MARGIN,USDT,[],False,{}
103752.31000000,0.00000000,103752.31000000,USDT,SIM-001,MARGIN,USDT,[],False,{}
103752.31000000,0.00000000,103752.31000000,USDT,SIM-001,MARGIN,USDT,[],False,{}
103752.31000000,0.00000000,103752.31000000,USDT,SIM-001,MARGIN,USDT,[],False,{}
103752.31000000,0.00000000,103752.31000000,USDT,SIM-001,MARGIN,USDT,[],False,{}
103752.31000000,0.00000000,103752.31000000,USDT,SIM-001,MARGIN,USDT,[],False,{}
103752.31000000,0.00000000,103752.31000000,USDT,SIM-001,MARGIN,USDT,[],False,{}
103751.31000000,0.00000000,103751.31000000,USDT,SIM-001,MARGIN,USDT,[],False,{}
103751.31000000,0.00000000,103751.31000000,USDT,SIM-001,MARGIN,USDT,[],False,{}
103751.31000000,0.00000000,103751.31000000,USDT,SIM-001,MARGIN,USDT,[],False,{}
103750.31000000,0.00000000,103750.31000000,USDT,SIM-001,MARGIN,USDT,[],False,{}
103750.31000000,0.00000000,103750.31000000,USDT,SIM-001,MARGIN,USDT,[],False,{}
103750.31000000,0.00000000,103750.31000000,USDT,SIM-001,MARGIN,USDT,[],False,{}
103750.31000000,0.00000000,103750.31000000,USDT,SIM-001,MARGIN,USDT,[],False,{}
103750.31000000,0.00000000,103750.31000000,USDT,SIM-001,MARGIN,USDT,[],False,{}
103750.31000000,0.00000000,103750.31000000,USDT,SIM-001,MARGIN,USDT,[],False,{}
103750.31000000,0.00000000,103750.31000000,USDT,SIM-001,MARGIN,USDT,[],False,{}
103750.31000000,0.00000000,103750.31000000,USDT,SIM-001,MARGIN,USDT,[],False,{}
103750.31000000,0.00000000,103750.31000000,USDT,SIM-001,MARGIN,USDT,[],False,{}
103375.53000000,0.00000000,103375.53000000,USDT,SIM-001,MARGIN,USDT,[],False,{}
103375.53000000,0.00000000,103375.53000000,USDT,SIM-001,MARGIN,USDT,[],False,{}
103375.53000000,0.00000000,103375.53000000,USDT,SIM-001,MARGIN,USDT,[],False,{}
103375.53000000,0.00000000,103375.53000000,USDT,SIM-001,MARGIN,USDT,[],False,{}
103375.53000000,0.00000000,103375.53000000,USDT,SIM-001,MARGIN,USDT,[],False,{}
103374.53000000,0.00000000,103374.53000000,USDT,SIM-001,MARGIN,USDT,[],False,{}
103374.53000000,0.00000000,103374.53000000,USDT,SIM-001,MARGIN,USDT,[],False,{}
103374.53000000,0.00000000,103374.53000000,USDT,SIM-001,MARGIN,USDT,[],False,{}
103373.54000000,0.00000000,103373.54000000,USDT,SIM-001,MARGIN,USDT,[],False,{}
103373.54000000,0.00000000,103373.54000000,USDT,SIM-001,MARGIN,USDT,[],False,{}
103373.54000000,0.00000000,103373.54000000,USDT,SIM-001,MARGIN,USDT,[],False,{}
103373.54000000,0.00000000,103373.54000000,USDT,SIM-001,MARGIN,USDT,[],False,{}
103373.54000000,0.00000000,103373.54000000,USDT,SIM-001,MARGIN,USDT,[],False,{}
103373.54000000,0.00000000,103373.54000000,USDT,SIM-001,MARGIN,USDT,[],False,{}
103373.54000000,0.00000000,103373.54000000,USDT,SIM-001,MARGIN,USDT,[],False,{}
103373.54000000,0.00000000,103373.54000000,USDT,SIM-001,MARGIN,USDT,[],False,{}
103373.54000000,0.00000000,103373.54000000,USDT,SIM-001,MARGIN,USDT,[],False,{}
103373.54000000,0.00000000,103373.54000000,USDT,SIM-001,MARGIN,USDT,[],False,{}
103373.54000000,0.00000000,103373.54000000,USDT,SIM-001,MARGIN,USDT,[],False,{}
103373.54000000,0.00000000,103373.54000000,USDT,SIM-001,MARGIN,USDT,[],False,{}
103373.54000000,0.00000000,103373.54000000,USDT,SIM-001,MARGIN,USDT,[],False,{}
103372.54000000,0.00000000,103372.54000000,USDT,SIM-001,MARGIN,USDT,[],False,{}
103372.54000000,0.00000000,103372.54000000,USDT,SIM-001,MARGIN,USDT,[],False,{}
103372.54000000,0.00000000,103372.54000000,USDT,SIM-001,MARGIN,USDT,[],False,{}
103371.54000000,0.00000000,103371.54000000,USDT,SIM-001,MARGIN,USDT,[],False,{}
103371.54000000,0.00000000,103371.54000000,USDT,SIM-001,MARGIN,USDT,[],False,{}
103371.54000000,0.00000000,103371.54000000,USDT,SIM-001,MARGIN,USDT,[],False,{}
103371.54000000,0.00000000,103371.54000000,USDT,SIM-001,MARGIN,USDT,[],False,{}
103371.54000000,0.00000000,103371.54000000,USDT,SIM-001,MARGIN,USDT,[],False,{}
103371.54000000,0.00000000,103371.54000000,USDT,SIM-001,MARGIN,USDT,[],False,{}
103371.54000000,0.00000000,103371.54000000,USDT,SIM-001,MARGIN,USDT,[],False,{}
103371.54000000,0.00000000,103371.54000000,USDT,SIM-001,MARGIN,USDT,[],False,{}
103371.54000000,0.00000000,103371.54000000,USDT,SIM-001,MARGIN,USDT,[],False,{}
102986.14000000,0.00000000,102986.14000000,USDT,SIM-001,MARGIN,USDT,[],False,{}
102986.14000000,0.00000000,102986.14000000,USDT,SIM-001,MARGIN,USDT,[],False,{}
102986.14000000,0.00000000,102986.14000000,USDT,SIM-001,MARGIN,USDT,[],False,{}
102986.14000000,0.00000000,102986.14000000,USDT,SIM-001,MARGIN,USDT,[],False,{}
102986.14000000,0.00000000,102986.14000000,USDT,SIM-001,MARGIN,USDT,[],False,{}
102985.14000000,0.00000000,102985.14000000,USDT,SIM-001,MARGIN,USDT,[],False,{}
102985.14000000,0.00000000,102985.14000000,USDT,SIM-001,MARGIN,USDT,[],False,{}
102985.14000000,0.00000000,102985.14000000,USDT,SIM-001,MARGIN,USDT,[],False,{}
102984.58000000,0.00000000,102984.58000000,USDT,SIM-001,MARGIN,USDT,[],False,{}
102984.58000000,0.00000000,102984.58000000,USDT,SIM-001,MARGIN,USDT,[],False,{}
102984.58000000,0.00000000,102984.58000000,USDT,SIM-001,MARGIN,USDT,[],False,{}
102984.58000000,0.00000000,102984.58000000,USDT,SIM-001,MARGIN,USDT,[],False,{}
102984.58000000,0.00000000,102984.58000000,USDT,SIM-001,MARGIN,USDT,[],False,{}
102984.58000000,0.00000000,102984.58000000,USDT,SIM-001,MARGIN,USDT,[],False,{}
102984.58000000,0.00000000,102984.58000000,USDT,SIM-001,MARGIN,USDT,[],False,{}
102984.58000000,0.00000000,102984.58000000,USDT,SIM-001,MARGIN,USDT,[],False,{}
102984.58000000,0.00000000,102984.58000000,USDT,SIM-001,MARGIN,USDT,[],False,{}
102984.58000000,0.00000000,102984.58000000,USDT,SIM-001,MARGIN,USDT,[],False,{}
102984.58000000,0.00000000,102984.58000000,USDT,SIM-001,MARGIN,USDT,[],False,{}
102984.58000000,0.00000000,102984.58000000,USDT,SIM-001,MARGIN,USDT,[],False,{}
102984.58000000,0.00000000,102984.58000000,USDT,SIM-001,MARGIN,USDT,[],False,{}
102983.58000000,0.00000000,102983.58000000,USDT,SIM-001,MARGIN,USDT,[],False,{}
102983.58000000,0.00000000,102983.58000000,USDT,SIM-001,MARGIN,USDT,[],False,{}
102983.58000000,0.00000000,102983.58000000,USDT,SIM-001,MARGIN,USDT,[],False,{}
102983.38000000,0.00000000,102983.38000000,USDT,SIM-001,MARGIN,USDT,[],False,{}
102983.38000000,0.00000000,102983.38000000,USDT,SIM-001,MARGIN,USDT,[],False,{}
102983.38000000,0.00000000,102983.38000000,USDT,SIM-001,MARGIN,USDT,[],False,{}
102983.38000000,0.00000000,102983.38000000,USDT,SIM-001,MARGIN,USDT,[],False,{}
102983.38000000,0.00000000,102983.38000000,USDT,SIM-001,MARGIN,USDT,[],False,{}
102983.38000000,0.00000000,102983.38000000,USDT,SIM-001,MARGIN,USDT,[],False,{}
102983.38000000,0.00000000,102983.38000000,USDT,SIM-001,MARGIN,USDT,[],False,{}
102983.38000000,0.00000000,102983.38000000,USDT,SIM-001,MARGIN,USDT,[],False,{}
102983.38000000,0.00000000,102983.38000000,USDT,SIM-001,MARGIN,USDT,[],False,{}
102640.72000000,0.00000000,102640.72000000,USDT,SIM-001,MARGIN,USDT,[],False,{}
102640.72000000,0.00000000,102640.72000000,USDT,SIM-001,MARGIN,USDT,[],False,{}
102640.72000000,0.00000000,102640.72000000,USDT,SIM-001,MARGIN,USDT,[],False,{}
102640.72000000,0.00000000,102640.72000000,USDT,SIM-001,MARGIN,USDT,[],False,{}
102640.72000000,0.00000000,102640.72000000,USDT,SIM-001,MARGIN,USDT,[],False,{}
102639.72000000,0.00000000,102639.72000000,USDT,SIM-001,MARGIN,USDT,[],False,{}
102639.72000000,0.00000000,102639.72000000,USDT,SIM-001,MARGIN,USDT,[],False,{}
102639.72000000,0.00000000,102639.72000000,USDT,SIM-001,MARGIN,USDT,[],False,{}
102673.83000000,0.00000000,102673.83000000,USDT,SIM-001,MARGIN,USDT,[],False,{}
102673.83000000,0.00000000,102673.83000000,USDT,SIM-001,MARGIN,USDT,[],False,{}
102672.83000000,0.00000000,102672.83000000,USDT,SIM-001,MARGIN,USDT,[],False,{}
102672.83000000,0.00000000,102672.83000000,USDT,SIM-001,MARGIN,USDT,[],False,{}
102671.83000000,0.00000000,102671.83000000,USDT,SIM-001,MARGIN,USDT,[],False,{}
102670.83000000,0.00000000,102670.83000000,USDT,SIM-001,MARGIN,USDT,[],False,{}
102670.83000000,0.00000000,102670.83000000,USDT,SIM-001,MARGIN,USDT,[],False,{}
102670.83000000,0.00000000,102670.83000000,USDT,SIM-001,MARGIN,USDT,[],False,{}
102670.83000000,0.00000000,102670.83000000,USDT,SIM-001,MARGIN,USDT,[],False,{}
102670.83000000,0.00000000,102670.83000000,USDT,SIM-001,MARGIN,USDT,[],False,{}
102670.83000000,0.00000000,102670.83000000,USDT,SIM-001,MARGIN,USDT,[],False,{}
102670.83000000,0.00000000,102670.83000000,USDT,SIM-001,MARGIN,USDT,[],False,{}
102670.83000000,0.00000000,102670.83000000,USDT,SIM-001,MARGIN,USDT,[],False,{}
102670.83000000,0.00000000,102670.83000000,USDT,SIM-001,MARGIN,USDT,[],False,{}
102676.86000000,0.00000000,102676.86000000,USDT,SIM-001,MARGIN,USDT,[],False,{}
102676.86000000,0.00000000,102676.86000000,USDT,SIM-001,MARGIN,USDT,[],False,{}
102676.86000000,0.00000000,102676.86000000,USDT,SIM-001,MARGIN,USDT,[],False,{}
102675.86000000,0.00000000,102675.86000000,USDT,SIM-001,MARGIN,USDT,[],False,{}
102674.86000000,0.00000000,102674.86000000,USDT,SIM-001,MARGIN,USDT,[],False,{}
102674.86000000,0.00000000,102674.86000000,USDT,SIM-001,MARGIN,USDT,[],False,{}
102674.44000000,0.00000000,102674.44000000,USDT,SIM-001,MARGIN,USDT,[],False,{}
102673.88000000,0.00000000,102673.88000000,USDT,SIM-001,MARGIN,USDT,[],False,{}
102673.88000000,0.00000000,102673.88000000,USDT,SIM-001,MARGIN,USDT,[],False,{}
102673.88000000,0.00000000,102673.88000000,USDT,SIM-001,MARGIN,USDT,[],False,{}
102673.88000000,0.00000000,102673.88000000,USDT,SIM-001,MARGIN,USDT,[],False,{}
102673.88000000,0.00000000,102673.88000000,USDT,SIM-001,MARGIN,USDT,[],False,{}
102673.88000000,0.00000000,102673.88000000,USDT,SIM-001,MARGIN,USDT,[],False,{}
102673.88000000,0.00000000,102673.88000000,USDT,SIM-001,MARGIN,USDT,[],False,{}
102673.88000000,0.00000000,102673.88000000,USDT,SIM-001,MARGIN,USDT,[],False,{}
102673.88000000,0.00000000,102673.88000000,USDT,SIM-001,MARGIN,USDT,[],False,{}
102651.61000000,0.00000000,102651.61000000,USDT,SIM-001,MARGIN,USDT,[],False,{}
102651.61000000,0.00000000,102651.61000000,USDT,SIM-001,MARGIN,USDT,[],False,{}
102651.61000000,0.00000000,102651.61000000,USDT,SIM-001,MARGIN,USDT,[],False,{}
102646.45000000,0.00000000,102646.45000000,USDT,SIM-001,MARGIN,USDT,[],False,{}
102646.45000000,0.00000000,102646.45000000,USDT,SIM-001,MARGIN,USDT,[],False,{}
102646.45000000,0.00000000,102646.45000000,USDT,SIM-001,MARGIN,USDT,[],False,{}
102645.45000000,0.00000000,102645.45000000,USDT,SIM-001,MARGIN,USDT,[],False,{}
102644.45000000,0.00000000,102644.45000000,USDT,SIM-001,MARGIN,USDT,[],False,{}
102643.45000000,0.00000000,102643.45000000,USDT,SIM-001,MARGIN,USDT,[],False,{}
102642.80000000,0.00000000,102642.80000000,USDT,SIM-001,MARGIN,USDT,[],False,{}
102641.94000000,0.00000000,102641.94000000,USDT,SIM-001,MARGIN,USDT,[],False,{}
102640.94000000,0.00000000,102640.94000000,USDT,SIM-001,MARGIN,USDT,[],False,{}
102640.94000000,0.00000000,102640.94000000,USDT,SIM-001,MARGIN,USDT,[],False,{}
102640.94000000,0.00000000,102640.94000000,USDT,SIM-001,MARGIN,USDT,[],False,{}
102614.23000000,0.00000000,102614.23000000,USDT,SIM-001,MARGIN,USDT,[],False,{}
102635.24000000,0.00000000,102635.24000000,USDT,SIM-001,MARGIN,USDT,[],False,{}
102635.24000000,0.00000000,102635.24000000,USDT,SIM-001,MARGIN,USDT,[],False,{}
102635.24000000,0.00000000,102635.24000000,USDT,SIM-001,MARGIN,USDT,[],False,{}
102815.78000000,0.00000000,102815.78000000,USDT,SIM-001,MARGIN,USDT,[],False,{}
102862.13000000,0.00000000,102862.13000000,USDT,SIM-001,MARGIN,USDT,[],False,{}
102862.13000000,0.00000000,102862.13000000,USDT,SIM-001,MARGIN,USDT,[],False,{}
102862.13000000,0.00000000,102862.13000000,USDT,SIM-001,MARGIN,USDT,[],False,{}
103082.78000000,0.00000000,103082.78000000,USDT,SIM-001,MARGIN,USDT,[],False,{}
103323.41000000,0.00000000,103323.41000000,USDT,SIM-001,MARGIN,USDT,[],False,{}
103323.41000000,0.00000000,103323.41000000,USDT,SIM-001,MARGIN,USDT,[],False,{}
103323.41000000,0.00000000,103323.41000000,USDT,SIM-001,MARGIN,USDT,[],False,{}
103323.41000000,0.00000000,103323.41000000,USDT,SIM-001,MARGIN,USDT,[],False,{}
103323.41000000,0.00000000,103323.41000000,USDT,SIM-001,MARGIN,USDT,[],False,{}
103534.40000000,0.00000000,103534.40000000,USDT,SIM-001,MARGIN,USDT,[],False,{}
103534.40000000,0.00000000,103534.40000000,USDT,SIM-001,MARGIN,USDT,[],False,{}
103534.40000000,0.00000000,103534.40000000,USDT,SIM-001,MARGIN,USDT,[],False,{}
103533.40000000,0.00000000,103533.40000000,USDT,SIM-001,MARGIN,USDT,[],False,{}
103532.40000000,0.00000000,103532.40000000,USDT,SIM-001,MARGIN,USDT,[],False,{}
103532.40000000,0.00000000,103532.40000000,USDT,SIM-001,MARGIN,USDT,[],False,{}
103705.47000000,0.00000000,103705.47000000,USDT,SIM-001,MARGIN,USDT,[],False,{}
103878.54000000,0.00000000,103878.54000000,USDT,SIM-001,MARGIN,USDT,[],False,{}
103878.54000000,0.00000000,103878.54000000,USDT,SIM-001,MARGIN,USDT,[],False,{}
103878.54000000,0.00000000,103878.54000000,USDT,SIM-001,MARGIN,USDT,[],False,{}
103878.54000000,0.00000000,103878.54000000,USDT,SIM-001,MARGIN,USDT,[],False,{}
103878.54000000,0.00000000,103878.54000000,USDT,SIM-001,MARGIN,USDT,[],False,{}
103878.54000000,0.00000000,103878.54000000,USDT,SIM-001,MARGIN,USDT,[],False,{}
103878.54000000,0.00000000,103878.54000000,USDT,SIM-001,MARGIN,USDT,[],False,{}
103878.54000000,0.00000000,103878.54000000,USDT,SIM-001,MARGIN,USDT,[],False,{}
103878.54000000,0.00000000,103878.54000000,USDT,SIM-001,MARGIN,USDT,[],False,{}
104104.00000000,0.00000000,104104.00000000,USDT,SIM-001,MARGIN,USDT,[],False,{}
104104.00000000,0.00000000,104104.00000000,USDT,SIM-001,MARGIN,USDT,[],False,{}
104104.00000000,0.00000000,104104.00000000,USDT,SIM-001,MARGIN,USDT,[],False,{}
104103.00000000,0.00000000,104103.00000000,USDT,SIM-001,MARGIN,USDT,[],False,{}
104102.00000000,0.00000000,104102.00000000,USDT,SIM-001,MARGIN,USDT,[],False,{}
104102.00000000,0.00000000,104102.00000000,USDT,SIM-001,MARGIN,USDT,[],False,{}
104102.00000000,0.00000000,104102.00000000,USDT,SIM-001,MARGIN,USDT,[],False,{}
104102.00000000,0.00000000,104102.00000000,USDT,SIM-001,MARGIN,USDT,[],False,{}
104102.00000000,0.00000000,104102.00000000,USDT,SIM-001,MARGIN,USDT,[],False,{}
104102.00000000,0.00000000,104102.00000000,USDT,SIM-001,MARGIN,USDT,[],False,{}
104102.00000000,0.00000000,104102.00000000,USDT,SIM-001,MARGIN,USDT,[],False,{}
104102.00000000,0.00000000,104102.00000000,USDT,SIM-001,MARGIN,USDT,[],False,{}
104102.00000000,0.00000000,104102.00000000,USDT,SIM-001,MARGIN,USDT,[],False,{}
104102.00000000,0.00000000,104102.00000000,USDT,SIM-001,MARGIN,USDT,[],False,{}
104176.03000000,0.00000000,104176.03000000,USDT,SIM-001,MARGIN,USDT,[],False,{}
104176.03000000,0.00000000,104176.03000000,USDT,SIM-001,MARGIN,USDT,[],False,{}
104176.03000000,0.00000000,104176.03000000,USDT,SIM-001,MARGIN,USDT,[],False,{}
104269.33000000,0.00000000,104269.33000000,USDT,SIM-001,MARGIN,USDT,[],False,{}
104269.33000000,0.00000000,104269.33000000,USDT,SIM-001,MARGIN,USDT,[],False,{}
104269.33000000,0.00000000,104269.33000000,USDT,SIM-001,MARGIN,USDT,[],False,{}
104269.33000000,0.00000000,104269.33000000,USDT,SIM-001,MARGIN,USDT,[],False,{}
104269.33000000,0.00000000,104269.33000000,USDT,SIM-001,MARGIN,USDT,[],False,{}
104269.33000000,0.00000000,104269.33000000,USDT,SIM-001,MARGIN,USDT,[],False,{}
104269.33000000,0.00000000,104269.33000000,USDT,SIM-001,MARGIN,USDT,[],False,{}
104269.33000000,0.00000000,104269.33000000,USDT,SIM-001,MARGIN,USDT,[],False,{}
104269.33000000,0.00000000,104269.33000000,USDT,SIM-001,MARGIN,USDT,[],False,{}
104269.33000000,0.00000000,104269.33000000,USDT,SIM-001,MARGIN,USDT,[],False,{}
104269.33000000,0.00000000,104269.33000000,USDT,SIM-001,MARGIN,USDT,[],False,{}
104269.33000000,0.00000000,104269.33000000,USDT,SIM-001,MARGIN,USDT,[],False,{}
104269.33000000,0.00000000,104269.33000000,USDT,SIM-001,MARGIN,USDT,[],False,{}
104391.72000000,0.00000000,104391.72000000,USDT,SIM-001,MARGIN,USDT,[],False,{}
104391.72000000,0.00000000,104391.72000000,USDT,SIM-001,MARGIN,USDT,[],False,{}
104391.72000000,0.00000000,104391.72000000,USDT,SIM-001,MARGIN,USDT,[],False,{}
104482.00000000,0.00000000,104482.00000000,USDT,SIM-001,MARGIN,USDT,[],False,{}
104482.00000000,0.00000000,104482.00000000,USDT,SIM-001,MARGIN,USDT,[],False,{}
104482.00000000,0.00000000,104482.00000000,USDT,SIM-001,MARGIN,USDT,[],False,{}
104482.00000000,0.00000000,104482.00000000,USDT,SIM-001,MARGIN,USDT,[],False,{}
104482.00000000,0.00000000,104482.00000000,USDT,SIM-001,MARGIN,USDT,[],False,{}
104482.00000000,0.00000000,104482.00000000,USDT,SIM-001,MARGIN,USDT,[],False,{}
104482.00000000,0.00000000,104482.00000000,USDT,SIM-001,MARGIN,USDT,[],False,{}
104482.00000000,0.00000000,104482.00000000,USDT,SIM-001,MARGIN,USDT,[],False,{}
104482.00000000,0.00000000,104482.00000000,USDT,SIM-001,MARGIN,USDT,[],False,{}
104482.00000000,0.00000000,104482.00000000,USDT,SIM-001,MARGIN,USDT,[],False,{}
104482.00000000,0.00000000,104482.00000000,USDT,SIM-001,MARGIN,USDT,[],False,{}
104482.00000000,0.00000000,104482.00000000,USDT,SIM-001,MARGIN,USDT,[],False,{}
104482.00000000,0.00000000,104482.00000000,USDT,SIM-001,MARGIN,USDT,[],False,{}
104482.00000000,0.00000000,104482.00000000,USDT,SIM-001,MARGIN,USDT,[],False,{}
104428.72000000,0.00000000,104428.72000000,USDT,SIM-001,MARGIN,USDT,[],False,{}
104428.72000000,0.00000000,104428.72000000,USDT,SIM-001,MARGIN,USDT,[],False,{}
104428.72000000,0.00000000,104428.72000000,USDT,SIM-001,MARGIN,USDT,[],False,{}
104428.72000000,0.00000000,104428.72000000,USDT,SIM-001,MARGIN,USDT,[],False,{}
104427.72000000,0.00000000,104427.72000000,USDT,SIM-001,MARGIN,USDT,[],False,{}
104427.72000000,0.00000000,104427.72000000,USDT,SIM-001,MARGIN,USDT,[],False,{}
104427.72000000,0.00000000,104427.72000000,USDT,SIM-001,MARGIN,USDT,[],False,{}
104427.72000000,0.00000000,104427.72000000,USDT,SIM-001,MARGIN,USDT,[],False,{}
104427.72000000,0.00000000,104427.72000000,USDT,SIM-001,MARGIN,USDT,[],False,{}
104427.72000000,0.00000000,104427.72000000,USDT,SIM-001,MARGIN,USDT,[],False,{}
104427.72000000,0.00000000,104427.72000000,USDT,SIM-001,MARGIN,USDT,[],False,{}
104427.72000000,0.00000000,104427.72000000,USDT,SIM-001,MARGIN,USDT,[],False,{}
104427.72000000,0.00000000,104427.72000000,USDT,SIM-001,MARGIN,USDT,[],False,{}
104427.72000000,0.00000000,104427.72000000,USDT,SIM-001,MARGIN,USDT,[],False,{}
104427.72000000,0.00000000,104427.72000000,USDT,SIM-001,MARGIN,USDT,[],False,{}
104427.72000000,0.00000000,104427.72000000,USDT,SIM-001,MARGIN,USDT,[],False,{}
104427.72000000,0.00000000,104427.72000000,USDT,SIM-001,MARGIN,USDT,[],False,{}
104426.72000000,0.00000000,104426.72000000,USDT,SIM-001,MARGIN,USDT,[],False,{}
104426.72000000,0.00000000,104426.72000000,USDT,SIM-001,MARGIN,USDT,[],False,{}
104426.72000000,0.00000000,104426.72000000,USDT,SIM-001,MARGIN,USDT,[],False,{}
104425.72000000,0.00000000,104425.72000000,USDT,SIM-001,MARGIN,USDT,[],False,{}
104425.72000000,0.00000000,104425.72000000,USDT,SIM-001,MARGIN,USDT,[],False,{}
104425.72000000,0.00000000,104425.72000000,USDT,SIM-001,MARGIN,USDT,[],False,{}
104425.72000000,0.00000000,104425.72000000,USDT,SIM-001,MARGIN,USDT,[],False,{}
104425.72000000,0.00000000,104425.72000000,USDT,SIM-001,MARGIN,USDT,[],False,{}
104425.72000000,0.00000000,104425.72000000,USDT,SIM-001,MARGIN,USDT,[],False,{}
104425.72000000,0.00000000,104425.72000000,USDT,SIM-001,MARGIN,USDT,[],False,{}
104425.72000000,0.00000000,104425.72000000,USDT,SIM-001,MARGIN,USDT,[],False,{}
104425.72000000,0.00000000,104425.72000000,USDT,SIM-001,MARGIN,USDT,[],False,{}
104425.72000000,0.00000000,104425.72000000,USDT,SIM-001,MARGIN,USDT,[],False,{}
104425.72000000,0.00000000,104425.72000000,USDT,SIM-001,MARGIN,USDT,[],False,{}
104425.72000000,0.00000000,104425.72000000,USDT,SIM-001,MARGIN,USDT,[],False,{}
104425.72000000,0.00000000,104425.72000000,USDT,SIM-001,MARGIN,USDT,[],False,{}
104382.60000000,0.00000000,104382.60000000,USDT,SIM-001,MARGIN,USDT,[],False,{}
104382.60000000,0.00000000,104382.60000000,USDT,SIM-001,MARGIN,USDT,[],False,{}
104382.60000000,0.00000000,104382.60000000,USDT,SIM-001,MARGIN,USDT,[],False,{}
104347.76000000,0.00000000,104347.76000000,USDT,SIM-001,MARGIN,USDT,[],False,{}
104347.76000000,0.00000000,104347.76000000,USDT,SIM-001,MARGIN,USDT,[],False,{}
104347.76000000,0.00000000,104347.76000000,USDT,SIM-001,MARGIN,USDT,[],False,{}
104347.76000000,0.00000000,104347.76000000,USDT,SIM-001,MARGIN,USDT,[],False,{}
104347.76000000,0.00000000,104347.76000000,USDT,SIM-001,MARGIN,USDT,[],False,{}
104347.76000000,0.00000000,104347.76000000,USDT,SIM-001,MARGIN,USDT,[],False,{}
104347.76000000,0.00000000,104347.76000000,USDT,SIM-001,MARGIN,USDT,[],False,{}
104347.76000000,0.00000000,104347.76000000,USDT,SIM-001,MARGIN,USDT,[],False,{}
104347.76000000,0.00000000,104347.76000000,USDT,SIM-001,MARGIN,USDT,[],False,{}
104347.76000000,0.00000000,104347.76000000,USDT,SIM-001,MARGIN,USDT,[],False,{}
104347.76000000,0.00000000,104347.76000000,USDT,SIM-001,MARGIN,USDT,[],False,{}
104347.76000000,0.00000000,104347.76000000,USDT,SIM-001,MARGIN,USDT,[],False,{}
104347.76000000,0.00000000,104347.76000000,USDT,SIM-001,MARGIN,USDT,[],False,{}
104382.25000000,0.00000000,104382.25000000,USDT,SIM-001,MARGIN,USDT,[],False,{}
104382.25000000,0.00000000,104382.25000000,USDT,SIM-001,MARGIN,USDT,[],False,{}
104382.25000000,0.00000000,104382.25000000,USDT,SIM-001,MARGIN,USDT,[],False,{}
104394.11000000,0.00000000,104394.11000000,USDT,SIM-001,MARGIN,USDT,[],False,{}
104394.11000000,0.00000000,104394.11000000,USDT,SIM-001,MARGIN,USDT,[],False,{}
104394.11000000,0.00000000,104394.11000000,USDT,SIM-001,MARGIN,USDT,[],False,{}
104394.11000000,0.00000000,104394.11000000,USDT,SIM-001,MARGIN,USDT,[],False,{}
104394.11000000,0.00000000,104394.11000000,USDT,SIM-001,MARGIN,USDT,[],False,{}
104394.11000000,0.00000000,104394.11000000,USDT,SIM-001,MARGIN,USDT,[],False,{}
104394.11000000,0.00000000,104394.11000000,USDT,SIM-001,MARGIN,USDT,[],False,{}
104394.11000000,0.00000000,104394.11000000,USDT,SIM-001,MARGIN,USDT,[],False,{}
104394.11000000,0.00000000,104394.11000000,USDT,SIM-001,MARGIN,USDT,[],False,{}
104394.11000000,0.00000000,104394.11000000,USDT,SIM-001,MARGIN,USDT,[],False,{}
104394.11000000,0.00000000,104394.11000000,USDT,SIM-001,MARGIN,USDT,[],False,{}
104394.11000000,0.00000000,104394.11000000,USDT,SIM-001,MARGIN,USDT,[],False,{}
104394.11000000,0.00000000,104394.11000000,USDT,SIM-001,MARGIN,USDT,[],False,{}
104393.65000000,0.00000000,104393.65000000,USDT,SIM-001,MARGIN,USDT,[],False,{}
104393.65000000,0.00000000,104393.65000000,USDT,SIM-001,MARGIN,USDT,[],False,{}
104393.65000000,0.00000000,104393.65000000,USDT,SIM-001,MARGIN,USDT,[],False,{}
104504.91000000,0.00000000,104504.91000000,USDT,SIM-001,MARGIN,USDT,[],False,{}
104504.91000000,0.00000000,104504.91000000,USDT,SIM-001,MARGIN,USDT,[],False,{}
104503.91000000,0.00000000,104503.91000000,USDT,SIM-001,MARGIN,USDT,[],False,{}
104503.91000000,0.00000000,104503.91000000,USDT,SIM-001,MARGIN,USDT,[],False,{}
104503.71000000,0.00000000,104503.71000000,USDT,SIM-001,MARGIN,USDT,[],False,{}
104503.48000000,0.00000000,104503.48000000,USDT,SIM-001,MARGIN,USDT,[],False,{}
104503.48000000,0.00000000,104503.48000000,USDT,SIM-001,MARGIN,USDT,[],False,{}
104503.48000000,0.00000000,104503.48000000,USDT,SIM-001,MARGIN,USDT,[],False,{}
104503.48000000,0.00000000,104503.48000000,USDT,SIM-001,MARGIN,USDT,[],False,{}
104503.48000000,0.00000000,104503.48000000,USDT,SIM-001,MARGIN,USDT,[],False,{}
104503.48000000,0.00000000,104503.48000000,USDT,SIM-001,MARGIN,USDT,[],False,{}
104503.48000000,0.00000000,104503.48000000,USDT,SIM-001,MARGIN,USDT,[],False,{}
104503.48000000,0.00000000,104503.48000000,USDT,SIM-001,MARGIN,USDT,[],False,{}
104503.48000000,0.00000000,104503.48000000,USDT,SIM-001,MARGIN,USDT,[],False,{}
104497.52000000,0.00000000,104497.52000000,USDT,SIM-001,MARGIN,USDT,[],False,{}
104497.52000000,0.00000000,104497.52000000,USDT,SIM-001,MARGIN,USDT,[],False,{}
104497.52000000,0.00000000,104497.52000000,USDT,SIM-001,MARGIN,USDT,[],False,{}
104496.52000000,0.00000000,104496.52000000,USDT,SIM-001,MARGIN,USDT,[],False,{}
104495.52000000,0.00000000,104495.52000000,USDT,SIM-001,MARGIN,USDT,[],False,{}
104495.52000000,0.00000000,104495.52000000,USDT,SIM-001,MARGIN,USDT,[],False,{}
104495.32000000,0.00000000,104495.32000000,USDT,SIM-001,MARGIN,USDT,[],False,{}
104495.12000000,0.00000000,104495.12000000,USDT,SIM-001,MARGIN,USDT,[],False,{}
104495.12000000,0.00000000,104495.12000000,USDT,SIM-001,MARGIN,USDT,[],False,{}
104585.04000000,0.00000000,104585.04000000,USDT,SIM-001,MARGIN,USDT,[],False,{}
104674.96000000,0.00000000,104674.96000000,USDT,SIM-001,MARGIN,USDT,[],False,{}
104764.88000000,0.00000000,104764.88000000,USDT,SIM-001,MARGIN,USDT,[],False,{}
104764.88000000,0.00000000,104764.88000000,USDT,SIM-001,MARGIN,USDT,[],False,{}
104764.88000000,0.00000000,104764.88000000,USDT,SIM-001,MARGIN,USDT,[],False,{}
104764.88000000,0.00000000,104764.88000000,USDT,SIM-001,MARGIN,USDT,[],False,{}
104764.88000000,0.00000000,104764.88000000,USDT,SIM-001,MARGIN,USDT,[],False,{}
104763.88000000,0.00000000,104763.88000000,USDT,SIM-001,MARGIN,USDT,[],False,{}
104763.88000000,0.00000000,104763.88000000,USDT,SIM-001,MARGIN,USDT,[],False,{}
104763.88000000,0.00000000,104763.88000000,USDT,SIM-001,MARGIN,USDT,[],False,{}
104762.88000000,0.00000000,104762.88000000,USDT,SIM-001,MARGIN,USDT,[],False,{}
104762.88000000,0.00000000,104762.88000000,USDT,SIM-001,MARGIN,USDT,[],False,{}
104762.88000000,0.00000000,104762.88000000,USDT,SIM-001,MARGIN,USDT,[],False,{}
104762.88000000,0.00000000,104762.88000000,USDT,SIM-001,MARGIN,USDT,[],False,{}
104762.88000000,0.00000000,104762.88000000,USDT,SIM-001,MARGIN,USDT,[],False,{}
104762.88000000,0.00000000,104762.88000000,USDT,SIM-001,MARGIN,USDT,[],False,{}
104762.88000000,0.00000000,104762.88000000,USDT,SIM-001,MARGIN,USDT,[],False,{}
104762.88000000,0.00000000,104762.88000000,USDT,SIM-001,MARGIN,USDT,[],False,{}
104762.88000000,0.00000000,104762.88000000,USDT,SIM-001,MARGIN,USDT,[],False,{}
104762.88000000,0.00000000,104762.88000000,USDT,SIM-001,MARGIN,USDT,[],False,{}
104762.88000000,0.00000000,104762.88000000,USDT,SIM-001,MARGIN,USDT,[],False,{}
104762.88000000,0.00000000,104762.88000000,USDT,SIM-001,MARGIN,USDT,[],False,{}
104762.88000000,0.00000000,104762.88000000,USDT,SIM-001,MARGIN,USDT,[],False,{}
104807.65000000,0.00000000,104807.65000000,USDT,SIM-001,MARGIN,USDT,[],False,{}
104807.65000000,0.00000000,104807.65000000,USDT,SIM-001,MARGIN,USDT,[],False,{}
104807.65000000,0.00000000,104807.65000000,USDT,SIM-001,MARGIN,USDT,[],False,{}
104866.97000000,0.00000000,104866.97000000,USDT,SIM-001,MARGIN,USDT,[],False,{}
104866.97000000,0.00000000,104866.97000000,USDT,SIM-001,MARGIN,USDT,[],False,{}
104866.97000000,0.00000000,104866.97000000,USDT,SIM-001,MARGIN,USDT,[],False,{}
104866.97000000,0.00000000,104866.97000000,USDT,SIM-001,MARGIN,USDT,[],False,{}
104866.97000000,0.00000000,104866.97000000,USDT,SIM-001,MARGIN,USDT,[],False,{}
104866.97000000,0.00000000,104866.97000000,USDT,SIM-001,MARGIN,USDT,[],False,{}
104866.97000000,0.00000000,104866.97000000,USDT,SIM-001,MARGIN,USDT,[],False,{}
104866.97000000,0.00000000,104866.97000000,USDT,SIM-001,MARGIN,USDT,[],False,{}
104866.97000000,0.00000000,104866.97000000,USDT,SIM-001,MARGIN,USDT,[],False,{}
104866.97000000,0.00000000,104866.97000000,USDT,SIM-001,MARGIN,USDT,[],False,{}
104864.84000000,0.00000000,104864.84000000,USDT,SIM-001,MARGIN,USDT,[],False,{}
104864.84000000,0.00000000,104864.84000000,USDT,SIM-001,MARGIN,USDT,[],False,{}
104864.84000000,0.00000000,104864.84000000,USDT,SIM-001,MARGIN,USDT,[],False,{}
104864.84000000,0.00000000,104864.84000000,USDT,SIM-001,MARGIN,USDT,[],False,{}
104864.84000000,0.00000000,104864.84000000,USDT,SIM-001,MARGIN,USDT,[],False,{}
104863.84000000,0.00000000,104863.84000000,USDT,SIM-001,MARGIN,USDT,[],False,{}
104863.84000000,0.00000000,104863.84000000,USDT,SIM-001,MARGIN,USDT,[],False,{}
104863.84000000,0.00000000,104863.84000000,USDT,SIM-001,MARGIN,USDT,[],False,{}
104863.51000000,0.00000000,104863.51000000,USDT,SIM-001,MARGIN,USDT,[],False,{}
104863.51000000,0.00000000,104863.51000000,USDT,SIM-001,MARGIN,USDT,[],False,{}
104863.51000000,0.00000000,104863.51000000,USDT,SIM-001,MARGIN,USDT,[],False,{}
104863.51000000,0.00000000,104863.51000000,USDT,SIM-001,MARGIN,USDT,[],False,{}
104863.51000000,0.00000000,104863.51000000,USDT,SIM-001,MARGIN,USDT,[],False,{}
104863.51000000,0.00000000,104863.51000000,USDT,SIM-001,MARGIN,USDT,[],False,{}
104863.51000000,0.00000000,104863.51000000,USDT,SIM-001,MARGIN,USDT,[],False,{}
104863.51000000,0.00000000,104863.51000000,USDT,SIM-001,MARGIN,USDT,[],False,{}
104863.51000000,0.00000000,104863.51000000,USDT,SIM-001,MARGIN,USDT,[],False,{}
104863.51000000,0.00000000,104863.51000000,USDT,SIM-001,MARGIN,USDT,[],False,{}
104863.51000000,0.00000000,104863.51000000,USDT,SIM-001,MARGIN,USDT,[],False,{}
104863.51000000,0.00000000,104863.51000000,USDT,SIM-001,MARGIN,USDT,[],False,{}
104863.51000000,0.00000000,104863.51000000,USDT,SIM-001,MARGIN,USDT,[],False,{}
104862.51000000,0.00000000,104862.51000000,USDT,SIM-001,MARGIN,USDT,[],False,{}
104862.51000000,0.00000000,104862.51000000,USDT,SIM-001,MARGIN,USDT,[],False,{}
104862.51000000,0.00000000,104862.51000000,USDT,SIM-001,MARGIN,USDT,[],False,{}
104844.03000000,0.00000000,104844.03000000,USDT,SIM-001,MARGIN,USDT,[],False,{}
104825.55000000,0.00000000,104825.55000000,USDT,SIM-001,MARGIN,USDT,[],False,{}
104825.55000000,0.00000000,104825.55000000,USDT,SIM-001,MARGIN,USDT,[],False,{}
104825.89000000,0.00000000,104825.89000000,USDT,SIM-001,MARGIN,USDT,[],False,{}
104825.89000000,0.00000000,104825.89000000,USDT,SIM-001,MARGIN,USDT,[],False,{}
104824.89000000,0.00000000,104824.89000000,USDT,SIM-001,MARGIN,USDT,[],False,{}
104824.89000000,0.00000000,104824.89000000,USDT,SIM-001,MARGIN,USDT,[],False,{}
104842.21000000,0.00000000,104842.21000000,USDT,SIM-001,MARGIN,USDT,[],False,{}
104928.80000000,0.00000000,104928.80000000,USDT,SIM-001,MARGIN,USDT,[],False,{}
104966.76000000,0.00000000,104966.76000000,USDT,SIM-001,MARGIN,USDT,[],False,{}
104966.76000000,0.00000000,104966.76000000,USDT,SIM-001,MARGIN,USDT,[],False,{}
104966.76000000,0.00000000,104966.76000000,USDT,SIM-001,MARGIN,USDT,[],False,{}
104966.76000000,0.00000000,104966.76000000,USDT,SIM-001,MARGIN,USDT,[],False,{}
104966.76000000,0.00000000,104966.76000000,USDT,SIM-001,MARGIN,USDT,[],False,{}
104966.76000000,0.00000000,104966.76000000,USDT,SIM-001,MARGIN,USDT,[],False,{}
104965.76000000,0.00000000,104965.76000000,USDT,SIM-001,MARGIN,USDT,[],False,{}
104965.76000000,0.00000000,104965.76000000,USDT,SIM-001,MARGIN,USDT,[],False,{}
104965.76000000,0.00000000,104965.76000000,USDT,SIM-001,MARGIN,USDT,[],False,{}
105045.26000000,0.00000000,105045.26000000,USDT,SIM-001,MARGIN,USDT,[],False,{}
105090.99000000,0.00000000,105090.99000000,USDT,SIM-001,MARGIN,USDT,[],False,{}
105090.99000000,0.00000000,105090.99000000,USDT,SIM-001,MARGIN,USDT,[],False,{}
105090.99000000,0.00000000,105090.99000000,USDT,SIM-001,MARGIN,USDT,[],False,{}
105089.99000000,0.00000000,105089.99000000,USDT,SIM-001,MARGIN,USDT,[],False,{}
105088.99000000,0.00000000,105088.99000000,USDT,SIM-001,MARGIN,USDT,[],False,{}
105088.99000000,0.00000000,105088.99000000,USDT,SIM-001,MARGIN,USDT,[],False,{}
105167.92000000,0.00000000,105167.92000000,USDT,SIM-001,MARGIN,USDT,[],False,{}
105246.85000000,0.00000000,105246.85000000,USDT,SIM-001,MARGIN,USDT,[],False,{}
105276.33000000,0.00000000,105276.33000000,USDT,SIM-001,MARGIN,USDT,[],False,{}
105276.33000000,0.00000000,105276.33000000,USDT,SIM-001,MARGIN,USDT,[],False,{}
105276.33000000,0.00000000,105276.33000000,USDT,SIM-001,MARGIN,USDT,[],False,{}
105276.33000000,0.00000000,105276.33000000,USDT,SIM-001,MARGIN,USDT,[],False,{}
105276.33000000,0.00000000,105276.33000000,USDT,SIM-001,MARGIN,USDT,[],False,{}
105276.33000000,0.00000000,105276.33000000,USDT,SIM-001,MARGIN,USDT,[],False,{}
105285.39000000,0.00000000,105285.39000000,USDT,SIM-001,MARGIN,USDT,[],False,{}
105285.39000000,0.00000000,105285.39000000,USDT,SIM-001,MARGIN,USDT,[],False,{}
105285.39000000,0.00000000,105285.39000000,USDT,SIM-001,MARGIN,USDT,[],False,{}
105285.39000000,0.00000000,105285.39000000,USDT,SIM-001,MARGIN,USDT,[],False,{}
105284.39000000,0.00000000,105284.39000000,USDT,SIM-001,MARGIN,USDT,[],False,{}
105284.39000000,0.00000000,105284.39000000,USDT,SIM-001,MARGIN,USDT,[],False,{}
105284.39000000,0.00000000,105284.39000000,USDT,SIM-001,MARGIN,USDT,[],False,{}
105284.39000000,0.00000000,105284.39000000,USDT,SIM-001,MARGIN,USDT,[],False,{}
105284.39000000,0.00000000,105284.39000000,USDT,SIM-001,MARGIN,USDT,[],False,{}
105284.39000000,0.00000000,105284.39000000,USDT,SIM-001,MARGIN,USDT,[],False,{}
105284.39000000,0.00000000,105284.39000000,USDT,SIM-001,MARGIN,USDT,[],False,{}
105284.39000000,0.00000000,105284.39000000,USDT,SIM-001,MARGIN,USDT,[],False,{}
105284.39000000,0.00000000,105284.39000000,USDT,SIM-001,MARGIN,USDT,[],False,{}
105284.39000000,0.00000000,105284.39000000,USDT,SIM-001,MARGIN,USDT,[],False,{}
105284.39000000,0.00000000,105284.39000000,USDT,SIM-001,MARGIN,USDT,[],False,{}
105284.39000000,0.00000000,105284.39000000,USDT,SIM-001,MARGIN,USDT,[],False,{}
105284.39000000,0.00000000,105284.39000000,USDT,SIM-001,MARGIN,USDT,[],False,{}
105283.39000000,0.00000000,105283.39000000,USDT,SIM-001,MARGIN,USDT,[],False,{}
105282.39000000,0.00000000,105282.39000000,USDT,SIM-001,MARGIN,USDT,[],False,{}
105282.39000000,0.00000000,105282.39000000,USDT,SIM-001,MARGIN,USDT,[],False,{}
105282.39000000,0.00000000,105282.39000000,USDT,SIM-001,MARGIN,USDT,[],False,{}
105293.19000000,0.00000000,105293.19000000,USDT,SIM-001,MARGIN,USDT,[],False,{}
105303.99000000,0.00000000,105303.99000000,USDT,SIM-001,MARGIN,USDT,[],False,{}
105322.56000000,0.00000000,105322.56000000,USDT,SIM-001,MARGIN,USDT,[],False,{}
105328.79000000,0.00000000,105328.79000000,USDT,SIM-001,MARGIN,USDT,[],False,{}
105328.79000000,0.00000000,105328.79000000,USDT,SIM-001,MARGIN,USDT,[],False,{}
105328.79000000,0.00000000,105328.79000000,USDT,SIM-001,MARGIN,USDT,[],False,{}
105328.79000000,0.00000000,105328.79000000,USDT,SIM-001,MARGIN,USDT,[],False,{}
105328.79000000,0.00000000,105328.79000000,USDT,SIM-001,MARGIN,USDT,[],False,{}
105328.79000000,0.00000000,105328.79000000,USDT,SIM-001,MARGIN,USDT,[],False,{}
105327.79000000,0.00000000,105327.79000000,USDT,SIM-001,MARGIN,USDT,[],False,{}
105327.79000000,0.00000000,105327.79000000,USDT,SIM-001,MARGIN,USDT,[],False,{}
105327.79000000,0.00000000,105327.79000000,USDT,SIM-001,MARGIN,USDT,[],False,{}
105326.79000000,0.00000000,105326.79000000,USDT,SIM-001,MARGIN,USDT,[],False,{}
105326.79000000,0.00000000,105326.79000000,USDT,SIM-001,MARGIN,USDT,[],False,{}
105326.79000000,0.00000000,105326.79000000,USDT,SIM-001,MARGIN,USDT,[],False,{}
105326.79000000,0.00000000,105326.79000000,USDT,SIM-001,MARGIN,USDT,[],False,{}
105326.79000000,0.00000000,105326.79000000,USDT,SIM-001,MARGIN,USDT,[],False,{}
105326.79000000,0.00000000,105326.79000000,USDT,SIM-001,MARGIN,USDT,[],False,{}
105326.79000000,0.00000000,105326.79000000,USDT,SIM-001,MARGIN,USDT,[],False,{}
105326.79000000,0.00000000,105326.79000000,USDT,SIM-001,MARGIN,USDT,[],False,{}
105326.79000000,0.00000000,105326.79000000,USDT,SIM-001,MARGIN,USDT,[],False,{}
105326.79000000,0.00000000,105326.79000000,USDT,SIM-001,MARGIN,USDT,[],False,{}
105326.79000000,0.00000000,105326.79000000,USDT,SIM-001,MARGIN,USDT,[],False,{}
105326.79000000,0.00000000,105326.79000000,USDT,SIM-001,MARGIN,USDT,[],False,{}
105326.79000000,0.00000000,105326.79000000,USDT,SIM-001,MARGIN,USDT,[],False,{}
105325.79000000,0.00000000,105325.79000000,USDT,SIM-001,MARGIN,USDT,[],False,{}
105325.79000000,0.00000000,105325.79000000,USDT,SIM-001,MARGIN,USDT,[],False,{}
105325.79000000,0.00000000,105325.79000000,USDT,SIM-001,MARGIN,USDT,[],False,{}
105325.57000000,0.00000000,105325.57000000,USDT,SIM-001,MARGIN,USDT,[],False,{}
105325.57000000,0.00000000,105325.57000000,USDT,SIM-001,MARGIN,USDT,[],False,{}
105325.57000000,0.00000000,105325.57000000,USDT,SIM-001,MARGIN,USDT,[],False,{}
105298.23000000,0.00000000,105298.23000000,USDT,SIM-001,MARGIN,USDT,[],False,{}
105270.89000000,0.00000000,105270.89000000,USDT,SIM-001,MARGIN,USDT,[],False,{}
105243.55000000,0.00000000,105243.55000000,USDT,SIM-001,MARGIN,USDT,[],False,{}
105235.61000000,0.00000000,105235.61000000,USDT,SIM-001,MARGIN,USDT,[],False,{}
105235.61000000,0.00000000,105235.61000000,USDT,SIM-001,MARGIN,USDT,[],False,{}
105234.61000000,0.00000000,105234.61000000,USDT,SIM-001,MARGIN,USDT,[],False,{}
105233.61000000,0.00000000,105233.61000000,USDT,SIM-001,MARGIN,USDT,[],False,{}
105233.61000000,0.00000000,105233.61000000,USDT,SIM-001,MARGIN,USDT,[],False,{}
105233.61000000,0.00000000,105233.61000000,USDT,SIM-001,MARGIN,USDT,[],False,{}
105233.61000000,0.00000000,105233.61000000,USDT,SIM-001,MARGIN,USDT,[],False,{}
105233.61000000,0.00000000,105233.61000000,USDT,SIM-001,MARGIN,USDT,[],False,{}
105232.61000000,0.00000000,105232.61000000,USDT,SIM-001,MARGIN,USDT,[],False,{}
105232.61000000,0.00000000,105232.61000000,USDT,SIM-001,MARGIN,USDT,[],False,{}
105232.61000000,0.00000000,105232.61000000,USDT,SIM-001,MARGIN,USDT,[],False,{}
105232.61000000,0.00000000,105232.61000000,USDT,SIM-001,MARGIN,USDT,[],False,{}
105232.61000000,0.00000000,105232.61000000,USDT,SIM-001,MARGIN,USDT,[],False,{}
105232.61000000,0.00000000,105232.61000000,USDT,SIM-001,MARGIN,USDT,[],False,{}
105232.61000000,0.00000000,105232.61000000,USDT,SIM-001,MARGIN,USDT,[],False,{}
105232.61000000,0.00000000,105232.61000000,USDT,SIM-001,MARGIN,USDT,[],False,{}
104808.59000000,0.00000000,104808.59000000,USDT,SIM-001,MARGIN,USDT,[],False,{}
104808.59000000,0.00000000,104808.59000000,USDT,SIM-001,MARGIN,USDT,[],False,{}
104808.59000000,0.00000000,104808.59000000,USDT,SIM-001,MARGIN,USDT,[],False,{}
104808.59000000,0.00000000,104808.59000000,USDT,SIM-001,MARGIN,USDT,[],False,{}
104808.59000000,0.00000000,104808.59000000,USDT,SIM-001,MARGIN,USDT,[],False,{}
104807.59000000,0.00000000,104807.59000000,USDT,SIM-001,MARGIN,USDT,[],False,{}
104807.59000000,0.00000000,104807.59000000,USDT,SIM-001,MARGIN,USDT,[],False,{}
104807.59000000,0.00000000,104807.59000000,USDT,SIM-001,MARGIN,USDT,[],False,{}
104806.59000000,0.00000000,104806.59000000,USDT,SIM-001,MARGIN,USDT,[],False,{}
104806.59000000,0.00000000,104806.59000000,USDT,SIM-001,MARGIN,USDT,[],False,{}
104806.59000000,0.00000000,104806.59000000,USDT,SIM-001,MARGIN,USDT,[],False,{}
104806.59000000,0.00000000,104806.59000000,USDT,SIM-001,MARGIN,USDT,[],False,{}
104806.59000000,0.00000000,104806.59000000,USDT,SIM-001,MARGIN,USDT,[],False,{}
104806.59000000,0.00000000,104806.59000000,USDT,SIM-001,MARGIN,USDT,[],False,{}
104806.59000000,0.00000000,104806.59000000,USDT,SIM-001,MARGIN,USDT,[],False,{}
104806.59000000,0.00000000,104806.59000000,USDT,SIM-001,MARGIN,USDT,[],False,{}
104806.59000000,0.00000000,104806.59000000,USDT,SIM-001,MARGIN,USDT,[],False,{}
104806.59000000,0.00000000,104806.59000000,USDT,SIM-001,MARGIN,USDT,[],False,{}
104806.59000000,0.00000000,104806.59000000,USDT,SIM-001,MARGIN,USDT,[],False,{}
104806.59000000,0.00000000,104806.59000000,USDT,SIM-001,MARGIN,USDT,[],False,{}
104806.59000000,0.00000000,104806.59000000,USDT,SIM-001,MARGIN,USDT,[],False,{}
104805.59000000,0.00000000,104805.59000000,USDT,SIM-001,MARGIN,USDT,[],False,{}
104805.59000000,0.00000000,104805.59000000,USDT,SIM-001,MARGIN,USDT,[],False,{}
104805.59000000,0.00000000,104805.59000000,USDT,SIM-001,MARGIN,USDT,[],False,{}
104804.59000000,0.00000000,104804.59000000,USDT,SIM-001,MARGIN,USDT,[],False,{}
104804.59000000,0.00000000,104804.59000000,USDT,SIM-001,MARGIN,USDT,[],False,{}
104804.59000000,0.00000000,104804.59000000,USDT,SIM-001,MARGIN,USDT,[],False,{}
104804.59000000,0.00000000,104804.59000000,USDT,SIM-001,MARGIN,USDT,[],False,{}
104804.59000000,0.00000000,104804.59000000,USDT,SIM-001,MARGIN,USDT,[],False,{}
104804.59000000,0.00000000,104804.59000000,USDT,SIM-001,MARGIN,USDT,[],False,{}
104804.59000000,0.00000000,104804.59000000,USDT,SIM-001,MARGIN,USDT,[],False,{}
104804.59000000,0.00000000,104804.59000000,USDT,SIM-001,MARGIN,USDT,[],False,{}
104804.59000000,0.00000000,104804.59000000,USDT,SIM-001,MARGIN,USDT,[],False,{}
104469.44000000,0.00000000,104469.44000000,USDT,SIM-001,MARGIN,USDT,[],False,{}
104469.44000000,0.00000000,104469.44000000,USDT,SIM-001,MARGIN,USDT,[],False,{}
104469.44000000,0.00000000,104469.44000000,USDT,SIM-001,MARGIN,USDT,[],False,{}
104469.44000000,0.00000000,104469.44000000,USDT,SIM-001,MARGIN,USDT,[],False,{}
104469.44000000,0.00000000,104469.44000000,USDT,SIM-001,MARGIN,USDT,[],False,{}
104468.44000000,0.00000000,104468.44000000,USDT,SIM-001,MARGIN,USDT,[],False,{}
104468.44000000,0.00000000,104468.44000000,USDT,SIM-001,MARGIN,USDT,[],False,{}
104468.44000000,0.00000000,104468.44000000,USDT,SIM-001,MARGIN,USDT,[],False,{}
104467.44000000,0.00000000,104467.44000000,USDT,SIM-001,MARGIN,USDT,[],False,{}
104467.44000000,0.00000000,104467.44000000,USDT,SIM-001,MARGIN,USDT,[],False,{}
104467.44000000,0.00000000,104467.44000000,USDT,SIM-001,MARGIN,USDT,[],False,{}
104467.44000000,0.00000000,104467.44000000,USDT,SIM-001,MARGIN,USDT,[],False,{}
104467.44000000,0.00000000,104467.44000000,USDT,SIM-001,MARGIN,USDT,[],False,{}
104467.44000000,0.00000000,104467.44000000,USDT,SIM-001,MARGIN,USDT,[],False,{}
104467.44000000,0.00000000,104467.44000000,USDT,SIM-001,MARGIN,USDT,[],False,{}
104467.44000000,0.00000000,104467.44000000,USDT,SIM-001,MARGIN,USDT,[],False,{}
104467.44000000,0.00000000,104467.44000000,USDT,SIM-001,MARGIN,USDT,[],False,{}
104467.44000000,0.00000000,104467.44000000,USDT,SIM-001,MARGIN,USDT,[],False,{}
104467.44000000,0.00000000,104467.44000000,USDT,SIM-001,MARGIN,USDT,[],False,{}
104467.44000000,0.00000000,104467.44000000,USDT,SIM-001,MARGIN,USDT,[],False,{}
104467.44000000,0.00000000,104467.44000000,USDT,SIM-001,MARGIN,USDT,[],False,{}
104466.44000000,0.00000000,104466.44000000,USDT,SIM-001,MARGIN,USDT,[],False,{}
104466.44000000,0.00000000,104466.44000000,USDT,SIM-001,MARGIN,USDT,[],False,{}
104466.44000000,0.00000000,104466.44000000,USDT,SIM-001,MARGIN,USDT,[],False,{}
104474.03000000,0.00000000,104474.03000000,USDT,SIM-001,MARGIN,USDT,[],False,{}
104481.62000000,0.00000000,104481.62000000,USDT,SIM-001,MARGIN,USDT,[],False,{}
104481.62000000,0.00000000,104481.62000000,USDT,SIM-001,MARGIN,USDT,[],False,{}
104481.62000000,0.00000000,104481.62000000,USDT,SIM-001,MARGIN,USDT,[],False,{}
104481.62000000,0.00000000,104481.62000000,USDT,SIM-001,MARGIN,USDT,[],False,{}
104481.62000000,0.00000000,104481.62000000,USDT,SIM-001,MARGIN,USDT,[],False,{}
104481.62000000,0.00000000,104481.62000000,USDT,SIM-001,MARGIN,USDT,[],False,{}
104481.62000000,0.00000000,104481.62000000,USDT,SIM-001,MARGIN,USDT,[],False,{}
104481.62000000,0.00000000,104481.62000000,USDT,SIM-001,MARGIN,USDT,[],False,{}
104481.62000000,0.00000000,104481.62000000,USDT,SIM-001,MARGIN,USDT,[],False,{}
104481.62000000,0.00000000,104481.62000000,USDT,SIM-001,MARGIN,USDT,[],False,{}
104503.43000000,0.00000000,104503.43000000,USDT,SIM-001,MARGIN,USDT,[],False,{}
104503.43000000,0.00000000,104503.43000000,USDT,SIM-001,MARGIN,USDT,[],False,{}
104503.43000000,0.00000000,104503.43000000,USDT,SIM-001,MARGIN,USDT,[],False,{}
104503.43000000,0.00000000,104503.43000000,USDT,SIM-001,MARGIN,USDT,[],False,{}
104502.43000000,0.00000000,104502.43000000,USDT,SIM-001,MARGIN,USDT,[],False,{}
104502.43000000,0.00000000,104502.43000000,USDT,SIM-001,MARGIN,USDT,[],False,{}
104502.43000000,0.00000000,104502.43000000,USDT,SIM-001,MARGIN,USDT,[],False,{}
104502.43000000,0.00000000,104502.43000000,USDT,SIM-001,MARGIN,USDT,[],False,{}
104502.43000000,0.00000000,104502.43000000,USDT,SIM-001,MARGIN,USDT,[],False,{}
104502.43000000,0.00000000,104502.43000000,USDT,SIM-001,MARGIN,USDT,[],False,{}
104502.43000000,0.00000000,104502.43000000,USDT,SIM-001,MARGIN,USDT,[],False,{}
104502.43000000,0.00000000,104502.43000000,USDT,SIM-001,MARGIN,USDT,[],False,{}
104502.43000000,0.00000000,104502.43000000,USDT,SIM-001,MARGIN,USDT,[],False,{}
104502.43000000,0.00000000,104502.43000000,USDT,SIM-001,MARGIN,USDT,[],False,{}
104502.43000000,0.00000000,104502.43000000,USDT,SIM-001,MARGIN,USDT,[],False,{}
104502.43000000,0.00000000,104502.43000000,USDT,SIM-001,MARGIN,USDT,[],False,{}
104502.43000000,0.00000000,104502.43000000,USDT,SIM-001,MARGIN,USDT,[],False,{}
104501.43000000,0.00000000,104501.43000000,USDT,SIM-001,MARGIN,USDT,[],False,{}
104501.43000000,0.00000000,104501.43000000,USDT,SIM-001,MARGIN,USDT,[],False,{}
104501.43000000,0.00000000,104501.43000000,USDT,SIM-001,MARGIN,USDT,[],False,{}
104500.43000000,0.00000000,104500.43000000,USDT,SIM-001,MARGIN,USDT,[],False,{}
104500.43000000,0.00000000,104500.43000000,USDT,SIM-001,MARGIN,USDT,[],False,{}
104500.43000000,0.00000000,104500.43000000,USDT,SIM-001,MARGIN,USDT,[],False,{}
104500.43000000,0.00000000,104500.43000000,USDT,SIM-001,MARGIN,USDT,[],False,{}
104500.43000000,0.00000000,104500.43000000,USDT,SIM-001,MARGIN,USDT,[],False,{}
104500.43000000,0.00000000,104500.43000000,USDT,SIM-001,MARGIN,USDT,[],False,{}
104500.43000000,0.00000000,104500.43000000,USDT,SIM-001,MARGIN,USDT,[],False,{}
104500.43000000,0.00000000,104500.43000000,USDT,SIM-001,MARGIN,USDT,[],False,{}
104500.43000000,0.00000000,104500.43000000,USDT,SIM-001,MARGIN,USDT,[],False,{}
103947.63000000,0.00000000,103947.63000000,USDT,SIM-001,MARGIN,USDT,[],False,{}
103947.63000000,0.00000000,103947.63000000,USDT,SIM-001,MARGIN,USDT,[],False,{}
103947.63000000,0.00000000,103947.63000000,USDT,SIM-001,MARGIN,USDT,[],False,{}
103947.63000000,0.00000000,103947.63000000,USDT,SIM-001,MARGIN,USDT,[],False,{}
103947.63000000,0.00000000,103947.63000000,USDT,SIM-001,MARGIN,USDT,[],False,{}
103946.63000000,0.00000000,103946.63000000,USDT,SIM-001,MARGIN,USDT,[],False,{}
103946.63000000,0.00000000,103946.63000000,USDT,SIM-001,MARGIN,USDT,[],False,{}
103946.63000000,0.00000000,103946.63000000,USDT,SIM-001,MARGIN,USDT,[],False,{}
103945.63000000,0.00000000,103945.63000000,USDT,SIM-001,MARGIN,USDT,[],False,{}
103945.63000000,0.00000000,103945.63000000,USDT,SIM-001,MARGIN,USDT,[],False,{}
103945.63000000,0.00000000,103945.63000000,USDT,SIM-001,MARGIN,USDT,[],False,{}
103945.63000000,0.00000000,103945.63000000,USDT,SIM-001,MARGIN,USDT,[],False,{}
103945.63000000,0.00000000,103945.63000000,USDT,SIM-001,MARGIN,USDT,[],False,{}
103945.63000000,0.00000000,103945.63000000,USDT,SIM-001,MARGIN,USDT,[],False,{}
103945.63000000,0.00000000,103945.63000000,USDT,SIM-001,MARGIN,USDT,[],False,{}
103945.63000000,0.00000000,103945.63000000,USDT,SIM-001,MARGIN,USDT,[],False,{}
103945.63000000,0.00000000,103945.63000000,USDT,SIM-001,MARGIN,USDT,[],False,{}
103945.63000000,0.00000000,103945.63000000,USDT,SIM-001,MARGIN,USDT,[],False,{}
103945.63000000,0.00000000,103945.63000000,USDT,SIM-001,MARGIN,USDT,[],False,{}
103945.63000000,0.00000000,103945.63000000,USDT,SIM-001,MARGIN,USDT,[],False,{}
103945.63000000,0.00000000,103945.63000000,USDT,SIM-001,MARGIN,USDT,[],False,{}
103944.63000000,0.00000000,103944.63000000,USDT,SIM-001,MARGIN,USDT,[],False,{}
103944.63000000,0.00000000,103944.63000000,USDT,SIM-001,MARGIN,USDT,[],False,{}
103944.63000000,0.00000000,103944.63000000,USDT,SIM-001,MARGIN,USDT,[],False,{}
103943.63000000,0.00000000,103943.63000000,USDT,SIM-001,MARGIN,USDT,[],False,{}
103943.63000000,0.00000000,103943.63000000,USDT,SIM-001,MARGIN,USDT,[],False,{}
103943.63000000,0.00000000,103943.63000000,USDT,SIM-001,MARGIN,USDT,[],False,{}
103943.63000000,0.00000000,103943.63000000,USDT,SIM-001,MARGIN,USDT,[],False,{}
103943.63000000,0.00000000,103943.63000000,USDT,SIM-001,MARGIN,USDT,[],False,{}
103943.63000000,0.00000000,103943.63000000,USDT,SIM-001,MARGIN,USDT,[],False,{}
103943.63000000,0.00000000,103943.63000000,USDT,SIM-001,MARGIN,USDT,[],False,{}
103943.63000000,0.00000000,103943.63000000,USDT,SIM-001,MARGIN,USDT,[],False,{}
103943.63000000,0.00000000,103943.63000000,USDT,SIM-001,MARGIN,USDT,[],False,{}
103943.63000000,0.00000000,103943.63000000,USDT,SIM-001,MARGIN,USDT,[],False,{}
103943.63000000,0.00000000,103943.63000000,USDT,SIM-001,MARGIN,USDT,[],False,{}
103943.63000000,0.00000000,103943.63000000,USDT,SIM-001,MARGIN,USDT,[],False,{}
103943.63000000,0.00000000,103943.63000000,USDT,SIM-001,MARGIN,USDT,[],False,{}
103942.63000000,0.00000000,103942.63000000,USDT,SIM-001,MARGIN,USDT,[],False,{}
103942.63000000,0.00000000,103942.63000000,USDT,SIM-001,MARGIN,USDT,[],False,{}
103942.63000000,0.00000000,103942.63000000,USDT,SIM-001,MARGIN,USDT,[],False,{}
103930.05000000,0.00000000,103930.05000000,USDT,SIM-001,MARGIN,USDT,[],False,{}
103917.47000000,0.00000000,103917.47000000,USDT,SIM-001,MARGIN,USDT,[],False,{}
103917.47000000,0.00000000,103917.47000000,USDT,SIM-001,MARGIN,USDT,[],False,{}
103917.84000000,0.00000000,103917.84000000,USDT,SIM-001,MARGIN,USDT,[],False,{}
103918.21000000,0.00000000,103918.21000000,USDT,SIM-001,MARGIN,USDT,[],False,{}
103918.21000000,0.00000000,103918.21000000,USDT,SIM-001,MARGIN,USDT,[],False,{}
103918.21000000,0.00000000,103918.21000000,USDT,SIM-001,MARGIN,USDT,[],False,{}
103918.21000000,0.00000000,103918.21000000,USDT,SIM-001,MARGIN,USDT,[],False,{}
103918.21000000,0.00000000,103918.21000000,USDT,SIM-001,MARGIN,USDT,[],False,{}
103918.21000000,0.00000000,103918.21000000,USDT,SIM-001,MARGIN,USDT,[],False,{}
103918.21000000,0.00000000,103918.21000000,USDT,SIM-001,MARGIN,USDT,[],False,{}
103918.21000000,0.00000000,103918.21000000,USDT,SIM-001,MARGIN,USDT,[],False,{}
103918.21000000,0.00000000,103918.21000000,USDT,SIM-001,MARGIN,USDT,[],False,{}
103917.21000000,0.00000000,103917.21000000,USDT,SIM-001,MARGIN,USDT,[],False,{}
103917.21000000,0.00000000,103917.21000000,USDT,SIM-001,MARGIN,USDT,[],False,{}
103917.21000000,0.00000000,103917.21000000,USDT,SIM-001,MARGIN,USDT,[],False,{}
103916.21000000,0.00000000,103916.21000000,USDT,SIM-001,MARGIN,USDT,[],False,{}
103916.21000000,0.00000000,103916.21000000,USDT,SIM-001,MARGIN,USDT,[],False,{}
103916.21000000,0.00000000,103916.21000000,USDT,SIM-001,MARGIN,USDT,[],False,{}
103938.27000000,0.00000000,103938.27000000,USDT,SIM-001,MARGIN,USDT,[],False,{}
103960.33000000,0.00000000,103960.33000000,USDT,SIM-001,MARGIN,USDT,[],False,{}
103982.17000000,0.00000000,103982.17000000,USDT,SIM-001,MARGIN,USDT,[],False,{}
103982.17000000,0.00000000,103982.17000000,USDT,SIM-001,MARGIN,USDT,[],False,{}
103981.22000000,0.00000000,103981.22000000,USDT,SIM-001,MARGIN,USDT,[],False,{}
103980.22000000,0.00000000,103980.22000000,USDT,SIM-001,MARGIN,USDT,[],False,{}
103979.22000000,0.00000000,103979.22000000,USDT,SIM-001,MARGIN,USDT,[],False,{}
103979.22000000,0.00000000,103979.22000000,USDT,SIM-001,MARGIN,USDT,[],False,{}
103979.22000000,0.00000000,103979.22000000,USDT,SIM-001,MARGIN,USDT,[],False,{}
103979.22000000,0.00000000,103979.22000000,USDT,SIM-001,MARGIN,USDT,[],False,{}
103979.22000000,0.00000000,103979.22000000,USDT,SIM-001,MARGIN,USDT,[],False,{}
104088.99000000,0.00000000,104088.99000000,USDT,SIM-001,MARGIN,USDT,[],False,{}
104088.99000000,0.00000000,104088.99000000,USDT,SIM-001,MARGIN,USDT,[],False,{}
104088.99000000,0.00000000,104088.99000000,USDT,SIM-001,MARGIN,USDT,[],False,{}
104208.19000000,0.00000000,104208.19000000,USDT,SIM-001,MARGIN,USDT,[],False,{}
104208.19000000,0.00000000,104208.19000000,USDT,SIM-001,MARGIN,USDT,[],False,{}
104208.19000000,0.00000000,104208.19000000,USDT,SIM-001,MARGIN,USDT,[],False,{}
104207.19000000,0.00000000,104207.19000000,USDT,SIM-001,MARGIN,USDT,[],False,{}
104206.19000000,0.00000000,104206.19000000,USDT,SIM-001,MARGIN,USDT,[],False,{}
104205.19000000,0.00000000,104205.19000000,USDT,SIM-001,MARGIN,USDT,[],False,{}
104204.19000000,0.00000000,104204.19000000,USDT,SIM-001,MARGIN,USDT,[],False,{}
104203.19000000,0.00000000,104203.19000000,USDT,SIM-001,MARGIN,USDT,[],False,{}
104202.19000000,0.00000000,104202.19000000,USDT,SIM-001,MARGIN,USDT,[],False,{}
104202.19000000,0.00000000,104202.19000000,USDT,SIM-001,MARGIN,USDT,[],False,{}
104202.19000000,0.00000000,104202.19000000,USDT,SIM-001,MARGIN,USDT,[],False,{}
104275.81000000,0.00000000,104275.81000000,USDT,SIM-001,MARGIN,USDT,[],False,{}
104370.81000000,0.00000000,104370.81000000,USDT,SIM-001,MARGIN,USDT,[],False,{}
104370.81000000,0.00000000,104370.81000000,USDT,SIM-001,MARGIN,USDT,[],False,{}
104370.81000000,0.00000000,104370.81000000,USDT,SIM-001,MARGIN,USDT,[],False,{}
104454.74000000,0.00000000,104454.74000000,USDT,SIM-001,MARGIN,USDT,[],False,{}
104565.59000000,0.00000000,104565.59000000,USDT,SIM-001,MARGIN,USDT,[],False,{}
104565.59000000,0.00000000,104565.59000000,USDT,SIM-001,MARGIN,USDT,[],False,{}
104565.59000000,0.00000000,104565.59000000,USDT,SIM-001,MARGIN,USDT,[],False,{}
104565.59000000,0.00000000,104565.59000000,USDT,SIM-001,MARGIN,USDT,[],False,{}
104565.59000000,0.00000000,104565.59000000,USDT,SIM-001,MARGIN,USDT,[],False,{}
104564.59000000,0.00000000,104564.59000000,USDT,SIM-001,MARGIN,USDT,[],False,{}
104564.59000000,0.00000000,104564.59000000,USDT,SIM-001,MARGIN,USDT,[],False,{}
104564.59000000,0.00000000,104564.59000000,USDT,SIM-001,MARGIN,USDT,[],False,{}
104563.59000000,0.00000000,104563.59000000,USDT,SIM-001,MARGIN,USDT,[],False,{}
104563.59000000,0.00000000,104563.59000000,USDT,SIM-001,MARGIN,USDT,[],False,{}
104563.59000000,0.00000000,104563.59000000,USDT,SIM-001,MARGIN,USDT,[],False,{}
104655.18000000,0.00000000,104655.18000000,USDT,SIM-001,MARGIN,USDT,[],False,{}
104746.77000000,0.00000000,104746.77000000,USDT,SIM-001,MARGIN,USDT,[],False,{}
104838.36000000,0.00000000,104838.36000000,USDT,SIM-001,MARGIN,USDT,[],False,{}
104948.06000000,0.00000000,104948.06000000,USDT,SIM-001,MARGIN,USDT,[],False,{}
105057.76000000,0.00000000,105057.76000000,USDT,SIM-001,MARGIN,USDT,[],False,{}
105077.44000000,0.00000000,105077.44000000,USDT,SIM-001,MARGIN,USDT,[],False,{}
105077.44000000,0.00000000,105077.44000000,USDT,SIM-001,MARGIN,USDT,[],False,{}
105077.44000000,0.00000000,105077.44000000,USDT,SIM-001,MARGIN,USDT,[],False,{}
105077.44000000,0.00000000,105077.44000000,USDT,SIM-001,MARGIN,USDT,[],False,{}
105077.44000000,0.00000000,105077.44000000,USDT,SIM-001,MARGIN,USDT,[],False,{}
105077.44000000,0.00000000,105077.44000000,USDT,SIM-001,MARGIN,USDT,[],False,{}
105233.89000000,0.00000000,105233.89000000,USDT,SIM-001,MARGIN,USDT,[],False,{}
105233.89000000,0.00000000,105233.89000000,USDT,SIM-001,MARGIN,USDT,[],False,{}
105233.89000000,0.00000000,105233.89000000,USDT,SIM-001,MARGIN,USDT,[],False,{}
105233.89000000,0.00000000,105233.89000000,USDT,SIM-001,MARGIN,USDT,[],False,{}
105233.89000000,0.00000000,105233.89000000,USDT,SIM-001,MARGIN,USDT,[],False,{}
105233.89000000,0.00000000,105233.89000000,USDT,SIM-001,MARGIN,USDT,[],False,{}
105233.89000000,0.00000000,105233.89000000,USDT,SIM-001,MARGIN,USDT,[],False,{}
105233.89000000,0.00000000,105233.89000000,USDT,SIM-001,MARGIN,USDT,[],False,{}
105233.89000000,0.00000000,105233.89000000,USDT,SIM-001,MARGIN,USDT,[],False,{}
105234.43000000,0.00000000,105234.43000000,USDT,SIM-001,MARGIN,USDT,[],False,{}
105234.43000000,0.00000000,105234.43000000,USDT,SIM-001,MARGIN,USDT,[],False,{}
105234.43000000,0.00000000,105234.43000000,USDT,SIM-001,MARGIN,USDT,[],False,{}
105234.43000000,0.00000000,105234.43000000,USDT,SIM-001,MARGIN,USDT,[],False,{}
105234.43000000,0.00000000,105234.43000000,USDT,SIM-001,MARGIN,USDT,[],False,{}
105233.43000000,0.00000000,105233.43000000,USDT,SIM-001,MARGIN,USDT,[],False,{}
105233.43000000,0.00000000,105233.43000000,USDT,SIM-001,MARGIN,USDT,[],False,{}
105233.43000000,0.00000000,105233.43000000,USDT,SIM-001,MARGIN,USDT,[],False,{}
105233.23000000,0.00000000,105233.23000000,USDT,SIM-001,MARGIN,USDT,[],False,{}
105233.23000000,0.00000000,105233.23000000,USDT,SIM-001,MARGIN,USDT,[],False,{}
105233.23000000,0.00000000,105233.23000000,USDT,SIM-001,MARGIN,USDT,[],False,{}
105278.25000000,0.00000000,105278.25000000,USDT,SIM-001,MARGIN,USDT,[],False,{}
105286.97000000,0.00000000,105286.97000000,USDT,SIM-001,MARGIN,USDT,[],False,{}
105286.97000000,0.00000000,105286.97000000,USDT,SIM-001,MARGIN,USDT,[],False,{}
105285.97000000,0.00000000,105285.97000000,USDT,SIM-001,MARGIN,USDT,[],False,{}
105284.97000000,0.00000000,105284.97000000,USDT,SIM-001,MARGIN,USDT,[],False,{}
105283.97000000,0.00000000,105283.97000000,USDT,SIM-001,MARGIN,USDT,[],False,{}
105282.97000000,0.00000000,105282.97000000,USDT,SIM-001,MARGIN,USDT,[],False,{}
105282.97000000,0.00000000,105282.97000000,USDT,SIM-001,MARGIN,USDT,[],False,{}
105282.97000000,0.00000000,105282.97000000,USDT,SIM-001,MARGIN,USDT,[],False,{}
105304.63000000,0.00000000,105304.63000000,USDT,SIM-001,MARGIN,USDT,[],False,{}
105343.35000000,0.00000000,105343.35000000,USDT,SIM-001,MARGIN,USDT,[],False,{}
105343.35000000,0.00000000,105343.35000000,USDT,SIM-001,MARGIN,USDT,[],False,{}
105343.35000000,0.00000000,105343.35000000,USDT,SIM-001,MARGIN,USDT,[],False,{}
105343.35000000,0.00000000,105343.35000000,USDT,SIM-001,MARGIN,USDT,[],False,{}
105343.35000000,0.00000000,105343.35000000,USDT,SIM-001,MARGIN,USDT,[],False,{}
105343.35000000,0.00000000,105343.35000000,USDT,SIM-001,MARGIN,USDT,[],False,{}
105343.35000000,0.00000000,105343.35000000,USDT,SIM-001,MARGIN,USDT,[],False,{}
105343.35000000,0.00000000,105343.35000000,USDT,SIM-001,MARGIN,USDT,[],False,{}
105343.35000000,0.00000000,105343.35000000,USDT,SIM-001,MARGIN,USDT,[],False,{}
105343.35000000,0.00000000,105343.35000000,USDT,SIM-001,MARGIN,USDT,[],False,{}
105343.35000000,0.00000000,105343.35000000,USDT,SIM-001,MARGIN,USDT,[],False,{}
105343.35000000,0.00000000,105343.35000000,USDT,SIM-001,MARGIN,USDT,[],False,{}
105343.35000000,0.00000000,105343.35000000,USDT,SIM-001,MARGIN,USDT,[],False,{}
105342.35000000,0.00000000,105342.35000000,USDT,SIM-001,MARGIN,USDT,[],False,{}
105342.35000000,0.00000000,105342.35000000,USDT,SIM-001,MARGIN,USDT,[],False,{}
105342.35000000,0.00000000,105342.35000000,USDT,SIM-001,MARGIN,USDT,[],False,{}
105341.35000000,0.00000000,105341.35000000,USDT,SIM-001,MARGIN,USDT,[],False,{}
105341.35000000,0.00000000,105341.35000000,USDT,SIM-001,MARGIN,USDT,[],False,{}
105341.35000000,0.00000000,105341.35000000,USDT,SIM-001,MARGIN,USDT,[],False,{}
105341.35000000,0.00000000,105341.35000000,USDT,SIM-001,MARGIN,USDT,[],False,{}
105341.35000000,0.00000000,105341.35000000,USDT,SIM-001,MARGIN,USDT,[],False,{}
105341.35000000,0.00000000,105341.35000000,USDT,SIM-001,MARGIN,USDT,[],False,{}
105341.35000000,0.00000000,105341.35000000,USDT,SIM-001,MARGIN,USDT,[],False,{}
105341.35000000,0.00000000,105341.35000000,USDT,SIM-001,MARGIN,USDT,[],False,{}
105341.35000000,0.00000000,105341.35000000,USDT,SIM-001,MARGIN,USDT,[],False,{}
105341.35000000,0.00000000,105341.35000000,USDT,SIM-001,MARGIN,USDT,[],False,{}
105341.35000000,0.00000000,105341.35000000,USDT,SIM-001,MARGIN,USDT,[],False,{}
105338.36000000,0.00000000,105338.36000000,USDT,SIM-001,MARGIN,USDT,[],False,{}
105342.36000000,0.00000000,105342.36000000,USDT,SIM-001,MARGIN,USDT,[],False,{}
105342.36000000,0.00000000,105342.36000000,USDT,SIM-001,MARGIN,USDT,[],False,{}
105342.36000000,0.00000000,105342.36000000,USDT,SIM-001,MARGIN,USDT,[],False,{}
105342.36000000,0.00000000,105342.36000000,USDT,SIM-001,MARGIN,USDT,[],False,{}
105342.36000000,0.00000000,105342.36000000,USDT,SIM-001,MARGIN,USDT,[],False,{}
105341.36000000,0.00000000,105341.36000000,USDT,SIM-001,MARGIN,USDT,[],False,{}
105341.36000000,0.00000000,105341.36000000,USDT,SIM-001,MARGIN,USDT,[],False,{}
105341.36000000,0.00000000,105341.36000000,USDT,SIM-001,MARGIN,USDT,[],False,{}
105340.36000000,0.00000000,105340.36000000,USDT,SIM-001,MARGIN,USDT,[],False,{}
105340.36000000,0.00000000,105340.36000000,USDT,SIM-001,MARGIN,USDT,[],False,{}
105340.36000000,0.00000000,105340.36000000,USDT,SIM-001,MARGIN,USDT,[],False,{}
105340.36000000,0.00000000,105340.36000000,USDT,SIM-001,MARGIN,USDT,[],False,{}
105340.36000000,0.00000000,105340.36000000,USDT,SIM-001,MARGIN,USDT,[],False,{}
105340.36000000,0.00000000,105340.36000000,USDT,SIM-001,MARGIN,USDT,[],False,{}
105340.36000000,0.00000000,105340.36000000,USDT,SIM-001,MARGIN,USDT,[],False,{}
105340.36000000,0.00000000,105340.36000000,USDT,SIM-001,MARGIN,USDT,[],False,{}
105340.36000000,0.00000000,105340.36000000,USDT,SIM-001,MARGIN,USDT,[],False,{}
105340.36000000,0.00000000,105340.36000000,USDT,SIM-001,MARGIN,USDT,[],False,{}
105340.36000000,0.00000000,105340.36000000,USDT,SIM-001,MARGIN,USDT,[],False,{}
105340.36000000,0.00000000,105340.36000000,USDT,SIM-001,MARGIN,USDT,[],False,{}
105340.36000000,0.00000000,105340.36000000,USDT,SIM-001,MARGIN,USDT,[],False,{}
105243.48000000,0.00000000,105243.48000000,USDT,SIM-001,MARGIN,USDT,[],False,{}
105243.48000000,0.00000000,105243.48000000,USDT,SIM-001,MARGIN,USDT,[],False,{}
105243.48000000,0.00000000,105243.48000000,USDT,SIM-001,MARGIN,USDT,[],False,{}
105101.58000000,0.00000000,105101.58000000,USDT,SIM-001,MARGIN,USDT,[],False,{}
105101.58000000,0.00000000,105101.58000000,USDT,SIM-001,MARGIN,USDT,[],False,{}
105101.58000000,0.00000000,105101.58000000,USDT,SIM-001,MARGIN,USDT,[],False,{}
105100.58000000,0.00000000,105100.58000000,USDT,SIM-001,MARGIN,USDT,[],False,{}
105099.58000000,0.00000000,105099.58000000,USDT,SIM-001,MARGIN,USDT,[],False,{}
105098.58000000,0.00000000,105098.58000000,USDT,SIM-001,MARGIN,USDT,[],False,{}
105098.58000000,0.00000000,105098.58000000,USDT,SIM-001,MARGIN,USDT,[],False,{}
105098.58000000,0.00000000,105098.58000000,USDT,SIM-001,MARGIN,USDT,[],False,{}
105098.58000000,0.00000000,105098.58000000,USDT,SIM-001,MARGIN,USDT,[],False,{}
105098.58000000,0.00000000,105098.58000000,USDT,SIM-001,MARGIN,USDT,[],False,{}
105098.58000000,0.00000000,105098.58000000,USDT,SIM-001,MARGIN,USDT,[],False,{}
105118.16000000,0.00000000,105118.16000000,USDT,SIM-001,MARGIN,USDT,[],False,{}
105161.90000000,0.00000000,105161.90000000,USDT,SIM-001,MARGIN,USDT,[],False,{}
105161.90000000,0.00000000,105161.90000000,USDT,SIM-001,MARGIN,USDT,[],False,{}
105161.90000000,0.00000000,105161.90000000,USDT,SIM-001,MARGIN,USDT,[],False,{}
105161.90000000,0.00000000,105161.90000000,USDT,SIM-001,MARGIN,USDT,[],False,{}
105161.90000000,0.00000000,105161.90000000,USDT,SIM-001,MARGIN,USDT,[],False,{}
105160.90000000,0.00000000,105160.90000000,USDT,SIM-001,MARGIN,USDT,[],False,{}
105160.90000000,0.00000000,105160.90000000,USDT,SIM-001,MARGIN,USDT,[],False,{}
105160.90000000,0.00000000,105160.90000000,USDT,SIM-001,MARGIN,USDT,[],False,{}
105159.90000000,0.00000000,105159.90000000,USDT,SIM-001,MARGIN,USDT,[],False,{}
105159.90000000,0.00000000,105159.90000000,USDT,SIM-001,MARGIN,USDT,[],False,{}
105159.90000000,0.00000000,105159.90000000,USDT,SIM-001,MARGIN,USDT,[],False,{}
105159.90000000,0.00000000,105159.90000000,USDT,SIM-001,MARGIN,USDT,[],False,{}
105159.90000000,0.00000000,105159.90000000,USDT,SIM-001,MARGIN,USDT,[],False,{}
105159.90000000,0.00000000,105159.90000000,USDT,SIM-001,MARGIN,USDT,[],False,{}
105159.90000000,0.00000000,105159.90000000,USDT,SIM-001,MARGIN,USDT,[],False,{}
105159.90000000,0.00000000,105159.90000000,USDT,SIM-001,MARGIN,USDT,[],False,{}
105159.90000000,0.00000000,105159.90000000,USDT,SIM-001,MARGIN,USDT,[],False,{}
103876.22000000,0.00000000,103876.22000000,USDT,SIM-001,MARGIN,USDT,[],False,{}
103876.22000000,0.00000000,103876.22000000,USDT,SIM-001,MARGIN,USDT,[],False,{}
103876.22000000,0.00000000,103876.22000000,USDT,SIM-001,MARGIN,USDT,[],False,{}
103876.22000000,0.00000000,103876.22000000,USDT,SIM-001,MARGIN,USDT,[],False,{}
103876.22000000,0.00000000,103876.22000000,USDT,SIM-001,MARGIN,USDT,[],False,{}
103875.22000000,0.00000000,103875.22000000,USDT,SIM-001,MARGIN,USDT,[],False,{}
103875.22000000,0.00000000,103875.22000000,USDT,SIM-001,MARGIN,USDT,[],False,{}
103875.22000000,0.00000000,103875.22000000,USDT,SIM-001,MARGIN,USDT,[],False,{}
103899.86000000,0.00000000,103899.86000000,USDT,SIM-001,MARGIN,USDT,[],False,{}
103898.99000000,0.00000000,103898.99000000,USDT,SIM-001,MARGIN,USDT,[],False,{}
103898.99000000,0.00000000,103898.99000000,USDT,SIM-001,MARGIN,USDT,[],False,{}
103898.99000000,0.00000000,103898.99000000,USDT,SIM-001,MARGIN,USDT,[],False,{}
103897.99000000,0.00000000,103897.99000000,USDT,SIM-001,MARGIN,USDT,[],False,{}
103896.99000000,0.00000000,103896.99000000,USDT,SIM-001,MARGIN,USDT,[],False,{}
103896.99000000,0.00000000,103896.99000000,USDT,SIM-001,MARGIN,USDT,[],False,{}
103943.36000000,0.00000000,103943.36000000,USDT,SIM-001,MARGIN,USDT,[],False,{}
103989.73000000,0.00000000,103989.73000000,USDT,SIM-001,MARGIN,USDT,[],False,{}
104034.52000000,0.00000000,104034.52000000,USDT,SIM-001,MARGIN,USDT,[],False,{}
104034.52000000,0.00000000,104034.52000000,USDT,SIM-001,MARGIN,USDT,[],False,{}
104034.52000000,0.00000000,104034.52000000,USDT,SIM-001,MARGIN,USDT,[],False,{}
104034.52000000,0.00000000,104034.52000000,USDT,SIM-001,MARGIN,USDT,[],False,{}
104034.52000000,0.00000000,104034.52000000,USDT,SIM-001,MARGIN,USDT,[],False,{}
104034.52000000,0.00000000,104034.52000000,USDT,SIM-001,MARGIN,USDT,[],False,{}
104033.52000000,0.00000000,104033.52000000,USDT,SIM-001,MARGIN,USDT,[],False,{}
104033.52000000,0.00000000,104033.52000000,USDT,SIM-001,MARGIN,USDT,[],False,{}
104033.52000000,0.00000000,104033.52000000,USDT,SIM-001,MARGIN,USDT,[],False,{}
104032.52000000,0.00000000,104032.52000000,USDT,SIM-001,MARGIN,USDT,[],False,{}
104032.52000000,0.00000000,104032.52000000,USDT,SIM-001,MARGIN,USDT,[],False,{}
104032.52000000,0.00000000,104032.52000000,USDT,SIM-001,MARGIN,USDT,[],False,{}
104032.52000000,0.00000000,104032.52000000,USDT,SIM-001,MARGIN,USDT,[],False,{}
104032.52000000,0.00000000,104032.52000000,USDT,SIM-001,MARGIN,USDT,[],False,{}
104032.52000000,0.00000000,104032.52000000,USDT,SIM-001,MARGIN,USDT,[],False,{}
104032.52000000,0.00000000,104032.52000000,USDT,SIM-001,MARGIN,USDT,[],False,{}
104032.52000000,0.00000000,104032.52000000,USDT,SIM-001,MARGIN,USDT,[],False,{}
104032.52000000,0.00000000,104032.52000000,USDT,SIM-001,MARGIN,USDT,[],False,{}
104032.52000000,0.00000000,104032.52000000,USDT,SIM-001,MARGIN,USDT,[],False,{}
104032.52000000,0.00000000,104032.52000000,USDT,SIM-001,MARGIN,USDT,[],False,{}
104032.52000000,0.00000000,104032.52000000,USDT,SIM-001,MARGIN,USDT,[],False,{}
104032.52000000,0.00000000,104032.52000000,USDT,SIM-001,MARGIN,USDT,[],False,{}
104031.52000000,0.00000000,104031.52000000,USDT,SIM-001,MARGIN,USDT,[],False,{}
104031.52000000,0.00000000,104031.52000000,USDT,SIM-001,MARGIN,USDT,[],False,{}
104031.52000000,0.00000000,104031.52000000,USDT,SIM-001,MARGIN,USDT,[],False,{}
104031.05000000,0.00000000,104031.05000000,USDT,SIM-001,MARGIN,USDT,[],False,{}
104031.05000000,0.00000000,104031.05000000,USDT,SIM-001,MARGIN,USDT,[],False,{}
104031.05000000,0.00000000,104031.05000000,USDT,SIM-001,MARGIN,USDT,[],False,{}
104051.25000000,0.00000000,104051.25000000,USDT,SIM-001,MARGIN,USDT,[],False,{}
104071.45000000,0.00000000,104071.45000000,USDT,SIM-001,MARGIN,USDT,[],False,{}
104091.65000000,0.00000000,104091.65000000,USDT,SIM-001,MARGIN,USDT,[],False,{}
104111.94000000,0.00000000,104111.94000000,USDT,SIM-001,MARGIN,USDT,[],False,{}
104111.94000000,0.00000000,104111.94000000,USDT,SIM-001,MARGIN,USDT,[],False,{}
104110.94000000,0.00000000,104110.94000000,USDT,SIM-001,MARGIN,USDT,[],False,{}
104109.94000000,0.00000000,104109.94000000,USDT,SIM-001,MARGIN,USDT,[],False,{}
104109.94000000,0.00000000,104109.94000000,USDT,SIM-001,MARGIN,USDT,[],False,{}
104109.94000000,0.00000000,104109.94000000,USDT,SIM-001,MARGIN,USDT,[],False,{}
104109.94000000,0.00000000,104109.94000000,USDT,SIM-001,MARGIN,USDT,[],False,{}
104109.94000000,0.00000000,104109.94000000,USDT,SIM-001,MARGIN,USDT,[],False,{}
104087.50000000,0.00000000,104087.50000000,USDT,SIM-001,MARGIN,USDT,[],False,{}
104087.50000000,0.00000000,104087.50000000,USDT,SIM-001,MARGIN,USDT,[],False,{}
104087.50000000,0.00000000,104087.50000000,USDT,SIM-001,MARGIN,USDT,[],False,{}
104081.89000000,0.00000000,104081.89000000,USDT,SIM-001,MARGIN,USDT,[],False,{}
104081.89000000,0.00000000,104081.89000000,USDT,SIM-001,MARGIN,USDT,[],False,{}
104081.89000000,0.00000000,104081.89000000,USDT,SIM-001,MARGIN,USDT,[],False,{}
104080.89000000,0.00000000,104080.89000000,USDT,SIM-001,MARGIN,USDT,[],False,{}
104079.89000000,0.00000000,104079.89000000,USDT,SIM-001,MARGIN,USDT,[],False,{}
104078.89000000,0.00000000,104078.89000000,USDT,SIM-001,MARGIN,USDT,[],False,{}
104077.89000000,0.00000000,104077.89000000,USDT,SIM-001,MARGIN,USDT,[],False,{}
104076.89000000,0.00000000,104076.89000000,USDT,SIM-001,MARGIN,USDT,[],False,{}
104075.89000000,0.00000000,104075.89000000,USDT,SIM-001,MARGIN,USDT,[],False,{}
104075.89000000,0.00000000,104075.89000000,USDT,SIM-001,MARGIN,USDT,[],False,{}
104075.89000000,0.00000000,104075.89000000,USDT,SIM-001,MARGIN,USDT,[],False,{}
104055.47000000,0.00000000,104055.47000000,USDT,SIM-001,MARGIN,USDT,[],False,{}
104055.47000000,0.00000000,104055.47000000,USDT,SIM-001,MARGIN,USDT,[],False,{}
104055.47000000,0.00000000,104055.47000000,USDT,SIM-001,MARGIN,USDT,[],False,{}
104055.47000000,0.00000000,104055.47000000,USDT,SIM-001,MARGIN,USDT,[],False,{}
104059.11000000,0.00000000,104059.11000000,USDT,SIM-001,MARGIN,USDT,[],False,{}
104077.83000000,0.00000000,104077.83000000,USDT,SIM-001,MARGIN,USDT,[],False,{}
104077.83000000,0.00000000,104077.83000000,USDT,SIM-001,MARGIN,USDT,[],False,{}
104077.83000000,0.00000000,104077.83000000,USDT,SIM-001,MARGIN,USDT,[],False,{}
104077.83000000,0.00000000,104077.83000000,USDT,SIM-001,MARGIN,USDT,[],False,{}
104077.83000000,0.00000000,104077.83000000,USDT,SIM-001,MARGIN,USDT,[],False,{}
104077.83000000,0.00000000,104077.83000000,USDT,SIM-001,MARGIN,USDT,[],False,{}
104077.83000000,0.00000000,104077.83000000,USDT,SIM-001,MARGIN,USDT,[],False,{}
104077.83000000,0.00000000,104077.83000000,USDT,SIM-001,MARGIN,USDT,[],False,{}
104077.83000000,0.00000000,104077.83000000,USDT,SIM-001,MARGIN,USDT,[],False,{}
104253.20000000,0.00000000,104253.20000000,USDT,SIM-001,MARGIN,USDT,[],False,{}
104253.20000000,0.00000000,104253.20000000,USDT,SIM-001,MARGIN,USDT,[],False,{}
104253.20000000,0.00000000,104253.20000000,USDT,SIM-001,MARGIN,USDT,[],False,{}
104253.20000000,0.00000000,104253.20000000,USDT,SIM-001,MARGIN,USDT,[],False,{}
104253.20000000,0.00000000,104253.20000000,USDT,SIM-001,MARGIN,USDT,[],False,{}
104252.20000000,0.00000000,104252.20000000,USDT,SIM-001,MARGIN,USDT,[],False,{}
104252.20000000,0.00000000,104252.20000000,USDT,SIM-001,MARGIN,USDT,[],False,{}
104252.20000000,0.00000000,104252.20000000,USDT,SIM-001,MARGIN,USDT,[],False,{}
104269.32000000,0.00000000,104269.32000000,USDT,SIM-001,MARGIN,USDT,[],False,{}
104269.32000000,0.00000000,104269.32000000,USDT,SIM-001,MARGIN,USDT,[],False,{}
104268.32000000,0.00000000,104268.32000000,USDT,SIM-001,MARGIN,USDT,[],False,{}
104268.32000000,0.00000000,104268.32000000,USDT,SIM-001,MARGIN,USDT,[],False,{}
104267.32000000,0.00000000,104267.32000000,USDT,SIM-001,MARGIN,USDT,[],False,{}
104266.32000000,0.00000000,104266.32000000,USDT,SIM-001,MARGIN,USDT,[],False,{}
104266.32000000,0.00000000,104266.32000000,USDT,SIM-001,MARGIN,USDT,[],False,{}
104266.32000000,0.00000000,104266.32000000,USDT,SIM-001,MARGIN,USDT,[],False,{}
104266.32000000,0.00000000,104266.32000000,USDT,SIM-001,MARGIN,USDT,[],False,{}
104266.32000000,0.00000000,104266.32000000,USDT,SIM-001,MARGIN,USDT,[],False,{}
104266.32000000,0.00000000,104266.32000000,USDT,SIM-001,MARGIN,USDT,[],False,{}
104266.32000000,0.00000000,104266.32000000,USDT,SIM-001,MARGIN,USDT,[],False,{}
104266.32000000,0.00000000,104266.32000000,USDT,SIM-001,MARGIN,USDT,[],False,{}
104266.32000000,0.00000000,104266.32000000,USDT,SIM-001,MARGIN,USDT,[],False,{}
104249.95000000,0.00000000,104249.95000000,USDT,SIM-001,MARGIN,USDT,[],False,{}
104249.95000000,0.00000000,104249.95000000,USDT,SIM-001,MARGIN,USDT,[],False,{}
104249.95000000,0.00000000,104249.95000000,USDT,SIM-001,MARGIN,USDT,[],False,{}
104257.04000000,0.00000000,104257.04000000,USDT,SIM-001,MARGIN,USDT,[],False,{}
104257.04000000,0.00000000,104257.04000000,USDT,SIM-001,MARGIN,USDT,[],False,{}
104257.04000000,0.00000000,104257.04000000,USDT,SIM-001,MARGIN,USDT,[],False,{}
104257.04000000,0.00000000,104257.04000000,USDT,SIM-001,MARGIN,USDT,[],False,{}
104257.04000000,0.00000000,104257.04000000,USDT,SIM-001,MARGIN,USDT,[],False,{}
104257.04000000,0.00000000,104257.04000000,USDT,SIM-001,MARGIN,USDT,[],False,{}
104257.04000000,0.00000000,104257.04000000,USDT,SIM-001,MARGIN,USDT,[],False,{}
104257.04000000,0.00000000,104257.04000000,USDT,SIM-001,MARGIN,USDT,[],False,{}
104257.04000000,0.00000000,104257.04000000,USDT,SIM-001,MARGIN,USDT,[],False,{}
104257.04000000,0.00000000,104257.04000000,USDT,SIM-001,MARGIN,USDT,[],False,{}
104257.04000000,0.00000000,104257.04000000,USDT,SIM-001,MARGIN,USDT,[],False,{}
104257.04000000,0.00000000,104257.04000000,USDT,SIM-001,MARGIN,USDT,[],False,{}
104257.04000000,0.00000000,104257.04000000,USDT,SIM-001,MARGIN,USDT,[],False,{}
104323.39000000,0.00000000,104323.39000000,USDT,SIM-001,MARGIN,USDT,[],False,{}
104323.39000000,0.00000000,104323.39000000,USDT,SIM-001,MARGIN,USDT,[],False,{}
104323.39000000,0.00000000,104323.39000000,USDT,SIM-001,MARGIN,USDT,[],False,{}
104324.74000000,0.00000000,104324.74000000,USDT,SIM-001,MARGIN,USDT,[],False,{}
104324.74000000,0.00000000,104324.74000000,USDT,SIM-001,MARGIN,USDT,[],False,{}
104324.74000000,0.00000000,104324.74000000,USDT,SIM-001,MARGIN,USDT,[],False,{}
104324.74000000,0.00000000,104324.74000000,USDT,SIM-001,MARGIN,USDT,[],False,{}
104324.74000000,0.00000000,104324.74000000,USDT,SIM-001,MARGIN,USDT,[],False,{}
104324.74000000,0.00000000,104324.74000000,USDT,SIM-001,MARGIN,USDT,[],False,{}
104324.74000000,0.00000000,104324.74000000,USDT,SIM-001,MARGIN,USDT,[],False,{}
104324.74000000,0.00000000,104324.74000000,USDT,SIM-001,MARGIN,USDT,[],False,{}
104324.74000000,0.00000000,104324.74000000,USDT,SIM-001,MARGIN,USDT,[],False,{}
104324.74000000,0.00000000,104324.74000000,USDT,SIM-001,MARGIN,USDT,[],False,{}
104300.58000000,0.00000000,104300.58000000,USDT,SIM-001,MARGIN,USDT,[],False,{}
104300.58000000,0.00000000,104300.58000000,USDT,SIM-001,MARGIN,USDT,[],False,{}
104300.58000000,0.00000000,104300.58000000,USDT,SIM-001,MARGIN,USDT,[],False,{}
104300.58000000,0.00000000,104300.58000000,USDT,SIM-001,MARGIN,USDT,[],False,{}
104300.58000000,0.00000000,104300.58000000,USDT,SIM-001,MARGIN,USDT,[],False,{}
104299.58000000,0.00000000,104299.58000000,USDT,SIM-001,MARGIN,USDT,[],False,{}
104299.58000000,0.00000000,104299.58000000,USDT,SIM-001,MARGIN,USDT,[],False,{}
104299.58000000,0.00000000,104299.58000000,USDT,SIM-001,MARGIN,USDT,[],False,{}
104336.35000000,0.00000000,104336.35000000,USDT,SIM-001,MARGIN,USDT,[],False,{}
104335.88000000,0.00000000,104335.88000000,USDT,SIM-001,MARGIN,USDT,[],False,{}
104335.88000000,0.00000000,104335.88000000,USDT,SIM-001,MARGIN,USDT,[],False,{}
104334.88000000,0.00000000,104334.88000000,USDT,SIM-001,MARGIN,USDT,[],False,{}
104333.88000000,0.00000000,104333.88000000,USDT,SIM-001,MARGIN,USDT,[],False,{}
104333.88000000,0.00000000,104333.88000000,USDT,SIM-001,MARGIN,USDT,[],False,{}
104375.49000000,0.00000000,104375.49000000,USDT,SIM-001,MARGIN,USDT,[],False,{}
104417.10000000,0.00000000,104417.10000000,USDT,SIM-001,MARGIN,USDT,[],False,{}
104417.10000000,0.00000000,104417.10000000,USDT,SIM-001,MARGIN,USDT,[],False,{}
104417.10000000,0.00000000,104417.10000000,USDT,SIM-001,MARGIN,USDT,[],False,{}
104417.10000000,0.00000000,104417.10000000,USDT,SIM-001,MARGIN,USDT,[],False,{}
104417.10000000,0.00000000,104417.10000000,USDT,SIM-001,MARGIN,USDT,[],False,{}
104467.65000000,0.00000000,104467.65000000,USDT,SIM-001,MARGIN,USDT,[],False,{}
104467.65000000,0.00000000,104467.65000000,USDT,SIM-001,MARGIN,USDT,[],False,{}
104467.65000000,0.00000000,104467.65000000,USDT,SIM-001,MARGIN,USDT,[],False,{}
104467.65000000,0.00000000,104467.65000000,USDT,SIM-001,MARGIN,USDT,[],False,{}
104468.94000000,0.00000000,104468.94000000,USDT,SIM-001,MARGIN,USDT,[],False,{}
104468.94000000,0.00000000,104468.94000000,USDT,SIM-001,MARGIN,USDT,[],False,{}
104467.94000000,0.00000000,104467.94000000,USDT,SIM-001,MARGIN,USDT,[],False,{}
104467.94000000,0.00000000,104467.94000000,USDT,SIM-001,MARGIN,USDT,[],False,{}
104467.94000000,0.00000000,104467.94000000,USDT,SIM-001,MARGIN,USDT,[],False,{}
104467.94000000,0.00000000,104467.94000000,USDT,SIM-001,MARGIN,USDT,[],False,{}
104467.94000000,0.00000000,104467.94000000,USDT,SIM-001,MARGIN,USDT,[],False,{}
104467.94000000,0.00000000,104467.94000000,USDT,SIM-001,MARGIN,USDT,[],False,{}
104467.94000000,0.00000000,104467.94000000,USDT,SIM-001,MARGIN,USDT,[],False,{}
104467.94000000,0.00000000,104467.94000000,USDT,SIM-001,MARGIN,USDT,[],False,{}
104467.94000000,0.00000000,104467.94000000,USDT,SIM-001,MARGIN,USDT,[],False,{}
104467.94000000,0.00000000,104467.94000000,USDT,SIM-001,MARGIN,USDT,[],False,{}
104466.94000000,0.00000000,104466.94000000,USDT,SIM-001,MARGIN,USDT,[],False,{}
104466.94000000,0.00000000,104466.94000000,USDT,SIM-001,MARGIN,USDT,[],False,{}
104466.94000000,0.00000000,104466.94000000,USDT,SIM-001,MARGIN,USDT,[],False,{}
104514.01000000,0.00000000,104514.01000000,USDT,SIM-001,MARGIN,USDT,[],False,{}
104561.08000000,0.00000000,104561.08000000,USDT,SIM-001,MARGIN,USDT,[],False,{}
104561.08000000,0.00000000,104561.08000000,USDT,SIM-001,MARGIN,USDT,[],False,{}
104613.33000000,0.00000000,104613.33000000,USDT,SIM-001,MARGIN,USDT,[],False,{}
104620.04000000,0.00000000,104620.04000000,USDT,SIM-001,MARGIN,USDT,[],False,{}
104620.04000000,0.00000000,104620.04000000,USDT,SIM-001,MARGIN,USDT,[],False,{}
104620.04000000,0.00000000,104620.04000000,USDT,SIM-001,MARGIN,USDT,[],False,{}
104680.24000000,0.00000000,104680.24000000,USDT,SIM-001,MARGIN,USDT,[],False,{}
104680.24000000,0.00000000,104680.24000000,USDT,SIM-001,MARGIN,USDT,[],False,{}
104679.24000000,0.00000000,104679.24000000,USDT,SIM-001,MARGIN,USDT,[],False,{}
104678.24000000,0.00000000,104678.24000000,USDT,SIM-001,MARGIN,USDT,[],False,{}
104678.24000000,0.00000000,104678.24000000,USDT,SIM-001,MARGIN,USDT,[],False,{}
104678.24000000,0.00000000,104678.24000000,USDT,SIM-001,MARGIN,USDT,[],False,{}
104678.24000000,0.00000000,104678.24000000,USDT,SIM-001,MARGIN,USDT,[],False,{}
104678.24000000,0.00000000,104678.24000000,USDT,SIM-001,MARGIN,USDT,[],False,{}
104677.24000000,0.00000000,104677.24000000,USDT,SIM-001,MARGIN,USDT,[],False,{}
104677.24000000,0.00000000,104677.24000000,USDT,SIM-001,MARGIN,USDT,[],False,{}
104677.24000000,0.00000000,104677.24000000,USDT,SIM-001,MARGIN,USDT,[],False,{}
104687.85000000,0.00000000,104687.85000000,USDT,SIM-001,MARGIN,USDT,[],False,{}
104698.46000000,0.00000000,104698.46000000,USDT,SIM-001,MARGIN,USDT,[],False,{}
104698.46000000,0.00000000,104698.46000000,USDT,SIM-001,MARGIN,USDT,[],False,{}
104725.17000000,0.00000000,104725.17000000,USDT,SIM-001,MARGIN,USDT,[],False,{}
104726.79000000,0.00000000,104726.79000000,USDT,SIM-001,MARGIN,USDT,[],False,{}
104726.79000000,0.00000000,104726.79000000,USDT,SIM-001,MARGIN,USDT,[],False,{}
104726.79000000,0.00000000,104726.79000000,USDT,SIM-001,MARGIN,USDT,[],False,{}
104783.99000000,0.00000000,104783.99000000,USDT,SIM-001,MARGIN,USDT,[],False,{}
104783.99000000,0.00000000,104783.99000000,USDT,SIM-001,MARGIN,USDT,[],False,{}
104782.99000000,0.00000000,104782.99000000,USDT,SIM-001,MARGIN,USDT,[],False,{}
104781.99000000,0.00000000,104781.99000000,USDT,SIM-001,MARGIN,USDT,[],False,{}
104781.99000000,0.00000000,104781.99000000,USDT,SIM-001,MARGIN,USDT,[],False,{}
104781.99000000,0.00000000,104781.99000000,USDT,SIM-001,MARGIN,USDT,[],False,{}
104781.99000000,0.00000000,104781.99000000,USDT,SIM-001,MARGIN,USDT,[],False,{}
104781.99000000,0.00000000,104781.99000000,USDT,SIM-001,MARGIN,USDT,[],False,{}
104809.71000000,0.00000000,104809.71000000,USDT,SIM-001,MARGIN,USDT,[],False,{}
104809.71000000,0.00000000,104809.71000000,USDT,SIM-001,MARGIN,USDT,[],False,{}
104809.71000000,0.00000000,104809.71000000,USDT,SIM-001,MARGIN,USDT,[],False,{}
104808.71000000,0.00000000,104808.71000000,USDT,SIM-001,MARGIN,USDT,[],False,{}
104807.71000000,0.00000000,104807.71000000,USDT,SIM-001,MARGIN,USDT,[],False,{}
104807.71000000,0.00000000,104807.71000000,USDT,SIM-001,MARGIN,USDT,[],False,{}
104807.51000000,0.00000000,104807.51000000,USDT,SIM-001,MARGIN,USDT,[],False,{}
104807.31000000,0.00000000,104807.31000000,USDT,SIM-001,MARGIN,USDT,[],False,{}
104807.31000000,0.00000000,104807.31000000,USDT,SIM-001,MARGIN,USDT,[],False,{}
104807.31000000,0.00000000,104807.31000000,USDT,SIM-001,MARGIN,USDT,[],False,{}
104807.31000000,0.00000000,104807.31000000,USDT,SIM-001,MARGIN,USDT,[],False,{}
104807.31000000,0.00000000,104807.31000000,USDT,SIM-001,MARGIN,USDT,[],False,{}
104807.31000000,0.00000000,104807.31000000,USDT,SIM-001,MARGIN,USDT,[],False,{}
104807.31000000,0.00000000,104807.31000000,USDT,SIM-001,MARGIN,USDT,[],False,{}
104807.31000000,0.00000000,104807.31000000,USDT,SIM-001,MARGIN,USDT,[],False,{}
104807.31000000,0.00000000,104807.31000000,USDT,SIM-001,MARGIN,USDT,[],False,{}
104806.31000000,0.00000000,104806.31000000,USDT,SIM-001,MARGIN,USDT,[],False,{}
104806.31000000,0.00000000,104806.31000000,USDT,SIM-001,MARGIN,USDT,[],False,{}
104806.31000000,0.00000000,104806.31000000,USDT,SIM-001,MARGIN,USDT,[],False,{}
104805.42000000,0.00000000,104805.42000000,USDT,SIM-001,MARGIN,USDT,[],False,{}
104805.42000000,0.00000000,104805.42000000,USDT,SIM-001,MARGIN,USDT,[],False,{}
104805.42000000,0.00000000,104805.42000000,USDT,SIM-001,MARGIN,USDT,[],False,{}
104805.42000000,0.00000000,104805.42000000,USDT,SIM-001,MARGIN,USDT,[],False,{}
104805.42000000,0.00000000,104805.42000000,USDT,SIM-001,MARGIN,USDT,[],False,{}
104805.42000000,0.00000000,104805.42000000,USDT,SIM-001,MARGIN,USDT,[],False,{}
104805.42000000,0.00000000,104805.42000000,USDT,SIM-001,MARGIN,USDT,[],False,{}
104805.42000000,0.00000000,104805.42000000,USDT,SIM-001,MARGIN,USDT,[],False,{}
104805.42000000,0.00000000,104805.42000000,USDT,SIM-001,MARGIN,USDT,[],False,{}
104103.48000000,0.00000000,104103.48000000,USDT,SIM-001,MARGIN,USDT,[],False,{}
104103.48000000,0.00000000,104103.48000000,USDT,SIM-001,MARGIN,USDT,[],False,{}
104103.48000000,0.00000000,104103.48000000,USDT,SIM-001,MARGIN,USDT,[],False,{}
104103.48000000,0.00000000,104103.48000000,USDT,SIM-001,MARGIN,USDT,[],False,{}
104103.48000000,0.00000000,104103.48000000,USDT,SIM-001,MARGIN,USDT,[],False,{}
104102.48000000,0.00000000,104102.48000000,USDT,SIM-001,MARGIN,USDT,[],False,{}
104102.48000000,0.00000000,104102.48000000,USDT,SIM-001,MARGIN,USDT,[],False,{}
104102.48000000,0.00000000,104102.48000000,USDT,SIM-001,MARGIN,USDT,[],False,{}
104101.48000000,0.00000000,104101.48000000,USDT,SIM-001,MARGIN,USDT,[],False,{}
104101.48000000,0.00000000,104101.48000000,USDT,SIM-001,MARGIN,USDT,[],False,{}
104101.48000000,0.00000000,104101.48000000,USDT,SIM-001,MARGIN,USDT,[],False,{}
104101.48000000,0.00000000,104101.48000000,USDT,SIM-001,MARGIN,USDT,[],False,{}
104101.48000000,0.00000000,104101.48000000,USDT,SIM-001,MARGIN,USDT,[],False,{}
104101.48000000,0.00000000,104101.48000000,USDT,SIM-001,MARGIN,USDT,[],False,{}
104101.48000000,0.00000000,104101.48000000,USDT,SIM-001,MARGIN,USDT,[],False,{}
104101.48000000,0.00000000,104101.48000000,USDT,SIM-001,MARGIN,USDT,[],False,{}
104101.48000000,0.00000000,104101.48000000,USDT,SIM-001,MARGIN,USDT,[],False,{}
104101.48000000,0.00000000,104101.48000000,USDT,SIM-001,MARGIN,USDT,[],False,{}
104101.48000000,0.00000000,104101.48000000,USDT,SIM-001,MARGIN,USDT,[],False,{}
104101.48000000,0.00000000,104101.48000000,USDT,SIM-001,MARGIN,USDT,[],False,{}
104101.48000000,0.00000000,104101.48000000,USDT,SIM-001,MARGIN,USDT,[],False,{}
104100.48000000,0.00000000,104100.48000000,USDT,SIM-001,MARGIN,USDT,[],False,{}
104100.48000000,0.00000000,104100.48000000,USDT,SIM-001,MARGIN,USDT,[],False,{}
104100.48000000,0.00000000,104100.48000000,USDT,SIM-001,MARGIN,USDT,[],False,{}
104099.48000000,0.00000000,104099.48000000,USDT,SIM-001,MARGIN,USDT,[],False,{}
104099.48000000,0.00000000,104099.48000000,USDT,SIM-001,MARGIN,USDT,[],False,{}
104099.48000000,0.00000000,104099.48000000,USDT,SIM-001,MARGIN,USDT,[],False,{}
104099.48000000,0.00000000,104099.48000000,USDT,SIM-001,MARGIN,USDT,[],False,{}
104099.48000000,0.00000000,104099.48000000,USDT,SIM-001,MARGIN,USDT,[],False,{}
104099.48000000,0.00000000,104099.48000000,USDT,SIM-001,MARGIN,USDT,[],False,{}
104099.48000000,0.00000000,104099.48000000,USDT,SIM-001,MARGIN,USDT,[],False,{}
104099.48000000,0.00000000,104099.48000000,USDT,SIM-001,MARGIN,USDT,[],False,{}
104099.48000000,0.00000000,104099.48000000,USDT,SIM-001,MARGIN,USDT,[],False,{}
104099.48000000,0.00000000,104099.48000000,USDT,SIM-001,MARGIN,USDT,[],False,{}
104099.48000000,0.00000000,104099.48000000,USDT,SIM-001,MARGIN,USDT,[],False,{}
104099.48000000,0.00000000,104099.48000000,USDT,SIM-001,MARGIN,USDT,[],False,{}
104099.48000000,0.00000000,104099.48000000,USDT,SIM-001,MARGIN,USDT,[],False,{}
104098.48000000,0.00000000,104098.48000000,USDT,SIM-001,MARGIN,USDT,[],False,{}
104098.48000000,0.00000000,104098.48000000,USDT,SIM-001,MARGIN,USDT,[],False,{}
104098.48000000,0.00000000,104098.48000000,USDT,SIM-001,MARGIN,USDT,[],False,{}
104097.75000000,0.00000000,104097.75000000,USDT,SIM-001,MARGIN,USDT,[],False,{}
104097.75000000,0.00000000,104097.75000000,USDT,SIM-001,MARGIN,USDT,[],False,{}
104097.75000000,0.00000000,104097.75000000,USDT,SIM-001,MARGIN,USDT,[],False,{}
104087.13000000,0.00000000,104087.13000000,USDT,SIM-001,MARGIN,USDT,[],False,{}
104076.51000000,0.00000000,104076.51000000,USDT,SIM-001,MARGIN,USDT,[],False,{}
104065.89000000,0.00000000,104065.89000000,USDT,SIM-001,MARGIN,USDT,[],False,{}
104066.45000000,0.00000000,104066.45000000,USDT,SIM-001,MARGIN,USDT,[],False,{}
104067.01000000,0.00000000,104067.01000000,USDT,SIM-001,MARGIN,USDT,[],False,{}
104067.15000000,0.00000000,104067.15000000,USDT,SIM-001,MARGIN,USDT,[],False,{}
104067.15000000,0.00000000,104067.15000000,USDT,SIM-001,MARGIN,USDT,[],False,{}
104067.15000000,0.00000000,104067.15000000,USDT,SIM-001,MARGIN,USDT,[],False,{}
104067.15000000,0.00000000,104067.15000000,USDT,SIM-001,MARGIN,USDT,[],False,{}
104067.15000000,0.00000000,104067.15000000,USDT,SIM-001,MARGIN,USDT,[],False,{}
104067.15000000,0.00000000,104067.15000000,USDT,SIM-001,MARGIN,USDT,[],False,{}
104092.07000000,0.00000000,104092.07000000,USDT,SIM-001,MARGIN,USDT,[],False,{}
104092.07000000,0.00000000,104092.07000000,USDT,SIM-001,MARGIN,USDT,[],False,{}
104092.07000000,0.00000000,104092.07000000,USDT,SIM-001,MARGIN,USDT,[],False,{}
104092.07000000,0.00000000,104092.07000000,USDT,SIM-001,MARGIN,USDT,[],False,{}
104091.79000000,0.00000000,104091.79000000,USDT,SIM-001,MARGIN,USDT,[],False,{}
104091.79000000,0.00000000,104091.79000000,USDT,SIM-001,MARGIN,USDT,[],False,{}
104091.79000000,0.00000000,104091.79000000,USDT,SIM-001,MARGIN,USDT,[],False,{}
104130.56000000,0.00000000,104130.56000000,USDT,SIM-001,MARGIN,USDT,[],False,{}
104130.32000000,0.00000000,104130.32000000,USDT,SIM-001,MARGIN,USDT,[],False,{}
104130.32000000,0.00000000,104130.32000000,USDT,SIM-001,MARGIN,USDT,[],False,{}
104129.32000000,0.00000000,104129.32000000,USDT,SIM-001,MARGIN,USDT,[],False,{}
104128.32000000,0.00000000,104128.32000000,USDT,SIM-001,MARGIN,USDT,[],False,{}
104127.32000000,0.00000000,104127.32000000,USDT,SIM-001,MARGIN,USDT,[],False,{}
104126.32000000,0.00000000,104126.32000000,USDT,SIM-001,MARGIN,USDT,[],False,{}
104126.32000000,0.00000000,104126.32000000,USDT,SIM-001,MARGIN,USDT,[],False,{}
104126.32000000,0.00000000,104126.32000000,USDT,SIM-001,MARGIN,USDT,[],False,{}
104142.69000000,0.00000000,104142.69000000,USDT,SIM-001,MARGIN,USDT,[],False,{}
104142.69000000,0.00000000,104142.69000000,USDT,SIM-001,MARGIN,USDT,[],False,{}
104142.69000000,0.00000000,104142.69000000,USDT,SIM-001,MARGIN,USDT,[],False,{}
104142.69000000,0.00000000,104142.69000000,USDT,SIM-001,MARGIN,USDT,[],False,{}
104142.69000000,0.00000000,104142.69000000,USDT,SIM-001,MARGIN,USDT,[],False,{}
104142.69000000,0.00000000,104142.69000000,USDT,SIM-001,MARGIN,USDT,[],False,{}
104141.69000000,0.00000000,104141.69000000,USDT,SIM-001,MARGIN,USDT,[],False,{}
104141.69000000,0.00000000,104141.69000000,USDT,SIM-001,MARGIN,USDT,[],False,{}
104141.69000000,0.00000000,104141.69000000,USDT,SIM-001,MARGIN,USDT,[],False,{}
104140.69000000,0.00000000,104140.69000000,USDT,SIM-001,MARGIN,USDT,[],False,{}
104140.69000000,0.00000000,104140.69000000,USDT,SIM-001,MARGIN,USDT,[],False,{}
104140.69000000,0.00000000,104140.69000000,USDT,SIM-001,MARGIN,USDT,[],False,{}
104136.18000000,0.00000000,104136.18000000,USDT,SIM-001,MARGIN,USDT,[],False,{}
104131.67000000,0.00000000,104131.67000000,USDT,SIM-001,MARGIN,USDT,[],False,{}
104127.16000000,0.00000000,104127.16000000,USDT,SIM-001,MARGIN,USDT,[],False,{}
104135.14000000,0.00000000,104135.14000000,USDT,SIM-001,MARGIN,USDT,[],False,{}
104143.12000000,0.00000000,104143.12000000,USDT,SIM-001,MARGIN,USDT,[],False,{}
104150.87000000,0.00000000,104150.87000000,USDT,SIM-001,MARGIN,USDT,[],False,{}
104150.87000000,0.00000000,104150.87000000,USDT,SIM-001,MARGIN,USDT,[],False,{}
104150.87000000,0.00000000,104150.87000000,USDT,SIM-001,MARGIN,USDT,[],False,{}
104150.87000000,0.00000000,104150.87000000,USDT,SIM-001,MARGIN,USDT,[],False,{}
104150.87000000,0.00000000,104150.87000000,USDT,SIM-001,MARGIN,USDT,[],False,{}
104150.87000000,0.00000000,104150.87000000,USDT,SIM-001,MARGIN,USDT,[],False,{}
104151.62000000,0.00000000,104151.62000000,USDT,SIM-001,MARGIN,USDT,[],False,{}
104151.62000000,0.00000000,104151.62000000,USDT,SIM-001,MARGIN,USDT,[],False,{}
104151.62000000,0.00000000,104151.62000000,USDT,SIM-001,MARGIN,USDT,[],False,{}
104151.62000000,0.00000000,104151.62000000,USDT,SIM-001,MARGIN,USDT,[],False,{}
104151.36000000,0.00000000,104151.36000000,USDT,SIM-001,MARGIN,USDT,[],False,{}
104151.36000000,0.00000000,104151.36000000,USDT,SIM-001,MARGIN,USDT,[],False,{}
104151.36000000,0.00000000,104151.36000000,USDT,SIM-001,MARGIN,USDT,[],False,{}
104151.36000000,0.00000000,104151.36000000,USDT,SIM-001,MARGIN,USDT,[],False,{}
104151.36000000,0.00000000,104151.36000000,USDT,SIM-001,MARGIN,USDT,[],False,{}
104151.36000000,0.00000000,104151.36000000,USDT,SIM-001,MARGIN,USDT,[],False,{}
104151.36000000,0.00000000,104151.36000000,USDT,SIM-001,MARGIN,USDT,[],False,{}
104151.36000000,0.00000000,104151.36000000,USDT,SIM-001,MARGIN,USDT,[],False,{}
104151.36000000,0.00000000,104151.36000000,USDT,SIM-001,MARGIN,USDT,[],False,{}
104062.92000000,0.00000000,104062.92000000,USDT,SIM-001,MARGIN,USDT,[],False,{}
104062.92000000,0.00000000,104062.92000000,USDT,SIM-001,MARGIN,USDT,[],False,{}
104062.92000000,0.00000000,104062.92000000,USDT,SIM-001,MARGIN,USDT,[],False,{}
104062.92000000,0.00000000,104062.92000000,USDT,SIM-001,MARGIN,USDT,[],False,{}
104062.92000000,0.00000000,104062.92000000,USDT,SIM-001,MARGIN,USDT,[],False,{}
104061.92000000,0.00000000,104061.92000000,USDT,SIM-001,MARGIN,USDT,[],False,{}
104061.92000000,0.00000000,104061.92000000,USDT,SIM-001,MARGIN,USDT,[],False,{}
104061.92000000,0.00000000,104061.92000000,USDT,SIM-001,MARGIN,USDT,[],False,{}
104060.92000000,0.00000000,104060.92000000,USDT,SIM-001,MARGIN,USDT,[],False,{}
104060.92000000,0.00000000,104060.92000000,USDT,SIM-001,MARGIN,USDT,[],False,{}
104060.92000000,0.00000000,104060.92000000,USDT,SIM-001,MARGIN,USDT,[],False,{}
104091.46000000,0.00000000,104091.46000000,USDT,SIM-001,MARGIN,USDT,[],False,{}
104121.61000000,0.00000000,104121.61000000,USDT,SIM-001,MARGIN,USDT,[],False,{}
104121.61000000,0.00000000,104121.61000000,USDT,SIM-001,MARGIN,USDT,[],False,{}
104120.61000000,0.00000000,104120.61000000,USDT,SIM-001,MARGIN,USDT,[],False,{}
104120.61000000,0.00000000,104120.61000000,USDT,SIM-001,MARGIN,USDT,[],False,{}
104120.61000000,0.00000000,104120.61000000,USDT,SIM-001,MARGIN,USDT,[],False,{}
104120.61000000,0.00000000,104120.61000000,USDT,SIM-001,MARGIN,USDT,[],False,{}
104120.61000000,0.00000000,104120.61000000,USDT,SIM-001,MARGIN,USDT,[],False,{}
104120.61000000,0.00000000,104120.61000000,USDT,SIM-001,MARGIN,USDT,[],False,{}
104120.61000000,0.00000000,104120.61000000,USDT,SIM-001,MARGIN,USDT,[],False,{}
104120.61000000,0.00000000,104120.61000000,USDT,SIM-001,MARGIN,USDT,[],False,{}
104119.61000000,0.00000000,104119.61000000,USDT,SIM-001,MARGIN,USDT,[],False,{}
104119.61000000,0.00000000,104119.61000000,USDT,SIM-001,MARGIN,USDT,[],False,{}
104119.61000000,0.00000000,104119.61000000,USDT,SIM-001,MARGIN,USDT,[],False,{}
104118.61000000,0.00000000,104118.61000000,USDT,SIM-001,MARGIN,USDT,[],False,{}
104118.61000000,0.00000000,104118.61000000,USDT,SIM-001,MARGIN,USDT,[],False,{}
104118.61000000,0.00000000,104118.61000000,USDT,SIM-001,MARGIN,USDT,[],False,{}
104162.96000000,0.00000000,104162.96000000,USDT,SIM-001,MARGIN,USDT,[],False,{}
104207.31000000,0.00000000,104207.31000000,USDT,SIM-001,MARGIN,USDT,[],False,{}
104251.66000000,0.00000000,104251.66000000,USDT,SIM-001,MARGIN,USDT,[],False,{}
104251.66000000,0.00000000,104251.66000000,USDT,SIM-001,MARGIN,USDT,[],False,{}
104251.66000000,0.00000000,104251.66000000,USDT,SIM-001,MARGIN,USDT,[],False,{}
104251.66000000,0.00000000,104251.66000000,USDT,SIM-001,MARGIN,USDT,[],False,{}
104251.66000000,0.00000000,104251.66000000,USDT,SIM-001,MARGIN,USDT,[],False,{}
104251.66000000,0.00000000,104251.66000000,USDT,SIM-001,MARGIN,USDT,[],False,{}
104251.66000000,0.00000000,104251.66000000,USDT,SIM-001,MARGIN,USDT,[],False,{}
104251.66000000,0.00000000,104251.66000000,USDT,SIM-001,MARGIN,USDT,[],False,{}
104251.66000000,0.00000000,104251.66000000,USDT,SIM-001,MARGIN,USDT,[],False,{}
104251.66000000,0.00000000,104251.66000000,USDT,SIM-001,MARGIN,USDT,[],False,{}
104251.66000000,0.00000000,104251.66000000,USDT,SIM-001,MARGIN,USDT,[],False,{}
104251.66000000,0.00000000,104251.66000000,USDT,SIM-001,MARGIN,USDT,[],False,{}
104251.66000000,0.00000000,104251.66000000,USDT,SIM-001,MARGIN,USDT,[],False,{}
104251.66000000,0.00000000,104251.66000000,USDT,SIM-001,MARGIN,USDT,[],False,{}
104251.66000000,0.00000000,104251.66000000,USDT,SIM-001,MARGIN,USDT,[],False,{}
104251.66000000,0.00000000,104251.66000000,USDT,SIM-001,MARGIN,USDT,[],False,{}
104251.29000000,0.00000000,104251.29000000,USDT,SIM-001,MARGIN,USDT,[],False,{}
104251.29000000,0.00000000,104251.29000000,USDT,SIM-001,MARGIN,USDT,[],False,{}
104251.29000000,0.00000000,104251.29000000,USDT,SIM-001,MARGIN,USDT,[],False,{}
104251.29000000,0.00000000,104251.29000000,USDT,SIM-001,MARGIN,USDT,[],False,{}
104250.29000000,0.00000000,104250.29000000,USDT,SIM-001,MARGIN,USDT,[],False,{}
104250.29000000,0.00000000,104250.29000000,USDT,SIM-001,MARGIN,USDT,[],False,{}
104250.29000000,0.00000000,104250.29000000,USDT,SIM-001,MARGIN,USDT,[],False,{}
104283.99000000,0.00000000,104283.99000000,USDT,SIM-001,MARGIN,USDT,[],False,{}
104315.84000000,0.00000000,104315.84000000,USDT,SIM-001,MARGIN,USDT,[],False,{}
104315.84000000,0.00000000,104315.84000000,USDT,SIM-001,MARGIN,USDT,[],False,{}
104314.84000000,0.00000000,104314.84000000,USDT,SIM-001,MARGIN,USDT,[],False,{}
104314.84000000,0.00000000,104314.84000000,USDT,SIM-001,MARGIN,USDT,[],False,{}
104314.84000000,0.00000000,104314.84000000,USDT,SIM-001,MARGIN,USDT,[],False,{}
104314.84000000,0.00000000,104314.84000000,USDT,SIM-001,MARGIN,USDT,[],False,{}
104314.84000000,0.00000000,104314.84000000,USDT,SIM-001,MARGIN,USDT,[],False,{}
104314.84000000,0.00000000,104314.84000000,USDT,SIM-001,MARGIN,USDT,[],False,{}
104314.84000000,0.00000000,104314.84000000,USDT,SIM-001,MARGIN,USDT,[],False,{}
104314.84000000,0.00000000,104314.84000000,USDT,SIM-001,MARGIN,USDT,[],False,{}
104313.84000000,0.00000000,104313.84000000,USDT,SIM-001,MARGIN,USDT,[],False,{}
104313.84000000,0.00000000,104313.84000000,USDT,SIM-001,MARGIN,USDT,[],False,{}
104313.84000000,0.00000000,104313.84000000,USDT,SIM-001,MARGIN,USDT,[],False,{}
104328.63000000,0.00000000,104328.63000000,USDT,SIM-001,MARGIN,USDT,[],False,{}
104343.42000000,0.00000000,104343.42000000,USDT,SIM-001,MARGIN,USDT,[],False,{}
104343.42000000,0.00000000,104343.42000000,USDT,SIM-001,MARGIN,USDT,[],False,{}
104343.79000000,0.00000000,104343.79000000,USDT,SIM-001,MARGIN,USDT,[],False,{}
104343.79000000,0.00000000,104343.79000000,USDT,SIM-001,MARGIN,USDT,[],False,{}
104342.79000000,0.00000000,104342.79000000,USDT,SIM-001,MARGIN,USDT,[],False,{}
104342.79000000,0.00000000,104342.79000000,USDT,SIM-001,MARGIN,USDT,[],False,{}
104369.99000000,0.00000000,104369.99000000,USDT,SIM-001,MARGIN,USDT,[],False,{}
104395.19000000,0.00000000,104395.19000000,USDT,SIM-001,MARGIN,USDT,[],False,{}
104395.19000000,0.00000000,104395.19000000,USDT,SIM-001,MARGIN,USDT,[],False,{}
104394.19000000,0.00000000,104394.19000000,USDT,SIM-001,MARGIN,USDT,[],False,{}
104394.19000000,0.00000000,104394.19000000,USDT,SIM-001,MARGIN,USDT,[],False,{}
104394.19000000,0.00000000,104394.19000000,USDT,SIM-001,MARGIN,USDT,[],False,{}
104394.19000000,0.00000000,104394.19000000,USDT,SIM-001,MARGIN,USDT,[],False,{}
104394.19000000,0.00000000,104394.19000000,USDT,SIM-001,MARGIN,USDT,[],False,{}
104393.19000000,0.00000000,104393.19000000,USDT,SIM-001,MARGIN,USDT,[],False,{}
104393.19000000,0.00000000,104393.19000000,USDT,SIM-001,MARGIN,USDT,[],False,{}
104393.19000000,0.00000000,104393.19000000,USDT,SIM-001,MARGIN,USDT,[],False,{}
104401.32000000,0.00000000,104401.32000000,USDT,SIM-001,MARGIN,USDT,[],False,{}
104409.45000000,0.00000000,104409.45000000,USDT,SIM-001,MARGIN,USDT,[],False,{}
104409.45000000,0.00000000,104409.45000000,USDT,SIM-001,MARGIN,USDT,[],False,{}
104409.74000000,0.00000000,104409.74000000,USDT,SIM-001,MARGIN,USDT,[],False,{}
104409.74000000,0.00000000,104409.74000000,USDT,SIM-001,MARGIN,USDT,[],False,{}
104408.74000000,0.00000000,104408.74000000,USDT,SIM-001,MARGIN,USDT,[],False,{}
104408.74000000,0.00000000,104408.74000000,USDT,SIM-001,MARGIN,USDT,[],False,{}
104408.74000000,0.00000000,104408.74000000,USDT,SIM-001,MARGIN,USDT,[],False,{}
104408.74000000,0.00000000,104408.74000000,USDT,SIM-001,MARGIN,USDT,[],False,{}
104408.74000000,0.00000000,104408.74000000,USDT,SIM-001,MARGIN,USDT,[],False,{}
104408.74000000,0.00000000,104408.74000000,USDT,SIM-001,MARGIN,USDT,[],False,{}
104408.74000000,0.00000000,104408.74000000,USDT,SIM-001,MARGIN,USDT,[],False,{}
104408.74000000,0.00000000,104408.74000000,USDT,SIM-001,MARGIN,USDT,[],False,{}
104408.74000000,0.00000000,104408.74000000,USDT,SIM-001,MARGIN,USDT,[],False,{}
104407.74000000,0.00000000,104407.74000000,USDT,SIM-001,MARGIN,USDT,[],False,{}
104407.74000000,0.00000000,104407.74000000,USDT,SIM-001,MARGIN,USDT,[],False,{}
104407.74000000,0.00000000,104407.74000000,USDT,SIM-001,MARGIN,USDT,[],False,{}
104396.22000000,0.00000000,104396.22000000,USDT,SIM-001,MARGIN,USDT,[],False,{}
104384.70000000,0.00000000,104384.70000000,USDT,SIM-001,MARGIN,USDT,[],False,{}
104384.70000000,0.00000000,104384.70000000,USDT,SIM-001,MARGIN,USDT,[],False,{}
104379.22000000,0.00000000,104379.22000000,USDT,SIM-001,MARGIN,USDT,[],False,{}
104379.22000000,0.00000000,104379.22000000,USDT,SIM-001,MARGIN,USDT,[],False,{}
104378.22000000,0.00000000,104378.22000000,USDT,SIM-001,MARGIN,USDT,[],False,{}
104378.22000000,0.00000000,104378.22000000,USDT,SIM-001,MARGIN,USDT,[],False,{}
104399.99000000,0.00000000,104399.99000000,USDT,SIM-001,MARGIN,USDT,[],False,{}
104400.69000000,0.00000000,104400.69000000,USDT,SIM-001,MARGIN,USDT,[],False,{}
104400.69000000,0.00000000,104400.69000000,USDT,SIM-001,MARGIN,USDT,[],False,{}
104399.69000000,0.00000000,104399.69000000,USDT,SIM-001,MARGIN,USDT,[],False,{}
104399.69000000,0.00000000,104399.69000000,USDT,SIM-001,MARGIN,USDT,[],False,{}
104399.69000000,0.00000000,104399.69000000,USDT,SIM-001,MARGIN,USDT,[],False,{}
104399.69000000,0.00000000,104399.69000000,USDT,SIM-001,MARGIN,USDT,[],False,{}
104399.69000000,0.00000000,104399.69000000,USDT,SIM-001,MARGIN,USDT,[],False,{}
104365.43000000,0.00000000,104365.43000000,USDT,SIM-001,MARGIN,USDT,[],False,{}
104365.43000000,0.00000000,104365.43000000,USDT,SIM-001,MARGIN,USDT,[],False,{}
104365.43000000,0.00000000,104365.43000000,USDT,SIM-001,MARGIN,USDT,[],False,{}
104357.89000000,0.00000000,104357.89000000,USDT,SIM-001,MARGIN,USDT,[],False,{}
104357.89000000,0.00000000,104357.89000000,USDT,SIM-001,MARGIN,USDT,[],False,{}
104357.89000000,0.00000000,104357.89000000,USDT,SIM-001,MARGIN,USDT,[],False,{}
104357.89000000,0.00000000,104357.89000000,USDT,SIM-001,MARGIN,USDT,[],False,{}
104357.89000000,0.00000000,104357.89000000,USDT,SIM-001,MARGIN,USDT,[],False,{}
104357.89000000,0.00000000,104357.89000000,USDT,SIM-001,MARGIN,USDT,[],False,{}
104357.89000000,0.00000000,104357.89000000,USDT,SIM-001,MARGIN,USDT,[],False,{}
104357.89000000,0.00000000,104357.89000000,USDT,SIM-001,MARGIN,USDT,[],False,{}
104357.89000000,0.00000000,104357.89000000,USDT,SIM-001,MARGIN,USDT,[],False,{}
104357.89000000,0.00000000,104357.89000000,USDT,SIM-001,MARGIN,USDT,[],False,{}
104357.89000000,0.00000000,104357.89000000,USDT,SIM-001,MARGIN,USDT,[],False,{}
104357.89000000,0.00000000,104357.89000000,USDT,SIM-001,MARGIN,USDT,[],False,{}
104357.89000000,0.00000000,104357.89000000,USDT,SIM-001,MARGIN,USDT,[],False,{}
104357.89000000,0.00000000,104357.89000000,USDT,SIM-001,MARGIN,USDT,[],False,{}
104351.28000000,0.00000000,104351.28000000,USDT,SIM-001,MARGIN,USDT,[],False,{}
104351.28000000,0.00000000,104351.28000000,USDT,SIM-001,MARGIN,USDT,[],False,{}
104351.28000000,0.00000000,104351.28000000,USDT,SIM-001,MARGIN,USDT,[],False,{}
104351.28000000,0.00000000,104351.28000000,USDT,SIM-001,MARGIN,USDT,[],False,{}
104350.28000000,0.00000000,104350.28000000,USDT,SIM-001,MARGIN,USDT,[],False,{}
104350.28000000,0.00000000,104350.28000000,USDT,SIM-001,MARGIN,USDT,[],False,{}
104350.28000000,0.00000000,104350.28000000,USDT,SIM-001,MARGIN,USDT,[],False,{}
104350.28000000,0.00000000,104350.28000000,USDT,SIM-001,MARGIN,USDT,[],False,{}
104350.28000000,0.00000000,104350.28000000,USDT,SIM-001,MARGIN,USDT,[],False,{}
104350.28000000,0.00000000,104350.28000000,USDT,SIM-001,MARGIN,USDT,[],False,{}
104350.28000000,0.00000000,104350.28000000,USDT,SIM-001,MARGIN,USDT,[],False,{}
104350.28000000,0.00000000,104350.28000000,USDT,SIM-001,MARGIN,USDT,[],False,{}
104350.28000000,0.00000000,104350.28000000,USDT,SIM-001,MARGIN,USDT,[],False,{}
104350.28000000,0.00000000,104350.28000000,USDT,SIM-001,MARGIN,USDT,[],False,{}
104350.28000000,0.00000000,104350.28000000,USDT,SIM-001,MARGIN,USDT,[],False,{}
104350.28000000,0.00000000,104350.28000000,USDT,SIM-001,MARGIN,USDT,[],False,{}
104350.28000000,0.00000000,104350.28000000,USDT,SIM-001,MARGIN,USDT,[],False,{}
104400.68000000,0.00000000,104400.68000000,USDT,SIM-001,MARGIN,USDT,[],False,{}
104400.68000000,0.00000000,104400.68000000,USDT,SIM-001,MARGIN,USDT,[],False,{}
104400.68000000,0.00000000,104400.68000000,USDT,SIM-001,MARGIN,USDT,[],False,{}
104423.87000000,0.00000000,104423.87000000,USDT,SIM-001,MARGIN,USDT,[],False,{}
104423.87000000,0.00000000,104423.87000000,USDT,SIM-001,MARGIN,USDT,[],False,{}
104423.87000000,0.00000000,104423.87000000,USDT,SIM-001,MARGIN,USDT,[],False,{}
104423.87000000,0.00000000,104423.87000000,USDT,SIM-001,MARGIN,USDT,[],False,{}
104423.87000000,0.00000000,104423.87000000,USDT,SIM-001,MARGIN,USDT,[],False,{}
104423.87000000,0.00000000,104423.87000000,USDT,SIM-001,MARGIN,USDT,[],False,{}
104423.87000000,0.00000000,104423.87000000,USDT,SIM-001,MARGIN,USDT,[],False,{}
104423.87000000,0.00000000,104423.87000000,USDT,SIM-001,MARGIN,USDT,[],False,{}
104423.87000000,0.00000000,104423.87000000,USDT,SIM-001,MARGIN,USDT,[],False,{}
104423.87000000,0.00000000,104423.87000000,USDT,SIM-001,MARGIN,USDT,[],False,{}
104423.87000000,0.00000000,104423.87000000,USDT,SIM-001,MARGIN,USDT,[],False,{}
104423.87000000,0.00000000,104423.87000000,USDT,SIM-001,MARGIN,USDT,[],False,{}
104423.87000000,0.00000000,104423.87000000,USDT,SIM-001,MARGIN,USDT,[],False,{}
104422.87000000,0.00000000,104422.87000000,USDT,SIM-001,MARGIN,USDT,[],False,{}
104422.87000000,0.00000000,104422.87000000,USDT,SIM-001,MARGIN,USDT,[],False,{}
104422.87000000,0.00000000,104422.87000000,USDT,SIM-001,MARGIN,USDT,[],False,{}
104421.87000000,0.00000000,104421.87000000,USDT,SIM-001,MARGIN,USDT,[],False,{}
104421.87000000,0.00000000,104421.87000000,USDT,SIM-001,MARGIN,USDT,[],False,{}
104421.87000000,0.00000000,104421.87000000,USDT,SIM-001,MARGIN,USDT,[],False,{}
104461.09000000,0.00000000,104461.09000000,USDT,SIM-001,MARGIN,USDT,[],False,{}
104500.31000000,0.00000000,104500.31000000,USDT,SIM-001,MARGIN,USDT,[],False,{}
104520.65000000,0.00000000,104520.65000000,USDT,SIM-001,MARGIN,USDT,[],False,{}
104520.65000000,0.00000000,104520.65000000,USDT,SIM-001,MARGIN,USDT,[],False,{}
104519.65000000,0.00000000,104519.65000000,USDT,SIM-001,MARGIN,USDT,[],False,{}
104518.65000000,0.00000000,104518.65000000,USDT,SIM-001,MARGIN,USDT,[],False,{}
104517.65000000,0.00000000,104517.65000000,USDT,SIM-001,MARGIN,USDT,[],False,{}
104517.65000000,0.00000000,104517.65000000,USDT,SIM-001,MARGIN,USDT,[],False,{}
104517.65000000,0.00000000,104517.65000000,USDT,SIM-001,MARGIN,USDT,[],False,{}
104517.65000000,0.00000000,104517.65000000,USDT,SIM-001,MARGIN,USDT,[],False,{}
104517.65000000,0.00000000,104517.65000000,USDT,SIM-001,MARGIN,USDT,[],False,{}
104496.39000000,0.00000000,104496.39000000,USDT,SIM-001,MARGIN,USDT,[],False,{}
104496.39000000,0.00000000,104496.39000000,USDT,SIM-001,MARGIN,USDT,[],False,{}
104496.39000000,0.00000000,104496.39000000,USDT,SIM-001,MARGIN,USDT,[],False,{}
104514.56000000,0.00000000,104514.56000000,USDT,SIM-001,MARGIN,USDT,[],False,{}
104514.56000000,0.00000000,104514.56000000,USDT,SIM-001,MARGIN,USDT,[],False,{}
104514.56000000,0.00000000,104514.56000000,USDT,SIM-001,MARGIN,USDT,[],False,{}
104514.56000000,0.00000000,104514.56000000,USDT,SIM-001,MARGIN,USDT,[],False,{}
104514.56000000,0.00000000,104514.56000000,USDT,SIM-001,MARGIN,USDT,[],False,{}
104514.56000000,0.00000000,104514.56000000,USDT,SIM-001,MARGIN,USDT,[],False,{}
104514.56000000,0.00000000,104514.56000000,USDT,SIM-001,MARGIN,USDT,[],False,{}
104514.56000000,0.00000000,104514.56000000,USDT,SIM-001,MARGIN,USDT,[],False,{}
104514.56000000,0.00000000,104514.56000000,USDT,SIM-001,MARGIN,USDT,[],False,{}
104514.56000000,0.00000000,104514.56000000,USDT,SIM-001,MARGIN,USDT,[],False,{}
104514.56000000,0.00000000,104514.56000000,USDT,SIM-001,MARGIN,USDT,[],False,{}
104514.56000000,0.00000000,104514.56000000,USDT,SIM-001,MARGIN,USDT,[],False,{}
104514.56000000,0.00000000,104514.56000000,USDT,SIM-001,MARGIN,USDT,[],False,{}
104521.97000000,0.00000000,104521.97000000,USDT,SIM-001,MARGIN,USDT,[],False,{}
104521.97000000,0.00000000,104521.97000000,USDT,SIM-001,MARGIN,USDT,[],False,{}
104521.97000000,0.00000000,104521.97000000,USDT,SIM-001,MARGIN,USDT,[],False,{}
104531.44000000,0.00000000,104531.44000000,USDT,SIM-001,MARGIN,USDT,[],False,{}
104531.44000000,0.00000000,104531.44000000,USDT,SIM-001,MARGIN,USDT,[],False,{}
104531.44000000,0.00000000,104531.44000000,USDT,SIM-001,MARGIN,USDT,[],False,{}
104531.44000000,0.00000000,104531.44000000,USDT,SIM-001,MARGIN,USDT,[],False,{}
104531.44000000,0.00000000,104531.44000000,USDT,SIM-001,MARGIN,USDT,[],False,{}
104531.44000000,0.00000000,104531.44000000,USDT,SIM-001,MARGIN,USDT,[],False,{}
104531.44000000,0.00000000,104531.44000000,USDT,SIM-001,MARGIN,USDT,[],False,{}
104531.44000000,0.00000000,104531.44000000,USDT,SIM-001,MARGIN,USDT,[],False,{}
104531.44000000,0.00000000,104531.44000000,USDT,SIM-001,MARGIN,USDT,[],False,{}
104531.44000000,0.00000000,104531.44000000,USDT,SIM-001,MARGIN,USDT,[],False,{}
104531.44000000,0.00000000,104531.44000000,USDT,SIM-001,MARGIN,USDT,[],False,{}
104531.44000000,0.00000000,104531.44000000,USDT,SIM-001,MARGIN,USDT,[],False,{}
104531.44000000,0.00000000,104531.44000000,USDT,SIM-001,MARGIN,USDT,[],False,{}
104531.44000000,0.00000000,104531.44000000,USDT,SIM-001,MARGIN,USDT,[],False,{}
104530.44000000,0.00000000,104530.44000000,USDT,SIM-001,MARGIN,USDT,[],False,{}
104529.87000000,0.00000000,104529.87000000,USDT,SIM-001,MARGIN,USDT,[],False,{}
104529.87000000,0.00000000,104529.87000000,USDT,SIM-001,MARGIN,USDT,[],False,{}
104529.87000000,0.00000000,104529.87000000,USDT,SIM-001,MARGIN,USDT,[],False,{}
104529.87000000,0.00000000,104529.87000000,USDT,SIM-001,MARGIN,USDT,[],False,{}
104529.87000000,0.00000000,104529.87000000,USDT,SIM-001,MARGIN,USDT,[],False,{}
104529.87000000,0.00000000,104529.87000000,USDT,SIM-001,MARGIN,USDT,[],False,{}
104529.87000000,0.00000000,104529.87000000,USDT,SIM-001,MARGIN,USDT,[],False,{}
104529.87000000,0.00000000,104529.87000000,USDT,SIM-001,MARGIN,USDT,[],False,{}
104529.87000000,0.00000000,104529.87000000,USDT,SIM-001,MARGIN,USDT,[],False,{}
104529.87000000,0.00000000,104529.87000000,USDT,SIM-001,MARGIN,USDT,[],False,{}
104529.87000000,0.00000000,104529.87000000,USDT,SIM-001,MARGIN,USDT,[],False,{}
104426.99000000,0.00000000,104426.99000000,USDT,SIM-001,MARGIN,USDT,[],False,{}
104426.99000000,0.00000000,104426.99000000,USDT,SIM-001,MARGIN,USDT,[],False,{}
104426.99000000,0.00000000,104426.99000000,USDT,SIM-001,MARGIN,USDT,[],False,{}
104339.91000000,0.00000000,104339.91000000,USDT,SIM-001,MARGIN,USDT,[],False,{}
104339.91000000,0.00000000,104339.91000000,USDT,SIM-001,MARGIN,USDT,[],False,{}
104339.91000000,0.00000000,104339.91000000,USDT,SIM-001,MARGIN,USDT,[],False,{}
104339.91000000,0.00000000,104339.91000000,USDT,SIM-001,MARGIN,USDT,[],False,{}
104339.91000000,0.00000000,104339.91000000,USDT,SIM-001,MARGIN,USDT,[],False,{}
104339.91000000,0.00000000,104339.91000000,USDT,SIM-001,MARGIN,USDT,[],False,{}
104339.91000000,0.00000000,104339.91000000,USDT,SIM-001,MARGIN,USDT,[],False,{}
104339.91000000,0.00000000,104339.91000000,USDT,SIM-001,MARGIN,USDT,[],False,{}
104339.91000000,0.00000000,104339.91000000,USDT,SIM-001,MARGIN,USDT,[],False,{}
104339.91000000,0.00000000,104339.91000000,USDT,SIM-001,MARGIN,USDT,[],False,{}
104339.91000000,0.00000000,104339.91000000,USDT,SIM-001,MARGIN,USDT,[],False,{}
104339.91000000,0.00000000,104339.91000000,USDT,SIM-001,MARGIN,USDT,[],False,{}
104339.91000000,0.00000000,104339.91000000,USDT,SIM-001,MARGIN,USDT,[],False,{}
104326.42000000,0.00000000,104326.42000000,USDT,SIM-001,MARGIN,USDT,[],False,{}
104326.42000000,0.00000000,104326.42000000,USDT,SIM-001,MARGIN,USDT,[],False,{}
104326.42000000,0.00000000,104326.42000000,USDT,SIM-001,MARGIN,USDT,[],False,{}
104326.42000000,0.00000000,104326.42000000,USDT,SIM-001,MARGIN,USDT,[],False,{}
104334.36000000,0.00000000,104334.36000000,USDT,SIM-001,MARGIN,USDT,[],False,{}
104334.36000000,0.00000000,104334.36000000,USDT,SIM-001,MARGIN,USDT,[],False,{}
104333.36000000,0.00000000,104333.36000000,USDT,SIM-001,MARGIN,USDT,[],False,{}
104333.36000000,0.00000000,104333.36000000,USDT,SIM-001,MARGIN,USDT,[],False,{}
104332.36000000,0.00000000,104332.36000000,USDT,SIM-001,MARGIN,USDT,[],False,{}
104331.36000000,0.00000000,104331.36000000,USDT,SIM-001,MARGIN,USDT,[],False,{}
104331.36000000,0.00000000,104331.36000000,USDT,SIM-001,MARGIN,USDT,[],False,{}
104331.36000000,0.00000000,104331.36000000,USDT,SIM-001,MARGIN,USDT,[],False,{}
104331.36000000,0.00000000,104331.36000000,USDT,SIM-001,MARGIN,USDT,[],False,{}
104331.36000000,0.00000000,104331.36000000,USDT,SIM-001,MARGIN,USDT,[],False,{}
104331.36000000,0.00000000,104331.36000000,USDT,SIM-001,MARGIN,USDT,[],False,{}
104331.36000000,0.00000000,104331.36000000,USDT,SIM-001,MARGIN,USDT,[],False,{}
104331.36000000,0.00000000,104331.36000000,USDT,SIM-001,MARGIN,USDT,[],False,{}
104331.36000000,0.00000000,104331.36000000,USDT,SIM-001,MARGIN,USDT,[],False,{}
104330.36000000,0.00000000,104330.36000000,USDT,SIM-001,MARGIN,USDT,[],False,{}
104330.36000000,0.00000000,104330.36000000,USDT,SIM-001,MARGIN,USDT,[],False,{}
104330.36000000,0.00000000,104330.36000000,USDT,SIM-001,MARGIN,USDT,[],False,{}
104329.36000000,0.00000000,104329.36000000,USDT,SIM-001,MARGIN,USDT,[],False,{}
104329.36000000,0.00000000,104329.36000000,USDT,SIM-001,MARGIN,USDT,[],False,{}
104329.36000000,0.00000000,104329.36000000,USDT,SIM-001,MARGIN,USDT,[],False,{}
104329.36000000,0.00000000,104329.36000000,USDT,SIM-001,MARGIN,USDT,[],False,{}
104329.36000000,0.00000000,104329.36000000,USDT,SIM-001,MARGIN,USDT,[],False,{}
104329.36000000,0.00000000,104329.36000000,USDT,SIM-001,MARGIN,USDT,[],False,{}
104329.36000000,0.00000000,104329.36000000,USDT,SIM-001,MARGIN,USDT,[],False,{}
104329.36000000,0.00000000,104329.36000000,USDT,SIM-001,MARGIN,USDT,[],False,{}
104329.36000000,0.00000000,104329.36000000,USDT,SIM-001,MARGIN,USDT,[],False,{}
104329.36000000,0.00000000,104329.36000000,USDT,SIM-001,MARGIN,USDT,[],False,{}
104329.36000000,0.00000000,104329.36000000,USDT,SIM-001,MARGIN,USDT,[],False,{}
104329.36000000,0.00000000,104329.36000000,USDT,SIM-001,MARGIN,USDT,[],False,{}
104329.36000000,0.00000000,104329.36000000,USDT,SIM-001,MARGIN,USDT,[],False,{}
104328.36000000,0.00000000,104328.36000000,USDT,SIM-001,MARGIN,USDT,[],False,{}
104328.36000000,0.00000000,104328.36000000,USDT,SIM-001,MARGIN,USDT,[],False,{}
104328.36000000,0.00000000,104328.36000000,USDT,SIM-001,MARGIN,USDT,[],False,{}
104327.36000000,0.00000000,104327.36000000,USDT,SIM-001,MARGIN,USDT,[],False,{}
104327.36000000,0.00000000,104327.36000000,USDT,SIM-001,MARGIN,USDT,[],False,{}
104327.36000000,0.00000000,104327.36000000,USDT,SIM-001,MARGIN,USDT,[],False,{}
104318.67000000,0.00000000,104318.67000000,USDT,SIM-001,MARGIN,USDT,[],False,{}
104309.98000000,0.00000000,104309.98000000,USDT,SIM-001,MARGIN,USDT,[],False,{}
104301.29000000,0.00000000,104301.29000000,USDT,SIM-001,MARGIN,USDT,[],False,{}
104299.30000000,0.00000000,104299.30000000,USDT,SIM-001,MARGIN,USDT,[],False,{}
104297.31000000,0.00000000,104297.31000000,USDT,SIM-001,MARGIN,USDT,[],False,{}
104295.32000000,0.00000000,104295.32000000,USDT,SIM-001,MARGIN,USDT,[],False,{}
104295.32000000,0.00000000,104295.32000000,USDT,SIM-001,MARGIN,USDT,[],False,{}
104295.32000000,0.00000000,104295.32000000,USDT,SIM-001,MARGIN,USDT,[],False,{}
104295.32000000,0.00000000,104295.32000000,USDT,SIM-001,MARGIN,USDT,[],False,{}
104295.32000000,0.00000000,104295.32000000,USDT,SIM-001,MARGIN,USDT,[],False,{}
104294.32000000,0.00000000,104294.32000000,USDT,SIM-001,MARGIN,USDT,[],False,{}
104294.32000000,0.00000000,104294.32000000,USDT,SIM-001,MARGIN,USDT,[],False,{}
104294.32000000,0.00000000,104294.32000000,USDT,SIM-001,MARGIN,USDT,[],False,{}
104293.32000000,0.00000000,104293.32000000,USDT,SIM-001,MARGIN,USDT,[],False,{}
104293.32000000,0.00000000,104293.32000000,USDT,SIM-001,MARGIN,USDT,[],False,{}
104293.32000000,0.00000000,104293.32000000,USDT,SIM-001,MARGIN,USDT,[],False,{}
104293.32000000,0.00000000,104293.32000000,USDT,SIM-001,MARGIN,USDT,[],False,{}
104293.32000000,0.00000000,104293.32000000,USDT,SIM-001,MARGIN,USDT,[],False,{}
104293.32000000,0.00000000,104293.32000000,USDT,SIM-001,MARGIN,USDT,[],False,{}
104293.32000000,0.00000000,104293.32000000,USDT,SIM-001,MARGIN,USDT,[],False,{}
104293.32000000,0.00000000,104293.32000000,USDT,SIM-001,MARGIN,USDT,[],False,{}
104293.32000000,0.00000000,104293.32000000,USDT,SIM-001,MARGIN,USDT,[],False,{}
104293.32000000,0.00000000,104293.32000000,USDT,SIM-001,MARGIN,USDT,[],False,{}
104293.32000000,0.00000000,104293.32000000,USDT,SIM-001,MARGIN,USDT,[],False,{}
104293.32000000,0.00000000,104293.32000000,USDT,SIM-001,MARGIN,USDT,[],False,{}
104293.32000000,0.00000000,104293.32000000,USDT,SIM-001,MARGIN,USDT,[],False,{}
104292.32000000,0.00000000,104292.32000000,USDT,SIM-001,MARGIN,USDT,[],False,{}
104292.32000000,0.00000000,104292.32000000,USDT,SIM-001,MARGIN,USDT,[],False,{}
104292.32000000,0.00000000,104292.32000000,USDT,SIM-001,MARGIN,USDT,[],False,{}
104291.74000000,0.00000000,104291.74000000,USDT,SIM-001,MARGIN,USDT,[],False,{}
104291.74000000,0.00000000,104291.74000000,USDT,SIM-001,MARGIN,USDT,[],False,{}
104291.74000000,0.00000000,104291.74000000,USDT,SIM-001,MARGIN,USDT,[],False,{}
104291.74000000,0.00000000,104291.74000000,USDT,SIM-001,MARGIN,USDT,[],False,{}
104291.74000000,0.00000000,104291.74000000,USDT,SIM-001,MARGIN,USDT,[],False,{}
104291.74000000,0.00000000,104291.74000000,USDT,SIM-001,MARGIN,USDT,[],False,{}
104291.74000000,0.00000000,104291.74000000,USDT,SIM-001,MARGIN,USDT,[],False,{}
104291.74000000,0.00000000,104291.74000000,USDT,SIM-001,MARGIN,USDT,[],False,{}
104291.74000000,0.00000000,104291.74000000,USDT,SIM-001,MARGIN,USDT,[],False,{}
104291.74000000,0.00000000,104291.74000000,USDT,SIM-001,MARGIN,USDT,[],False,{}
104291.74000000,0.00000000,104291.74000000,USDT,SIM-001,MARGIN,USDT,[],False,{}
104291.74000000,0.00000000,104291.74000000,USDT,SIM-001,MARGIN,USDT,[],False,{}
104291.74000000,0.00000000,104291.74000000,USDT,SIM-001,MARGIN,USDT,[],False,{}
104290.74000000,0.00000000,104290.74000000,USDT,SIM-001,MARGIN,USDT,[],False,{}
104290.74000000,0.00000000,104290.74000000,USDT,SIM-001,MARGIN,USDT,[],False,{}
104290.74000000,0.00000000,104290.74000000,USDT,SIM-001,MARGIN,USDT,[],False,{}
104211.68000000,0.00000000,104211.68000000,USDT,SIM-001,MARGIN,USDT,[],False,{}
104132.62000000,0.00000000,104132.62000000,USDT,SIM-001,MARGIN,USDT,[],False,{}
104132.62000000,0.00000000,104132.62000000,USDT,SIM-001,MARGIN,USDT,[],False,{}
104067.26000000,0.00000000,104067.26000000,USDT,SIM-001,MARGIN,USDT,[],False,{}
104001.90000000,0.00000000,104001.90000000,USDT,SIM-001,MARGIN,USDT,[],False,{}
104001.90000000,0.00000000,104001.90000000,USDT,SIM-001,MARGIN,USDT,[],False,{}
104001.31000000,0.00000000,104001.31000000,USDT,SIM-001,MARGIN,USDT,[],False,{}
104000.31000000,0.00000000,104000.31000000,USDT,SIM-001,MARGIN,USDT,[],False,{}
103999.31000000,0.00000000,103999.31000000,USDT,SIM-001,MARGIN,USDT,[],False,{}
103999.31000000,0.00000000,103999.31000000,USDT,SIM-001,MARGIN,USDT,[],False,{}
103999.31000000,0.00000000,103999.31000000,USDT,SIM-001,MARGIN,USDT,[],False,{}
103999.31000000,0.00000000,103999.31000000,USDT,SIM-001,MARGIN,USDT,[],False,{}
103999.31000000,0.00000000,103999.31000000,USDT,SIM-001,MARGIN,USDT,[],False,{}
103998.31000000,0.00000000,103998.31000000,USDT,SIM-001,MARGIN,USDT,[],False,{}
103998.31000000,0.00000000,103998.31000000,USDT,SIM-001,MARGIN,USDT,[],False,{}
103998.31000000,0.00000000,103998.31000000,USDT,SIM-001,MARGIN,USDT,[],False,{}
103998.11000000,0.00000000,103998.11000000,USDT,SIM-001,MARGIN,USDT,[],False,{}
103998.11000000,0.00000000,103998.11000000,USDT,SIM-001,MARGIN,USDT,[],False,{}
103998.11000000,0.00000000,103998.11000000,USDT,SIM-001,MARGIN,USDT,[],False,{}
103967.95000000,0.00000000,103967.95000000,USDT,SIM-001,MARGIN,USDT,[],False,{}
103937.79000000,0.00000000,103937.79000000,USDT,SIM-001,MARGIN,USDT,[],False,{}
103907.63000000,0.00000000,103907.63000000,USDT,SIM-001,MARGIN,USDT,[],False,{}
103895.76000000,0.00000000,103895.76000000,USDT,SIM-001,MARGIN,USDT,[],False,{}
103883.89000000,0.00000000,103883.89000000,USDT,SIM-001,MARGIN,USDT,[],False,{}
103876.51000000,0.00000000,103876.51000000,USDT,SIM-001,MARGIN,USDT,[],False,{}
103876.51000000,0.00000000,103876.51000000,USDT,SIM-001,MARGIN,USDT,[],False,{}
103876.51000000,0.00000000,103876.51000000,USDT,SIM-001,MARGIN,USDT,[],False,{}
103876.51000000,0.00000000,103876.51000000,USDT,SIM-001,MARGIN,USDT,[],False,{}
103876.51000000,0.00000000,103876.51000000,USDT,SIM-001,MARGIN,USDT,[],False,{}
103876.51000000,0.00000000,103876.51000000,USDT,SIM-001,MARGIN,USDT,[],False,{}
103863.82000000,0.00000000,103863.82000000,USDT,SIM-001,MARGIN,USDT,[],False,{}
103863.82000000,0.00000000,103863.82000000,USDT,SIM-001,MARGIN,USDT,[],False,{}
103863.82000000,0.00000000,103863.82000000,USDT,SIM-001,MARGIN,USDT,[],False,{}
103863.82000000,0.00000000,103863.82000000,USDT,SIM-001,MARGIN,USDT,[],False,{}
103862.82000000,0.00000000,103862.82000000,USDT,SIM-001,MARGIN,USDT,[],False,{}
103862.82000000,0.00000000,103862.82000000,USDT,SIM-001,MARGIN,USDT,[],False,{}
103862.82000000,0.00000000,103862.82000000,USDT,SIM-001,MARGIN,USDT,[],False,{}
103899.62000000,0.00000000,103899.62000000,USDT,SIM-001,MARGIN,USDT,[],False,{}
103920.42000000,0.00000000,103920.42000000,USDT,SIM-001,MARGIN,USDT,[],False,{}
103920.42000000,0.00000000,103920.42000000,USDT,SIM-001,MARGIN,USDT,[],False,{}
103919.42000000,0.00000000,103919.42000000,USDT,SIM-001,MARGIN,USDT,[],False,{}
103918.93000000,0.00000000,103918.93000000,USDT,SIM-001,MARGIN,USDT,[],False,{}
103918.34000000,0.00000000,103918.34000000,USDT,SIM-001,MARGIN,USDT,[],False,{}
103917.63000000,0.00000000,103917.63000000,USDT,SIM-001,MARGIN,USDT,[],False,{}
103917.63000000,0.00000000,103917.63000000,USDT,SIM-001,MARGIN,USDT,[],False,{}
103917.63000000,0.00000000,103917.63000000,USDT,SIM-001,MARGIN,USDT,[],False,{}
103917.63000000,0.00000000,103917.63000000,USDT,SIM-001,MARGIN,USDT,[],False,{}
103917.63000000,0.00000000,103917.63000000,USDT,SIM-001,MARGIN,USDT,[],False,{}
103916.63000000,0.00000000,103916.63000000,USDT,SIM-001,MARGIN,USDT,[],False,{}
103916.63000000,0.00000000,103916.63000000,USDT,SIM-001,MARGIN,USDT,[],False,{}
103916.63000000,0.00000000,103916.63000000,USDT,SIM-001,MARGIN,USDT,[],False,{}
103915.82000000,0.00000000,103915.82000000,USDT,SIM-001,MARGIN,USDT,[],False,{}
103915.82000000,0.00000000,103915.82000000,USDT,SIM-001,MARGIN,USDT,[],False,{}
103915.82000000,0.00000000,103915.82000000,USDT,SIM-001,MARGIN,USDT,[],False,{}
103915.82000000,0.00000000,103915.82000000,USDT,SIM-001,MARGIN,USDT,[],False,{}
103915.82000000,0.00000000,103915.82000000,USDT,SIM-001,MARGIN,USDT,[],False,{}
103915.82000000,0.00000000,103915.82000000,USDT,SIM-001,MARGIN,USDT,[],False,{}
103915.82000000,0.00000000,103915.82000000,USDT,SIM-001,MARGIN,USDT,[],False,{}
103915.82000000,0.00000000,103915.82000000,USDT,SIM-001,MARGIN,USDT,[],False,{}
103915.82000000,0.00000000,103915.82000000,USDT,SIM-001,MARGIN,USDT,[],False,{}
103915.82000000,0.00000000,103915.82000000,USDT,SIM-001,MARGIN,USDT,[],False,{}
103915.82000000,0.00000000,103915.82000000,USDT,SIM-001,MARGIN,USDT,[],False,{}
103907.32000000,0.00000000,103907.32000000,USDT,SIM-001,MARGIN,USDT,[],False,{}
103911.34000000,0.00000000,103911.34000000,USDT,SIM-001,MARGIN,USDT,[],False,{}
103911.34000000,0.00000000,103911.34000000,USDT,SIM-001,MARGIN,USDT,[],False,{}
103911.34000000,0.00000000,103911.34000000,USDT,SIM-001,MARGIN,USDT,[],False,{}
103911.34000000,0.00000000,103911.34000000,USDT,SIM-001,MARGIN,USDT,[],False,{}
103911.34000000,0.00000000,103911.34000000,USDT,SIM-001,MARGIN,USDT,[],False,{}
103932.28000000,0.00000000,103932.28000000,USDT,SIM-001,MARGIN,USDT,[],False,{}
103932.28000000,0.00000000,103932.28000000,USDT,SIM-001,MARGIN,USDT,[],False,{}
103932.28000000,0.00000000,103932.28000000,USDT,SIM-001,MARGIN,USDT,[],False,{}
103931.28000000,0.00000000,103931.28000000,USDT,SIM-001,MARGIN,USDT,[],False,{}
103930.28000000,0.00000000,103930.28000000,USDT,SIM-001,MARGIN,USDT,[],False,{}
103930.28000000,0.00000000,103930.28000000,USDT,SIM-001,MARGIN,USDT,[],False,{}
103929.28000000,0.00000000,103929.28000000,USDT,SIM-001,MARGIN,USDT,[],False,{}
103928.28000000,0.00000000,103928.28000000,USDT,SIM-001,MARGIN,USDT,[],False,{}
103928.28000000,0.00000000,103928.28000000,USDT,SIM-001,MARGIN,USDT,[],False,{}
103956.48000000,0.00000000,103956.48000000,USDT,SIM-001,MARGIN,USDT,[],False,{}
103986.74000000,0.00000000,103986.74000000,USDT,SIM-001,MARGIN,USDT,[],False,{}
104017.00000000,0.00000000,104017.00000000,USDT,SIM-001,MARGIN,USDT,[],False,{}
104017.00000000,0.00000000,104017.00000000,USDT,SIM-001,MARGIN,USDT,[],False,{}
104017.00000000,0.00000000,104017.00000000,USDT,SIM-001,MARGIN,USDT,[],False,{}
104017.00000000,0.00000000,104017.00000000,USDT,SIM-001,MARGIN,USDT,[],False,{}
104017.00000000,0.00000000,104017.00000000,USDT,SIM-001,MARGIN,USDT,[],False,{}
104016.00000000,0.00000000,104016.00000000,USDT,SIM-001,MARGIN,USDT,[],False,{}
104016.00000000,0.00000000,104016.00000000,USDT,SIM-001,MARGIN,USDT,[],False,{}
104016.00000000,0.00000000,104016.00000000,USDT,SIM-001,MARGIN,USDT,[],False,{}
104015.00000000,0.00000000,104015.00000000,USDT,SIM-001,MARGIN,USDT,[],False,{}
104015.00000000,0.00000000,104015.00000000,USDT,SIM-001,MARGIN,USDT,[],False,{}
104015.00000000,0.00000000,104015.00000000,USDT,SIM-001,MARGIN,USDT,[],False,{}
104015.00000000,0.00000000,104015.00000000,USDT,SIM-001,MARGIN,USDT,[],False,{}
104015.00000000,0.00000000,104015.00000000,USDT,SIM-001,MARGIN,USDT,[],False,{}
104015.00000000,0.00000000,104015.00000000,USDT,SIM-001,MARGIN,USDT,[],False,{}
104015.00000000,0.00000000,104015.00000000,USDT,SIM-001,MARGIN,USDT,[],False,{}
104015.00000000,0.00000000,104015.00000000,USDT,SIM-001,MARGIN,USDT,[],False,{}
104015.00000000,0.00000000,104015.00000000,USDT,SIM-001,MARGIN,USDT,[],False,{}
104015.00000000,0.00000000,104015.00000000,USDT,SIM-001,MARGIN,USDT,[],False,{}
104015.00000000,0.00000000,104015.00000000,USDT,SIM-001,MARGIN,USDT,[],False,{}
104015.00000000,0.00000000,104015.00000000,USDT,SIM-001,MARGIN,USDT,[],False,{}
104015.00000000,0.00000000,104015.00000000,USDT,SIM-001,MARGIN,USDT,[],False,{}
104044.66000000,0.00000000,104044.66000000,USDT,SIM-001,MARGIN,USDT,[],False,{}
104044.66000000,0.00000000,104044.66000000,USDT,SIM-001,MARGIN,USDT,[],False,{}
104044.66000000,0.00000000,104044.66000000,USDT,SIM-001,MARGIN,USDT,[],False,{}
104082.02000000,0.00000000,104082.02000000,USDT,SIM-001,MARGIN,USDT,[],False,{}
104082.02000000,0.00000000,104082.02000000,USDT,SIM-001,MARGIN,USDT,[],False,{}
104082.02000000,0.00000000,104082.02000000,USDT,SIM-001,MARGIN,USDT,[],False,{}
104081.02000000,0.00000000,104081.02000000,USDT,SIM-001,MARGIN,USDT,[],False,{}
104080.02000000,0.00000000,104080.02000000,USDT,SIM-001,MARGIN,USDT,[],False,{}
104079.02000000,0.00000000,104079.02000000,USDT,SIM-001,MARGIN,USDT,[],False,{}
104078.02000000,0.00000000,104078.02000000,USDT,SIM-001,MARGIN,USDT,[],False,{}
104077.02000000,0.00000000,104077.02000000,USDT,SIM-001,MARGIN,USDT,[],False,{}
104076.02000000,0.00000000,104076.02000000,USDT,SIM-001,MARGIN,USDT,[],False,{}
104076.02000000,0.00000000,104076.02000000,USDT,SIM-001,MARGIN,USDT,[],False,{}
104076.02000000,0.00000000,104076.02000000,USDT,SIM-001,MARGIN,USDT,[],False,{}
104136.83000000,0.00000000,104136.83000000,USDT,SIM-001,MARGIN,USDT,[],False,{}
104217.51000000,0.00000000,104217.51000000,USDT,SIM-001,MARGIN,USDT,[],False,{}
104217.51000000,0.00000000,104217.51000000,USDT,SIM-001,MARGIN,USDT,[],False,{}
104217.51000000,0.00000000,104217.51000000,USDT,SIM-001,MARGIN,USDT,[],False,{}
104217.51000000,0.00000000,104217.51000000,USDT,SIM-001,MARGIN,USDT,[],False,{}
104217.51000000,0.00000000,104217.51000000,USDT,SIM-001,MARGIN,USDT,[],False,{}
104217.51000000,0.00000000,104217.51000000,USDT,SIM-001,MARGIN,USDT,[],False,{}
104217.51000000,0.00000000,104217.51000000,USDT,SIM-001,MARGIN,USDT,[],False,{}
104238.22000000,0.00000000,104238.22000000,USDT,SIM-001,MARGIN,USDT,[],False,{}
104270.57000000,0.00000000,104270.57000000,USDT,SIM-001,MARGIN,USDT,[],False,{}
104270.57000000,0.00000000,104270.57000000,USDT,SIM-001,MARGIN,USDT,[],False,{}
104270.57000000,0.00000000,104270.57000000,USDT,SIM-001,MARGIN,USDT,[],False,{}
104270.57000000,0.00000000,104270.57000000,USDT,SIM-001,MARGIN,USDT,[],False,{}
104270.57000000,0.00000000,104270.57000000,USDT,SIM-001,MARGIN,USDT,[],False,{}
104270.57000000,0.00000000,104270.57000000,USDT,SIM-001,MARGIN,USDT,[],False,{}
104270.57000000,0.00000000,104270.57000000,USDT,SIM-001,MARGIN,USDT,[],False,{}
104270.57000000,0.00000000,104270.57000000,USDT,SIM-001,MARGIN,USDT,[],False,{}
104270.57000000,0.00000000,104270.57000000,USDT,SIM-001,MARGIN,USDT,[],False,{}
104269.57000000,0.00000000,104269.57000000,USDT,SIM-001,MARGIN,USDT,[],False,{}
104269.57000000,0.00000000,104269.57000000,USDT,SIM-001,MARGIN,USDT,[],False,{}
104269.57000000,0.00000000,104269.57000000,USDT,SIM-001,MARGIN,USDT,[],False,{}
104268.57000000,0.00000000,104268.57000000,USDT,SIM-001,MARGIN,USDT,[],False,{}
104268.57000000,0.00000000,104268.57000000,USDT,SIM-001,MARGIN,USDT,[],False,{}
104268.57000000,0.00000000,104268.57000000,USDT,SIM-001,MARGIN,USDT,[],False,{}
104247.57000000,0.00000000,104247.57000000,USDT,SIM-001,MARGIN,USDT,[],False,{}
104226.57000000,0.00000000,104226.57000000,USDT,SIM-001,MARGIN,USDT,[],False,{}
104205.57000000,0.00000000,104205.57000000,USDT,SIM-001,MARGIN,USDT,[],False,{}
104205.57000000,0.00000000,104205.57000000,USDT,SIM-001,MARGIN,USDT,[],False,{}
104205.57000000,0.00000000,104205.57000000,USDT,SIM-001,MARGIN,USDT,[],False,{}
104205.57000000,0.00000000,104205.57000000,USDT,SIM-001,MARGIN,USDT,[],False,{}
104205.57000000,0.00000000,104205.57000000,USDT,SIM-001,MARGIN,USDT,[],False,{}
104205.57000000,0.00000000,104205.57000000,USDT,SIM-001,MARGIN,USDT,[],False,{}
104205.57000000,0.00000000,104205.57000000,USDT,SIM-001,MARGIN,USDT,[],False,{}
104205.57000000,0.00000000,104205.57000000,USDT,SIM-001,MARGIN,USDT,[],False,{}
104204.57000000,0.00000000,104204.57000000,USDT,SIM-001,MARGIN,USDT,[],False,{}
104204.57000000,0.00000000,104204.57000000,USDT,SIM-001,MARGIN,USDT,[],False,{}
104204.57000000,0.00000000,104204.57000000,USDT,SIM-001,MARGIN,USDT,[],False,{}
104192.14000000,0.00000000,104192.14000000,USDT,SIM-001,MARGIN,USDT,[],False,{}
104179.71000000,0.00000000,104179.71000000,USDT,SIM-001,MARGIN,USDT,[],False,{}
104179.71000000,0.00000000,104179.71000000,USDT,SIM-001,MARGIN,USDT,[],False,{}
104182.01000000,0.00000000,104182.01000000,USDT,SIM-001,MARGIN,USDT,[],False,{}
104184.31000000,0.00000000,104184.31000000,USDT,SIM-001,MARGIN,USDT,[],False,{}
104184.31000000,0.00000000,104184.31000000,USDT,SIM-001,MARGIN,USDT,[],False,{}
104184.31000000,0.00000000,104184.31000000,USDT,SIM-001,MARGIN,USDT,[],False,{}
104184.31000000,0.00000000,104184.31000000,USDT,SIM-001,MARGIN,USDT,[],False,{}
104184.31000000,0.00000000,104184.31000000,USDT,SIM-001,MARGIN,USDT,[],False,{}
104184.31000000,0.00000000,104184.31000000,USDT,SIM-001,MARGIN,USDT,[],False,{}
104184.31000000,0.00000000,104184.31000000,USDT,SIM-001,MARGIN,USDT,[],False,{}
104184.31000000,0.00000000,104184.31000000,USDT,SIM-001,MARGIN,USDT,[],False,{}
104184.31000000,0.00000000,104184.31000000,USDT,SIM-001,MARGIN,USDT,[],False,{}
104255.70000000,0.00000000,104255.70000000,USDT,SIM-001,MARGIN,USDT,[],False,{}
104255.70000000,0.00000000,104255.70000000,USDT,SIM-001,MARGIN,USDT,[],False,{}
104255.70000000,0.00000000,104255.70000000,USDT,SIM-001,MARGIN,USDT,[],False,{}
104254.70000000,0.00000000,104254.70000000,USDT,SIM-001,MARGIN,USDT,[],False,{}
104253.70000000,0.00000000,104253.70000000,USDT,SIM-001,MARGIN,USDT,[],False,{}
104253.70000000,0.00000000,104253.70000000,USDT,SIM-001,MARGIN,USDT,[],False,{}
104252.70000000,0.00000000,104252.70000000,USDT,SIM-001,MARGIN,USDT,[],False,{}
104251.70000000,0.00000000,104251.70000000,USDT,SIM-001,MARGIN,USDT,[],False,{}
104251.70000000,0.00000000,104251.70000000,USDT,SIM-001,MARGIN,USDT,[],False,{}
104251.70000000,0.00000000,104251.70000000,USDT,SIM-001,MARGIN,USDT,[],False,{}
104251.70000000,0.00000000,104251.70000000,USDT,SIM-001,MARGIN,USDT,[],False,{}
104251.70000000,0.00000000,104251.70000000,USDT,SIM-001,MARGIN,USDT,[],False,{}
104251.70000000,0.00000000,104251.70000000,USDT,SIM-001,MARGIN,USDT,[],False,{}
104251.70000000,0.00000000,104251.70000000,USDT,SIM-001,MARGIN,USDT,[],False,{}
104251.70000000,0.00000000,104251.70000000,USDT,SIM-001,MARGIN,USDT,[],False,{}
104251.70000000,0.00000000,104251.70000000,USDT,SIM-001,MARGIN,USDT,[],False,{}
104250.70000000,0.00000000,104250.70000000,USDT,SIM-001,MARGIN,USDT,[],False,{}
104250.70000000,0.00000000,104250.70000000,USDT,SIM-001,MARGIN,USDT,[],False,{}
104250.70000000,0.00000000,104250.70000000,USDT,SIM-001,MARGIN,USDT,[],False,{}
104250.03000000,0.00000000,104250.03000000,USDT,SIM-001,MARGIN,USDT,[],False,{}
104250.03000000,0.00000000,104250.03000000,USDT,SIM-001,MARGIN,USDT,[],False,{}
104250.03000000,0.00000000,104250.03000000,USDT,SIM-001,MARGIN,USDT,[],False,{}
104250.03000000,0.00000000,104250.03000000,USDT,SIM-001,MARGIN,USDT,[],False,{}
104250.03000000,0.00000000,104250.03000000,USDT,SIM-001,MARGIN,USDT,[],False,{}
104250.03000000,0.00000000,104250.03000000,USDT,SIM-001,MARGIN,USDT,[],False,{}
104250.03000000,0.00000000,104250.03000000,USDT,SIM-001,MARGIN,USDT,[],False,{}
104250.03000000,0.00000000,104250.03000000,USDT,SIM-001,MARGIN,USDT,[],False,{}
104250.03000000,0.00000000,104250.03000000,USDT,SIM-001,MARGIN,USDT,[],False,{}
104250.03000000,0.00000000,104250.03000000,USDT,SIM-001,MARGIN,USDT,[],False,{}
104250.03000000,0.00000000,104250.03000000,USDT,SIM-001,MARGIN,USDT,[],False,{}
104250.03000000,0.00000000,104250.03000000,USDT,SIM-001,MARGIN,USDT,[],False,{}
104250.03000000,0.00000000,104250.03000000,USDT,SIM-001,MARGIN,USDT,[],False,{}
104131.60000000,0.00000000,104131.60000000,USDT,SIM-001,MARGIN,USDT,[],False,{}
104131.60000000,0.00000000,104131.60000000,USDT,SIM-001,MARGIN,USDT,[],False,{}
104131.60000000,0.00000000,104131.60000000,USDT,SIM-001,MARGIN,USDT,[],False,{}
104131.60000000,0.00000000,104131.60000000,USDT,SIM-001,MARGIN,USDT,[],False,{}
104131.60000000,0.00000000,104131.60000000,USDT,SIM-001,MARGIN,USDT,[],False,{}
104131.60000000,0.00000000,104131.60000000,USDT,SIM-001,MARGIN,USDT,[],False,{}
104131.60000000,0.00000000,104131.60000000,USDT,SIM-001,MARGIN,USDT,[],False,{}
104131.60000000,0.00000000,104131.60000000,USDT,SIM-001,MARGIN,USDT,[],False,{}
104131.60000000,0.00000000,104131.60000000,USDT,SIM-001,MARGIN,USDT,[],False,{}
104131.60000000,0.00000000,104131.60000000,USDT,SIM-001,MARGIN,USDT,[],False,{}
104131.60000000,0.00000000,104131.60000000,USDT,SIM-001,MARGIN,USDT,[],False,{}
104131.60000000,0.00000000,104131.60000000,USDT,SIM-001,MARGIN,USDT,[],False,{}
104015.79000000,0.00000000,104015.79000000,USDT,SIM-001,MARGIN,USDT,[],False,{}
104015.79000000,0.00000000,104015.79000000,USDT,SIM-001,MARGIN,USDT,[],False,{}
104015.79000000,0.00000000,104015.79000000,USDT,SIM-001,MARGIN,USDT,[],False,{}
103915.48000000,0.00000000,103915.48000000,USDT,SIM-001,MARGIN,USDT,[],False,{}
103915.48000000,0.00000000,103915.48000000,USDT,SIM-001,MARGIN,USDT,[],False,{}
103915.48000000,0.00000000,103915.48000000,USDT,SIM-001,MARGIN,USDT,[],False,{}
103915.48000000,0.00000000,103915.48000000,USDT,SIM-001,MARGIN,USDT,[],False,{}
103915.48000000,0.00000000,103915.48000000,USDT,SIM-001,MARGIN,USDT,[],False,{}
103915.48000000,0.00000000,103915.48000000,USDT,SIM-001,MARGIN,USDT,[],False,{}
103915.48000000,0.00000000,103915.48000000,USDT,SIM-001,MARGIN,USDT,[],False,{}
103915.48000000,0.00000000,103915.48000000,USDT,SIM-001,MARGIN,USDT,[],False,{}
103915.48000000,0.00000000,103915.48000000,USDT,SIM-001,MARGIN,USDT,[],False,{}
103915.48000000,0.00000000,103915.48000000,USDT,SIM-001,MARGIN,USDT,[],False,{}
103915.48000000,0.00000000,103915.48000000,USDT,SIM-001,MARGIN,USDT,[],False,{}
103915.48000000,0.00000000,103915.48000000,USDT,SIM-001,MARGIN,USDT,[],False,{}
103915.48000000,0.00000000,103915.48000000,USDT,SIM-001,MARGIN,USDT,[],False,{}
103811.27000000,0.00000000,103811.27000000,USDT,SIM-001,MARGIN,USDT,[],False,{}
103811.27000000,0.00000000,103811.27000000,USDT,SIM-001,MARGIN,USDT,[],False,{}
103811.27000000,0.00000000,103811.27000000,USDT,SIM-001,MARGIN,USDT,[],False,{}
103721.87000000,0.00000000,103721.87000000,USDT,SIM-001,MARGIN,USDT,[],False,{}
103721.87000000,0.00000000,103721.87000000,USDT,SIM-001,MARGIN,USDT,[],False,{}
103721.87000000,0.00000000,103721.87000000,USDT,SIM-001,MARGIN,USDT,[],False,{}
103720.87000000,0.00000000,103720.87000000,USDT,SIM-001,MARGIN,USDT,[],False,{}
103719.87000000,0.00000000,103719.87000000,USDT,SIM-001,MARGIN,USDT,[],False,{}
103718.87000000,0.00000000,103718.87000000,USDT,SIM-001,MARGIN,USDT,[],False,{}
103717.87000000,0.00000000,103717.87000000,USDT,SIM-001,MARGIN,USDT,[],False,{}
103716.87000000,0.00000000,103716.87000000,USDT,SIM-001,MARGIN,USDT,[],False,{}
103715.87000000,0.00000000,103715.87000000,USDT,SIM-001,MARGIN,USDT,[],False,{}
103715.87000000,0.00000000,103715.87000000,USDT,SIM-001,MARGIN,USDT,[],False,{}
103715.87000000,0.00000000,103715.87000000,USDT,SIM-001,MARGIN,USDT,[],False,{}
103641.64000000,0.00000000,103641.64000000,USDT,SIM-001,MARGIN,USDT,[],False,{}
103577.78000000,0.00000000,103577.78000000,USDT,SIM-001,MARGIN,USDT,[],False,{}
103577.78000000,0.00000000,103577.78000000,USDT,SIM-001,MARGIN,USDT,[],False,{}
103577.78000000,0.00000000,103577.78000000,USDT,SIM-001,MARGIN,USDT,[],False,{}
103517.79000000,0.00000000,103517.79000000,USDT,SIM-001,MARGIN,USDT,[],False,{}
103517.79000000,0.00000000,103517.79000000,USDT,SIM-001,MARGIN,USDT,[],False,{}
103517.79000000,0.00000000,103517.79000000,USDT,SIM-001,MARGIN,USDT,[],False,{}
103517.79000000,0.00000000,103517.79000000,USDT,SIM-001,MARGIN,USDT,[],False,{}
103517.79000000,0.00000000,103517.79000000,USDT,SIM-001,MARGIN,USDT,[],False,{}
103517.79000000,0.00000000,103517.79000000,USDT,SIM-001,MARGIN,USDT,[],False,{}
103446.63000000,0.00000000,103446.63000000,USDT,SIM-001,MARGIN,USDT,[],False,{}
103446.63000000,0.00000000,103446.63000000,USDT,SIM-001,MARGIN,USDT,[],False,{}
103446.63000000,0.00000000,103446.63000000,USDT,SIM-001,MARGIN,USDT,[],False,{}
103445.63000000,0.00000000,103445.63000000,USDT,SIM-001,MARGIN,USDT,[],False,{}
103444.63000000,0.00000000,103444.63000000,USDT,SIM-001,MARGIN,USDT,[],False,{}
103444.63000000,0.00000000,103444.63000000,USDT,SIM-001,MARGIN,USDT,[],False,{}
103433.65000000,0.00000000,103433.65000000,USDT,SIM-001,MARGIN,USDT,[],False,{}
103422.67000000,0.00000000,103422.67000000,USDT,SIM-001,MARGIN,USDT,[],False,{}
103422.67000000,0.00000000,103422.67000000,USDT,SIM-001,MARGIN,USDT,[],False,{}
103422.67000000,0.00000000,103422.67000000,USDT,SIM-001,MARGIN,USDT,[],False,{}
103422.67000000,0.00000000,103422.67000000,USDT,SIM-001,MARGIN,USDT,[],False,{}
103422.67000000,0.00000000,103422.67000000,USDT,SIM-001,MARGIN,USDT,[],False,{}
103422.67000000,0.00000000,103422.67000000,USDT,SIM-001,MARGIN,USDT,[],False,{}
103422.67000000,0.00000000,103422.67000000,USDT,SIM-001,MARGIN,USDT,[],False,{}
103422.67000000,0.00000000,103422.67000000,USDT,SIM-001,MARGIN,USDT,[],False,{}
103422.67000000,0.00000000,103422.67000000,USDT,SIM-001,MARGIN,USDT,[],False,{}
103421.67000000,0.00000000,103421.67000000,USDT,SIM-001,MARGIN,USDT,[],False,{}
103421.67000000,0.00000000,103421.67000000,USDT,SIM-001,MARGIN,USDT,[],False,{}
103421.67000000,0.00000000,103421.67000000,USDT,SIM-001,MARGIN,USDT,[],False,{}
103420.67000000,0.00000000,103420.67000000,USDT,SIM-001,MARGIN,USDT,[],False,{}
103420.67000000,0.00000000,103420.67000000,USDT,SIM-001,MARGIN,USDT,[],False,{}
103420.67000000,0.00000000,103420.67000000,USDT,SIM-001,MARGIN,USDT,[],False,{}
103441.00000000,0.00000000,103441.00000000,USDT,SIM-001,MARGIN,USDT,[],False,{}
103461.33000000,0.00000000,103461.33000000,USDT,SIM-001,MARGIN,USDT,[],False,{}
103481.66000000,0.00000000,103481.66000000,USDT,SIM-001,MARGIN,USDT,[],False,{}
103504.00000000,0.00000000,103504.00000000,USDT,SIM-001,MARGIN,USDT,[],False,{}
103531.27000000,0.00000000,103531.27000000,USDT,SIM-001,MARGIN,USDT,[],False,{}
103531.27000000,0.00000000,103531.27000000,USDT,SIM-001,MARGIN,USDT,[],False,{}
103530.27000000,0.00000000,103530.27000000,USDT,SIM-001,MARGIN,USDT,[],False,{}
103530.27000000,0.00000000,103530.27000000,USDT,SIM-001,MARGIN,USDT,[],False,{}
103530.27000000,0.00000000,103530.27000000,USDT,SIM-001,MARGIN,USDT,[],False,{}
103530.27000000,0.00000000,103530.27000000,USDT,SIM-001,MARGIN,USDT,[],False,{}
103530.27000000,0.00000000,103530.27000000,USDT,SIM-001,MARGIN,USDT,[],False,{}
103533.78000000,0.00000000,103533.78000000,USDT,SIM-001,MARGIN,USDT,[],False,{}
103533.78000000,0.00000000,103533.78000000,USDT,SIM-001,MARGIN,USDT,[],False,{}
103533.78000000,0.00000000,103533.78000000,USDT,SIM-001,MARGIN,USDT,[],False,{}
103533.62000000,0.00000000,103533.62000000,USDT,SIM-001,MARGIN,USDT,[],False,{}
103533.62000000,0.00000000,103533.62000000,USDT,SIM-001,MARGIN,USDT,[],False,{}
103533.62000000,0.00000000,103533.62000000,USDT,SIM-001,MARGIN,USDT,[],False,{}
103533.62000000,0.00000000,103533.62000000,USDT,SIM-001,MARGIN,USDT,[],False,{}
103533.62000000,0.00000000,103533.62000000,USDT,SIM-001,MARGIN,USDT,[],False,{}
103533.62000000,0.00000000,103533.62000000,USDT,SIM-001,MARGIN,USDT,[],False,{}
103533.62000000,0.00000000,103533.62000000,USDT,SIM-001,MARGIN,USDT,[],False,{}
103533.62000000,0.00000000,103533.62000000,USDT,SIM-001,MARGIN,USDT,[],False,{}
103533.62000000,0.00000000,103533.62000000,USDT,SIM-001,MARGIN,USDT,[],False,{}
103533.62000000,0.00000000,103533.62000000,USDT,SIM-001,MARGIN,USDT,[],False,{}
103533.62000000,0.00000000,103533.62000000,USDT,SIM-001,MARGIN,USDT,[],False,{}
103533.62000000,0.00000000,103533.62000000,USDT,SIM-001,MARGIN,USDT,[],False,{}
103533.62000000,0.00000000,103533.62000000,USDT,SIM-001,MARGIN,USDT,[],False,{}
103533.62000000,0.00000000,103533.62000000,USDT,SIM-001,MARGIN,USDT,[],False,{}
103532.62000000,0.00000000,103532.62000000,USDT,SIM-001,MARGIN,USDT,[],False,{}
103532.62000000,0.00000000,103532.62000000,USDT,SIM-001,MARGIN,USDT,[],False,{}
103532.62000000,0.00000000,103532.62000000,USDT,SIM-001,MARGIN,USDT,[],False,{}
103532.62000000,0.00000000,103532.62000000,USDT,SIM-001,MARGIN,USDT,[],False,{}
103532.62000000,0.00000000,103532.62000000,USDT,SIM-001,MARGIN,USDT,[],False,{}
103532.62000000,0.00000000,103532.62000000,USDT,SIM-001,MARGIN,USDT,[],False,{}
103532.62000000,0.00000000,103532.62000000,USDT,SIM-001,MARGIN,USDT,[],False,{}
103532.62000000,0.00000000,103532.62000000,USDT,SIM-001,MARGIN,USDT,[],False,{}
103532.62000000,0.00000000,103532.62000000,USDT,SIM-001,MARGIN,USDT,[],False,{}
103532.62000000,0.00000000,103532.62000000,USDT,SIM-001,MARGIN,USDT,[],False,{}
103532.62000000,0.00000000,103532.62000000,USDT,SIM-001,MARGIN,USDT,[],False,{}
103532.62000000,0.00000000,103532.62000000,USDT,SIM-001,MARGIN,USDT,[],False,{}
103531.62000000,0.00000000,103531.62000000,USDT,SIM-001,MARGIN,USDT,[],False,{}
103531.62000000,0.00000000,103531.62000000,USDT,SIM-001,MARGIN,USDT,[],False,{}
103531.62000000,0.00000000,103531.62000000,USDT,SIM-001,MARGIN,USDT,[],False,{}
103535.97000000,0.00000000,103535.97000000,USDT,SIM-001,MARGIN,USDT,[],False,{}
103540.32000000,0.00000000,103540.32000000,USDT,SIM-001,MARGIN,USDT,[],False,{}
103540.32000000,0.00000000,103540.32000000,USDT,SIM-001,MARGIN,USDT,[],False,{}
103539.32000000,0.00000000,103539.32000000,USDT,SIM-001,MARGIN,USDT,[],False,{}
103538.32000000,0.00000000,103538.32000000,USDT,SIM-001,MARGIN,USDT,[],False,{}
103538.32000000,0.00000000,103538.32000000,USDT,SIM-001,MARGIN,USDT,[],False,{}
103538.32000000,0.00000000,103538.32000000,USDT,SIM-001,MARGIN,USDT,[],False,{}
103538.32000000,0.00000000,103538.32000000,USDT,SIM-001,MARGIN,USDT,[],False,{}
103538.32000000,0.00000000,103538.32000000,USDT,SIM-001,MARGIN,USDT,[],False,{}
103538.32000000,0.00000000,103538.32000000,USDT,SIM-001,MARGIN,USDT,[],False,{}
103538.32000000,0.00000000,103538.32000000,USDT,SIM-001,MARGIN,USDT,[],False,{}
103538.32000000,0.00000000,103538.32000000,USDT,SIM-001,MARGIN,USDT,[],False,{}
103538.32000000,0.00000000,103538.32000000,USDT,SIM-001,MARGIN,USDT,[],False,{}
103433.86000000,0.00000000,103433.86000000,USDT,SIM-001,MARGIN,USDT,[],False,{}
103433.86000000,0.00000000,103433.86000000,USDT,SIM-001,MARGIN,USDT,[],False,{}
103433.86000000,0.00000000,103433.86000000,USDT,SIM-001,MARGIN,USDT,[],False,{}
103432.86000000,0.00000000,103432.86000000,USDT,SIM-001,MARGIN,USDT,[],False,{}
103431.86000000,0.00000000,103431.86000000,USDT,SIM-001,MARGIN,USDT,[],False,{}
103431.86000000,0.00000000,103431.86000000,USDT,SIM-001,MARGIN,USDT,[],False,{}
103430.92000000,0.00000000,103430.92000000,USDT,SIM-001,MARGIN,USDT,[],False,{}
103429.92000000,0.00000000,103429.92000000,USDT,SIM-001,MARGIN,USDT,[],False,{}
103429.92000000,0.00000000,103429.92000000,USDT,SIM-001,MARGIN,USDT,[],False,{}
103422.89000000,0.00000000,103422.89000000,USDT,SIM-001,MARGIN,USDT,[],False,{}
103415.86000000,0.00000000,103415.86000000,USDT,SIM-001,MARGIN,USDT,[],False,{}
103408.83000000,0.00000000,103408.83000000,USDT,SIM-001,MARGIN,USDT,[],False,{}
103408.83000000,0.00000000,103408.83000000,USDT,SIM-001,MARGIN,USDT,[],False,{}
103408.83000000,0.00000000,103408.83000000,USDT,SIM-001,MARGIN,USDT,[],False,{}
103408.83000000,0.00000000,103408.83000000,USDT,SIM-001,MARGIN,USDT,[],False,{}
103408.83000000,0.00000000,103408.83000000,USDT,SIM-001,MARGIN,USDT,[],False,{}
103419.22000000,0.00000000,103419.22000000,USDT,SIM-001,MARGIN,USDT,[],False,{}
103419.22000000,0.00000000,103419.22000000,USDT,SIM-001,MARGIN,USDT,[],False,{}
103419.22000000,0.00000000,103419.22000000,USDT,SIM-001,MARGIN,USDT,[],False,{}
103443.48000000,0.00000000,103443.48000000,USDT,SIM-001,MARGIN,USDT,[],False,{}
103443.48000000,0.00000000,103443.48000000,USDT,SIM-001,MARGIN,USDT,[],False,{}
103443.48000000,0.00000000,103443.48000000,USDT,SIM-001,MARGIN,USDT,[],False,{}
103443.48000000,0.00000000,103443.48000000,USDT,SIM-001,MARGIN,USDT,[],False,{}
103443.48000000,0.00000000,103443.48000000,USDT,SIM-001,MARGIN,USDT,[],False,{}
103443.48000000,0.00000000,103443.48000000,USDT,SIM-001,MARGIN,USDT,[],False,{}
103443.48000000,0.00000000,103443.48000000,USDT,SIM-001,MARGIN,USDT,[],False,{}
103443.48000000,0.00000000,103443.48000000,USDT,SIM-001,MARGIN,USDT,[],False,{}
103443.48000000,0.00000000,103443.48000000,USDT,SIM-001,MARGIN,USDT,[],False,{}
103443.48000000,0.00000000,103443.48000000,USDT,SIM-001,MARGIN,USDT,[],False,{}
103443.48000000,0.00000000,103443.48000000,USDT,SIM-001,MARGIN,USDT,[],False,{}
103443.48000000,0.00000000,103443.48000000,USDT,SIM-001,MARGIN,USDT,[],False,{}
103443.48000000,0.00000000,103443.48000000,USDT,SIM-001,MARGIN,USDT,[],False,{}
103442.48000000,0.00000000,103442.48000000,USDT,SIM-001,MARGIN,USDT,[],False,{}
103442.48000000,0.00000000,103442.48000000,USDT,SIM-001,MARGIN,USDT,[],False,{}
103442.48000000,0.00000000,103442.48000000,USDT,SIM-001,MARGIN,USDT,[],False,{}
103441.48000000,0.00000000,103441.48000000,USDT,SIM-001,MARGIN,USDT,[],False,{}
103441.48000000,0.00000000,103441.48000000,USDT,SIM-001,MARGIN,USDT,[],False,{}
103441.48000000,0.00000000,103441.48000000,USDT,SIM-001,MARGIN,USDT,[],False,{}
103498.49000000,0.00000000,103498.49000000,USDT,SIM-001,MARGIN,USDT,[],False,{}
103555.50000000,0.00000000,103555.50000000,USDT,SIM-001,MARGIN,USDT,[],False,{}
103607.25000000,0.00000000,103607.25000000,USDT,SIM-001,MARGIN,USDT,[],False,{}
103607.25000000,0.00000000,103607.25000000,USDT,SIM-001,MARGIN,USDT,[],False,{}
103607.25000000,0.00000000,103607.25000000,USDT,SIM-001,MARGIN,USDT,[],False,{}
103607.25000000,0.00000000,103607.25000000,USDT,SIM-001,MARGIN,USDT,[],False,{}
103607.25000000,0.00000000,103607.25000000,USDT,SIM-001,MARGIN,USDT,[],False,{}
103607.25000000,0.00000000,103607.25000000,USDT,SIM-001,MARGIN,USDT,[],False,{}
103607.25000000,0.00000000,103607.25000000,USDT,SIM-001,MARGIN,USDT,[],False,{}
103607.25000000,0.00000000,103607.25000000,USDT,SIM-001,MARGIN,USDT,[],False,{}
103607.25000000,0.00000000,103607.25000000,USDT,SIM-001,MARGIN,USDT,[],False,{}
103606.25000000,0.00000000,103606.25000000,USDT,SIM-001,MARGIN,USDT,[],False,{}
103606.25000000,0.00000000,103606.25000000,USDT,SIM-001,MARGIN,USDT,[],False,{}
103606.25000000,0.00000000,103606.25000000,USDT,SIM-001,MARGIN,USDT,[],False,{}
103606.01000000,0.00000000,103606.01000000,USDT,SIM-001,MARGIN,USDT,[],False,{}
103606.01000000,0.00000000,103606.01000000,USDT,SIM-001,MARGIN,USDT,[],False,{}
103606.01000000,0.00000000,103606.01000000,USDT,SIM-001,MARGIN,USDT,[],False,{}
103606.01000000,0.00000000,103606.01000000,USDT,SIM-001,MARGIN,USDT,[],False,{}
103606.01000000,0.00000000,103606.01000000,USDT,SIM-001,MARGIN,USDT,[],False,{}
103606.01000000,0.00000000,103606.01000000,USDT,SIM-001,MARGIN,USDT,[],False,{}
103606.01000000,0.00000000,103606.01000000,USDT,SIM-001,MARGIN,USDT,[],False,{}
103606.01000000,0.00000000,103606.01000000,USDT,SIM-001,MARGIN,USDT,[],False,{}
103606.01000000,0.00000000,103606.01000000,USDT,SIM-001,MARGIN,USDT,[],False,{}
103606.01000000,0.00000000,103606.01000000,USDT,SIM-001,MARGIN,USDT,[],False,{}
103606.01000000,0.00000000,103606.01000000,USDT,SIM-001,MARGIN,USDT,[],False,{}
103606.01000000,0.00000000,103606.01000000,USDT,SIM-001,MARGIN,USDT,[],False,{}
103606.01000000,0.00000000,103606.01000000,USDT,SIM-001,MARGIN,USDT,[],False,{}
103602.27000000,0.00000000,103602.27000000,USDT,SIM-001,MARGIN,USDT,[],False,{}
103602.27000000,0.00000000,103602.27000000,USDT,SIM-001,MARGIN,USDT,[],False,{}
103602.27000000,0.00000000,103602.27000000,USDT,SIM-001,MARGIN,USDT,[],False,{}
103602.23000000,0.00000000,103602.23000000,USDT,SIM-001,MARGIN,USDT,[],False,{}
103602.23000000,0.00000000,103602.23000000,USDT,SIM-001,MARGIN,USDT,[],False,{}
103602.23000000,0.00000000,103602.23000000,USDT,SIM-001,MARGIN,USDT,[],False,{}
103602.23000000,0.00000000,103602.23000000,USDT,SIM-001,MARGIN,USDT,[],False,{}
103602.23000000,0.00000000,103602.23000000,USDT,SIM-001,MARGIN,USDT,[],False,{}
103602.23000000,0.00000000,103602.23000000,USDT,SIM-001,MARGIN,USDT,[],False,{}
103602.23000000,0.00000000,103602.23000000,USDT,SIM-001,MARGIN,USDT,[],False,{}
103602.23000000,0.00000000,103602.23000000,USDT,SIM-001,MARGIN,USDT,[],False,{}
103602.23000000,0.00000000,103602.23000000,USDT,SIM-001,MARGIN,USDT,[],False,{}
103602.23000000,0.00000000,103602.23000000,USDT,SIM-001,MARGIN,USDT,[],False,{}
103602.23000000,0.00000000,103602.23000000,USDT,SIM-001,MARGIN,USDT,[],False,{}
103602.23000000,0.00000000,103602.23000000,USDT,SIM-001,MARGIN,USDT,[],False,{}
103602.23000000,0.00000000,103602.23000000,USDT,SIM-001,MARGIN,USDT,[],False,{}
103602.23000000,0.00000000,103602.23000000,USDT,SIM-001,MARGIN,USDT,[],False,{}
103601.07000000,0.00000000,103601.07000000,USDT,SIM-001,MARGIN,USDT,[],False,{}
103601.07000000,0.00000000,103601.07000000,USDT,SIM-001,MARGIN,USDT,[],False,{}
103601.07000000,0.00000000,103601.07000000,USDT,SIM-001,MARGIN,USDT,[],False,{}
103601.07000000,0.00000000,103601.07000000,USDT,SIM-001,MARGIN,USDT,[],False,{}
103609.92000000,0.00000000,103609.92000000,USDT,SIM-001,MARGIN,USDT,[],False,{}
103609.92000000,0.00000000,103609.92000000,USDT,SIM-001,MARGIN,USDT,[],False,{}
103608.92000000,0.00000000,103608.92000000,USDT,SIM-001,MARGIN,USDT,[],False,{}
103608.92000000,0.00000000,103608.92000000,USDT,SIM-001,MARGIN,USDT,[],False,{}
103607.92000000,0.00000000,103607.92000000,USDT,SIM-001,MARGIN,USDT,[],False,{}
103606.92000000,0.00000000,103606.92000000,USDT,SIM-001,MARGIN,USDT,[],False,{}
103606.92000000,0.00000000,103606.92000000,USDT,SIM-001,MARGIN,USDT,[],False,{}
103658.43000000,0.00000000,103658.43000000,USDT,SIM-001,MARGIN,USDT,[],False,{}
103709.94000000,0.00000000,103709.94000000,USDT,SIM-001,MARGIN,USDT,[],False,{}
103761.45000000,0.00000000,103761.45000000,USDT,SIM-001,MARGIN,USDT,[],False,{}
103761.45000000,0.00000000,103761.45000000,USDT,SIM-001,MARGIN,USDT,[],False,{}
103761.45000000,0.00000000,103761.45000000,USDT,SIM-001,MARGIN,USDT,[],False,{}
103761.45000000,0.00000000,103761.45000000,USDT,SIM-001,MARGIN,USDT,[],False,{}
103761.45000000,0.00000000,103761.45000000,USDT,SIM-001,MARGIN,USDT,[],False,{}
103718.63000000,0.00000000,103718.63000000,USDT,SIM-001,MARGIN,USDT,[],False,{}
103718.63000000,0.00000000,103718.63000000,USDT,SIM-001,MARGIN,USDT,[],False,{}
103718.63000000,0.00000000,103718.63000000,USDT,SIM-001,MARGIN,USDT,[],False,{}
103718.63000000,0.00000000,103718.63000000,USDT,SIM-001,MARGIN,USDT,[],False,{}
103725.22000000,0.00000000,103725.22000000,USDT,SIM-001,MARGIN,USDT,[],False,{}
103725.22000000,0.00000000,103725.22000000,USDT,SIM-001,MARGIN,USDT,[],False,{}
103724.22000000,0.00000000,103724.22000000,USDT,SIM-001,MARGIN,USDT,[],False,{}
103724.22000000,0.00000000,103724.22000000,USDT,SIM-001,MARGIN,USDT,[],False,{}
103723.64000000,0.00000000,103723.64000000,USDT,SIM-001,MARGIN,USDT,[],False,{}
103722.92000000,0.00000000,103722.92000000,USDT,SIM-001,MARGIN,USDT,[],False,{}
103722.92000000,0.00000000,103722.92000000,USDT,SIM-001,MARGIN,USDT,[],False,{}
103764.38000000,0.00000000,103764.38000000,USDT,SIM-001,MARGIN,USDT,[],False,{}
103805.84000000,0.00000000,103805.84000000,USDT,SIM-001,MARGIN,USDT,[],False,{}
103847.30000000,0.00000000,103847.30000000,USDT,SIM-001,MARGIN,USDT,[],False,{}
103847.30000000,0.00000000,103847.30000000,USDT,SIM-001,MARGIN,USDT,[],False,{}
103847.30000000,0.00000000,103847.30000000,USDT,SIM-001,MARGIN,USDT,[],False,{}
103847.30000000,0.00000000,103847.30000000,USDT,SIM-001,MARGIN,USDT,[],False,{}
103847.30000000,0.00000000,103847.30000000,USDT,SIM-001,MARGIN,USDT,[],False,{}
103845.91000000,0.00000000,103845.91000000,USDT,SIM-001,MARGIN,USDT,[],False,{}
103845.91000000,0.00000000,103845.91000000,USDT,SIM-001,MARGIN,USDT,[],False,{}
103845.91000000,0.00000000,103845.91000000,USDT,SIM-001,MARGIN,USDT,[],False,{}
103845.91000000,0.00000000,103845.91000000,USDT,SIM-001,MARGIN,USDT,[],False,{}
103886.99000000,0.00000000,103886.99000000,USDT,SIM-001,MARGIN,USDT,[],False,{}
103886.99000000,0.00000000,103886.99000000,USDT,SIM-001,MARGIN,USDT,[],False,{}
103885.99000000,0.00000000,103885.99000000,USDT,SIM-001,MARGIN,USDT,[],False,{}
103885.99000000,0.00000000,103885.99000000,USDT,SIM-001,MARGIN,USDT,[],False,{}
103885.79000000,0.00000000,103885.79000000,USDT,SIM-001,MARGIN,USDT,[],False,{}
103885.58000000,0.00000000,103885.58000000,USDT,SIM-001,MARGIN,USDT,[],False,{}
103885.58000000,0.00000000,103885.58000000,USDT,SIM-001,MARGIN,USDT,[],False,{}
103885.58000000,0.00000000,103885.58000000,USDT,SIM-001,MARGIN,USDT,[],False,{}
103885.58000000,0.00000000,103885.58000000,USDT,SIM-001,MARGIN,USDT,[],False,{}
103885.58000000,0.00000000,103885.58000000,USDT,SIM-001,MARGIN,USDT,[],False,{}
103885.58000000,0.00000000,103885.58000000,USDT,SIM-001,MARGIN,USDT,[],False,{}
103885.58000000,0.00000000,103885.58000000,USDT,SIM-001,MARGIN,USDT,[],False,{}
103885.58000000,0.00000000,103885.58000000,USDT,SIM-001,MARGIN,USDT,[],False,{}
103885.58000000,0.00000000,103885.58000000,USDT,SIM-001,MARGIN,USDT,[],False,{}
103823.03000000,0.00000000,103823.03000000,USDT,SIM-001,MARGIN,USDT,[],False,{}
103823.03000000,0.00000000,103823.03000000,USDT,SIM-001,MARGIN,USDT,[],False,{}
103823.03000000,0.00000000,103823.03000000,USDT,SIM-001,MARGIN,USDT,[],False,{}
103822.03000000,0.00000000,103822.03000000,USDT,SIM-001,MARGIN,USDT,[],False,{}
103821.03000000,0.00000000,103821.03000000,USDT,SIM-001,MARGIN,USDT,[],False,{}
103821.03000000,0.00000000,103821.03000000,USDT,SIM-001,MARGIN,USDT,[],False,{}
103820.03000000,0.00000000,103820.03000000,USDT,SIM-001,MARGIN,USDT,[],False,{}
103819.03000000,0.00000000,103819.03000000,USDT,SIM-001,MARGIN,USDT,[],False,{}
103819.03000000,0.00000000,103819.03000000,USDT,SIM-001,MARGIN,USDT,[],False,{}
103845.69000000,0.00000000,103845.69000000,USDT,SIM-001,MARGIN,USDT,[],False,{}
103872.35000000,0.00000000,103872.35000000,USDT,SIM-001,MARGIN,USDT,[],False,{}
103899.01000000,0.00000000,103899.01000000,USDT,SIM-001,MARGIN,USDT,[],False,{}
103899.01000000,0.00000000,103899.01000000,USDT,SIM-001,MARGIN,USDT,[],False,{}
103899.01000000,0.00000000,103899.01000000,USDT,SIM-001,MARGIN,USDT,[],False,{}
103899.01000000,0.00000000,103899.01000000,USDT,SIM-001,MARGIN,USDT,[],False,{}
103899.01000000,0.00000000,103899.01000000,USDT,SIM-001,MARGIN,USDT,[],False,{}
103916.33000000,0.00000000,103916.33000000,USDT,SIM-001,MARGIN,USDT,[],False,{}
103916.33000000,0.00000000,103916.33000000,USDT,SIM-001,MARGIN,USDT,[],False,{}
103916.33000000,0.00000000,103916.33000000,USDT,SIM-001,MARGIN,USDT,[],False,{}
103929.98000000,0.00000000,103929.98000000,USDT,SIM-001,MARGIN,USDT,[],False,{}
103929.98000000,0.00000000,103929.98000000,USDT,SIM-001,MARGIN,USDT,[],False,{}
103929.98000000,0.00000000,103929.98000000,USDT,SIM-001,MARGIN,USDT,[],False,{}
103929.98000000,0.00000000,103929.98000000,USDT,SIM-001,MARGIN,USDT,[],False,{}
103951.92000000,0.00000000,103951.92000000,USDT,SIM-001,MARGIN,USDT,[],False,{}
103951.92000000,0.00000000,103951.92000000,USDT,SIM-001,MARGIN,USDT,[],False,{}
103950.92000000,0.00000000,103950.92000000,USDT,SIM-001,MARGIN,USDT,[],False,{}
103949.92000000,0.00000000,103949.92000000,USDT,SIM-001,MARGIN,USDT,[],False,{}
103948.92000000,0.00000000,103948.92000000,USDT,SIM-001,MARGIN,USDT,[],False,{}
103947.92000000,0.00000000,103947.92000000,USDT,SIM-001,MARGIN,USDT,[],False,{}
103946.92000000,0.00000000,103946.92000000,USDT,SIM-001,MARGIN,USDT,[],False,{}
103946.92000000,0.00000000,103946.92000000,USDT,SIM-001,MARGIN,USDT,[],False,{}
103946.92000000,0.00000000,103946.92000000,USDT,SIM-001,MARGIN,USDT,[],False,{}
103946.92000000,0.00000000,103946.92000000,USDT,SIM-001,MARGIN,USDT,[],False,{}
103946.92000000,0.00000000,103946.92000000,USDT,SIM-001,MARGIN,USDT,[],False,{}
103946.92000000,0.00000000,103946.92000000,USDT,SIM-001,MARGIN,USDT,[],False,{}
103946.92000000,0.00000000,103946.92000000,USDT,SIM-001,MARGIN,USDT,[],False,{}
103988.95000000,0.00000000,103988.95000000,USDT,SIM-001,MARGIN,USDT,[],False,{}
104035.81000000,0.00000000,104035.81000000,USDT,SIM-001,MARGIN,USDT,[],False,{}
104035.81000000,0.00000000,104035.81000000,USDT,SIM-001,MARGIN,USDT,[],False,{}
104035.81000000,0.00000000,104035.81000000,USDT,SIM-001,MARGIN,USDT,[],False,{}
104035.81000000,0.00000000,104035.81000000,USDT,SIM-001,MARGIN,USDT,[],False,{}
104035.81000000,0.00000000,104035.81000000,USDT,SIM-001,MARGIN,USDT,[],False,{}
104109.51000000,0.00000000,104109.51000000,USDT,SIM-001,MARGIN,USDT,[],False,{}
104109.51000000,0.00000000,104109.51000000,USDT,SIM-001,MARGIN,USDT,[],False,{}
104109.51000000,0.00000000,104109.51000000,USDT,SIM-001,MARGIN,USDT,[],False,{}
104108.51000000,0.00000000,104108.51000000,USDT,SIM-001,MARGIN,USDT,[],False,{}
104107.51000000,0.00000000,104107.51000000,USDT,SIM-001,MARGIN,USDT,[],False,{}
104107.51000000,0.00000000,104107.51000000,USDT,SIM-001,MARGIN,USDT,[],False,{}
104106.51000000,0.00000000,104106.51000000,USDT,SIM-001,MARGIN,USDT,[],False,{}
104105.51000000,0.00000000,104105.51000000,USDT,SIM-001,MARGIN,USDT,[],False,{}
104105.51000000,0.00000000,104105.51000000,USDT,SIM-001,MARGIN,USDT,[],False,{}
104105.51000000,0.00000000,104105.51000000,USDT,SIM-001,MARGIN,USDT,[],False,{}
104105.51000000,0.00000000,104105.51000000,USDT,SIM-001,MARGIN,USDT,[],False,{}
104105.51000000,0.00000000,104105.51000000,USDT,SIM-001,MARGIN,USDT,[],False,{}
104105.51000000,0.00000000,104105.51000000,USDT,SIM-001,MARGIN,USDT,[],False,{}
104105.51000000,0.00000000,104105.51000000,USDT,SIM-001,MARGIN,USDT,[],False,{}
104125.68000000,0.00000000,104125.68000000,USDT,SIM-001,MARGIN,USDT,[],False,{}
104153.55000000,0.00000000,104153.55000000,USDT,SIM-001,MARGIN,USDT,[],False,{}
104153.55000000,0.00000000,104153.55000000,USDT,SIM-001,MARGIN,USDT,[],False,{}
104153.55000000,0.00000000,104153.55000000,USDT,SIM-001,MARGIN,USDT,[],False,{}
104153.55000000,0.00000000,104153.55000000,USDT,SIM-001,MARGIN,USDT,[],False,{}
104153.55000000,0.00000000,104153.55000000,USDT,SIM-001,MARGIN,USDT,[],False,{}
104152.55000000,0.00000000,104152.55000000,USDT,SIM-001,MARGIN,USDT,[],False,{}
104152.55000000,0.00000000,104152.55000000,USDT,SIM-001,MARGIN,USDT,[],False,{}
104152.55000000,0.00000000,104152.55000000,USDT,SIM-001,MARGIN,USDT,[],False,{}
104152.35000000,0.00000000,104152.35000000,USDT,SIM-001,MARGIN,USDT,[],False,{}
104152.35000000,0.00000000,104152.35000000,USDT,SIM-001,MARGIN,USDT,[],False,{}
104152.35000000,0.00000000,104152.35000000,USDT,SIM-001,MARGIN,USDT,[],False,{}
104152.35000000,0.00000000,104152.35000000,USDT,SIM-001,MARGIN,USDT,[],False,{}
104152.35000000,0.00000000,104152.35000000,USDT,SIM-001,MARGIN,USDT,[],False,{}
104152.35000000,0.00000000,104152.35000000,USDT,SIM-001,MARGIN,USDT,[],False,{}
104152.35000000,0.00000000,104152.35000000,USDT,SIM-001,MARGIN,USDT,[],False,{}
104152.35000000,0.00000000,104152.35000000,USDT,SIM-001,MARGIN,USDT,[],False,{}
104152.35000000,0.00000000,104152.35000000,USDT,SIM-001,MARGIN,USDT,[],False,{}
104152.35000000,0.00000000,104152.35000000,USDT,SIM-001,MARGIN,USDT,[],False,{}
104152.35000000,0.00000000,104152.35000000,USDT,SIM-001,MARGIN,USDT,[],False,{}
104152.35000000,0.00000000,104152.35000000,USDT,SIM-001,MARGIN,USDT,[],False,{}
104152.35000000,0.00000000,104152.35000000,USDT,SIM-001,MARGIN,USDT,[],False,{}
104151.35000000,0.00000000,104151.35000000,USDT,SIM-001,MARGIN,USDT,[],False,{}
104151.35000000,0.00000000,104151.35000000,USDT,SIM-001,MARGIN,USDT,[],False,{}
104151.35000000,0.00000000,104151.35000000,USDT,SIM-001,MARGIN,USDT,[],False,{}
104151.15000000,0.00000000,104151.15000000,USDT,SIM-001,MARGIN,USDT,[],False,{}
104151.15000000,0.00000000,104151.15000000,USDT,SIM-001,MARGIN,USDT,[],False,{}
104151.15000000,0.00000000,104151.15000000,USDT,SIM-001,MARGIN,USDT,[],False,{}
104151.15000000,0.00000000,104151.15000000,USDT,SIM-001,MARGIN,USDT,[],False,{}
104151.15000000,0.00000000,104151.15000000,USDT,SIM-001,MARGIN,USDT,[],False,{}
104151.15000000,0.00000000,104151.15000000,USDT,SIM-001,MARGIN,USDT,[],False,{}
104151.15000000,0.00000000,104151.15000000,USDT,SIM-001,MARGIN,USDT,[],False,{}
104151.15000000,0.00000000,104151.15000000,USDT,SIM-001,MARGIN,USDT,[],False,{}
104151.15000000,0.00000000,104151.15000000,USDT,SIM-001,MARGIN,USDT,[],False,{}
101521.85000000,0.00000000,101521.85000000,USDT,SIM-001,MARGIN,USDT,[],False,{}
101521.85000000,0.00000000,101521.85000000,USDT,SIM-001,MARGIN,USDT,[],False,{}
101521.85000000,0.00000000,101521.85000000,USDT,SIM-001,MARGIN,USDT,[],False,{}
101521.85000000,0.00000000,101521.85000000,USDT,SIM-001,MARGIN,USDT,[],False,{}
101521.85000000,0.00000000,101521.85000000,USDT,SIM-001,MARGIN,USDT,[],False,{}
101520.85000000,0.00000000,101520.85000000,USDT,SIM-001,MARGIN,USDT,[],False,{}
101520.85000000,0.00000000,101520.85000000,USDT,SIM-001,MARGIN,USDT,[],False,{}
101520.85000000,0.00000000,101520.85000000,USDT,SIM-001,MARGIN,USDT,[],False,{}
101519.95000000,0.00000000,101519.95000000,USDT,SIM-001,MARGIN,USDT,[],False,{}
101519.95000000,0.00000000,101519.95000000,USDT,SIM-001,MARGIN,USDT,[],False,{}
101519.95000000,0.00000000,101519.95000000,USDT,SIM-001,MARGIN,USDT,[],False,{}
101519.95000000,0.00000000,101519.95000000,USDT,SIM-001,MARGIN,USDT,[],False,{}
101519.95000000,0.00000000,101519.95000000,USDT,SIM-001,MARGIN,USDT,[],False,{}
101519.95000000,0.00000000,101519.95000000,USDT,SIM-001,MARGIN,USDT,[],False,{}
101519.95000000,0.00000000,101519.95000000,USDT,SIM-001,MARGIN,USDT,[],False,{}
101519.95000000,0.00000000,101519.95000000,USDT,SIM-001,MARGIN,USDT,[],False,{}
101519.95000000,0.00000000,101519.95000000,USDT,SIM-001,MARGIN,USDT,[],False,{}
101519.95000000,0.00000000,101519.95000000,USDT,SIM-001,MARGIN,USDT,[],False,{}
101519.95000000,0.00000000,101519.95000000,USDT,SIM-001,MARGIN,USDT,[],False,{}
101519.95000000,0.00000000,101519.95000000,USDT,SIM-001,MARGIN,USDT,[],False,{}
101519.95000000,0.00000000,101519.95000000,USDT,SIM-001,MARGIN,USDT,[],False,{}
101518.95000000,0.00000000,101518.95000000,USDT,SIM-001,MARGIN,USDT,[],False,{}
101518.95000000,0.00000000,101518.95000000,USDT,SIM-001,MARGIN,USDT,[],False,{}
101518.95000000,0.00000000,101518.95000000,USDT,SIM-001,MARGIN,USDT,[],False,{}
101518.09000000,0.00000000,101518.09000000,USDT,SIM-001,MARGIN,USDT,[],False,{}
101518.09000000,0.00000000,101518.09000000,USDT,SIM-001,MARGIN,USDT,[],False,{}
101518.09000000,0.00000000,101518.09000000,USDT,SIM-001,MARGIN,USDT,[],False,{}
101518.09000000,0.00000000,101518.09000000,USDT,SIM-001,MARGIN,USDT,[],False,{}
101518.09000000,0.00000000,101518.09000000,USDT,SIM-001,MARGIN,USDT,[],False,{}
101518.09000000,0.00000000,101518.09000000,USDT,SIM-001,MARGIN,USDT,[],False,{}
101518.09000000,0.00000000,101518.09000000,USDT,SIM-001,MARGIN,USDT,[],False,{}
101518.09000000,0.00000000,101518.09000000,USDT,SIM-001,MARGIN,USDT,[],False,{}
101518.09000000,0.00000000,101518.09000000,USDT,SIM-001,MARGIN,USDT,[],False,{}
100503.77000000,0.00000000,100503.77000000,USDT,SIM-001,MARGIN,USDT,[],False,{}
100503.77000000,0.00000000,100503.77000000,USDT,SIM-001,MARGIN,USDT,[],False,{}
100503.77000000,0.00000000,100503.77000000,USDT,SIM-001,MARGIN,USDT,[],False,{}
100503.77000000,0.00000000,100503.77000000,USDT,SIM-001,MARGIN,USDT,[],False,{}
100503.77000000,0.00000000,100503.77000000,USDT,SIM-001,MARGIN,USDT,[],False,{}
100502.77000000,0.00000000,100502.77000000,USDT,SIM-001,MARGIN,USDT,[],False,{}
100502.77000000,0.00000000,100502.77000000,USDT,SIM-001,MARGIN,USDT,[],False,{}
100502.77000000,0.00000000,100502.77000000,USDT,SIM-001,MARGIN,USDT,[],False,{}
100587.75000000,0.00000000,100587.75000000,USDT,SIM-001,MARGIN,USDT,[],False,{}
100587.75000000,0.00000000,100587.75000000,USDT,SIM-001,MARGIN,USDT,[],False,{}
100586.75000000,0.00000000,100586.75000000,USDT,SIM-001,MARGIN,USDT,[],False,{}
100586.75000000,0.00000000,100586.75000000,USDT,SIM-001,MARGIN,USDT,[],False,{}
100585.75000000,0.00000000,100585.75000000,USDT,SIM-001,MARGIN,USDT,[],False,{}
100584.75000000,0.00000000,100584.75000000,USDT,SIM-001,MARGIN,USDT,[],False,{}
100584.75000000,0.00000000,100584.75000000,USDT,SIM-001,MARGIN,USDT,[],False,{}
100584.75000000,0.00000000,100584.75000000,USDT,SIM-001,MARGIN,USDT,[],False,{}
100584.75000000,0.00000000,100584.75000000,USDT,SIM-001,MARGIN,USDT,[],False,{}
100584.75000000,0.00000000,100584.75000000,USDT,SIM-001,MARGIN,USDT,[],False,{}
100518.22000000,0.00000000,100518.22000000,USDT,SIM-001,MARGIN,USDT,[],False,{}
100518.22000000,0.00000000,100518.22000000,USDT,SIM-001,MARGIN,USDT,[],False,{}
100518.22000000,0.00000000,100518.22000000,USDT,SIM-001,MARGIN,USDT,[],False,{}
100518.22000000,0.00000000,100518.22000000,USDT,SIM-001,MARGIN,USDT,[],False,{}
100518.22000000,0.00000000,100518.22000000,USDT,SIM-001,MARGIN,USDT,[],False,{}
100517.22000000,0.00000000,100517.22000000,USDT,SIM-001,MARGIN,USDT,[],False,{}
100517.22000000,0.00000000,100517.22000000,USDT,SIM-001,MARGIN,USDT,[],False,{}
100517.22000000,0.00000000,100517.22000000,USDT,SIM-001,MARGIN,USDT,[],False,{}
100631.90000000,0.00000000,100631.90000000,USDT,SIM-001,MARGIN,USDT,[],False,{}
100631.90000000,0.00000000,100631.90000000,USDT,SIM-001,MARGIN,USDT,[],False,{}
100630.90000000,0.00000000,100630.90000000,USDT,SIM-001,MARGIN,USDT,[],False,{}
100630.90000000,0.00000000,100630.90000000,USDT,SIM-001,MARGIN,USDT,[],False,{}
100630.90000000,0.00000000,100630.90000000,USDT,SIM-001,MARGIN,USDT,[],False,{}
100630.90000000,0.00000000,100630.90000000,USDT,SIM-001,MARGIN,USDT,[],False,{}
100630.90000000,0.00000000,100630.90000000,USDT,SIM-001,MARGIN,USDT,[],False,{}
100630.90000000,0.00000000,100630.90000000,USDT,SIM-001,MARGIN,USDT,[],False,{}
100630.90000000,0.00000000,100630.90000000,USDT,SIM-001,MARGIN,USDT,[],False,{}
100630.90000000,0.00000000,100630.90000000,USDT,SIM-001,MARGIN,USDT,[],False,{}
100630.90000000,0.00000000,100630.90000000,USDT,SIM-001,MARGIN,USDT,[],False,{}
100630.90000000,0.00000000,100630.90000000,USDT,SIM-001,MARGIN,USDT,[],False,{}
100629.90000000,0.00000000,100629.90000000,USDT,SIM-001,MARGIN,USDT,[],False,{}
100629.90000000,0.00000000,100629.90000000,USDT,SIM-001,MARGIN,USDT,[],False,{}
100629.90000000,0.00000000,100629.90000000,USDT,SIM-001,MARGIN,USDT,[],False,{}
100628.90000000,0.00000000,100628.90000000,USDT,SIM-001,MARGIN,USDT,[],False,{}
100628.90000000,0.00000000,100628.90000000,USDT,SIM-001,MARGIN,USDT,[],False,{}
100628.90000000,0.00000000,100628.90000000,USDT,SIM-001,MARGIN,USDT,[],False,{}
100628.90000000,0.00000000,100628.90000000,USDT,SIM-001,MARGIN,USDT,[],False,{}
100628.90000000,0.00000000,100628.90000000,USDT,SIM-001,MARGIN,USDT,[],False,{}
100628.90000000,0.00000000,100628.90000000,USDT,SIM-001,MARGIN,USDT,[],False,{}
100628.90000000,0.00000000,100628.90000000,USDT,SIM-001,MARGIN,USDT,[],False,{}
100628.90000000,0.00000000,100628.90000000,USDT,SIM-001,MARGIN,USDT,[],False,{}
100628.90000000,0.00000000,100628.90000000,USDT,SIM-001,MARGIN,USDT,[],False,{}
100160.41000000,0.00000000,100160.41000000,USDT,SIM-001,MARGIN,USDT,[],False,{}
100160.41000000,0.00000000,100160.41000000,USDT,SIM-001,MARGIN,USDT,[],False,{}
100160.41000000,0.00000000,100160.41000000,USDT,SIM-001,MARGIN,USDT,[],False,{}
100160.41000000,0.00000000,100160.41000000,USDT,SIM-001,MARGIN,USDT,[],False,{}
100160.41000000,0.00000000,100160.41000000,USDT,SIM-001,MARGIN,USDT,[],False,{}
100159.41000000,0.00000000,100159.41000000,USDT,SIM-001,MARGIN,USDT,[],False,{}
100159.41000000,0.00000000,100159.41000000,USDT,SIM-001,MARGIN,USDT,[],False,{}
100159.41000000,0.00000000,100159.41000000,USDT,SIM-001,MARGIN,USDT,[],False,{}
100158.83000000,0.00000000,100158.83000000,USDT,SIM-001,MARGIN,USDT,[],False,{}
100158.83000000,0.00000000,100158.83000000,USDT,SIM-001,MARGIN,USDT,[],False,{}
100158.83000000,0.00000000,100158.83000000,USDT,SIM-001,MARGIN,USDT,[],False,{}
100158.83000000,0.00000000,100158.83000000,USDT,SIM-001,MARGIN,USDT,[],False,{}
100158.83000000,0.00000000,100158.83000000,USDT,SIM-001,MARGIN,USDT,[],False,{}
100158.83000000,0.00000000,100158.83000000,USDT,SIM-001,MARGIN,USDT,[],False,{}
100158.83000000,0.00000000,100158.83000000,USDT,SIM-001,MARGIN,USDT,[],False,{}
100158.83000000,0.00000000,100158.83000000,USDT,SIM-001,MARGIN,USDT,[],False,{}
100158.83000000,0.00000000,100158.83000000,USDT,SIM-001,MARGIN,USDT,[],False,{}
100158.83000000,0.00000000,100158.83000000,USDT,SIM-001,MARGIN,USDT,[],False,{}
100158.83000000,0.00000000,100158.83000000,USDT,SIM-001,MARGIN,USDT,[],False,{}
100158.83000000,0.00000000,100158.83000000,USDT,SIM-001,MARGIN,USDT,[],False,{}
100158.83000000,0.00000000,100158.83000000,USDT,SIM-001,MARGIN,USDT,[],False,{}
100157.83000000,0.00000000,100157.83000000,USDT,SIM-001,MARGIN,USDT,[],False,{}
100157.83000000,0.00000000,100157.83000000,USDT,SIM-001,MARGIN,USDT,[],False,{}
100157.83000000,0.00000000,100157.83000000,USDT,SIM-001,MARGIN,USDT,[],False,{}
100242.06000000,0.00000000,100242.06000000,USDT,SIM-001,MARGIN,USDT,[],False,{}
100326.29000000,0.00000000,100326.29000000,USDT,SIM-001,MARGIN,USDT,[],False,{}
100326.29000000,0.00000000,100326.29000000,USDT,SIM-001,MARGIN,USDT,[],False,{}
100398.04000000,0.00000000,100398.04000000,USDT,SIM-001,MARGIN,USDT,[],False,{}
100398.04000000,0.00000000,100398.04000000,USDT,SIM-001,MARGIN,USDT,[],False,{}
100397.04000000,0.00000000,100397.04000000,USDT,SIM-001,MARGIN,USDT,[],False,{}
100397.04000000,0.00000000,100397.04000000,USDT,SIM-001,MARGIN,USDT,[],False,{}
100397.04000000,0.00000000,100397.04000000,USDT,SIM-001,MARGIN,USDT,[],False,{}
100397.04000000,0.00000000,100397.04000000,USDT,SIM-001,MARGIN,USDT,[],False,{}
100397.04000000,0.00000000,100397.04000000,USDT,SIM-001,MARGIN,USDT,[],False,{}
100397.04000000,0.00000000,100397.04000000,USDT,SIM-001,MARGIN,USDT,[],False,{}
100397.04000000,0.00000000,100397.04000000,USDT,SIM-001,MARGIN,USDT,[],False,{}
100397.04000000,0.00000000,100397.04000000,USDT,SIM-001,MARGIN,USDT,[],False,{}
100397.04000000,0.00000000,100397.04000000,USDT,SIM-001,MARGIN,USDT,[],False,{}
100396.04000000,0.00000000,100396.04000000,USDT,SIM-001,MARGIN,USDT,[],False,{}
100396.04000000,0.00000000,100396.04000000,USDT,SIM-001,MARGIN,USDT,[],False,{}
100396.04000000,0.00000000,100396.04000000,USDT,SIM-001,MARGIN,USDT,[],False,{}
100395.84000000,0.00000000,100395.84000000,USDT,SIM-001,MARGIN,USDT,[],False,{}
100395.84000000,0.00000000,100395.84000000,USDT,SIM-001,MARGIN,USDT,[],False,{}
100395.84000000,0.00000000,100395.84000000,USDT,SIM-001,MARGIN,USDT,[],False,{}
100423.44000000,0.00000000,100423.44000000,USDT,SIM-001,MARGIN,USDT,[],False,{}
100451.04000000,0.00000000,100451.04000000,USDT,SIM-001,MARGIN,USDT,[],False,{}
100465.95000000,0.00000000,100465.95000000,USDT,SIM-001,MARGIN,USDT,[],False,{}
100465.95000000,0.00000000,100465.95000000,USDT,SIM-001,MARGIN,USDT,[],False,{}
100464.95000000,0.00000000,100464.95000000,USDT,SIM-001,MARGIN,USDT,[],False,{}
100463.95000000,0.00000000,100463.95000000,USDT,SIM-001,MARGIN,USDT,[],False,{}
100462.95000000,0.00000000,100462.95000000,USDT,SIM-001,MARGIN,USDT,[],False,{}
100462.95000000,0.00000000,100462.95000000,USDT,SIM-001,MARGIN,USDT,[],False,{}
100462.95000000,0.00000000,100462.95000000,USDT,SIM-001,MARGIN,USDT,[],False,{}
100462.95000000,0.00000000,100462.95000000,USDT,SIM-001,MARGIN,USDT,[],False,{}
100462.95000000,0.00000000,100462.95000000,USDT,SIM-001,MARGIN,USDT,[],False,{}
100530.12000000,0.00000000,100530.12000000,USDT,SIM-001,MARGIN,USDT,[],False,{}
100627.47000000,0.00000000,100627.47000000,USDT,SIM-001,MARGIN,USDT,[],False,{}
100627.47000000,0.00000000,100627.47000000,USDT,SIM-001,MARGIN,USDT,[],False,{}
100627.47000000,0.00000000,100627.47000000,USDT,SIM-001,MARGIN,USDT,[],False,{}
100627.47000000,0.00000000,100627.47000000,USDT,SIM-001,MARGIN,USDT,[],False,{}
100627.47000000,0.00000000,100627.47000000,USDT,SIM-001,MARGIN,USDT,[],False,{}
100627.47000000,0.00000000,100627.47000000,USDT,SIM-001,MARGIN,USDT,[],False,{}
100627.47000000,0.00000000,100627.47000000,USDT,SIM-001,MARGIN,USDT,[],False,{}
100815.86000000,0.00000000,100815.86000000,USDT,SIM-001,MARGIN,USDT,[],False,{}
100815.86000000,0.00000000,100815.86000000,USDT,SIM-001,MARGIN,USDT,[],False,{}
100815.86000000,0.00000000,100815.86000000,USDT,SIM-001,MARGIN,USDT,[],False,{}
100815.86000000,0.00000000,100815.86000000,USDT,SIM-001,MARGIN,USDT,[],False,{}
100815.86000000,0.00000000,100815.86000000,USDT,SIM-001,MARGIN,USDT,[],False,{}
100814.86000000,0.00000000,100814.86000000,USDT,SIM-001,MARGIN,USDT,[],False,{}
100814.86000000,0.00000000,100814.86000000,USDT,SIM-001,MARGIN,USDT,[],False,{}
100814.86000000,0.00000000,100814.86000000,USDT,SIM-001,MARGIN,USDT,[],False,{}
100866.16000000,0.00000000,100866.16000000,USDT,SIM-001,MARGIN,USDT,[],False,{}
100865.71000000,0.00000000,100865.71000000,USDT,SIM-001,MARGIN,USDT,[],False,{}
100865.71000000,0.00000000,100865.71000000,USDT,SIM-001,MARGIN,USDT,[],False,{}
100865.71000000,0.00000000,100865.71000000,USDT,SIM-001,MARGIN,USDT,[],False,{}
100864.71000000,0.00000000,100864.71000000,USDT,SIM-001,MARGIN,USDT,[],False,{}
100863.71000000,0.00000000,100863.71000000,USDT,SIM-001,MARGIN,USDT,[],False,{}
100863.71000000,0.00000000,100863.71000000,USDT,SIM-001,MARGIN,USDT,[],False,{}
100863.71000000,0.00000000,100863.71000000,USDT,SIM-001,MARGIN,USDT,[],False,{}
100863.71000000,0.00000000,100863.71000000,USDT,SIM-001,MARGIN,USDT,[],False,{}
100863.71000000,0.00000000,100863.71000000,USDT,SIM-001,MARGIN,USDT,[],False,{}
100863.71000000,0.00000000,100863.71000000,USDT,SIM-001,MARGIN,USDT,[],False,{}
100863.71000000,0.00000000,100863.71000000,USDT,SIM-001,MARGIN,USDT,[],False,{}
100863.71000000,0.00000000,100863.71000000,USDT,SIM-001,MARGIN,USDT,[],False,{}
100863.71000000,0.00000000,100863.71000000,USDT,SIM-001,MARGIN,USDT,[],False,{}
100857.53000000,0.00000000,100857.53000000,USDT,SIM-001,MARGIN,USDT,[],False,{}
100857.53000000,0.00000000,100857.53000000,USDT,SIM-001,MARGIN,USDT,[],False,{}
100857.53000000,0.00000000,100857.53000000,USDT,SIM-001,MARGIN,USDT,[],False,{}
100870.51000000,0.00000000,100870.51000000,USDT,SIM-001,MARGIN,USDT,[],False,{}
100870.51000000,0.00000000,100870.51000000,USDT,SIM-001,MARGIN,USDT,[],False,{}
100870.51000000,0.00000000,100870.51000000,USDT,SIM-001,MARGIN,USDT,[],False,{}
100870.51000000,0.00000000,100870.51000000,USDT,SIM-001,MARGIN,USDT,[],False,{}
100870.51000000,0.00000000,100870.51000000,USDT,SIM-001,MARGIN,USDT,[],False,{}
100870.51000000,0.00000000,100870.51000000,USDT,SIM-001,MARGIN,USDT,[],False,{}
100870.51000000,0.00000000,100870.51000000,USDT,SIM-001,MARGIN,USDT,[],False,{}
100870.51000000,0.00000000,100870.51000000,USDT,SIM-001,MARGIN,USDT,[],False,{}
100870.51000000,0.00000000,100870.51000000,USDT,SIM-001,MARGIN,USDT,[],False,{}
100870.51000000,0.00000000,100870.51000000,USDT,SIM-001,MARGIN,USDT,[],False,{}
100870.51000000,0.00000000,100870.51000000,USDT,SIM-001,MARGIN,USDT,[],False,{}
100870.51000000,0.00000000,100870.51000000,USDT,SIM-001,MARGIN,USDT,[],False,{}
100870.51000000,0.00000000,100870.51000000,USDT,SIM-001,MARGIN,USDT,[],False,{}
100948.80000000,0.00000000,100948.80000000,USDT,SIM-001,MARGIN,USDT,[],False,{}
100948.80000000,0.00000000,100948.80000000,USDT,SIM-001,MARGIN,USDT,[],False,{}
100948.80000000,0.00000000,100948.80000000,USDT,SIM-001,MARGIN,USDT,[],False,{}
100948.80000000,0.00000000,100948.80000000,USDT,SIM-001,MARGIN,USDT,[],False,{}
100948.60000000,0.00000000,100948.60000000,USDT,SIM-001,MARGIN,USDT,[],False,{}
100948.60000000,0.00000000,100948.60000000,USDT,SIM-001,MARGIN,USDT,[],False,{}
100948.60000000,0.00000000,100948.60000000,USDT,SIM-001,MARGIN,USDT,[],False,{}
100948.60000000,0.00000000,100948.60000000,USDT,SIM-001,MARGIN,USDT,[],False,{}
100948.60000000,0.00000000,100948.60000000,USDT,SIM-001,MARGIN,USDT,[],False,{}
100948.60000000,0.00000000,100948.60000000,USDT,SIM-001,MARGIN,USDT,[],False,{}
100948.60000000,0.00000000,100948.60000000,USDT,SIM-001,MARGIN,USDT,[],False,{}
100948.60000000,0.00000000,100948.60000000,USDT,SIM-001,MARGIN,USDT,[],False,{}
100948.60000000,0.00000000,100948.60000000,USDT,SIM-001,MARGIN,USDT,[],False,{}
100948.60000000,0.00000000,100948.60000000,USDT,SIM-001,MARGIN,USDT,[],False,{}
100948.60000000,0.00000000,100948.60000000,USDT,SIM-001,MARGIN,USDT,[],False,{}
100948.60000000,0.00000000,100948.60000000,USDT,SIM-001,MARGIN,USDT,[],False,{}
100948.60000000,0.00000000,100948.60000000,USDT,SIM-001,MARGIN,USDT,[],False,{}
100938.37000000,0.00000000,100938.37000000,USDT,SIM-001,MARGIN,USDT,[],False,{}
100938.37000000,0.00000000,100938.37000000,USDT,SIM-001,MARGIN,USDT,[],False,{}
100938.37000000,0.00000000,100938.37000000,USDT,SIM-001,MARGIN,USDT,[],False,{}
100938.37000000,0.00000000,100938.37000000,USDT,SIM-001,MARGIN,USDT,[],False,{}
100937.37000000,0.00000000,100937.37000000,USDT,SIM-001,MARGIN,USDT,[],False,{}
100937.37000000,0.00000000,100937.37000000,USDT,SIM-001,MARGIN,USDT,[],False,{}
100937.37000000,0.00000000,100937.37000000,USDT,SIM-001,MARGIN,USDT,[],False,{}
100986.16000000,0.00000000,100986.16000000,USDT,SIM-001,MARGIN,USDT,[],False,{}
101022.81000000,0.00000000,101022.81000000,USDT,SIM-001,MARGIN,USDT,[],False,{}
101022.81000000,0.00000000,101022.81000000,USDT,SIM-001,MARGIN,USDT,[],False,{}
101021.81000000,0.00000000,101021.81000000,USDT,SIM-001,MARGIN,USDT,[],False,{}
101020.91000000,0.00000000,101020.91000000,USDT,SIM-001,MARGIN,USDT,[],False,{}
101019.91000000,0.00000000,101019.91000000,USDT,SIM-001,MARGIN,USDT,[],False,{}
101018.91000000,0.00000000,101018.91000000,USDT,SIM-001,MARGIN,USDT,[],False,{}
101018.91000000,0.00000000,101018.91000000,USDT,SIM-001,MARGIN,USDT,[],False,{}
101018.91000000,0.00000000,101018.91000000,USDT,SIM-001,MARGIN,USDT,[],False,{}
101018.91000000,0.00000000,101018.91000000,USDT,SIM-001,MARGIN,USDT,[],False,{}
101018.91000000,0.00000000,101018.91000000,USDT,SIM-001,MARGIN,USDT,[],False,{}
101017.91000000,0.00000000,101017.91000000,USDT,SIM-001,MARGIN,USDT,[],False,{}
101017.91000000,0.00000000,101017.91000000,USDT,SIM-001,MARGIN,USDT,[],False,{}
101017.91000000,0.00000000,101017.91000000,USDT,SIM-001,MARGIN,USDT,[],False,{}
101016.91000000,0.00000000,101016.91000000,USDT,SIM-001,MARGIN,USDT,[],False,{}
101016.91000000,0.00000000,101016.91000000,USDT,SIM-001,MARGIN,USDT,[],False,{}
101016.91000000,0.00000000,101016.91000000,USDT,SIM-001,MARGIN,USDT,[],False,{}
101095.40000000,0.00000000,101095.40000000,USDT,SIM-001,MARGIN,USDT,[],False,{}
101173.89000000,0.00000000,101173.89000000,USDT,SIM-001,MARGIN,USDT,[],False,{}
101252.38000000,0.00000000,101252.38000000,USDT,SIM-001,MARGIN,USDT,[],False,{}
101351.78000000,0.00000000,101351.78000000,USDT,SIM-001,MARGIN,USDT,[],False,{}
101451.18000000,0.00000000,101451.18000000,USDT,SIM-001,MARGIN,USDT,[],False,{}
101550.58000000,0.00000000,101550.58000000,USDT,SIM-001,MARGIN,USDT,[],False,{}
101550.58000000,0.00000000,101550.58000000,USDT,SIM-001,MARGIN,USDT,[],False,{}
101550.58000000,0.00000000,101550.58000000,USDT,SIM-001,MARGIN,USDT,[],False,{}
101550.58000000,0.00000000,101550.58000000,USDT,SIM-001,MARGIN,USDT,[],False,{}
101550.58000000,0.00000000,101550.58000000,USDT,SIM-001,MARGIN,USDT,[],False,{}
101549.58000000,0.00000000,101549.58000000,USDT,SIM-001,MARGIN,USDT,[],False,{}
101549.58000000,0.00000000,101549.58000000,USDT,SIM-001,MARGIN,USDT,[],False,{}
101549.58000000,0.00000000,101549.58000000,USDT,SIM-001,MARGIN,USDT,[],False,{}
101635.22000000,0.00000000,101635.22000000,USDT,SIM-001,MARGIN,USDT,[],False,{}
101657.97000000,0.00000000,101657.97000000,USDT,SIM-001,MARGIN,USDT,[],False,{}
101657.97000000,0.00000000,101657.97000000,USDT,SIM-001,MARGIN,USDT,[],False,{}
101657.97000000,0.00000000,101657.97000000,USDT,SIM-001,MARGIN,USDT,[],False,{}
101657.77000000,0.00000000,101657.77000000,USDT,SIM-001,MARGIN,USDT,[],False,{}
101657.57000000,0.00000000,101657.57000000,USDT,SIM-001,MARGIN,USDT,[],False,{}
101657.57000000,0.00000000,101657.57000000,USDT,SIM-001,MARGIN,USDT,[],False,{}
101657.57000000,0.00000000,101657.57000000,USDT,SIM-001,MARGIN,USDT,[],False,{}
101657.57000000,0.00000000,101657.57000000,USDT,SIM-001,MARGIN,USDT,[],False,{}
101657.57000000,0.00000000,101657.57000000,USDT,SIM-001,MARGIN,USDT,[],False,{}
101657.57000000,0.00000000,101657.57000000,USDT,SIM-001,MARGIN,USDT,[],False,{}
101657.57000000,0.00000000,101657.57000000,USDT,SIM-001,MARGIN,USDT,[],False,{}
101657.57000000,0.00000000,101657.57000000,USDT,SIM-001,MARGIN,USDT,[],False,{}
101657.57000000,0.00000000,101657.57000000,USDT,SIM-001,MARGIN,USDT,[],False,{}
101660.52000000,0.00000000,101660.52000000,USDT,SIM-001,MARGIN,USDT,[],False,{}
101660.52000000,0.00000000,101660.52000000,USDT,SIM-001,MARGIN,USDT,[],False,{}
101660.52000000,0.00000000,101660.52000000,USDT,SIM-001,MARGIN,USDT,[],False,{}
101662.00000000,0.00000000,101662.00000000,USDT,SIM-001,MARGIN,USDT,[],False,{}
101662.00000000,0.00000000,101662.00000000,USDT,SIM-001,MARGIN,USDT,[],False,{}
101662.00000000,0.00000000,101662.00000000,USDT,SIM-001,MARGIN,USDT,[],False,{}
101662.00000000,0.00000000,101662.00000000,USDT,SIM-001,MARGIN,USDT,[],False,{}
101702.10000000,0.00000000,101702.10000000,USDT,SIM-001,MARGIN,USDT,[],False,{}
101702.10000000,0.00000000,101702.10000000,USDT,SIM-001,MARGIN,USDT,[],False,{}
101701.10000000,0.00000000,101701.10000000,USDT,SIM-001,MARGIN,USDT,[],False,{}
101700.10000000,0.00000000,101700.10000000,USDT,SIM-001,MARGIN,USDT,[],False,{}
101699.50000000,0.00000000,101699.50000000,USDT,SIM-001,MARGIN,USDT,[],False,{}
101698.76000000,0.00000000,101698.76000000,USDT,SIM-001,MARGIN,USDT,[],False,{}
101697.89000000,0.00000000,101697.89000000,USDT,SIM-001,MARGIN,USDT,[],False,{}
101697.89000000,0.00000000,101697.89000000,USDT,SIM-001,MARGIN,USDT,[],False,{}
101697.89000000,0.00000000,101697.89000000,USDT,SIM-001,MARGIN,USDT,[],False,{}
101697.89000000,0.00000000,101697.89000000,USDT,SIM-001,MARGIN,USDT,[],False,{}
101697.89000000,0.00000000,101697.89000000,USDT,SIM-001,MARGIN,USDT,[],False,{}
101696.89000000,0.00000000,101696.89000000,USDT,SIM-001,MARGIN,USDT,[],False,{}
101696.89000000,0.00000000,101696.89000000,USDT,SIM-001,MARGIN,USDT,[],False,{}
101696.89000000,0.00000000,101696.89000000,USDT,SIM-001,MARGIN,USDT,[],False,{}
101695.89000000,0.00000000,101695.89000000,USDT,SIM-001,MARGIN,USDT,[],False,{}
101695.89000000,0.00000000,101695.89000000,USDT,SIM-001,MARGIN,USDT,[],False,{}
101695.89000000,0.00000000,101695.89000000,USDT,SIM-001,MARGIN,USDT,[],False,{}
101695.89000000,0.00000000,101695.89000000,USDT,SIM-001,MARGIN,USDT,[],False,{}
101695.89000000,0.00000000,101695.89000000,USDT,SIM-001,MARGIN,USDT,[],False,{}
101695.89000000,0.00000000,101695.89000000,USDT,SIM-001,MARGIN,USDT,[],False,{}
101695.89000000,0.00000000,101695.89000000,USDT,SIM-001,MARGIN,USDT,[],False,{}
101695.89000000,0.00000000,101695.89000000,USDT,SIM-001,MARGIN,USDT,[],False,{}
101695.89000000,0.00000000,101695.89000000,USDT,SIM-001,MARGIN,USDT,[],False,{}
101695.89000000,0.00000000,101695.89000000,USDT,SIM-001,MARGIN,USDT,[],False,{}
101695.89000000,0.00000000,101695.89000000,USDT,SIM-001,MARGIN,USDT,[],False,{}
101685.18000000,0.00000000,101685.18000000,USDT,SIM-001,MARGIN,USDT,[],False,{}
101685.18000000,0.00000000,101685.18000000,USDT,SIM-001,MARGIN,USDT,[],False,{}
101685.18000000,0.00000000,101685.18000000,USDT,SIM-001,MARGIN,USDT,[],False,{}
101685.18000000,0.00000000,101685.18000000,USDT,SIM-001,MARGIN,USDT,[],False,{}
101650.92000000,0.00000000,101650.92000000,USDT,SIM-001,MARGIN,USDT,[],False,{}
101623.94000000,0.00000000,101623.94000000,USDT,SIM-001,MARGIN,USDT,[],False,{}
101623.94000000,0.00000000,101623.94000000,USDT,SIM-001,MARGIN,USDT,[],False,{}
101623.94000000,0.00000000,101623.94000000,USDT,SIM-001,MARGIN,USDT,[],False,{}
101623.94000000,0.00000000,101623.94000000,USDT,SIM-001,MARGIN,USDT,[],False,{}
101623.94000000,0.00000000,101623.94000000,USDT,SIM-001,MARGIN,USDT,[],False,{}
101622.94000000,0.00000000,101622.94000000,USDT,SIM-001,MARGIN,USDT,[],False,{}
101621.94000000,0.00000000,101621.94000000,USDT,SIM-001,MARGIN,USDT,[],False,{}
101621.94000000,0.00000000,101621.94000000,USDT,SIM-001,MARGIN,USDT,[],False,{}
101621.94000000,0.00000000,101621.94000000,USDT,SIM-001,MARGIN,USDT,[],False,{}
101621.94000000,0.00000000,101621.94000000,USDT,SIM-001,MARGIN,USDT,[],False,{}
101621.94000000,0.00000000,101621.94000000,USDT,SIM-001,MARGIN,USDT,[],False,{}
101621.94000000,0.00000000,101621.94000000,USDT,SIM-001,MARGIN,USDT,[],False,{}
101621.94000000,0.00000000,101621.94000000,USDT,SIM-001,MARGIN,USDT,[],False,{}
100879.31000000,0.00000000,100879.31000000,USDT,SIM-001,MARGIN,USDT,[],False,{}
100879.31000000,0.00000000,100879.31000000,USDT,SIM-001,MARGIN,USDT,[],False,{}
100879.31000000,0.00000000,100879.31000000,USDT,SIM-001,MARGIN,USDT,[],False,{}
100879.31000000,0.00000000,100879.31000000,USDT,SIM-001,MARGIN,USDT,[],False,{}
100879.31000000,0.00000000,100879.31000000,USDT,SIM-001,MARGIN,USDT,[],False,{}
100878.31000000,0.00000000,100878.31000000,USDT,SIM-001,MARGIN,USDT,[],False,{}
100878.31000000,0.00000000,100878.31000000,USDT,SIM-001,MARGIN,USDT,[],False,{}
100878.31000000,0.00000000,100878.31000000,USDT,SIM-001,MARGIN,USDT,[],False,{}
100877.31000000,0.00000000,100877.31000000,USDT,SIM-001,MARGIN,USDT,[],False,{}
100877.31000000,0.00000000,100877.31000000,USDT,SIM-001,MARGIN,USDT,[],False,{}
100877.31000000,0.00000000,100877.31000000,USDT,SIM-001,MARGIN,USDT,[],False,{}
100877.31000000,0.00000000,100877.31000000,USDT,SIM-001,MARGIN,USDT,[],False,{}
100877.31000000,0.00000000,100877.31000000,USDT,SIM-001,MARGIN,USDT,[],False,{}
100877.31000000,0.00000000,100877.31000000,USDT,SIM-001,MARGIN,USDT,[],False,{}
100877.31000000,0.00000000,100877.31000000,USDT,SIM-001,MARGIN,USDT,[],False,{}
100877.31000000,0.00000000,100877.31000000,USDT,SIM-001,MARGIN,USDT,[],False,{}
100877.31000000,0.00000000,100877.31000000,USDT,SIM-001,MARGIN,USDT,[],False,{}
100877.31000000,0.00000000,100877.31000000,USDT,SIM-001,MARGIN,USDT,[],False,{}
100877.31000000,0.00000000,100877.31000000,USDT,SIM-001,MARGIN,USDT,[],False,{}
100877.31000000,0.00000000,100877.31000000,USDT,SIM-001,MARGIN,USDT,[],False,{}
100877.31000000,0.00000000,100877.31000000,USDT,SIM-001,MARGIN,USDT,[],False,{}
100842.17000000,0.00000000,100842.17000000,USDT,SIM-001,MARGIN,USDT,[],False,{}
100842.17000000,0.00000000,100842.17000000,USDT,SIM-001,MARGIN,USDT,[],False,{}
100842.17000000,0.00000000,100842.17000000,USDT,SIM-001,MARGIN,USDT,[],False,{}
100819.59000000,0.00000000,100819.59000000,USDT,SIM-001,MARGIN,USDT,[],False,{}
100819.59000000,0.00000000,100819.59000000,USDT,SIM-001,MARGIN,USDT,[],False,{}
100819.59000000,0.00000000,100819.59000000,USDT,SIM-001,MARGIN,USDT,[],False,{}
100818.59000000,0.00000000,100818.59000000,USDT,SIM-001,MARGIN,USDT,[],False,{}
100817.59000000,0.00000000,100817.59000000,USDT,SIM-001,MARGIN,USDT,[],False,{}
100816.59000000,0.00000000,100816.59000000,USDT,SIM-001,MARGIN,USDT,[],False,{}
100815.59000000,0.00000000,100815.59000000,USDT,SIM-001,MARGIN,USDT,[],False,{}
100814.59000000,0.00000000,100814.59000000,USDT,SIM-001,MARGIN,USDT,[],False,{}
100813.59000000,0.00000000,100813.59000000,USDT,SIM-001,MARGIN,USDT,[],False,{}
100813.59000000,0.00000000,100813.59000000,USDT,SIM-001,MARGIN,USDT,[],False,{}
100813.59000000,0.00000000,100813.59000000,USDT,SIM-001,MARGIN,USDT,[],False,{}
100878.06000000,0.00000000,100878.06000000,USDT,SIM-001,MARGIN,USDT,[],False,{}
100967.73000000,0.00000000,100967.73000000,USDT,SIM-001,MARGIN,USDT,[],False,{}
100967.73000000,0.00000000,100967.73000000,USDT,SIM-001,MARGIN,USDT,[],False,{}
100967.73000000,0.00000000,100967.73000000,USDT,SIM-001,MARGIN,USDT,[],False,{}
100967.73000000,0.00000000,100967.73000000,USDT,SIM-001,MARGIN,USDT,[],False,{}
100967.73000000,0.00000000,100967.73000000,USDT,SIM-001,MARGIN,USDT,[],False,{}
101048.89000000,0.00000000,101048.89000000,USDT,SIM-001,MARGIN,USDT,[],False,{}
101048.89000000,0.00000000,101048.89000000,USDT,SIM-001,MARGIN,USDT,[],False,{}
101048.89000000,0.00000000,101048.89000000,USDT,SIM-001,MARGIN,USDT,[],False,{}
101144.13000000,0.00000000,101144.13000000,USDT,SIM-001,MARGIN,USDT,[],False,{}
101144.13000000,0.00000000,101144.13000000,USDT,SIM-001,MARGIN,USDT,[],False,{}
101144.13000000,0.00000000,101144.13000000,USDT,SIM-001,MARGIN,USDT,[],False,{}
101143.13000000,0.00000000,101143.13000000,USDT,SIM-001,MARGIN,USDT,[],False,{}
101142.13000000,0.00000000,101142.13000000,USDT,SIM-001,MARGIN,USDT,[],False,{}
101141.13000000,0.00000000,101141.13000000,USDT,SIM-001,MARGIN,USDT,[],False,{}
101140.13000000,0.00000000,101140.13000000,USDT,SIM-001,MARGIN,USDT,[],False,{}
101139.13000000,0.00000000,101139.13000000,USDT,SIM-001,MARGIN,USDT,[],False,{}
101138.13000000,0.00000000,101138.13000000,USDT,SIM-001,MARGIN,USDT,[],False,{}
101138.13000000,0.00000000,101138.13000000,USDT,SIM-001,MARGIN,USDT,[],False,{}
101138.13000000,0.00000000,101138.13000000,USDT,SIM-001,MARGIN,USDT,[],False,{}
101310.18000000,0.00000000,101310.18000000,USDT,SIM-001,MARGIN,USDT,[],False,{}
101310.18000000,0.00000000,101310.18000000,USDT,SIM-001,MARGIN,USDT,[],False,{}
101310.18000000,0.00000000,101310.18000000,USDT,SIM-001,MARGIN,USDT,[],False,{}
101310.18000000,0.00000000,101310.18000000,USDT,SIM-001,MARGIN,USDT,[],False,{}
101467.87000000,0.00000000,101467.87000000,USDT,SIM-001,MARGIN,USDT,[],False,{}
101642.79000000,0.00000000,101642.79000000,USDT,SIM-001,MARGIN,USDT,[],False,{}
101642.79000000,0.00000000,101642.79000000,USDT,SIM-001,MARGIN,USDT,[],False,{}
101642.79000000,0.00000000,101642.79000000,USDT,SIM-001,MARGIN,USDT,[],False,{}
101949.51000000,0.00000000,101949.51000000,USDT,SIM-001,MARGIN,USDT,[],False,{}
101949.51000000,0.00000000,101949.51000000,USDT,SIM-001,MARGIN,USDT,[],False,{}
101949.51000000,0.00000000,101949.51000000,USDT,SIM-001,MARGIN,USDT,[],False,{}
101949.51000000,0.00000000,101949.51000000,USDT,SIM-001,MARGIN,USDT,[],False,{}
101949.51000000,0.00000000,101949.51000000,USDT,SIM-001,MARGIN,USDT,[],False,{}
101949.51000000,0.00000000,101949.51000000,USDT,SIM-001,MARGIN,USDT,[],False,{}
102200.89000000,0.00000000,102200.89000000,USDT,SIM-001,MARGIN,USDT,[],False,{}
102200.89000000,0.00000000,102200.89000000,USDT,SIM-001,MARGIN,USDT,[],False,{}
102200.89000000,0.00000000,102200.89000000,USDT,SIM-001,MARGIN,USDT,[],False,{}
102199.89000000,0.00000000,102199.89000000,USDT,SIM-001,MARGIN,USDT,[],False,{}
102198.89000000,0.00000000,102198.89000000,USDT,SIM-001,MARGIN,USDT,[],False,{}
102198.89000000,0.00000000,102198.89000000,USDT,SIM-001,MARGIN,USDT,[],False,{}
102197.89000000,0.00000000,102197.89000000,USDT,SIM-001,MARGIN,USDT,[],False,{}
102196.89000000,0.00000000,102196.89000000,USDT,SIM-001,MARGIN,USDT,[],False,{}
102196.89000000,0.00000000,102196.89000000,USDT,SIM-001,MARGIN,USDT,[],False,{}
102196.89000000,0.00000000,102196.89000000,USDT,SIM-001,MARGIN,USDT,[],False,{}
102196.89000000,0.00000000,102196.89000000,USDT,SIM-001,MARGIN,USDT,[],False,{}
102196.89000000,0.00000000,102196.89000000,USDT,SIM-001,MARGIN,USDT,[],False,{}
102196.89000000,0.00000000,102196.89000000,USDT,SIM-001,MARGIN,USDT,[],False,{}
102196.89000000,0.00000000,102196.89000000,USDT,SIM-001,MARGIN,USDT,[],False,{}
102279.61000000,0.00000000,102279.61000000,USDT,SIM-001,MARGIN,USDT,[],False,{}
102373.63000000,0.00000000,102373.63000000,USDT,SIM-001,MARGIN,USDT,[],False,{}
102373.63000000,0.00000000,102373.63000000,USDT,SIM-001,MARGIN,USDT,[],False,{}
102373.63000000,0.00000000,102373.63000000,USDT,SIM-001,MARGIN,USDT,[],False,{}
102373.63000000,0.00000000,102373.63000000,USDT,SIM-001,MARGIN,USDT,[],False,{}
102373.63000000,0.00000000,102373.63000000,USDT,SIM-001,MARGIN,USDT,[],False,{}
102405.69000000,0.00000000,102405.69000000,USDT,SIM-001,MARGIN,USDT,[],False,{}
102405.69000000,0.00000000,102405.69000000,USDT,SIM-001,MARGIN,USDT,[],False,{}
102405.69000000,0.00000000,102405.69000000,USDT,SIM-001,MARGIN,USDT,[],False,{}
102449.19000000,0.00000000,102449.19000000,USDT,SIM-001,MARGIN,USDT,[],False,{}
102449.19000000,0.00000000,102449.19000000,USDT,SIM-001,MARGIN,USDT,[],False,{}
102449.19000000,0.00000000,102449.19000000,USDT,SIM-001,MARGIN,USDT,[],False,{}
102448.19000000,0.00000000,102448.19000000,USDT,SIM-001,MARGIN,USDT,[],False,{}
102447.19000000,0.00000000,102447.19000000,USDT,SIM-001,MARGIN,USDT,[],False,{}
102446.19000000,0.00000000,102446.19000000,USDT,SIM-001,MARGIN,USDT,[],False,{}
102446.19000000,0.00000000,102446.19000000,USDT,SIM-001,MARGIN,USDT,[],False,{}
102446.19000000,0.00000000,102446.19000000,USDT,SIM-001,MARGIN,USDT,[],False,{}
102446.19000000,0.00000000,102446.19000000,USDT,SIM-001,MARGIN,USDT,[],False,{}
102446.19000000,0.00000000,102446.19000000,USDT,SIM-001,MARGIN,USDT,[],False,{}
102446.19000000,0.00000000,102446.19000000,USDT,SIM-001,MARGIN,USDT,[],False,{}
102537.24000000,0.00000000,102537.24000000,USDT,SIM-001,MARGIN,USDT,[],False,{}
102537.24000000,0.00000000,102537.24000000,USDT,SIM-001,MARGIN,USDT,[],False,{}
102537.24000000,0.00000000,102537.24000000,USDT,SIM-001,MARGIN,USDT,[],False,{}
102537.24000000,0.00000000,102537.24000000,USDT,SIM-001,MARGIN,USDT,[],False,{}
102537.24000000,0.00000000,102537.24000000,USDT,SIM-001,MARGIN,USDT,[],False,{}
102537.24000000,0.00000000,102537.24000000,USDT,SIM-001,MARGIN,USDT,[],False,{}
102536.24000000,0.00000000,102536.24000000,USDT,SIM-001,MARGIN,USDT,[],False,{}
102536.24000000,0.00000000,102536.24000000,USDT,SIM-001,MARGIN,USDT,[],False,{}
102536.24000000,0.00000000,102536.24000000,USDT,SIM-001,MARGIN,USDT,[],False,{}
102531.15000000,0.00000000,102531.15000000,USDT,SIM-001,MARGIN,USDT,[],False,{}
102525.59000000,0.00000000,102525.59000000,USDT,SIM-001,MARGIN,USDT,[],False,{}
102525.59000000,0.00000000,102525.59000000,USDT,SIM-001,MARGIN,USDT,[],False,{}
102547.84000000,0.00000000,102547.84000000,USDT,SIM-001,MARGIN,USDT,[],False,{}
102570.09000000,0.00000000,102570.09000000,USDT,SIM-001,MARGIN,USDT,[],False,{}
102570.09000000,0.00000000,102570.09000000,USDT,SIM-001,MARGIN,USDT,[],False,{}
102570.09000000,0.00000000,102570.09000000,USDT,SIM-001,MARGIN,USDT,[],False,{}
102570.09000000,0.00000000,102570.09000000,USDT,SIM-001,MARGIN,USDT,[],False,{}
102570.09000000,0.00000000,102570.09000000,USDT,SIM-001,MARGIN,USDT,[],False,{}
102570.09000000,0.00000000,102570.09000000,USDT,SIM-001,MARGIN,USDT,[],False,{}
102570.09000000,0.00000000,102570.09000000,USDT,SIM-001,MARGIN,USDT,[],False,{}
102570.09000000,0.00000000,102570.09000000,USDT,SIM-001,MARGIN,USDT,[],False,{}
102570.09000000,0.00000000,102570.09000000,USDT,SIM-001,MARGIN,USDT,[],False,{}
102657.80000000,0.00000000,102657.80000000,USDT,SIM-001,MARGIN,USDT,[],False,{}
102657.80000000,0.00000000,102657.80000000,USDT,SIM-001,MARGIN,USDT,[],False,{}
102657.80000000,0.00000000,102657.80000000,USDT,SIM-001,MARGIN,USDT,[],False,{}
102729.27000000,0.00000000,102729.27000000,USDT,SIM-001,MARGIN,USDT,[],False,{}
102729.27000000,0.00000000,102729.27000000,USDT,SIM-001,MARGIN,USDT,[],False,{}
102729.27000000,0.00000000,102729.27000000,USDT,SIM-001,MARGIN,USDT,[],False,{}
102729.27000000,0.00000000,102729.27000000,USDT,SIM-001,MARGIN,USDT,[],False,{}
102729.27000000,0.00000000,102729.27000000,USDT,SIM-001,MARGIN,USDT,[],False,{}
102729.27000000,0.00000000,102729.27000000,USDT,SIM-001,MARGIN,USDT,[],False,{}
102729.27000000,0.00000000,102729.27000000,USDT,SIM-001,MARGIN,USDT,[],False,{}
102729.27000000,0.00000000,102729.27000000,USDT,SIM-001,MARGIN,USDT,[],False,{}
102729.27000000,0.00000000,102729.27000000,USDT,SIM-001,MARGIN,USDT,[],False,{}
102729.27000000,0.00000000,102729.27000000,USDT,SIM-001,MARGIN,USDT,[],False,{}
102708.84000000,0.00000000,102708.84000000,USDT,SIM-001,MARGIN,USDT,[],False,{}
102708.84000000,0.00000000,102708.84000000,USDT,SIM-001,MARGIN,USDT,[],False,{}
102708.84000000,0.00000000,102708.84000000,USDT,SIM-001,MARGIN,USDT,[],False,{}
102708.84000000,0.00000000,102708.84000000,USDT,SIM-001,MARGIN,USDT,[],False,{}
102708.84000000,0.00000000,102708.84000000,USDT,SIM-001,MARGIN,USDT,[],False,{}
102707.84000000,0.00000000,102707.84000000,USDT,SIM-001,MARGIN,USDT,[],False,{}
102707.84000000,0.00000000,102707.84000000,USDT,SIM-001,MARGIN,USDT,[],False,{}
102707.84000000,0.00000000,102707.84000000,USDT,SIM-001,MARGIN,USDT,[],False,{}
102706.84000000,0.00000000,102706.84000000,USDT,SIM-001,MARGIN,USDT,[],False,{}
102706.84000000,0.00000000,102706.84000000,USDT,SIM-001,MARGIN,USDT,[],False,{}
102706.84000000,0.00000000,102706.84000000,USDT,SIM-001,MARGIN,USDT,[],False,{}
102706.84000000,0.00000000,102706.84000000,USDT,SIM-001,MARGIN,USDT,[],False,{}
102706.84000000,0.00000000,102706.84000000,USDT,SIM-001,MARGIN,USDT,[],False,{}
102706.84000000,0.00000000,102706.84000000,USDT,SIM-001,MARGIN,USDT,[],False,{}
102706.84000000,0.00000000,102706.84000000,USDT,SIM-001,MARGIN,USDT,[],False,{}
102706.84000000,0.00000000,102706.84000000,USDT,SIM-001,MARGIN,USDT,[],False,{}
102706.84000000,0.00000000,102706.84000000,USDT,SIM-001,MARGIN,USDT,[],False,{}
102706.84000000,0.00000000,102706.84000000,USDT,SIM-001,MARGIN,USDT,[],False,{}
102706.84000000,0.00000000,102706.84000000,USDT,SIM-001,MARGIN,USDT,[],False,{}
102706.84000000,0.00000000,102706.84000000,USDT,SIM-001,MARGIN,USDT,[],False,{}
102706.84000000,0.00000000,102706.84000000,USDT,SIM-001,MARGIN,USDT,[],False,{}
102711.14000000,0.00000000,102711.14000000,USDT,SIM-001,MARGIN,USDT,[],False,{}
102711.14000000,0.00000000,102711.14000000,USDT,SIM-001,MARGIN,USDT,[],False,{}
102711.14000000,0.00000000,102711.14000000,USDT,SIM-001,MARGIN,USDT,[],False,{}
102732.33000000,0.00000000,102732.33000000,USDT,SIM-001,MARGIN,USDT,[],False,{}
102732.33000000,0.00000000,102732.33000000,USDT,SIM-001,MARGIN,USDT,[],False,{}
102732.33000000,0.00000000,102732.33000000,USDT,SIM-001,MARGIN,USDT,[],False,{}
102732.33000000,0.00000000,102732.33000000,USDT,SIM-001,MARGIN,USDT,[],False,{}
102731.61000000,0.00000000,102731.61000000,USDT,SIM-001,MARGIN,USDT,[],False,{}
102731.61000000,0.00000000,102731.61000000,USDT,SIM-001,MARGIN,USDT,[],False,{}
102730.61000000,0.00000000,102730.61000000,USDT,SIM-001,MARGIN,USDT,[],False,{}
102729.61000000,0.00000000,102729.61000000,USDT,SIM-001,MARGIN,USDT,[],False,{}
102729.61000000,0.00000000,102729.61000000,USDT,SIM-001,MARGIN,USDT,[],False,{}
102729.61000000,0.00000000,102729.61000000,USDT,SIM-001,MARGIN,USDT,[],False,{}
102729.61000000,0.00000000,102729.61000000,USDT,SIM-001,MARGIN,USDT,[],False,{}
103412.21000000,0.00000000,103412.21000000,USDT,SIM-001,MARGIN,USDT,[],False,{}
103412.21000000,0.00000000,103412.21000000,USDT,SIM-001,MARGIN,USDT,[],False,{}
103412.21000000,0.00000000,103412.21000000,USDT,SIM-001,MARGIN,USDT,[],False,{}
103412.21000000,0.00000000,103412.21000000,USDT,SIM-001,MARGIN,USDT,[],False,{}
103412.21000000,0.00000000,103412.21000000,USDT,SIM-001,MARGIN,USDT,[],False,{}
103411.21000000,0.00000000,103411.21000000,USDT,SIM-001,MARGIN,USDT,[],False,{}
103411.21000000,0.00000000,103411.21000000,USDT,SIM-001,MARGIN,USDT,[],False,{}
103411.21000000,0.00000000,103411.21000000,USDT,SIM-001,MARGIN,USDT,[],False,{}
103410.21000000,0.00000000,103410.21000000,USDT,SIM-001,MARGIN,USDT,[],False,{}
103410.21000000,0.00000000,103410.21000000,USDT,SIM-001,MARGIN,USDT,[],False,{}
103410.21000000,0.00000000,103410.21000000,USDT,SIM-001,MARGIN,USDT,[],False,{}
103410.21000000,0.00000000,103410.21000000,USDT,SIM-001,MARGIN,USDT,[],False,{}
103410.21000000,0.00000000,103410.21000000,USDT,SIM-001,MARGIN,USDT,[],False,{}
103410.21000000,0.00000000,103410.21000000,USDT,SIM-001,MARGIN,USDT,[],False,{}
103410.21000000,0.00000000,103410.21000000,USDT,SIM-001,MARGIN,USDT,[],False,{}
103410.21000000,0.00000000,103410.21000000,USDT,SIM-001,MARGIN,USDT,[],False,{}
103410.21000000,0.00000000,103410.21000000,USDT,SIM-001,MARGIN,USDT,[],False,{}
103410.21000000,0.00000000,103410.21000000,USDT,SIM-001,MARGIN,USDT,[],False,{}
103410.21000000,0.00000000,103410.21000000,USDT,SIM-001,MARGIN,USDT,[],False,{}
103410.21000000,0.00000000,103410.21000000,USDT,SIM-001,MARGIN,USDT,[],False,{}
103410.21000000,0.00000000,103410.21000000,USDT,SIM-001,MARGIN,USDT,[],False,{}
103536.39000000,0.00000000,103536.39000000,USDT,SIM-001,MARGIN,USDT,[],False,{}
103536.39000000,0.00000000,103536.39000000,USDT,SIM-001,MARGIN,USDT,[],False,{}
103536.39000000,0.00000000,103536.39000000,USDT,SIM-001,MARGIN,USDT,[],False,{}
103695.54000000,0.00000000,103695.54000000,USDT,SIM-001,MARGIN,USDT,[],False,{}
103695.54000000,0.00000000,103695.54000000,USDT,SIM-001,MARGIN,USDT,[],False,{}
103695.54000000,0.00000000,103695.54000000,USDT,SIM-001,MARGIN,USDT,[],False,{}
103695.54000000,0.00000000,103695.54000000,USDT,SIM-001,MARGIN,USDT,[],False,{}
103695.54000000,0.00000000,103695.54000000,USDT,SIM-001,MARGIN,USDT,[],False,{}
103695.54000000,0.00000000,103695.54000000,USDT,SIM-001,MARGIN,USDT,[],False,{}
103695.54000000,0.00000000,103695.54000000,USDT,SIM-001,MARGIN,USDT,[],False,{}
103695.54000000,0.00000000,103695.54000000,USDT,SIM-001,MARGIN,USDT,[],False,{}
103695.54000000,0.00000000,103695.54000000,USDT,SIM-001,MARGIN,USDT,[],False,{}
103695.54000000,0.00000000,103695.54000000,USDT,SIM-001,MARGIN,USDT,[],False,{}
103694.51000000,0.00000000,103694.51000000,USDT,SIM-001,MARGIN,USDT,[],False,{}
103694.51000000,0.00000000,103694.51000000,USDT,SIM-001,MARGIN,USDT,[],False,{}
103694.51000000,0.00000000,103694.51000000,USDT,SIM-001,MARGIN,USDT,[],False,{}
103694.51000000,0.00000000,103694.51000000,USDT,SIM-001,MARGIN,USDT,[],False,{}
103694.51000000,0.00000000,103694.51000000,USDT,SIM-001,MARGIN,USDT,[],False,{}
103693.51000000,0.00000000,103693.51000000,USDT,SIM-001,MARGIN,USDT,[],False,{}
103693.51000000,0.00000000,103693.51000000,USDT,SIM-001,MARGIN,USDT,[],False,{}
103693.51000000,0.00000000,103693.51000000,USDT,SIM-001,MARGIN,USDT,[],False,{}
103740.69000000,0.00000000,103740.69000000,USDT,SIM-001,MARGIN,USDT,[],False,{}
103740.69000000,0.00000000,103740.69000000,USDT,SIM-001,MARGIN,USDT,[],False,{}
103739.69000000,0.00000000,103739.69000000,USDT,SIM-001,MARGIN,USDT,[],False,{}
103739.69000000,0.00000000,103739.69000000,USDT,SIM-001,MARGIN,USDT,[],False,{}
103738.69000000,0.00000000,103738.69000000,USDT,SIM-001,MARGIN,USDT,[],False,{}
103737.69000000,0.00000000,103737.69000000,USDT,SIM-001,MARGIN,USDT,[],False,{}
103737.69000000,0.00000000,103737.69000000,USDT,SIM-001,MARGIN,USDT,[],False,{}
103824.57000000,0.00000000,103824.57000000,USDT,SIM-001,MARGIN,USDT,[],False,{}
103911.45000000,0.00000000,103911.45000000,USDT,SIM-001,MARGIN,USDT,[],False,{}
103998.33000000,0.00000000,103998.33000000,USDT,SIM-001,MARGIN,USDT,[],False,{}
103998.33000000,0.00000000,103998.33000000,USDT,SIM-001,MARGIN,USDT,[],False,{}
103998.33000000,0.00000000,103998.33000000,USDT,SIM-001,MARGIN,USDT,[],False,{}
103998.33000000,0.00000000,103998.33000000,USDT,SIM-001,MARGIN,USDT,[],False,{}
103998.33000000,0.00000000,103998.33000000,USDT,SIM-001,MARGIN,USDT,[],False,{}
103999.25000000,0.00000000,103999.25000000,USDT,SIM-001,MARGIN,USDT,[],False,{}
103999.25000000,0.00000000,103999.25000000,USDT,SIM-001,MARGIN,USDT,[],False,{}
103999.25000000,0.00000000,103999.25000000,USDT,SIM-001,MARGIN,USDT,[],False,{}
103999.25000000,0.00000000,103999.25000000,USDT,SIM-001,MARGIN,USDT,[],False,{}
103998.25000000,0.00000000,103998.25000000,USDT,SIM-001,MARGIN,USDT,[],False,{}
103998.25000000,0.00000000,103998.25000000,USDT,SIM-001,MARGIN,USDT,[],False,{}
103998.25000000,0.00000000,103998.25000000,USDT,SIM-001,MARGIN,USDT,[],False,{}
103998.25000000,0.00000000,103998.25000000,USDT,SIM-001,MARGIN,USDT,[],False,{}
103998.25000000,0.00000000,103998.25000000,USDT,SIM-001,MARGIN,USDT,[],False,{}
103998.25000000,0.00000000,103998.25000000,USDT,SIM-001,MARGIN,USDT,[],False,{}
103998.25000000,0.00000000,103998.25000000,USDT,SIM-001,MARGIN,USDT,[],False,{}
103998.25000000,0.00000000,103998.25000000,USDT,SIM-001,MARGIN,USDT,[],False,{}
103998.25000000,0.00000000,103998.25000000,USDT,SIM-001,MARGIN,USDT,[],False,{}
103998.25000000,0.00000000,103998.25000000,USDT,SIM-001,MARGIN,USDT,[],False,{}
103998.25000000,0.00000000,103998.25000000,USDT,SIM-001,MARGIN,USDT,[],False,{}
103998.25000000,0.00000000,103998.25000000,USDT,SIM-001,MARGIN,USDT,[],False,{}
103998.25000000,0.00000000,103998.25000000,USDT,SIM-001,MARGIN,USDT,[],False,{}
103997.25000000,0.00000000,103997.25000000,USDT,SIM-001,MARGIN,USDT,[],False,{}
103997.25000000,0.00000000,103997.25000000,USDT,SIM-001,MARGIN,USDT,[],False,{}
103997.25000000,0.00000000,103997.25000000,USDT,SIM-001,MARGIN,USDT,[],False,{}
103996.25000000,0.00000000,103996.25000000,USDT,SIM-001,MARGIN,USDT,[],False,{}
103996.25000000,0.00000000,103996.25000000,USDT,SIM-001,MARGIN,USDT,[],False,{}
103996.25000000,0.00000000,103996.25000000,USDT,SIM-001,MARGIN,USDT,[],False,{}
103996.25000000,0.00000000,103996.25000000,USDT,SIM-001,MARGIN,USDT,[],False,{}
103996.25000000,0.00000000,103996.25000000,USDT,SIM-001,MARGIN,USDT,[],False,{}
103996.25000000,0.00000000,103996.25000000,USDT,SIM-001,MARGIN,USDT,[],False,{}
103996.25000000,0.00000000,103996.25000000,USDT,SIM-001,MARGIN,USDT,[],False,{}
103996.25000000,0.00000000,103996.25000000,USDT,SIM-001,MARGIN,USDT,[],False,{}
103996.25000000,0.00000000,103996.25000000,USDT,SIM-001,MARGIN,USDT,[],False,{}
103996.25000000,0.00000000,103996.25000000,USDT,SIM-001,MARGIN,USDT,[],False,{}
103996.25000000,0.00000000,103996.25000000,USDT,SIM-001,MARGIN,USDT,[],False,{}
103996.25000000,0.00000000,103996.25000000,USDT,SIM-001,MARGIN,USDT,[],False,{}
103996.25000000,0.00000000,103996.25000000,USDT,SIM-001,MARGIN,USDT,[],False,{}
103993.87000000,0.00000000,103993.87000000,USDT,SIM-001,MARGIN,USDT,[],False,{}
103993.87000000,0.00000000,103993.87000000,USDT,SIM-001,MARGIN,USDT,[],False,{}
103993.87000000,0.00000000,103993.87000000,USDT,SIM-001,MARGIN,USDT,[],False,{}
103999.38000000,0.00000000,103999.38000000,USDT,SIM-001,MARGIN,USDT,[],False,{}
103999.38000000,0.00000000,103999.38000000,USDT,SIM-001,MARGIN,USDT,[],False,{}
103999.38000000,0.00000000,103999.38000000,USDT,SIM-001,MARGIN,USDT,[],False,{}
103998.38000000,0.00000000,103998.38000000,USDT,SIM-001,MARGIN,USDT,[],False,{}
103997.38000000,0.00000000,103997.38000000,USDT,SIM-001,MARGIN,USDT,[],False,{}
103996.38000000,0.00000000,103996.38000000,USDT,SIM-001,MARGIN,USDT,[],False,{}
103996.38000000,0.00000000,103996.38000000,USDT,SIM-001,MARGIN,USDT,[],False,{}
103996.38000000,0.00000000,103996.38000000,USDT,SIM-001,MARGIN,USDT,[],False,{}
103996.38000000,0.00000000,103996.38000000,USDT,SIM-001,MARGIN,USDT,[],False,{}
103996.38000000,0.00000000,103996.38000000,USDT,SIM-001,MARGIN,USDT,[],False,{}
103996.38000000,0.00000000,103996.38000000,USDT,SIM-001,MARGIN,USDT,[],False,{}
104040.04000000,0.00000000,104040.04000000,USDT,SIM-001,MARGIN,USDT,[],False,{}
104099.72000000,0.00000000,104099.72000000,USDT,SIM-001,MARGIN,USDT,[],False,{}
104099.72000000,0.00000000,104099.72000000,USDT,SIM-001,MARGIN,USDT,[],False,{}
104099.72000000,0.00000000,104099.72000000,USDT,SIM-001,MARGIN,USDT,[],False,{}
104099.72000000,0.00000000,104099.72000000,USDT,SIM-001,MARGIN,USDT,[],False,{}
104099.72000000,0.00000000,104099.72000000,USDT,SIM-001,MARGIN,USDT,[],False,{}
104098.72000000,0.00000000,104098.72000000,USDT,SIM-001,MARGIN,USDT,[],False,{}
104098.72000000,0.00000000,104098.72000000,USDT,SIM-001,MARGIN,USDT,[],False,{}
104098.72000000,0.00000000,104098.72000000,USDT,SIM-001,MARGIN,USDT,[],False,{}
104097.72000000,0.00000000,104097.72000000,USDT,SIM-001,MARGIN,USDT,[],False,{}
104097.72000000,0.00000000,104097.72000000,USDT,SIM-001,MARGIN,USDT,[],False,{}
104097.72000000,0.00000000,104097.72000000,USDT,SIM-001,MARGIN,USDT,[],False,{}
104168.71000000,0.00000000,104168.71000000,USDT,SIM-001,MARGIN,USDT,[],False,{}
104239.70000000,0.00000000,104239.70000000,USDT,SIM-001,MARGIN,USDT,[],False,{}
104310.69000000,0.00000000,104310.69000000,USDT,SIM-001,MARGIN,USDT,[],False,{}
104406.51000000,0.00000000,104406.51000000,USDT,SIM-001,MARGIN,USDT,[],False,{}
104492.78000000,0.00000000,104492.78000000,USDT,SIM-001,MARGIN,USDT,[],False,{}
104492.78000000,0.00000000,104492.78000000,USDT,SIM-001,MARGIN,USDT,[],False,{}
104491.78000000,0.00000000,104491.78000000,USDT,SIM-001,MARGIN,USDT,[],False,{}
104491.78000000,0.00000000,104491.78000000,USDT,SIM-001,MARGIN,USDT,[],False,{}
104491.78000000,0.00000000,104491.78000000,USDT,SIM-001,MARGIN,USDT,[],False,{}
104491.78000000,0.00000000,104491.78000000,USDT,SIM-001,MARGIN,USDT,[],False,{}
104491.78000000,0.00000000,104491.78000000,USDT,SIM-001,MARGIN,USDT,[],False,{}
104603.48000000,0.00000000,104603.48000000,USDT,SIM-001,MARGIN,USDT,[],False,{}
104603.48000000,0.00000000,104603.48000000,USDT,SIM-001,MARGIN,USDT,[],False,{}
104603.48000000,0.00000000,104603.48000000,USDT,SIM-001,MARGIN,USDT,[],False,{}
104602.48000000,0.00000000,104602.48000000,USDT,SIM-001,MARGIN,USDT,[],False,{}
104601.48000000,0.00000000,104601.48000000,USDT,SIM-001,MARGIN,USDT,[],False,{}
104601.48000000,0.00000000,104601.48000000,USDT,SIM-001,MARGIN,USDT,[],False,{}
104600.48000000,0.00000000,104600.48000000,USDT,SIM-001,MARGIN,USDT,[],False,{}
104599.48000000,0.00000000,104599.48000000,USDT,SIM-001,MARGIN,USDT,[],False,{}
104599.48000000,0.00000000,104599.48000000,USDT,SIM-001,MARGIN,USDT,[],False,{}
104599.48000000,0.00000000,104599.48000000,USDT,SIM-001,MARGIN,USDT,[],False,{}
104599.48000000,0.00000000,104599.48000000,USDT,SIM-001,MARGIN,USDT,[],False,{}
104599.48000000,0.00000000,104599.48000000,USDT,SIM-001,MARGIN,USDT,[],False,{}
104599.48000000,0.00000000,104599.48000000,USDT,SIM-001,MARGIN,USDT,[],False,{}
104599.48000000,0.00000000,104599.48000000,USDT,SIM-001,MARGIN,USDT,[],False,{}
104599.48000000,0.00000000,104599.48000000,USDT,SIM-001,MARGIN,USDT,[],False,{}
104599.48000000,0.00000000,104599.48000000,USDT,SIM-001,MARGIN,USDT,[],False,{}
104488.93000000,0.00000000,104488.93000000,USDT,SIM-001,MARGIN,USDT,[],False,{}
104488.93000000,0.00000000,104488.93000000,USDT,SIM-001,MARGIN,USDT,[],False,{}
104488.93000000,0.00000000,104488.93000000,USDT,SIM-001,MARGIN,USDT,[],False,{}
104487.93000000,0.00000000,104487.93000000,USDT,SIM-001,MARGIN,USDT,[],False,{}
104486.93000000,0.00000000,104486.93000000,USDT,SIM-001,MARGIN,USDT,[],False,{}
104486.93000000,0.00000000,104486.93000000,USDT,SIM-001,MARGIN,USDT,[],False,{}
104488.46000000,0.00000000,104488.46000000,USDT,SIM-001,MARGIN,USDT,[],False,{}
104489.99000000,0.00000000,104489.99000000,USDT,SIM-001,MARGIN,USDT,[],False,{}
104489.99000000,0.00000000,104489.99000000,USDT,SIM-001,MARGIN,USDT,[],False,{}
104489.99000000,0.00000000,104489.99000000,USDT,SIM-001,MARGIN,USDT,[],False,{}
104489.99000000,0.00000000,104489.99000000,USDT,SIM-001,MARGIN,USDT,[],False,{}
104489.99000000,0.00000000,104489.99000000,USDT,SIM-001,MARGIN,USDT,[],False,{}
104489.99000000,0.00000000,104489.99000000,USDT,SIM-001,MARGIN,USDT,[],False,{}
104489.99000000,0.00000000,104489.99000000,USDT,SIM-001,MARGIN,USDT,[],False,{}
104489.99000000,0.00000000,104489.99000000,USDT,SIM-001,MARGIN,USDT,[],False,{}
104489.99000000,0.00000000,104489.99000000,USDT,SIM-001,MARGIN,USDT,[],False,{}
104488.99000000,0.00000000,104488.99000000,USDT,SIM-001,MARGIN,USDT,[],False,{}
104488.99000000,0.00000000,104488.99000000,USDT,SIM-001,MARGIN,USDT,[],False,{}
104488.99000000,0.00000000,104488.99000000,USDT,SIM-001,MARGIN,USDT,[],False,{}
104487.99000000,0.00000000,104487.99000000,USDT,SIM-001,MARGIN,USDT,[],False,{}
104487.99000000,0.00000000,104487.99000000,USDT,SIM-001,MARGIN,USDT,[],False,{}
104487.99000000,0.00000000,104487.99000000,USDT,SIM-001,MARGIN,USDT,[],False,{}
104512.95000000,0.00000000,104512.95000000,USDT,SIM-001,MARGIN,USDT,[],False,{}
104537.91000000,0.00000000,104537.91000000,USDT,SIM-001,MARGIN,USDT,[],False,{}
104562.87000000,0.00000000,104562.87000000,USDT,SIM-001,MARGIN,USDT,[],False,{}
104605.37000000,0.00000000,104605.37000000,USDT,SIM-001,MARGIN,USDT,[],False,{}
104647.87000000,0.00000000,104647.87000000,USDT,SIM-001,MARGIN,USDT,[],False,{}
104652.72000000,0.00000000,104652.72000000,USDT,SIM-001,MARGIN,USDT,[],False,{}
104652.72000000,0.00000000,104652.72000000,USDT,SIM-001,MARGIN,USDT,[],False,{}
104652.72000000,0.00000000,104652.72000000,USDT,SIM-001,MARGIN,USDT,[],False,{}
104652.72000000,0.00000000,104652.72000000,USDT,SIM-001,MARGIN,USDT,[],False,{}
104652.72000000,0.00000000,104652.72000000,USDT,SIM-001,MARGIN,USDT,[],False,{}
104652.72000000,0.00000000,104652.72000000,USDT,SIM-001,MARGIN,USDT,[],False,{}
104651.72000000,0.00000000,104651.72000000,USDT,SIM-001,MARGIN,USDT,[],False,{}
104651.72000000,0.00000000,104651.72000000,USDT,SIM-001,MARGIN,USDT,[],False,{}
104651.72000000,0.00000000,104651.72000000,USDT,SIM-001,MARGIN,USDT,[],False,{}
104645.14000000,0.00000000,104645.14000000,USDT,SIM-001,MARGIN,USDT,[],False,{}
104639.30000000,0.00000000,104639.30000000,USDT,SIM-001,MARGIN,USDT,[],False,{}
104639.30000000,0.00000000,104639.30000000,USDT,SIM-001,MARGIN,USDT,[],False,{}
104639.30000000,0.00000000,104639.30000000,USDT,SIM-001,MARGIN,USDT,[],False,{}
104638.30000000,0.00000000,104638.30000000,USDT,SIM-001,MARGIN,USDT,[],False,{}
104637.30000000,0.00000000,104637.30000000,USDT,SIM-001,MARGIN,USDT,[],False,{}
104637.30000000,0.00000000,104637.30000000,USDT,SIM-001,MARGIN,USDT,[],False,{}
104655.75000000,0.00000000,104655.75000000,USDT,SIM-001,MARGIN,USDT,[],False,{}
104747.99000000,0.00000000,104747.99000000,USDT,SIM-001,MARGIN,USDT,[],False,{}
104837.71000000,0.00000000,104837.71000000,USDT,SIM-001,MARGIN,USDT,[],False,{}
104837.71000000,0.00000000,104837.71000000,USDT,SIM-001,MARGIN,USDT,[],False,{}
104837.71000000,0.00000000,104837.71000000,USDT,SIM-001,MARGIN,USDT,[],False,{}
104837.71000000,0.00000000,104837.71000000,USDT,SIM-001,MARGIN,USDT,[],False,{}
104837.71000000,0.00000000,104837.71000000,USDT,SIM-001,MARGIN,USDT,[],False,{}
104837.71000000,0.00000000,104837.71000000,USDT,SIM-001,MARGIN,USDT,[],False,{}
104836.27000000,0.00000000,104836.27000000,USDT,SIM-001,MARGIN,USDT,[],False,{}
104836.27000000,0.00000000,104836.27000000,USDT,SIM-001,MARGIN,USDT,[],False,{}
104836.27000000,0.00000000,104836.27000000,USDT,SIM-001,MARGIN,USDT,[],False,{}
104836.27000000,0.00000000,104836.27000000,USDT,SIM-001,MARGIN,USDT,[],False,{}
104836.27000000,0.00000000,104836.27000000,USDT,SIM-001,MARGIN,USDT,[],False,{}
104836.27000000,0.00000000,104836.27000000,USDT,SIM-001,MARGIN,USDT,[],False,{}
104836.27000000,0.00000000,104836.27000000,USDT,SIM-001,MARGIN,USDT,[],False,{}
104836.27000000,0.00000000,104836.27000000,USDT,SIM-001,MARGIN,USDT,[],False,{}
104836.27000000,0.00000000,104836.27000000,USDT,SIM-001,MARGIN,USDT,[],False,{}
104836.27000000,0.00000000,104836.27000000,USDT,SIM-001,MARGIN,USDT,[],False,{}
104836.27000000,0.00000000,104836.27000000,USDT,SIM-001,MARGIN,USDT,[],False,{}
104836.27000000,0.00000000,104836.27000000,USDT,SIM-001,MARGIN,USDT,[],False,{}
104836.27000000,0.00000000,104836.27000000,USDT,SIM-001,MARGIN,USDT,[],False,{}
104835.27000000,0.00000000,104835.27000000,USDT,SIM-001,MARGIN,USDT,[],False,{}
104835.27000000,0.00000000,104835.27000000,USDT,SIM-001,MARGIN,USDT,[],False,{}
104835.27000000,0.00000000,104835.27000000,USDT,SIM-001,MARGIN,USDT,[],False,{}
104868.16000000,0.00000000,104868.16000000,USDT,SIM-001,MARGIN,USDT,[],False,{}
104900.58000000,0.00000000,104900.58000000,USDT,SIM-001,MARGIN,USDT,[],False,{}
104900.58000000,0.00000000,104900.58000000,USDT,SIM-001,MARGIN,USDT,[],False,{}
104900.58000000,0.00000000,104900.58000000,USDT,SIM-001,MARGIN,USDT,[],False,{}
104899.58000000,0.00000000,104899.58000000,USDT,SIM-001,MARGIN,USDT,[],False,{}
104898.58000000,0.00000000,104898.58000000,USDT,SIM-001,MARGIN,USDT,[],False,{}
104898.58000000,0.00000000,104898.58000000,USDT,SIM-001,MARGIN,USDT,[],False,{}
104898.58000000,0.00000000,104898.58000000,USDT,SIM-001,MARGIN,USDT,[],False,{}
104898.58000000,0.00000000,104898.58000000,USDT,SIM-001,MARGIN,USDT,[],False,{}
104898.58000000,0.00000000,104898.58000000,USDT,SIM-001,MARGIN,USDT,[],False,{}
104898.58000000,0.00000000,104898.58000000,USDT,SIM-001,MARGIN,USDT,[],False,{}
104898.58000000,0.00000000,104898.58000000,USDT,SIM-001,MARGIN,USDT,[],False,{}
104898.58000000,0.00000000,104898.58000000,USDT,SIM-001,MARGIN,USDT,[],False,{}
104898.58000000,0.00000000,104898.58000000,USDT,SIM-001,MARGIN,USDT,[],False,{}
104897.58000000,0.00000000,104897.58000000,USDT,SIM-001,MARGIN,USDT,[],False,{}
104897.58000000,0.00000000,104897.58000000,USDT,SIM-001,MARGIN,USDT,[],False,{}
104897.58000000,0.00000000,104897.58000000,USDT,SIM-001,MARGIN,USDT,[],False,{}
104897.58000000,0.00000000,104897.58000000,USDT,SIM-001,MARGIN,USDT,[],False,{}
104897.58000000,0.00000000,104897.58000000,USDT,SIM-001,MARGIN,USDT,[],False,{}
104897.58000000,0.00000000,104897.58000000,USDT,SIM-001,MARGIN,USDT,[],False,{}
104897.58000000,0.00000000,104897.58000000,USDT,SIM-001,MARGIN,USDT,[],False,{}
104897.58000000,0.00000000,104897.58000000,USDT,SIM-001,MARGIN,USDT,[],False,{}
104897.58000000,0.00000000,104897.58000000,USDT,SIM-001,MARGIN,USDT,[],False,{}
104897.58000000,0.00000000,104897.58000000,USDT,SIM-001,MARGIN,USDT,[],False,{}
104897.58000000,0.00000000,104897.58000000,USDT,SIM-001,MARGIN,USDT,[],False,{}
104897.58000000,0.00000000,104897.58000000,USDT,SIM-001,MARGIN,USDT,[],False,{}
104896.58000000,0.00000000,104896.58000000,USDT,SIM-001,MARGIN,USDT,[],False,{}
104896.58000000,0.00000000,104896.58000000,USDT,SIM-001,MARGIN,USDT,[],False,{}
104896.58000000,0.00000000,104896.58000000,USDT,SIM-001,MARGIN,USDT,[],False,{}
104895.63000000,0.00000000,104895.63000000,USDT,SIM-001,MARGIN,USDT,[],False,{}
104895.63000000,0.00000000,104895.63000000,USDT,SIM-001,MARGIN,USDT,[],False,{}
104895.63000000,0.00000000,104895.63000000,USDT,SIM-001,MARGIN,USDT,[],False,{}
104895.63000000,0.00000000,104895.63000000,USDT,SIM-001,MARGIN,USDT,[],False,{}
104895.63000000,0.00000000,104895.63000000,USDT,SIM-001,MARGIN,USDT,[],False,{}
104895.63000000,0.00000000,104895.63000000,USDT,SIM-001,MARGIN,USDT,[],False,{}
104895.63000000,0.00000000,104895.63000000,USDT,SIM-001,MARGIN,USDT,[],False,{}
104895.63000000,0.00000000,104895.63000000,USDT,SIM-001,MARGIN,USDT,[],False,{}
104895.63000000,0.00000000,104895.63000000,USDT,SIM-001,MARGIN,USDT,[],False,{}
104895.63000000,0.00000000,104895.63000000,USDT,SIM-001,MARGIN,USDT,[],False,{}
104895.63000000,0.00000000,104895.63000000,USDT,SIM-001,MARGIN,USDT,[],False,{}
104895.63000000,0.00000000,104895.63000000,USDT,SIM-001,MARGIN,USDT,[],False,{}
104895.63000000,0.00000000,104895.63000000,USDT,SIM-001,MARGIN,USDT,[],False,{}
104883.95000000,0.00000000,104883.95000000,USDT,SIM-001,MARGIN,USDT,[],False,{}
104883.95000000,0.00000000,104883.95000000,USDT,SIM-001,MARGIN,USDT,[],False,{}
104883.95000000,0.00000000,104883.95000000,USDT,SIM-001,MARGIN,USDT,[],False,{}
104882.95000000,0.00000000,104882.95000000,USDT,SIM-001,MARGIN,USDT,[],False,{}
104881.95000000,0.00000000,104881.95000000,USDT,SIM-001,MARGIN,USDT,[],False,{}
104881.95000000,0.00000000,104881.95000000,USDT,SIM-001,MARGIN,USDT,[],False,{}
104880.95000000,0.00000000,104880.95000000,USDT,SIM-001,MARGIN,USDT,[],False,{}
104879.95000000,0.00000000,104879.95000000,USDT,SIM-001,MARGIN,USDT,[],False,{}
104879.95000000,0.00000000,104879.95000000,USDT,SIM-001,MARGIN,USDT,[],False,{}
104895.12000000,0.00000000,104895.12000000,USDT,SIM-001,MARGIN,USDT,[],False,{}
104910.29000000,0.00000000,104910.29000000,USDT,SIM-001,MARGIN,USDT,[],False,{}
104925.46000000,0.00000000,104925.46000000,USDT,SIM-001,MARGIN,USDT,[],False,{}
104925.46000000,0.00000000,104925.46000000,USDT,SIM-001,MARGIN,USDT,[],False,{}
104925.46000000,0.00000000,104925.46000000,USDT,SIM-001,MARGIN,USDT,[],False,{}
104924.80000000,0.00000000,104924.80000000,USDT,SIM-001,MARGIN,USDT,[],False,{}
104937.19000000,0.00000000,104937.19000000,USDT,SIM-001,MARGIN,USDT,[],False,{}
104937.19000000,0.00000000,104937.19000000,USDT,SIM-001,MARGIN,USDT,[],False,{}
104937.19000000,0.00000000,104937.19000000,USDT,SIM-001,MARGIN,USDT,[],False,{}
104937.19000000,0.00000000,104937.19000000,USDT,SIM-001,MARGIN,USDT,[],False,{}
104937.19000000,0.00000000,104937.19000000,USDT,SIM-001,MARGIN,USDT,[],False,{}
104936.19000000,0.00000000,104936.19000000,USDT,SIM-001,MARGIN,USDT,[],False,{}
104936.19000000,0.00000000,104936.19000000,USDT,SIM-001,MARGIN,USDT,[],False,{}
104936.19000000,0.00000000,104936.19000000,USDT,SIM-001,MARGIN,USDT,[],False,{}
104935.19000000,0.00000000,104935.19000000,USDT,SIM-001,MARGIN,USDT,[],False,{}
104935.19000000,0.00000000,104935.19000000,USDT,SIM-001,MARGIN,USDT,[],False,{}
104935.19000000,0.00000000,104935.19000000,USDT,SIM-001,MARGIN,USDT,[],False,{}
104935.19000000,0.00000000,104935.19000000,USDT,SIM-001,MARGIN,USDT,[],False,{}
104935.19000000,0.00000000,104935.19000000,USDT,SIM-001,MARGIN,USDT,[],False,{}
104935.19000000,0.00000000,104935.19000000,USDT,SIM-001,MARGIN,USDT,[],False,{}
104935.19000000,0.00000000,104935.19000000,USDT,SIM-001,MARGIN,USDT,[],False,{}
104935.19000000,0.00000000,104935.19000000,USDT,SIM-001,MARGIN,USDT,[],False,{}
104935.19000000,0.00000000,104935.19000000,USDT,SIM-001,MARGIN,USDT,[],False,{}
104502.82000000,0.00000000,104502.82000000,USDT,SIM-001,MARGIN,USDT,[],False,{}
104502.82000000,0.00000000,104502.82000000,USDT,SIM-001,MARGIN,USDT,[],False,{}
104502.82000000,0.00000000,104502.82000000,USDT,SIM-001,MARGIN,USDT,[],False,{}
104502.82000000,0.00000000,104502.82000000,USDT,SIM-001,MARGIN,USDT,[],False,{}
104502.82000000,0.00000000,104502.82000000,USDT,SIM-001,MARGIN,USDT,[],False,{}
104501.82000000,0.00000000,104501.82000000,USDT,SIM-001,MARGIN,USDT,[],False,{}
104501.82000000,0.00000000,104501.82000000,USDT,SIM-001,MARGIN,USDT,[],False,{}
104501.82000000,0.00000000,104501.82000000,USDT,SIM-001,MARGIN,USDT,[],False,{}
104529.11000000,0.00000000,104529.11000000,USDT,SIM-001,MARGIN,USDT,[],False,{}
104529.11000000,0.00000000,104529.11000000,USDT,SIM-001,MARGIN,USDT,[],False,{}
104528.11000000,0.00000000,104528.11000000,USDT,SIM-001,MARGIN,USDT,[],False,{}
104528.11000000,0.00000000,104528.11000000,USDT,SIM-001,MARGIN,USDT,[],False,{}
104527.11000000,0.00000000,104527.11000000,USDT,SIM-001,MARGIN,USDT,[],False,{}
104526.11000000,0.00000000,104526.11000000,USDT,SIM-001,MARGIN,USDT,[],False,{}
104526.11000000,0.00000000,104526.11000000,USDT,SIM-001,MARGIN,USDT,[],False,{}
104526.11000000,0.00000000,104526.11000000,USDT,SIM-001,MARGIN,USDT,[],False,{}
104526.11000000,0.00000000,104526.11000000,USDT,SIM-001,MARGIN,USDT,[],False,{}
104526.11000000,0.00000000,104526.11000000,USDT,SIM-001,MARGIN,USDT,[],False,{}
104526.11000000,0.00000000,104526.11000000,USDT,SIM-001,MARGIN,USDT,[],False,{}
104526.11000000,0.00000000,104526.11000000,USDT,SIM-001,MARGIN,USDT,[],False,{}
104526.11000000,0.00000000,104526.11000000,USDT,SIM-001,MARGIN,USDT,[],False,{}
104526.11000000,0.00000000,104526.11000000,USDT,SIM-001,MARGIN,USDT,[],False,{}
104525.11000000,0.00000000,104525.11000000,USDT,SIM-001,MARGIN,USDT,[],False,{}
104525.11000000,0.00000000,104525.11000000,USDT,SIM-001,MARGIN,USDT,[],False,{}
104525.11000000,0.00000000,104525.11000000,USDT,SIM-001,MARGIN,USDT,[],False,{}
104524.11000000,0.00000000,104524.11000000,USDT,SIM-001,MARGIN,USDT,[],False,{}
104524.11000000,0.00000000,104524.11000000,USDT,SIM-001,MARGIN,USDT,[],False,{}
104524.11000000,0.00000000,104524.11000000,USDT,SIM-001,MARGIN,USDT,[],False,{}
104524.11000000,0.00000000,104524.11000000,USDT,SIM-001,MARGIN,USDT,[],False,{}
104524.11000000,0.00000000,104524.11000000,USDT,SIM-001,MARGIN,USDT,[],False,{}
104524.11000000,0.00000000,104524.11000000,USDT,SIM-001,MARGIN,USDT,[],False,{}
104524.11000000,0.00000000,104524.11000000,USDT,SIM-001,MARGIN,USDT,[],False,{}
104524.11000000,0.00000000,104524.11000000,USDT,SIM-001,MARGIN,USDT,[],False,{}
104524.11000000,0.00000000,104524.11000000,USDT,SIM-001,MARGIN,USDT,[],False,{}
104524.11000000,0.00000000,104524.11000000,USDT,SIM-001,MARGIN,USDT,[],False,{}
104524.11000000,0.00000000,104524.11000000,USDT,SIM-001,MARGIN,USDT,[],False,{}
104524.11000000,0.00000000,104524.11000000,USDT,SIM-001,MARGIN,USDT,[],False,{}
104524.11000000,0.00000000,104524.11000000,USDT,SIM-001,MARGIN,USDT,[],False,{}
104523.11000000,0.00000000,104523.11000000,USDT,SIM-001,MARGIN,USDT,[],False,{}
104522.37000000,0.00000000,104522.37000000,USDT,SIM-001,MARGIN,USDT,[],False,{}
104522.37000000,0.00000000,104522.37000000,USDT,SIM-001,MARGIN,USDT,[],False,{}
104522.37000000,0.00000000,104522.37000000,USDT,SIM-001,MARGIN,USDT,[],False,{}
104522.37000000,0.00000000,104522.37000000,USDT,SIM-001,MARGIN,USDT,[],False,{}
104522.37000000,0.00000000,104522.37000000,USDT,SIM-001,MARGIN,USDT,[],False,{}
104522.37000000,0.00000000,104522.37000000,USDT,SIM-001,MARGIN,USDT,[],False,{}
104522.37000000,0.00000000,104522.37000000,USDT,SIM-001,MARGIN,USDT,[],False,{}
104522.37000000,0.00000000,104522.37000000,USDT,SIM-001,MARGIN,USDT,[],False,{}
104522.37000000,0.00000000,104522.37000000,USDT,SIM-001,MARGIN,USDT,[],False,{}
104452.27000000,0.00000000,104452.27000000,USDT,SIM-001,MARGIN,USDT,[],False,{}
104393.81000000,0.00000000,104393.81000000,USDT,SIM-001,MARGIN,USDT,[],False,{}
104393.81000000,0.00000000,104393.81000000,USDT,SIM-001,MARGIN,USDT,[],False,{}
104393.81000000,0.00000000,104393.81000000,USDT,SIM-001,MARGIN,USDT,[],False,{}
104393.81000000,0.00000000,104393.81000000,USDT,SIM-001,MARGIN,USDT,[],False,{}
104393.81000000,0.00000000,104393.81000000,USDT,SIM-001,MARGIN,USDT,[],False,{}
104388.03000000,0.00000000,104388.03000000,USDT,SIM-001,MARGIN,USDT,[],False,{}
104388.03000000,0.00000000,104388.03000000,USDT,SIM-001,MARGIN,USDT,[],False,{}
104388.03000000,0.00000000,104388.03000000,USDT,SIM-001,MARGIN,USDT,[],False,{}
104392.67000000,0.00000000,104392.67000000,USDT,SIM-001,MARGIN,USDT,[],False,{}
104392.67000000,0.00000000,104392.67000000,USDT,SIM-001,MARGIN,USDT,[],False,{}
104392.67000000,0.00000000,104392.67000000,USDT,SIM-001,MARGIN,USDT,[],False,{}
104392.67000000,0.00000000,104392.67000000,USDT,SIM-001,MARGIN,USDT,[],False,{}
104392.67000000,0.00000000,104392.67000000,USDT,SIM-001,MARGIN,USDT,[],False,{}
104392.67000000,0.00000000,104392.67000000,USDT,SIM-001,MARGIN,USDT,[],False,{}
104392.67000000,0.00000000,104392.67000000,USDT,SIM-001,MARGIN,USDT,[],False,{}
104392.67000000,0.00000000,104392.67000000,USDT,SIM-001,MARGIN,USDT,[],False,{}
104392.67000000,0.00000000,104392.67000000,USDT,SIM-001,MARGIN,USDT,[],False,{}
104392.67000000,0.00000000,104392.67000000,USDT,SIM-001,MARGIN,USDT,[],False,{}
104392.67000000,0.00000000,104392.67000000,USDT,SIM-001,MARGIN,USDT,[],False,{}
104392.67000000,0.00000000,104392.67000000,USDT,SIM-001,MARGIN,USDT,[],False,{}
104392.67000000,0.00000000,104392.67000000,USDT,SIM-001,MARGIN,USDT,[],False,{}
104452.51000000,0.00000000,104452.51000000,USDT,SIM-001,MARGIN,USDT,[],False,{}
104521.05000000,0.00000000,104521.05000000,USDT,SIM-001,MARGIN,USDT,[],False,{}
104521.05000000,0.00000000,104521.05000000,USDT,SIM-001,MARGIN,USDT,[],False,{}
104521.05000000,0.00000000,104521.05000000,USDT,SIM-001,MARGIN,USDT,[],False,{}
104520.05000000,0.00000000,104520.05000000,USDT,SIM-001,MARGIN,USDT,[],False,{}
104519.05000000,0.00000000,104519.05000000,USDT,SIM-001,MARGIN,USDT,[],False,{}
104518.05000000,0.00000000,104518.05000000,USDT,SIM-001,MARGIN,USDT,[],False,{}
104517.05000000,0.00000000,104517.05000000,USDT,SIM-001,MARGIN,USDT,[],False,{}
104517.05000000,0.00000000,104517.05000000,USDT,SIM-001,MARGIN,USDT,[],False,{}
104517.05000000,0.00000000,104517.05000000,USDT,SIM-001,MARGIN,USDT,[],False,{}
104565.80000000,0.00000000,104565.80000000,USDT,SIM-001,MARGIN,USDT,[],False,{}
104624.70000000,0.00000000,104624.70000000,USDT,SIM-001,MARGIN,USDT,[],False,{}
104624.70000000,0.00000000,104624.70000000,USDT,SIM-001,MARGIN,USDT,[],False,{}
104624.70000000,0.00000000,104624.70000000,USDT,SIM-001,MARGIN,USDT,[],False,{}
104624.70000000,0.00000000,104624.70000000,USDT,SIM-001,MARGIN,USDT,[],False,{}
104624.70000000,0.00000000,104624.70000000,USDT,SIM-001,MARGIN,USDT,[],False,{}
104684.53000000,0.00000000,104684.53000000,USDT,SIM-001,MARGIN,USDT,[],False,{}
104684.53000000,0.00000000,104684.53000000,USDT,SIM-001,MARGIN,USDT,[],False,{}
104684.53000000,0.00000000,104684.53000000,USDT,SIM-001,MARGIN,USDT,[],False,{}
104683.53000000,0.00000000,104683.53000000,USDT,SIM-001,MARGIN,USDT,[],False,{}
104682.53000000,0.00000000,104682.53000000,USDT,SIM-001,MARGIN,USDT,[],False,{}
104682.53000000,0.00000000,104682.53000000,USDT,SIM-001,MARGIN,USDT,[],False,{}
104681.71000000,0.00000000,104681.71000000,USDT,SIM-001,MARGIN,USDT,[],False,{}
104680.71000000,0.00000000,104680.71000000,USDT,SIM-001,MARGIN,USDT,[],False,{}
104680.71000000,0.00000000,104680.71000000,USDT,SIM-001,MARGIN,USDT,[],False,{}
104680.71000000,0.00000000,104680.71000000,USDT,SIM-001,MARGIN,USDT,[],False,{}
104680.71000000,0.00000000,104680.71000000,USDT,SIM-001,MARGIN,USDT,[],False,{}
104680.71000000,0.00000000,104680.71000000,USDT,SIM-001,MARGIN,USDT,[],False,{}
104680.71000000,0.00000000,104680.71000000,USDT,SIM-001,MARGIN,USDT,[],False,{}
104680.71000000,0.00000000,104680.71000000,USDT,SIM-001,MARGIN,USDT,[],False,{}
104698.44000000,0.00000000,104698.44000000,USDT,SIM-001,MARGIN,USDT,[],False,{}
104723.05000000,0.00000000,104723.05000000,USDT,SIM-001,MARGIN,USDT,[],False,{}
104723.05000000,0.00000000,104723.05000000,USDT,SIM-001,MARGIN,USDT,[],False,{}
104723.05000000,0.00000000,104723.05000000,USDT,SIM-001,MARGIN,USDT,[],False,{}
104723.05000000,0.00000000,104723.05000000,USDT,SIM-001,MARGIN,USDT,[],False,{}
104723.05000000,0.00000000,104723.05000000,USDT,SIM-001,MARGIN,USDT,[],False,{}
104740.96000000,0.00000000,104740.96000000,USDT,SIM-001,MARGIN,USDT,[],False,{}
104740.96000000,0.00000000,104740.96000000,USDT,SIM-001,MARGIN,USDT,[],False,{}
104740.96000000,0.00000000,104740.96000000,USDT,SIM-001,MARGIN,USDT,[],False,{}
104774.09000000,0.00000000,104774.09000000,USDT,SIM-001,MARGIN,USDT,[],False,{}
104774.09000000,0.00000000,104774.09000000,USDT,SIM-001,MARGIN,USDT,[],False,{}
104774.09000000,0.00000000,104774.09000000,USDT,SIM-001,MARGIN,USDT,[],False,{}
104773.09000000,0.00000000,104773.09000000,USDT,SIM-001,MARGIN,USDT,[],False,{}
104772.09000000,0.00000000,104772.09000000,USDT,SIM-001,MARGIN,USDT,[],False,{}
104771.09000000,0.00000000,104771.09000000,USDT,SIM-001,MARGIN,USDT,[],False,{}
104770.77000000,0.00000000,104770.77000000,USDT,SIM-001,MARGIN,USDT,[],False,{}
104770.37000000,0.00000000,104770.37000000,USDT,SIM-001,MARGIN,USDT,[],False,{}
104769.89000000,0.00000000,104769.89000000,USDT,SIM-001,MARGIN,USDT,[],False,{}
104769.89000000,0.00000000,104769.89000000,USDT,SIM-001,MARGIN,USDT,[],False,{}
104769.89000000,0.00000000,104769.89000000,USDT,SIM-001,MARGIN,USDT,[],False,{}
104769.89000000,0.00000000,104769.89000000,USDT,SIM-001,MARGIN,USDT,[],False,{}
104769.89000000,0.00000000,104769.89000000,USDT,SIM-001,MARGIN,USDT,[],False,{}
104769.89000000,0.00000000,104769.89000000,USDT,SIM-001,MARGIN,USDT,[],False,{}
104769.89000000,0.00000000,104769.89000000,USDT,SIM-001,MARGIN,USDT,[],False,{}
104695.98000000,0.00000000,104695.98000000,USDT,SIM-001,MARGIN,USDT,[],False,{}
104632.37000000,0.00000000,104632.37000000,USDT,SIM-001,MARGIN,USDT,[],False,{}
105058.51000000,0.00000000,105058.51000000,USDT,SIM-001,MARGIN,USDT,[],False,{}
105058.51000000,0.00000000,105058.51000000,USDT,SIM-001,MARGIN,USDT,[],False,{}
105058.51000000,0.00000000,105058.51000000,USDT,SIM-001,MARGIN,USDT,[],False,{}
105058.51000000,0.00000000,105058.51000000,USDT,SIM-001,MARGIN,USDT,[],False,{}
105058.51000000,0.00000000,105058.51000000,USDT,SIM-001,MARGIN,USDT,[],False,{}
105057.51000000,0.00000000,105057.51000000,USDT,SIM-001,MARGIN,USDT,[],False,{}
105057.51000000,0.00000000,105057.51000000,USDT,SIM-001,MARGIN,USDT,[],False,{}
105057.51000000,0.00000000,105057.51000000,USDT,SIM-001,MARGIN,USDT,[],False,{}
105056.51000000,0.00000000,105056.51000000,USDT,SIM-001,MARGIN,USDT,[],False,{}
105056.51000000,0.00000000,105056.51000000,USDT,SIM-001,MARGIN,USDT,[],False,{}
105056.51000000,0.00000000,105056.51000000,USDT,SIM-001,MARGIN,USDT,[],False,{}
105056.51000000,0.00000000,105056.51000000,USDT,SIM-001,MARGIN,USDT,[],False,{}
105056.51000000,0.00000000,105056.51000000,USDT,SIM-001,MARGIN,USDT,[],False,{}
105056.51000000,0.00000000,105056.51000000,USDT,SIM-001,MARGIN,USDT,[],False,{}
105056.51000000,0.00000000,105056.51000000,USDT,SIM-001,MARGIN,USDT,[],False,{}
105056.51000000,0.00000000,105056.51000000,USDT,SIM-001,MARGIN,USDT,[],False,{}
105056.51000000,0.00000000,105056.51000000,USDT,SIM-001,MARGIN,USDT,[],False,{}
105056.51000000,0.00000000,105056.51000000,USDT,SIM-001,MARGIN,USDT,[],False,{}
105056.51000000,0.00000000,105056.51000000,USDT,SIM-001,MARGIN,USDT,[],False,{}
105056.51000000,0.00000000,105056.51000000,USDT,SIM-001,MARGIN,USDT,[],False,{}
105056.51000000,0.00000000,105056.51000000,USDT,SIM-001,MARGIN,USDT,[],False,{}
105055.51000000,0.00000000,105055.51000000,USDT,SIM-001,MARGIN,USDT,[],False,{}
105055.51000000,0.00000000,105055.51000000,USDT,SIM-001,MARGIN,USDT,[],False,{}
105055.51000000,0.00000000,105055.51000000,USDT,SIM-001,MARGIN,USDT,[],False,{}
105055.25000000,0.00000000,105055.25000000,USDT,SIM-001,MARGIN,USDT,[],False,{}
105055.25000000,0.00000000,105055.25000000,USDT,SIM-001,MARGIN,USDT,[],False,{}
105055.25000000,0.00000000,105055.25000000,USDT,SIM-001,MARGIN,USDT,[],False,{}
105066.96000000,0.00000000,105066.96000000,USDT,SIM-001,MARGIN,USDT,[],False,{}
105078.67000000,0.00000000,105078.67000000,USDT,SIM-001,MARGIN,USDT,[],False,{}
105090.38000000,0.00000000,105090.38000000,USDT,SIM-001,MARGIN,USDT,[],False,{}
105097.31000000,0.00000000,105097.31000000,USDT,SIM-001,MARGIN,USDT,[],False,{}
105097.31000000,0.00000000,105097.31000000,USDT,SIM-001,MARGIN,USDT,[],False,{}
105096.31000000,0.00000000,105096.31000000,USDT,SIM-001,MARGIN,USDT,[],False,{}
105095.31000000,0.00000000,105095.31000000,USDT,SIM-001,MARGIN,USDT,[],False,{}
105095.31000000,0.00000000,105095.31000000,USDT,SIM-001,MARGIN,USDT,[],False,{}
105095.31000000,0.00000000,105095.31000000,USDT,SIM-001,MARGIN,USDT,[],False,{}
105095.31000000,0.00000000,105095.31000000,USDT,SIM-001,MARGIN,USDT,[],False,{}
105095.31000000,0.00000000,105095.31000000,USDT,SIM-001,MARGIN,USDT,[],False,{}
105115.33000000,0.00000000,105115.33000000,USDT,SIM-001,MARGIN,USDT,[],False,{}
105115.33000000,0.00000000,105115.33000000,USDT,SIM-001,MARGIN,USDT,[],False,{}
105115.33000000,0.00000000,105115.33000000,USDT,SIM-001,MARGIN,USDT,[],False,{}
105145.91000000,0.00000000,105145.91000000,USDT,SIM-001,MARGIN,USDT,[],False,{}
105145.91000000,0.00000000,105145.91000000,USDT,SIM-001,MARGIN,USDT,[],False,{}
105145.91000000,0.00000000,105145.91000000,USDT,SIM-001,MARGIN,USDT,[],False,{}
105144.91000000,0.00000000,105144.91000000,USDT,SIM-001,MARGIN,USDT,[],False,{}
105143.91000000,0.00000000,105143.91000000,USDT,SIM-001,MARGIN,USDT,[],False,{}
105142.91000000,0.00000000,105142.91000000,USDT,SIM-001,MARGIN,USDT,[],False,{}
105141.91000000,0.00000000,105141.91000000,USDT,SIM-001,MARGIN,USDT,[],False,{}
105140.91000000,0.00000000,105140.91000000,USDT,SIM-001,MARGIN,USDT,[],False,{}
105139.91000000,0.00000000,105139.91000000,USDT,SIM-001,MARGIN,USDT,[],False,{}
105139.91000000,0.00000000,105139.91000000,USDT,SIM-001,MARGIN,USDT,[],False,{}
105139.91000000,0.00000000,105139.91000000,USDT,SIM-001,MARGIN,USDT,[],False,{}
105139.91000000,0.00000000,105139.91000000,USDT,SIM-001,MARGIN,USDT,[],False,{}
105139.91000000,0.00000000,105139.91000000,USDT,SIM-001,MARGIN,USDT,[],False,{}
105139.91000000,0.00000000,105139.91000000,USDT,SIM-001,MARGIN,USDT,[],False,{}
105139.91000000,0.00000000,105139.91000000,USDT,SIM-001,MARGIN,USDT,[],False,{}
105043.36000000,0.00000000,105043.36000000,USDT,SIM-001,MARGIN,USDT,[],False,{}
104959.41000000,0.00000000,104959.41000000,USDT,SIM-001,MARGIN,USDT,[],False,{}
104959.41000000,0.00000000,104959.41000000,USDT,SIM-001,MARGIN,USDT,[],False,{}
104959.41000000,0.00000000,104959.41000000,USDT,SIM-001,MARGIN,USDT,[],False,{}
104925.63000000,0.00000000,104925.63000000,USDT,SIM-001,MARGIN,USDT,[],False,{}
104896.95000000,0.00000000,104896.95000000,USDT,SIM-001,MARGIN,USDT,[],False,{}
104896.95000000,0.00000000,104896.95000000,USDT,SIM-001,MARGIN,USDT,[],False,{}
104896.95000000,0.00000000,104896.95000000,USDT,SIM-001,MARGIN,USDT,[],False,{}
104896.95000000,0.00000000,104896.95000000,USDT,SIM-001,MARGIN,USDT,[],False,{}
104896.95000000,0.00000000,104896.95000000,USDT,SIM-001,MARGIN,USDT,[],False,{}
104914.54000000,0.00000000,104914.54000000,USDT,SIM-001,MARGIN,USDT,[],False,{}
104914.54000000,0.00000000,104914.54000000,USDT,SIM-001,MARGIN,USDT,[],False,{}
104914.54000000,0.00000000,104914.54000000,USDT,SIM-001,MARGIN,USDT,[],False,{}
104939.51000000,0.00000000,104939.51000000,USDT,SIM-001,MARGIN,USDT,[],False,{}
104939.51000000,0.00000000,104939.51000000,USDT,SIM-001,MARGIN,USDT,[],False,{}
104939.51000000,0.00000000,104939.51000000,USDT,SIM-001,MARGIN,USDT,[],False,{}
104938.51000000,0.00000000,104938.51000000,USDT,SIM-001,MARGIN,USDT,[],False,{}
104937.51000000,0.00000000,104937.51000000,USDT,SIM-001,MARGIN,USDT,[],False,{}
104936.51000000,0.00000000,104936.51000000,USDT,SIM-001,MARGIN,USDT,[],False,{}
104935.51000000,0.00000000,104935.51000000,USDT,SIM-001,MARGIN,USDT,[],False,{}
104934.51000000,0.00000000,104934.51000000,USDT,SIM-001,MARGIN,USDT,[],False,{}
104933.51000000,0.00000000,104933.51000000,USDT,SIM-001,MARGIN,USDT,[],False,{}
104933.51000000,0.00000000,104933.51000000,USDT,SIM-001,MARGIN,USDT,[],False,{}
104933.51000000,0.00000000,104933.51000000,USDT,SIM-001,MARGIN,USDT,[],False,{}
104938.16000000,0.00000000,104938.16000000,USDT,SIM-001,MARGIN,USDT,[],False,{}
104954.00000000,0.00000000,104954.00000000,USDT,SIM-001,MARGIN,USDT,[],False,{}
104954.00000000,0.00000000,104954.00000000,USDT,SIM-001,MARGIN,USDT,[],False,{}
104954.00000000,0.00000000,104954.00000000,USDT,SIM-001,MARGIN,USDT,[],False,{}
104983.82000000,0.00000000,104983.82000000,USDT,SIM-001,MARGIN,USDT,[],False,{}
105027.83000000,0.00000000,105027.83000000,USDT,SIM-001,MARGIN,USDT,[],False,{}
105027.83000000,0.00000000,105027.83000000,USDT,SIM-001,MARGIN,USDT,[],False,{}
105027.83000000,0.00000000,105027.83000000,USDT,SIM-001,MARGIN,USDT,[],False,{}
105027.83000000,0.00000000,105027.83000000,USDT,SIM-001,MARGIN,USDT,[],False,{}
105027.83000000,0.00000000,105027.83000000,USDT,SIM-001,MARGIN,USDT,[],False,{}
105026.83000000,0.00000000,105026.83000000,USDT,SIM-001,MARGIN,USDT,[],False,{}
105026.83000000,0.00000000,105026.83000000,USDT,SIM-001,MARGIN,USDT,[],False,{}
105026.83000000,0.00000000,105026.83000000,USDT,SIM-001,MARGIN,USDT,[],False,{}
105097.81000000,0.00000000,105097.81000000,USDT,SIM-001,MARGIN,USDT,[],False,{}
105168.79000000,0.00000000,105168.79000000,USDT,SIM-001,MARGIN,USDT,[],False,{}
105168.79000000,0.00000000,105168.79000000,USDT,SIM-001,MARGIN,USDT,[],False,{}
105255.80000000,0.00000000,105255.80000000,USDT,SIM-001,MARGIN,USDT,[],False,{}
105325.50000000,0.00000000,105325.50000000,USDT,SIM-001,MARGIN,USDT,[],False,{}
105325.50000000,0.00000000,105325.50000000,USDT,SIM-001,MARGIN,USDT,[],False,{}
105325.50000000,0.00000000,105325.50000000,USDT,SIM-001,MARGIN,USDT,[],False,{}
105325.50000000,0.00000000,105325.50000000,USDT,SIM-001,MARGIN,USDT,[],False,{}
105325.50000000,0.00000000,105325.50000000,USDT,SIM-001,MARGIN,USDT,[],False,{}
105325.50000000,0.00000000,105325.50000000,USDT,SIM-001,MARGIN,USDT,[],False,{}
105325.50000000,0.00000000,105325.50000000,USDT,SIM-001,MARGIN,USDT,[],False,{}
105325.50000000,0.00000000,105325.50000000,USDT,SIM-001,MARGIN,USDT,[],False,{}
105325.50000000,0.00000000,105325.50000000,USDT,SIM-001,MARGIN,USDT,[],False,{}
105325.50000000,0.00000000,105325.50000000,USDT,SIM-001,MARGIN,USDT,[],False,{}
105316.26000000,0.00000000,105316.26000000,USDT,SIM-001,MARGIN,USDT,[],False,{}
105316.26000000,0.00000000,105316.26000000,USDT,SIM-001,MARGIN,USDT,[],False,{}
105316.26000000,0.00000000,105316.26000000,USDT,SIM-001,MARGIN,USDT,[],False,{}
105316.26000000,0.00000000,105316.26000000,USDT,SIM-001,MARGIN,USDT,[],False,{}
105341.08000000,0.00000000,105341.08000000,USDT,SIM-001,MARGIN,USDT,[],False,{}
105341.08000000,0.00000000,105341.08000000,USDT,SIM-001,MARGIN,USDT,[],False,{}
105340.08000000,0.00000000,105340.08000000,USDT,SIM-001,MARGIN,USDT,[],False,{}
105340.08000000,0.00000000,105340.08000000,USDT,SIM-001,MARGIN,USDT,[],False,{}
105387.55000000,0.00000000,105387.55000000,USDT,SIM-001,MARGIN,USDT,[],False,{}
105395.36000000,0.00000000,105395.36000000,USDT,SIM-001,MARGIN,USDT,[],False,{}
105395.36000000,0.00000000,105395.36000000,USDT,SIM-001,MARGIN,USDT,[],False,{}
105395.36000000,0.00000000,105395.36000000,USDT,SIM-001,MARGIN,USDT,[],False,{}
105395.36000000,0.00000000,105395.36000000,USDT,SIM-001,MARGIN,USDT,[],False,{}
105395.36000000,0.00000000,105395.36000000,USDT,SIM-001,MARGIN,USDT,[],False,{}
105395.36000000,0.00000000,105395.36000000,USDT,SIM-001,MARGIN,USDT,[],False,{}
105395.36000000,0.00000000,105395.36000000,USDT,SIM-001,MARGIN,USDT,[],False,{}
105395.36000000,0.00000000,105395.36000000,USDT,SIM-001,MARGIN,USDT,[],False,{}
105395.36000000,0.00000000,105395.36000000,USDT,SIM-001,MARGIN,USDT,[],False,{}
105395.36000000,0.00000000,105395.36000000,USDT,SIM-001,MARGIN,USDT,[],False,{}
105394.36000000,0.00000000,105394.36000000,USDT,SIM-001,MARGIN,USDT,[],False,{}
105394.36000000,0.00000000,105394.36000000,USDT,SIM-001,MARGIN,USDT,[],False,{}
105394.36000000,0.00000000,105394.36000000,USDT,SIM-001,MARGIN,USDT,[],False,{}
105393.39000000,0.00000000,105393.39000000,USDT,SIM-001,MARGIN,USDT,[],False,{}
105393.39000000,0.00000000,105393.39000000,USDT,SIM-001,MARGIN,USDT,[],False,{}
105393.39000000,0.00000000,105393.39000000,USDT,SIM-001,MARGIN,USDT,[],False,{}
105393.39000000,0.00000000,105393.39000000,USDT,SIM-001,MARGIN,USDT,[],False,{}
105393.39000000,0.00000000,105393.39000000,USDT,SIM-001,MARGIN,USDT,[],False,{}
105393.39000000,0.00000000,105393.39000000,USDT,SIM-001,MARGIN,USDT,[],False,{}
105393.39000000,0.00000000,105393.39000000,USDT,SIM-001,MARGIN,USDT,[],False,{}
105393.39000000,0.00000000,105393.39000000,USDT,SIM-001,MARGIN,USDT,[],False,{}
105393.39000000,0.00000000,105393.39000000,USDT,SIM-001,MARGIN,USDT,[],False,{}
105393.39000000,0.00000000,105393.39000000,USDT,SIM-001,MARGIN,USDT,[],False,{}
105393.39000000,0.00000000,105393.39000000,USDT,SIM-001,MARGIN,USDT,[],False,{}
105393.39000000,0.00000000,105393.39000000,USDT,SIM-001,MARGIN,USDT,[],False,{}
105393.39000000,0.00000000,105393.39000000,USDT,SIM-001,MARGIN,USDT,[],False,{}
105388.81000000,0.00000000,105388.81000000,USDT,SIM-001,MARGIN,USDT,[],False,{}
105388.81000000,0.00000000,105388.81000000,USDT,SIM-001,MARGIN,USDT,[],False,{}
105388.81000000,0.00000000,105388.81000000,USDT,SIM-001,MARGIN,USDT,[],False,{}
105395.55000000,0.00000000,105395.55000000,USDT,SIM-001,MARGIN,USDT,[],False,{}
105395.55000000,0.00000000,105395.55000000,USDT,SIM-001,MARGIN,USDT,[],False,{}
105395.55000000,0.00000000,105395.55000000,USDT,SIM-001,MARGIN,USDT,[],False,{}
105394.55000000,0.00000000,105394.55000000,USDT,SIM-001,MARGIN,USDT,[],False,{}
105393.55000000,0.00000000,105393.55000000,USDT,SIM-001,MARGIN,USDT,[],False,{}
105392.55000000,0.00000000,105392.55000000,USDT,SIM-001,MARGIN,USDT,[],False,{}
105391.67000000,0.00000000,105391.67000000,USDT,SIM-001,MARGIN,USDT,[],False,{}
105390.67000000,0.00000000,105390.67000000,USDT,SIM-001,MARGIN,USDT,[],False,{}
105389.67000000,0.00000000,105389.67000000,USDT,SIM-001,MARGIN,USDT,[],False,{}
105389.67000000,0.00000000,105389.67000000,USDT,SIM-001,MARGIN,USDT,[],False,{}
105389.67000000,0.00000000,105389.67000000,USDT,SIM-001,MARGIN,USDT,[],False,{}
105361.27000000,0.00000000,105361.27000000,USDT,SIM-001,MARGIN,USDT,[],False,{}
105361.27000000,0.00000000,105361.27000000,USDT,SIM-001,MARGIN,USDT,[],False,{}
105361.27000000,0.00000000,105361.27000000,USDT,SIM-001,MARGIN,USDT,[],False,{}
105361.27000000,0.00000000,105361.27000000,USDT,SIM-001,MARGIN,USDT,[],False,{}
105339.10000000,0.00000000,105339.10000000,USDT,SIM-001,MARGIN,USDT,[],False,{}
105326.47000000,0.00000000,105326.47000000,USDT,SIM-001,MARGIN,USDT,[],False,{}
105326.47000000,0.00000000,105326.47000000,USDT,SIM-001,MARGIN,USDT,[],False,{}
105326.47000000,0.00000000,105326.47000000,USDT,SIM-001,MARGIN,USDT,[],False,{}
105326.47000000,0.00000000,105326.47000000,USDT,SIM-001,MARGIN,USDT,[],False,{}
105326.47000000,0.00000000,105326.47000000,USDT,SIM-001,MARGIN,USDT,[],False,{}
105325.47000000,0.00000000,105325.47000000,USDT,SIM-001,MARGIN,USDT,[],False,{}
105325.47000000,0.00000000,105325.47000000,USDT,SIM-001,MARGIN,USDT,[],False,{}
105325.47000000,0.00000000,105325.47000000,USDT,SIM-001,MARGIN,USDT,[],False,{}
105324.47000000,0.00000000,105324.47000000,USDT,SIM-001,MARGIN,USDT,[],False,{}
105324.47000000,0.00000000,105324.47000000,USDT,SIM-001,MARGIN,USDT,[],False,{}
105324.47000000,0.00000000,105324.47000000,USDT,SIM-001,MARGIN,USDT,[],False,{}
105324.47000000,0.00000000,105324.47000000,USDT,SIM-001,MARGIN,USDT,[],False,{}
105324.47000000,0.00000000,105324.47000000,USDT,SIM-001,MARGIN,USDT,[],False,{}
105324.47000000,0.00000000,105324.47000000,USDT,SIM-001,MARGIN,USDT,[],False,{}
105324.47000000,0.00000000,105324.47000000,USDT,SIM-001,MARGIN,USDT,[],False,{}
105324.47000000,0.00000000,105324.47000000,USDT,SIM-001,MARGIN,USDT,[],False,{}
105324.47000000,0.00000000,105324.47000000,USDT,SIM-001,MARGIN,USDT,[],False,{}
105324.47000000,0.00000000,105324.47000000,USDT,SIM-001,MARGIN,USDT,[],False,{}
105324.47000000,0.00000000,105324.47000000,USDT,SIM-001,MARGIN,USDT,[],False,{}
105324.47000000,0.00000000,105324.47000000,USDT,SIM-001,MARGIN,USDT,[],False,{}
105324.47000000,0.00000000,105324.47000000,USDT,SIM-001,MARGIN,USDT,[],False,{}
105249.17000000,0.00000000,105249.17000000,USDT,SIM-001,MARGIN,USDT,[],False,{}
105177.44000000,0.00000000,105177.44000000,USDT,SIM-001,MARGIN,USDT,[],False,{}
105177.44000000,0.00000000,105177.44000000,USDT,SIM-001,MARGIN,USDT,[],False,{}
105177.44000000,0.00000000,105177.44000000,USDT,SIM-001,MARGIN,USDT,[],False,{}
105177.44000000,0.00000000,105177.44000000,USDT,SIM-001,MARGIN,USDT,[],False,{}
105177.44000000,0.00000000,105177.44000000,USDT,SIM-001,MARGIN,USDT,[],False,{}
105177.44000000,0.00000000,105177.44000000,USDT,SIM-001,MARGIN,USDT,[],False,{}
105177.44000000,0.00000000,105177.44000000,USDT,SIM-001,MARGIN,USDT,[],False,{}
105177.44000000,0.00000000,105177.44000000,USDT,SIM-001,MARGIN,USDT,[],False,{}
105177.44000000,0.00000000,105177.44000000,USDT,SIM-001,MARGIN,USDT,[],False,{}
105177.44000000,0.00000000,105177.44000000,USDT,SIM-001,MARGIN,USDT,[],False,{}
105177.44000000,0.00000000,105177.44000000,USDT,SIM-001,MARGIN,USDT,[],False,{}
105176.44000000,0.00000000,105176.44000000,USDT,SIM-001,MARGIN,USDT,[],False,{}
105176.44000000,0.00000000,105176.44000000,USDT,SIM-001,MARGIN,USDT,[],False,{}
105176.44000000,0.00000000,105176.44000000,USDT,SIM-001,MARGIN,USDT,[],False,{}
105175.44000000,0.00000000,105175.44000000,USDT,SIM-001,MARGIN,USDT,[],False,{}
105175.44000000,0.00000000,105175.44000000,USDT,SIM-001,MARGIN,USDT,[],False,{}
105175.44000000,0.00000000,105175.44000000,USDT,SIM-001,MARGIN,USDT,[],False,{}
105154.28000000,0.00000000,105154.28000000,USDT,SIM-001,MARGIN,USDT,[],False,{}
105133.12000000,0.00000000,105133.12000000,USDT,SIM-001,MARGIN,USDT,[],False,{}
105111.96000000,0.00000000,105111.96000000,USDT,SIM-001,MARGIN,USDT,[],False,{}
105095.09000000,0.00000000,105095.09000000,USDT,SIM-001,MARGIN,USDT,[],False,{}
105078.22000000,0.00000000,105078.22000000,USDT,SIM-001,MARGIN,USDT,[],False,{}
105067.51000000,0.00000000,105067.51000000,USDT,SIM-001,MARGIN,USDT,[],False,{}
105067.51000000,0.00000000,105067.51000000,USDT,SIM-001,MARGIN,USDT,[],False,{}
105067.51000000,0.00000000,105067.51000000,USDT,SIM-001,MARGIN,USDT,[],False,{}
105067.51000000,0.00000000,105067.51000000,USDT,SIM-001,MARGIN,USDT,[],False,{}
105067.51000000,0.00000000,105067.51000000,USDT,SIM-001,MARGIN,USDT,[],False,{}
105067.51000000,0.00000000,105067.51000000,USDT,SIM-001,MARGIN,USDT,[],False,{}
105066.51000000,0.00000000,105066.51000000,USDT,SIM-001,MARGIN,USDT,[],False,{}
105066.51000000,0.00000000,105066.51000000,USDT,SIM-001,MARGIN,USDT,[],False,{}
105066.51000000,0.00000000,105066.51000000,USDT,SIM-001,MARGIN,USDT,[],False,{}
105065.51000000,0.00000000,105065.51000000,USDT,SIM-001,MARGIN,USDT,[],False,{}
105065.51000000,0.00000000,105065.51000000,USDT,SIM-001,MARGIN,USDT,[],False,{}
105065.51000000,0.00000000,105065.51000000,USDT,SIM-001,MARGIN,USDT,[],False,{}
105065.51000000,0.00000000,105065.51000000,USDT,SIM-001,MARGIN,USDT,[],False,{}
105065.51000000,0.00000000,105065.51000000,USDT,SIM-001,MARGIN,USDT,[],False,{}
105065.51000000,0.00000000,105065.51000000,USDT,SIM-001,MARGIN,USDT,[],False,{}
105065.51000000,0.00000000,105065.51000000,USDT,SIM-001,MARGIN,USDT,[],False,{}
105065.51000000,0.00000000,105065.51000000,USDT,SIM-001,MARGIN,USDT,[],False,{}
105065.51000000,0.00000000,105065.51000000,USDT,SIM-001,MARGIN,USDT,[],False,{}
105065.51000000,0.00000000,105065.51000000,USDT,SIM-001,MARGIN,USDT,[],False,{}
105065.51000000,0.00000000,105065.51000000,USDT,SIM-001,MARGIN,USDT,[],False,{}
105065.51000000,0.00000000,105065.51000000,USDT,SIM-001,MARGIN,USDT,[],False,{}
105065.51000000,0.00000000,105065.51000000,USDT,SIM-001,MARGIN,USDT,[],False,{}
105064.51000000,0.00000000,105064.51000000,USDT,SIM-001,MARGIN,USDT,[],False,{}
105064.51000000,0.00000000,105064.51000000,USDT,SIM-001,MARGIN,USDT,[],False,{}
105064.51000000,0.00000000,105064.51000000,USDT,SIM-001,MARGIN,USDT,[],False,{}
105063.51000000,0.00000000,105063.51000000,USDT,SIM-001,MARGIN,USDT,[],False,{}
105063.51000000,0.00000000,105063.51000000,USDT,SIM-001,MARGIN,USDT,[],False,{}
105063.51000000,0.00000000,105063.51000000,USDT,SIM-001,MARGIN,USDT,[],False,{}
105073.31000000,0.00000000,105073.31000000,USDT,SIM-001,MARGIN,USDT,[],False,{}
105083.11000000,0.00000000,105083.11000000,USDT,SIM-001,MARGIN,USDT,[],False,{}
105092.91000000,0.00000000,105092.91000000,USDT,SIM-001,MARGIN,USDT,[],False,{}
105118.42000000,0.00000000,105118.42000000,USDT,SIM-001,MARGIN,USDT,[],False,{}
105127.34000000,0.00000000,105127.34000000,USDT,SIM-001,MARGIN,USDT,[],False,{}
105127.34000000,0.00000000,105127.34000000,USDT,SIM-001,MARGIN,USDT,[],False,{}
105126.34000000,0.00000000,105126.34000000,USDT,SIM-001,MARGIN,USDT,[],False,{}
104935.30000000,0.00000000,104935.30000000,USDT,SIM-001,MARGIN,USDT,[],False,{}
104935.30000000,0.00000000,104935.30000000,USDT,SIM-001,MARGIN,USDT,[],False,{}
104935.30000000,0.00000000,104935.30000000,USDT,SIM-001,MARGIN,USDT,[],False,{}
104935.30000000,0.00000000,104935.30000000,USDT,SIM-001,MARGIN,USDT,[],False,{}
104935.30000000,0.00000000,104935.30000000,USDT,SIM-001,MARGIN,USDT,[],False,{}
104934.30000000,0.00000000,104934.30000000,USDT,SIM-001,MARGIN,USDT,[],False,{}
104934.30000000,0.00000000,104934.30000000,USDT,SIM-001,MARGIN,USDT,[],False,{}
104934.30000000,0.00000000,104934.30000000,USDT,SIM-001,MARGIN,USDT,[],False,{}
104955.06000000,0.00000000,104955.06000000,USDT,SIM-001,MARGIN,USDT,[],False,{}
104955.06000000,0.00000000,104955.06000000,USDT,SIM-001,MARGIN,USDT,[],False,{}
104954.06000000,0.00000000,104954.06000000,USDT,SIM-001,MARGIN,USDT,[],False,{}
104954.06000000,0.00000000,104954.06000000,USDT,SIM-001,MARGIN,USDT,[],False,{}
104953.06000000,0.00000000,104953.06000000,USDT,SIM-001,MARGIN,USDT,[],False,{}
104952.06000000,0.00000000,104952.06000000,USDT,SIM-001,MARGIN,USDT,[],False,{}
104952.06000000,0.00000000,104952.06000000,USDT,SIM-001,MARGIN,USDT,[],False,{}
104990.86000000,0.00000000,104990.86000000,USDT,SIM-001,MARGIN,USDT,[],False,{}
105029.66000000,0.00000000,105029.66000000,USDT,SIM-001,MARGIN,USDT,[],False,{}
105068.46000000,0.00000000,105068.46000000,USDT,SIM-001,MARGIN,USDT,[],False,{}
105068.46000000,0.00000000,105068.46000000,USDT,SIM-001,MARGIN,USDT,[],False,{}
105068.46000000,0.00000000,105068.46000000,USDT,SIM-001,MARGIN,USDT,[],False,{}
105068.46000000,0.00000000,105068.46000000,USDT,SIM-001,MARGIN,USDT,[],False,{}
105068.46000000,0.00000000,105068.46000000,USDT,SIM-001,MARGIN,USDT,[],False,{}
105067.46000000,0.00000000,105067.46000000,USDT,SIM-001,MARGIN,USDT,[],False,{}
105067.46000000,0.00000000,105067.46000000,USDT,SIM-001,MARGIN,USDT,[],False,{}
105067.46000000,0.00000000,105067.46000000,USDT,SIM-001,MARGIN,USDT,[],False,{}
105066.46000000,0.00000000,105066.46000000,USDT,SIM-001,MARGIN,USDT,[],False,{}
105066.46000000,0.00000000,105066.46000000,USDT,SIM-001,MARGIN,USDT,[],False,{}
105066.46000000,0.00000000,105066.46000000,USDT,SIM-001,MARGIN,USDT,[],False,{}
105091.73000000,0.00000000,105091.73000000,USDT,SIM-001,MARGIN,USDT,[],False,{}
105117.00000000,0.00000000,105117.00000000,USDT,SIM-001,MARGIN,USDT,[],False,{}
105117.02000000,0.00000000,105117.02000000,USDT,SIM-001,MARGIN,USDT,[],False,{}
105117.02000000,0.00000000,105117.02000000,USDT,SIM-001,MARGIN,USDT,[],False,{}
105116.02000000,0.00000000,105116.02000000,USDT,SIM-001,MARGIN,USDT,[],False,{}
105115.02000000,0.00000000,105115.02000000,USDT,SIM-001,MARGIN,USDT,[],False,{}
105114.02000000,0.00000000,105114.02000000,USDT,SIM-001,MARGIN,USDT,[],False,{}
105114.02000000,0.00000000,105114.02000000,USDT,SIM-001,MARGIN,USDT,[],False,{}
105114.02000000,0.00000000,105114.02000000,USDT,SIM-001,MARGIN,USDT,[],False,{}
105114.02000000,0.00000000,105114.02000000,USDT,SIM-001,MARGIN,USDT,[],False,{}
105114.02000000,0.00000000,105114.02000000,USDT,SIM-001,MARGIN,USDT,[],False,{}
105143.71000000,0.00000000,105143.71000000,USDT,SIM-001,MARGIN,USDT,[],False,{}
105143.71000000,0.00000000,105143.71000000,USDT,SIM-001,MARGIN,USDT,[],False,{}
105143.71000000,0.00000000,105143.71000000,USDT,SIM-001,MARGIN,USDT,[],False,{}
105210.30000000,0.00000000,105210.30000000,USDT,SIM-001,MARGIN,USDT,[],False,{}
105210.30000000,0.00000000,105210.30000000,USDT,SIM-001,MARGIN,USDT,[],False,{}
105210.30000000,0.00000000,105210.30000000,USDT,SIM-001,MARGIN,USDT,[],False,{}
105210.30000000,0.00000000,105210.30000000,USDT,SIM-001,MARGIN,USDT,[],False,{}
105210.30000000,0.00000000,105210.30000000,USDT,SIM-001,MARGIN,USDT,[],False,{}
105210.30000000,0.00000000,105210.30000000,USDT,SIM-001,MARGIN,USDT,[],False,{}
105210.30000000,0.00000000,105210.30000000,USDT,SIM-001,MARGIN,USDT,[],False,{}
105210.30000000,0.00000000,105210.30000000,USDT,SIM-001,MARGIN,USDT,[],False,{}
105210.30000000,0.00000000,105210.30000000,USDT,SIM-001,MARGIN,USDT,[],False,{}
105210.30000000,0.00000000,105210.30000000,USDT,SIM-001,MARGIN,USDT,[],False,{}
105210.30000000,0.00000000,105210.30000000,USDT,SIM-001,MARGIN,USDT,[],False,{}
105210.30000000,0.00000000,105210.30000000,USDT,SIM-001,MARGIN,USDT,[],False,{}
105210.30000000,0.00000000,105210.30000000,USDT,SIM-001,MARGIN,USDT,[],False,{}
105209.30000000,0.00000000,105209.30000000,USDT,SIM-001,MARGIN,USDT,[],False,{}
105209.30000000,0.00000000,105209.30000000,USDT,SIM-001,MARGIN,USDT,[],False,{}
105209.30000000,0.00000000,105209.30000000,USDT,SIM-001,MARGIN,USDT,[],False,{}
105208.30000000,0.00000000,105208.30000000,USDT,SIM-001,MARGIN,USDT,[],False,{}
105208.30000000,0.00000000,105208.30000000,USDT,SIM-001,MARGIN,USDT,[],False,{}
105208.30000000,0.00000000,105208.30000000,USDT,SIM-001,MARGIN,USDT,[],False,{}
105208.30000000,0.00000000,105208.30000000,USDT,SIM-001,MARGIN,USDT,[],False,{}
105208.30000000,0.00000000,105208.30000000,USDT,SIM-001,MARGIN,USDT,[],False,{}
105208.30000000,0.00000000,105208.30000000,USDT,SIM-001,MARGIN,USDT,[],False,{}
105208.30000000,0.00000000,105208.30000000,USDT,SIM-001,MARGIN,USDT,[],False,{}
105208.30000000,0.00000000,105208.30000000,USDT,SIM-001,MARGIN,USDT,[],False,{}
105208.30000000,0.00000000,105208.30000000,USDT,SIM-001,MARGIN,USDT,[],False,{}
105208.30000000,0.00000000,105208.30000000,USDT,SIM-001,MARGIN,USDT,[],False,{}
105208.30000000,0.00000000,105208.30000000,USDT,SIM-001,MARGIN,USDT,[],False,{}
105208.30000000,0.00000000,105208.30000000,USDT,SIM-001,MARGIN,USDT,[],False,{}
105208.30000000,0.00000000,105208.30000000,USDT,SIM-001,MARGIN,USDT,[],False,{}
105207.30000000,0.00000000,105207.30000000,USDT,SIM-001,MARGIN,USDT,[],False,{}
105207.30000000,0.00000000,105207.30000000,USDT,SIM-001,MARGIN,USDT,[],False,{}
105207.30000000,0.00000000,105207.30000000,USDT,SIM-001,MARGIN,USDT,[],False,{}
105177.21000000,0.00000000,105177.21000000,USDT,SIM-001,MARGIN,USDT,[],False,{}
105147.12000000,0.00000000,105147.12000000,USDT,SIM-001,MARGIN,USDT,[],False,{}
105147.12000000,0.00000000,105147.12000000,USDT,SIM-001,MARGIN,USDT,[],False,{}
105146.12000000,0.00000000,105146.12000000,USDT,SIM-001,MARGIN,USDT,[],False,{}
105145.12000000,0.00000000,105145.12000000,USDT,SIM-001,MARGIN,USDT,[],False,{}
105145.12000000,0.00000000,105145.12000000,USDT,SIM-001,MARGIN,USDT,[],False,{}
105148.92000000,0.00000000,105148.92000000,USDT,SIM-001,MARGIN,USDT,[],False,{}
105152.72000000,0.00000000,105152.72000000,USDT,SIM-001,MARGIN,USDT,[],False,{}
105156.52000000,0.00000000,105156.52000000,USDT,SIM-001,MARGIN,USDT,[],False,{}
105156.52000000,0.00000000,105156.52000000,USDT,SIM-001,MARGIN,USDT,[],False,{}
105156.52000000,0.00000000,105156.52000000,USDT,SIM-001,MARGIN,USDT,[],False,{}
105156.52000000,0.00000000,105156.52000000,USDT,SIM-001,MARGIN,USDT,[],False,{}
105156.52000000,0.00000000,105156.52000000,USDT,SIM-001,MARGIN,USDT,[],False,{}
105155.76000000,0.00000000,105155.76000000,USDT,SIM-001,MARGIN,USDT,[],False,{}
105155.76000000,0.00000000,105155.76000000,USDT,SIM-001,MARGIN,USDT,[],False,{}
105155.76000000,0.00000000,105155.76000000,USDT,SIM-001,MARGIN,USDT,[],False,{}
105155.76000000,0.00000000,105155.76000000,USDT,SIM-001,MARGIN,USDT,[],False,{}
105155.76000000,0.00000000,105155.76000000,USDT,SIM-001,MARGIN,USDT,[],False,{}
105155.76000000,0.00000000,105155.76000000,USDT,SIM-001,MARGIN,USDT,[],False,{}
105155.76000000,0.00000000,105155.76000000,USDT,SIM-001,MARGIN,USDT,[],False,{}
105155.76000000,0.00000000,105155.76000000,USDT,SIM-001,MARGIN,USDT,[],False,{}
105155.76000000,0.00000000,105155.76000000,USDT,SIM-001,MARGIN,USDT,[],False,{}
105155.76000000,0.00000000,105155.76000000,USDT,SIM-001,MARGIN,USDT,[],False,{}
105155.76000000,0.00000000,105155.76000000,USDT,SIM-001,MARGIN,USDT,[],False,{}
105155.76000000,0.00000000,105155.76000000,USDT,SIM-001,MARGIN,USDT,[],False,{}
105154.76000000,0.00000000,105154.76000000,USDT,SIM-001,MARGIN,USDT,[],False,{}
105154.76000000,0.00000000,105154.76000000,USDT,SIM-001,MARGIN,USDT,[],False,{}
105154.76000000,0.00000000,105154.76000000,USDT,SIM-001,MARGIN,USDT,[],False,{}
105231.27000000,0.00000000,105231.27000000,USDT,SIM-001,MARGIN,USDT,[],False,{}
105307.78000000,0.00000000,105307.78000000,USDT,SIM-001,MARGIN,USDT,[],False,{}
105307.78000000,0.00000000,105307.78000000,USDT,SIM-001,MARGIN,USDT,[],False,{}
105389.72000000,0.00000000,105389.72000000,USDT,SIM-001,MARGIN,USDT,[],False,{}
105442.62000000,0.00000000,105442.62000000,USDT,SIM-001,MARGIN,USDT,[],False,{}
105442.62000000,0.00000000,105442.62000000,USDT,SIM-001,MARGIN,USDT,[],False,{}
105442.62000000,0.00000000,105442.62000000,USDT,SIM-001,MARGIN,USDT,[],False,{}
105442.62000000,0.00000000,105442.62000000,USDT,SIM-001,MARGIN,USDT,[],False,{}
105442.62000000,0.00000000,105442.62000000,USDT,SIM-001,MARGIN,USDT,[],False,{}
105442.62000000,0.00000000,105442.62000000,USDT,SIM-001,MARGIN,USDT,[],False,{}
105442.62000000,0.00000000,105442.62000000,USDT,SIM-001,MARGIN,USDT,[],False,{}
105442.62000000,0.00000000,105442.62000000,USDT,SIM-001,MARGIN,USDT,[],False,{}
105442.62000000,0.00000000,105442.62000000,USDT,SIM-001,MARGIN,USDT,[],False,{}
105442.62000000,0.00000000,105442.62000000,USDT,SIM-001,MARGIN,USDT,[],False,{}
105443.07000000,0.00000000,105443.07000000,USDT,SIM-001,MARGIN,USDT,[],False,{}
105443.07000000,0.00000000,105443.07000000,USDT,SIM-001,MARGIN,USDT,[],False,{}
105443.07000000,0.00000000,105443.07000000,USDT,SIM-001,MARGIN,USDT,[],False,{}
105443.07000000,0.00000000,105443.07000000,USDT,SIM-001,MARGIN,USDT,[],False,{}
105442.07000000,0.00000000,105442.07000000,USDT,SIM-001,MARGIN,USDT,[],False,{}
105442.07000000,0.00000000,105442.07000000,USDT,SIM-001,MARGIN,USDT,[],False,{}
105442.07000000,0.00000000,105442.07000000,USDT,SIM-001,MARGIN,USDT,[],False,{}
105442.07000000,0.00000000,105442.07000000,USDT,SIM-001,MARGIN,USDT,[],False,{}
105442.07000000,0.00000000,105442.07000000,USDT,SIM-001,MARGIN,USDT,[],False,{}
105442.07000000,0.00000000,105442.07000000,USDT,SIM-001,MARGIN,USDT,[],False,{}
105442.07000000,0.00000000,105442.07000000,USDT,SIM-001,MARGIN,USDT,[],False,{}
105442.07000000,0.00000000,105442.07000000,USDT,SIM-001,MARGIN,USDT,[],False,{}
105442.07000000,0.00000000,105442.07000000,USDT,SIM-001,MARGIN,USDT,[],False,{}
105442.07000000,0.00000000,105442.07000000,USDT,SIM-001,MARGIN,USDT,[],False,{}
105442.07000000,0.00000000,105442.07000000,USDT,SIM-001,MARGIN,USDT,[],False,{}
105442.07000000,0.00000000,105442.07000000,USDT,SIM-001,MARGIN,USDT,[],False,{}
105442.07000000,0.00000000,105442.07000000,USDT,SIM-001,MARGIN,USDT,[],False,{}
105441.07000000,0.00000000,105441.07000000,USDT,SIM-001,MARGIN,USDT,[],False,{}
105441.07000000,0.00000000,105441.07000000,USDT,SIM-001,MARGIN,USDT,[],False,{}
105441.07000000,0.00000000,105441.07000000,USDT,SIM-001,MARGIN,USDT,[],False,{}
105440.07000000,0.00000000,105440.07000000,USDT,SIM-001,MARGIN,USDT,[],False,{}
105440.07000000,0.00000000,105440.07000000,USDT,SIM-001,MARGIN,USDT,[],False,{}
105440.07000000,0.00000000,105440.07000000,USDT,SIM-001,MARGIN,USDT,[],False,{}
105449.10000000,0.00000000,105449.10000000,USDT,SIM-001,MARGIN,USDT,[],False,{}
105458.13000000,0.00000000,105458.13000000,USDT,SIM-001,MARGIN,USDT,[],False,{}
105467.16000000,0.00000000,105467.16000000,USDT,SIM-001,MARGIN,USDT,[],False,{}
105477.75000000,0.00000000,105477.75000000,USDT,SIM-001,MARGIN,USDT,[],False,{}
105477.75000000,0.00000000,105477.75000000,USDT,SIM-001,MARGIN,USDT,[],False,{}
105476.75000000,0.00000000,105476.75000000,USDT,SIM-001,MARGIN,USDT,[],False,{}
105475.75000000,0.00000000,105475.75000000,USDT,SIM-001,MARGIN,USDT,[],False,{}
105475.75000000,0.00000000,105475.75000000,USDT,SIM-001,MARGIN,USDT,[],False,{}
105475.75000000,0.00000000,105475.75000000,USDT,SIM-001,MARGIN,USDT,[],False,{}
105475.75000000,0.00000000,105475.75000000,USDT,SIM-001,MARGIN,USDT,[],False,{}
105475.75000000,0.00000000,105475.75000000,USDT,SIM-001,MARGIN,USDT,[],False,{}
105474.75000000,0.00000000,105474.75000000,USDT,SIM-001,MARGIN,USDT,[],False,{}
105474.75000000,0.00000000,105474.75000000,USDT,SIM-001,MARGIN,USDT,[],False,{}
105474.75000000,0.00000000,105474.75000000,USDT,SIM-001,MARGIN,USDT,[],False,{}
105473.75000000,0.00000000,105473.75000000,USDT,SIM-001,MARGIN,USDT,[],False,{}
105473.75000000,0.00000000,105473.75000000,USDT,SIM-001,MARGIN,USDT,[],False,{}
105473.75000000,0.00000000,105473.75000000,USDT,SIM-001,MARGIN,USDT,[],False,{}
105482.04000000,0.00000000,105482.04000000,USDT,SIM-001,MARGIN,USDT,[],False,{}
105490.33000000,0.00000000,105490.33000000,USDT,SIM-001,MARGIN,USDT,[],False,{}
105498.62000000,0.00000000,105498.62000000,USDT,SIM-001,MARGIN,USDT,[],False,{}
105515.33000000,0.00000000,105515.33000000,USDT,SIM-001,MARGIN,USDT,[],False,{}
105520.87000000,0.00000000,105520.87000000,USDT,SIM-001,MARGIN,USDT,[],False,{}
105520.87000000,0.00000000,105520.87000000,USDT,SIM-001,MARGIN,USDT,[],False,{}
105519.87000000,0.00000000,105519.87000000,USDT,SIM-001,MARGIN,USDT,[],False,{}
105519.87000000,0.00000000,105519.87000000,USDT,SIM-001,MARGIN,USDT,[],False,{}
105519.87000000,0.00000000,105519.87000000,USDT,SIM-001,MARGIN,USDT,[],False,{}
105519.87000000,0.00000000,105519.87000000,USDT,SIM-001,MARGIN,USDT,[],False,{}
105519.87000000,0.00000000,105519.87000000,USDT,SIM-001,MARGIN,USDT,[],False,{}
105485.78000000,0.00000000,105485.78000000,USDT,SIM-001,MARGIN,USDT,[],False,{}
105485.78000000,0.00000000,105485.78000000,USDT,SIM-001,MARGIN,USDT,[],False,{}
105485.78000000,0.00000000,105485.78000000,USDT,SIM-001,MARGIN,USDT,[],False,{}
105484.78000000,0.00000000,105484.78000000,USDT,SIM-001,MARGIN,USDT,[],False,{}
105483.78000000,0.00000000,105483.78000000,USDT,SIM-001,MARGIN,USDT,[],False,{}
105483.78000000,0.00000000,105483.78000000,USDT,SIM-001,MARGIN,USDT,[],False,{}
105482.78000000,0.00000000,105482.78000000,USDT,SIM-001,MARGIN,USDT,[],False,{}
105481.78000000,0.00000000,105481.78000000,USDT,SIM-001,MARGIN,USDT,[],False,{}
105481.78000000,0.00000000,105481.78000000,USDT,SIM-001,MARGIN,USDT,[],False,{}
105481.78000000,0.00000000,105481.78000000,USDT,SIM-001,MARGIN,USDT,[],False,{}
105481.78000000,0.00000000,105481.78000000,USDT,SIM-001,MARGIN,USDT,[],False,{}
105481.78000000,0.00000000,105481.78000000,USDT,SIM-001,MARGIN,USDT,[],False,{}
105481.78000000,0.00000000,105481.78000000,USDT,SIM-001,MARGIN,USDT,[],False,{}
105481.78000000,0.00000000,105481.78000000,USDT,SIM-001,MARGIN,USDT,[],False,{}
105481.78000000,0.00000000,105481.78000000,USDT,SIM-001,MARGIN,USDT,[],False,{}
105481.78000000,0.00000000,105481.78000000,USDT,SIM-001,MARGIN,USDT,[],False,{}
105481.78000000,0.00000000,105481.78000000,USDT,SIM-001,MARGIN,USDT,[],False,{}
105481.78000000,0.00000000,105481.78000000,USDT,SIM-001,MARGIN,USDT,[],False,{}
105446.59000000,0.00000000,105446.59000000,USDT,SIM-001,MARGIN,USDT,[],False,{}
105421.84000000,0.00000000,105421.84000000,USDT,SIM-001,MARGIN,USDT,[],False,{}
105421.84000000,0.00000000,105421.84000000,USDT,SIM-001,MARGIN,USDT,[],False,{}
105421.84000000,0.00000000,105421.84000000,USDT,SIM-001,MARGIN,USDT,[],False,{}
105421.84000000,0.00000000,105421.84000000,USDT,SIM-001,MARGIN,USDT,[],False,{}
105421.84000000,0.00000000,105421.84000000,USDT,SIM-001,MARGIN,USDT,[],False,{}
105358.63000000,0.00000000,105358.63000000,USDT,SIM-001,MARGIN,USDT,[],False,{}
105358.63000000,0.00000000,105358.63000000,USDT,SIM-001,MARGIN,USDT,[],False,{}
105358.63000000,0.00000000,105358.63000000,USDT,SIM-001,MARGIN,USDT,[],False,{}
105357.63000000,0.00000000,105357.63000000,USDT,SIM-001,MARGIN,USDT,[],False,{}
105356.63000000,0.00000000,105356.63000000,USDT,SIM-001,MARGIN,USDT,[],False,{}
105356.63000000,0.00000000,105356.63000000,USDT,SIM-001,MARGIN,USDT,[],False,{}
105355.63000000,0.00000000,105355.63000000,USDT,SIM-001,MARGIN,USDT,[],False,{}
105354.63000000,0.00000000,105354.63000000,USDT,SIM-001,MARGIN,USDT,[],False,{}
105354.63000000,0.00000000,105354.63000000,USDT,SIM-001,MARGIN,USDT,[],False,{}
105364.38000000,0.00000000,105364.38000000,USDT,SIM-001,MARGIN,USDT,[],False,{}
105374.13000000,0.00000000,105374.13000000,USDT,SIM-001,MARGIN,USDT,[],False,{}
105383.88000000,0.00000000,105383.88000000,USDT,SIM-001,MARGIN,USDT,[],False,{}
105383.88000000,0.00000000,105383.88000000,USDT,SIM-001,MARGIN,USDT,[],False,{}
105383.88000000,0.00000000,105383.88000000,USDT,SIM-001,MARGIN,USDT,[],False,{}
105383.88000000,0.00000000,105383.88000000,USDT,SIM-001,MARGIN,USDT,[],False,{}
105383.88000000,0.00000000,105383.88000000,USDT,SIM-001,MARGIN,USDT,[],False,{}
105382.88000000,0.00000000,105382.88000000,USDT,SIM-001,MARGIN,USDT,[],False,{}
105382.88000000,0.00000000,105382.88000000,USDT,SIM-001,MARGIN,USDT,[],False,{}
105382.88000000,0.00000000,105382.88000000,USDT,SIM-001,MARGIN,USDT,[],False,{}
105381.88000000,0.00000000,105381.88000000,USDT,SIM-001,MARGIN,USDT,[],False,{}
105381.88000000,0.00000000,105381.88000000,USDT,SIM-001,MARGIN,USDT,[],False,{}
105381.88000000,0.00000000,105381.88000000,USDT,SIM-001,MARGIN,USDT,[],False,{}
105414.96000000,0.00000000,105414.96000000,USDT,SIM-001,MARGIN,USDT,[],False,{}
105448.04000000,0.00000000,105448.04000000,USDT,SIM-001,MARGIN,USDT,[],False,{}
105481.12000000,0.00000000,105481.12000000,USDT,SIM-001,MARGIN,USDT,[],False,{}
105481.12000000,0.00000000,105481.12000000,USDT,SIM-001,MARGIN,USDT,[],False,{}
105481.12000000,0.00000000,105481.12000000,USDT,SIM-001,MARGIN,USDT,[],False,{}
105481.12000000,0.00000000,105481.12000000,USDT,SIM-001,MARGIN,USDT,[],False,{}
