trader_id,strategy_id,instrument_id,venue_order_id,position_id,account_id,last_trade_id,type,side,quantity,price,time_in_force,expire_time_ns,filled_qty,liquidity_side,avg_px,slippage,commissions,status,is_post_only,is_reduce_only,is_quote_quantity,display_qty,emulation_trigger,trigger_instrument_id,contingency_type,order_list_id,linked_order_ids,parent_order_id,exec_algorithm_id,exec_algorithm_params,exec_spawn_id,tags,init_id,ts_init,ts_last
TESTER-001,SRGridStrategyUser-000,BTC/USDT.SIM,SIM-1-001,BTC/USDT.SIM-SRGridStrategyUser-000,SIM-001,T-3167689254c2db5f-753,LIMIT,BUY,0.042983,116325.93,GTC,,0.042983,MAKER,116325.93,0.0,['1.00000000 USDT'],FILLED,False,False,False,,NO_TRIGGER,,NO_CONTINGENCY,,,,,,,,b5245757-7f5c-4828-b10e-33deb75b011b,2025-08-07 15:55:00+00:00,2025-08-07 16:40:00+00:00
TESTER-001,SRGridStrategyUser-000,BTC/USDT.SIM,SIM-1-002,BTC/USDT.SIM-SRGridStrategyUser-000,SIM-001,T-d9f9880716b0f617-758,LIMIT,BUY,0.043118,115962.05,GTC,,0.043118,MAKER,115962.05,0.0,['1.00000000 USDT'],FILLED,False,False,False,,NO_TRIGGER,,NO_CONTINGENCY,,,,,,,,c3fcfac5-18b0-4b1e-8a80-875bcb0d953c,2025-08-07 15:55:00+00:00,2025-08-07 16:45:00+00:00
TESTER-001,SRGridStrategyUser-000,BTC/USDT.SIM,SIM-1-003,BTC/USDT.SIM-SRGridStrategyUser-000,SIM-001,T-9deff08a0c92791f-895,LIMIT,SELL,0.042715,117053.69,GTC,,0.042715,MAKER,117053.69,0.0,['1.00000000 USDT'],FILLED,False,False,False,,NO_TRIGGER,,NO_CONTINGENCY,,,,,,,,2f1c4743-269c-4993-8ebf-c977f1c94ecb,2025-08-07 15:55:00+00:00,2025-08-07 19:40:00+00:00
TESTER-001,SRGridStrategyUser-000,BTC/USDT.SIM,SIM-1-004,BTC/USDT.SIM-SRGridStrategyUser-000,SIM-001,T-22d1b4b7c044752f-902,LIMIT,SELL,0.010242,117417.57,GTC,,0.010242,MAKER,117417.57,0.0,['0.24000000 USDT'],FILLED,False,False,False,,NO_TRIGGER,,NO_CONTINGENCY,,,,,,,,67989472-c7cb-4df3-b994-db42e243d460,2025-08-07 15:55:00+00:00,2025-08-07 19:45:00+00:00
TESTER-001,SRGridStrategyUser-000,BTC/USDT.SIM,SIM-1-005,BTC/USDT.SIM-SRGridStrategyUser-000,SIM-001,T-9deff08a0c92791f-896,LIMIT,SELL,0.042715,117053.69,GTC,,0.042715,MAKER,117053.69,0.0,['1.00000000 USDT'],FILLED,False,False,False,,NO_TRIGGER,,NO_CONTINGENCY,,,,,,,,a3637b3a-ff74-4412-9d90-4888fe79b658,2025-08-07 16:40:00+00:00,2025-08-07 19:40:00+00:00
TESTER-001,SRGridStrategyUser-000,BTC/USDT.SIM,SIM-1-006,BTC/USDT.SIM-SRGridStrategyUser-000,SIM-001,T-22d1b4b7c044752f-903,LIMIT,SELL,0.013586,117417.57,GTC,,0.013586,MAKER,117417.57,0.0,['0.32000000 USDT'],FILLED,False,False,False,,NO_TRIGGER,,NO_CONTINGENCY,,,,,,,,63e826a2-b224-486a-bd89-00fb14a78f58,2025-08-07 16:40:00+00:00,2025-08-07 19:45:00+00:00
TESTER-001,SRGridStrategyUser-000,BTC/USDT.SIM,SIM-1-007,BTC/USDT.SIM-SRGridStrategyUser-000,SIM-001,T-9deff08a0c92791f-897,LIMIT,SELL,0.042715,117053.69,GTC,,0.042715,MAKER,117053.69,0.0,['1.00000000 USDT'],FILLED,False,False,False,,NO_TRIGGER,,NO_CONTINGENCY,,,,,,,,1cb88dfa-0415-4ceb-9f83-f3be9ea03387,2025-08-07 16:45:00+00:00,2025-08-07 19:40:00+00:00
TESTER-001,SRGridStrategyUser-000,BTC/USDT.SIM,SIM-1-008,BTC/USDT.SIM-SRGridStrategyUser-000,SIM-001,T-22d1b4b7c044752f-904,LIMIT,SELL,0.016925,117417.57,GTC,,0.016925,MAKER,117417.57,0.0,['0.40000000 USDT'],FILLED,False,False,False,,NO_TRIGGER,,NO_CONTINGENCY,,,,,,,,3d481a23-a76e-4060-8a36-25fb99d3ef70,2025-08-07 16:45:00+00:00,2025-08-07 19:45:00+00:00
TESTER-001,SRGridStrategyUser-000,BTC/USDT.SIM,SIM-1-010,BTC/USDT.SIM-SRGridStrategyUser-000,SIM-001,T-4ed1a597127593b9-1577,LIMIT,BUY,0.042976,116345.33,GTC,,0.042976,MAKER,116345.33,0.0,['1.00000000 USDT'],FILLED,False,False,False,,NO_TRIGGER,,NO_CONTINGENCY,,,,,,,,758eb5fc-72da-4dbc-9b58-d25694028b99,2025-08-08 07:55:00+00:00,2025-08-08 10:50:00+00:00
TESTER-001,SRGridStrategyUser-000,BTC/USDT.SIM,SIM-1-011,BTC/USDT.SIM-SRGridStrategyUser-000,SIM-001,T-a00d220db4040f0b-1722,LIMIT,SELL,0.042716,117053.12,GTC,,0.042716,MAKER,117053.12,0.0,['1.00000000 USDT'],FILLED,False,False,False,,NO_TRIGGER,,NO_CONTINGENCY,,,,,,,,6a04ea04-0a29-4366-82a7-a4da25e4b527,2025-08-08 07:55:00+00:00,2025-08-08 14:00:00+00:00
TESTER-001,SRGridStrategyUser-000,BTC/USDT.SIM,SIM-1-009,BTC/USDT.SIM-SRGridStrategyUser-000,SIM-001,T-e3bf21ed7e993872-1473,LIMIT,BUY,0.042889,116581.26,GTC,,0.042889,MAKER,116581.26000000001,0.0,['1.00000000 USDT'],FILLED,False,False,False,,NO_TRIGGER,,NO_CONTINGENCY,,,,,,,,5e290fb6-76cf-4096-940d-a2619ba03d8f,2025-08-08 07:55:00+00:00,2025-08-08 08:30:00+00:00
TESTER-001,SRGridStrategyUser-000,BTC/USDT.SIM,SIM-1-013,BTC/USDT.SIM-SRGridStrategyUser-000,SIM-001,T-a00d220db4040f0b-1723,LIMIT,SELL,0.042716,117053.12,GTC,,0.042716,MAKER,117053.12,0.0,['1.00000000 USDT'],FILLED,False,False,False,,NO_TRIGGER,,NO_CONTINGENCY,,,,,,,,c79281b7-9670-4fe5-995a-48cdecb3a27f,2025-08-08 08:30:00+00:00,2025-08-08 14:00:00+00:00
TESTER-001,SRGridStrategyUser-000,BTC/USDT.SIM,SIM-1-015,BTC/USDT.SIM-SRGridStrategyUser-000,SIM-001,T-a00d220db4040f0b-1724,LIMIT,SELL,0.042716,117053.12,GTC,,0.042716,MAKER,117053.12,0.0,['1.00000000 USDT'],FILLED,False,False,False,,NO_TRIGGER,,NO_CONTINGENCY,,,,,,,,2a225515-a7b0-40eb-a710-bbc4bec43b1d,2025-08-08 10:50:00+00:00,2025-08-08 14:00:00+00:00
TESTER-001,SRGridStrategyUser-000,BTC/USDT.SIM,SIM-1-017,BTC/USDT.SIM-SRGridStrategyUser-000,SIM-001,T-56f613b01ab403e9-2217,LIMIT,BUY,0.042885,116591.02,GTC,,0.042885,MAKER,116591.02,0.0,['1.00000000 USDT'],FILLED,False,False,False,,NO_TRIGGER,,NO_CONTINGENCY,,,,,,,,6b9784ac-2858-4f0d-bffa-a56893369561,2025-08-08 23:55:00+00:00,2025-08-09 00:55:00+00:00
TESTER-001,SRGridStrategyUser-000,BTC/USDT.SIM,SIM-1-018,BTC/USDT.SIM-SRGridStrategyUser-000,SIM-001,T-b71e7fb95bbfb166-2266,LIMIT,BUY,0.042916,116507.30,GTC,,0.042916,MAKER,116507.3,0.0,['1.00000000 USDT'],FILLED,False,False,False,,NO_TRIGGER,,NO_CONTINGENCY,,,,,,,,dae9e04a-02b1-4298-8327-d89beb4273ff,2025-08-08 23:55:00+00:00,2025-08-09 02:05:00+00:00
TESTER-001,SRGridStrategyUser-000,BTC/USDT.SIM,SIM-1-019,BTC/USDT.SIM-SRGridStrategyUser-000,SIM-001,T-7d2a4ef0eaea5280-2404,LIMIT,SELL,0.042823,116758.46,GTC,,0.042823,MAKER,116758.46,0.0,['1.00000000 USDT'],FILLED,False,False,False,,NO_TRIGGER,,NO_CONTINGENCY,,,,,,,,dbc569a3-14f7-45ad-8585-aa27e724bbb1,2025-08-08 23:55:00+00:00,2025-08-09 05:15:00+00:00
TESTER-001,SRGridStrategyUser-000,BTC/USDT.SIM,SIM-1-020,BTC/USDT.SIM-SRGridStrategyUser-000,SIM-001,T-c3d1fb86cfee2083-2411,LIMIT,SELL,0.042793,116842.18,GTC,,0.042793,MAKER,116842.18,0.0,['1.00000000 USDT'],FILLED,False,False,False,,NO_TRIGGER,,NO_CONTINGENCY,,,,,,,,2c668492-7a96-48dd-954a-db04f19bbcee,2025-08-08 23:55:00+00:00,2025-08-09 05:20:00+00:00
TESTER-001,SRGridStrategyUser-000,BTC/USDT.SIM,SIM-1-021,BTC/USDT.SIM-SRGridStrategyUser-000,SIM-001,T-7d2a4ef0eaea5280-2405,LIMIT,SELL,0.042823,116758.46,GTC,,0.042823,MAKER,116758.46,0.0,['1.00000000 USDT'],FILLED,False,False,False,,NO_TRIGGER,,NO_CONTINGENCY,,,,,,,,505c7485-765b-447b-ad17-4524273ced8c,2025-08-09 00:55:00+00:00,2025-08-09 05:15:00+00:00
TESTER-001,SRGridStrategyUser-000,BTC/USDT.SIM,SIM-1-022,BTC/USDT.SIM-SRGridStrategyUser-000,SIM-001,T-c3d1fb86cfee2083-2412,LIMIT,SELL,0.042793,116842.18,GTC,,0.042793,MAKER,116842.18,0.0,['1.00000000 USDT'],FILLED,False,False,False,,NO_TRIGGER,,NO_CONTINGENCY,,,,,,,,31fa2ed5-3277-4bb2-9597-9768df394802,2025-08-09 00:55:00+00:00,2025-08-09 05:20:00+00:00
TESTER-001,SRGridStrategyUser-000,BTC/USDT.SIM,SIM-1-023,BTC/USDT.SIM-SRGridStrategyUser-000,SIM-001,T-7d2a4ef0eaea5280-2406,LIMIT,SELL,0.042823,116758.46,GTC,,0.042823,MAKER,116758.46,0.0,['1.00000000 USDT'],FILLED,False,False,False,,NO_TRIGGER,,NO_CONTINGENCY,,,,,,,,562b082e-25c8-4063-b18d-18f31c2a53a5,2025-08-09 02:05:00+00:00,2025-08-09 05:15:00+00:00
TESTER-001,SRGridStrategyUser-000,BTC/USDT.SIM,SIM-1-024,BTC/USDT.SIM-SRGridStrategyUser-000,SIM-001,T-c3d1fb86cfee2083-2413,LIMIT,SELL,0.042793,116842.18,GTC,,0.042793,MAKER,116842.18,0.0,['1.00000000 USDT'],FILLED,False,False,False,,NO_TRIGGER,,NO_CONTINGENCY,,,,,,,,7203ad94-28f6-45d7-b18c-3a1acaff9aa2,2025-08-09 02:05:00+00:00,2025-08-09 05:20:00+00:00
TESTER-001,SRGridStrategyUser-000,BTC/USDT.SIM,SIM-1-025,BTC/USDT.SIM-SRGridStrategyUser-000,SIM-001,T-b3d263c9a955eead-2922,LIMIT,BUY,0.042861,116654.99,GTC,,0.042861,MAKER,116654.98999999999,0.0,['1.00000000 USDT'],FILLED,False,False,False,,NO_TRIGGER,,NO_CONTINGENCY,,,,,,,,6e845fef-0c60-4711-a178-b77ca3b31945,2025-08-09 15:55:00+00:00,2025-08-09 16:30:00+00:00
TESTER-001,SRGridStrategyUser-000,BTC/USDT.SIM,SIM-1-026,BTC/USDT.SIM-SRGridStrategyUser-000,SIM-001,T-5845bbac47f2ac6a-3138,LIMIT,BUY,0.042949,116417.52,GTC,,0.042949,MAKER,116417.52,0.0,['1.00000000 USDT'],FILLED,False,False,False,,NO_TRIGGER,,NO_CONTINGENCY,,,,,,,,9af9d9ea-0293-4fd2-828c-3f9aa1dc83f2,2025-08-09 15:55:00+00:00,2025-08-09 21:25:00+00:00
TESTER-001,SRGridStrategyUser-000,BTC/USDT.SIM,SIM-1-029,BTC/USDT.SIM-SRGridStrategyUser-000,SIM-001,T-477783549af841ee-4407,LIMIT,BUY,0.042020,118991.60,GTC,,0.042020,MAKER,118991.60000000002,0.0,['1.00000000 USDT'],FILLED,False,False,False,,NO_TRIGGER,,NO_CONTINGENCY,,,,,,,,daaa3aa9-6dd6-457f-b383-15959a447581,2025-08-10 23:55:00+00:00,2025-08-11 01:15:00+00:00
TESTER-001,SRGridStrategyUser-000,BTC/USDT.SIM,SIM-1-031,BTC/USDT.SIM-SRGridStrategyUser-000,SIM-001,T-0a630957209e2fcb-5149,LIMIT,BUY,0.041706,119887.43,GTC,,0.041706,MAKER,119887.43000000001,0.0,['1.00000000 USDT'],FILLED,False,False,False,,NO_TRIGGER,,NO_CONTINGENCY,,,,,,,,29bf1ab6-6335-4577-a9c0-bd3e7ca3c7be,2025-08-11 15:55:00+00:00,2025-08-11 17:15:00+00:00
TESTER-001,SRGridStrategyUser-000,BTC/USDT.SIM,SIM-1-032,BTC/USDT.SIM-SRGridStrategyUser-000,SIM-001,T-7a6dce499cf6f73a-5186,LIMIT,BUY,0.041855,119460.46,GTC,,0.041855,MAKER,119460.46,0.0,['1.00000000 USDT'],FILLED,False,False,False,,NO_TRIGGER,,NO_CONTINGENCY,,,,,,,,b2ab5c33-2054-43f5-a142-99d17d0a4882,2025-08-11 15:55:00+00:00,2025-08-11 18:00:00+00:00
TESTER-001,SRGridStrategyUser-000,BTC/USDT.SIM,SIM-1-033,BTC/USDT.SIM-SRGridStrategyUser-000,SIM-001,T-ad79a1ecc1ae65e3-5096,LIMIT,SELL,0.041411,120741.37,GTC,,0.041411,MAKER,120741.37,0.0,['1.00000000 USDT'],FILLED,False,False,False,,NO_TRIGGER,,NO_CONTINGENCY,,,,,,,,44918a96-1c44-4489-a967-bf1c74f90604,2025-08-11 15:55:00+00:00,2025-08-11 16:05:00+00:00
TESTER-001,SRGridStrategyUser-000,BTC/USDT.SIM,SIM-1-035,BTC/USDT.SIM-SRGridStrategyUser-000,SIM-001,T-0a630957209e2fcb-5150,LIMIT,BUY,0.041706,119887.43,GTC,,0.041706,MAKER,119887.43000000001,0.0,['1.00000000 USDT'],FILLED,False,False,False,,NO_TRIGGER,,NO_CONTINGENCY,,,,,,,,8e69b994-bdce-4b76-9fe9-8e4a0bf0d23e,2025-08-11 16:05:00+00:00,2025-08-11 17:15:00+00:00
TESTER-001,SRGridStrategyUser-000,BTC/USDT.SIM,SIM-1-036,BTC/USDT.SIM-SRGridStrategyUser-000,SIM-001,T-7a6dce499cf6f73a-5187,LIMIT,BUY,0.041855,119460.46,GTC,,0.041855,MAKER,119460.46,0.0,['1.00000000 USDT'],FILLED,False,False,False,,NO_TRIGGER,,NO_CONTINGENCY,,,,,,,,353c425c-1ae6-4d92-b674-07add78a03cb,2025-08-11 16:05:00+00:00,2025-08-11 18:00:00+00:00
TESTER-001,SRGridStrategyUser-000,BTC/USDT.SIM,SIM-1-039,BTC/USDT.SIM-SRGridStrategyUser-000,SIM-001,T-1aad3a8fc2b200fe-5847,LIMIT,BUY,0.042084,118811.06,GTC,,0.042084,MAKER,118811.06,0.0,['1.00000000 USDT'],FILLED,False,False,False,,NO_TRIGGER,,NO_CONTINGENCY,,,,,,,,ddbde0eb-7af5-4d60-a86a-12048bb513a8,2025-08-12 07:55:00+00:00,2025-08-12 08:25:00+00:00
TESTER-001,SRGridStrategyUser-000,BTC/USDT.SIM,SIM-1-040,BTC/USDT.SIM-SRGridStrategyUser-000,SIM-001,T-c015d01986a21340-5881,LIMIT,BUY,0.042146,118635.41,GTC,,0.042146,MAKER,118635.41,0.0,['1.00000000 USDT'],FILLED,False,False,False,,NO_TRIGGER,,NO_CONTINGENCY,,,,,,,,0602df6c-2f55-4bd1-93eb-81a2e786186a,2025-08-12 07:55:00+00:00,2025-08-12 09:10:00+00:00
TESTER-001,SRGridStrategyUser-000,BTC/USDT.SIM,SIM-1-041,BTC/USDT.SIM-SRGridStrategyUser-000,SIM-001,T-2ce1c6657ff95e0c-6034,LIMIT,SELL,0.041960,119162.38,GTC,,0.041960,MAKER,119162.38,0.0,['1.00000000 USDT'],FILLED,False,False,False,,NO_TRIGGER,,NO_CONTINGENCY,,,,,,,,9ec8726b-c413-4105-ae10-6dbf01b1664c,2025-08-12 07:55:00+00:00,2025-08-12 12:30:00+00:00
TESTER-001,SRGridStrategyUser-000,BTC/USDT.SIM,SIM-1-042,BTC/USDT.SIM-SRGridStrategyUser-000,SIM-001,T-646ecec232e89c4d-6085,LIMIT,SELL,0.041898,119338.03,GTC,,0.041898,MAKER,119338.03,0.0,['1.00000000 USDT'],FILLED,False,False,False,,NO_TRIGGER,,NO_CONTINGENCY,,,,,,,,52c36a25-7d14-4cad-8346-83029a746af5,2025-08-12 07:55:00+00:00,2025-08-12 13:30:00+00:00
TESTER-001,SRGridStrategyUser-000,BTC/USDT.SIM,SIM-1-043,BTC/USDT.SIM-SRGridStrategyUser-000,SIM-001,T-2ce1c6657ff95e0c-6035,LIMIT,SELL,0.041960,119162.38,GTC,,0.041960,MAKER,119162.38,0.0,['1.00000000 USDT'],FILLED,False,False,False,,NO_TRIGGER,,NO_CONTINGENCY,,,,,,,,c35920f1-6f62-4a9e-b77e-255959f84aa6,2025-08-12 08:25:00+00:00,2025-08-12 12:30:00+00:00
TESTER-001,SRGridStrategyUser-000,BTC/USDT.SIM,SIM-1-044,BTC/USDT.SIM-SRGridStrategyUser-000,SIM-001,T-646ecec232e89c4d-6086,LIMIT,SELL,0.041898,119338.03,GTC,,0.041898,MAKER,119338.03,0.0,['1.00000000 USDT'],FILLED,False,False,False,,NO_TRIGGER,,NO_CONTINGENCY,,,,,,,,32c49eed-375d-459a-aa91-28778e411de4,2025-08-12 08:25:00+00:00,2025-08-12 13:30:00+00:00
TESTER-001,SRGridStrategyUser-000,BTC/USDT.SIM,SIM-1-045,BTC/USDT.SIM-SRGridStrategyUser-000,SIM-001,T-2ce1c6657ff95e0c-6036,LIMIT,SELL,0.041960,119162.38,GTC,,0.041960,MAKER,119162.38,0.0,['1.00000000 USDT'],FILLED,False,False,False,,NO_TRIGGER,,NO_CONTINGENCY,,,,,,,,49280ba2-51a4-4fef-ac4b-dee399d5b7c5,2025-08-12 09:10:00+00:00,2025-08-12 12:30:00+00:00
TESTER-001,SRGridStrategyUser-000,BTC/USDT.SIM,SIM-1-046,BTC/USDT.SIM-SRGridStrategyUser-000,SIM-001,T-646ecec232e89c4d-6087,LIMIT,SELL,0.041898,119338.03,GTC,,0.041898,MAKER,119338.03,0.0,['1.00000000 USDT'],FILLED,False,False,False,,NO_TRIGGER,,NO_CONTINGENCY,,,,,,,,586af737-4ad4-47ac-ab9e-ff23fcb27a93,2025-08-12 09:10:00+00:00,2025-08-12 13:30:00+00:00
TESTER-001,SRGridStrategyUser-000,BTC/USDT.SIM,SIM-1-047,BTC/USDT.SIM-SRGridStrategyUser-000,SIM-001,T-b4b34444d3f93979-6603,LIMIT,BUY,0.041713,119866.59,GTC,,0.041713,MAKER,119866.59000000001,0.0,['1.00000000 USDT'],FILLED,False,False,False,,NO_TRIGGER,,NO_CONTINGENCY,,,,,,,,664d3d04-21d2-474c-9acb-c83d71cf38fd,2025-08-12 23:55:00+00:00,2025-08-13 00:35:00+00:00
TESTER-001,SRGridStrategyUser-000,BTC/USDT.SIM,SIM-1-048,BTC/USDT.SIM-SRGridStrategyUser-000,SIM-001,T-433b8ec984a354c0-6626,LIMIT,BUY,0.041806,119599.10,GTC,,0.041806,MAKER,119599.09999999999,0.0,['1.00000000 USDT'],FILLED,False,False,False,,NO_TRIGGER,,NO_CONTINGENCY,,,,,,,,23fb23ee-9ec2-4c59-95dc-eece06737849,2025-08-12 23:55:00+00:00,2025-08-13 01:05:00+00:00
TESTER-001,SRGridStrategyUser-000,BTC/USDT.SIM,SIM-1-051,BTC/USDT.SIM-SRGridStrategyUser-000,SIM-001,T-521c5e3d37b75d49-7333,LIMIT,SELL,0.041081,121709.69,GTC,,0.041081,MAKER,121709.69,0.0,['1.00000000 USDT'],FILLED,False,False,False,,NO_TRIGGER,,NO_CONTINGENCY,,,,,,,,54cdc942-01fa-4e99-b5de-96d67577a851,2025-08-13 15:55:00+00:00,2025-08-13 16:15:00+00:00
TESTER-001,SRGridStrategyUser-000,BTC/USDT.SIM,SIM-1-052,BTC/USDT.SIM-SRGridStrategyUser-000,SIM-001,T-813b23337a9bd416-7478,LIMIT,SELL,0.029295,122498.77,GTC,,0.029295,MAKER,122498.77,0.0,['0.72000000 USDT'],FILLED,False,False,False,,NO_TRIGGER,,NO_CONTINGENCY,,,,,,,,408e2b9e-16e1-4e7e-9498-43871afc5174,2025-08-13 15:55:00+00:00,2025-08-13 19:20:00+00:00
TESTER-001,SRGridStrategyUser-000,BTC/USDT.SIM,SIM-1-057,BTC/USDT.SIM-SRGridStrategyUser-000,SIM-001,T-5bbd70efcfefc415-8183,LIMIT,BUY,0.041214,121318.64,GTC,,0.041214,MAKER,121318.64000000001,0.0,['1.00000000 USDT'],FILLED,False,False,False,,NO_TRIGGER,,NO_CONTINGENCY,,,,,,,,35e5d9c6-9002-4a2d-aa7e-79565f656b33,2025-08-14 07:55:00+00:00,2025-08-14 10:40:00+00:00
TESTER-001,SRGridStrategyUser-000,BTC/USDT.SIM,SIM-1-058,BTC/USDT.SIM-SRGridStrategyUser-000,SIM-001,T-c907bbe39baf3e66-8192,LIMIT,BUY,0.041352,120911.96,GTC,,0.041352,MAKER,120911.96,0.0,['1.00000000 USDT'],FILLED,False,False,False,,NO_TRIGGER,,NO_CONTINGENCY,,,,,,,,9816fef3-4dfe-4d86-8703-f7c82c858c68,2025-08-14 07:55:00+00:00,2025-08-14 10:50:00+00:00
TESTER-001,SRGridStrategyUser-000,BTC/USDT.SIM,SIM-1-065,BTC/USDT.SIM-SRGridStrategyUser-000,SIM-001,T-441c28e5818d125a-8827,LIMIT,BUY,0.042350,118062.91,GTC,,0.042350,MAKER,118062.91,0.0,['1.00000000 USDT'],FILLED,False,False,False,,NO_TRIGGER,,NO_CONTINGENCY,,,,,,,,35b58c3d-5ca0-4544-9b94-d046a68de203,2025-08-14 23:55:00+00:00,2025-08-15 00:30:00+00:00
TESTER-001,SRGridStrategyUser-000,BTC/USDT.SIM,SIM-1-066,BTC/USDT.SIM-SRGridStrategyUser-000,SIM-001,T-08d7e2cde79b3892-9440,LIMIT,BUY,0.042434,117830.74,GTC,,0.042434,MAKER,117830.73999999999,0.0,['1.00000000 USDT'],FILLED,False,False,False,,NO_TRIGGER,,NO_CONTINGENCY,,,,,,,,8c6a12f8-5d6e-443f-8e0e-5f59be1ed887,2025-08-14 23:55:00+00:00,2025-08-15 13:50:00+00:00
TESTER-001,SRGridStrategyUser-000,BTC/USDT.SIM,SIM-1-067,BTC/USDT.SIM-SRGridStrategyUser-000,SIM-001,T-5795af6e4513536b-8882,LIMIT,SELL,0.042184,118527.27,GTC,,0.042184,MAKER,118527.27,0.0,['1.00000000 USDT'],FILLED,False,False,False,,NO_TRIGGER,,NO_CONTINGENCY,,,,,,,,bbd6c113-dda5-41b5-8265-53ff6a36840a,2025-08-14 23:55:00+00:00,2025-08-15 01:40:00+00:00
TESTER-001,SRGridStrategyUser-000,BTC/USDT.SIM,SIM-1-068,BTC/USDT.SIM-SRGridStrategyUser-000,SIM-001,T-e3056b3b539e3935-8904,LIMIT,SELL,0.042102,118759.44,GTC,,0.042102,MAKER,118759.43999999999,0.0,['1.00000000 USDT'],FILLED,False,False,False,,NO_TRIGGER,,NO_CONTINGENCY,,,,,,,,738e27ae-f1cf-4fd9-a6d4-c5c67f6d4c05,2025-08-14 23:55:00+00:00,2025-08-15 02:05:00+00:00
TESTER-001,SRGridStrategyUser-000,BTC/USDT.SIM,SIM-1-069,BTC/USDT.SIM-SRGridStrategyUser-000,SIM-001,T-5795af6e4513536b-8883,LIMIT,SELL,0.042184,118527.27,GTC,,0.042184,MAKER,118527.27,0.0,['1.00000000 USDT'],FILLED,False,False,False,,NO_TRIGGER,,NO_CONTINGENCY,,,,,,,,f6d420eb-ad1c-4b47-b685-0a4b66208697,2025-08-15 00:30:00+00:00,2025-08-15 01:40:00+00:00
TESTER-001,SRGridStrategyUser-000,BTC/USDT.SIM,SIM-1-070,BTC/USDT.SIM-SRGridStrategyUser-000,SIM-001,T-e3056b3b539e3935-8905,LIMIT,SELL,0.042102,118759.44,GTC,,0.042102,MAKER,118759.43999999999,0.0,['1.00000000 USDT'],FILLED,False,False,False,,NO_TRIGGER,,NO_CONTINGENCY,,,,,,,,383c0aed-28db-498a-a885-79e43ff955c1,2025-08-15 00:30:00+00:00,2025-08-15 02:05:00+00:00
TESTER-001,SRGridStrategyUser-000,BTC/USDT.SIM,SIM-1-071,BTC/USDT.SIM-SRGridStrategyUser-000,SIM-001,T-08d7e2cde79b3892-9441,LIMIT,BUY,0.042434,117830.74,GTC,,0.042434,MAKER,117830.73999999999,0.0,['1.00000000 USDT'],FILLED,False,False,False,,NO_TRIGGER,,NO_CONTINGENCY,,,,,,,,1e138666-af7a-4221-be89-450945ef0812,2025-08-15 01:40:00+00:00,2025-08-15 13:50:00+00:00
TESTER-001,SRGridStrategyUser-000,BTC/USDT.SIM,SIM-1-072,BTC/USDT.SIM-SRGridStrategyUser-000,SIM-001,T-08d7e2cde79b3892-9442,LIMIT,BUY,0.042434,117830.74,GTC,,0.042434,MAKER,117830.73999999999,0.0,['1.00000000 USDT'],FILLED,False,False,False,,NO_TRIGGER,,NO_CONTINGENCY,,,,,,,,40c7fd26-db7e-41ba-a611-8a1826d4a646,2025-08-15 02:05:00+00:00,2025-08-15 13:50:00+00:00
TESTER-001,SRGridStrategyUser-000,BTC/USDT.SIM,SIM-1-077,BTC/USDT.SIM-SRGridStrategyUser-000,SIM-001,T-61223ac4182cea50-10356,LIMIT,BUY,0.042583,117416.41,GTC,,0.042583,MAKER,117416.41,0.0,['1.00000000 USDT'],FILLED,False,False,False,,NO_TRIGGER,,NO_CONTINGENCY,,,,,,,,f0c911b4-9508-4429-816d-3c176cc35a3a,2025-08-16 07:55:00+00:00,2025-08-16 09:55:00+00:00
TESTER-001,SRGridStrategyUser-000,BTC/USDT.SIM,SIM-1-078,BTC/USDT.SIM-SRGridStrategyUser-000,SIM-001,T-06e993071291b6e0-10361,LIMIT,BUY,0.042649,117236.74,GTC,,0.042649,MAKER,117236.73999999999,0.0,['1.00000000 USDT'],FILLED,False,False,False,,NO_TRIGGER,,NO_CONTINGENCY,,,,,,,,56715817-3d0e-4d63-964c-7f3b04fbd6a2,2025-08-16 07:55:00+00:00,2025-08-16 10:00:00+00:00
TESTER-001,SRGridStrategyUser-000,BTC/USDT.SIM,SIM-1-079,BTC/USDT.SIM-SRGridStrategyUser-000,SIM-001,T-77639f2e5ff9fbeb-10497,LIMIT,SELL,0.042454,117775.73,GTC,,0.042454,MAKER,117775.73000000001,0.0,['1.00000000 USDT'],FILLED,False,False,False,,NO_TRIGGER,,NO_CONTINGENCY,,,,,,,,ca1b6ccb-c330-49ab-a97e-2cbe703d97a5,2025-08-16 07:55:00+00:00,2025-08-16 13:00:00+00:00
TESTER-001,SRGridStrategyUser-000,BTC/USDT.SIM,SIM-1-081,BTC/USDT.SIM-SRGridStrategyUser-000,SIM-001,T-77639f2e5ff9fbeb-10498,LIMIT,SELL,0.042454,117775.73,GTC,,0.042454,MAKER,117775.73000000001,0.0,['1.00000000 USDT'],FILLED,False,False,False,,NO_TRIGGER,,NO_CONTINGENCY,,,,,,,,199d5c13-9123-4822-a28d-5dda699cb480,2025-08-16 09:55:00+00:00,2025-08-16 13:00:00+00:00
TESTER-001,SRGridStrategyUser-000,BTC/USDT.SIM,SIM-1-083,BTC/USDT.SIM-SRGridStrategyUser-000,SIM-001,T-77639f2e5ff9fbeb-10499,LIMIT,SELL,0.042454,117775.73,GTC,,0.042454,MAKER,117775.73000000001,0.0,['1.00000000 USDT'],FILLED,False,False,False,,NO_TRIGGER,,NO_CONTINGENCY,,,,,,,,05b5249f-7fcf-4581-9cf9-d7683b9f4b36,2025-08-16 10:00:00+00:00,2025-08-16 13:00:00+00:00
TESTER-001,SRGridStrategyUser-000,BTC/USDT.SIM,SIM-1-085,BTC/USDT.SIM-SRGridStrategyUser-000,SIM-001,T-ab2db4d58a17bfb9-11023,LIMIT,BUY,0.042652,117227.07,GTC,,0.042652,MAKER,117227.06999999999,0.0,['1.00000000 USDT'],FILLED,False,False,False,,NO_TRIGGER,,NO_CONTINGENCY,,,,,,,,5c00f28c-87b2-4bbb-8d07-b8c91a657998,2025-08-16 23:55:00+00:00,2025-08-17 01:00:00+00:00
TESTER-001,SRGridStrategyUser-000,BTC/USDT.SIM,SIM-1-087,BTC/USDT.SIM-SRGridStrategyUser-000,SIM-001,T-1e1de5b115b5c70a-11087,LIMIT,SELL,0.042541,117534.25,GTC,,0.042541,MAKER,117534.25,0.0,['1.00000000 USDT'],FILLED,False,False,False,,NO_TRIGGER,,NO_CONTINGENCY,,,,,,,,9f9b782b-2023-4c09-b42c-077ce56d379c,2025-08-16 23:55:00+00:00,2025-08-17 02:25:00+00:00
TESTER-001,SRGridStrategyUser-000,BTC/USDT.SIM,SIM-1-088,BTC/USDT.SIM-SRGridStrategyUser-000,SIM-001,T-9db4ce5803fd8862-11142,LIMIT,SELL,0.042485,117687.85,GTC,,0.042485,MAKER,117687.84999999999,0.0,['1.00000000 USDT'],FILLED,False,False,False,,NO_TRIGGER,,NO_CONTINGENCY,,,,,,,,ade8bbea-1ac7-4739-9e9e-fe7b419efe54,2025-08-16 23:55:00+00:00,2025-08-17 03:40:00+00:00
TESTER-001,SRGridStrategyUser-000,BTC/USDT.SIM,SIM-1-089,BTC/USDT.SIM-SRGridStrategyUser-000,SIM-001,T-1e1de5b115b5c70a-11088,LIMIT,SELL,0.042541,117534.25,GTC,,0.042541,MAKER,117534.25,0.0,['1.00000000 USDT'],FILLED,False,False,False,,NO_TRIGGER,,NO_CONTINGENCY,,,,,,,,20fbfddd-c03e-427c-b5fb-7e0889c764aa,2025-08-17 01:00:00+00:00,2025-08-17 02:25:00+00:00
TESTER-001,SRGridStrategyUser-000,BTC/USDT.SIM,SIM-1-090,BTC/USDT.SIM-SRGridStrategyUser-000,SIM-001,T-9db4ce5803fd8862-11143,LIMIT,SELL,0.042485,117687.85,GTC,,0.042485,MAKER,117687.84999999999,0.0,['1.00000000 USDT'],FILLED,False,False,False,,NO_TRIGGER,,NO_CONTINGENCY,,,,,,,,fa95c8db-50ad-4c23-8fdb-cab2574280b0,2025-08-17 01:00:00+00:00,2025-08-17 03:40:00+00:00
TESTER-001,SRGridStrategyUser-000,BTC/USDT.SIM,SIM-1-093,BTC/USDT.SIM-SRGridStrategyUser-000,SIM-001,T-1b7e50fe2fae8fe5-11706,LIMIT,BUY,0.042326,118129.89,GTC,,0.042326,MAKER,118129.88999999998,0.0,['1.00000000 USDT'],FILLED,False,False,False,,NO_TRIGGER,,NO_CONTINGENCY,,,,,,,,be062e81-ee42-4bf4-866a-4ca77b89bcdf,2025-08-17 15:55:00+00:00,2025-08-17 16:10:00+00:00
TESTER-001,SRGridStrategyUser-000,BTC/USDT.SIM,SIM-1-094,BTC/USDT.SIM-SRGridStrategyUser-000,SIM-001,T-90596f1f43826a46-11711,LIMIT,BUY,0.042368,118013.61,GTC,,0.042368,MAKER,118013.61,0.0,['1.00000000 USDT'],FILLED,False,False,False,,NO_TRIGGER,,NO_CONTINGENCY,,,,,,,,42f31967-39a4-4e89-ae93-856fa98b3a61,2025-08-17 15:55:00+00:00,2025-08-17 16:15:00+00:00
TESTER-001,SRGridStrategyUser-000,BTC/USDT.SIM,SIM-1-095,BTC/USDT.SIM-SRGridStrategyUser-000,SIM-001,T-83c73258d72dce88-12489,LIMIT,BUY,0.043559,114785.99,GTC,,0.043559,MAKER,114785.99,0.0,['1.00000000 USDT'],FILLED,False,False,False,,NO_TRIGGER,,NO_CONTINGENCY,,,,,,,,e80efb7c-d7f9-41b9-8a0f-861a528c7397,2025-08-18 07:55:00+00:00,2025-08-18 09:15:00+00:00
TESTER-001,SRGridStrategyUser-000,BTC/USDT.SIM,SIM-1-097,BTC/USDT.SIM-SRGridStrategyUser-000,SIM-001,T-2f421ad679db3f40-12668,LIMIT,SELL,0.043243,115625.97,GTC,,0.043243,MAKER,115625.97,0.0,['1.00000000 USDT'],FILLED,False,False,False,,NO_TRIGGER,,NO_CONTINGENCY,,,,,,,,cb01668c-83fc-4b56-8eee-ec4164467c27,2025-08-18 07:55:00+00:00,2025-08-18 13:05:00+00:00
TESTER-001,SRGridStrategyUser-000,BTC/USDT.SIM,SIM-1-098,BTC/USDT.SIM-SRGridStrategyUser-000,SIM-001,T-d3c832c3a074d2ca-12796,LIMIT,SELL,0.043086,116045.96,GTC,,0.043086,MAKER,116045.95999999999,0.0,['1.00000000 USDT'],FILLED,False,False,False,,NO_TRIGGER,,NO_CONTINGENCY,,,,,,,,3a605ec3-9fdb-4ab4-b45b-918024a04c14,2025-08-18 07:55:00+00:00,2025-08-18 15:50:00+00:00
TESTER-001,SRGridStrategyUser-000,BTC/USDT.SIM,SIM-1-100,BTC/USDT.SIM-SRGridStrategyUser-000,SIM-001,T-d3c832c3a074d2ca-12797,LIMIT,SELL,0.043086,116045.96,GTC,,0.043086,MAKER,116045.95999999999,0.0,['1.00000000 USDT'],FILLED,False,False,False,,NO_TRIGGER,,NO_CONTINGENCY,,,,,,,,06a851e3-3e88-403b-8651-0cc9469185f8,2025-08-18 09:15:00+00:00,2025-08-18 15:50:00+00:00
TESTER-001,SRGridStrategyUser-000,BTC/USDT.SIM,SIM-1-099,BTC/USDT.SIM-SRGridStrategyUser-000,SIM-001,T-2f421ad679db3f40-12669,LIMIT,SELL,0.043243,115625.97,GTC,,0.043243,MAKER,115625.97,0.0,['1.00000000 USDT'],FILLED,False,False,False,,NO_TRIGGER,,NO_CONTINGENCY,,,,,,,,22882b35-9ba3-4e8d-8f1c-b7678f3c71fb,2025-08-18 09:15:00+00:00,2025-08-18 13:05:00+00:00
TESTER-001,SRGridStrategyUser-000,BTC/USDT.SIM,SIM-1-103,BTC/USDT.SIM-SRGridStrategyUser-000,SIM-001,T-961b2f18bc97e90c-13186,LIMIT,BUY,0.043115,115968.37,GTC,,0.043115,MAKER,115968.37000000001,0.0,['1.00000000 USDT'],FILLED,False,False,False,,NO_TRIGGER,,NO_CONTINGENCY,,,,,,,,cca91e2f-97b9-4272-a51c-cb1d2b78128d,2025-08-18 23:55:00+00:00,2025-08-19 00:20:00+00:00
TESTER-001,SRGridStrategyUser-000,BTC/USDT.SIM,SIM-1-104,BTC/USDT.SIM-SRGridStrategyUser-000,SIM-001,T-b87aac5dc733a12b-13195,LIMIT,BUY,0.043212,115709.69,GTC,,0.043212,MAKER,115709.69,0.0,['1.00000000 USDT'],FILLED,False,False,False,,NO_TRIGGER,,NO_CONTINGENCY,,,,,,,,a0ab65da-a55c-47cd-9958-047e5f05db15,2025-08-18 23:55:00+00:00,2025-08-19 00:30:00+00:00
TESTER-001,SRGridStrategyUser-000,BTC/USDT.SIM,SIM-1-105,BTC/USDT.SIM-SRGridStrategyUser-000,SIM-001,T-da5546cc978238fd-13962,LIMIT,BUY,0.044151,113248.53,GTC,,0.044151,MAKER,113248.53,0.0,['1.00000000 USDT'],FILLED,False,False,False,,NO_TRIGGER,,NO_CONTINGENCY,,,,,,,,49adbc33-537c-4de7-ac44-054e9a2a92d6,2025-08-19 15:55:00+00:00,2025-08-19 17:00:00+00:00
TESTER-001,SRGridStrategyUser-000,BTC/USDT.SIM,SIM-1-106,BTC/USDT.SIM-SRGridStrategyUser-000,SIM-001,T-4d598c3b2f1943f4-14362,LIMIT,BUY,0.008872,112710.69,GTC,,0.008872,MAKER,112710.69,0.0,['0.20000000 USDT'],FILLED,False,False,False,,NO_TRIGGER,,NO_CONTINGENCY,,,,,,,,41c6cae5-db02-4afe-81e9-687a7df5d5c3,2025-08-19 15:55:00+00:00,2025-08-20 01:35:00+00:00
TESTER-001,SRGridStrategyUser-000,BTC/USDT.SIM,SIM-1-107,BTC/USDT.SIM-SRGridStrategyUser-000,SIM-001,T-b14c8335d9862be2-14818,LIMIT,BUY,0.044132,113295.97,GTC,,0.044132,MAKER,113295.97,0.0,['1.00000000 USDT'],FILLED,False,False,False,,NO_TRIGGER,,NO_CONTINGENCY,,,,,,,,f611bb20-55f7-41b8-9c0b-7a9068d893b3,2025-08-20 07:55:00+00:00,2025-08-20 11:30:00+00:00
TESTER-001,SRGridStrategyUser-000,BTC/USDT.SIM,SIM-1-108,BTC/USDT.SIM-SRGridStrategyUser-000,SIM-001,T-58fe9a736f1c5701-14828,LIMIT,BUY,0.044208,113101.81,GTC,,0.044208,MAKER,113101.81,0.0,['1.00000000 USDT'],FILLED,False,False,False,,NO_TRIGGER,,NO_CONTINGENCY,,,,,,,,f13bb4d1-d0a6-406d-b121-b113a2df8aec,2025-08-20 07:55:00+00:00,2025-08-20 11:40:00+00:00
TESTER-001,SRGridStrategyUser-000,BTC/USDT.SIM,SIM-1-109,BTC/USDT.SIM-SRGridStrategyUser-000,SIM-001,T-6fe032faad24de06-14668,LIMIT,SELL,0.043981,113684.29,GTC,,0.043981,MAKER,113684.29000000001,0.0,['1.00000000 USDT'],FILLED,False,False,False,,NO_TRIGGER,,NO_CONTINGENCY,,,,,,,,32092b5f-8823-4bbb-b08e-f17cd99a5e93,2025-08-20 07:55:00+00:00,2025-08-20 08:15:00+00:00
TESTER-001,SRGridStrategyUser-000,BTC/USDT.SIM,SIM-1-110,BTC/USDT.SIM-SRGridStrategyUser-000,SIM-001,T-a5ca41c4da540a13-14681,LIMIT,SELL,0.043906,113878.45,GTC,,0.043906,MAKER,113878.45000000001,0.0,['1.00000000 USDT'],FILLED,False,False,False,,NO_TRIGGER,,NO_CONTINGENCY,,,,,,,,cc6e1fd7-a10a-438c-9559-16d45f08c475,2025-08-20 07:55:00+00:00,2025-08-20 08:30:00+00:00
TESTER-001,SRGridStrategyUser-000,BTC/USDT.SIM,SIM-1-111,BTC/USDT.SIM-SRGridStrategyUser-000,SIM-001,T-b14c8335d9862be2-14819,LIMIT,BUY,0.044132,113295.97,GTC,,0.044132,MAKER,113295.97,0.0,['1.00000000 USDT'],FILLED,False,False,False,,NO_TRIGGER,,NO_CONTINGENCY,,,,,,,,7dc5f89c-51eb-4d4e-9ffd-f2fc23641753,2025-08-20 08:15:00+00:00,2025-08-20 11:30:00+00:00
TESTER-001,SRGridStrategyUser-000,BTC/USDT.SIM,SIM-1-112,BTC/USDT.SIM-SRGridStrategyUser-000,SIM-001,T-58fe9a736f1c5701-14829,LIMIT,BUY,0.044208,113101.81,GTC,,0.044208,MAKER,113101.81,0.0,['1.00000000 USDT'],FILLED,False,False,False,,NO_TRIGGER,,NO_CONTINGENCY,,,,,,,,4e398533-929f-46a6-b657-1e7c71d2804c,2025-08-20 08:15:00+00:00,2025-08-20 11:40:00+00:00
TESTER-001,SRGridStrategyUser-000,BTC/USDT.SIM,SIM-1-113,BTC/USDT.SIM-SRGridStrategyUser-000,SIM-001,T-b14c8335d9862be2-14820,LIMIT,BUY,0.044132,113295.97,GTC,,0.044132,MAKER,113295.97,0.0,['1.00000000 USDT'],FILLED,False,False,False,,NO_TRIGGER,,NO_CONTINGENCY,,,,,,,,465ba9bf-97a7-4621-a9a2-e5526d589877,2025-08-20 08:30:00+00:00,2025-08-20 11:30:00+00:00
TESTER-001,SRGridStrategyUser-000,BTC/USDT.SIM,SIM-1-114,BTC/USDT.SIM-SRGridStrategyUser-000,SIM-001,T-58fe9a736f1c5701-14830,LIMIT,BUY,0.044208,113101.81,GTC,,0.044208,MAKER,113101.81,0.0,['1.00000000 USDT'],FILLED,False,False,False,,NO_TRIGGER,,NO_CONTINGENCY,,,,,,,,ccb90759-9ae8-4b43-b45c-60b66d7e0386,2025-08-20 08:30:00+00:00,2025-08-20 11:40:00+00:00
TESTER-001,SRGridStrategyUser-000,BTC/USDT.SIM,SIM-1-115,BTC/USDT.SIM-SRGridStrategyUser-000,SIM-001,T-52dc81fe5198ddc3-15410,LIMIT,BUY,0.043822,114097.63,GTC,,0.043822,MAKER,114097.62999999999,0.0,['1.00000000 USDT'],FILLED,False,False,False,,NO_TRIGGER,,NO_CONTINGENCY,,,,,,,,12a12a98-0d6b-4eba-ab4a-1374e52d5341,2025-08-20 23:55:00+00:00,2025-08-21 00:15:00+00:00
TESTER-001,SRGridStrategyUser-000,BTC/USDT.SIM,SIM-1-116,BTC/USDT.SIM-SRGridStrategyUser-000,SIM-001,T-d02e5937925e5d65-15510,LIMIT,BUY,0.043889,113924.02,GTC,,0.043889,MAKER,113924.01999999999,0.0,['1.00000000 USDT'],FILLED,False,False,False,,NO_TRIGGER,,NO_CONTINGENCY,,,,,,,,7bc77bd3-1727-4670-abe5-fa50561d6e74,2025-08-20 23:55:00+00:00,2025-08-21 02:20:00+00:00
TESTER-001,SRGridStrategyUser-000,BTC/USDT.SIM,SIM-1-117,BTC/USDT.SIM-SRGridStrategyUser-000,SIM-001,T-87c6f313a9241c03-15429,LIMIT,SELL,0.043689,114444.85,GTC,,0.043689,MAKER,114444.85,0.0,['1.00000000 USDT'],FILLED,False,False,False,,NO_TRIGGER,,NO_CONTINGENCY,,,,,,,,0c58e19f-1f3f-42bc-91c8-380a3e2628db,2025-08-20 23:55:00+00:00,2025-08-21 00:40:00+00:00
TESTER-001,SRGridStrategyUser-000,BTC/USDT.SIM,SIM-1-118,BTC/USDT.SIM-SRGridStrategyUser-000,SIM-001,T-d3cf540c50081d5d-15489,LIMIT,SELL,0.043623,114618.46,GTC,,0.043623,MAKER,114618.46,0.0,['1.00000000 USDT'],FILLED,False,False,False,,NO_TRIGGER,,NO_CONTINGENCY,,,,,,,,5797ac1e-276c-45b0-8869-efc55c6cea9e,2025-08-20 23:55:00+00:00,2025-08-21 01:55:00+00:00
TESTER-001,SRGridStrategyUser-000,BTC/USDT.SIM,SIM-1-119,BTC/USDT.SIM-SRGridStrategyUser-000,SIM-001,T-87c6f313a9241c03-15430,LIMIT,SELL,0.043689,114444.85,GTC,,0.043689,MAKER,114444.85,0.0,['1.00000000 USDT'],FILLED,False,False,False,,NO_TRIGGER,,NO_CONTINGENCY,,,,,,,,95e0ddc8-e87a-449f-8cf7-185d760cdace,2025-08-21 00:15:00+00:00,2025-08-21 00:40:00+00:00
TESTER-001,SRGridStrategyUser-000,BTC/USDT.SIM,SIM-1-120,BTC/USDT.SIM-SRGridStrategyUser-000,SIM-001,T-d3cf540c50081d5d-15490,LIMIT,SELL,0.043623,114618.46,GTC,,0.043623,MAKER,114618.46,0.0,['1.00000000 USDT'],FILLED,False,False,False,,NO_TRIGGER,,NO_CONTINGENCY,,,,,,,,8a001462-904e-4c2b-9eac-f424c8738e79,2025-08-21 00:15:00+00:00,2025-08-21 01:55:00+00:00
TESTER-001,SRGridStrategyUser-000,BTC/USDT.SIM,SIM-1-121,BTC/USDT.SIM-SRGridStrategyUser-000,SIM-001,T-d02e5937925e5d65-15511,LIMIT,BUY,0.043889,113924.02,GTC,,0.043889,MAKER,113924.01999999999,0.0,['1.00000000 USDT'],FILLED,False,False,False,,NO_TRIGGER,,NO_CONTINGENCY,,,,,,,,3018ba5f-6aac-40c2-9856-b77485905403,2025-08-21 00:40:00+00:00,2025-08-21 02:20:00+00:00
TESTER-001,SRGridStrategyUser-000,BTC/USDT.SIM,SIM-1-122,BTC/USDT.SIM-SRGridStrategyUser-000,SIM-001,T-d02e5937925e5d65-15512,LIMIT,BUY,0.043889,113924.02,GTC,,0.043889,MAKER,113924.01999999999,0.0,['1.00000000 USDT'],FILLED,False,False,False,,NO_TRIGGER,,NO_CONTINGENCY,,,,,,,,538a81b7-b22c-42b2-a9f0-4474d6bfc5bb,2025-08-21 01:55:00+00:00,2025-08-21 02:20:00+00:00
TESTER-001,SRGridStrategyUser-000,BTC/USDT.SIM,SIM-1-123,BTC/USDT.SIM-SRGridStrategyUser-000,SIM-001,T-9bd5172986d8ad3f-16186,LIMIT,BUY,0.044552,112228.22,GTC,,0.044552,MAKER,112228.22,0.0,['1.00000000 USDT'],FILLED,False,False,False,,NO_TRIGGER,,NO_CONTINGENCY,,,,,,,,46c369fd-d7f7-43c8-ae31-d773a1f33e5f,2025-08-21 15:55:00+00:00,2025-08-21 17:10:00+00:00
TESTER-001,SRGridStrategyUser-000,BTC/USDT.SIM,SIM-1-125,BTC/USDT.SIM-SRGridStrategyUser-000,SIM-001,T-fe9daa3b9c41ce68-16604,LIMIT,SELL,0.044109,113355.94,GTC,,0.044109,MAKER,113355.94,0.0,['1.00000000 USDT'],FILLED,False,False,False,,NO_TRIGGER,,NO_CONTINGENCY,,,,,,,,5b6c4d9a-0d5c-4f22-8517-045afed53eab,2025-08-21 15:55:00+00:00,2025-08-22 02:15:00+00:00
TESTER-001,SRGridStrategyUser-000,BTC/USDT.SIM,SIM-1-127,BTC/USDT.SIM-SRGridStrategyUser-000,SIM-001,T-fe9daa3b9c41ce68-16605,LIMIT,SELL,0.044109,113355.94,GTC,,0.044109,MAKER,113355.94,0.0,['1.00000000 USDT'],FILLED,False,False,False,,NO_TRIGGER,,NO_CONTINGENCY,,,,,,,,76629bd5-81f2-4d7e-906c-2cf85dab3f2f,2025-08-21 17:10:00+00:00,2025-08-22 02:15:00+00:00
TESTER-001,SRGridStrategyUser-000,BTC/USDT.SIM,SIM-1-130,BTC/USDT.SIM-SRGridStrategyUser-000,SIM-001,T-84151111c6c2dcdc-16964,LIMIT,BUY,0.044321,112813.12,GTC,,0.044321,MAKER,112813.12,0.0,['1.00000000 USDT'],FILLED,False,False,False,,NO_TRIGGER,,NO_CONTINGENCY,,,,,,,,2a102e8a-6884-42ca-9d44-52bda04c7e20,2025-08-22 07:55:00+00:00,2025-08-22 10:05:00+00:00
TESTER-001,SRGridStrategyUser-000,BTC/USDT.SIM,SIM-1-131,BTC/USDT.SIM-SRGridStrategyUser-000,SIM-001,T-7a857ada6a7c0ce0-16994,LIMIT,BUY,0.044432,112531.41,GTC,,0.044432,MAKER,112531.41,0.0,['1.00000000 USDT'],FILLED,False,False,False,,NO_TRIGGER,,NO_CONTINGENCY,,,,,,,,c2379f93-d919-4bc7-a385-1f5c86df39d4,2025-08-22 07:55:00+00:00,2025-08-22 10:45:00+00:00
TESTER-001,SRGridStrategyUser-000,BTC/USDT.SIM,SIM-1-132,BTC/USDT.SIM-SRGridStrategyUser-000,SIM-001,T-916f2a4e3946f708-17143,LIMIT,SELL,0.044101,113376.54,GTC,,0.044101,MAKER,113376.54000000001,0.0,['1.00000000 USDT'],FILLED,False,False,False,,NO_TRIGGER,,NO_CONTINGENCY,,,,,,,,a0e94353-1f67-4d9d-bd65-5050002c5d1c,2025-08-22 07:55:00+00:00,2025-08-22 14:00:00+00:00
TESTER-001,SRGridStrategyUser-000,BTC/USDT.SIM,SIM-1-133,BTC/USDT.SIM-SRGridStrategyUser-000,SIM-001,T-916f2a4e3946f708-17140,LIMIT,SELL,0.043992,113658.25,GTC,,0.043992,MAKER,113658.25,0.0,['1.00000000 USDT'],FILLED,False,False,False,,NO_TRIGGER,,NO_CONTINGENCY,,,,,,,,612bb106-fb18-44c1-9896-a26f4a8cd897,2025-08-22 07:55:00+00:00,2025-08-22 14:00:00+00:00
TESTER-001,SRGridStrategyUser-000,BTC/USDT.SIM,SIM-1-134,BTC/USDT.SIM-SRGridStrategyUser-000,SIM-001,T-916f2a4e3946f708-17144,LIMIT,SELL,0.044101,113376.54,GTC,,0.044101,MAKER,113376.54000000001,0.0,['1.00000000 USDT'],FILLED,False,False,False,,NO_TRIGGER,,NO_CONTINGENCY,,,,,,,,f182fcce-bcd5-43fb-a4c5-7c264fdea47e,2025-08-22 10:05:00+00:00,2025-08-22 14:00:00+00:00
TESTER-001,SRGridStrategyUser-000,BTC/USDT.SIM,SIM-1-135,BTC/USDT.SIM-SRGridStrategyUser-000,SIM-001,T-916f2a4e3946f708-17141,LIMIT,SELL,0.043992,113658.25,GTC,,0.043992,MAKER,113658.25,0.0,['1.00000000 USDT'],FILLED,False,False,False,,NO_TRIGGER,,NO_CONTINGENCY,,,,,,,,af4bfc57-3031-4e46-91e4-ea01cbf418f3,2025-08-22 10:05:00+00:00,2025-08-22 14:00:00+00:00
TESTER-001,SRGridStrategyUser-000,BTC/USDT.SIM,SIM-1-136,BTC/USDT.SIM-SRGridStrategyUser-000,SIM-001,T-916f2a4e3946f708-17145,LIMIT,SELL,0.044101,113376.54,GTC,,0.044101,MAKER,113376.54000000001,0.0,['1.00000000 USDT'],FILLED,False,False,False,,NO_TRIGGER,,NO_CONTINGENCY,,,,,,,,2575f734-0bf7-421a-a6c9-655c4ccaac6e,2025-08-22 10:45:00+00:00,2025-08-22 14:00:00+00:00
TESTER-001,SRGridStrategyUser-000,BTC/USDT.SIM,SIM-1-137,BTC/USDT.SIM-SRGridStrategyUser-000,SIM-001,T-916f2a4e3946f708-17142,LIMIT,SELL,0.043992,113658.25,GTC,,0.043992,MAKER,113658.25,0.0,['1.00000000 USDT'],FILLED,False,False,False,,NO_TRIGGER,,NO_CONTINGENCY,,,,,,,,8719ca94-d508-483c-84b0-d0d301970e68,2025-08-22 10:45:00+00:00,2025-08-22 14:00:00+00:00
TESTER-001,SRGridStrategyUser-000,BTC/USDT.SIM,SIM-1-138,BTC/USDT.SIM-SRGridStrategyUser-000,SIM-001,T-387a2f916b7d061e-17370,LIMIT,BUY,0.228920,116760.23,GTC,,0.228920,MAKER,116760.23,0.0,['5.35000000 USDT'],FILLED,False,True,False,,NO_TRIGGER,,NO_CONTINGENCY,,,,,,,,87821b8b-45d0-40aa-9e6d-46d900e21066,2025-08-22 18:05:00+00:00,2025-08-22 18:50:00+00:00
TESTER-001,SRGridStrategyUser-000,BTC/USDT.SIM,SIM-1-139,BTC/USDT.SIM-SRGridStrategyUser-000,SIM-001,T-528e881cc7470ff0-17678,LIMIT,BUY,0.042906,116532.60,GTC,,0.042906,MAKER,116532.6,0.0,['1.00000000 USDT'],FILLED,False,False,False,,NO_TRIGGER,,NO_CONTINGENCY,,,,,,,,3a384c34-39af-41fc-8214-da884394937d,2025-08-22 22:15:00+00:00,2025-08-23 01:30:00+00:00
TESTER-001,SRGridStrategyUser-000,BTC/USDT.SIM,SIM-1-140,BTC/USDT.SIM-SRGridStrategyUser-000,SIM-001,T-dfc19ef4b6d87708-17710,LIMIT,BUY,0.043001,116275.33,GTC,,0.043001,MAKER,116275.33,0.0,['1.00000000 USDT'],FILLED,False,False,False,,NO_TRIGGER,,NO_CONTINGENCY,,,,,,,,cf69d120-b8bc-4f5a-9847-c2b091c4e752,2025-08-22 22:15:00+00:00,2025-08-23 02:10:00+00:00
TESTER-001,SRGridStrategyUser-000,BTC/USDT.SIM,SIM-1-147,BTC/USDT.SIM-SRGridStrategyUser-000,SIM-001,T-6925904b6cbbe2a6-18264,LIMIT,BUY,0.043593,114696.79,GTC,,0.043593,MAKER,114696.79000000001,0.0,['1.00000000 USDT'],FILLED,False,False,False,,NO_TRIGGER,,NO_CONTINGENCY,,,,,,,,013a347f-cc7b-4307-88c6-3df8660ae770,2025-08-23 14:15:00+00:00,2025-08-23 14:45:00+00:00
TESTER-001,SRGridStrategyUser-000,BTC/USDT.SIM,SIM-1-149,BTC/USDT.SIM-SRGridStrategyUser-000,SIM-001,T-714023452d4fdad2-18526,LIMIT,SELL,0.043379,115263.19,GTC,,0.043379,MAKER,115263.19,0.0,['1.00000000 USDT'],FILLED,False,False,False,,NO_TRIGGER,,NO_CONTINGENCY,,,,,,,,69c2d451-239f-496d-977f-6fb7d6d95d7a,2025-08-23 14:15:00+00:00,2025-08-23 20:30:00+00:00
TESTER-001,SRGridStrategyUser-000,BTC/USDT.SIM,SIM-1-150,BTC/USDT.SIM-SRGridStrategyUser-000,SIM-001,T-88c4fe0e499189ae-18704,LIMIT,SELL,0.043273,115546.39,GTC,,0.043273,MAKER,115546.39,0.0,['1.00000000 USDT'],FILLED,False,False,False,,NO_TRIGGER,,NO_CONTINGENCY,,,,,,,,bb74c41e-469a-4444-974e-8cd9aa6719d2,2025-08-23 14:15:00+00:00,2025-08-24 00:40:00+00:00
TESTER-001,SRGridStrategyUser-000,BTC/USDT.SIM,SIM-1-151,BTC/USDT.SIM-SRGridStrategyUser-000,SIM-001,T-714023452d4fdad2-18527,LIMIT,SELL,0.043379,115263.19,GTC,,0.043379,MAKER,115263.19,0.0,['1.00000000 USDT'],FILLED,False,False,False,,NO_TRIGGER,,NO_CONTINGENCY,,,,,,,,722b1b4e-14f4-4468-a99c-c30e5335ed71,2025-08-23 14:45:00+00:00,2025-08-23 20:30:00+00:00
TESTER-001,SRGridStrategyUser-000,BTC/USDT.SIM,SIM-1-152,BTC/USDT.SIM-SRGridStrategyUser-000,SIM-001,T-88c4fe0e499189ae-18705,LIMIT,SELL,0.043273,115546.39,GTC,,0.043273,MAKER,115546.39,0.0,['1.00000000 USDT'],FILLED,False,False,False,,NO_TRIGGER,,NO_CONTINGENCY,,,,,,,,657b25df-858a-46f0-ade1-98921770d643,2025-08-23 14:45:00+00:00,2025-08-24 00:40:00+00:00
TESTER-001,SRGridStrategyUser-000,BTC/USDT.SIM,SIM-1-155,BTC/USDT.SIM-SRGridStrategyUser-000,SIM-001,T-46cc822e51da6f60-19087,LIMIT,BUY,0.043576,114742.92,GTC,,0.043576,MAKER,114742.92,0.0,['1.00000000 USDT'],FILLED,False,False,False,,NO_TRIGGER,,NO_CONTINGENCY,,,,,,,,06daee41-820c-4ae1-8ce0-c8a77b6963aa,2025-08-24 06:15:00+00:00,2025-08-24 09:10:00+00:00
TESTER-001,SRGridStrategyUser-000,BTC/USDT.SIM,SIM-1-156,BTC/USDT.SIM-SRGridStrategyUser-000,SIM-001,T-9b8dcf088971b77e-19146,LIMIT,BUY,0.043627,114607.12,GTC,,0.043627,MAKER,114607.12,0.0,['1.00000000 USDT'],FILLED,False,False,False,,NO_TRIGGER,,NO_CONTINGENCY,,,,,,,,d5982445-f01f-4351-9304-8bbbdf103b71,2025-08-24 06:15:00+00:00,2025-08-24 10:30:00+00:00
TESTER-001,SRGridStrategyUser-000,BTC/USDT.SIM,SIM-1-157,BTC/USDT.SIM-SRGridStrategyUser-000,SIM-001,T-6ee8065b83387eea-18965,LIMIT,SELL,0.043473,115014.50,GTC,,0.043473,MAKER,115014.5,0.0,['1.00000000 USDT'],FILLED,False,False,False,,NO_TRIGGER,,NO_CONTINGENCY,,,,,,,,64652d13-1cab-40ce-a615-e9745182782b,2025-08-24 06:15:00+00:00,2025-08-24 06:25:00+00:00
TESTER-001,SRGridStrategyUser-000,BTC/USDT.SIM,SIM-1-159,BTC/USDT.SIM-SRGridStrategyUser-000,SIM-001,T-46cc822e51da6f60-19088,LIMIT,BUY,0.043576,114742.92,GTC,,0.043576,MAKER,114742.92,0.0,['1.00000000 USDT'],FILLED,False,False,False,,NO_TRIGGER,,NO_CONTINGENCY,,,,,,,,7ce23a70-e706-455e-90b6-572a62e9888f,2025-08-24 06:25:00+00:00,2025-08-24 09:10:00+00:00
TESTER-001,SRGridStrategyUser-000,BTC/USDT.SIM,SIM-1-160,BTC/USDT.SIM-SRGridStrategyUser-000,SIM-001,T-9b8dcf088971b77e-19147,LIMIT,BUY,0.043627,114607.12,GTC,,0.043627,MAKER,114607.12,0.0,['1.00000000 USDT'],FILLED,False,False,False,,NO_TRIGGER,,NO_CONTINGENCY,,,,,,,,3345ce5a-472d-482f-ae26-072853536448,2025-08-24 06:25:00+00:00,2025-08-24 10:30:00+00:00
TESTER-001,SRGridStrategyUser-000,BTC/USDT.SIM,SIM-1-163,BTC/USDT.SIM-SRGridStrategyUser-000,SIM-001,T-1bb81e78283e97dd-19804,LIMIT,BUY,0.044547,112241.51,GTC,,0.044547,MAKER,112241.51,0.0,['1.00000000 USDT'],FILLED,False,False,False,,NO_TRIGGER,,NO_CONTINGENCY,,,,,,,,05922630-20dc-4323-aad5-c5de7536e325,2025-08-24 22:15:00+00:00,2025-08-25 00:40:00+00:00
TESTER-001,SRGridStrategyUser-000,BTC/USDT.SIM,SIM-1-164,BTC/USDT.SIM-SRGridStrategyUser-000,SIM-001,T-ae18d13ecf64e9fc-20128,LIMIT,BUY,0.011048,111683.01,GTC,,0.011048,MAKER,111683.01000000001,0.0,['0.25000000 USDT'],FILLED,False,False,False,,NO_TRIGGER,,NO_CONTINGENCY,,,,,,,,7ea04297-0135-4445-b516-7e3145f9b4e0,2025-08-24 22:15:00+00:00,2025-08-25 07:35:00+00:00
TESTER-001,SRGridStrategyUser-000,BTC/USDT.SIM,SIM-1-165,BTC/USDT.SIM-SRGridStrategyUser-000,SIM-001,T-e68d1855b0495e16-19707,LIMIT,SELL,0.044108,113358.51,GTC,,0.044108,MAKER,113358.51,0.0,['1.00000000 USDT'],FILLED,False,False,False,,NO_TRIGGER,,NO_CONTINGENCY,,,,,,,,fbb37180-a948-4ec9-87e1-de8f1ac1d798,2025-08-24 22:15:00+00:00,2025-08-24 22:40:00+00:00
TESTER-001,SRGridStrategyUser-000,BTC/USDT.SIM,SIM-1-167,BTC/USDT.SIM-SRGridStrategyUser-000,SIM-001,T-1bb81e78283e97dd-19805,LIMIT,BUY,0.044547,112241.51,GTC,,0.044547,MAKER,112241.51,0.0,['1.00000000 USDT'],FILLED,False,False,False,,NO_TRIGGER,,NO_CONTINGENCY,,,,,,,,3690f677-ee0b-4bf8-83d9-b931ef0fcbdd,2025-08-24 22:40:00+00:00,2025-08-25 00:40:00+00:00
TESTER-001,SRGridStrategyUser-000,BTC/USDT.SIM,SIM-1-168,BTC/USDT.SIM-SRGridStrategyUser-000,SIM-001,T-ae18d13ecf64e9fc-20129,LIMIT,BUY,0.014691,111683.01,GTC,,0.014691,MAKER,111683.01000000001,0.0,['0.33000000 USDT'],FILLED,False,False,False,,NO_TRIGGER,,NO_CONTINGENCY,,,,,,,,3ea3eb4d-da8c-4887-ac1a-f931c7087105,2025-08-24 22:40:00+00:00,2025-08-25 07:35:00+00:00
TESTER-001,SRGridStrategyUser-000,BTC/USDT.SIM,SIM-1-171,BTC/USDT.SIM-SRGridStrategyUser-000,SIM-001,T-c28c9a1ec1a7334d-20688,LIMIT,BUY,0.044927,111291.23,GTC,,0.044927,MAKER,111291.23,0.0,['1.00000000 USDT'],FILLED,False,False,False,,NO_TRIGGER,,NO_CONTINGENCY,,,,,,,,14b80c28-c056-4610-a484-868cabe8c78d,2025-08-25 14:15:00+00:00,2025-08-25 19:35:00+00:00
TESTER-001,SRGridStrategyUser-000,BTC/USDT.SIM,SIM-1-172,BTC/USDT.SIM-SRGridStrategyUser-000,SIM-001,T-c82243bca8baa772-20709,LIMIT,BUY,0.009050,110492.17,GTC,,0.009050,MAKER,110492.17,0.0,['0.20000000 USDT'],FILLED,False,False,False,,NO_TRIGGER,,NO_CONTINGENCY,,,,,,,,d901b95c-bed4-4ea8-a7ab-3ffb349b6466,2025-08-25 14:15:00+00:00,2025-08-25 20:00:00+00:00
TESTER-001,SRGridStrategyUser-000,BTC/USDT.SIM,SIM-1-173,BTC/USDT.SIM-SRGridStrategyUser-000,SIM-001,T-cbf0703e51084c6e-20538,LIMIT,SELL,0.044291,112889.37,GTC,,0.044291,MAKER,112889.37,0.0,['1.00000000 USDT'],FILLED,False,False,False,,NO_TRIGGER,,NO_CONTINGENCY,,,,,,,,48aa245a-d95f-489e-90c4-720fc070c8be,2025-08-25 14:15:00+00:00,2025-08-25 16:20:00+00:00
TESTER-001,SRGridStrategyUser-000,BTC/USDT.SIM,SIM-1-175,BTC/USDT.SIM-SRGridStrategyUser-000,SIM-001,T-c28c9a1ec1a7334d-20689,LIMIT,BUY,0.044927,111291.23,GTC,,0.044927,MAKER,111291.23,0.0,['1.00000000 USDT'],FILLED,False,False,False,,NO_TRIGGER,,NO_CONTINGENCY,,,,,,,,da3f6804-a1b2-4dca-9138-b0969dcc5ce0,2025-08-25 16:20:00+00:00,2025-08-25 19:35:00+00:00
TESTER-001,SRGridStrategyUser-000,BTC/USDT.SIM,SIM-1-176,BTC/USDT.SIM-SRGridStrategyUser-000,SIM-001,T-c82243bca8baa772-20710,LIMIT,BUY,0.011827,110492.17,GTC,,0.011827,MAKER,110492.17,0.0,['0.26000000 USDT'],FILLED,False,False,False,,NO_TRIGGER,,NO_CONTINGENCY,,,,,,,,63742c63-abcb-4a58-9e1b-768448d0c183,2025-08-25 16:20:00+00:00,2025-08-25 20:00:00+00:00
TESTER-001,SRGridStrategyUser-000,BTC/USDT.SIM,SIM-1-179,BTC/USDT.SIM-SRGridStrategyUser-000,SIM-001,T-f71f5eb2a0cbe922-21229,LIMIT,BUY,0.045510,109866.25,GTC,,0.045510,MAKER,109866.25,0.0,['1.00000000 USDT'],FILLED,False,False,False,,NO_TRIGGER,,NO_CONTINGENCY,,,,,,,,dc44f78c-0538-41b1-a903-1d67f2e18188,2025-08-26 06:15:00+00:00,2025-08-26 07:05:00+00:00
TESTER-001,SRGridStrategyUser-000,BTC/USDT.SIM,SIM-1-180,BTC/USDT.SIM-SRGridStrategyUser-000,SIM-001,T-b48956cea330badf-21447,LIMIT,BUY,0.045628,109582.49,GTC,,0.045628,MAKER,109582.49,0.0,['1.00000000 USDT'],FILLED,False,False,False,,NO_TRIGGER,,NO_CONTINGENCY,,,,,,,,7fe10c44-8906-4821-acc1-2c87fb9f3fec,2025-08-26 06:15:00+00:00,2025-08-26 11:45:00+00:00
TESTER-001,SRGridStrategyUser-000,BTC/USDT.SIM,SIM-1-181,BTC/USDT.SIM-SRGridStrategyUser-000,SIM-001,T-c903e68b2f1fcbaa-21249,LIMIT,SELL,0.045276,110433.77,GTC,,0.045276,MAKER,110433.77,0.0,['1.00000000 USDT'],FILLED,False,False,False,,NO_TRIGGER,,NO_CONTINGENCY,,,,,,,,89c527a8-59ef-4d73-9d1d-ff86740d8883,2025-08-26 06:15:00+00:00,2025-08-26 07:30:00+00:00
TESTER-001,SRGridStrategyUser-000,BTC/USDT.SIM,SIM-1-182,BTC/USDT.SIM-SRGridStrategyUser-000,SIM-001,T-63c65a083e1a7dce-21491,LIMIT,SELL,0.045160,110717.53,GTC,,0.045160,MAKER,110717.53,0.0,['1.00000000 USDT'],FILLED,False,False,False,,NO_TRIGGER,,NO_CONTINGENCY,,,,,,,,25322880-9055-4666-8eea-734d317d40c4,2025-08-26 06:15:00+00:00,2025-08-26 12:40:00+00:00
TESTER-001,SRGridStrategyUser-000,BTC/USDT.SIM,SIM-1-183,BTC/USDT.SIM-SRGridStrategyUser-000,SIM-001,T-c903e68b2f1fcbaa-21250,LIMIT,SELL,0.045276,110433.77,GTC,,0.045276,MAKER,110433.77,0.0,['1.00000000 USDT'],FILLED,False,False,False,,NO_TRIGGER,,NO_CONTINGENCY,,,,,,,,c6403d52-88e9-4b65-940e-a5c3cd41dd6a,2025-08-26 07:05:00+00:00,2025-08-26 07:30:00+00:00
TESTER-001,SRGridStrategyUser-000,BTC/USDT.SIM,SIM-1-184,BTC/USDT.SIM-SRGridStrategyUser-000,SIM-001,T-63c65a083e1a7dce-21492,LIMIT,SELL,0.045160,110717.53,GTC,,0.045160,MAKER,110717.53,0.0,['1.00000000 USDT'],FILLED,False,False,False,,NO_TRIGGER,,NO_CONTINGENCY,,,,,,,,7b913ab4-5412-4a95-8f1b-b86419c6b4b9,2025-08-26 07:05:00+00:00,2025-08-26 12:40:00+00:00
TESTER-001,SRGridStrategyUser-000,BTC/USDT.SIM,SIM-1-185,BTC/USDT.SIM-SRGridStrategyUser-000,SIM-001,T-b48956cea330badf-21448,LIMIT,BUY,0.045628,109582.49,GTC,,0.045628,MAKER,109582.49,0.0,['1.00000000 USDT'],FILLED,False,False,False,,NO_TRIGGER,,NO_CONTINGENCY,,,,,,,,f4706366-82d9-457e-bfc6-f21703f62e07,2025-08-26 07:30:00+00:00,2025-08-26 11:45:00+00:00
TESTER-001,SRGridStrategyUser-000,BTC/USDT.SIM,SIM-1-186,BTC/USDT.SIM-SRGridStrategyUser-000,SIM-001,T-63c65a083e1a7dce-21493,LIMIT,SELL,0.045160,110717.53,GTC,,0.045160,MAKER,110717.53,0.0,['1.00000000 USDT'],FILLED,False,False,False,,NO_TRIGGER,,NO_CONTINGENCY,,,,,,,,3bb4856d-5062-445a-8eef-3056bf1f3393,2025-08-26 11:45:00+00:00,2025-08-26 12:40:00+00:00
TESTER-001,SRGridStrategyUser-000,BTC/USDT.SIM,SIM-1-187,BTC/USDT.SIM-SRGridStrategyUser-000,SIM-001,T-81aba6d958a1227c-22058,LIMIT,BUY,0.044829,111534.52,GTC,,0.044829,MAKER,111534.52,0.0,['1.00000000 USDT'],FILLED,False,False,False,,NO_TRIGGER,,NO_CONTINGENCY,,,,,,,,ac093344-03c0-4f72-b6fe-3ed0b9c57cd7,2025-08-26 22:15:00+00:00,2025-08-27 00:45:00+00:00
TESTER-001,SRGridStrategyUser-000,BTC/USDT.SIM,SIM-1-188,BTC/USDT.SIM-SRGridStrategyUser-000,SIM-001,T-952dbd193f752185-22085,LIMIT,BUY,0.044964,111199.34,GTC,,0.044964,MAKER,111199.34,0.0,['1.00000000 USDT'],FILLED,False,False,False,,NO_TRIGGER,,NO_CONTINGENCY,,,,,,,,84f9c95f-a9b9-4ef5-b317-a92b6bd02553,2025-08-26 22:15:00+00:00,2025-08-27 01:20:00+00:00
TESTER-001,SRGridStrategyUser-000,BTC/USDT.SIM,SIM-1-189,BTC/USDT.SIM-SRGridStrategyUser-000,SIM-001,T-55a31b5e5024a81b-21980,LIMIT,SELL,0.044561,112204.88,GTC,,0.044561,MAKER,112204.88,0.0,['1.00000000 USDT'],FILLED,False,False,False,,NO_TRIGGER,,NO_CONTINGENCY,,,,,,,,c3c30dc8-4f74-497d-989e-932cd9e0fdb0,2025-08-26 22:15:00+00:00,2025-08-26 23:05:00+00:00
TESTER-001,SRGridStrategyUser-000,BTC/USDT.SIM,SIM-1-191,BTC/USDT.SIM-SRGridStrategyUser-000,SIM-001,T-81aba6d958a1227c-22059,LIMIT,BUY,0.044829,111534.52,GTC,,0.044829,MAKER,111534.52,0.0,['1.00000000 USDT'],FILLED,False,False,False,,NO_TRIGGER,,NO_CONTINGENCY,,,,,,,,48f45109-2d46-46c7-bc42-d4acbb7e79a3,2025-08-26 23:05:00+00:00,2025-08-27 00:45:00+00:00
TESTER-001,SRGridStrategyUser-000,BTC/USDT.SIM,SIM-1-192,BTC/USDT.SIM-SRGridStrategyUser-000,SIM-001,T-952dbd193f752185-22086,LIMIT,BUY,0.044964,111199.34,GTC,,0.044964,MAKER,111199.34,0.0,['1.00000000 USDT'],FILLED,False,False,False,,NO_TRIGGER,,NO_CONTINGENCY,,,,,,,,ad960dfb-bd70-485a-9320-ee0c33f3e738,2025-08-26 23:05:00+00:00,2025-08-27 01:20:00+00:00
TESTER-001,SRGridStrategyUser-000,BTC/USDT.SIM,SIM-1-195,BTC/USDT.SIM-SRGridStrategyUser-000,SIM-001,T-89b5705163d6fd93-22693,LIMIT,SELL,0.044429,112537.86,GTC,,0.044429,MAKER,112537.86,0.0,['1.00000000 USDT'],FILLED,False,False,False,,NO_TRIGGER,,NO_CONTINGENCY,,,,,,,,71be9e9d-b4c0-40fa-a2f3-308b914c0836,2025-08-27 14:15:00+00:00,2025-08-27 14:30:00+00:00
TESTER-001,SRGridStrategyUser-000,BTC/USDT.SIM,SIM-1-197,BTC/USDT.SIM-SRGridStrategyUser-000,SIM-001,T-7235927293729906-23796,LIMIT,BUY,0.044419,112565.56,GTC,,0.044419,MAKER,112565.56000000001,0.0,['1.00000000 USDT'],FILLED,False,False,False,,NO_TRIGGER,,NO_CONTINGENCY,,,,,,,,e1b9c77b-c338-4953-8d52-7a5850bbb551,2025-08-28 06:15:00+00:00,2025-08-28 14:30:00+00:00
TESTER-001,SRGridStrategyUser-000,BTC/USDT.SIM,SIM-1-198,BTC/USDT.SIM-SRGridStrategyUser-000,SIM-001,T-5db7c4abaf0aeffd-23917,LIMIT,BUY,0.044528,112290.14,GTC,,0.044528,MAKER,112290.14,0.0,['1.00000000 USDT'],FILLED,False,False,False,,NO_TRIGGER,,NO_CONTINGENCY,,,,,,,,4ebb828a-6882-4f0b-97f7-95b26ac18110,2025-08-28 06:15:00+00:00,2025-08-28 17:05:00+00:00
TESTER-001,SRGridStrategyUser-000,BTC/USDT.SIM,SIM-1-199,BTC/USDT.SIM-SRGridStrategyUser-000,SIM-001,T-8107f6d38dd05735-23433,LIMIT,SELL,0.044202,113116.40,GTC,,0.044202,MAKER,113116.4,0.0,['1.00000000 USDT'],FILLED,False,False,False,,NO_TRIGGER,,NO_CONTINGENCY,,,,,,,,fb96567c-9ef5-4be6-acb9-4f581cfad46a,2025-08-28 06:15:00+00:00,2025-08-28 06:30:00+00:00
TESTER-001,SRGridStrategyUser-000,BTC/USDT.SIM,SIM-1-200,BTC/USDT.SIM-SRGridStrategyUser-000,SIM-001,T-10f341dbd0d56863-23740,LIMIT,SELL,0.040330,113391.82,GTC,,0.040330,MAKER,113391.82,0.0,['0.91000000 USDT'],FILLED,False,False,False,,NO_TRIGGER,,NO_CONTINGENCY,,,,,,,,6708f759-a3a5-4fe0-a5e2-9d947dc1436a,2025-08-28 06:15:00+00:00,2025-08-28 13:20:00+00:00
TESTER-001,SRGridStrategyUser-000,BTC/USDT.SIM,SIM-1-201,BTC/USDT.SIM-SRGridStrategyUser-000,SIM-001,T-7235927293729906-23797,LIMIT,BUY,0.044419,112565.56,GTC,,0.044419,MAKER,112565.56000000001,0.0,['1.00000000 USDT'],FILLED,False,False,False,,NO_TRIGGER,,NO_CONTINGENCY,,,,,,,,a8fed932-9b02-4610-8ebb-aa0da7b3b04f,2025-08-28 06:30:00+00:00,2025-08-28 14:30:00+00:00
TESTER-001,SRGridStrategyUser-000,BTC/USDT.SIM,SIM-1-202,BTC/USDT.SIM-SRGridStrategyUser-000,SIM-001,T-5db7c4abaf0aeffd-23918,LIMIT,BUY,0.044528,112290.14,GTC,,0.044528,MAKER,112290.14,0.0,['1.00000000 USDT'],FILLED,False,False,False,,NO_TRIGGER,,NO_CONTINGENCY,,,,,,,,97b2477d-7621-4d5f-a223-103424658b27,2025-08-28 06:30:00+00:00,2025-08-28 17:05:00+00:00
TESTER-001,SRGridStrategyUser-000,BTC/USDT.SIM,SIM-1-203,BTC/USDT.SIM-SRGridStrategyUser-000,SIM-001,T-7235927293729906-23798,LIMIT,BUY,0.044419,112565.56,GTC,,0.044419,MAKER,112565.56000000001,0.0,['1.00000000 USDT'],FILLED,False,False,False,,NO_TRIGGER,,NO_CONTINGENCY,,,,,,,,c71f08a2-822e-492c-a243-8bacbc2d2e17,2025-08-28 13:20:00+00:00,2025-08-28 14:30:00+00:00
TESTER-001,SRGridStrategyUser-000,BTC/USDT.SIM,SIM-1-204,BTC/USDT.SIM-SRGridStrategyUser-000,SIM-001,T-5db7c4abaf0aeffd-23919,LIMIT,BUY,0.044528,112290.14,GTC,,0.044528,MAKER,112290.14,0.0,['1.00000000 USDT'],FILLED,False,False,False,,NO_TRIGGER,,NO_CONTINGENCY,,,,,,,,13342ba1-1e39-4473-a5ba-041e75c4f68e,2025-08-28 13:20:00+00:00,2025-08-28 17:05:00+00:00
TESTER-001,SRGridStrategyUser-000,BTC/USDT.SIM,SIM-1-205,BTC/USDT.SIM-SRGridStrategyUser-000,SIM-001,T-d3dcbc5c2536dde7-24170,LIMIT,SELL,0.044457,112469.23,GTC,,0.044457,MAKER,112469.23,0.0,['1.00000000 USDT'],FILLED,False,False,False,,NO_TRIGGER,,NO_CONTINGENCY,,,,,,,,85330f29-a82f-413c-9ce3-1ddf3e6028c8,2025-08-28 22:15:00+00:00,2025-08-28 22:30:00+00:00
TESTER-001,SRGridStrategyUser-000,BTC/USDT.SIM,SIM-1-209,BTC/USDT.SIM-SRGridStrategyUser-000,SIM-001,T-41a241063687f8b2-25716,LIMIT,SELL,0.046029,108627.95,GTC,,0.046029,MAKER,108627.95,0.0,['1.00000000 USDT'],FILLED,False,False,False,,NO_TRIGGER,,NO_CONTINGENCY,,,,,,,,9958c650-8918-402f-b44c-b230977d53f5,2025-08-30 06:15:00+00:00,2025-08-30 08:05:00+00:00
TESTER-001,SRGridStrategyUser-000,BTC/USDT.SIM,SIM-1-211,BTC/USDT.SIM-SRGridStrategyUser-000,SIM-001,T-ceac8445bd790489-26405,LIMIT,SELL,0.046018,108654.02,GTC,,0.046018,MAKER,108654.01999999999,0.0,['1.00000000 USDT'],FILLED,False,False,False,,NO_TRIGGER,,NO_CONTINGENCY,,,,,,,,461cd5fa-aff4-460d-a8c8-0df7e5da5acb,2025-08-30 22:15:00+00:00,2025-08-30 23:25:00+00:00
TESTER-001,SRGridStrategyUser-000,BTC/USDT.SIM,SIM-1-212,BTC/USDT.SIM-SRGridStrategyUser-000,SIM-001,T-6c0738c590c7b09f-26418,LIMIT,SELL,0.045968,108772.29,GTC,,0.045968,MAKER,108772.29000000001,0.0,['1.00000000 USDT'],FILLED,False,False,False,,NO_TRIGGER,,NO_CONTINGENCY,,,,,,,,ace0a890-2fbc-493a-838d-736ad528a3e3,2025-08-30 22:15:00+00:00,2025-08-30 23:40:00+00:00
TESTER-001,SRGridStrategyUser-000,BTC/USDT.SIM,SIM-1-213,BTC/USDT.SIM-SRGridStrategyUser-000,SIM-001,T-b6bcb30cc38da1b5-27504,LIMIT,BUY,0.046236,108141.26,GTC,,0.046236,MAKER,108141.26000000001,0.0,['1.00000000 USDT'],FILLED,False,False,False,,NO_TRIGGER,,NO_CONTINGENCY,,,,,,,,1ddbe135-910c-4fb0-8ed8-78acd1889159,2025-08-31 14:15:00+00:00,2025-08-31 23:35:00+00:00
TESTER-001,SRGridStrategyUser-000,BTC/USDT.SIM,SIM-1-214,BTC/USDT.SIM-SRGridStrategyUser-000,SIM-001,T-cdd8d976719d34a3-27542,LIMIT,BUY,0.038823,107874.87,GTC,,0.038823,MAKER,107874.87,0.0,['0.84000000 USDT'],FILLED,False,False,False,,NO_TRIGGER,,NO_CONTINGENCY,,,,,,,,399ba1bf-5b7f-4d84-bf3d-61d2501dac55,2025-08-31 14:15:00+00:00,2025-09-01 00:20:00+00:00
TESTER-001,SRGridStrategyUser-000,BTC/USDT.SIM,SIM-1-215,BTC/USDT.SIM-SRGridStrategyUser-000,SIM-001,T-7943adb6b4028d99-27117,LIMIT,SELL,0.046009,108674.04,GTC,,0.046009,MAKER,108674.04000000001,0.0,['1.00000000 USDT'],FILLED,False,False,False,,NO_TRIGGER,,NO_CONTINGENCY,,,,,,,,3df2c9d7-6584-42a8-b2d9-9edd1ee49c6d,2025-08-31 14:15:00+00:00,2025-08-31 15:05:00+00:00
TESTER-001,SRGridStrategyUser-000,BTC/USDT.SIM,SIM-1-216,BTC/USDT.SIM-SRGridStrategyUser-000,SIM-001,T-e5c339c9038da8e8-27200,LIMIT,SELL,0.045897,108940.43,GTC,,0.045897,MAKER,108940.43,0.0,['1.00000000 USDT'],FILLED,False,False,False,,NO_TRIGGER,,NO_CONTINGENCY,,,,,,,,57ec72b6-a039-42fb-9b47-baa255ee0f22,2025-08-31 14:15:00+00:00,2025-08-31 16:50:00+00:00
TESTER-001,SRGridStrategyUser-000,BTC/USDT.SIM,SIM-1-217,BTC/USDT.SIM-SRGridStrategyUser-000,SIM-001,T-b6bcb30cc38da1b5-27505,LIMIT,BUY,0.046236,108141.26,GTC,,0.046236,MAKER,108141.26000000001,0.0,['1.00000000 USDT'],FILLED,False,False,False,,NO_TRIGGER,,NO_CONTINGENCY,,,,,,,,e2664d7b-530b-4305-976c-d3f38a488a0a,2025-08-31 15:05:00+00:00,2025-08-31 23:35:00+00:00
TESTER-001,SRGridStrategyUser-000,BTC/USDT.SIM,SIM-1-218,BTC/USDT.SIM-SRGridStrategyUser-000,SIM-001,T-cdd8d976719d34a3-27543,LIMIT,BUY,0.046350,107874.87,GTC,,0.046350,MAKER,107874.87,0.0,['1.00000000 USDT'],FILLED,False,False,False,,NO_TRIGGER,,NO_CONTINGENCY,,,,,,,,43b16762-7c5a-4809-b7b3-32f0fd1e838d,2025-08-31 15:05:00+00:00,2025-09-01 00:20:00+00:00
TESTER-001,SRGridStrategyUser-000,BTC/USDT.SIM,SIM-1-219,BTC/USDT.SIM-SRGridStrategyUser-000,SIM-001,T-b6bcb30cc38da1b5-27506,LIMIT,BUY,0.046236,108141.26,GTC,,0.046236,MAKER,108141.26000000001,0.0,['1.00000000 USDT'],FILLED,False,False,False,,NO_TRIGGER,,NO_CONTINGENCY,,,,,,,,c345d802-5c7f-4c24-8ebb-2ed6598fc2d8,2025-08-31 16:50:00+00:00,2025-08-31 23:35:00+00:00
TESTER-001,SRGridStrategyUser-000,BTC/USDT.SIM,SIM-1-220,BTC/USDT.SIM-SRGridStrategyUser-000,SIM-001,T-cdd8d976719d34a3-27544,LIMIT,BUY,0.046350,107874.87,GTC,,0.046350,MAKER,107874.87,0.0,['1.00000000 USDT'],FILLED,False,False,False,,NO_TRIGGER,,NO_CONTINGENCY,,,,,,,,f5c9f072-e262-4162-b25e-0f661d124e4d,2025-08-31 16:50:00+00:00,2025-09-01 00:20:00+00:00
TESTER-001,SRGridStrategyUser-000,BTC/USDT.SIM,SIM-1-221,BTC/USDT.SIM-SRGridStrategyUser-000,SIM-001,T-13c842f0d49e9965-27870,LIMIT,SELL,0.046176,108280.79,GTC,,0.046176,MAKER,108280.79000000001,0.0,['1.00000000 USDT'],FILLED,False,False,False,,NO_TRIGGER,,NO_CONTINGENCY,,,,,,,,64dc770b-a6ba-4bb9-809c-91270f4ba6db,2025-09-01 06:15:00+00:00,2025-09-01 07:20:00+00:00
TESTER-001,SRGridStrategyUser-000,BTC/USDT.SIM,SIM-1-222,BTC/USDT.SIM-SRGridStrategyUser-000,SIM-001,T-269606955a922c0a-27879,LIMIT,SELL,0.046008,108676.29,GTC,,0.046008,MAKER,108676.29000000001,0.0,['1.00000000 USDT'],FILLED,False,False,False,,NO_TRIGGER,,NO_CONTINGENCY,,,,,,,,e67f9a2c-f555-45fd-9a77-7ff59c71a59e,2025-09-01 06:15:00+00:00,2025-09-01 07:30:00+00:00
TESTER-001,SRGridStrategyUser-000,BTC/USDT.SIM,SIM-1-223,BTC/USDT.SIM-SRGridStrategyUser-000,SIM-001,T-c24525227a5a481d-28603,LIMIT,SELL,0.046050,108577.67,GTC,,0.046050,MAKER,108577.67,0.0,['1.00000000 USDT'],FILLED,False,False,False,,NO_TRIGGER,,NO_CONTINGENCY,,,,,,,,ebc16a92-3bb3-4115-8787-dcc6c12ad5ed,2025-09-01 22:15:00+00:00,2025-09-01 23:00:00+00:00
TESTER-001,SRGridStrategyUser-000,BTC/USDT.SIM,SIM-1-224,BTC/USDT.SIM-SRGridStrategyUser-000,SIM-001,T-9a5036a211f6e29c-28635,LIMIT,SELL,0.045834,109090.34,GTC,,0.045834,MAKER,109090.34,0.0,['1.00000000 USDT'],FILLED,False,False,False,,NO_TRIGGER,,NO_CONTINGENCY,,,,,,,,e7dd546a-8f4d-40cb-ab3f-eaba785b1ea0,2025-09-01 22:15:00+00:00,2025-09-01 23:40:00+00:00
TESTER-001,SRGridStrategyUser-000,BTC/USDT.SIM,SIM-1-229,BTC/USDT.SIM-SRGridStrategyUser-000,SIM-001,T-4f4987118974e3e3-30110,LIMIT,SELL,0.045056,110973.57,GTC,,0.045056,MAKER,110973.57,0.0,['1.00000000 USDT'],FILLED,False,False,False,,NO_TRIGGER,,NO_CONTINGENCY,,,,,,,,b2055f62-c846-4d17-a228-7a06f3b198e6,2025-09-03 06:15:00+00:00,2025-09-03 07:35:00+00:00
TESTER-001,SRGridStrategyUser-000,BTC/USDT.SIM,SIM-1-230,BTC/USDT.SIM-SRGridStrategyUser-000,SIM-001,T-7452f89e3aeebafb-30135,LIMIT,SELL,0.044955,111222.13,GTC,,0.044955,MAKER,111222.13,0.0,['1.00000000 USDT'],FILLED,False,False,False,,NO_TRIGGER,,NO_CONTINGENCY,,,,,,,,5fbd327e-2cc4-4adc-bcc1-77a96534e694,2025-09-03 06:15:00+00:00,2025-09-03 08:05:00+00:00
TESTER-001,SRGridStrategyUser-000,BTC/USDT.SIM,SIM-1-235,BTC/USDT.SIM-SRGridStrategyUser-000,SIM-001,T-817d5cd1116ae678-30806,LIMIT,BUY,0.044669,111933.40,GTC,,0.044669,MAKER,111933.40000000001,0.0,['1.00000000 USDT'],FILLED,False,False,False,,NO_TRIGGER,,NO_CONTINGENCY,,,,,,,,2c49d44f-cc03-4f4d-9e96-b57676dd0521,2025-09-03 22:15:00+00:00,2025-09-03 22:30:00+00:00
TESTER-001,SRGridStrategyUser-000,BTC/USDT.SIM,SIM-1-236,BTC/USDT.SIM-SRGridStrategyUser-000,SIM-001,T-18f6c230f934d53f-30853,LIMIT,BUY,0.044755,111718.80,GTC,,0.044755,MAKER,111718.8,0.0,['1.00000000 USDT'],FILLED,False,False,False,,NO_TRIGGER,,NO_CONTINGENCY,,,,,,,,c67ba57a-7483-43cf-9456-383b987f2bc5,2025-09-03 22:15:00+00:00,2025-09-03 23:30:00+00:00
TESTER-001,SRGridStrategyUser-000,BTC/USDT.SIM,SIM-1-245,BTC/USDT.SIM-SRGridStrategyUser-000,SIM-001,T-98d85b58a7ffaef3-31884,LIMIT,SELL,0.045242,110516.52,GTC,,0.045242,MAKER,110516.51999999999,0.0,['1.00000000 USDT'],FILLED,False,False,False,,NO_TRIGGER,,NO_CONTINGENCY,,,,,,,,59527cbb-6747-414b-a1a1-29d223095423,2025-09-04 14:15:00+00:00,2025-09-04 21:50:00+00:00
TESTER-001,SRGridStrategyUser-000,BTC/USDT.SIM,SIM-1-246,BTC/USDT.SIM-SRGridStrategyUser-000,SIM-001,T-5b4f1282aa151a66-31933,LIMIT,SELL,0.044995,111123.00,GTC,,0.044995,MAKER,111123.0,0.0,['1.00000000 USDT'],FILLED,False,False,False,,NO_TRIGGER,,NO_CONTINGENCY,,,,,,,,1ce35036-86b6-4248-8319-cd440458ab80,2025-09-04 14:15:00+00:00,2025-09-04 22:55:00+00:00
TESTER-001,SRGridStrategyUser-000,BTC/USDT.SIM,SIM-1-251,BTC/USDT.SIM-SRGridStrategyUser-000,SIM-001,T-3b92bd739c473b05-32652,LIMIT,BUY,0.044914,111323.86,GTC,,0.044914,MAKER,111323.86,0.0,['1.00000000 USDT'],FILLED,False,False,False,,NO_TRIGGER,,NO_CONTINGENCY,,,,,,,,11d757c5-5de7-4e99-9656-4c45c6947e9e,2025-09-05 06:15:00+00:00,2025-09-05 14:15:00+00:00
TESTER-001,SRGridStrategyUser-000,BTC/USDT.SIM,SIM-1-252,BTC/USDT.SIM-SRGridStrategyUser-000,SIM-001,T-d6dfdfa296dcd84c-32659,LIMIT,BUY,0.044992,111131.72,GTC,,0.044992,MAKER,111131.71999999999,0.0,['1.00000000 USDT'],FILLED,False,False,False,,NO_TRIGGER,,NO_CONTINGENCY,,,,,,,,9508f1ac-e99f-41db-ab81-1b8c58591329,2025-09-05 06:15:00+00:00,2025-09-05 14:20:00+00:00
TESTER-001,SRGridStrategyUser-000,BTC/USDT.SIM,SIM-1-253,BTC/USDT.SIM-SRGridStrategyUser-000,SIM-001,T-3c0deff8f7759fbc-32303,LIMIT,SELL,0.044759,111708.14,GTC,,0.044759,MAKER,111708.14,0.0,['1.00000000 USDT'],FILLED,False,False,False,,NO_TRIGGER,,NO_CONTINGENCY,,,,,,,,d00b2a10-2fc4-42a3-aab9-87d325eae704,2025-09-05 06:15:00+00:00,2025-09-05 06:50:00+00:00
TESTER-001,SRGridStrategyUser-000,BTC/USDT.SIM,SIM-1-254,BTC/USDT.SIM-SRGridStrategyUser-000,SIM-001,T-99a2f64cc0b07045-32308,LIMIT,SELL,0.044683,111900.28,GTC,,0.044683,MAKER,111900.28000000001,0.0,['1.00000000 USDT'],FILLED,False,False,False,,NO_TRIGGER,,NO_CONTINGENCY,,,,,,,,a6f88391-dfc0-4ca8-a92c-a942880fb78c,2025-09-05 06:15:00+00:00,2025-09-05 06:55:00+00:00
TESTER-001,SRGridStrategyUser-000,BTC/USDT.SIM,SIM-1-255,BTC/USDT.SIM-SRGridStrategyUser-000,SIM-001,T-3b92bd739c473b05-32653,LIMIT,BUY,0.044914,111323.86,GTC,,0.044914,MAKER,111323.86,0.0,['1.00000000 USDT'],FILLED,False,False,False,,NO_TRIGGER,,NO_CONTINGENCY,,,,,,,,f5d35ea8-08a6-412d-83b9-06e4f1e82b42,2025-09-05 06:50:00+00:00,2025-09-05 14:15:00+00:00
TESTER-001,SRGridStrategyUser-000,BTC/USDT.SIM,SIM-1-256,BTC/USDT.SIM-SRGridStrategyUser-000,SIM-001,T-d6dfdfa296dcd84c-32660,LIMIT,BUY,0.044992,111131.72,GTC,,0.044992,MAKER,111131.71999999999,0.0,['1.00000000 USDT'],FILLED,False,False,False,,NO_TRIGGER,,NO_CONTINGENCY,,,,,,,,059150fe-2b27-413d-b8e1-a8e7d7993ba5,2025-09-05 06:50:00+00:00,2025-09-05 14:20:00+00:00
TESTER-001,SRGridStrategyUser-000,BTC/USDT.SIM,SIM-1-257,BTC/USDT.SIM-SRGridStrategyUser-000,SIM-001,T-3b92bd739c473b05-32654,LIMIT,BUY,0.044914,111323.86,GTC,,0.044914,MAKER,111323.86,0.0,['1.00000000 USDT'],FILLED,False,False,False,,NO_TRIGGER,,NO_CONTINGENCY,,,,,,,,afe2c3ad-4a3e-45be-be7e-5ce544f08552,2025-09-05 06:55:00+00:00,2025-09-05 14:15:00+00:00
TESTER-001,SRGridStrategyUser-000,BTC/USDT.SIM,SIM-1-258,BTC/USDT.SIM-SRGridStrategyUser-000,SIM-001,T-d6dfdfa296dcd84c-32661,LIMIT,BUY,0.044992,111131.72,GTC,,0.044992,MAKER,111131.71999999999,0.0,['1.00000000 USDT'],FILLED,False,False,False,,NO_TRIGGER,,NO_CONTINGENCY,,,,,,,,8f43127f-97ac-445c-901b-488e87227227,2025-09-05 06:55:00+00:00,2025-09-05 14:20:00+00:00
TESTER-001,SRGridStrategyUser-000,BTC/USDT.SIM,SIM-1-259,BTC/USDT.SIM-SRGridStrategyUser-000,SIM-001,T-e2f0a34a754d7b2f-33238,LIMIT,SELL,0.044964,111200.69,GTC,,0.044964,MAKER,111200.69,0.0,['1.00000000 USDT'],FILLED,False,False,False,,NO_TRIGGER,,NO_CONTINGENCY,,,,,,,,6292fbc8-ae65-4c29-8470-c51523710820,2025-09-05 22:15:00+00:00,2025-09-06 02:55:00+00:00
TESTER-001,SRGridStrategyUser-000,BTC/USDT.SIM,SIM-1-263,BTC/USDT.SIM-SRGridStrategyUser-000,SIM-001,T-d43524bdff138559-34472,LIMIT,SELL,0.045185,110655.51,GTC,,0.045185,MAKER,110655.51,0.0,['1.00000000 USDT'],FILLED,False,False,False,,NO_TRIGGER,,NO_CONTINGENCY,,,,,,,,fe2a7150-67c0-4c36-826a-3f7472136b28,2025-09-07 06:15:00+00:00,2025-09-07 07:25:00+00:00
TESTER-001,SRGridStrategyUser-000,BTC/USDT.SIM,SIM-1-264,BTC/USDT.SIM-SRGridStrategyUser-000,SIM-001,T-5500de68a501140f-34477,LIMIT,SELL,0.045157,110725.81,GTC,,0.045157,MAKER,110725.81,0.0,['1.00000000 USDT'],FILLED,False,False,False,,NO_TRIGGER,,NO_CONTINGENCY,,,,,,,,b388011f-8bd7-4da9-986d-ae5b462f419a,2025-09-07 06:15:00+00:00,2025-09-07 07:30:00+00:00
TESTER-001,SRGridStrategyUser-000,BTC/USDT.SIM,SIM-1-265,BTC/USDT.SIM-SRGridStrategyUser-000,SIM-001,T-ce926cc05710fd4e-35143,LIMIT,BUY,0.045001,111107.83,GTC,,0.045001,MAKER,111107.83,0.0,['1.00000000 USDT'],FILLED,False,False,False,,NO_TRIGGER,,NO_CONTINGENCY,,,,,,,,c160cdc7-4d51-4d01-a03c-33d1383680e2,2025-09-07 22:15:00+00:00,2025-09-07 22:35:00+00:00
TESTER-001,SRGridStrategyUser-000,BTC/USDT.SIM,SIM-1-266,BTC/USDT.SIM-SRGridStrategyUser-000,SIM-001,T-07e993d9c487e650-35228,LIMIT,BUY,0.045051,110985.93,GTC,,0.045051,MAKER,110985.93,0.0,['1.00000000 USDT'],FILLED,False,False,False,,NO_TRIGGER,,NO_CONTINGENCY,,,,,,,,b8e9af20-dbc4-4638-ae31-15d0de6669cf,2025-09-07 22:15:00+00:00,2025-09-08 00:20:00+00:00
TESTER-001,SRGridStrategyUser-000,BTC/USDT.SIM,SIM-1-267,BTC/USDT.SIM-SRGridStrategyUser-000,SIM-001,T-d394f06b2320b223-35138,LIMIT,SELL,0.044903,111351.61,GTC,,0.044903,MAKER,111351.61,0.0,['1.00000000 USDT'],FILLED,False,False,False,,NO_TRIGGER,,NO_CONTINGENCY,,,,,,,,8630f502-3858-4803-af45-243f4fbcd614,2025-09-07 22:15:00+00:00,2025-09-07 22:30:00+00:00
TESTER-001,SRGridStrategyUser-000,BTC/USDT.SIM,SIM-1-268,BTC/USDT.SIM-SRGridStrategyUser-000,SIM-001,T-e910c273dfc1ffc5-35179,LIMIT,SELL,0.044854,111473.51,GTC,,0.044854,MAKER,111473.51,0.0,['1.00000000 USDT'],FILLED,False,False,False,,NO_TRIGGER,,NO_CONTINGENCY,,,,,,,,ab472a43-65df-4b31-b475-277d3d82739a,2025-09-07 22:15:00+00:00,2025-09-07 23:20:00+00:00
TESTER-001,SRGridStrategyUser-000,BTC/USDT.SIM,SIM-1-269,BTC/USDT.SIM-SRGridStrategyUser-000,SIM-001,T-ce926cc05710fd4e-35144,LIMIT,BUY,0.045001,111107.83,GTC,,0.045001,MAKER,111107.83,0.0,['1.00000000 USDT'],FILLED,False,False,False,,NO_TRIGGER,,NO_CONTINGENCY,,,,,,,,29a75ee1-81c4-4296-a7f1-e03e7814f251,2025-09-07 22:30:00+00:00,2025-09-07 22:35:00+00:00
TESTER-001,SRGridStrategyUser-000,BTC/USDT.SIM,SIM-1-270,BTC/USDT.SIM-SRGridStrategyUser-000,SIM-001,T-07e993d9c487e650-35229,LIMIT,BUY,0.045051,110985.93,GTC,,0.045051,MAKER,110985.93,0.0,['1.00000000 USDT'],FILLED,False,False,False,,NO_TRIGGER,,NO_CONTINGENCY,,,,,,,,9be87e8f-80f2-47e4-9f44-c50b8061ff00,2025-09-07 22:30:00+00:00,2025-09-08 00:20:00+00:00
TESTER-001,SRGridStrategyUser-000,BTC/USDT.SIM,SIM-1-271,BTC/USDT.SIM-SRGridStrategyUser-000,SIM-001,T-e910c273dfc1ffc5-35180,LIMIT,SELL,0.044854,111473.51,GTC,,0.044854,MAKER,111473.51,0.0,['1.00000000 USDT'],FILLED,False,False,False,,NO_TRIGGER,,NO_CONTINGENCY,,,,,,,,e20c17e7-df84-481c-9272-d86a93ba2ea8,2025-09-07 22:35:00+00:00,2025-09-07 23:20:00+00:00
TESTER-001,SRGridStrategyUser-000,BTC/USDT.SIM,SIM-1-272,BTC/USDT.SIM-SRGridStrategyUser-000,SIM-001,T-07e993d9c487e650-35230,LIMIT,BUY,0.045051,110985.93,GTC,,0.045051,MAKER,110985.93,0.0,['1.00000000 USDT'],FILLED,False,False,False,,NO_TRIGGER,,NO_CONTINGENCY,,,,,,,,275eb78f-2248-44bf-8c36-0a98894195f4,2025-09-07 23:20:00+00:00,2025-09-08 00:20:00+00:00
TESTER-001,SRGridStrategyUser-000,BTC/USDT.SIM,SIM-1-273,BTC/USDT.SIM-SRGridStrategyUser-000,SIM-001,T-451251cd7c126e4a-35883,LIMIT,SELL,0.044437,112519.36,GTC,,0.044437,MAKER,112519.36,0.0,['1.00000000 USDT'],FILLED,False,False,False,,NO_TRIGGER,,NO_CONTINGENCY,,,,,,,,038cf2b9-378b-4a1c-8d12-e52edc938836,2025-09-08 14:15:00+00:00,2025-09-08 14:30:00+00:00
TESTER-001,SRGridStrategyUser-000,BTC/USDT.SIM,SIM-1-275,BTC/USDT.SIM-SRGridStrategyUser-000,SIM-001,T-682a22c98a465834-36965,LIMIT,BUY,0.044530,112283.73,GTC,,0.044530,MAKER,112283.73000000001,0.0,['1.00000000 USDT'],FILLED,False,False,False,,NO_TRIGGER,,NO_CONTINGENCY,,,,,,,,f29fd91d-30dc-4109-9eb5-6b67adaf8b94,2025-09-09 06:15:00+00:00,2025-09-09 14:00:00+00:00
TESTER-001,SRGridStrategyUser-000,BTC/USDT.SIM,SIM-1-276,BTC/USDT.SIM-SRGridStrategyUser-000,SIM-001,T-51bfb9432bd5dce1-36990,LIMIT,BUY,0.044659,111959.11,GTC,,0.044659,MAKER,111959.11,0.0,['1.00000000 USDT'],FILLED,False,False,False,,NO_TRIGGER,,NO_CONTINGENCY,,,,,,,,0dc884f4-7be9-4268-b7f5-f09a5d0b6f61,2025-09-09 06:15:00+00:00,2025-09-09 14:30:00+00:00
TESTER-001,SRGridStrategyUser-000,BTC/USDT.SIM,SIM-1-277,BTC/USDT.SIM-SRGridStrategyUser-000,SIM-001,T-a91a67a3e02e57ee-36632,LIMIT,SELL,0.044274,112932.95,GTC,,0.044274,MAKER,112932.95,0.0,['1.00000000 USDT'],FILLED,False,False,False,,NO_TRIGGER,,NO_CONTINGENCY,,,,,,,,da709f2d-5d17-4e00-9a89-98fe41e3826a,2025-09-09 06:15:00+00:00,2025-09-09 06:45:00+00:00
TESTER-001,SRGridStrategyUser-000,BTC/USDT.SIM,SIM-1-278,BTC/USDT.SIM-SRGridStrategyUser-000,SIM-001,T-e379950d170e6963-36672,LIMIT,SELL,0.021797,113257.57,GTC,,0.021797,MAKER,113257.57,0.0,['0.49000000 USDT'],FILLED,False,False,False,,NO_TRIGGER,,NO_CONTINGENCY,,,,,,,,5e284b5e-eefc-4955-83f8-30e0693d3b06,2025-09-09 06:15:00+00:00,2025-09-09 07:35:00+00:00
TESTER-001,SRGridStrategyUser-000,BTC/USDT.SIM,SIM-1-279,BTC/USDT.SIM-SRGridStrategyUser-000,SIM-001,T-682a22c98a465834-36966,LIMIT,BUY,0.044530,112283.73,GTC,,0.044530,MAKER,112283.73000000001,0.0,['1.00000000 USDT'],FILLED,False,False,False,,NO_TRIGGER,,NO_CONTINGENCY,,,,,,,,92b40cf7-7aad-49e5-a9f6-1ceaa2c94dd4,2025-09-09 06:45:00+00:00,2025-09-09 14:00:00+00:00
TESTER-001,SRGridStrategyUser-000,BTC/USDT.SIM,SIM-1-280,BTC/USDT.SIM-SRGridStrategyUser-000,SIM-001,T-51bfb9432bd5dce1-36991,LIMIT,BUY,0.044659,111959.11,GTC,,0.044659,MAKER,111959.11,0.0,['1.00000000 USDT'],FILLED,False,False,False,,NO_TRIGGER,,NO_CONTINGENCY,,,,,,,,833f0676-5ce3-4759-8275-01c2c76bad7c,2025-09-09 06:45:00+00:00,2025-09-09 14:30:00+00:00
TESTER-001,SRGridStrategyUser-000,BTC/USDT.SIM,SIM-1-281,BTC/USDT.SIM-SRGridStrategyUser-000,SIM-001,T-682a22c98a465834-36967,LIMIT,BUY,0.044530,112283.73,GTC,,0.044530,MAKER,112283.73000000001,0.0,['1.00000000 USDT'],FILLED,False,False,False,,NO_TRIGGER,,NO_CONTINGENCY,,,,,,,,9a90642b-1846-4b57-86ed-201667f06b58,2025-09-09 07:35:00+00:00,2025-09-09 14:00:00+00:00
TESTER-001,SRGridStrategyUser-000,BTC/USDT.SIM,SIM-1-282,BTC/USDT.SIM-SRGridStrategyUser-000,SIM-001,T-51bfb9432bd5dce1-36992,LIMIT,BUY,0.044659,111959.11,GTC,,0.044659,MAKER,111959.11,0.0,['1.00000000 USDT'],FILLED,False,False,False,,NO_TRIGGER,,NO_CONTINGENCY,,,,,,,,0c5c6361-cd30-46ad-9fc1-f77f19796358,2025-09-09 07:35:00+00:00,2025-09-09 14:30:00+00:00
TESTER-001,SRGridStrategyUser-000,BTC/USDT.SIM,SIM-1-283,BTC/USDT.SIM-SRGridStrategyUser-000,SIM-001,T-0c465d376d1778de-37699,LIMIT,SELL,0.044758,111712.95,GTC,,0.044758,MAKER,111712.95,0.0,['1.00000000 USDT'],FILLED,False,False,False,,NO_TRIGGER,,NO_CONTINGENCY,,,,,,,,7136865d-5695-4c1b-8c79-3b1bd0982991,2025-09-09 22:15:00+00:00,2025-09-10 05:50:00+00:00
TESTER-001,SRGridStrategyUser-000,BTC/USDT.SIM,SIM-1-284,BTC/USDT.SIM-SRGridStrategyUser-000,SIM-001,T-33d5bd361ce78cb4-37740,LIMIT,SELL,0.044662,111953.14,GTC,,0.044662,MAKER,111953.14,0.0,['1.00000000 USDT'],FILLED,False,False,False,,NO_TRIGGER,,NO_CONTINGENCY,,,,,,,,eddb8f23-3b3b-4df3-a7e9-916afd9120f5,2025-09-09 22:15:00+00:00,2025-09-10 06:40:00+00:00
TESTER-001,SRGridStrategyUser-000,BTC/USDT.SIM,SIM-1-287,BTC/USDT.SIM-SRGridStrategyUser-000,SIM-001,T-388fbbf609d98cec-38848,LIMIT,SELL,0.043699,114419.13,GTC,,0.043699,MAKER,114419.13,0.0,['1.00000000 USDT'],FILLED,False,False,False,,NO_TRIGGER,,NO_CONTINGENCY,,,,,,,,ed5cd51f-7a9e-4887-9f94-85c006e34e4d,2025-09-11 06:15:00+00:00,2025-09-11 06:45:00+00:00
TESTER-001,SRGridStrategyUser-000,BTC/USDT.SIM,SIM-1-288,BTC/USDT.SIM-SRGridStrategyUser-000,SIM-001,T-aed542a4908a1c72-39176,LIMIT,SELL,0.043615,114640.63,GTC,,0.043615,MAKER,114640.63,0.0,['1.00000000 USDT'],FILLED,False,False,False,,NO_TRIGGER,,NO_CONTINGENCY,,,,,,,,50c76cd8-1d29-4f5d-97b8-612e3f560738,2025-09-11 06:15:00+00:00,2025-09-11 13:55:00+00:00
TESTER-001,SRGridStrategyUser-000,BTC/USDT.SIM,SIM-1-289,BTC/USDT.SIM-SRGridStrategyUser-000,SIM-001,T-48f7f0a0c0493bf4-39568,LIMIT,SELL,0.043579,114733.37,GTC,,0.043579,MAKER,114733.37,0.0,['1.00000000 USDT'],FILLED,False,False,False,,NO_TRIGGER,,NO_CONTINGENCY,,,,,,,,8ea34aa5-c5f3-42b6-ab74-6f0172f355d0,2025-09-11 22:15:00+00:00,2025-09-11 22:20:00+00:00
TESTER-001,SRGridStrategyUser-000,BTC/USDT.SIM,SIM-1-290,BTC/USDT.SIM-SRGridStrategyUser-000,SIM-001,T-48f7f0a0c0493bf4-39571,LIMIT,SELL,0.043542,114830.69,GTC,,0.043542,MAKER,114830.69,0.0,['1.00000000 USDT'],FILLED,False,False,False,,NO_TRIGGER,,NO_CONTINGENCY,,,,,,,,e0768893-456f-409f-9a84-d0a435f1b095,2025-09-11 22:15:00+00:00,2025-09-11 22:20:00+00:00
TESTER-001,SRGridStrategyUser-000,BTC/USDT.SIM,SIM-1-291,BTC/USDT.SIM-SRGridStrategyUser-000,SIM-001,T-c99a336015bcfcf0-40308,LIMIT,BUY,0.043527,114870.08,GTC,,0.043527,MAKER,114870.08,0.0,['1.00000000 USDT'],FILLED,False,False,False,,NO_TRIGGER,,NO_CONTINGENCY,,,,,,,,25b1637d-b7fc-43a2-a5cf-b6c7dbd43c49,2025-09-12 14:15:00+00:00,2025-09-12 14:40:00+00:00
TESTER-001,SRGridStrategyUser-000,BTC/USDT.SIM,SIM-1-293,BTC/USDT.SIM-SRGridStrategyUser-000,SIM-001,T-1ce5b1b54fd4fa8e-40435,LIMIT,SELL,0.043167,115829.88,GTC,,0.043167,MAKER,115829.88,0.0,['1.00000000 USDT'],FILLED,False,False,False,,NO_TRIGGER,,NO_CONTINGENCY,,,,,,,,60a2eaa6-f476-4965-a797-e87f858a190e,2025-09-12 14:15:00+00:00,2025-09-12 17:20:00+00:00
TESTER-001,SRGridStrategyUser-000,BTC/USDT.SIM,SIM-1-294,BTC/USDT.SIM-SRGridStrategyUser-000,SIM-001,T-15863c752e60f45e-40491,LIMIT,SELL,0.041401,116309.78,GTC,,0.041401,MAKER,116309.78,0.0,['0.96000000 USDT'],FILLED,False,False,False,,NO_TRIGGER,,NO_CONTINGENCY,,,,,,,,52492b3a-0047-4273-8788-d68f8f0c966f,2025-09-12 14:15:00+00:00,2025-09-12 18:30:00+00:00
TESTER-001,SRGridStrategyUser-000,BTC/USDT.SIM,SIM-1-295,BTC/USDT.SIM-SRGridStrategyUser-000,SIM-001,T-1ce5b1b54fd4fa8e-40436,LIMIT,SELL,0.043167,115829.88,GTC,,0.043167,MAKER,115829.88,0.0,['1.00000000 USDT'],FILLED,False,False,False,,NO_TRIGGER,,NO_CONTINGENCY,,,,,,,,4435eb91-373c-4e29-9447-eff122eba182,2025-09-12 14:40:00+00:00,2025-09-12 17:20:00+00:00
TESTER-001,SRGridStrategyUser-000,BTC/USDT.SIM,SIM-1-296,BTC/USDT.SIM-SRGridStrategyUser-000,SIM-001,T-15863c752e60f45e-40492,LIMIT,SELL,0.042989,116309.78,GTC,,0.042989,MAKER,116309.78,0.0,['1.00000000 USDT'],FILLED,False,False,False,,NO_TRIGGER,,NO_CONTINGENCY,,,,,,,,1cc61894-8daa-4e7a-9726-98ee6d627853,2025-09-12 14:40:00+00:00,2025-09-12 18:30:00+00:00
TESTER-001,SRGridStrategyUser-000,BTC/USDT.SIM,SIM-1-299,BTC/USDT.SIM-SRGridStrategyUser-000,SIM-001,T-7f8f5b80ae011d8c-41463,LIMIT,BUY,0.043272,115546.84,GTC,,0.043272,MAKER,115546.84000000001,0.0,['1.00000000 USDT'],FILLED,False,False,False,,NO_TRIGGER,,NO_CONTINGENCY,,,,,,,,4c7768ad-0511-449b-878b-d6af92a42898,2025-09-13 06:15:00+00:00,2025-09-13 16:20:00+00:00
TESTER-001,SRGridStrategyUser-000,BTC/USDT.SIM,SIM-1-300,BTC/USDT.SIM-SRGridStrategyUser-000,SIM-001,T-2f31c099c8894070-41482,LIMIT,BUY,0.043324,115410.56,GTC,,0.043324,MAKER,115410.56,0.0,['1.00000000 USDT'],FILLED,False,False,False,,NO_TRIGGER,,NO_CONTINGENCY,,,,,,,,a6f830c8-28df-4613-84da-128466042ec6,2025-09-13 06:15:00+00:00,2025-09-13 16:40:00+00:00
TESTER-001,SRGridStrategyUser-000,BTC/USDT.SIM,SIM-1-301,BTC/USDT.SIM-SRGridStrategyUser-000,SIM-001,T-33c7c8228c8d7362-41063,LIMIT,SELL,0.043171,115819.42,GTC,,0.043171,MAKER,115819.42,0.0,['1.00000000 USDT'],FILLED,False,False,False,,NO_TRIGGER,,NO_CONTINGENCY,,,,,,,,ab19554e-99d9-46c0-98fb-050d55210fba,2025-09-13 06:15:00+00:00,2025-09-13 07:10:00+00:00
TESTER-001,SRGridStrategyUser-000,BTC/USDT.SIM,SIM-1-302,BTC/USDT.SIM-SRGridStrategyUser-000,SIM-001,T-050ffde528dec5cf-41122,LIMIT,SELL,0.043120,115955.71,GTC,,0.043120,MAKER,115955.70999999999,0.0,['1.00000000 USDT'],FILLED,False,False,False,,NO_TRIGGER,,NO_CONTINGENCY,,,,,,,,0a04dca3-7075-4f43-9810-8eb297b83a1c,2025-09-13 06:15:00+00:00,2025-09-13 08:35:00+00:00
TESTER-001,SRGridStrategyUser-000,BTC/USDT.SIM,SIM-1-303,BTC/USDT.SIM-SRGridStrategyUser-000,SIM-001,T-7f8f5b80ae011d8c-41464,LIMIT,BUY,0.043272,115546.84,GTC,,0.043272,MAKER,115546.84000000001,0.0,['1.00000000 USDT'],FILLED,False,False,False,,NO_TRIGGER,,NO_CONTINGENCY,,,,,,,,f6d3a24f-4b82-483b-9d9e-bf5eec026392,2025-09-13 07:10:00+00:00,2025-09-13 16:20:00+00:00
TESTER-001,SRGridStrategyUser-000,BTC/USDT.SIM,SIM-1-304,BTC/USDT.SIM-SRGridStrategyUser-000,SIM-001,T-2f31c099c8894070-41483,LIMIT,BUY,0.043324,115410.56,GTC,,0.043324,MAKER,115410.56,0.0,['1.00000000 USDT'],FILLED,False,False,False,,NO_TRIGGER,,NO_CONTINGENCY,,,,,,,,17e18045-5d13-4846-ba40-64a1b29e0e72,2025-09-13 07:10:00+00:00,2025-09-13 16:40:00+00:00
TESTER-001,SRGridStrategyUser-000,BTC/USDT.SIM,SIM-1-305,BTC/USDT.SIM-SRGridStrategyUser-000,SIM-001,T-7f8f5b80ae011d8c-41465,LIMIT,BUY,0.043272,115546.84,GTC,,0.043272,MAKER,115546.84000000001,0.0,['1.00000000 USDT'],FILLED,False,False,False,,NO_TRIGGER,,NO_CONTINGENCY,,,,,,,,a44f113b-093d-47e6-9eaf-69878502844e,2025-09-13 08:35:00+00:00,2025-09-13 16:20:00+00:00
TESTER-001,SRGridStrategyUser-000,BTC/USDT.SIM,SIM-1-306,BTC/USDT.SIM-SRGridStrategyUser-000,SIM-001,T-2f31c099c8894070-41484,LIMIT,BUY,0.043324,115410.56,GTC,,0.043324,MAKER,115410.56,0.0,['1.00000000 USDT'],FILLED,False,False,False,,NO_TRIGGER,,NO_CONTINGENCY,,,,,,,,1b3d459a-7348-42ad-8bf2-2f746a0865ba,2025-09-13 08:35:00+00:00,2025-09-13 16:40:00+00:00
TESTER-001,SRGridStrategyUser-000,BTC/USDT.SIM,SIM-1-307,BTC/USDT.SIM-SRGridStrategyUser-000,SIM-001,T-bbbcef5f5b8c7ec2-41771,LIMIT,SELL,0.043121,115952.53,GTC,,0.043121,MAKER,115952.53,0.0,['1.00000000 USDT'],FILLED,False,False,False,,NO_TRIGGER,,NO_CONTINGENCY,,,,,,,,cf64bc9c-c6c0-4a7e-886a-eb34e0912503,2025-09-13 22:15:00+00:00,2025-09-13 23:15:00+00:00
TESTER-001,SRGridStrategyUser-000,BTC/USDT.SIM,SIM-1-308,BTC/USDT.SIM-SRGridStrategyUser-000,SIM-001,T-8dde2b687dde952c-41903,LIMIT,SELL,0.043083,116055.23,GTC,,0.043083,MAKER,116055.23,0.0,['1.00000000 USDT'],FILLED,False,False,False,,NO_TRIGGER,,NO_CONTINGENCY,,,,,,,,3a4e070b-aa1f-47e1-b2f4-88c1e45845ac,2025-09-13 22:15:00+00:00,2025-09-14 02:10:00+00:00
TESTER-001,SRGridStrategyUser-000,BTC/USDT.SIM,SIM-1-309,BTC/USDT.SIM-SRGridStrategyUser-000,SIM-001,T-2e343c624192b3a6-42877,LIMIT,BUY,0.043481,114992.07,GTC,,0.043481,MAKER,114992.07,0.0,['1.00000000 USDT'],FILLED,False,False,False,,NO_TRIGGER,,NO_CONTINGENCY,,,,,,,,f59aa260-9ae5-4c00-a775-f7fc9f9f53c0,2025-09-14 14:15:00+00:00,2025-09-15 00:10:00+00:00
TESTER-001,SRGridStrategyUser-000,BTC/USDT.SIM,SIM-1-311,BTC/USDT.SIM-SRGridStrategyUser-000,SIM-001,T-6cef0f9edb32ce21-42692,LIMIT,SELL,0.043225,115673.81,GTC,,0.043225,MAKER,115673.81,0.0,['1.00000000 USDT'],FILLED,False,False,False,,NO_TRIGGER,,NO_CONTINGENCY,,,,,,,,01241550-80f7-4bd0-bae7-4af0f6b5f585,2025-09-14 14:15:00+00:00,2025-09-14 20:00:00+00:00
TESTER-001,SRGridStrategyUser-000,BTC/USDT.SIM,SIM-1-312,BTC/USDT.SIM-SRGridStrategyUser-000,SIM-001,T-91b1a8242d7d7173-42762,LIMIT,SELL,0.043098,116014.68,GTC,,0.043098,MAKER,116014.68000000001,0.0,['1.00000000 USDT'],FILLED,False,False,False,,NO_TRIGGER,,NO_CONTINGENCY,,,,,,,,f954bec0-aa34-4375-a5e5-5df97d7aac0e,2025-09-14 14:15:00+00:00,2025-09-14 21:35:00+00:00
TESTER-001,SRGridStrategyUser-000,BTC/USDT.SIM,SIM-1-313,BTC/USDT.SIM-SRGridStrategyUser-000,SIM-001,T-2e343c624192b3a6-42878,LIMIT,BUY,0.043481,114992.07,GTC,,0.043481,MAKER,114992.07,0.0,['1.00000000 USDT'],FILLED,False,False,False,,NO_TRIGGER,,NO_CONTINGENCY,,,,,,,,19e4a019-5660-4482-9e18-9199f2d2b7c3,2025-09-14 20:00:00+00:00,2025-09-15 00:10:00+00:00
TESTER-001,SRGridStrategyUser-000,BTC/USDT.SIM,SIM-1-315,BTC/USDT.SIM-SRGridStrategyUser-000,SIM-001,T-2e343c624192b3a6-42879,LIMIT,BUY,0.043481,114992.07,GTC,,0.043481,MAKER,114992.07,0.0,['1.00000000 USDT'],FILLED,False,False,False,,NO_TRIGGER,,NO_CONTINGENCY,,,,,,,,c984fe8f-ce7a-4542-b4bc-77db2b364c1d,2025-09-14 21:35:00+00:00,2025-09-15 00:10:00+00:00
TESTER-001,SRGridStrategyUser-000,BTC/USDT.SIM,SIM-1-317,BTC/USDT.SIM-SRGridStrategyUser-000,SIM-001,T-bd9ddebd5aef6f28-43175,LIMIT,BUY,0.043041,116168.37,GTC,,0.043041,MAKER,116168.37000000001,0.0,['1.00000000 USDT'],FILLED,False,False,False,,NO_TRIGGER,,NO_CONTINGENCY,,,,,,,,92a3018a-eb4a-4510-b0ae-56bf76f1e610,2025-09-15 06:15:00+00:00,2025-09-15 06:40:00+00:00
TESTER-001,SRGridStrategyUser-000,BTC/USDT.SIM,SIM-1-318,BTC/USDT.SIM-SRGridStrategyUser-000,SIM-001,T-8f4d6a1d566ff446-43215,LIMIT,BUY,0.043160,115849.07,GTC,,0.043160,MAKER,115849.06999999999,0.0,['1.00000000 USDT'],FILLED,False,False,False,,NO_TRIGGER,,NO_CONTINGENCY,,,,,,,,6cfa2562-a7f5-4525-9ea7-57b475b431c8,2025-09-15 06:15:00+00:00,2025-09-15 07:35:00+00:00
TESTER-001,SRGridStrategyUser-000,BTC/USDT.SIM,SIM-1-325,BTC/USDT.SIM-SRGridStrategyUser-000,SIM-001,T-7308fbc0cf4503d1-44195,LIMIT,SELL,0.043254,115596.12,GTC,,0.043254,MAKER,115596.12000000001,0.0,['1.00000000 USDT'],FILLED,False,False,False,,NO_TRIGGER,,NO_CONTINGENCY,,,,,,,,d96bdaa4-622d-40a9-b827-68abc26a75bc,2025-09-15 22:15:00+00:00,2025-09-16 05:05:00+00:00
TESTER-001,SRGridStrategyUser-000,BTC/USDT.SIM,SIM-1-326,BTC/USDT.SIM-SRGridStrategyUser-000,SIM-001,T-72a4822f60e63ccf-44200,LIMIT,SELL,0.043194,115756.27,GTC,,0.043194,MAKER,115756.26999999999,0.0,['1.00000000 USDT'],FILLED,False,False,False,,NO_TRIGGER,,NO_CONTINGENCY,,,,,,,,fae4f5ae-329a-491d-b308-0d15ad73b62f,2025-09-15 22:15:00+00:00,2025-09-16 05:10:00+00:00
TESTER-001,SRGridStrategyUser-000,BTC/USDT.SIM,SIM-1-329,BTC/USDT.SIM-SRGridStrategyUser-000,SIM-001,T-61dde5d5a02aab89-44689,LIMIT,SELL,0.043297,115482.61,GTC,,0.043297,MAKER,115482.61,0.0,['1.00000000 USDT'],FILLED,False,False,False,,NO_TRIGGER,,NO_CONTINGENCY,,,,,,,,5284576f-91e3-46eb-89f6-ee05003b0dbb,2025-09-16 14:15:00+00:00,2025-09-16 15:50:00+00:00
TESTER-001,SRGridStrategyUser-000,BTC/USDT.SIM,SIM-1-330,BTC/USDT.SIM-SRGridStrategyUser-000,SIM-001,T-c4c3eda7dc377d4e-44698,LIMIT,SELL,0.043117,115964.19,GTC,,0.043117,MAKER,115964.19,0.0,['1.00000000 USDT'],FILLED,False,False,False,,NO_TRIGGER,,NO_CONTINGENCY,,,,,,,,10d1eb40-78b1-4950-88cc-0afd138132a6,2025-09-16 14:15:00+00:00,2025-09-16 16:00:00+00:00
TESTER-001,SRGridStrategyUser-000,BTC/USDT.SIM,SIM-1-335,BTC/USDT.SIM-SRGridStrategyUser-000,SIM-001,T-92fedd4302e4604b-45488,LIMIT,BUY,0.042854,116674.51,GTC,,0.042854,MAKER,116674.51,0.0,['1.00000000 USDT'],FILLED,False,False,False,,NO_TRIGGER,,NO_CONTINGENCY,,,,,,,,7096401b-edc4-4983-8865-e1384d8bdd7c,2025-09-17 06:15:00+00:00,2025-09-17 09:20:00+00:00
TESTER-001,SRGridStrategyUser-000,BTC/USDT.SIM,SIM-1-336,BTC/USDT.SIM-SRGridStrategyUser-000,SIM-001,T-ba7cacfa8932f240-45555,LIMIT,BUY,0.042977,116340.65,GTC,,0.042977,MAKER,116340.65,0.0,['1.00000000 USDT'],FILLED,False,False,False,,NO_TRIGGER,,NO_CONTINGENCY,,,,,,,,b26925aa-1360-4649-a7bb-ce3501ddb5ee,2025-09-17 06:15:00+00:00,2025-09-17 10:50:00+00:00
TESTER-001,SRGridStrategyUser-000,BTC/USDT.SIM,SIM-1-345,BTC/USDT.SIM-SRGridStrategyUser-000,SIM-001,T-9ddd22e7024d17b1-46107,LIMIT,SELL,0.042902,116544.84,GTC,,0.042902,MAKER,116544.84,0.0,['1.00000000 USDT'],FILLED,False,False,False,,NO_TRIGGER,,NO_CONTINGENCY,,,,,,,,c3633a93-d395-4423-aa09-d0f580e3a8db,2025-09-17 22:15:00+00:00,2025-09-17 22:50:00+00:00
TESTER-001,SRGridStrategyUser-000,BTC/USDT.SIM,SIM-1-346,BTC/USDT.SIM-SRGridStrategyUser-000,SIM-001,T-3223577af51189b2-46120,LIMIT,SELL,0.042774,116893.26,GTC,,0.042774,MAKER,116893.26000000001,0.0,['1.00000000 USDT'],FILLED,False,False,False,,NO_TRIGGER,,NO_CONTINGENCY,,,,,,,,12f532e6-94b7-4dab-9d70-0bdad9851aae,2025-09-17 22:15:00+00:00,2025-09-17 23:05:00+00:00
TESTER-001,SRGridStrategyUser-000,BTC/USDT.SIM,SIM-1-351,BTC/USDT.SIM-SRGridStrategyUser-000,SIM-001,T-b41871a9bc443f61-47058,LIMIT,BUY,0.042637,117269.92,GTC,,0.042637,MAKER,117269.92,0.0,['1.00000000 USDT'],FILLED,False,False,False,,NO_TRIGGER,,NO_CONTINGENCY,,,,,,,,0222ca11-808d-4702-961e-148c66c65f5c,2025-09-18 14:15:00+00:00,2025-09-18 19:35:00+00:00
TESTER-001,SRGridStrategyUser-000,BTC/USDT.SIM,SIM-1-352,BTC/USDT.SIM-SRGridStrategyUser-000,SIM-001,T-d0cdc6635b4eb797-47209,LIMIT,BUY,0.042801,116820.74,GTC,,0.042801,MAKER,116820.73999999999,0.0,['1.00000000 USDT'],FILLED,False,False,False,,NO_TRIGGER,,NO_CONTINGENCY,,,,,,,,d9e5ba2d-5e30-4a9c-84e1-9a62e1cbf4aa,2025-09-18 14:15:00+00:00,2025-09-18 23:00:00+00:00
TESTER-001,SRGridStrategyUser-000,BTC/USDT.SIM,SIM-1-359,BTC/USDT.SIM-SRGridStrategyUser-000,SIM-001,T-d68723d5913f4209-47549,LIMIT,BUY,0.042847,116695.07,GTC,,0.042847,MAKER,116695.06999999999,0.0,['1.00000000 USDT'],FILLED,False,False,False,,NO_TRIGGER,,NO_CONTINGENCY,,,,,,,,52788a4c-c50b-458d-844e-fbe442ab6016,2025-09-19 06:15:00+00:00,2025-09-19 06:30:00+00:00
TESTER-001,SRGridStrategyUser-000,BTC/USDT.SIM,SIM-1-360,BTC/USDT.SIM-SRGridStrategyUser-000,SIM-001,T-7f5b93f95e0c6bc4-47698,LIMIT,BUY,0.042906,116534.77,GTC,,0.042906,MAKER,116534.77,0.0,['1.00000000 USDT'],FILLED,False,False,False,,NO_TRIGGER,,NO_CONTINGENCY,,,,,,,,0489be57-6c5e-497d-bca4-e1eadc11d665,2025-09-19 06:15:00+00:00,2025-09-19 09:50:00+00:00
TESTER-001,SRGridStrategyUser-000,BTC/USDT.SIM,SIM-1-361,BTC/USDT.SIM-SRGridStrategyUser-000,SIM-001,T-69da8270312835fa-47628,LIMIT,SELL,0.042729,117015.65,GTC,,0.042729,MAKER,117015.65000000001,0.0,['1.00000000 USDT'],FILLED,False,False,False,,NO_TRIGGER,,NO_CONTINGENCY,,,,,,,,84e08eaa-21e4-461b-8d28-4dbed898ff53,2025-09-19 06:15:00+00:00,2025-09-19 08:15:00+00:00
TESTER-001,SRGridStrategyUser-000,BTC/USDT.SIM,SIM-1-363,BTC/USDT.SIM-SRGridStrategyUser-000,SIM-001,T-69da8270312835fa-47629,LIMIT,SELL,0.042729,117015.65,GTC,,0.042729,MAKER,117015.65000000001,0.0,['1.00000000 USDT'],FILLED,False,False,False,,NO_TRIGGER,,NO_CONTINGENCY,,,,,,,,3a3ae985-2f86-41a9-9f0c-572d20faa3b9,2025-09-19 06:30:00+00:00,2025-09-19 08:15:00+00:00
TESTER-001,SRGridStrategyUser-000,BTC/USDT.SIM,SIM-1-365,BTC/USDT.SIM-SRGridStrategyUser-000,SIM-001,T-7f5b93f95e0c6bc4-47699,LIMIT,BUY,0.042906,116534.77,GTC,,0.042906,MAKER,116534.77,0.0,['1.00000000 USDT'],FILLED,False,False,False,,NO_TRIGGER,,NO_CONTINGENCY,,,,,,,,716c4f14-a7cf-4596-b9eb-c53bda1d05eb,2025-09-19 08:15:00+00:00,2025-09-19 09:50:00+00:00
TESTER-001,SRGridStrategyUser-000,BTC/USDT.SIM,SIM-1-367,BTC/USDT.SIM-SRGridStrategyUser-000,SIM-001,T-b96bbabc23570bdf-48311,LIMIT,BUY,0.043306,115456.92,GTC,,0.043306,MAKER,115456.92000000001,0.0,['1.00000000 USDT'],FILLED,False,False,False,,NO_TRIGGER,,NO_CONTINGENCY,,,,,,,,6f0369ca-e274-4425-8655-0ce2f885455b,2025-09-19 22:15:00+00:00,2025-09-19 23:25:00+00:00
TESTER-001,SRGridStrategyUser-000,BTC/USDT.SIM,SIM-1-369,BTC/USDT.SIM-SRGridStrategyUser-000,SIM-001,T-214342f5a2308c53-48368,LIMIT,SELL,0.043214,115703.06,GTC,,0.043214,MAKER,115703.06,0.0,['1.00000000 USDT'],FILLED,False,False,False,,NO_TRIGGER,,NO_CONTINGENCY,,,,,,,,bd080f4b-8695-4aa6-97c0-6deee0ad5624,2025-09-19 22:15:00+00:00,2025-09-20 00:40:00+00:00
TESTER-001,SRGridStrategyUser-000,BTC/USDT.SIM,SIM-1-370,BTC/USDT.SIM-SRGridStrategyUser-000,SIM-001,T-b7df61a092cfb9b2-48673,LIMIT,SELL,0.043168,115826.13,GTC,,0.043168,MAKER,115826.13,0.0,['1.00000000 USDT'],FILLED,False,False,False,,NO_TRIGGER,,NO_CONTINGENCY,,,,,,,,05684082-0610-42de-829f-bdb92d101e5d,2025-09-19 22:15:00+00:00,2025-09-20 07:35:00+00:00
TESTER-001,SRGridStrategyUser-000,BTC/USDT.SIM,SIM-1-371,BTC/USDT.SIM-SRGridStrategyUser-000,SIM-001,T-214342f5a2308c53-48369,LIMIT,SELL,0.043214,115703.06,GTC,,0.043214,MAKER,115703.06,0.0,['1.00000000 USDT'],FILLED,False,False,False,,NO_TRIGGER,,NO_CONTINGENCY,,,,,,,,ae0f6587-26d9-48b1-9fb7-c892ce1e597d,2025-09-19 23:25:00+00:00,2025-09-20 00:40:00+00:00
TESTER-001,SRGridStrategyUser-000,BTC/USDT.SIM,SIM-1-372,BTC/USDT.SIM-SRGridStrategyUser-000,SIM-001,T-b7df61a092cfb9b2-48674,LIMIT,SELL,0.043168,115826.13,GTC,,0.043168,MAKER,115826.13,0.0,['1.00000000 USDT'],FILLED,False,False,False,,NO_TRIGGER,,NO_CONTINGENCY,,,,,,,,c8b97659-888f-4193-917f-6df0c7af3203,2025-09-19 23:25:00+00:00,2025-09-20 07:35:00+00:00
TESTER-001,SRGridStrategyUser-000,BTC/USDT.SIM,SIM-1-375,BTC/USDT.SIM-SRGridStrategyUser-000,SIM-001,T-8df40b3c0cd31fdf-49099,LIMIT,BUY,0.043161,115844.87,GTC,,0.043161,MAKER,115844.87,0.0,['1.00000000 USDT'],FILLED,False,False,False,,NO_TRIGGER,,NO_CONTINGENCY,,,,,,,,8ab350f2-202f-46ff-b7ca-66808d9f58fc,2025-09-20 14:15:00+00:00,2025-09-20 17:15:00+00:00
TESTER-001,SRGridStrategyUser-000,BTC/USDT.SIM,SIM-1-376,BTC/USDT.SIM-SRGridStrategyUser-000,SIM-001,T-c74461f2ac1a2bd9-49133,LIMIT,BUY,0.043179,115795.92,GTC,,0.043179,MAKER,115795.92,0.0,['1.00000000 USDT'],FILLED,False,False,False,,NO_TRIGGER,,NO_CONTINGENCY,,,,,,,,4c7a9eeb-060d-4955-b6db-76fa0c305070,2025-09-20 14:15:00+00:00,2025-09-20 18:00:00+00:00
TESTER-001,SRGridStrategyUser-000,BTC/USDT.SIM,SIM-1-377,BTC/USDT.SIM-SRGridStrategyUser-000,SIM-001,T-b34835d13cfc62c7-48985,LIMIT,SELL,0.043125,115942.77,GTC,,0.043125,MAKER,115942.77,0.0,['1.00000000 USDT'],FILLED,False,False,False,,NO_TRIGGER,,NO_CONTINGENCY,,,,,,,,34b51a4a-f0e0-4680-b35c-7283af77bd06,2025-09-20 14:15:00+00:00,2025-09-20 14:45:00+00:00
TESTER-001,SRGridStrategyUser-000,BTC/USDT.SIM,SIM-1-378,BTC/USDT.SIM-SRGridStrategyUser-000,SIM-001,T-b34835d13cfc62c7-48988,LIMIT,SELL,0.043107,115991.72,GTC,,0.043107,MAKER,115991.71999999999,0.0,['1.00000000 USDT'],FILLED,False,False,False,,NO_TRIGGER,,NO_CONTINGENCY,,,,,,,,e7162858-33f6-4237-b1ba-7854e25dfe99,2025-09-20 14:15:00+00:00,2025-09-20 14:45:00+00:00
TESTER-001,SRGridStrategyUser-000,BTC/USDT.SIM,SIM-1-379,BTC/USDT.SIM-SRGridStrategyUser-000,SIM-001,T-8df40b3c0cd31fdf-49100,LIMIT,BUY,0.043161,115844.87,GTC,,0.043161,MAKER,115844.87,0.0,['1.00000000 USDT'],FILLED,False,False,False,,NO_TRIGGER,,NO_CONTINGENCY,,,,,,,,bf48f672-0cca-4531-9790-739c3d31b3b3,2025-09-20 14:45:00+00:00,2025-09-20 17:15:00+00:00
TESTER-001,SRGridStrategyUser-000,BTC/USDT.SIM,SIM-1-380,BTC/USDT.SIM-SRGridStrategyUser-000,SIM-001,T-c74461f2ac1a2bd9-49134,LIMIT,BUY,0.043179,115795.92,GTC,,0.043179,MAKER,115795.92,0.0,['1.00000000 USDT'],FILLED,False,False,False,,NO_TRIGGER,,NO_CONTINGENCY,,,,,,,,eef36f4f-348e-45a9-8f16-ccb97362ebdf,2025-09-20 14:45:00+00:00,2025-09-20 18:00:00+00:00
TESTER-001,SRGridStrategyUser-000,BTC/USDT.SIM,SIM-1-381,BTC/USDT.SIM-SRGridStrategyUser-000,SIM-001,T-a13aee63177f9942-49666,LIMIT,BUY,0.043211,115710.25,GTC,,0.043211,MAKER,115710.25,0.0,['1.00000000 USDT'],FILLED,False,False,False,,NO_TRIGGER,,NO_CONTINGENCY,,,,,,,,cc49a33f-8da0-4814-a5f5-221340f6e39d,2025-09-21 06:15:00+00:00,2025-09-21 06:50:00+00:00
TESTER-001,SRGridStrategyUser-000,BTC/USDT.SIM,SIM-1-382,BTC/USDT.SIM-SRGridStrategyUser-000,SIM-001,T-4ab8f97fd2d0ff9b-49687,LIMIT,BUY,0.043239,115635.65,GTC,,0.043239,MAKER,115635.65000000001,0.0,['1.00000000 USDT'],FILLED,False,False,False,,NO_TRIGGER,,NO_CONTINGENCY,,,,,,,,e09d051b-db90-4782-8714-7f46a13a727b,2025-09-21 06:15:00+00:00,2025-09-21 07:20:00+00:00
TESTER-001,SRGridStrategyUser-000,BTC/USDT.SIM,SIM-1-389,BTC/USDT.SIM-SRGridStrategyUser-000,SIM-001,T-f7e22cd86c2f0130-50345,LIMIT,SELL,0.043341,115364.57,GTC,,0.043341,MAKER,115364.56999999999,0.0,['1.00000000 USDT'],FILLED,False,False,False,,NO_TRIGGER,,NO_CONTINGENCY,,,,,,,,0f7b8066-812a-462e-994c-35e0933dc31f,2025-09-21 22:15:00+00:00,2025-09-21 22:35:00+00:00
TESTER-001,SRGridStrategyUser-000,BTC/USDT.SIM,SIM-1-390,BTC/USDT.SIM-SRGridStrategyUser-000,SIM-001,T-e60c7e88ac864281-50354,LIMIT,SELL,0.043287,115508.27,GTC,,0.043287,MAKER,115508.26999999999,0.0,['1.00000000 USDT'],FILLED,False,False,False,,NO_TRIGGER,,NO_CONTINGENCY,,,,,,,,4e0f63a1-3b12-49ee-a0f0-f28c3c9d8b90,2025-09-21 22:15:00+00:00,2025-09-21 22:45:00+00:00
TESTER-001,SRGridStrategyUser-000,BTC/USDT.SIM,SIM-1-391,BTC/USDT.SIM-SRGridStrategyUser-000,SIM-001,T-0fafc9cc6f1e1826-51118,LIMIT,BUY,0.044383,112656.40,GTC,,0.044383,MAKER,112656.4,0.0,['1.00000000 USDT'],FILLED,False,False,False,,NO_TRIGGER,,NO_CONTINGENCY,,,,,,,,67cb476a-87d5-4e09-9289-8e9422947b66,2025-09-22 14:15:00+00:00,2025-09-22 15:20:00+00:00
TESTER-001,SRGridStrategyUser-000,BTC/USDT.SIM,SIM-1-392,BTC/USDT.SIM-SRGridStrategyUser-000,SIM-001,T-af5554997cd428f7-51316,LIMIT,BUY,0.044575,112171.35,GTC,,0.044575,MAKER,112171.35,0.0,['1.00000000 USDT'],FILLED,False,False,False,,NO_TRIGGER,,NO_CONTINGENCY,,,,,,,,3745e018-31f3-499f-a639-92cb37e6eb9b,2025-09-22 14:15:00+00:00,2025-09-22 19:40:00+00:00
TESTER-001,SRGridStrategyUser-000,BTC/USDT.SIM,SIM-1-399,BTC/USDT.SIM-SRGridStrategyUser-000,SIM-001,T-84a5b9faf7d8983b-52211,LIMIT,BUY,0.044417,112569.54,GTC,,0.044417,MAKER,112569.54,0.0,['1.00000000 USDT'],FILLED,False,False,False,,NO_TRIGGER,,NO_CONTINGENCY,,,,,,,,19a9a7bc-8973-41bd-bed9-9f023ee57764,2025-09-23 06:15:00+00:00,2025-09-23 15:00:00+00:00
TESTER-001,SRGridStrategyUser-000,BTC/USDT.SIM,SIM-1-400,BTC/USDT.SIM-SRGridStrategyUser-000,SIM-001,T-393bc1c81c253261-52325,LIMIT,BUY,0.044519,112310.45,GTC,,0.044519,MAKER,112310.45000000001,0.0,['1.00000000 USDT'],FILLED,False,False,False,,NO_TRIGGER,,NO_CONTINGENCY,,,,,,,,cc3fafb1-87c6-4868-9e6a-97784a04979c,2025-09-23 06:15:00+00:00,2025-09-23 17:30:00+00:00
TESTER-001,SRGridStrategyUser-000,BTC/USDT.SIM,SIM-1-401,BTC/USDT.SIM-SRGridStrategyUser-000,SIM-001,T-192e00b512a78733-51826,LIMIT,SELL,0.044213,113087.72,GTC,,0.044213,MAKER,113087.71999999999,0.0,['1.00000000 USDT'],FILLED,False,False,False,,NO_TRIGGER,,NO_CONTINGENCY,,,,,,,,fb855fd5-fd92-4e64-af11-56a97174ebec,2025-09-23 06:15:00+00:00,2025-09-23 06:35:00+00:00
TESTER-001,SRGridStrategyUser-000,BTC/USDT.SIM,SIM-1-403,BTC/USDT.SIM-SRGridStrategyUser-000,SIM-001,T-84a5b9faf7d8983b-52212,LIMIT,BUY,0.044417,112569.54,GTC,,0.044417,MAKER,112569.54,0.0,['1.00000000 USDT'],FILLED,False,False,False,,NO_TRIGGER,,NO_CONTINGENCY,,,,,,,,bd0b6493-be14-4d70-8b16-9aab27de4ed9,2025-09-23 06:35:00+00:00,2025-09-23 15:00:00+00:00
TESTER-001,SRGridStrategyUser-000,BTC/USDT.SIM,SIM-1-404,BTC/USDT.SIM-SRGridStrategyUser-000,SIM-001,T-393bc1c81c253261-52326,LIMIT,BUY,0.044519,112310.45,GTC,,0.044519,MAKER,112310.45000000001,0.0,['1.00000000 USDT'],FILLED,False,False,False,,NO_TRIGGER,,NO_CONTINGENCY,,,,,,,,af66a150-054c-4300-99a0-e59e5752aba8,2025-09-23 06:35:00+00:00,2025-09-23 17:30:00+00:00
TESTER-001,SRGridStrategyUser-000,BTC/USDT.SIM,SIM-1-407,BTC/USDT.SIM-SRGridStrategyUser-000,SIM-001,T-2691c3fd5130c58d-52633,LIMIT,SELL,0.044537,112267.13,GTC,,0.044537,MAKER,112267.13,0.0,['1.00000000 USDT'],FILLED,False,False,False,,NO_TRIGGER,,NO_CONTINGENCY,,,,,,,,3da09e4a-90e7-46f8-9964-76b3bdb5c8fe,2025-09-23 22:15:00+00:00,2025-09-24 00:20:00+00:00
TESTER-001,SRGridStrategyUser-000,BTC/USDT.SIM,SIM-1-408,BTC/USDT.SIM-SRGridStrategyUser-000,SIM-001,T-0fcb5019f02aaf1d-52692,LIMIT,SELL,0.044476,112420.68,GTC,,0.044476,MAKER,112420.68,0.0,['1.00000000 USDT'],FILLED,False,False,False,,NO_TRIGGER,,NO_CONTINGENCY,,,,,,,,cbf9c8cf-0920-4469-afed-6edd6fd7327f,2025-09-23 22:15:00+00:00,2025-09-24 01:35:00+00:00
TESTER-001,SRGridStrategyUser-000,BTC/USDT.SIM,SIM-1-409,BTC/USDT.SIM-SRGridStrategyUser-000,SIM-001,T-792c992bff85d258-53301,LIMIT,SELL,0.044077,113438.50,GTC,,0.044077,MAKER,113438.5,0.0,['1.00000000 USDT'],FILLED,False,False,False,,NO_TRIGGER,,NO_CONTINGENCY,,,,,,,,fe2a4fed-8454-48f0-b6aa-b65bca455bec,2025-09-24 14:15:00+00:00,2025-09-24 14:45:00+00:00
TESTER-001,SRGridStrategyUser-000,BTC/USDT.SIM,SIM-1-410,BTC/USDT.SIM-SRGridStrategyUser-000,SIM-001,T-5b7f48fa96ce95ca-53306,LIMIT,SELL,0.035615,113757.01,GTC,,0.035615,MAKER,113757.01000000001,0.0,['0.81000000 USDT'],FILLED,False,False,False,,NO_TRIGGER,,NO_CONTINGENCY,,,,,,,,2581fadd-6346-468e-97a2-4bd0f87381fe,2025-09-24 14:15:00+00:00,2025-09-24 14:50:00+00:00
TESTER-001,SRGridStrategyUser-000,BTC/USDT.SIM,SIM-1-411,BTC/USDT.SIM-SRGridStrategyUser-000,SIM-001,T-ea7274154f9d5c96-54057,LIMIT,BUY,0.044842,111502.81,GTC,,0.044842,MAKER,111502.81,0.0,['1.00000000 USDT'],FILLED,False,False,False,,NO_TRIGGER,,NO_CONTINGENCY,,,,,,,,7f474100-0887-41bc-936c-77319d56f49f,2025-09-25 06:15:00+00:00,2025-09-25 07:00:00+00:00
TESTER-001,SRGridStrategyUser-000,BTC/USDT.SIM,SIM-1-412,BTC/USDT.SIM-SRGridStrategyUser-000,SIM-001,T-2a0061b57f198996-54309,LIMIT,BUY,0.042826,111219.64,GTC,,0.042826,MAKER,111219.64,0.0,['0.95000000 USDT'],FILLED,False,False,False,,NO_TRIGGER,,NO_CONTINGENCY,,,,,,,,752bf660-8d9f-4f10-8f13-7244a6c03c5e,2025-09-25 06:15:00+00:00,2025-09-25 12:25:00+00:00
TESTER-001,SRGridStrategyUser-000,BTC/USDT.SIM,SIM-1-413,BTC/USDT.SIM-SRGridStrategyUser-000,SIM-001,T-0d1e3063d0a303ae-54172,LIMIT,SELL,0.044615,112069.15,GTC,,0.044615,MAKER,112069.15,0.0,['1.00000000 USDT'],FILLED,False,False,False,,NO_TRIGGER,,NO_CONTINGENCY,,,,,,,,70386532-65fb-4802-86a0-139555b9ee7b,2025-09-25 06:15:00+00:00,2025-09-25 09:25:00+00:00
TESTER-001,SRGridStrategyUser-000,BTC/USDT.SIM,SIM-1-415,BTC/USDT.SIM-SRGridStrategyUser-000,SIM-001,T-0d1e3063d0a303ae-54173,LIMIT,SELL,0.044615,112069.15,GTC,,0.044615,MAKER,112069.15,0.0,['1.00000000 USDT'],FILLED,False,False,False,,NO_TRIGGER,,NO_CONTINGENCY,,,,,,,,8ec26aca-f6e0-4b41-9836-a7e51d45439f,2025-09-25 07:00:00+00:00,2025-09-25 09:25:00+00:00
TESTER-001,SRGridStrategyUser-000,BTC/USDT.SIM,SIM-1-417,BTC/USDT.SIM-SRGridStrategyUser-000,SIM-001,T-2a0061b57f198996-54310,LIMIT,BUY,0.044956,111219.64,GTC,,0.044956,MAKER,111219.64,0.0,['1.00000000 USDT'],FILLED,False,False,False,,NO_TRIGGER,,NO_CONTINGENCY,,,,,,,,c67aa101-4c72-4270-b1bc-67b50a7245f2,2025-09-25 09:25:00+00:00,2025-09-25 12:25:00+00:00
TESTER-001,SRGridStrategyUser-000,BTC/USDT.SIM,SIM-1-419,BTC/USDT.SIM-SRGridStrategyUser-000,SIM-001,T-998ed59f6379b625-54830,LIMIT,BUY,0.045827,109106.73,GTC,,0.045827,MAKER,109106.73,0.0,['1.00000000 USDT'],FILLED,False,False,False,,NO_TRIGGER,,NO_CONTINGENCY,,,,,,,,683afb36-da4d-49fb-a5ec-7930f0b2dd5c,2025-09-25 22:15:00+00:00,2025-09-25 23:35:00+00:00
TESTER-001,SRGridStrategyUser-000,BTC/USDT.SIM,SIM-1-420,BTC/USDT.SIM-SRGridStrategyUser-000,SIM-001,T-47cf27bb8f7a49d4-55345,LIMIT,BUY,0.045977,108749.46,GTC,,0.045977,MAKER,108749.45999999999,0.0,['1.00000000 USDT'],FILLED,False,False,False,,NO_TRIGGER,,NO_CONTINGENCY,,,,,,,,b70e0dd9-847a-4114-b4e7-7a1148cb9de6,2025-09-25 22:15:00+00:00,2025-09-26 10:45:00+00:00
TESTER-001,SRGridStrategyUser-000,BTC/USDT.SIM,SIM-1-427,BTC/USDT.SIM-SRGridStrategyUser-000,SIM-001,T-f6a367b5f9a3fcac-55655,LIMIT,SELL,0.045462,109983.10,GTC,,0.045462,MAKER,109983.1,0.0,['1.00000000 USDT'],FILLED,False,False,False,,NO_TRIGGER,,NO_CONTINGENCY,,,,,,,,143f3fb2-99d4-4c86-8964-7442fcf93a24,2025-09-26 14:15:00+00:00,2025-09-26 17:25:00+00:00
TESTER-001,SRGridStrategyUser-000,BTC/USDT.SIM,SIM-1-429,BTC/USDT.SIM-SRGridStrategyUser-000,SIM-001,T-e4efb969253bc311-56935,LIMIT,SELL,0.045611,109623.80,GTC,,0.045611,MAKER,109623.8,0.0,['1.00000000 USDT'],FILLED,False,False,False,,NO_TRIGGER,,NO_CONTINGENCY,,,,,,,,c9c2bbea-87b9-4ee6-9df4-45fffdf946d8,2025-09-27 06:15:00+00:00,2025-09-27 22:15:00+00:00
TESTER-001,SRGridStrategyUser-000,BTC/USDT.SIM,SIM-1-431,BTC/USDT.SIM-SRGridStrategyUser-000,SIM-001,T-5537e2d12087053f-57038,LIMIT,SELL,0.045571,109718.16,GTC,,0.045571,MAKER,109718.16,0.0,['1.00000000 USDT'],FILLED,False,False,False,,NO_TRIGGER,,NO_CONTINGENCY,,,,,,,,47963017-c8be-4b5d-b4f8-5b0aa12c0550,2025-09-27 22:15:00+00:00,2025-09-28 00:25:00+00:00
TESTER-001,SRGridStrategyUser-000,BTC/USDT.SIM,SIM-1-435,BTC/USDT.SIM-SRGridStrategyUser-000,SIM-001,T-f5192647d7a9b55c-57669,LIMIT,SELL,0.045556,109755.86,GTC,,0.045556,MAKER,109755.86,0.0,['1.00000000 USDT'],FILLED,False,False,False,,NO_TRIGGER,,NO_CONTINGENCY,,,,,,,,9306ddf9-d4d1-4147-8b34-d55dbb60082e,2025-09-28 14:15:00+00:00,2025-09-28 14:45:00+00:00
TESTER-001,SRGridStrategyUser-000,BTC/USDT.SIM,SIM-1-436,BTC/USDT.SIM-SRGridStrategyUser-000,SIM-001,T-67781212a98e1a34-57682,LIMIT,SELL,0.045496,109899.71,GTC,,0.045496,MAKER,109899.70999999999,0.0,['1.00000000 USDT'],FILLED,False,False,False,,NO_TRIGGER,,NO_CONTINGENCY,,,,,,,,95e4b7b5-1f05-4ff6-b83b-a195440c9f9b,2025-09-28 14:15:00+00:00,2025-09-28 15:00:00+00:00
TESTER-001,SRGridStrategyUser-000,BTC/USDT.SIM,SIM-1-441,BTC/USDT.SIM-SRGridStrategyUser-000,SIM-001,T-4b322057e2303287-58412,LIMIT,BUY,0.044793,111624.28,GTC,,0.044793,MAKER,111624.28000000001,0.0,['1.00000000 USDT'],FILLED,False,False,False,,NO_TRIGGER,,NO_CONTINGENCY,,,,,,,,f68b34c2-6578-4db7-b44b-7e6f111f06e2,2025-09-29 06:15:00+00:00,2025-09-29 06:50:00+00:00
TESTER-001,SRGridStrategyUser-000,BTC/USDT.SIM,SIM-1-443,BTC/USDT.SIM-SRGridStrategyUser-000,SIM-001,T-d92b82e65a47c278-58467,LIMIT,SELL,0.044653,111973.72,GTC,,0.044653,MAKER,111973.72,0.0,['1.00000000 USDT'],FILLED,False,False,False,,NO_TRIGGER,,NO_CONTINGENCY,,,,,,,,649d2b07-e43d-471b-a55e-1561f44c796e,2025-09-29 06:15:00+00:00,2025-09-29 08:00:00+00:00
TESTER-001,SRGridStrategyUser-000,BTC/USDT.SIM,SIM-1-444,BTC/USDT.SIM-SRGridStrategyUser-000,SIM-001,T-63523cf9a763839b-58489,LIMIT,SELL,0.044584,112148.44,GTC,,0.044584,MAKER,112148.44,0.0,['1.00000000 USDT'],FILLED,False,False,False,,NO_TRIGGER,,NO_CONTINGENCY,,,,,,,,c44c9527-4c8b-457c-8fa3-7287131aef5e,2025-09-29 06:15:00+00:00,2025-09-29 08:25:00+00:00
TESTER-001,SRGridStrategyUser-000,BTC/USDT.SIM,SIM-1-445,BTC/USDT.SIM-SRGridStrategyUser-000,SIM-001,T-d92b82e65a47c278-58468,LIMIT,SELL,0.044653,111973.72,GTC,,0.044653,MAKER,111973.72,0.0,['1.00000000 USDT'],FILLED,False,False,False,,NO_TRIGGER,,NO_CONTINGENCY,,,,,,,,61f305fd-b970-471e-9828-f1833ad5231f,2025-09-29 06:50:00+00:00,2025-09-29 08:00:00+00:00
TESTER-001,SRGridStrategyUser-000,BTC/USDT.SIM,SIM-1-446,BTC/USDT.SIM-SRGridStrategyUser-000,SIM-001,T-63523cf9a763839b-58490,LIMIT,SELL,0.044584,112148.44,GTC,,0.044584,MAKER,112148.44,0.0,['1.00000000 USDT'],FILLED,False,False,False,,NO_TRIGGER,,NO_CONTINGENCY,,,,,,,,6e3405ed-68f0-4a87-b27f-ee337f4d48d8,2025-09-29 06:50:00+00:00,2025-09-29 08:25:00+00:00
TESTER-001,SRGridStrategyUser-000,BTC/USDT.SIM,SIM-1-449,BTC/USDT.SIM-SRGridStrategyUser-000,SIM-001,T-3ebba59be68d609a-59452,LIMIT,BUY,0.043881,113944.85,GTC,,0.043881,MAKER,113944.85,0.0,['1.00000000 USDT'],FILLED,False,False,False,,NO_TRIGGER,,NO_CONTINGENCY,,,,,,,,0c62f9ac-e4d9-492e-a65f-72b9e48d6e77,2025-09-29 22:15:00+00:00,2025-09-30 05:25:00+00:00
TESTER-001,SRGridStrategyUser-000,BTC/USDT.SIM,SIM-1-450,BTC/USDT.SIM-SRGridStrategyUser-000,SIM-001,T-3bc354bebb9b9921-59552,LIMIT,BUY,0.043936,113802.69,GTC,,0.043936,MAKER,113802.69,0.0,['1.00000000 USDT'],FILLED,False,False,False,,NO_TRIGGER,,NO_CONTINGENCY,,,,,,,,4c51510b-de13-4a20-9a9d-a8bd79ff64cc,2025-09-29 22:15:00+00:00,2025-09-30 07:35:00+00:00
TESTER-001,SRGridStrategyUser-000,BTC/USDT.SIM,SIM-1-451,BTC/USDT.SIM-SRGridStrategyUser-000,SIM-001,T-bcdc544bf17d22fc-59160,LIMIT,SELL,0.043772,114229.15,GTC,,0.043772,MAKER,114229.15,0.0,['1.00000000 USDT'],FILLED,False,False,False,,NO_TRIGGER,,NO_CONTINGENCY,,,,,,,,377a993b-0245-4eb9-ba70-19ba414dcb5e,2025-09-29 22:15:00+00:00,2025-09-29 23:00:00+00:00
TESTER-001,SRGridStrategyUser-000,BTC/USDT.SIM,SIM-1-452,BTC/USDT.SIM-SRGridStrategyUser-000,SIM-001,T-59e8860456389285-59201,LIMIT,SELL,0.043717,114371.31,GTC,,0.043717,MAKER,114371.31,0.0,['1.00000000 USDT'],FILLED,False,False,False,,NO_TRIGGER,,NO_CONTINGENCY,,,,,,,,55664832-4c80-433a-b615-4319dbe794e1,2025-09-29 22:15:00+00:00,2025-09-29 23:55:00+00:00
TESTER-001,SRGridStrategyUser-000,BTC/USDT.SIM,SIM-1-453,BTC/USDT.SIM-SRGridStrategyUser-000,SIM-001,T-3ebba59be68d609a-59453,LIMIT,BUY,0.043881,113944.85,GTC,,0.043881,MAKER,113944.85,0.0,['1.00000000 USDT'],FILLED,False,False,False,,NO_TRIGGER,,NO_CONTINGENCY,,,,,,,,07e24e1c-3eaa-40e6-b299-a1634f1184ce,2025-09-29 23:00:00+00:00,2025-09-30 05:25:00+00:00
TESTER-001,SRGridStrategyUser-000,BTC/USDT.SIM,SIM-1-454,BTC/USDT.SIM-SRGridStrategyUser-000,SIM-001,T-3bc354bebb9b9921-59553,LIMIT,BUY,0.043936,113802.69,GTC,,0.043936,MAKER,113802.69,0.0,['1.00000000 USDT'],FILLED,False,False,False,,NO_TRIGGER,,NO_CONTINGENCY,,,,,,,,181ae3eb-0227-461d-9ba9-91dca93fa1a3,2025-09-29 23:00:00+00:00,2025-09-30 07:35:00+00:00
TESTER-001,SRGridStrategyUser-000,BTC/USDT.SIM,SIM-1-455,BTC/USDT.SIM-SRGridStrategyUser-000,SIM-001,T-3ebba59be68d609a-59454,LIMIT,BUY,0.043881,113944.85,GTC,,0.043881,MAKER,113944.85,0.0,['1.00000000 USDT'],FILLED,False,False,False,,NO_TRIGGER,,NO_CONTINGENCY,,,,,,,,5f4a157a-742b-47dc-ab5b-5ee5e8b8f4f5,2025-09-29 23:55:00+00:00,2025-09-30 05:25:00+00:00
TESTER-001,SRGridStrategyUser-000,BTC/USDT.SIM,SIM-1-456,BTC/USDT.SIM-SRGridStrategyUser-000,SIM-001,T-3bc354bebb9b9921-59554,LIMIT,BUY,0.043936,113802.69,GTC,,0.043936,MAKER,113802.69,0.0,['1.00000000 USDT'],FILLED,False,False,False,,NO_TRIGGER,,NO_CONTINGENCY,,,,,,,,76bad96f-61eb-4264-b53f-ad5fdf1d2670,2025-09-29 23:55:00+00:00,2025-09-30 07:35:00+00:00
TESTER-001,SRGridStrategyUser-000,BTC/USDT.SIM,SIM-1-459,BTC/USDT.SIM-SRGridStrategyUser-000,SIM-001,T-25b506981aabf6fc-60082,LIMIT,SELL,0.043954,113756.49,GTC,,0.043954,MAKER,113756.49,0.0,['1.00000000 USDT'],FILLED,False,False,False,,NO_TRIGGER,,NO_CONTINGENCY,,,,,,,,9eb4e766-3189-4a2f-bca6-e932e5a17fb8,2025-09-30 14:15:00+00:00,2025-09-30 19:00:00+00:00
TESTER-001,SRGridStrategyUser-000,BTC/USDT.SIM,SIM-1-460,BTC/USDT.SIM-SRGridStrategyUser-000,SIM-001,T-d719abe32e817be6-60119,LIMIT,SELL,0.043738,114317.01,GTC,,0.043738,MAKER,114317.01000000001,0.0,['1.00000000 USDT'],FILLED,False,False,False,,NO_TRIGGER,,NO_CONTINGENCY,,,,,,,,9032f7f8-ebec-4dd8-bf3a-6a85223009ca,2025-09-30 14:15:00+00:00,2025-09-30 19:45:00+00:00
TESTER-001,SRGridStrategyUser-000,BTC/USDT.SIM,SIM-1-467,BTC/USDT.SIM-SRGridStrategyUser-000,SIM-001,T-dee8a777e865a236-60695,LIMIT,SELL,0.043582,114725.12,GTC,,0.043582,MAKER,114725.12,0.0,['1.00000000 USDT'],FILLED,False,False,False,,NO_TRIGGER,,NO_CONTINGENCY,,,,,,,,d53d47a2-2cbf-485b-a446-e3e6a691ca3f,2025-10-01 06:15:00+00:00,2025-10-01 08:15:00+00:00
TESTER-001,SRGridStrategyUser-000,BTC/USDT.SIM,SIM-1-468,BTC/USDT.SIM-SRGridStrategyUser-000,SIM-001,T-f89718c589651acc-60700,LIMIT,SELL,0.043487,114976.04,GTC,,0.043487,MAKER,114976.04,0.0,['1.00000000 USDT'],FILLED,False,False,False,,NO_TRIGGER,,NO_CONTINGENCY,,,,,,,,0d2cf186-3304-4799-aec1-5db05864b6ad,2025-10-01 06:15:00+00:00,2025-10-01 08:20:00+00:00
TESTER-001,SRGridStrategyUser-000,BTC/USDT.SIM,SIM-1-475,BTC/USDT.SIM-SRGridStrategyUser-000,SIM-001,T-b593e16802463de1-61393,LIMIT,SELL,0.042347,118073.22,GTC,,0.042347,MAKER,118073.22000000002,0.0,['1.00000000 USDT'],FILLED,False,False,False,,NO_TRIGGER,,NO_CONTINGENCY,,,,,,,,39777aa7-39b7-441a-b41c-2d4768aade42,2025-10-01 22:15:00+00:00,2025-10-01 23:15:00+00:00
TESTER-001,SRGridStrategyUser-000,BTC/USDT.SIM,SIM-1-476,BTC/USDT.SIM-SRGridStrategyUser-000,SIM-001,T-b593e16802463de1-61396,LIMIT,SELL,0.027336,118354.22,GTC,,0.027336,MAKER,118354.22,0.0,['0.65000000 USDT'],FILLED,False,False,False,,NO_TRIGGER,,NO_CONTINGENCY,,,,,,,,fd33bdef-eb99-4966-96ae-1a89eb42bf48,2025-10-01 22:15:00+00:00,2025-10-01 23:15:00+00:00
TESTER-001,SRGridStrategyUser-000,BTC/USDT.SIM,SIM-1-479,BTC/USDT.SIM-SRGridStrategyUser-000,SIM-001,T-331f883657a4a47e-62113,LIMIT,BUY,0.042024,118979.65,GTC,,0.042024,MAKER,118979.65,0.0,['1.00000000 USDT'],FILLED,False,False,False,,NO_TRIGGER,,NO_CONTINGENCY,,,,,,,,e74163aa-1577-492b-be3d-abd8288ebcc9,2025-10-02 14:15:00+00:00,2025-10-02 14:40:00+00:00
TESTER-001,SRGridStrategyUser-000,BTC/USDT.SIM,SIM-1-481,BTC/USDT.SIM-SRGridStrategyUser-000,SIM-001,T-09838d678be8e8dd-62184,LIMIT,SELL,0.041630,120104.37,GTC,,0.041630,MAKER,120104.37000000001,0.0,['1.00000000 USDT'],FILLED,False,False,False,,NO_TRIGGER,,NO_CONTINGENCY,,,,,,,,f7c640ad-2204-49cf-a44f-03e4948f00e2,2025-10-02 14:15:00+00:00,2025-10-02 16:10:00+00:00
TESTER-001,SRGridStrategyUser-000,BTC/USDT.SIM,SIM-1-482,BTC/USDT.SIM-SRGridStrategyUser-000,SIM-001,T-ea7e9496893067fb-62318,LIMIT,SELL,0.008287,120666.72,GTC,,0.008287,MAKER,120666.72,0.0,['0.20000000 USDT'],FILLED,False,False,False,,NO_TRIGGER,,NO_CONTINGENCY,,,,,,,,722fe666-2e52-4d3e-aeeb-e3787d54fbdf,2025-10-02 14:15:00+00:00,2025-10-02 19:00:00+00:00
TESTER-001,SRGridStrategyUser-000,BTC/USDT.SIM,SIM-1-483,BTC/USDT.SIM-SRGridStrategyUser-000,SIM-001,T-09838d678be8e8dd-62185,LIMIT,SELL,0.041630,120104.37,GTC,,0.041630,MAKER,120104.37000000001,0.0,['1.00000000 USDT'],FILLED,False,False,False,,NO_TRIGGER,,NO_CONTINGENCY,,,,,,,,6d07ade8-051a-4808-bdcf-8cca706d563d,2025-10-02 14:40:00+00:00,2025-10-02 16:10:00+00:00
TESTER-001,SRGridStrategyUser-000,BTC/USDT.SIM,SIM-1-484,BTC/USDT.SIM-SRGridStrategyUser-000,SIM-001,T-ea7e9496893067fb-62319,LIMIT,SELL,0.008641,120666.72,GTC,,0.008641,MAKER,120666.72,0.0,['0.21000000 USDT'],FILLED,False,False,False,,NO_TRIGGER,,NO_CONTINGENCY,,,,,,,,4879918e-b1e4-4ec3-91a0-6143de9d3cc8,2025-10-02 14:40:00+00:00,2025-10-02 19:00:00+00:00
TESTER-001,SRGridStrategyUser-000,BTC/USDT.SIM,SIM-1-487,BTC/USDT.SIM-SRGridStrategyUser-000,SIM-001,T-afa128828a9acda5-62855,LIMIT,BUY,0.041729,119821.41,GTC,,0.041729,MAKER,119821.40999999999,0.0,['1.00000000 USDT'],FILLED,False,False,False,,NO_TRIGGER,,NO_CONTINGENCY,,,,,,,,4a47e2c7-b07b-41e8-b53f-ecd97d4b19e0,2025-10-03 06:15:00+00:00,2025-10-03 06:50:00+00:00
TESTER-001,SRGridStrategyUser-000,BTC/USDT.SIM,SIM-1-488,BTC/USDT.SIM-SRGridStrategyUser-000,SIM-001,T-32bb239502cb2704-62893,LIMIT,BUY,0.041795,119631.34,GTC,,0.041795,MAKER,119631.34,0.0,['1.00000000 USDT'],FILLED,False,False,False,,NO_TRIGGER,,NO_CONTINGENCY,,,,,,,,11841d09-bfaa-4570-8c63-f5ce5b0a27cd,2025-10-03 06:15:00+00:00,2025-10-03 07:40:00+00:00
TESTER-001,SRGridStrategyUser-000,BTC/USDT.SIM,SIM-1-489,BTC/USDT.SIM-SRGridStrategyUser-000,SIM-001,T-4b5bf94ed16e63e2-62970,LIMIT,SELL,0.041597,120201.55,GTC,,0.041597,MAKER,120201.54999999999,0.0,['1.00000000 USDT'],FILLED,False,False,False,,NO_TRIGGER,,NO_CONTINGENCY,,,,,,,,4530d813-84b7-4f44-9b3b-249159baf8b3,2025-10-03 06:15:00+00:00,2025-10-03 09:20:00+00:00
TESTER-001,SRGridStrategyUser-000,BTC/USDT.SIM,SIM-1-490,BTC/USDT.SIM-SRGridStrategyUser-000,SIM-001,T-fd258ab680d3689d-63016,LIMIT,SELL,0.041531,120391.62,GTC,,0.041531,MAKER,120391.62000000001,0.0,['1.00000000 USDT'],FILLED,False,False,False,,NO_TRIGGER,,NO_CONTINGENCY,,,,,,,,841227f1-a96b-49ca-a1af-ac457fdca9d4,2025-10-03 06:15:00+00:00,2025-10-03 10:15:00+00:00
TESTER-001,SRGridStrategyUser-000,BTC/USDT.SIM,SIM-1-491,BTC/USDT.SIM-SRGridStrategyUser-000,SIM-001,T-4b5bf94ed16e63e2-62971,LIMIT,SELL,0.041597,120201.55,GTC,,0.041597,MAKER,120201.54999999999,0.0,['1.00000000 USDT'],FILLED,False,False,False,,NO_TRIGGER,,NO_CONTINGENCY,,,,,,,,eae7ebc4-61fa-4f03-8aa6-970ed6843fb6,2025-10-03 06:50:00+00:00,2025-10-03 09:20:00+00:00
TESTER-001,SRGridStrategyUser-000,BTC/USDT.SIM,SIM-1-492,BTC/USDT.SIM-SRGridStrategyUser-000,SIM-001,T-fd258ab680d3689d-63017,LIMIT,SELL,0.041531,120391.62,GTC,,0.041531,MAKER,120391.62000000001,0.0,['1.00000000 USDT'],FILLED,False,False,False,,NO_TRIGGER,,NO_CONTINGENCY,,,,,,,,5d8f1288-98d2-4d66-aa65-27d2b63e6f2d,2025-10-03 06:50:00+00:00,2025-10-03 10:15:00+00:00
TESTER-001,SRGridStrategyUser-000,BTC/USDT.SIM,SIM-1-493,BTC/USDT.SIM-SRGridStrategyUser-000,SIM-001,T-4b5bf94ed16e63e2-62972,LIMIT,SELL,0.041597,120201.55,GTC,,0.041597,MAKER,120201.54999999999,0.0,['1.00000000 USDT'],FILLED,False,False,False,,NO_TRIGGER,,NO_CONTINGENCY,,,,,,,,8a9245f4-bf9d-4fe8-8541-06bdead9c626,2025-10-03 07:40:00+00:00,2025-10-03 09:20:00+00:00
TESTER-001,SRGridStrategyUser-000,BTC/USDT.SIM,SIM-1-494,BTC/USDT.SIM-SRGridStrategyUser-000,SIM-001,T-fd258ab680d3689d-63018,LIMIT,SELL,0.041531,120391.62,GTC,,0.041531,MAKER,120391.62000000001,0.0,['1.00000000 USDT'],FILLED,False,False,False,,NO_TRIGGER,,NO_CONTINGENCY,,,,,,,,9b99928f-4757-4622-844e-aa6232357aca,2025-10-03 07:40:00+00:00,2025-10-03 10:15:00+00:00
TESTER-001,SRGridStrategyUser-000,BTC/USDT.SIM,SIM-1-495,BTC/USDT.SIM-SRGridStrategyUser-000,SIM-001,T-b749997c9567a43e-63631,LIMIT,BUY,0.040912,122213.88,GTC,,0.040912,MAKER,122213.88,0.0,['1.00000000 USDT'],FILLED,False,False,False,,NO_TRIGGER,,NO_CONTINGENCY,,,,,,,,e03d8957-baaf-4583-a8ee-9024b8e2ea65,2025-10-03 22:15:00+00:00,2025-10-03 23:30:00+00:00
TESTER-001,SRGridStrategyUser-000,BTC/USDT.SIM,SIM-1-496,BTC/USDT.SIM-SRGridStrategyUser-000,SIM-001,T-8395b4e011ea7b54-63723,LIMIT,BUY,0.041008,121927.54,GTC,,0.041008,MAKER,121927.54,0.0,['1.00000000 USDT'],FILLED,False,False,False,,NO_TRIGGER,,NO_CONTINGENCY,,,,,,,,11667173-f5df-4b64-9cfa-df72bba39921,2025-10-03 22:15:00+00:00,2025-10-04 01:30:00+00:00
TESTER-001,SRGridStrategyUser-000,BTC/USDT.SIM,SIM-1-497,BTC/USDT.SIM-SRGridStrategyUser-000,SIM-001,T-6fc3ef0cf53254c6-64324,LIMIT,BUY,0.040914,122208.02,GTC,,0.040914,MAKER,122208.01999999999,0.0,['1.00000000 USDT'],FILLED,False,False,False,,NO_TRIGGER,,NO_CONTINGENCY,,,,,,,,a66c097d-88c9-421f-802e-8ac57e70ade3,2025-10-04 14:15:00+00:00,2025-10-04 14:45:00+00:00
TESTER-001,SRGridStrategyUser-000,BTC/USDT.SIM,SIM-1-498,BTC/USDT.SIM-SRGridStrategyUser-000,SIM-001,T-b4cd5e83a9823e28-64328,LIMIT,BUY,0.040972,122034.41,GTC,,0.040972,MAKER,122034.41000000002,0.0,['1.00000000 USDT'],FILLED,False,False,False,,NO_TRIGGER,,NO_CONTINGENCY,,,,,,,,75afa6f5-3e87-458c-82c2-5eb300c14fb7,2025-10-04 14:15:00+00:00,2025-10-04 14:50:00+00:00
TESTER-001,SRGridStrategyUser-000,BTC/USDT.SIM,SIM-1-499,BTC/USDT.SIM-SRGridStrategyUser-000,SIM-001,T-1284f1721edf1137-65161,LIMIT,BUY,0.040170,124471.59,GTC,,0.040170,MAKER,124471.59,0.0,['1.00000000 USDT'],FILLED,False,False,False,,NO_TRIGGER,,NO_CONTINGENCY,,,,,,,,a8b8bffb-1fed-415b-bdba-2729e4181fa9,2025-10-05 06:15:00+00:00,2025-10-05 09:10:00+00:00
TESTER-001,SRGridStrategyUser-000,BTC/USDT.SIM,SIM-1-500,BTC/USDT.SIM-SRGridStrategyUser-000,SIM-001,T-8bbbf6a32232ea97-65174,LIMIT,BUY,0.040333,123968.45,GTC,,0.040333,MAKER,123968.45,0.0,['1.00000000 USDT'],FILLED,False,False,False,,NO_TRIGGER,,NO_CONTINGENCY,,,,,,,,abf90bb9-85bd-4d8d-9794-209f12dcf862,2025-10-05 06:15:00+00:00,2025-10-05 09:25:00+00:00
TESTER-001,SRGridStrategyUser-000,BTC/USDT.SIM,SIM-1-509,BTC/USDT.SIM-SRGridStrategyUser-000,SIM-001,T-b0d32cb96e47fb83-65772,LIMIT,SELL,0.040561,123272.55,GTC,,0.040561,MAKER,123272.55,0.0,['1.00000000 USDT'],FILLED,False,False,False,,NO_TRIGGER,,NO_CONTINGENCY,,,,,,,,56683e60-d6a3-433b-8e39-069e8eaeeb4a,2025-10-05 22:15:00+00:00,2025-10-05 22:25:00+00:00
TESTER-001,SRGridStrategyUser-000,BTC/USDT.SIM,SIM-1-510,BTC/USDT.SIM-SRGridStrategyUser-000,SIM-001,T-46d5cc14e2ad020e-65823,LIMIT,SELL,0.040471,123545.11,GTC,,0.040471,MAKER,123545.10999999999,0.0,['1.00000000 USDT'],FILLED,False,False,False,,NO_TRIGGER,,NO_CONTINGENCY,,,,,,,,b04cbd97-1688-42be-a8d5-fd446c524310,2025-10-05 22:15:00+00:00,2025-10-05 23:30:00+00:00
TESTER-001,SRGridStrategyUser-000,BTC/USDT.SIM,SIM-1-515,BTC/USDT.SIM-SRGridStrategyUser-000,SIM-001,T-7b3f1e415f4cc631-67059,LIMIT,BUY,0.040249,124225.51,GTC,,0.040249,MAKER,124225.51,0.0,['1.00000000 USDT'],FILLED,False,False,False,,NO_TRIGGER,,NO_CONTINGENCY,,,,,,,,d037e76f-3213-4842-b9cd-75d78cd69fa4,2025-10-06 14:15:00+00:00,2025-10-07 02:20:00+00:00
TESTER-001,SRGridStrategyUser-000,BTC/USDT.SIM,SIM-1-517,BTC/USDT.SIM-SRGridStrategyUser-000,SIM-001,T-fbd0a9b4cca0e384-66654,LIMIT,SELL,0.039758,125761.93,GTC,,0.039758,MAKER,125761.93000000001,0.0,['1.00000000 USDT'],FILLED,False,False,False,,NO_TRIGGER,,NO_CONTINGENCY,,,,,,,,06432eb6-a5fb-4ece-b239-39e6a3cf5b4e,2025-10-06 14:15:00+00:00,2025-10-06 17:20:00+00:00
TESTER-001,SRGridStrategyUser-000,BTC/USDT.SIM,SIM-1-519,BTC/USDT.SIM-SRGridStrategyUser-000,SIM-001,T-7b3f1e415f4cc631-67060,LIMIT,BUY,0.040249,124225.51,GTC,,0.040249,MAKER,124225.51,0.0,['1.00000000 USDT'],FILLED,False,False,False,,NO_TRIGGER,,NO_CONTINGENCY,,,,,,,,e67680c6-ef1f-4b9f-aeb9-706a2336d1a2,2025-10-06 17:20:00+00:00,2025-10-07 02:20:00+00:00
TESTER-001,SRGridStrategyUser-000,BTC/USDT.SIM,SIM-1-522,BTC/USDT.SIM-SRGridStrategyUser-000,SIM-001,T-85a5bd3f8e99fa76-67247,LIMIT,BUY,0.040333,123968.90,GTC,,0.040333,MAKER,123968.90000000001,0.0,['1.00000000 USDT'],FILLED,False,False,False,,NO_TRIGGER,,NO_CONTINGENCY,,,,,,,,901c7be0-7fad-4783-be0f-a4bf0d558a21,2025-10-07 06:15:00+00:00,2025-10-07 06:25:00+00:00
TESTER-001,SRGridStrategyUser-000,BTC/USDT.SIM,SIM-1-523,BTC/USDT.SIM-SRGridStrategyUser-000,SIM-001,T-7fe781ba97729c5c-67287,LIMIT,BUY,0.040421,123697.80,GTC,,0.040421,MAKER,123697.79999999999,0.0,['1.00000000 USDT'],FILLED,False,False,False,,NO_TRIGGER,,NO_CONTINGENCY,,,,,,,,6c2815f9-4eb7-48b6-989a-fa3c10074223,2025-10-07 06:15:00+00:00,2025-10-07 07:15:00+00:00
TESTER-001,SRGridStrategyUser-000,BTC/USDT.SIM,SIM-1-524,BTC/USDT.SIM-SRGridStrategyUser-000,SIM-001,T-f9fda08db0c87f68-67511,LIMIT,SELL,0.040157,124511.10,GTC,,0.040157,MAKER,124511.09999999999,0.0,['1.00000000 USDT'],FILLED,False,False,False,,NO_TRIGGER,,NO_CONTINGENCY,,,,,,,,de2385fc-65d9-4d4a-9d8c-bd8c0214e0b8,2025-10-07 06:15:00+00:00,2025-10-07 12:05:00+00:00
TESTER-001,SRGridStrategyUser-000,BTC/USDT.SIM,SIM-1-525,BTC/USDT.SIM-SRGridStrategyUser-000,SIM-001,T-6a6c75e47e7d9264-67545,LIMIT,SELL,0.040070,124782.20,GTC,,0.040070,MAKER,124782.20000000001,0.0,['1.00000000 USDT'],FILLED,False,False,False,,NO_TRIGGER,,NO_CONTINGENCY,,,,,,,,a7a828fc-5974-42dd-9802-5b5c97929b10,2025-10-07 06:15:00+00:00,2025-10-07 12:45:00+00:00
TESTER-001,SRGridStrategyUser-000,BTC/USDT.SIM,SIM-1-526,BTC/USDT.SIM-SRGridStrategyUser-000,SIM-001,T-f9fda08db0c87f68-67512,LIMIT,SELL,0.040157,124511.10,GTC,,0.040157,MAKER,124511.09999999999,0.0,['1.00000000 USDT'],FILLED,False,False,False,,NO_TRIGGER,,NO_CONTINGENCY,,,,,,,,5a092e32-c367-484f-a77d-c36febe8bf56,2025-10-07 06:25:00+00:00,2025-10-07 12:05:00+00:00
TESTER-001,SRGridStrategyUser-000,BTC/USDT.SIM,SIM-1-527,BTC/USDT.SIM-SRGridStrategyUser-000,SIM-001,T-6a6c75e47e7d9264-67546,LIMIT,SELL,0.040070,124782.20,GTC,,0.040070,MAKER,124782.20000000001,0.0,['1.00000000 USDT'],FILLED,False,False,False,,NO_TRIGGER,,NO_CONTINGENCY,,,,,,,,ccbd1ace-5f96-494a-bc1a-107ded7b7659,2025-10-07 06:25:00+00:00,2025-10-07 12:45:00+00:00
TESTER-001,SRGridStrategyUser-000,BTC/USDT.SIM,SIM-1-528,BTC/USDT.SIM-SRGridStrategyUser-000,SIM-001,T-f9fda08db0c87f68-67513,LIMIT,SELL,0.040157,124511.10,GTC,,0.040157,MAKER,124511.09999999999,0.0,['1.00000000 USDT'],FILLED,False,False,False,,NO_TRIGGER,,NO_CONTINGENCY,,,,,,,,21c309ad-ed27-4169-8356-2319e8406132,2025-10-07 07:15:00+00:00,2025-10-07 12:05:00+00:00
TESTER-001,SRGridStrategyUser-000,BTC/USDT.SIM,SIM-1-529,BTC/USDT.SIM-SRGridStrategyUser-000,SIM-001,T-6a6c75e47e7d9264-67547,LIMIT,SELL,0.040070,124782.20,GTC,,0.040070,MAKER,124782.20000000001,0.0,['1.00000000 USDT'],FILLED,False,False,False,,NO_TRIGGER,,NO_CONTINGENCY,,,,,,,,0af42cba-5645-4745-a8e7-c3b4c1222e09,2025-10-07 07:15:00+00:00,2025-10-07 12:45:00+00:00
TESTER-001,SRGridStrategyUser-000,BTC/USDT.SIM,SIM-1-530,BTC/USDT.SIM-SRGridStrategyUser-000,SIM-001,T-fdfa9b9067590c57-68041,LIMIT,BUY,0.041098,121661.78,GTC,,0.041098,MAKER,121661.78,0.0,['1.00000000 USDT'],FILLED,False,False,False,,NO_TRIGGER,,NO_CONTINGENCY,,,,,,,,a342ab80-8406-4520-a924-c76cdecefadf,2025-10-07 22:15:00+00:00,2025-10-07 23:20:00+00:00
TESTER-001,SRGridStrategyUser-000,BTC/USDT.SIM,SIM-1-531,BTC/USDT.SIM-SRGridStrategyUser-000,SIM-001,T-93af7cf2b5aa2f60-68244,LIMIT,BUY,0.041244,121228.77,GTC,,0.041244,MAKER,121228.76999999999,0.0,['1.00000000 USDT'],FILLED,False,False,False,,NO_TRIGGER,,NO_CONTINGENCY,,,,,,,,3e1be142-6621-48e9-b42d-ed6e4a3f4651,2025-10-07 22:15:00+00:00,2025-10-08 03:45:00+00:00
TESTER-001,SRGridStrategyUser-000,BTC/USDT.SIM,SIM-1-532,BTC/USDT.SIM-SRGridStrategyUser-000,SIM-001,T-0fdcc0f520b2089b-68766,LIMIT,BUY,0.040916,122201.20,GTC,,0.040916,MAKER,122201.20000000001,0.0,['1.00000000 USDT'],FILLED,False,False,False,,NO_TRIGGER,,NO_CONTINGENCY,,,,,,,,056cba51-bd9f-4ad9-9bb7-00ee4cbfcd23,2025-10-08 14:15:00+00:00,2025-10-08 14:55:00+00:00
TESTER-001,SRGridStrategyUser-000,BTC/USDT.SIM,SIM-1-534,BTC/USDT.SIM-SRGridStrategyUser-000,SIM-001,T-28bcbbbeab76d386-68881,LIMIT,SELL,0.040342,123938.96,GTC,,0.040342,MAKER,123938.95999999999,0.0,['1.00000000 USDT'],FILLED,False,False,False,,NO_TRIGGER,,NO_CONTINGENCY,,,,,,,,7319577d-c6e5-4504-a4a9-aafe72eec2d1,2025-10-08 14:15:00+00:00,2025-10-08 17:20:00+00:00
TESTER-001,SRGridStrategyUser-000,BTC/USDT.SIM,SIM-1-536,BTC/USDT.SIM-SRGridStrategyUser-000,SIM-001,T-28bcbbbeab76d386-68882,LIMIT,SELL,0.040342,123938.96,GTC,,0.040342,MAKER,123938.95999999999,0.0,['1.00000000 USDT'],FILLED,False,False,False,,NO_TRIGGER,,NO_CONTINGENCY,,,,,,,,fcc7f292-171f-47d4-b458-6b9fb8fbb380,2025-10-08 14:55:00+00:00,2025-10-08 17:20:00+00:00
TESTER-001,SRGridStrategyUser-000,BTC/USDT.SIM,SIM-1-539,BTC/USDT.SIM-SRGridStrategyUser-000,SIM-001,T-852f22c01627fa2f-69580,LIMIT,BUY,0.041107,121633.35,GTC,,0.041107,MAKER,121633.35,0.0,['1.00000000 USDT'],FILLED,False,False,False,,NO_TRIGGER,,NO_CONTINGENCY,,,,,,,,0c383302-4caf-4f10-a96f-1214fcef5427,2025-10-09 06:15:00+00:00,2025-10-09 08:15:00+00:00
TESTER-001,SRGridStrategyUser-000,BTC/USDT.SIM,SIM-1-540,BTC/USDT.SIM-SRGridStrategyUser-000,SIM-001,T-a6f75db37fff0045-69589,LIMIT,BUY,0.041210,121330.52,GTC,,0.041210,MAKER,121330.52,0.0,['1.00000000 USDT'],FILLED,False,False,False,,NO_TRIGGER,,NO_CONTINGENCY,,,,,,,,85c8f067-d026-44a0-b083-64addb10b760,2025-10-09 06:15:00+00:00,2025-10-09 08:25:00+00:00
TESTER-001,SRGridStrategyUser-000,BTC/USDT.SIM,SIM-1-541,BTC/USDT.SIM-SRGridStrategyUser-000,SIM-001,T-abe3399be7e8e2b4-70414,LIMIT,BUY,0.041229,121274.88,GTC,,0.041229,MAKER,121274.88,0.0,['1.00000000 USDT'],FILLED,False,False,False,,NO_TRIGGER,,NO_CONTINGENCY,,,,,,,,366fbc93-5eb1-4005-b076-f522d4681147,2025-10-09 22:15:00+00:00,2025-10-10 02:05:00+00:00
TESTER-001,SRGridStrategyUser-000,BTC/USDT.SIM,SIM-1-542,BTC/USDT.SIM-SRGridStrategyUser-000,SIM-001,T-03923f378250a6c7-70452,LIMIT,BUY,0.041328,120982.51,GTC,,0.041328,MAKER,120982.51,0.0,['1.00000000 USDT'],FILLED,False,False,False,,NO_TRIGGER,,NO_CONTINGENCY,,,,,,,,191c034d-fa68-4068-9d7e-2f1baa88b83d,2025-10-09 22:15:00+00:00,2025-10-10 02:50:00+00:00
TESTER-001,SRGridStrategyUser-000,BTC/USDT.SIM,SIM-1-543,BTC/USDT.SIM-SRGridStrategyUser-000,SIM-001,T-43a38c8e55883d3a-70309,LIMIT,SELL,0.041031,121859.62,GTC,,0.041031,MAKER,121859.62000000001,0.0,['1.00000000 USDT'],FILLED,False,False,False,,NO_TRIGGER,,NO_CONTINGENCY,,,,,,,,ba09b673-873d-4126-9f21-c2cc23b9c95d,2025-10-09 22:15:00+00:00,2025-10-09 23:50:00+00:00
TESTER-001,SRGridStrategyUser-000,BTC/USDT.SIM,SIM-1-544,BTC/USDT.SIM-SRGridStrategyUser-000,SIM-001,T-7db9bdc75633afde-70952,LIMIT,SELL,0.040933,122151.99,GTC,,0.040933,MAKER,122151.98999999999,0.0,['1.00000000 USDT'],FILLED,False,False,False,,NO_TRIGGER,,NO_CONTINGENCY,,,,,,,,d12b71d2-c103-41fd-8444-f664ddc55da6,2025-10-09 22:15:00+00:00,2025-10-10 13:35:00+00:00
TESTER-001,SRGridStrategyUser-000,BTC/USDT.SIM,SIM-1-545,BTC/USDT.SIM-SRGridStrategyUser-000,SIM-001,T-abe3399be7e8e2b4-70415,LIMIT,BUY,0.041229,121274.88,GTC,,0.041229,MAKER,121274.88,0.0,['1.00000000 USDT'],FILLED,False,False,False,,NO_TRIGGER,,NO_CONTINGENCY,,,,,,,,73352b43-22e3-4931-9e9c-fe43c8db9793,2025-10-09 23:50:00+00:00,2025-10-10 02:05:00+00:00
TESTER-001,SRGridStrategyUser-000,BTC/USDT.SIM,SIM-1-546,BTC/USDT.SIM-SRGridStrategyUser-000,SIM-001,T-03923f378250a6c7-70453,LIMIT,BUY,0.041328,120982.51,GTC,,0.041328,MAKER,120982.51,0.0,['1.00000000 USDT'],FILLED,False,False,False,,NO_TRIGGER,,NO_CONTINGENCY,,,,,,,,6315ede4-509e-402a-929b-42380a6495cc,2025-10-09 23:50:00+00:00,2025-10-10 02:50:00+00:00
TESTER-001,SRGridStrategyUser-000,BTC/USDT.SIM,SIM-1-547,BTC/USDT.SIM-SRGridStrategyUser-000,SIM-001,T-7db9bdc75633afde-70953,LIMIT,SELL,0.040933,122151.99,GTC,,0.040933,MAKER,122151.98999999999,0.0,['1.00000000 USDT'],FILLED,False,False,False,,NO_TRIGGER,,NO_CONTINGENCY,,,,,,,,bc2edcde-dfe0-470c-8c26-0ab775208815,2025-10-10 02:05:00+00:00,2025-10-10 13:35:00+00:00
TESTER-001,SRGridStrategyUser-000,BTC/USDT.SIM,SIM-1-548,BTC/USDT.SIM-SRGridStrategyUser-000,SIM-001,T-7db9bdc75633afde-70954,LIMIT,SELL,0.040933,122151.99,GTC,,0.040933,MAKER,122151.98999999999,0.0,['1.00000000 USDT'],FILLED,False,False,False,,NO_TRIGGER,,NO_CONTINGENCY,,,,,,,,451c09ae-f7fc-496f-9967-ea58d8804e25,2025-10-10 02:50:00+00:00,2025-10-10 13:35:00+00:00
TESTER-001,SRGridStrategyUser-000,BTC/USDT.SIM,SIM-1-549,BTC/USDT.SIM-SRGridStrategyUser-000,SIM-001,T-2999e3032c6db02a-71023,LIMIT,BUY,0.041531,120393.22,GTC,,0.041531,MAKER,120393.22000000002,0.0,['1.00000000 USDT'],FILLED,False,False,False,,NO_TRIGGER,,NO_CONTINGENCY,,,,,,,,d8075e40-b17b-4af2-9f33-0c909022fdee,2025-10-10 14:15:00+00:00,2025-10-10 15:00:00+00:00
TESTER-001,SRGridStrategyUser-000,BTC/USDT.SIM,SIM-1-550,BTC/USDT.SIM-SRGridStrategyUser-000,SIM-001,T-de69cb26f4bb22b7-71040,LIMIT,BUY,0.032619,119546.45,GTC,,0.032619,MAKER,119546.45000000001,0.0,['0.78000000 USDT'],FILLED,False,False,False,,NO_TRIGGER,,NO_CONTINGENCY,,,,,,,,182ba9e8-8fde-4ba1-bd39-cb5099393902,2025-10-10 14:15:00+00:00,2025-10-10 15:20:00+00:00
TESTER-001,SRGridStrategyUser-000,BTC/USDT.SIM,SIM-1-557,BTC/USDT.SIM-SRGridStrategyUser-000,SIM-001,T-2c1f3c05ca7892aa-71296,LIMIT,BUY,0.059585,115885.60,GTC,,0.059585,MAKER,115885.6,0.0,['1.38000000 USDT'],FILLED,False,True,False,,NO_TRIGGER,,NO_CONTINGENCY,,,,,,,,1b16bf07-d601-4d4f-b416-4233f1656789,2025-10-10 19:20:00+00:00,2025-10-10 20:50:00+00:00
TESTER-001,SRGridStrategyUser-000,BTC/USDT.SIM,SIM-1-558,BTC/USDT.SIM-SRGridStrategyUser-000,SIM-001,T-5199cd8257186948-71781,LIMIT,BUY,0.044662,111950.84,GTC,,0.044662,MAKER,111950.84000000001,0.0,['1.00000000 USDT'],FILLED,False,False,False,,NO_TRIGGER,,NO_CONTINGENCY,,,,,,,,ca2f8b20-a258-4327-aacc-09cfe82b1baa,2025-10-11 05:05:00+00:00,2025-10-11 07:00:00+00:00
TESTER-001,SRGridStrategyUser-000,BTC/USDT.SIM,SIM-1-559,BTC/USDT.SIM-SRGridStrategyUser-000,SIM-001,T-b10f0fd03240312d-71786,LIMIT,BUY,0.044954,111223.78,GTC,,0.044954,MAKER,111223.78,0.0,['1.00000000 USDT'],FILLED,False,False,False,,NO_TRIGGER,,NO_CONTINGENCY,,,,,,,,2df68c49-33ef-4c7b-8249-685bc0a2f949,2025-10-11 05:05:00+00:00,2025-10-11 07:05:00+00:00
TESTER-001,SRGridStrategyUser-000,BTC/USDT.SIM,SIM-1-568,BTC/USDT.SIM-SRGridStrategyUser-000,SIM-001,T-cd690b8c16594961-72452,LIMIT,SELL,0.040739,110546.52,GTC,,0.040739,MAKER,110546.52,0.0,['0.90000000 USDT'],FILLED,False,False,False,,NO_TRIGGER,,NO_CONTINGENCY,,,,,,,,61257970-6c4c-40d1-af68-304d80406aa7,2025-10-11 21:05:00+00:00,2025-10-11 21:20:00+00:00
TESTER-001,SRGridStrategyUser-000,BTC/USDT.SIM,SIM-1-569,BTC/USDT.SIM-SRGridStrategyUser-000,SIM-001,T-7a530db938dae886-72794,LIMIT,SELL,0.044870,111432.74,GTC,,0.044870,MAKER,111432.73999999999,0.0,['1.00000000 USDT'],FILLED,False,False,False,,NO_TRIGGER,,NO_CONTINGENCY,,,,,,,,d094c3ba-032c-4052-924b-c69b6b01ba2d,2025-10-11 21:05:00+00:00,2025-10-12 04:40:00+00:00
TESTER-001,SRGridStrategyUser-000,BTC/USDT.SIM,SIM-1-574,BTC/USDT.SIM-SRGridStrategyUser-000,SIM-001,T-9b6212c9757c1f3d-73226,LIMIT,BUY,0.044898,111364.10,GTC,,0.044898,MAKER,111364.09999999999,0.0,['1.00000000 USDT'],FILLED,False,False,False,,NO_TRIGGER,,NO_CONTINGENCY,,,,,,,,f9a17832-2df0-4c76-9e47-a3759e254ddc,2025-10-12 13:05:00+00:00,2025-10-12 13:55:00+00:00
TESTER-001,SRGridStrategyUser-000,BTC/USDT.SIM,SIM-1-576,BTC/USDT.SIM-SRGridStrategyUser-000,SIM-001,T-909a8f770dfe1694-73266,LIMIT,SELL,0.044572,112179.26,GTC,,0.044572,MAKER,112179.26000000001,0.0,['1.00000000 USDT'],FILLED,False,False,False,,NO_TRIGGER,,NO_CONTINGENCY,,,,,,,,988c84c9-a859-4304-ba7d-803ed4661237,2025-10-12 13:05:00+00:00,2025-10-12 14:45:00+00:00
TESTER-001,SRGridStrategyUser-000,BTC/USDT.SIM,SIM-1-577,BTC/USDT.SIM-SRGridStrategyUser-000,SIM-001,T-21cdaf97141b03f4-73272,LIMIT,SELL,0.036389,112586.85,GTC,,0.036389,MAKER,112586.85,0.0,['0.82000000 USDT'],FILLED,False,False,False,,NO_TRIGGER,,NO_CONTINGENCY,,,,,,,,860db792-76fd-4d8a-b98d-0781df29ee36,2025-10-12 13:05:00+00:00,2025-10-12 14:50:00+00:00
TESTER-001,SRGridStrategyUser-000,BTC/USDT.SIM,SIM-1-578,BTC/USDT.SIM-SRGridStrategyUser-000,SIM-001,T-909a8f770dfe1694-73267,LIMIT,SELL,0.044572,112179.26,GTC,,0.044572,MAKER,112179.26000000001,0.0,['1.00000000 USDT'],FILLED,False,False,False,,NO_TRIGGER,,NO_CONTINGENCY,,,,,,,,a4e699d9-0ad0-4005-82d7-efa79f0f94eb,2025-10-12 13:55:00+00:00,2025-10-12 14:45:00+00:00
TESTER-001,SRGridStrategyUser-000,BTC/USDT.SIM,SIM-1-579,BTC/USDT.SIM-SRGridStrategyUser-000,SIM-001,T-21cdaf97141b03f4-73273,LIMIT,SELL,0.044410,112586.85,GTC,,0.044410,MAKER,112586.85,0.0,['1.00000000 USDT'],FILLED,False,False,False,,NO_TRIGGER,,NO_CONTINGENCY,,,,,,,,af62d57b-8e45-4331-a158-f27f9505f5f9,2025-10-12 13:55:00+00:00,2025-10-12 14:50:00+00:00
TESTER-001,SRGridStrategyUser-000,BTC/USDT.SIM,SIM-1-582,BTC/USDT.SIM-SRGridStrategyUser-000,SIM-001,T-d425939d757712ed-74242,LIMIT,BUY,0.043802,114151.14,GTC,,0.043802,MAKER,114151.14,0.0,['1.00000000 USDT'],FILLED,False,False,False,,NO_TRIGGER,,NO_CONTINGENCY,,,,,,,,745f4e0f-f4e0-4a09-9a92-da5fc6717766,2025-10-13 05:05:00+00:00,2025-10-13 11:20:00+00:00
TESTER-001,SRGridStrategyUser-000,BTC/USDT.SIM,SIM-1-584,BTC/USDT.SIM-SRGridStrategyUser-000,SIM-001,T-2293310a2ce0bbb6-74011,LIMIT,SELL,0.043384,115249.90,GTC,,0.043384,MAKER,115249.90000000001,0.0,['1.00000000 USDT'],FILLED,False,False,False,,NO_TRIGGER,,NO_CONTINGENCY,,,,,,,,25e69407-543c-487f-bc48-34cfcd641574,2025-10-13 05:05:00+00:00,2025-10-13 06:30:00+00:00
TESTER-001,SRGridStrategyUser-000,BTC/USDT.SIM,SIM-1-585,BTC/USDT.SIM-SRGridStrategyUser-000,SIM-001,T-57327473ba815d14-74640,LIMIT,SELL,0.025204,115799.29,GTC,,0.025204,MAKER,115799.29,0.0,['0.58000000 USDT'],FILLED,False,False,False,,NO_TRIGGER,,NO_CONTINGENCY,,,,,,,,42ac2366-6f24-4c5d-b905-84de3ace0299,2025-10-13 05:05:00+00:00,2025-10-13 19:45:00+00:00
TESTER-001,SRGridStrategyUser-000,BTC/USDT.SIM,SIM-1-586,BTC/USDT.SIM-SRGridStrategyUser-000,SIM-001,T-d425939d757712ed-74243,LIMIT,BUY,0.043802,114151.14,GTC,,0.043802,MAKER,114151.14,0.0,['1.00000000 USDT'],FILLED,False,False,False,,NO_TRIGGER,,NO_CONTINGENCY,,,,,,,,c4a745b7-68b4-4f05-93f4-a7b186f955e2,2025-10-13 06:30:00+00:00,2025-10-13 11:20:00+00:00
TESTER-001,SRGridStrategyUser-000,BTC/USDT.SIM,SIM-1-588,BTC/USDT.SIM-SRGridStrategyUser-000,SIM-001,T-57327473ba815d14-74641,LIMIT,SELL,0.043178,115799.29,GTC,,0.043178,MAKER,115799.29,0.0,['1.00000000 USDT'],FILLED,False,False,False,,NO_TRIGGER,,NO_CONTINGENCY,,,,,,,,3ca764f4-22aa-4a51-baf8-dd740d33c06d,2025-10-13 11:20:00+00:00,2025-10-13 19:45:00+00:00
TESTER-001,SRGridStrategyUser-000,BTC/USDT.SIM,SIM-1-590,BTC/USDT.SIM-SRGridStrategyUser-000,SIM-001,T-88a2803e8ca28118-74822,LIMIT,BUY,0.043380,115261.00,GTC,,0.043380,MAKER,115261.0,0.0,['1.00000000 USDT'],FILLED,False,False,False,,NO_TRIGGER,,NO_CONTINGENCY,,,,,,,,affdb589-5591-4c51-93d2-4d7062398632,2025-10-13 21:05:00+00:00,2025-10-13 23:40:00+00:00
TESTER-001,SRGridStrategyUser-000,BTC/USDT.SIM,SIM-1-591,BTC/USDT.SIM-SRGridStrategyUser-000,SIM-001,T-113e13f3a55bcf6c-74874,LIMIT,BUY,0.043521,114888.00,GTC,,0.043521,MAKER,114888.0,0.0,['1.00000000 USDT'],FILLED,False,False,False,,NO_TRIGGER,,NO_CONTINGENCY,,,,,,,,5975f6ce-3796-4bfd-b428-e0a61ad75659,2025-10-13 21:05:00+00:00,2025-10-14 00:45:00+00:00
TESTER-001,SRGridStrategyUser-000,BTC/USDT.SIM,SIM-1-598,BTC/USDT.SIM-SRGridStrategyUser-000,SIM-001,T-cc4275722265341a-75481,LIMIT,BUY,0.045404,110123.15,GTC,,0.045404,MAKER,110123.15,0.0,['1.00000000 USDT'],FILLED,False,False,False,,NO_TRIGGER,,NO_CONTINGENCY,,,,,,,,93046e79-8639-49e8-8332-1307f3fccc6d,2025-10-14 13:05:00+00:00,2025-10-14 13:35:00+00:00
TESTER-001,SRGridStrategyUser-000,BTC/USDT.SIM,SIM-1-600,BTC/USDT.SIM-SRGridStrategyUser-000,SIM-001,T-30bfef0c26a684a7-75489,LIMIT,SELL,0.044926,111294.69,GTC,,0.044926,MAKER,111294.69,0.0,['1.00000000 USDT'],FILLED,False,False,False,,NO_TRIGGER,,NO_CONTINGENCY,,,,,,,,485fcb13-eb8e-435f-8579-d40f96de819b,2025-10-14 13:05:00+00:00,2025-10-14 13:45:00+00:00
TESTER-001,SRGridStrategyUser-000,BTC/USDT.SIM,SIM-1-601,BTC/USDT.SIM-SRGridStrategyUser-000,SIM-001,T-b288aa18e2a63392-75515,LIMIT,SELL,0.044691,111880.45,GTC,,0.044691,MAKER,111880.45000000001,0.0,['1.00000000 USDT'],FILLED,False,False,False,,NO_TRIGGER,,NO_CONTINGENCY,,,,,,,,9f55275b-0616-466a-ad2b-2b5c700785e1,2025-10-14 13:05:00+00:00,2025-10-14 14:15:00+00:00
TESTER-001,SRGridStrategyUser-000,BTC/USDT.SIM,SIM-1-602,BTC/USDT.SIM-SRGridStrategyUser-000,SIM-001,T-30bfef0c26a684a7-75490,LIMIT,SELL,0.044926,111294.69,GTC,,0.044926,MAKER,111294.69,0.0,['1.00000000 USDT'],FILLED,False,False,False,,NO_TRIGGER,,NO_CONTINGENCY,,,,,,,,51b05230-7f7c-4ebd-bfbf-5ec914c7a702,2025-10-14 13:35:00+00:00,2025-10-14 13:45:00+00:00
TESTER-001,SRGridStrategyUser-000,BTC/USDT.SIM,SIM-1-603,BTC/USDT.SIM-SRGridStrategyUser-000,SIM-001,T-b288aa18e2a63392-75516,LIMIT,SELL,0.044691,111880.45,GTC,,0.044691,MAKER,111880.45000000001,0.0,['1.00000000 USDT'],FILLED,False,False,False,,NO_TRIGGER,,NO_CONTINGENCY,,,,,,,,9e8a15a4-e066-482f-89bb-f05cb727a108,2025-10-14 13:35:00+00:00,2025-10-14 14:15:00+00:00
TESTER-001,SRGridStrategyUser-000,BTC/USDT.SIM,SIM-1-606,BTC/USDT.SIM-SRGridStrategyUser-000,SIM-001,T-aa2e4ad3dce13239-76271,LIMIT,BUY,0.044646,111992.20,GTC,,0.044646,MAKER,111992.2,0.0,['1.00000000 USDT'],FILLED,False,False,False,,NO_TRIGGER,,NO_CONTINGENCY,,,,,,,,e88e0cc8-6f40-40b0-8d8e-0a4af00d6cc3,2025-10-15 05:05:00+00:00,2025-10-15 06:15:00+00:00
TESTER-001,SRGridStrategyUser-000,BTC/USDT.SIM,SIM-1-607,BTC/USDT.SIM-SRGridStrategyUser-000,SIM-001,T-fb8563eeae0f350f-76566,LIMIT,BUY,0.044824,111548.48,GTC,,0.044824,MAKER,111548.48,0.0,['1.00000000 USDT'],FILLED,False,False,False,,NO_TRIGGER,,NO_CONTINGENCY,,,,,,,,bebcdbdf-49d8-4bb1-8306-ae1ff16a0525,2025-10-15 05:05:00+00:00,2025-10-15 12:25:00+00:00
TESTER-001,SRGridStrategyUser-000,BTC/USDT.SIM,SIM-1-608,BTC/USDT.SIM-SRGridStrategyUser-000,SIM-001,T-8416e1b5afe8e33e-76362,LIMIT,SELL,0.044295,112879.65,GTC,,0.044295,MAKER,112879.65000000001,0.0,['1.00000000 USDT'],FILLED,False,False,False,,NO_TRIGGER,,NO_CONTINGENCY,,,,,,,,14f275c3-660d-4f01-a49b-1be709521035,2025-10-15 05:05:00+00:00,2025-10-15 08:10:00+00:00
TESTER-001,SRGridStrategyUser-000,BTC/USDT.SIM,SIM-1-609,BTC/USDT.SIM-SRGridStrategyUser-000,SIM-001,T-20ba1acc1e3ecc96-76380,LIMIT,SELL,0.044122,113323.38,GTC,,0.044122,MAKER,113323.37999999999,0.0,['1.00000000 USDT'],FILLED,False,False,False,,NO_TRIGGER,,NO_CONTINGENCY,,,,,,,,7e63e651-7274-4673-ae01-08b215c5a497,2025-10-15 05:05:00+00:00,2025-10-15 08:30:00+00:00
TESTER-001,SRGridStrategyUser-000,BTC/USDT.SIM,SIM-1-610,BTC/USDT.SIM-SRGridStrategyUser-000,SIM-001,T-8416e1b5afe8e33e-76363,LIMIT,SELL,0.044295,112879.65,GTC,,0.044295,MAKER,112879.65000000001,0.0,['1.00000000 USDT'],FILLED,False,False,False,,NO_TRIGGER,,NO_CONTINGENCY,,,,,,,,9e382b29-ead4-4137-b7db-a3c812fd5f98,2025-10-15 06:15:00+00:00,2025-10-15 08:10:00+00:00
TESTER-001,SRGridStrategyUser-000,BTC/USDT.SIM,SIM-1-611,BTC/USDT.SIM-SRGridStrategyUser-000,SIM-001,T-20ba1acc1e3ecc96-76381,LIMIT,SELL,0.044122,113323.38,GTC,,0.044122,MAKER,113323.37999999999,0.0,['1.00000000 USDT'],FILLED,False,False,False,,NO_TRIGGER,,NO_CONTINGENCY,,,,,,,,e6216a7c-ecba-43e0-9fb7-139e4c8e8eac,2025-10-15 06:15:00+00:00,2025-10-15 08:30:00+00:00
TESTER-001,SRGridStrategyUser-000,BTC/USDT.SIM,SIM-1-612,BTC/USDT.SIM-SRGridStrategyUser-000,SIM-001,T-fb8563eeae0f350f-76567,LIMIT,BUY,0.044824,111548.48,GTC,,0.044824,MAKER,111548.48,0.0,['1.00000000 USDT'],FILLED,False,False,False,,NO_TRIGGER,,NO_CONTINGENCY,,,,,,,,bcc80803-5248-492b-892c-9515db123114,2025-10-15 08:10:00+00:00,2025-10-15 12:25:00+00:00
TESTER-001,SRGridStrategyUser-000,BTC/USDT.SIM,SIM-1-613,BTC/USDT.SIM-SRGridStrategyUser-000,SIM-001,T-fb8563eeae0f350f-76568,LIMIT,BUY,0.044824,111548.48,GTC,,0.044824,MAKER,111548.48,0.0,['1.00000000 USDT'],FILLED,False,False,False,,NO_TRIGGER,,NO_CONTINGENCY,,,,,,,,1219f620-9383-40e6-a488-12f7f592eb19,2025-10-15 08:30:00+00:00,2025-10-15 12:25:00+00:00
TESTER-001,SRGridStrategyUser-000,BTC/USDT.SIM,SIM-1-614,BTC/USDT.SIM-SRGridStrategyUser-000,SIM-001,T-6e4f996ca3e05554-77557,LIMIT,BUY,0.045391,110155.12,GTC,,0.045391,MAKER,110155.12,0.0,['1.00000000 USDT'],FILLED,False,False,False,,NO_TRIGGER,,NO_CONTINGENCY,,,,,,,,d7097af5-e987-4467-9237-ac7aaffc4302,2025-10-15 21:05:00+00:00,2025-10-16 09:30:00+00:00
TESTER-001,SRGridStrategyUser-000,BTC/USDT.SIM,SIM-1-616,BTC/USDT.SIM-SRGridStrategyUser-000,SIM-001,T-17a773d56039c189-77215,LIMIT,SELL,0.044844,111497.18,GTC,,0.044844,MAKER,111497.18000000001,0.0,['1.00000000 USDT'],FILLED,False,False,False,,NO_TRIGGER,,NO_CONTINGENCY,,,,,,,,91ec8516-e03f-4332-b84c-7d05dc9ca7b5,2025-10-15 21:05:00+00:00,2025-10-16 02:10:00+00:00
TESTER-001,SRGridStrategyUser-000,BTC/USDT.SIM,SIM-1-618,BTC/USDT.SIM-SRGridStrategyUser-000,SIM-001,T-6e4f996ca3e05554-77558,LIMIT,BUY,0.045391,110155.12,GTC,,0.045391,MAKER,110155.12,0.0,['1.00000000 USDT'],FILLED,False,False,False,,NO_TRIGGER,,NO_CONTINGENCY,,,,,,,,962f95ca-05e9-405a-9132-5f2a02ca0b81,2025-10-16 02:10:00+00:00,2025-10-16 09:30:00+00:00
TESTER-001,SRGridStrategyUser-000,BTC/USDT.SIM,SIM-1-621,BTC/USDT.SIM-SRGridStrategyUser-000,SIM-001,T-604adb34cdd9ea5f-77765,LIMIT,BUY,0.045149,110744.67,GTC,,0.045149,MAKER,110744.67,0.0,['1.00000000 USDT'],FILLED,False,False,False,,NO_TRIGGER,,NO_CONTINGENCY,,,,,,,,5228b13b-d801-4dc4-889c-1abf138fe750,2025-10-16 13:05:00+00:00,2025-10-16 13:55:00+00:00
TESTER-001,SRGridStrategyUser-000,BTC/USDT.SIM,SIM-1-622,BTC/USDT.SIM-SRGridStrategyUser-000,SIM-001,T-f81207227353312e-77778,LIMIT,BUY,0.030311,110247.95,GTC,,0.030311,MAKER,110247.95,0.0,['0.67000000 USDT'],FILLED,False,False,False,,NO_TRIGGER,,NO_CONTINGENCY,,,,,,,,b308a1b1-cd51-4446-a60a-1aa45a5e99b8,2025-10-16 13:05:00+00:00,2025-10-16 14:10:00+00:00
TESTER-001,SRGridStrategyUser-000,BTC/USDT.SIM,SIM-1-629,BTC/USDT.SIM-SRGridStrategyUser-000,SIM-001,T-11f7fe106cf94e2b-78508,LIMIT,BUY,0.046063,108547.88,GTC,,0.046063,MAKER,108547.87999999999,0.0,['1.00000000 USDT'],FILLED,False,False,False,,NO_TRIGGER,,NO_CONTINGENCY,,,,,,,,be86aaa9-d82d-4c31-92bb-190496849d3a,2025-10-17 05:05:00+00:00,2025-10-17 05:40:00+00:00
TESTER-001,SRGridStrategyUser-000,BTC/USDT.SIM,SIM-1-630,BTC/USDT.SIM-SRGridStrategyUser-000,SIM-001,T-04a59adfd3f27743-78536,LIMIT,BUY,0.046189,108250.42,GTC,,0.046189,MAKER,108250.42,0.0,['1.00000000 USDT'],FILLED,False,False,False,,NO_TRIGGER,,NO_CONTINGENCY,,,,,,,,27604eb8-4796-46fa-9463-c910dabcf445,2025-10-17 05:05:00+00:00,2025-10-17 06:15:00+00:00
TESTER-001,SRGridStrategyUser-000,BTC/USDT.SIM,SIM-1-637,BTC/USDT.SIM-SRGridStrategyUser-000,SIM-001,T-e34668cf030cd8bb-78771,LIMIT,SELL,0.023805,105337.58,GTC,,0.023805,MAKER,105337.58,0.0,['0.50000000 USDT'],FILLED,False,True,False,,NO_TRIGGER,,NO_CONTINGENCY,,,,,,,,2ecf8de2-ad16-4de5-ad89-d2d588d24116,2025-10-17 10:35:00+00:00,2025-10-17 11:10:00+00:00
TESTER-001,SRGridStrategyUser-000,BTC/USDT.SIM,SIM-1-640,BTC/USDT.SIM-SRGridStrategyUser-000,SIM-001,T-83c8dd23276ed61b-78988,LIMIT,SELL,0.047037,106298.94,GTC,,0.047037,MAKER,106298.94,0.0,['1.00000000 USDT'],FILLED,False,False,False,,NO_TRIGGER,,NO_CONTINGENCY,,,,,,,,8ff930a5-86e0-4a02-918f-756d69ad01cd,2025-10-17 14:05:00+00:00,2025-10-17 15:45:00+00:00
TESTER-001,SRGridStrategyUser-000,BTC/USDT.SIM,SIM-1-641,BTC/USDT.SIM-SRGridStrategyUser-000,SIM-001,T-085712f99ad45283-79001,LIMIT,SELL,0.041245,107393.76,GTC,,0.041245,MAKER,107393.76,0.0,['0.89000000 USDT'],FILLED,False,False,False,,NO_TRIGGER,,NO_CONTINGENCY,,,,,,,,06e99ea5-f3a8-4715-bd43-7507155905d0,2025-10-17 14:05:00+00:00,2025-10-17 16:00:00+00:00
TESTER-001,SRGridStrategyUser-000,BTC/USDT.SIM,SIM-1-646,BTC/USDT.SIM-SRGridStrategyUser-000,SIM-001,T-1df5ded202e48bae-79744,LIMIT,BUY,0.046855,106711.18,GTC,,0.046855,MAKER,106711.18000000001,0.0,['1.00000000 USDT'],FILLED,False,False,False,,NO_TRIGGER,,NO_CONTINGENCY,,,,,,,,6f77e0a5-5d40-42cc-b26b-26612f507da4,2025-10-18 06:05:00+00:00,2025-10-18 07:55:00+00:00
TESTER-001,SRGridStrategyUser-000,BTC/USDT.SIM,SIM-1-648,BTC/USDT.SIM-SRGridStrategyUser-000,SIM-001,T-0d9c813c37f3a9b3-79703,LIMIT,SELL,0.046654,107172.86,GTC,,0.046654,MAKER,107172.86,0.0,['1.00000000 USDT'],FILLED,False,False,False,,NO_TRIGGER,,NO_CONTINGENCY,,,,,,,,d26660d1-0089-42ce-a69c-7d1ea53591bb,2025-10-18 06:05:00+00:00,2025-10-18 07:05:00+00:00
TESTER-001,SRGridStrategyUser-000,BTC/USDT.SIM,SIM-1-649,BTC/USDT.SIM-SRGridStrategyUser-000,SIM-001,T-7cf1ed32f3824fbb-79708,LIMIT,SELL,0.046553,107403.69,GTC,,0.046553,MAKER,107403.69,0.0,['1.00000000 USDT'],FILLED,False,False,False,,NO_TRIGGER,,NO_CONTINGENCY,,,,,,,,b6527732-1119-4a43-b266-5f2582f81486,2025-10-18 06:05:00+00:00,2025-10-18 07:10:00+00:00
TESTER-001,SRGridStrategyUser-000,BTC/USDT.SIM,SIM-1-650,BTC/USDT.SIM-SRGridStrategyUser-000,SIM-001,T-1df5ded202e48bae-79745,LIMIT,BUY,0.046855,106711.18,GTC,,0.046855,MAKER,106711.18000000001,0.0,['1.00000000 USDT'],FILLED,False,False,False,,NO_TRIGGER,,NO_CONTINGENCY,,,,,,,,82673127-3da2-44df-84e3-606501cdf4a3,2025-10-18 07:05:00+00:00,2025-10-18 07:55:00+00:00
TESTER-001,SRGridStrategyUser-000,BTC/USDT.SIM,SIM-1-652,BTC/USDT.SIM-SRGridStrategyUser-000,SIM-001,T-1df5ded202e48bae-79746,LIMIT,BUY,0.046855,106711.18,GTC,,0.046855,MAKER,106711.18000000001,0.0,['1.00000000 USDT'],FILLED,False,False,False,,NO_TRIGGER,,NO_CONTINGENCY,,,,,,,,7fd827bd-e38d-453e-8822-5bcdf2c82f97,2025-10-18 07:10:00+00:00,2025-10-18 07:55:00+00:00
TESTER-001,SRGridStrategyUser-000,BTC/USDT.SIM,SIM-1-654,BTC/USDT.SIM-SRGridStrategyUser-000,SIM-001,T-700c852b05dd97ae-80511,LIMIT,BUY,0.046734,106988.28,GTC,,0.046734,MAKER,106988.28000000001,0.0,['1.00000000 USDT'],FILLED,False,False,False,,NO_TRIGGER,,NO_CONTINGENCY,,,,,,,,dc13dbfc-5540-487c-afef-2c3672a69717,2025-10-18 22:05:00+00:00,2025-10-19 00:35:00+00:00
TESTER-001,SRGridStrategyUser-000,BTC/USDT.SIM,SIM-1-655,BTC/USDT.SIM-SRGridStrategyUser-000,SIM-001,T-d02aef4e09f4762c-80520,LIMIT,BUY,0.046829,106770.68,GTC,,0.046829,MAKER,106770.68000000001,0.0,['1.00000000 USDT'],FILLED,False,False,False,,NO_TRIGGER,,NO_CONTINGENCY,,,,,,,,3db7b49f-0a7b-47a7-8a5a-2ecdc3a1aac1,2025-10-18 22:05:00+00:00,2025-10-19 00:45:00+00:00
TESTER-001,SRGridStrategyUser-000,BTC/USDT.SIM,SIM-1-656,BTC/USDT.SIM-SRGridStrategyUser-000,SIM-001,T-d48a1a83fdb45b0b-80935,LIMIT,SELL,0.046545,107423.50,GTC,,0.046545,MAKER,107423.5,0.0,['1.00000000 USDT'],FILLED,False,False,False,,NO_TRIGGER,,NO_CONTINGENCY,,,,,,,,4bbffffd-8f4e-4d75-985c-547ff274c992,2025-10-18 22:05:00+00:00,2025-10-19 09:45:00+00:00
TESTER-001,SRGridStrategyUser-000,BTC/USDT.SIM,SIM-1-657,BTC/USDT.SIM-SRGridStrategyUser-000,SIM-001,T-d48a1a83fdb45b0b-80940,LIMIT,SELL,0.046451,107641.10,GTC,,0.046451,MAKER,107641.1,0.0,['1.00000000 USDT'],FILLED,False,False,False,,NO_TRIGGER,,NO_CONTINGENCY,,,,,,,,9b94cd3c-9717-4d74-9836-1cee1ee478cc,2025-10-18 22:05:00+00:00,2025-10-19 09:45:00+00:00
TESTER-001,SRGridStrategyUser-000,BTC/USDT.SIM,SIM-1-658,BTC/USDT.SIM-SRGridStrategyUser-000,SIM-001,T-d48a1a83fdb45b0b-80936,LIMIT,SELL,0.046545,107423.50,GTC,,0.046545,MAKER,107423.5,0.0,['1.00000000 USDT'],FILLED,False,False,False,,NO_TRIGGER,,NO_CONTINGENCY,,,,,,,,aef4d982-48db-4398-962a-04ba47187010,2025-10-19 00:35:00+00:00,2025-10-19 09:45:00+00:00
TESTER-001,SRGridStrategyUser-000,BTC/USDT.SIM,SIM-1-659,BTC/USDT.SIM-SRGridStrategyUser-000,SIM-001,T-d48a1a83fdb45b0b-80941,LIMIT,SELL,0.046451,107641.10,GTC,,0.046451,MAKER,107641.1,0.0,['1.00000000 USDT'],FILLED,False,False,False,,NO_TRIGGER,,NO_CONTINGENCY,,,,,,,,935e2486-cdd1-4b18-8626-ee7050a9cce2,2025-10-19 00:35:00+00:00,2025-10-19 09:45:00+00:00
TESTER-001,SRGridStrategyUser-000,BTC/USDT.SIM,SIM-1-660,BTC/USDT.SIM-SRGridStrategyUser-000,SIM-001,T-d48a1a83fdb45b0b-80937,LIMIT,SELL,0.046545,107423.50,GTC,,0.046545,MAKER,107423.5,0.0,['1.00000000 USDT'],FILLED,False,False,False,,NO_TRIGGER,,NO_CONTINGENCY,,,,,,,,181ee899-eb04-4695-ace4-7d4c78e1e9a4,2025-10-19 00:45:00+00:00,2025-10-19 09:45:00+00:00
TESTER-001,SRGridStrategyUser-000,BTC/USDT.SIM,SIM-1-661,BTC/USDT.SIM-SRGridStrategyUser-000,SIM-001,T-d48a1a83fdb45b0b-80942,LIMIT,SELL,0.046451,107641.10,GTC,,0.046451,MAKER,107641.1,0.0,['1.00000000 USDT'],FILLED,False,False,False,,NO_TRIGGER,,NO_CONTINGENCY,,,,,,,,8c1fe363-c9f0-46ca-8aec-1ff588365161,2025-10-19 00:45:00+00:00,2025-10-19 09:45:00+00:00
TESTER-001,SRGridStrategyUser-000,BTC/USDT.SIM,SIM-1-662,BTC/USDT.SIM-SRGridStrategyUser-000,SIM-001,T-b639a009f0926d88-81624,LIMIT,BUY,0.046489,107552.97,GTC,,0.046489,MAKER,107552.97,0.0,['1.00000000 USDT'],FILLED,False,False,False,,NO_TRIGGER,,NO_CONTINGENCY,,,,,,,,05529f93-0d00-4f3a-b9f6-ca32f1667018,2025-10-19 14:05:00+00:00,2025-10-20 00:25:00+00:00
TESTER-001,SRGridStrategyUser-000,BTC/USDT.SIM,SIM-1-664,BTC/USDT.SIM-SRGridStrategyUser-000,SIM-001,T-554c328b8544da57-82118,LIMIT,BUY,0.045193,110636.87,GTC,,0.045193,MAKER,110636.87,0.0,['1.00000000 USDT'],FILLED,False,False,False,,NO_TRIGGER,,NO_CONTINGENCY,,,,,,,,2f74fc3a-4150-4130-a8b0-41ebc0f73a3d,2025-10-20 06:05:00+00:00,2025-10-20 10:50:00+00:00
TESTER-001,SRGridStrategyUser-000,BTC/USDT.SIM,SIM-1-665,BTC/USDT.SIM-SRGridStrategyUser-000,SIM-001,T-a5687ce6b0023bb4-82399,LIMIT,BUY,0.045398,110136.66,GTC,,0.045398,MAKER,110136.66,0.0,['1.00000000 USDT'],FILLED,False,False,False,,NO_TRIGGER,,NO_CONTINGENCY,,,,,,,,cd238089-c733-4141-bd43-1d197aab26bf,2025-10-20 06:05:00+00:00,2025-10-20 16:45:00+00:00
TESTER-001,SRGridStrategyUser-000,BTC/USDT.SIM,SIM-1-666,BTC/USDT.SIM-SRGridStrategyUser-000,SIM-001,T-07cb673017e2e65b-82011,LIMIT,SELL,0.044788,111637.29,GTC,,0.044788,MAKER,111637.29,0.0,['1.00000000 USDT'],FILLED,False,False,False,,NO_TRIGGER,,NO_CONTINGENCY,,,,,,,,f97ef394-e6d2-4ad6-b20d-ab7844333468,2025-10-20 06:05:00+00:00,2025-10-20 08:35:00+00:00
TESTER-001,SRGridStrategyUser-000,BTC/USDT.SIM,SIM-1-668,BTC/USDT.SIM-SRGridStrategyUser-000,SIM-001,T-554c328b8544da57-82119,LIMIT,BUY,0.045193,110636.87,GTC,,0.045193,MAKER,110636.87,0.0,['1.00000000 USDT'],FILLED,False,False,False,,NO_TRIGGER,,NO_CONTINGENCY,,,,,,,,869e2f40-7122-41b7-b431-6d58ca1d457b,2025-10-20 08:35:00+00:00,2025-10-20 10:50:00+00:00
TESTER-001,SRGridStrategyUser-000,BTC/USDT.SIM,SIM-1-669,BTC/USDT.SIM-SRGridStrategyUser-000,SIM-001,T-a5687ce6b0023bb4-82400,LIMIT,BUY,0.045398,110136.66,GTC,,0.045398,MAKER,110136.66,0.0,['1.00000000 USDT'],FILLED,False,False,False,,NO_TRIGGER,,NO_CONTINGENCY,,,,,,,,ac7cb82f-eda4-4c66-bb23-5945fbeba218,2025-10-20 08:35:00+00:00,2025-10-20 16:45:00+00:00
TESTER-001,SRGridStrategyUser-000,BTC/USDT.SIM,SIM-1-672,BTC/USDT.SIM-SRGridStrategyUser-000,SIM-001,T-2fbd131c955d3927-82743,LIMIT,BUY,0.045350,110254.61,GTC,,0.045350,MAKER,110254.61,0.0,['1.00000000 USDT'],FILLED,False,False,False,,NO_TRIGGER,,NO_CONTINGENCY,,,,,,,,7939df62-9a31-428d-a3e2-f207eec717ff,2025-10-20 22:05:00+00:00,2025-10-21 00:10:00+00:00
TESTER-001,SRGridStrategyUser-000,BTC/USDT.SIM,SIM-1-673,BTC/USDT.SIM-SRGridStrategyUser-000,SIM-001,T-6782935d2f3d64a3-82827,LIMIT,BUY,0.045491,109912.70,GTC,,0.045491,MAKER,109912.7,0.0,['1.00000000 USDT'],FILLED,False,False,False,,NO_TRIGGER,,NO_CONTINGENCY,,,,,,,,4efde9f6-2295-4229-b2e4-8217c8af8df3,2025-10-20 22:05:00+00:00,2025-10-21 01:55:00+00:00
TESTER-001,SRGridStrategyUser-000,BTC/USDT.SIM,SIM-1-682,BTC/USDT.SIM-SRGridStrategyUser-000,SIM-001,T-9307917f2a12b0bb-83401,LIMIT,SELL,0.034190,110159.79,GTC,,0.034190,MAKER,110159.79,0.0,['0.75000000 USDT'],FILLED,False,False,False,,NO_TRIGGER,,NO_CONTINGENCY,,,,,,,,3143ccb7-c3dc-4da3-a5b2-b2db03348dbd,2025-10-21 14:05:00+00:00,2025-10-21 14:15:00+00:00
TESTER-001,SRGridStrategyUser-000,BTC/USDT.SIM,SIM-1-683,BTC/USDT.SIM-SRGridStrategyUser-000,SIM-001,T-6eb42726caeff628-83430,LIMIT,SELL,0.044989,111137.69,GTC,,0.044989,MAKER,111137.69,0.0,['1.00000000 USDT'],FILLED,False,False,False,,NO_TRIGGER,,NO_CONTINGENCY,,,,,,,,a29d03d3-5d80-4124-9938-6e8c92e1ae75,2025-10-21 14:05:00+00:00,2025-10-21 14:50:00+00:00
TESTER-001,SRGridStrategyUser-000,BTC/USDT.SIM,SIM-1-688,BTC/USDT.SIM-SRGridStrategyUser-000,SIM-001,T-d1f1b4d58031273f-83547,LIMIT,BUY,0.031804,112085.12,GTC,,0.031804,MAKER,112085.12,0.0,['0.71000000 USDT'],FILLED,False,True,False,,NO_TRIGGER,,NO_CONTINGENCY,,,,,,,,b969599a-282d-4ad8-b8f0-6c9d17a156eb,2025-10-21 16:05:00+00:00,2025-10-21 17:15:00+00:00
TESTER-001,SRGridStrategyUser-000,BTC/USDT.SIM,SIM-1-689,BTC/USDT.SIM-SRGridStrategyUser-000,SIM-001,T-12b99ff34bd6d91f-83740,LIMIT,BUY,0.045273,110441.36,GTC,,0.045273,MAKER,110441.36,0.0,['1.00000000 USDT'],FILLED,False,False,False,,NO_TRIGGER,,NO_CONTINGENCY,,,,,,,,17a3b402-11e7-4df7-8b2a-97585504f533,2025-10-21 20:50:00+00:00,2025-10-21 21:20:00+00:00
TESTER-001,SRGridStrategyUser-000,BTC/USDT.SIM,SIM-1-690,BTC/USDT.SIM-SRGridStrategyUser-000,SIM-001,T-05b28588e3507001-83791,LIMIT,BUY,0.045547,109776.69,GTC,,0.045547,MAKER,109776.69,0.0,['1.00000000 USDT'],FILLED,False,False,False,,NO_TRIGGER,,NO_CONTINGENCY,,,,,,,,e1dce0e8-364b-4182-b9e6-4d829be30aef,2025-10-21 20:50:00+00:00,2025-10-21 22:25:00+00:00
TESTER-001,SRGridStrategyUser-000,BTC/USDT.SIM,SIM-1-698,BTC/USDT.SIM-SRGridStrategyUser-000,SIM-001,T-854419530efc9b32-84116,LIMIT,BUY,0.046280,108038.00,GTC,,0.046280,MAKER,108038.0,0.0,['1.00000000 USDT'],FILLED,False,False,False,,NO_TRIGGER,,NO_CONTINGENCY,,,,,,,,048a29a8-1d0a-484c-a4c0-54c024f208a8,2025-10-22 05:10:00+00:00,2025-10-22 05:25:00+00:00
TESTER-001,SRGridStrategyUser-000,BTC/USDT.SIM,SIM-1-699,BTC/USDT.SIM-SRGridStrategyUser-000,SIM-001,T-56bb5e41c7e8954a-84196,LIMIT,BUY,0.046416,107722.61,GTC,,0.046416,MAKER,107722.61,0.0,['1.00000000 USDT'],FILLED,False,False,False,,NO_TRIGGER,,NO_CONTINGENCY,,,,,,,,17c17faf-313d-4c94-955e-8c2268c84de9,2025-10-22 05:10:00+00:00,2025-10-22 07:05:00+00:00
TESTER-001,SRGridStrategyUser-000,BTC/USDT.SIM,SIM-1-700,BTC/USDT.SIM-SRGridStrategyUser-000,SIM-001,T-0c626ccfbfaf7e81-84515,LIMIT,SELL,0.046011,108668.78,GTC,,0.046011,MAKER,108668.78,0.0,['1.00000000 USDT'],FILLED,False,False,False,,NO_TRIGGER,,NO_CONTINGENCY,,,,,,,,9b276bd7-e14f-48d7-a936-5d4586f0aefb,2025-10-22 05:10:00+00:00,2025-10-22 13:55:00+00:00
TESTER-001,SRGridStrategyUser-000,BTC/USDT.SIM,SIM-1-701,BTC/USDT.SIM-SRGridStrategyUser-000,SIM-001,T-acb99809741f3213-84566,LIMIT,SELL,0.045878,108984.17,GTC,,0.045878,MAKER,108984.17,0.0,['1.00000000 USDT'],FILLED,False,False,False,,NO_TRIGGER,,NO_CONTINGENCY,,,,,,,,bbaae4f7-1c04-46dc-bd87-ef84b0ba8ec2,2025-10-22 05:10:00+00:00,2025-10-22 14:55:00+00:00
TESTER-001,SRGridStrategyUser-000,BTC/USDT.SIM,SIM-1-702,BTC/USDT.SIM-SRGridStrategyUser-000,SIM-001,T-0c626ccfbfaf7e81-84516,LIMIT,SELL,0.046011,108668.78,GTC,,0.046011,MAKER,108668.78,0.0,['1.00000000 USDT'],FILLED,False,False,False,,NO_TRIGGER,,NO_CONTINGENCY,,,,,,,,b2d157a3-0067-4835-b597-5dbcfea125d4,2025-10-22 05:25:00+00:00,2025-10-22 13:55:00+00:00
TESTER-001,SRGridStrategyUser-000,BTC/USDT.SIM,SIM-1-703,BTC/USDT.SIM-SRGridStrategyUser-000,SIM-001,T-acb99809741f3213-84567,LIMIT,SELL,0.045878,108984.17,GTC,,0.045878,MAKER,108984.17,0.0,['1.00000000 USDT'],FILLED,False,False,False,,NO_TRIGGER,,NO_CONTINGENCY,,,,,,,,7aaf6465-5bf7-489a-b1e3-7cbebaf783cc,2025-10-22 05:25:00+00:00,2025-10-22 14:55:00+00:00
TESTER-001,SRGridStrategyUser-000,BTC/USDT.SIM,SIM-1-704,BTC/USDT.SIM-SRGridStrategyUser-000,SIM-001,T-0c626ccfbfaf7e81-84517,LIMIT,SELL,0.046011,108668.78,GTC,,0.046011,MAKER,108668.78,0.0,['1.00000000 USDT'],FILLED,False,False,False,,NO_TRIGGER,,NO_CONTINGENCY,,,,,,,,da2130a4-80c7-44e5-814a-09537a7b8ca8,2025-10-22 07:05:00+00:00,2025-10-22 13:55:00+00:00
TESTER-001,SRGridStrategyUser-000,BTC/USDT.SIM,SIM-1-705,BTC/USDT.SIM-SRGridStrategyUser-000,SIM-001,T-acb99809741f3213-84568,LIMIT,SELL,0.045878,108984.17,GTC,,0.045878,MAKER,108984.17,0.0,['1.00000000 USDT'],FILLED,False,False,False,,NO_TRIGGER,,NO_CONTINGENCY,,,,,,,,b29dc19f-c654-4d81-ad66-553511ae23d8,2025-10-22 07:05:00+00:00,2025-10-22 14:55:00+00:00
TESTER-001,SRGridStrategyUser-000,BTC/USDT.SIM,SIM-1-708,BTC/USDT.SIM-SRGridStrategyUser-000,SIM-001,T-e7ae714b81bd212f-84967,LIMIT,SELL,0.046404,107748.40,GTC,,0.046404,MAKER,107748.4,0.0,['1.00000000 USDT'],FILLED,False,False,False,,NO_TRIGGER,,NO_CONTINGENCY,,,,,,,,5d5f33f3-c7a4-4f83-a96f-2690118b857b,2025-10-22 21:10:00+00:00,2025-10-22 23:25:00+00:00
TESTER-001,SRGridStrategyUser-000,BTC/USDT.SIM,SIM-1-709,BTC/USDT.SIM-SRGridStrategyUser-000,SIM-001,T-909eee061db420ef-85046,LIMIT,SELL,0.046144,108357.50,GTC,,0.046144,MAKER,108357.5,0.0,['1.00000000 USDT'],FILLED,False,False,False,,NO_TRIGGER,,NO_CONTINGENCY,,,,,,,,90805413-18fa-4ca7-a47a-8df30419daa8,2025-10-22 21:10:00+00:00,2025-10-23 01:10:00+00:00
TESTER-001,SRGridStrategyUser-000,BTC/USDT.SIM,SIM-1-716,BTC/USDT.SIM-SRGridStrategyUser-000,SIM-001,T-93bf2378237871b7-85621,LIMIT,SELL,0.045630,109577.14,GTC,,0.045630,MAKER,109577.14,0.0,['1.00000000 USDT'],FILLED,False,False,False,,NO_TRIGGER,,NO_CONTINGENCY,,,,,,,,cbda6b5c-474c-4e66-82ca-a2cb6b64552b,2025-10-23 13:10:00+00:00,2025-10-23 13:35:00+00:00
TESTER-001,SRGridStrategyUser-000,BTC/USDT.SIM,SIM-1-717,BTC/USDT.SIM-SRGridStrategyUser-000,SIM-001,T-10789e53022f43d0-85697,LIMIT,SELL,0.045422,110079.13,GTC,,0.045422,MAKER,110079.13,0.0,['1.00000000 USDT'],FILLED,False,False,False,,NO_TRIGGER,,NO_CONTINGENCY,,,,,,,,08cf973a-c2b6-47dc-a803-9cde648538cb,2025-10-23 13:10:00+00:00,2025-10-23 15:10:00+00:00
TESTER-001,SRGridStrategyUser-000,BTC/USDT.SIM,SIM-1-722,BTC/USDT.SIM-SRGridStrategyUser-000,SIM-001,T-e0d5e543e857cbc6-86733,LIMIT,BUY,0.045209,110596.49,GTC,,0.045209,MAKER,110596.49,0.0,['1.00000000 USDT'],FILLED,False,False,False,,NO_TRIGGER,,NO_CONTINGENCY,,,,,,,,0c4eb24a-7bc8-4ed2-b745-6262158a31cf,2025-10-24 05:10:00+00:00,2025-10-24 13:45:00+00:00
TESTER-001,SRGridStrategyUser-000,BTC/USDT.SIM,SIM-1-723,BTC/USDT.SIM-SRGridStrategyUser-000,SIM-001,T-57cc440a083b59c6-86757,LIMIT,BUY,0.045431,110057.87,GTC,,0.045431,MAKER,110057.87,0.0,['1.00000000 USDT'],FILLED,False,False,False,,NO_TRIGGER,,NO_CONTINGENCY,,,,,,,,808d1d97-57c4-4215-85d8-38d9fd315a46,2025-10-24 05:10:00+00:00,2025-10-24 14:15:00+00:00
TESTER-001,SRGridStrategyUser-000,BTC/USDT.SIM,SIM-1-726,BTC/USDT.SIM-SRGridStrategyUser-000,SIM-001,T-cf5d3ce3a0f8592e-87085,LIMIT,SELL,0.045064,110954.03,GTC,,0.045064,MAKER,110954.03,0.0,['1.00000000 USDT'],FILLED,False,False,False,,NO_TRIGGER,,NO_CONTINGENCY,,,,,,,,50d2ee82-034a-427a-91be-fb85aaeac01e,2025-10-24 21:10:00+00:00,2025-10-24 21:15:00+00:00
TESTER-001,SRGridStrategyUser-000,BTC/USDT.SIM,SIM-1-727,BTC/USDT.SIM-SRGridStrategyUser-000,SIM-001,T-07252609bb2bb043-87406,LIMIT,SELL,0.044945,111246.18,GTC,,0.044945,MAKER,111246.18,0.0,['1.00000000 USDT'],FILLED,False,False,False,,NO_TRIGGER,,NO_CONTINGENCY,,,,,,,,ca1f67c0-f0bf-4aed-b8b7-21b135cb1ff6,2025-10-24 21:10:00+00:00,2025-10-25 04:15:00+00:00
TESTER-001,SRGridStrategyUser-000,BTC/USDT.SIM,SIM-1-732,BTC/USDT.SIM-SRGridStrategyUser-000,SIM-001,T-f04dde4fc9ad705b-87829,LIMIT,BUY,0.044809,111583.99,GTC,,0.044809,MAKER,111583.99,0.0,['1.00000000 USDT'],FILLED,False,False,False,,NO_TRIGGER,,NO_CONTINGENCY,,,,,,,,399bb48b-ed66-4fae-9cb1-65a9fc5c5f1f,2025-10-25 13:10:00+00:00,2025-10-25 13:40:00+00:00
TESTER-001,SRGridStrategyUser-000,BTC/USDT.SIM,SIM-1-733,BTC/USDT.SIM-SRGridStrategyUser-000,SIM-001,T-dddf3150efbbfd7d-87928,LIMIT,BUY,0.044889,111386.89,GTC,,0.044889,MAKER,111386.89,0.0,['1.00000000 USDT'],FILLED,False,False,False,,NO_TRIGGER,,NO_CONTINGENCY,,,,,,,,30de47b8-4dcf-4371-b052-db2d650e0cb4,2025-10-25 13:10:00+00:00,2025-10-25 15:50:00+00:00
TESTER-001,SRGridStrategyUser-000,BTC/USDT.SIM,SIM-1-736,BTC/USDT.SIM-SRGridStrategyUser-000,SIM-001,T-085417b3ad573a46-88550,LIMIT,SELL,0.044799,111609.15,GTC,,0.044799,MAKER,111609.15,0.0,['1.00000000 USDT'],FILLED,False,False,False,,NO_TRIGGER,,NO_CONTINGENCY,,,,,,,,c948683c-0113-46d5-b033-188aa958e849,2025-10-26 05:10:00+00:00,2025-10-26 05:35:00+00:00
TESTER-001,SRGridStrategyUser-000,BTC/USDT.SIM,SIM-1-737,BTC/USDT.SIM-SRGridStrategyUser-000,SIM-001,T-e20e6d3ff7c30466-88656,LIMIT,SELL,0.044750,111731.79,GTC,,0.044750,MAKER,111731.79,0.0,['1.00000000 USDT'],FILLED,False,False,False,,NO_TRIGGER,,NO_CONTINGENCY,,,,,,,,dcc7a117-bc02-4f79-ad0e-b314ce1af1e3,2025-10-26 05:10:00+00:00,2025-10-26 08:00:00+00:00
TESTER-001,SRGridStrategyUser-000,BTC/USDT.SIM,SIM-1-742,BTC/USDT.SIM-SRGridStrategyUser-000,SIM-001,T-74432757ddfebe9c-89274,LIMIT,BUY,0.044162,113220.42,GTC,,0.044162,MAKER,113220.42,0.0,['1.00000000 USDT'],FILLED,False,False,False,,NO_TRIGGER,,NO_CONTINGENCY,,,,,,,,5ad0acf1-d26f-41f4-b3cc-3a3a33ef4c19,2025-10-26 21:10:00+00:00,2025-10-26 21:25:00+00:00
TESTER-001,SRGridStrategyUser-000,BTC/USDT.SIM,SIM-1-743,BTC/USDT.SIM-SRGridStrategyUser-000,SIM-001,T-5e6efda6d26923f7-89279,LIMIT,BUY,0.044233,113037.85,GTC,,0.044233,MAKER,113037.84999999999,0.0,['1.00000000 USDT'],FILLED,False,False,False,,NO_TRIGGER,,NO_CONTINGENCY,,,,,,,,786cea59-d861-4ff8-8159-7f4e6f4a8048,2025-10-26 21:10:00+00:00,2025-10-26 21:30:00+00:00
TESTER-001,SRGridStrategyUser-000,BTC/USDT.SIM,SIM-1-744,BTC/USDT.SIM-SRGridStrategyUser-000,SIM-001,T-9078886a81287815-90030,LIMIT,BUY,0.043533,114854.45,GTC,,0.043533,MAKER,114854.45000000001,0.0,['1.00000000 USDT'],FILLED,False,False,False,,NO_TRIGGER,,NO_CONTINGENCY,,,,,,,,ad0bf021-4984-4bf9-ad6e-84fcd3046e9d,2025-10-27 13:10:00+00:00,2025-10-27 13:35:00+00:00
TESTER-001,SRGridStrategyUser-000,BTC/USDT.SIM,SIM-1-745,BTC/USDT.SIM-SRGridStrategyUser-000,SIM-001,T-03d7e0f1549e10ad-90035,LIMIT,BUY,0.043640,114573.42,GTC,,0.043640,MAKER,114573.42,0.0,['1.00000000 USDT'],FILLED,False,False,False,,NO_TRIGGER,,NO_CONTINGENCY,,,,,,,,2a7ece0e-13e3-4f9b-9773-7b333afb3c62,2025-10-27 13:10:00+00:00,2025-10-27 13:40:00+00:00
TESTER-001,SRGridStrategyUser-000,BTC/USDT.SIM,SIM-1-746,BTC/USDT.SIM-SRGridStrategyUser-000,SIM-001,T-e26a468fece93f74-90158,LIMIT,SELL,0.043321,115416.53,GTC,,0.043321,MAKER,115416.53,0.0,['1.00000000 USDT'],FILLED,False,False,False,,NO_TRIGGER,,NO_CONTINGENCY,,,,,,,,17b1e85d-45c8-4acb-9a88-3068363336c7,2025-10-27 13:10:00+00:00,2025-10-27 16:15:00+00:00
TESTER-001,SRGridStrategyUser-000,BTC/USDT.SIM,SIM-1-747,BTC/USDT.SIM-SRGridStrategyUser-000,SIM-001,T-f4c93aec72f73f36-90223,LIMIT,SELL,0.043216,115697.57,GTC,,0.043216,MAKER,115697.57,0.0,['1.00000000 USDT'],FILLED,False,False,False,,NO_TRIGGER,,NO_CONTINGENCY,,,,,,,,6dd4755f-ef45-41a0-942b-964960371378,2025-10-27 13:10:00+00:00,2025-10-27 17:35:00+00:00
TESTER-001,SRGridStrategyUser-000,BTC/USDT.SIM,SIM-1-748,BTC/USDT.SIM-SRGridStrategyUser-000,SIM-001,T-e26a468fece93f74-90159,LIMIT,SELL,0.043321,115416.53,GTC,,0.043321,MAKER,115416.53,0.0,['1.00000000 USDT'],FILLED,False,False,False,,NO_TRIGGER,,NO_CONTINGENCY,,,,,,,,ebf47e0d-78b0-41d4-8abe-2324dd53a56f,2025-10-27 13:35:00+00:00,2025-10-27 16:15:00+00:00
TESTER-001,SRGridStrategyUser-000,BTC/USDT.SIM,SIM-1-749,BTC/USDT.SIM-SRGridStrategyUser-000,SIM-001,T-f4c93aec72f73f36-90224,LIMIT,SELL,0.043216,115697.57,GTC,,0.043216,MAKER,115697.57,0.0,['1.00000000 USDT'],FILLED,False,False,False,,NO_TRIGGER,,NO_CONTINGENCY,,,,,,,,fda61263-d0e2-4a37-a2bb-d8b18a6084bf,2025-10-27 13:35:00+00:00,2025-10-27 17:35:00+00:00
TESTER-001,SRGridStrategyUser-000,BTC/USDT.SIM,SIM-1-750,BTC/USDT.SIM-SRGridStrategyUser-000,SIM-001,T-e26a468fece93f74-90160,LIMIT,SELL,0.043321,115416.53,GTC,,0.043321,MAKER,115416.53,0.0,['1.00000000 USDT'],FILLED,False,False,False,,NO_TRIGGER,,NO_CONTINGENCY,,,,,,,,6121dbe4-b098-4467-9171-270c2a825a53,2025-10-27 13:40:00+00:00,2025-10-27 16:15:00+00:00
TESTER-001,SRGridStrategyUser-000,BTC/USDT.SIM,SIM-1-751,BTC/USDT.SIM-SRGridStrategyUser-000,SIM-001,T-f4c93aec72f73f36-90225,LIMIT,SELL,0.043216,115697.57,GTC,,0.043216,MAKER,115697.57,0.0,['1.00000000 USDT'],FILLED,False,False,False,,NO_TRIGGER,,NO_CONTINGENCY,,,,,,,,0ccc9529-f850-4762-8b09-22e0f19dce3a,2025-10-27 13:40:00+00:00,2025-10-27 17:35:00+00:00
TESTER-001,SRGridStrategyUser-000,BTC/USDT.SIM,SIM-1-752,BTC/USDT.SIM-SRGridStrategyUser-000,SIM-001,T-fa199d3df3011edd-90782,LIMIT,BUY,0.044025,113572.23,GTC,,0.044025,MAKER,113572.23,0.0,['1.00000000 USDT'],FILLED,False,False,False,,NO_TRIGGER,,NO_CONTINGENCY,,,,,,,,0be984b6-18e6-4a8d-a05a-2486379d5626,2025-10-28 05:10:00+00:00,2025-10-28 05:50:00+00:00
TESTER-001,SRGridStrategyUser-000,BTC/USDT.SIM,SIM-1-753,BTC/USDT.SIM-SRGridStrategyUser-000,SIM-001,T-17e70a2645e854bd-91440,LIMIT,BUY,0.044123,113320.41,GTC,,0.044123,MAKER,113320.41,0.0,['1.00000000 USDT'],FILLED,False,False,False,,NO_TRIGGER,,NO_CONTINGENCY,,,,,,,,a32317ef-09ec-4ffa-8679-88e7e8c35e99,2025-10-28 05:10:00+00:00,2025-10-28 20:00:00+00:00
TESTER-001,SRGridStrategyUser-000,BTC/USDT.SIM,SIM-1-756,BTC/USDT.SIM-SRGridStrategyUser-000,SIM-001,T-a9fb1f7677a3ec9f-92246,LIMIT,BUY,0.044201,113120.29,GTC,,0.044201,MAKER,113120.29000000001,0.0,['1.00000000 USDT'],FILLED,False,False,False,,NO_TRIGGER,,NO_CONTINGENCY,,,,,,,,7f57d0c1-9077-45c3-a4e8-7f840f687d3c,2025-10-29 13:10:00+00:00,2025-10-29 13:35:00+00:00
TESTER-001,SRGridStrategyUser-000,BTC/USDT.SIM,SIM-1-757,BTC/USDT.SIM-SRGridStrategyUser-000,SIM-001,T-0eb586bc924ba203-92255,LIMIT,BUY,0.044293,112883.54,GTC,,0.044293,MAKER,112883.54,0.0,['1.00000000 USDT'],FILLED,False,False,False,,NO_TRIGGER,,NO_CONTINGENCY,,,,,,,,bbc6c00a-37d9-4652-b237-ea3d521a8d35,2025-10-29 13:10:00+00:00,2025-10-29 13:45:00+00:00
TESTER-001,SRGridStrategyUser-000,BTC/USDT.SIM,SIM-1-758,BTC/USDT.SIM-SRGridStrategyUser-000,SIM-001,T-22f9c9a49120b099-93360,LIMIT,BUY,0.046454,107633.06,GTC,,0.046454,MAKER,107633.06,0.0,['1.00000000 USDT'],FILLED,False,False,False,,NO_TRIGGER,,NO_CONTINGENCY,,,,,,,,41576717-3404-48b9-bc8f-92dd7f370e35,2025-10-30 05:10:00+00:00,2025-10-30 13:35:00+00:00
TESTER-001,SRGridStrategyUser-000,BTC/USDT.SIM,SIM-1-760,BTC/USDT.SIM-SRGridStrategyUser-000,SIM-001,T-dab6a4fc704db967-92996,LIMIT,SELL,0.045298,110380.72,GTC,,0.045298,MAKER,110380.72,0.0,['1.00000000 USDT'],FILLED,False,False,False,,NO_TRIGGER,,NO_CONTINGENCY,,,,,,,,9a79e281-88a1-4d1c-8ea1-d9c48b23491a,2025-10-30 05:10:00+00:00,2025-10-30 05:50:00+00:00
TESTER-001,SRGridStrategyUser-000,BTC/USDT.SIM,SIM-1-762,BTC/USDT.SIM-SRGridStrategyUser-000,SIM-001,T-22f9c9a49120b099-93361,LIMIT,BUY,0.046454,107633.06,GTC,,0.046454,MAKER,107633.06,0.0,['1.00000000 USDT'],FILLED,False,False,False,,NO_TRIGGER,,NO_CONTINGENCY,,,,,,,,85213be2-0bdc-49cc-bb5c-8fbcc9c7c4a6,2025-10-30 05:50:00+00:00,2025-10-30 13:35:00+00:00
TESTER-001,SRGridStrategyUser-000,BTC/USDT.SIM,SIM-1-767,BTC/USDT.SIM-SRGridStrategyUser-000,SIM-001,T-9fd050c194b24e8c-93826,LIMIT,SELL,0.046238,108136.38,GTC,,0.046238,MAKER,108136.38,0.0,['1.00000000 USDT'],FILLED,False,False,False,,NO_TRIGGER,,NO_CONTINGENCY,,,,,,,,c302db1f-fd76-4894-bcc7-9f89fd6df70e,2025-10-30 21:10:00+00:00,2025-10-30 23:35:00+00:00
TESTER-001,SRGridStrategyUser-000,BTC/USDT.SIM,SIM-1-768,BTC/USDT.SIM-SRGridStrategyUser-000,SIM-001,T-2811aedf7517b688-93880,LIMIT,SELL,0.045989,108721.78,GTC,,0.045989,MAKER,108721.78,0.0,['1.00000000 USDT'],FILLED,False,False,False,,NO_TRIGGER,,NO_CONTINGENCY,,,,,,,,2f42b960-8941-49ad-b27f-22bc2be32076,2025-10-30 21:10:00+00:00,2025-10-31 00:45:00+00:00
TESTER-001,SRGridStrategyUser-000,BTC/USDT.SIM,SIM-1-773,BTC/USDT.SIM-SRGridStrategyUser-000,SIM-001,T-b567cbb69e8a73e8-94476,LIMIT,BUY,0.045651,109525.77,GTC,,0.045651,MAKER,109525.77,0.0,['1.00000000 USDT'],FILLED,False,False,False,,NO_TRIGGER,,NO_CONTINGENCY,,,,,,,,9a2063cd-3f1f-421d-897e-358d76807a95,2025-10-31 13:10:00+00:00,2025-10-31 13:30:00+00:00
TESTER-001,SRGridStrategyUser-000,BTC/USDT.SIM,SIM-1-774,BTC/USDT.SIM-SRGridStrategyUser-000,SIM-001,T-edaf8c863dd66ec6-94638,LIMIT,BUY,0.045865,109016.52,GTC,,0.045865,MAKER,109016.51999999999,0.0,['1.00000000 USDT'],FILLED,False,False,False,,NO_TRIGGER,,NO_CONTINGENCY,,,,,,,,695ced9f-fe0f-4641-934f-669c2469664b,2025-10-31 13:10:00+00:00,2025-10-31 16:50:00+00:00
TESTER-001,SRGridStrategyUser-000,BTC/USDT.SIM,SIM-1-775,BTC/USDT.SIM-SRGridStrategyUser-000,SIM-001,T-eee5402b6cd22c3e-94508,LIMIT,SELL,0.045231,110544.25,GTC,,0.045231,MAKER,110544.25,0.0,['1.00000000 USDT'],FILLED,False,False,False,,NO_TRIGGER,,NO_CONTINGENCY,,,,,,,,21d23b12-7be1-4cec-b485-2c716ec14278,2025-10-31 13:10:00+00:00,2025-10-31 14:10:00+00:00
TESTER-001,SRGridStrategyUser-000,BTC/USDT.SIM,SIM-1-776,BTC/USDT.SIM-SRGridStrategyUser-000,SIM-001,T-36a6f153b0191e7c-94546,LIMIT,SELL,0.045023,111053.50,GTC,,0.045023,MAKER,111053.5,0.0,['1.00000000 USDT'],FILLED,False,False,False,,NO_TRIGGER,,NO_CONTINGENCY,,,,,,,,4d7dd38b-49ad-4ac8-9567-bc2b0f703843,2025-10-31 13:10:00+00:00,2025-10-31 14:55:00+00:00
TESTER-001,SRGridStrategyUser-000,BTC/USDT.SIM,SIM-1-777,BTC/USDT.SIM-SRGridStrategyUser-000,SIM-001,T-eee5402b6cd22c3e-94509,LIMIT,SELL,0.045231,110544.25,GTC,,0.045231,MAKER,110544.25,0.0,['1.00000000 USDT'],FILLED,False,False,False,,NO_TRIGGER,,NO_CONTINGENCY,,,,,,,,e637ad5a-35e6-4600-b5e7-8af5d2fde161,2025-10-31 13:30:00+00:00,2025-10-31 14:10:00+00:00
TESTER-001,SRGridStrategyUser-000,BTC/USDT.SIM,SIM-1-778,BTC/USDT.SIM-SRGridStrategyUser-000,SIM-001,T-36a6f153b0191e7c-94547,LIMIT,SELL,0.045023,111053.50,GTC,,0.045023,MAKER,111053.5,0.0,['1.00000000 USDT'],FILLED,False,False,False,,NO_TRIGGER,,NO_CONTINGENCY,,,,,,,,bbe78742-1f70-4f13-ae71-43f61e15db99,2025-10-31 13:30:00+00:00,2025-10-31 14:55:00+00:00
TESTER-001,SRGridStrategyUser-000,BTC/USDT.SIM,SIM-1-779,BTC/USDT.SIM-SRGridStrategyUser-000,SIM-001,T-edaf8c863dd66ec6-94639,LIMIT,BUY,0.045865,109016.52,GTC,,0.045865,MAKER,109016.51999999999,0.0,['1.00000000 USDT'],FILLED,False,False,False,,NO_TRIGGER,,NO_CONTINGENCY,,,,,,,,8ffb279d-a8d8-40f0-98e0-88a88e4798ca,2025-10-31 14:10:00+00:00,2025-10-31 16:50:00+00:00
TESTER-001,SRGridStrategyUser-000,BTC/USDT.SIM,SIM-1-780,BTC/USDT.SIM-SRGridStrategyUser-000,SIM-001,T-edaf8c863dd66ec6-94640,LIMIT,BUY,0.045865,109016.52,GTC,,0.045865,MAKER,109016.51999999999,0.0,['1.00000000 USDT'],FILLED,False,False,False,,NO_TRIGGER,,NO_CONTINGENCY,,,,,,,,7740778e-7b09-4fe7-b0a4-52d1c386e67e,2025-10-31 14:55:00+00:00,2025-10-31 16:50:00+00:00
TESTER-001,SRGridStrategyUser-000,BTC/USDT.SIM,SIM-1-781,BTC/USDT.SIM-SRGridStrategyUser-000,SIM-001,T-57bc81603ee1ba51-95603,LIMIT,BUY,0.045528,109822.68,GTC,,0.045528,MAKER,109822.68000000001,0.0,['1.00000000 USDT'],FILLED,False,False,False,,NO_TRIGGER,,NO_CONTINGENCY,,,,,,,,1df2fa2e-a5f2-4c71-8ae0-afeeb34c1bdb,2025-11-01 05:10:00+00:00,2025-11-01 13:40:00+00:00
TESTER-001,SRGridStrategyUser-000,BTC/USDT.SIM,SIM-1-783,BTC/USDT.SIM-SRGridStrategyUser-000,SIM-001,T-708d37b0e35cb928-95972,LIMIT,BUY,0.045434,110050.72,GTC,,0.045434,MAKER,110050.72,0.0,['1.00000000 USDT'],FILLED,False,False,False,,NO_TRIGGER,,NO_CONTINGENCY,,,,,,,,870570a7-13dc-4136-b6ed-38c60e321b99,2025-11-01 21:10:00+00:00,2025-11-01 21:55:00+00:00
TESTER-001,SRGridStrategyUser-000,BTC/USDT.SIM,SIM-1-784,BTC/USDT.SIM-SRGridStrategyUser-000,SIM-001,T-708d37b0e35cb928-95975,LIMIT,BUY,0.045501,109887.02,GTC,,0.045501,MAKER,109887.02,0.0,['1.00000000 USDT'],FILLED,False,False,False,,NO_TRIGGER,,NO_CONTINGENCY,,,,,,,,1d33afff-807d-4352-bb84-2dbcbd137acb,2025-11-01 21:10:00+00:00,2025-11-01 21:55:00+00:00
TESTER-001,SRGridStrategyUser-000,BTC/USDT.SIM,SIM-1-785,BTC/USDT.SIM-SRGridStrategyUser-000,SIM-001,T-c7f1ec9b2b587a23-95944,LIMIT,SELL,0.045299,110378.12,GTC,,0.045299,MAKER,110378.12,0.0,['1.00000000 USDT'],FILLED,False,False,False,,NO_TRIGGER,,NO_CONTINGENCY,,,,,,,,81207711-80e6-4d08-8768-7a048b2b1fa4,2025-11-01 21:10:00+00:00,2025-11-01 21:15:00+00:00
TESTER-001,SRGridStrategyUser-000,BTC/USDT.SIM,SIM-1-786,BTC/USDT.SIM-SRGridStrategyUser-000,SIM-001,T-37e881ce7c13052d-96284,LIMIT,SELL,0.045232,110541.82,GTC,,0.045232,MAKER,110541.82,0.0,['1.00000000 USDT'],FILLED,False,False,False,,NO_TRIGGER,,NO_CONTINGENCY,,,,,,,,7a62519a-d830-46ca-bac8-f7625c01fe73,2025-11-01 21:10:00+00:00,2025-11-02 04:45:00+00:00
TESTER-001,SRGridStrategyUser-000,BTC/USDT.SIM,SIM-1-787,BTC/USDT.SIM-SRGridStrategyUser-000,SIM-001,T-708d37b0e35cb928-95973,LIMIT,BUY,0.045434,110050.72,GTC,,0.045434,MAKER,110050.72,0.0,['1.00000000 USDT'],FILLED,False,False,False,,NO_TRIGGER,,NO_CONTINGENCY,,,,,,,,bfcc3a5f-470e-4357-ade4-e3bcb91d380d,2025-11-01 21:15:00+00:00,2025-11-01 21:55:00+00:00
TESTER-001,SRGridStrategyUser-000,BTC/USDT.SIM,SIM-1-788,BTC/USDT.SIM-SRGridStrategyUser-000,SIM-001,T-708d37b0e35cb928-95976,LIMIT,BUY,0.045501,109887.02,GTC,,0.045501,MAKER,109887.02,0.0,['1.00000000 USDT'],FILLED,False,False,False,,NO_TRIGGER,,NO_CONTINGENCY,,,,,,,,699b8ea5-859f-4992-8d4e-52cfdf5e17a1,2025-11-01 21:15:00+00:00,2025-11-01 21:55:00+00:00
TESTER-001,SRGridStrategyUser-000,BTC/USDT.SIM,SIM-1-789,BTC/USDT.SIM-SRGridStrategyUser-000,SIM-001,T-37e881ce7c13052d-96285,LIMIT,SELL,0.045232,110541.82,GTC,,0.045232,MAKER,110541.82,0.0,['1.00000000 USDT'],FILLED,False,False,False,,NO_TRIGGER,,NO_CONTINGENCY,,,,,,,,6b562542-2e46-4a0b-a034-00aedbcf3480,2025-11-01 21:55:00+00:00,2025-11-02 04:45:00+00:00
TESTER-001,SRGridStrategyUser-000,BTC/USDT.SIM,SIM-1-790,BTC/USDT.SIM-SRGridStrategyUser-000,SIM-001,T-98e582c599aa38c4-96686,LIMIT,BUY,0.045318,110330.44,GTC,,0.045318,MAKER,110330.43999999999,0.0,['1.00000000 USDT'],FILLED,False,False,False,,NO_TRIGGER,,NO_CONTINGENCY,,,,,,,,9e932b05-2a41-4add-a600-af61e908c1d7,2025-11-02 13:10:00+00:00,2025-11-02 13:20:00+00:00
TESTER-001,SRGridStrategyUser-000,BTC/USDT.SIM,SIM-1-791,BTC/USDT.SIM-SRGridStrategyUser-000,SIM-001,T-42af8426b945eaa7-96813,LIMIT,BUY,0.045431,110057.52,GTC,,0.045431,MAKER,110057.52,0.0,['1.00000000 USDT'],FILLED,False,False,False,,NO_TRIGGER,,NO_CONTINGENCY,,,,,,,,1a5a3273-2f1d-4268-a01f-424d03696aae,2025-11-02 13:10:00+00:00,2025-11-02 16:00:00+00:00
TESTER-001,SRGridStrategyUser-000,BTC/USDT.SIM,SIM-1-798,BTC/USDT.SIM-SRGridStrategyUser-000,SIM-001,T-01da4598ddb376cb-97441,LIMIT,BUY,0.046525,107470.15,GTC,,0.046525,MAKER,107470.15000000001,0.0,['1.00000000 USDT'],FILLED,False,False,False,,NO_TRIGGER,,NO_CONTINGENCY,,,,,,,,fcc27f68-0a7c-46f8-90f0-2197590c931a,2025-11-03 05:10:00+00:00,2025-11-03 05:45:00+00:00
TESTER-001,SRGridStrategyUser-000,BTC/USDT.SIM,SIM-1-799,BTC/USDT.SIM-SRGridStrategyUser-000,SIM-001,T-5a0da82240ecb588-97579,LIMIT,BUY,0.009349,106967.70,GTC,,0.009349,MAKER,106967.7,0.0,['0.20000000 USDT'],FILLED,False,False,False,,NO_TRIGGER,,NO_CONTINGENCY,,,,,,,,86411c0a-3179-4485-a416-62e9ff8ed74e,2025-11-03 05:10:00+00:00,2025-11-03 08:45:00+00:00
TESTER-001,SRGridStrategyUser-000,BTC/USDT.SIM,SIM-1-806,BTC/USDT.SIM-SRGridStrategyUser-000,SIM-001,T-40bf98e502e46254-98225,LIMIT,BUY,0.047212,105904.42,GTC,,0.047212,MAKER,105904.42,0.0,['1.00000000 USDT'],FILLED,False,False,False,,NO_TRIGGER,,NO_CONTINGENCY,,,,,,,,96aaea43-e9fa-4064-bb88-35bd77699c46,2025-11-03 21:10:00+00:00,2025-11-03 22:30:00+00:00
TESTER-001,SRGridStrategyUser-000,BTC/USDT.SIM,SIM-1-807,BTC/USDT.SIM-SRGridStrategyUser-000,SIM-001,T-52ed2231c4bc340e-98557,LIMIT,BUY,0.021308,105240.64,GTC,,0.021308,MAKER,105240.64,0.0,['0.45000000 USDT'],FILLED,False,False,False,,NO_TRIGGER,,NO_CONTINGENCY,,,,,,,,c0dcd7cc-efe7-4ea1-adaa-d9f43179659a,2025-11-03 21:10:00+00:00,2025-11-04 05:35:00+00:00
TESTER-001,SRGridStrategyUser-000,BTC/USDT.SIM,SIM-1-808,BTC/USDT.SIM-SRGridStrategyUser-000,SIM-001,T-2e1c5cbfa3dcaa4b-98370,LIMIT,SELL,0.046628,107231.98,GTC,,0.046628,MAKER,107231.98000000001,0.0,['1.00000000 USDT'],FILLED,False,False,False,,NO_TRIGGER,,NO_CONTINGENCY,,,,,,,,60423c30-cad5-4700-b33a-d66dab5714af,2025-11-03 21:10:00+00:00,2025-11-04 01:35:00+00:00
TESTER-001,SRGridStrategyUser-000,BTC/USDT.SIM,SIM-1-810,BTC/USDT.SIM-SRGridStrategyUser-000,SIM-001,T-2e1c5cbfa3dcaa4b-98371,LIMIT,SELL,0.046628,107231.98,GTC,,0.046628,MAKER,107231.98000000001,0.0,['1.00000000 USDT'],FILLED,False,False,False,,NO_TRIGGER,,NO_CONTINGENCY,,,,,,,,e088ff9f-a2b9-4455-9b68-526e8ff9a57c,2025-11-03 22:30:00+00:00,2025-11-04 01:35:00+00:00
TESTER-001,SRGridStrategyUser-000,BTC/USDT.SIM,SIM-1-812,BTC/USDT.SIM-SRGridStrategyUser-000,SIM-001,T-52ed2231c4bc340e-98558,LIMIT,BUY,0.047510,105240.64,GTC,,0.047510,MAKER,105240.64,0.0,['1.00000000 USDT'],FILLED,False,False,False,,NO_TRIGGER,,NO_CONTINGENCY,,,,,,,,3a6a1989-4793-4945-bc57-a9363a641c54,2025-11-04 01:35:00+00:00,2025-11-04 05:35:00+00:00
TESTER-001,SRGridStrategyUser-000,BTC/USDT.SIM,SIM-1-814,BTC/USDT.SIM-SRGridStrategyUser-000,SIM-001,T-9d3aa1f9b1c23baa-98980,LIMIT,BUY,0.048373,103364.20,GTC,,0.048373,MAKER,103364.2,0.0,['1.00000000 USDT'],FILLED,False,False,False,,NO_TRIGGER,,NO_CONTINGENCY,,,,,,,,42270527-4247-4b53-9653-2ac455bbfeb0,2025-11-04 13:10:00+00:00,2025-11-04 14:30:00+00:00
TESTER-001,SRGridStrategyUser-000,BTC/USDT.SIM,SIM-1-815,BTC/USDT.SIM-SRGridStrategyUser-000,SIM-001,T-e264ce0185bfe45c-99069,LIMIT,BUY,0.009720,102884.14,GTC,,0.009720,MAKER,102884.14,0.0,['0.20000000 USDT'],FILLED,False,False,False,,NO_TRIGGER,,NO_CONTINGENCY,,,,,,,,14c88ee0-9823-4083-8ab4-c361e1fe96ba,2025-11-04 13:10:00+00:00,2025-11-04 16:15:00+00:00
TESTER-001,SRGridStrategyUser-000,BTC/USDT.SIM,SIM-1-816,BTC/USDT.SIM-SRGridStrategyUser-000,SIM-001,T-0611acc54bf80776-98992,LIMIT,SELL,0.047927,104324.30,GTC,,0.047927,MAKER,104324.3,0.0,['1.00000000 USDT'],FILLED,False,False,False,,NO_TRIGGER,,NO_CONTINGENCY,,,,,,,,2d3325ca-b739-4141-8856-eea0b7e87715,2025-11-04 13:10:00+00:00,2025-11-04 14:45:00+00:00
TESTER-001,SRGridStrategyUser-000,BTC/USDT.SIM,SIM-1-817,BTC/USDT.SIM-SRGridStrategyUser-000,SIM-001,T-b1d1cef0fb27702e-99006,LIMIT,SELL,0.047708,104804.36,GTC,,0.047708,MAKER,104804.36,0.0,['1.00000000 USDT'],FILLED,False,False,False,,NO_TRIGGER,,NO_CONTINGENCY,,,,,,,,59617bab-1b74-46ca-8ef3-6768d0eb21af,2025-11-04 13:10:00+00:00,2025-11-04 15:00:00+00:00
TESTER-001,SRGridStrategyUser-000,BTC/USDT.SIM,SIM-1-818,BTC/USDT.SIM-SRGridStrategyUser-000,SIM-001,T-0611acc54bf80776-98993,LIMIT,SELL,0.047927,104324.30,GTC,,0.047927,MAKER,104324.3,0.0,['1.00000000 USDT'],FILLED,False,False,False,,NO_TRIGGER,,NO_CONTINGENCY,,,,,,,,28551310-fb81-4660-9da0-58b5a3dce2b4,2025-11-04 14:30:00+00:00,2025-11-04 14:45:00+00:00
TESTER-001,SRGridStrategyUser-000,BTC/USDT.SIM,SIM-1-819,BTC/USDT.SIM-SRGridStrategyUser-000,SIM-001,T-b1d1cef0fb27702e-99007,LIMIT,SELL,0.047708,104804.36,GTC,,0.047708,MAKER,104804.36,0.0,['1.00000000 USDT'],FILLED,False,False,False,,NO_TRIGGER,,NO_CONTINGENCY,,,,,,,,86cff88e-1e6b-4720-a797-775855b4a25d,2025-11-04 14:30:00+00:00,2025-11-04 15:00:00+00:00
TESTER-001,SRGridStrategyUser-000,BTC/USDT.SIM,SIM-1-820,BTC/USDT.SIM-SRGridStrategyUser-000,SIM-001,T-e264ce0185bfe45c-99070,LIMIT,BUY,0.048598,102884.14,GTC,,0.048598,MAKER,102884.14,0.0,['1.00000000 USDT'],FILLED,False,False,False,,NO_TRIGGER,,NO_CONTINGENCY,,,,,,,,9d3002bb-38b2-4162-ae60-651a1c733600,2025-11-04 14:45:00+00:00,2025-11-04 16:15:00+00:00
TESTER-001,SRGridStrategyUser-000,BTC/USDT.SIM,SIM-1-821,BTC/USDT.SIM-SRGridStrategyUser-000,SIM-001,T-e264ce0185bfe45c-99071,LIMIT,BUY,0.048598,102884.14,GTC,,0.048598,MAKER,102884.14,0.0,['1.00000000 USDT'],FILLED,False,False,False,,NO_TRIGGER,,NO_CONTINGENCY,,,,,,,,42550c7c-3353-4c46-a22e-8eae4e9a28c3,2025-11-04 15:00:00+00:00,2025-11-04 16:15:00+00:00
TESTER-001,SRGridStrategyUser-000,BTC/USDT.SIM,SIM-1-822,BTC/USDT.SIM-SRGridStrategyUser-000,SIM-001,T-db69e400a3b761f7-99363,LIMIT,SELL,0.000800,101403.69,GTC,,0.000800,MAKER,101403.69,0.0,['0.02000000 USDT'],FILLED,False,True,False,,NO_TRIGGER,,NO_CONTINGENCY,,,,,,,,2cc76a03-901c-4ab6-b057-282ee826ac3d,2025-11-04 21:15:00+00:00,2025-11-04 22:30:00+00:00
TESTER-001,SRGridStrategyUser-000,BTC/USDT.SIM,SIM-1-823,BTC/USDT.SIM-SRGridStrategyUser-000,SIM-001,T-36f938d0689b5fc7-99464,LIMIT,BUY,0.049669,100667.19,GTC,,0.049669,MAKER,100667.19,0.0,['1.00000000 USDT'],FILLED,False,False,False,,NO_TRIGGER,,NO_CONTINGENCY,,,,,,,,c62ad153-5b43-45fb-88ac-10b36fbb03a4,2025-11-05 00:00:00+00:00,2025-11-05 00:35:00+00:00
TESTER-001,SRGridStrategyUser-000,BTC/USDT.SIM,SIM-1-824,BTC/USDT.SIM-SRGridStrategyUser-000,SIM-001,T-f188de9f49805940-99497,LIMIT,BUY,0.050016,99968.38,GTC,,0.050016,MAKER,99968.38,0.0,['1.00000000 USDT'],FILLED,False,False,False,,NO_TRIGGER,,NO_CONTINGENCY,,,,,,,,57861ead-3047-4b27-ab2b-eee77192ae2f,2025-11-05 00:00:00+00:00,2025-11-05 01:15:00+00:00
TESTER-001,SRGridStrategyUser-000,BTC/USDT.SIM,SIM-1-825,BTC/USDT.SIM-SRGridStrategyUser-000,SIM-001,T-98b4783fddff5de6-99599,LIMIT,SELL,0.048988,102064.83,GTC,,0.048988,MAKER,102064.83,0.0,['1.00000000 USDT'],FILLED,False,False,False,,NO_TRIGGER,,NO_CONTINGENCY,,,,,,,,ca6fe3a2-f605-4f3d-b1e1-217046d88767,2025-11-05 00:00:00+00:00,2025-11-05 03:25:00+00:00
TESTER-001,SRGridStrategyUser-000,BTC/USDT.SIM,SIM-1-826,BTC/USDT.SIM-SRGridStrategyUser-000,SIM-001,T-87335efc7919288f-100029,LIMIT,SELL,0.048655,102763.64,GTC,,0.048655,MAKER,102763.64,0.0,['1.00000000 USDT'],FILLED,False,False,False,,NO_TRIGGER,,NO_CONTINGENCY,,,,,,,,b702a923-c0ba-46bb-92d6-c2c9273779cd,2025-11-05 00:00:00+00:00,2025-11-05 12:25:00+00:00
TESTER-001,SRGridStrategyUser-000,BTC/USDT.SIM,SIM-1-827,BTC/USDT.SIM-SRGridStrategyUser-000,SIM-001,T-98b4783fddff5de6-99600,LIMIT,SELL,0.048988,102064.83,GTC,,0.048988,MAKER,102064.83,0.0,['1.00000000 USDT'],FILLED,False,False,False,,NO_TRIGGER,,NO_CONTINGENCY,,,,,,,,edff273b-c24f-43e9-a342-f70c62c2f42f,2025-11-05 00:35:00+00:00,2025-11-05 03:25:00+00:00
TESTER-001,SRGridStrategyUser-000,BTC/USDT.SIM,SIM-1-828,BTC/USDT.SIM-SRGridStrategyUser-000,SIM-001,T-87335efc7919288f-100030,LIMIT,SELL,0.048655,102763.64,GTC,,0.048655,MAKER,102763.64,0.0,['1.00000000 USDT'],FILLED,False,False,False,,NO_TRIGGER,,NO_CONTINGENCY,,,,,,,,39a3c780-080a-4eb5-9dbe-0194db326514,2025-11-05 00:35:00+00:00,2025-11-05 12:25:00+00:00
TESTER-001,SRGridStrategyUser-000,BTC/USDT.SIM,SIM-1-829,BTC/USDT.SIM-SRGridStrategyUser-000,SIM-001,T-98b4783fddff5de6-99601,LIMIT,SELL,0.048988,102064.83,GTC,,0.048988,MAKER,102064.83,0.0,['1.00000000 USDT'],FILLED,False,False,False,,NO_TRIGGER,,NO_CONTINGENCY,,,,,,,,b6b8e4ba-0009-42aa-a549-1e401c8f9e8e,2025-11-05 01:15:00+00:00,2025-11-05 03:25:00+00:00
TESTER-001,SRGridStrategyUser-000,BTC/USDT.SIM,SIM-1-830,BTC/USDT.SIM-SRGridStrategyUser-000,SIM-001,T-87335efc7919288f-100031,LIMIT,SELL,0.048655,102763.64,GTC,,0.048655,MAKER,102763.64,0.0,['1.00000000 USDT'],FILLED,False,False,False,,NO_TRIGGER,,NO_CONTINGENCY,,,,,,,,bfa85e1c-0117-4db1-b000-6b2539f9ba0a,2025-11-05 01:15:00+00:00,2025-11-05 12:25:00+00:00
TESTER-001,SRGridStrategyUser-000,BTC/USDT.SIM,SIM-1-831,BTC/USDT.SIM-SRGridStrategyUser-000,SIM-001,T-78d501b15db76751-100645,LIMIT,BUY,0.048654,102765.70,GTC,,0.048654,MAKER,102765.7,0.0,['1.00000000 USDT'],FILLED,False,False,False,,NO_TRIGGER,,NO_CONTINGENCY,,,,,,,,c4c3cee4-b9fe-404a-a630-771bacf5a3b2,2025-11-05 16:00:00+00:00,2025-11-06 01:25:00+00:00
TESTER-001,SRGridStrategyUser-000,BTC/USDT.SIM,SIM-1-833,BTC/USDT.SIM-SRGridStrategyUser-000,SIM-001,T-ec3746c462a9b0a5-100331,LIMIT,SELL,0.047932,104314.28,GTC,,0.047932,MAKER,104314.28,0.0,['1.00000000 USDT'],FILLED,False,False,False,,NO_TRIGGER,,NO_CONTINGENCY,,,,,,,,95e59eb6-ebf4-466b-ad0e-db8546d60de5,2025-11-05 16:00:00+00:00,2025-11-05 18:45:00+00:00
TESTER-001,SRGridStrategyUser-000,BTC/USDT.SIM,SIM-1-835,BTC/USDT.SIM-SRGridStrategyUser-000,SIM-001,T-78d501b15db76751-100646,LIMIT,BUY,0.048654,102765.70,GTC,,0.048654,MAKER,102765.7,0.0,['1.00000000 USDT'],FILLED,False,False,False,,NO_TRIGGER,,NO_CONTINGENCY,,,,,,,,6477d1a9-036a-4980-809b-fe324ceea28a,2025-11-05 18:45:00+00:00,2025-11-06 01:25:00+00:00
TESTER-001,SRGridStrategyUser-000,BTC/USDT.SIM,SIM-1-838,BTC/USDT.SIM-SRGridStrategyUser-000,SIM-001,T-130496b066ab12cc-101178,LIMIT,BUY,0.048831,102393.09,GTC,,0.048831,MAKER,102393.09000000001,0.0,['1.00000000 USDT'],FILLED,False,False,False,,NO_TRIGGER,,NO_CONTINGENCY,,,,,,,,5039560e-ccbc-4004-9e61-c1ab05a03e98,2025-11-06 08:00:00+00:00,2025-11-06 12:45:00+00:00
TESTER-001,SRGridStrategyUser-000,BTC/USDT.SIM,SIM-1-839,BTC/USDT.SIM-SRGridStrategyUser-000,SIM-001,T-9268595f5abc6595-101318,LIMIT,BUY,0.049139,101751.15,GTC,,0.049139,MAKER,101751.15,0.0,['1.00000000 USDT'],FILLED,False,False,False,,NO_TRIGGER,,NO_CONTINGENCY,,,,,,,,2ac9ab56-a943-4a2c-be66-0dba7294721f,2025-11-06 08:00:00+00:00,2025-11-06 15:40:00+00:00
TESTER-001,SRGridStrategyUser-000,BTC/USDT.SIM,SIM-1-846,BTC/USDT.SIM-SRGridStrategyUser-000,SIM-001,T-a8896adc4cf148ea-101719,LIMIT,BUY,0.049475,101061.14,GTC,,0.049475,MAKER,101061.14,0.0,['1.00000000 USDT'],FILLED,False,False,False,,NO_TRIGGER,,NO_CONTINGENCY,,,,,,,,e626e767-9ef4-41ac-a1c0-426a2bad76a9,2025-11-07 00:00:00+00:00,2025-11-07 00:15:00+00:00
TESTER-001,SRGridStrategyUser-000,BTC/USDT.SIM,SIM-1-847,BTC/USDT.SIM-SRGridStrategyUser-000,SIM-001,T-c17c055d6cfe904d-102211,LIMIT,BUY,0.045867,100609.30,GTC,,0.045867,MAKER,100609.3,0.0,['0.92000000 USDT'],FILLED,False,False,False,,NO_TRIGGER,,NO_CONTINGENCY,,,,,,,,11e38b53-6e82-409b-9ac6-ef9d568869c2,2025-11-07 00:00:00+00:00,2025-11-07 10:50:00+00:00
TESTER-001,SRGridStrategyUser-000,BTC/USDT.SIM,SIM-1-848,BTC/USDT.SIM-SRGridStrategyUser-000,SIM-001,T-29be7588e2328d4d-101849,LIMIT,SELL,0.049037,101964.80,GTC,,0.049037,MAKER,101964.8,0.0,['1.00000000 USDT'],FILLED,False,False,False,,NO_TRIGGER,,NO_CONTINGENCY,,,,,,,,401c66ec-ad19-4ed4-ba44-80f5c396dd5f,2025-11-07 00:00:00+00:00,2025-11-07 03:00:00+00:00
TESTER-001,SRGridStrategyUser-000,BTC/USDT.SIM,SIM-1-849,BTC/USDT.SIM-SRGridStrategyUser-000,SIM-001,T-b299be9782d84758-101859,LIMIT,SELL,0.048820,102416.64,GTC,,0.048820,MAKER,102416.64,0.0,['1.00000000 USDT'],FILLED,False,False,False,,NO_TRIGGER,,NO_CONTINGENCY,,,,,,,,c44e25e0-6540-4546-b929-5c7e06db32d8,2025-11-07 00:00:00+00:00,2025-11-07 03:10:00+00:00
TESTER-001,SRGridStrategyUser-000,BTC/USDT.SIM,SIM-1-850,BTC/USDT.SIM-SRGridStrategyUser-000,SIM-001,T-29be7588e2328d4d-101850,LIMIT,SELL,0.049037,101964.80,GTC,,0.049037,MAKER,101964.8,0.0,['1.00000000 USDT'],FILLED,False,False,False,,NO_TRIGGER,,NO_CONTINGENCY,,,,,,,,bffca1b1-9bd1-42c9-bd31-a646a3418262,2025-11-07 00:15:00+00:00,2025-11-07 03:00:00+00:00
TESTER-001,SRGridStrategyUser-000,BTC/USDT.SIM,SIM-1-851,BTC/USDT.SIM-SRGridStrategyUser-000,SIM-001,T-b299be9782d84758-101860,LIMIT,SELL,0.048820,102416.64,GTC,,0.048820,MAKER,102416.64,0.0,['1.00000000 USDT'],FILLED,False,False,False,,NO_TRIGGER,,NO_CONTINGENCY,,,,,,,,d68df908-993d-44e5-bac4-1a28ed830120,2025-11-07 00:15:00+00:00,2025-11-07 03:10:00+00:00
TESTER-001,SRGridStrategyUser-000,BTC/USDT.SIM,SIM-1-852,BTC/USDT.SIM-SRGridStrategyUser-000,SIM-001,T-c17c055d6cfe904d-102212,LIMIT,BUY,0.049697,100609.30,GTC,,0.049697,MAKER,100609.3,0.0,['1.00000000 USDT'],FILLED,False,False,False,,NO_TRIGGER,,NO_CONTINGENCY,,,,,,,,feb475dd-40ec-4632-93d4-b654469b9bf1,2025-11-07 03:00:00+00:00,2025-11-07 10:50:00+00:00
TESTER-001,SRGridStrategyUser-000,BTC/USDT.SIM,SIM-1-853,BTC/USDT.SIM-SRGridStrategyUser-000,SIM-001,T-c17c055d6cfe904d-102213,LIMIT,BUY,0.049697,100609.30,GTC,,0.049697,MAKER,100609.3,0.0,['1.00000000 USDT'],FILLED,False,False,False,,NO_TRIGGER,,NO_CONTINGENCY,,,,,,,,3ce2dbb2-ba49-43d5-a41b-ad9ed615b459,2025-11-07 03:10:00+00:00,2025-11-07 10:50:00+00:00
TESTER-001,SRGridStrategyUser-000,BTC/USDT.SIM,SIM-1-856,BTC/USDT.SIM-SRGridStrategyUser-000,SIM-001,T-84ac2052110a8982-102516,LIMIT,SELL,0.049168,101693.18,GTC,,0.049168,MAKER,101693.18000000001,0.0,['1.00000000 USDT'],FILLED,False,False,False,,NO_TRIGGER,,NO_CONTINGENCY,,,,,,,,fb95e7d2-0063-4952-967f-8ab484a00b4f,2025-11-07 16:00:00+00:00,2025-11-07 17:15:00+00:00
TESTER-001,SRGridStrategyUser-000,BTC/USDT.SIM,SIM-1-857,BTC/USDT.SIM-SRGridStrategyUser-000,SIM-001,T-9a9c88a97257c849-102529,LIMIT,SELL,0.048722,102623.78,GTC,,0.048722,MAKER,102623.78,0.0,['1.00000000 USDT'],FILLED,False,False,False,,NO_TRIGGER,,NO_CONTINGENCY,,,,,,,,de1bcea7-3bdd-4272-b70e-54ab73a4feaa,2025-11-07 16:00:00+00:00,2025-11-07 17:30:00+00:00
TESTER-001,SRGridStrategyUser-000,BTC/USDT.SIM,SIM-1-862,BTC/USDT.SIM-SRGridStrategyUser-000,SIM-001,T-329f539272b9d760-103377,LIMIT,BUY,0.049005,102029.37,GTC,,0.049005,MAKER,102029.37,0.0,['1.00000000 USDT'],FILLED,False,False,False,,NO_TRIGGER,,NO_CONTINGENCY,,,,,,,,1c022aba-cce2-4882-8bc0-0bfcf31c0bff,2025-11-08 08:00:00+00:00,2025-11-08 11:40:00+00:00
TESTER-001,SRGridStrategyUser-000,BTC/USDT.SIM,SIM-1-863,BTC/USDT.SIM-SRGridStrategyUser-000,SIM-001,T-6e70614af22f336b-103391,LIMIT,BUY,0.049151,101727.53,GTC,,0.049151,MAKER,101727.53,0.0,['1.00000000 USDT'],FILLED,False,False,False,,NO_TRIGGER,,NO_CONTINGENCY,,,,,,,,6b9f0289-c560-4a46-b4a4-261242cbcae0,2025-11-08 08:00:00+00:00,2025-11-08 11:55:00+00:00
TESTER-001,SRGridStrategyUser-000,BTC/USDT.SIM,SIM-1-864,BTC/USDT.SIM-SRGridStrategyUser-000,SIM-001,T-ec9722c1178da458-103240,LIMIT,SELL,0.048717,102633.07,GTC,,0.048717,MAKER,102633.06999999999,0.0,['1.00000000 USDT'],FILLED,False,False,False,,NO_TRIGGER,,NO_CONTINGENCY,,,,,,,,01c29c3b-f3f4-4e71-bd00-912a553553d9,2025-11-08 08:00:00+00:00,2025-11-08 08:40:00+00:00
TESTER-001,SRGridStrategyUser-000,BTC/USDT.SIM,SIM-1-866,BTC/USDT.SIM-SRGridStrategyUser-000,SIM-001,T-329f539272b9d760-103378,LIMIT,BUY,0.049005,102029.37,GTC,,0.049005,MAKER,102029.37,0.0,['1.00000000 USDT'],FILLED,False,False,False,,NO_TRIGGER,,NO_CONTINGENCY,,,,,,,,320d131e-6d03-48ba-ba92-545a69a6c369,2025-11-08 08:40:00+00:00,2025-11-08 11:40:00+00:00
TESTER-001,SRGridStrategyUser-000,BTC/USDT.SIM,SIM-1-867,BTC/USDT.SIM-SRGridStrategyUser-000,SIM-001,T-6e70614af22f336b-103392,LIMIT,BUY,0.049151,101727.53,GTC,,0.049151,MAKER,101727.53,0.0,['1.00000000 USDT'],FILLED,False,False,False,,NO_TRIGGER,,NO_CONTINGENCY,,,,,,,,da5eea38-6e1a-4315-82c4-2d22e09865b1,2025-11-08 08:40:00+00:00,2025-11-08 11:55:00+00:00
TESTER-001,SRGridStrategyUser-000,BTC/USDT.SIM,SIM-1-870,BTC/USDT.SIM-SRGridStrategyUser-000,SIM-001,T-ed09af42bfea5e3f-103964,LIMIT,BUY,0.048930,102187.18,GTC,,0.048930,MAKER,102187.18000000001,0.0,['1.00000000 USDT'],FILLED,False,False,False,,NO_TRIGGER,,NO_CONTINGENCY,,,,,,,,9a77a3ff-a9cd-4409-abff-0bae17d03e1f,2025-11-09 00:00:00+00:00,2025-11-09 00:10:00+00:00
TESTER-001,SRGridStrategyUser-000,BTC/USDT.SIM,SIM-1-871,BTC/USDT.SIM-SRGridStrategyUser-000,SIM-001,T-93ea29151a43aacd-103969,LIMIT,BUY,0.049000,102039.88,GTC,,0.049000,MAKER,102039.87999999999,0.0,['1.00000000 USDT'],FILLED,False,False,False,,NO_TRIGGER,,NO_CONTINGENCY,,,,,,,,7b2b9eac-e4c9-4a3f-9389-9f688b7edceb,2025-11-09 00:00:00+00:00,2025-11-09 00:15:00+00:00
TESTER-001,SRGridStrategyUser-000,BTC/USDT.SIM,SIM-1-872,BTC/USDT.SIM-SRGridStrategyUser-000,SIM-001,T-10a490558cd8cc7f-104582,LIMIT,SELL,0.048789,102481.80,GTC,,0.048789,MAKER,102481.79999999999,0.0,['1.00000000 USDT'],FILLED,False,False,False,,NO_TRIGGER,,NO_CONTINGENCY,,,,,,,,f28b9452-4b6e-4aab-84d1-40a80dfc99ac,2025-11-09 00:00:00+00:00,2025-11-09 13:25:00+00:00
TESTER-001,SRGridStrategyUser-000,BTC/USDT.SIM,SIM-1-873,BTC/USDT.SIM-SRGridStrategyUser-000,SIM-001,T-2980bc29f8aee1ce-104589,LIMIT,SELL,0.048719,102629.10,GTC,,0.048719,MAKER,102629.1,0.0,['1.00000000 USDT'],FILLED,False,False,False,,NO_TRIGGER,,NO_CONTINGENCY,,,,,,,,391ed8fb-fb84-49e8-a22a-aea11a60c84c,2025-11-09 00:00:00+00:00,2025-11-09 13:30:00+00:00
TESTER-001,SRGridStrategyUser-000,BTC/USDT.SIM,SIM-1-874,BTC/USDT.SIM-SRGridStrategyUser-000,SIM-001,T-10a490558cd8cc7f-104583,LIMIT,SELL,0.048789,102481.80,GTC,,0.048789,MAKER,102481.79999999999,0.0,['1.00000000 USDT'],FILLED,False,False,False,,NO_TRIGGER,,NO_CONTINGENCY,,,,,,,,d9fa131c-678d-427d-8dc2-18b785111ed6,2025-11-09 00:10:00+00:00,2025-11-09 13:25:00+00:00
TESTER-001,SRGridStrategyUser-000,BTC/USDT.SIM,SIM-1-875,BTC/USDT.SIM-SRGridStrategyUser-000,SIM-001,T-2980bc29f8aee1ce-104590,LIMIT,SELL,0.048719,102629.10,GTC,,0.048719,MAKER,102629.1,0.0,['1.00000000 USDT'],FILLED,False,False,False,,NO_TRIGGER,,NO_CONTINGENCY,,,,,,,,4fdd72c3-d4e7-4a47-bd0b-65df8cc3bcdc,2025-11-09 00:10:00+00:00,2025-11-09 13:30:00+00:00
TESTER-001,SRGridStrategyUser-000,BTC/USDT.SIM,SIM-1-876,BTC/USDT.SIM-SRGridStrategyUser-000,SIM-001,T-10a490558cd8cc7f-104584,LIMIT,SELL,0.048789,102481.80,GTC,,0.048789,MAKER,102481.79999999999,0.0,['1.00000000 USDT'],FILLED,False,False,False,,NO_TRIGGER,,NO_CONTINGENCY,,,,,,,,11d8261e-d5f2-463f-9153-f4d277894193,2025-11-09 00:15:00+00:00,2025-11-09 13:25:00+00:00
TESTER-001,SRGridStrategyUser-000,BTC/USDT.SIM,SIM-1-877,BTC/USDT.SIM-SRGridStrategyUser-000,SIM-001,T-2980bc29f8aee1ce-104591,LIMIT,SELL,0.048719,102629.10,GTC,,0.048719,MAKER,102629.1,0.0,['1.00000000 USDT'],FILLED,False,False,False,,NO_TRIGGER,,NO_CONTINGENCY,,,,,,,,ad804998-3fa2-46d6-8b67-539b6e676605,2025-11-09 00:15:00+00:00,2025-11-09 13:30:00+00:00
TESTER-001,SRGridStrategyUser-000,BTC/USDT.SIM,SIM-1-880,BTC/USDT.SIM-SRGridStrategyUser-000,SIM-001,T-db00b070f2ea1940-104836,LIMIT,SELL,0.047942,104293.52,GTC,,0.047942,MAKER,104293.52,0.0,['1.00000000 USDT'],FILLED,False,False,False,,NO_TRIGGER,,NO_CONTINGENCY,,,,,,,,48a07680-53e6-4d55-aacc-610432fff864,2025-11-09 16:00:00+00:00,2025-11-09 18:45:00+00:00
TESTER-001,SRGridStrategyUser-000,BTC/USDT.SIM,SIM-1-881,BTC/USDT.SIM-SRGridStrategyUser-000,SIM-001,T-820d4651d373f1d7-104897,LIMIT,SELL,0.009537,104857.87,GTC,,0.009537,MAKER,104857.87,0.0,['0.20000000 USDT'],FILLED,False,False,False,,NO_TRIGGER,,NO_CONTINGENCY,,,,,,,,0dc3b599-856b-45af-88cc-ca493f3757c8,2025-11-09 16:00:00+00:00,2025-11-09 20:00:00+00:00
TESTER-001,SRGridStrategyUser-000,BTC/USDT.SIM,SIM-1-886,BTC/USDT.SIM-SRGridStrategyUser-000,SIM-001,T-1c5779686fef7efd-105474,LIMIT,BUY,0.047065,106235.06,GTC,,0.047065,MAKER,106235.06,0.0,['1.00000000 USDT'],FILLED,False,False,False,,NO_TRIGGER,,NO_CONTINGENCY,,,,,,,,133183b5-8c42-4e35-80de-d22fa0146dc9,2025-11-10 08:00:00+00:00,2025-11-10 08:15:00+00:00
TESTER-001,SRGridStrategyUser-000,BTC/USDT.SIM,SIM-1-887,BTC/USDT.SIM-SRGridStrategyUser-000,SIM-001,T-342ca58269ed6026-105490,LIMIT,BUY,0.047192,105949.66,GTC,,0.047192,MAKER,105949.66,0.0,['1.00000000 USDT'],FILLED,False,False,False,,NO_TRIGGER,,NO_CONTINGENCY,,,,,,,,fcc1519c-3d95-4612-9f4e-6a0aae74a374,2025-11-10 08:00:00+00:00,2025-11-10 08:35:00+00:00
TESTER-001,SRGridStrategyUser-000,BTC/USDT.SIM,SIM-1-888,BTC/USDT.SIM-SRGridStrategyUser-000,SIM-001,T-9da747909203b28f-106236,LIMIT,BUY,0.047338,105624.42,GTC,,0.047338,MAKER,105624.42,0.0,['1.00000000 USDT'],FILLED,False,False,False,,NO_TRIGGER,,NO_CONTINGENCY,,,,,,,,23c6ffba-baf3-4454-9788-521e39eb4c52,2025-11-11 00:00:00+00:00,2025-11-11 00:25:00+00:00
TESTER-001,SRGridStrategyUser-000,BTC/USDT.SIM,SIM-1-889,BTC/USDT.SIM-SRGridStrategyUser-000,SIM-001,T-c8d28fde69d43494-106466,LIMIT,BUY,0.047515,105229.35,GTC,,0.047515,MAKER,105229.35,0.0,['1.00000000 USDT'],FILLED,False,False,False,,NO_TRIGGER,,NO_CONTINGENCY,,,,,,,,66ceee75-e583-468d-9687-cf1e4b0b7fec,2025-11-11 00:00:00+00:00,2025-11-11 05:15:00+00:00
TESTER-001,SRGridStrategyUser-000,BTC/USDT.SIM,SIM-1-890,BTC/USDT.SIM-SRGridStrategyUser-000,SIM-001,T-0fda801e8348502a-106276,LIMIT,SELL,0.046986,106414.56,GTC,,0.046986,MAKER,106414.56,0.0,['1.00000000 USDT'],FILLED,False,False,False,,NO_TRIGGER,,NO_CONTINGENCY,,,,,,,,8f303540-5976-4cf6-87c6-b4b210a25b86,2025-11-11 00:00:00+00:00,2025-11-11 01:15:00+00:00
TESTER-001,SRGridStrategyUser-000,BTC/USDT.SIM,SIM-1-891,BTC/USDT.SIM-SRGridStrategyUser-000,SIM-001,T-0fda801e8348502a-106280,LIMIT,SELL,0.029528,106809.63,GTC,,0.029528,MAKER,106809.62999999999,0.0,['0.63000000 USDT'],FILLED,False,False,False,,NO_TRIGGER,,NO_CONTINGENCY,,,,,,,,36402a33-d157-4f1b-bbef-34f77603914f,2025-11-11 00:00:00+00:00,2025-11-11 01:15:00+00:00
TESTER-001,SRGridStrategyUser-000,BTC/USDT.SIM,SIM-1-892,BTC/USDT.SIM-SRGridStrategyUser-000,SIM-001,T-0fda801e8348502a-106277,LIMIT,SELL,0.046986,106414.56,GTC,,0.046986,MAKER,106414.56,0.0,['1.00000000 USDT'],FILLED,False,False,False,,NO_TRIGGER,,NO_CONTINGENCY,,,,,,,,6dd8e7d9-1804-47b7-9eff-59392f048440,2025-11-11 00:25:00+00:00,2025-11-11 01:15:00+00:00
TESTER-001,SRGridStrategyUser-000,BTC/USDT.SIM,SIM-1-893,BTC/USDT.SIM-SRGridStrategyUser-000,SIM-001,T-0fda801e8348502a-106281,LIMIT,SELL,0.036852,106809.63,GTC,,0.036852,MAKER,106809.62999999999,0.0,['0.79000000 USDT'],FILLED,False,False,False,,NO_TRIGGER,,NO_CONTINGENCY,,,,,,,,8b0e5f39-be7b-4d6b-9249-fc23dd2643fe,2025-11-11 00:25:00+00:00,2025-11-11 01:15:00+00:00
TESTER-001,SRGridStrategyUser-000,BTC/USDT.SIM,SIM-1-894,BTC/USDT.SIM-SRGridStrategyUser-000,SIM-001,T-c8d28fde69d43494-106467,LIMIT,BUY,0.047515,105229.35,GTC,,0.047515,MAKER,105229.35,0.0,['1.00000000 USDT'],FILLED,False,False,False,,NO_TRIGGER,,NO_CONTINGENCY,,,,,,,,0fe806a4-6a13-4aa0-b8f7-2fb9827a97b8,2025-11-11 01:15:00+00:00,2025-11-11 05:15:00+00:00
TESTER-001,SRGridStrategyUser-000,BTC/USDT.SIM,SIM-1-895,BTC/USDT.SIM-SRGridStrategyUser-000,SIM-001,T-cb05911684003ccb-107228,LIMIT,BUY,0.048711,102645.54,GTC,,0.048711,MAKER,102645.54,0.0,['1.00000000 USDT'],FILLED,False,False,False,,NO_TRIGGER,,NO_CONTINGENCY,,,,,,,,2512d2e5-c4fd-4f4e-b9ed-8cff74f91f4b,2025-11-11 16:00:00+00:00,2025-11-11 21:30:00+00:00
TESTER-001,SRGridStrategyUser-000,BTC/USDT.SIM,SIM-1-901,BTC/USDT.SIM-SRGridStrategyUser-000,SIM-001,T-802d7d5b612873e0-108073,LIMIT,BUY,0.048581,102921.53,GTC,,0.048581,MAKER,102921.53,0.0,['1.00000000 USDT'],FILLED,False,False,False,,NO_TRIGGER,,NO_CONTINGENCY,,,,,,,,38177e15-978b-412d-b7a1-33783eb41662,2025-11-12 08:00:00+00:00,2025-11-12 15:35:00+00:00
TESTER-001,SRGridStrategyUser-000,BTC/USDT.SIM,SIM-1-902,BTC/USDT.SIM-SRGridStrategyUser-000,SIM-001,T-7b33f2e521c2207a-108080,LIMIT,BUY,0.047892,102662.15,GTC,,0.047892,MAKER,102662.15000000001,0.0,['0.98000000 USDT'],FILLED,False,False,False,,NO_TRIGGER,,NO_CONTINGENCY,,,,,,,,27e1efc1-ddec-4110-9c6b-d1518d65fb94,2025-11-12 08:00:00+00:00,2025-11-12 15:40:00+00:00
TESTER-001,SRGridStrategyUser-000,BTC/USDT.SIM,SIM-1-903,BTC/USDT.SIM-SRGridStrategyUser-000,SIM-001,T-eb96f36167aec793-107726,LIMIT,SELL,0.048337,103440.29,GTC,,0.048337,MAKER,103440.29000000001,0.0,['1.00000000 USDT'],FILLED,False,False,False,,NO_TRIGGER,,NO_CONTINGENCY,,,,,,,,55f52b89-8195-434b-ab71-5883d9d7dd34,2025-11-12 08:00:00+00:00,2025-11-12 08:15:00+00:00
TESTER-001,SRGridStrategyUser-000,BTC/USDT.SIM,SIM-1-904,BTC/USDT.SIM-SRGridStrategyUser-000,SIM-001,T-0e27b0fd388b2942-107731,LIMIT,SELL,0.048216,103699.67,GTC,,0.048216,MAKER,103699.67,0.0,['1.00000000 USDT'],FILLED,False,False,False,,NO_TRIGGER,,NO_CONTINGENCY,,,,,,,,0be5cebd-67e8-4467-ada3-34503f7e4030,2025-11-12 08:00:00+00:00,2025-11-12 08:20:00+00:00
TESTER-001,SRGridStrategyUser-000,BTC/USDT.SIM,SIM-1-905,BTC/USDT.SIM-SRGridStrategyUser-000,SIM-001,T-802d7d5b612873e0-108074,LIMIT,BUY,0.048581,102921.53,GTC,,0.048581,MAKER,102921.53,0.0,['1.00000000 USDT'],FILLED,False,False,False,,NO_TRIGGER,,NO_CONTINGENCY,,,,,,,,27a6f72b-b56c-402f-a9bf-4b5949ba79db,2025-11-12 08:15:00+00:00,2025-11-12 15:35:00+00:00
TESTER-001,SRGridStrategyUser-000,BTC/USDT.SIM,SIM-1-906,BTC/USDT.SIM-SRGridStrategyUser-000,SIM-001,T-7b33f2e521c2207a-108081,LIMIT,BUY,0.048703,102662.15,GTC,,0.048703,MAKER,102662.15000000001,0.0,['1.00000000 USDT'],FILLED,False,False,False,,NO_TRIGGER,,NO_CONTINGENCY,,,,,,,,9a4b92d7-698b-46ff-9fc4-4dff501a5b2b,2025-11-12 08:15:00+00:00,2025-11-12 15:40:00+00:00
TESTER-001,SRGridStrategyUser-000,BTC/USDT.SIM,SIM-1-907,BTC/USDT.SIM-SRGridStrategyUser-000,SIM-001,T-802d7d5b612873e0-108075,LIMIT,BUY,0.048581,102921.53,GTC,,0.048581,MAKER,102921.53,0.0,['1.00000000 USDT'],FILLED,False,False,False,,NO_TRIGGER,,NO_CONTINGENCY,,,,,,,,dbd52214-e8cf-40f1-9cfe-57e3b3771ca8,2025-11-12 08:20:00+00:00,2025-11-12 15:35:00+00:00
TESTER-001,SRGridStrategyUser-000,BTC/USDT.SIM,SIM-1-908,BTC/USDT.SIM-SRGridStrategyUser-000,SIM-001,T-7b33f2e521c2207a-108082,LIMIT,BUY,0.048703,102662.15,GTC,,0.048703,MAKER,102662.15000000001,0.0,['1.00000000 USDT'],FILLED,False,False,False,,NO_TRIGGER,,NO_CONTINGENCY,,,,,,,,f4c0e74b-c301-4139-aabc-ee85243536af,2025-11-12 08:20:00+00:00,2025-11-12 15:40:00+00:00
TESTER-001,SRGridStrategyUser-000,BTC/USDT.SIM,SIM-1-909,BTC/USDT.SIM-SRGridStrategyUser-000,SIM-001,T-4d1c75159d6ddfcf-108308,LIMIT,SELL,0.070228,101831.34,GTC,,0.070228,MAKER,101831.34,0.0,['1.43000000 USDT'],FILLED,False,True,False,,NO_TRIGGER,,NO_CONTINGENCY,,,,,,,,25571ecf-553a-4eb7-9af4-57d315b610da,2025-11-12 19:45:00+00:00,2025-11-12 20:30:00+00:00
TESTER-001,SRGridStrategyUser-000,BTC/USDT.SIM,SIM-1-910,BTC/USDT.SIM-SRGridStrategyUser-000,SIM-001,T-ec36102efd921e4d-108466,LIMIT,BUY,0.049258,101506.32,GTC,,0.049258,MAKER,101506.32,0.0,['1.00000000 USDT'],FILLED,False,False,False,,NO_TRIGGER,,NO_CONTINGENCY,,,,,,,,8cc5c93a-0e4a-412f-90dc-f850493c2888,2025-11-12 22:40:00+00:00,2025-11-12 23:50:00+00:00
TESTER-001,SRGridStrategyUser-000,BTC/USDT.SIM,SIM-1-911,BTC/USDT.SIM-SRGridStrategyUser-000,SIM-001,T-534972c5a1c235bd-108629,LIMIT,BUY,0.049411,101191.69,GTC,,0.049411,MAKER,101191.69,0.0,['1.00000000 USDT'],FILLED,False,False,False,,NO_TRIGGER,,NO_CONTINGENCY,,,,,,,,10a8921a-5dc5-4f72-bc1c-df340618d29e,2025-11-12 22:40:00+00:00,2025-11-13 03:15:00+00:00
TESTER-001,SRGridStrategyUser-000,BTC/USDT.SIM,SIM-1-912,BTC/USDT.SIM-SRGridStrategyUser-000,SIM-001,T-c544cc7573e12c95-108531,LIMIT,SELL,0.048955,102135.58,GTC,,0.048955,MAKER,102135.58,0.0,['1.00000000 USDT'],FILLED,False,False,False,,NO_TRIGGER,,NO_CONTINGENCY,,,,,,,,5410259f-4433-41f1-bdd1-71596dd35b33,2025-11-12 22:40:00+00:00,2025-11-13 01:10:00+00:00
TESTER-001,SRGridStrategyUser-000,BTC/USDT.SIM,SIM-1-913,BTC/USDT.SIM-SRGridStrategyUser-000,SIM-001,T-c544cc7573e12c95-108529,LIMIT,SELL,0.048804,102450.21,GTC,,0.048804,MAKER,102450.21,0.0,['1.00000000 USDT'],FILLED,False,False,False,,NO_TRIGGER,,NO_CONTINGENCY,,,,,,,,89a6fcb2-a6d1-4c40-968a-3b2115ffd494,2025-11-12 22:40:00+00:00,2025-11-13 01:10:00+00:00
TESTER-001,SRGridStrategyUser-000,BTC/USDT.SIM,SIM-1-914,BTC/USDT.SIM-SRGridStrategyUser-000,SIM-001,T-c544cc7573e12c95-108532,LIMIT,SELL,0.048955,102135.58,GTC,,0.048955,MAKER,102135.58,0.0,['1.00000000 USDT'],FILLED,False,False,False,,NO_TRIGGER,,NO_CONTINGENCY,,,,,,,,b8419dfa-897b-47d7-9a65-26ae73541503,2025-11-12 23:50:00+00:00,2025-11-13 01:10:00+00:00
TESTER-001,SRGridStrategyUser-000,BTC/USDT.SIM,SIM-1-915,BTC/USDT.SIM-SRGridStrategyUser-000,SIM-001,T-c544cc7573e12c95-108530,LIMIT,SELL,0.048804,102450.21,GTC,,0.048804,MAKER,102450.21,0.0,['1.00000000 USDT'],FILLED,False,False,False,,NO_TRIGGER,,NO_CONTINGENCY,,,,,,,,f278994a-7549-4e78-8ae4-79f92fbe6af3,2025-11-12 23:50:00+00:00,2025-11-13 01:10:00+00:00
TESTER-001,SRGridStrategyUser-000,BTC/USDT.SIM,SIM-1-916,BTC/USDT.SIM-SRGridStrategyUser-000,SIM-001,T-534972c5a1c235bd-108630,LIMIT,BUY,0.049411,101191.69,GTC,,0.049411,MAKER,101191.69,0.0,['1.00000000 USDT'],FILLED,False,False,False,,NO_TRIGGER,,NO_CONTINGENCY,,,,,,,,9068804c-fa1e-4084-90c8-2ccf9eff06b1,2025-11-13 01:10:00+00:00,2025-11-13 03:15:00+00:00
TESTER-001,SRGridStrategyUser-000,BTC/USDT.SIM,SIM-1-917,BTC/USDT.SIM-SRGridStrategyUser-000,SIM-001,T-70e65a73a3f849c4-109233,LIMIT,BUY,0.049483,101044.18,GTC,,0.049483,MAKER,101044.18,0.0,['1.00000000 USDT'],FILLED,False,False,False,,NO_TRIGGER,,NO_CONTINGENCY,,,,,,,,6ff50c5e-4246-4819-990e-2c71e406af25,2025-11-13 14:40:00+00:00,2025-11-13 16:10:00+00:00
TESTER-001,SRGridStrategyUser-000,BTC/USDT.SIM,SIM-1-918,BTC/USDT.SIM-SRGridStrategyUser-000,SIM-001,T-ba684ca4ecfd938c-109294,LIMIT,BUY,0.009973,100267.88,GTC,,0.009973,MAKER,100267.87999999999,0.0,['0.20000000 USDT'],FILLED,False,False,False,,NO_TRIGGER,,NO_CONTINGENCY,,,,,,,,02bf8c6a-d0ae-4ca6-8e5f-f2ed7c9073af,2025-11-13 14:40:00+00:00,2025-11-13 17:25:00+00:00
TESTER-001,SRGridStrategyUser-000,BTC/USDT.SIM,SIM-1-919,BTC/USDT.SIM-SRGridStrategyUser-000,SIM-001,T-a513deffd7d6291c-109170,LIMIT,SELL,0.048734,102596.78,GTC,,0.048734,MAKER,102596.78,0.0,['1.00000000 USDT'],FILLED,False,False,False,,NO_TRIGGER,,NO_CONTINGENCY,,,,,,,,41a6ff8a-eb07-4a7f-9d9d-bd1e42d6ef52,2025-11-13 14:40:00+00:00,2025-11-13 14:50:00+00:00
TESTER-001,SRGridStrategyUser-000,BTC/USDT.SIM,SIM-1-921,BTC/USDT.SIM-SRGridStrategyUser-000,SIM-001,T-70e65a73a3f849c4-109234,LIMIT,BUY,0.049483,101044.18,GTC,,0.049483,MAKER,101044.18,0.0,['1.00000000 USDT'],FILLED,False,False,False,,NO_TRIGGER,,NO_CONTINGENCY,,,,,,,,dc6b3b1f-6fb1-430f-b382-e6dea0c721ae,2025-11-13 14:50:00+00:00,2025-11-13 16:10:00+00:00
TESTER-001,SRGridStrategyUser-000,BTC/USDT.SIM,SIM-1-922,BTC/USDT.SIM-SRGridStrategyUser-000,SIM-001,T-ba684ca4ecfd938c-109295,LIMIT,BUY,0.010065,100267.88,GTC,,0.010065,MAKER,100267.87999999999,0.0,['0.20000000 USDT'],FILLED,False,False,False,,NO_TRIGGER,,NO_CONTINGENCY,,,,,,,,a78e6a49-2f42-410f-97b4-afbc926c4aa3,2025-11-13 14:50:00+00:00,2025-11-13 17:25:00+00:00
TESTER-001,SRGridStrategyUser-000,BTC/USDT.SIM,SIM-1-925,BTC/USDT.SIM-SRGridStrategyUser-000,SIM-001,T-090c48aaaae2816b-109542,LIMIT,SELL,0.022832,99854.08,GTC,,0.022832,MAKER,99854.08,0.0,['0.46000000 USDT'],FILLED,False,True,False,,NO_TRIGGER,,NO_CONTINGENCY,,,,,,,,b91b1e86-afc8-4683-a060-3f16685cb090,2025-11-13 19:30:00+00:00,2025-11-13 22:40:00+00:00
TESTER-001,SRGridStrategyUser-000,BTC/USDT.SIM,SIM-1-926,BTC/USDT.SIM-SRGridStrategyUser-000,SIM-001,T-06704dd83129a623-109600,LIMIT,BUY,0.050127,99746.73,GTC,,0.050127,MAKER,99746.73,0.0,['1.00000000 USDT'],FILLED,False,False,False,,NO_TRIGGER,,NO_CONTINGENCY,,,,,,,,40dc991b-9efd-470c-bba2-eb993fe8dcb5,2025-11-13 23:30:00+00:00,2025-11-13 23:50:00+00:00
TESTER-001,SRGridStrategyUser-000,BTC/USDT.SIM,SIM-1-927,BTC/USDT.SIM-SRGridStrategyUser-000,SIM-001,T-b677d201870c756e-109613,LIMIT,BUY,0.050401,99203.84,GTC,,0.050401,MAKER,99203.84,0.0,['1.00000000 USDT'],FILLED,False,False,False,,NO_TRIGGER,,NO_CONTINGENCY,,,,,,,,a17269f6-55cb-452f-af62-9ad8352d0541,2025-11-13 23:30:00+00:00,2025-11-14 00:05:00+00:00
TESTER-001,SRGridStrategyUser-000,BTC/USDT.SIM,SIM-1-934,BTC/USDT.SIM-SRGridStrategyUser-000,SIM-001,T-bef6cd05168a71a0-110495,LIMIT,BUY,0.052532,95179.70,GTC,,0.052532,MAKER,95179.7,0.0,['1.00000000 USDT'],FILLED,False,False,False,,NO_TRIGGER,,NO_CONTINGENCY,,,,,,,,21632278-7621-49a9-941f-c6061da7cf7f,2025-11-14 15:30:00+00:00,2025-11-14 18:55:00+00:00
TESTER-001,SRGridStrategyUser-000,BTC/USDT.SIM,SIM-1-940,BTC/USDT.SIM-SRGridStrategyUser-000,SIM-001,T-b63e4c2a3e6e95dd-111129,LIMIT,BUY,0.052179,95824.74,GTC,,0.052179,MAKER,95824.73999999999,0.0,['1.00000000 USDT'],FILLED,False,False,False,,NO_TRIGGER,,NO_CONTINGENCY,,,,,,,,f944bd39-6490-45f1-adb8-b887e2d6bf71,2025-11-15 07:30:00+00:00,2025-11-15 08:25:00+00:00
TESTER-001,SRGridStrategyUser-000,BTC/USDT.SIM,SIM-1-941,BTC/USDT.SIM-SRGridStrategyUser-000,SIM-001,T-b1ecfe69c992e65c-111698,LIMIT,BUY,0.052428,95369.78,GTC,,0.052428,MAKER,95369.78,0.0,['1.00000000 USDT'],FILLED,False,False,False,,NO_TRIGGER,,NO_CONTINGENCY,,,,,,,,cb76fa7b-aa13-4b07-a348-e78766ef9a78,2025-11-15 07:30:00+00:00,2025-11-15 20:45:00+00:00
TESTER-001,SRGridStrategyUser-000,BTC/USDT.SIM,SIM-1-948,BTC/USDT.SIM-SRGridStrategyUser-000,SIM-001,T-cd78b57420d36aac-111850,LIMIT,BUY,0.052407,95406.98,GTC,,0.052407,MAKER,95406.98,0.0,['1.00000000 USDT'],FILLED,False,False,False,,NO_TRIGGER,,NO_CONTINGENCY,,,,,,,,9b0a9396-c5f6-4e2b-8176-89efe0f62536,2025-11-15 23:30:00+00:00,2025-11-16 00:05:00+00:00
TESTER-001,SRGridStrategyUser-000,BTC/USDT.SIM,SIM-1-949,BTC/USDT.SIM-SRGridStrategyUser-000,SIM-001,T-b1d5321645781ba7-111893,LIMIT,BUY,0.052557,95133.96,GTC,,0.052557,MAKER,95133.95999999999,0.0,['1.00000000 USDT'],FILLED,False,False,False,,NO_TRIGGER,,NO_CONTINGENCY,,,,,,,,2cc3d894-4cda-4456-b610-36c2fb7d0c0f,2025-11-15 23:30:00+00:00,2025-11-16 01:00:00+00:00
TESTER-001,SRGridStrategyUser-000,BTC/USDT.SIM,SIM-1-950,BTC/USDT.SIM-SRGridStrategyUser-000,SIM-001,T-b3bb780c99c42d19-111982,LIMIT,SELL,0.052109,95953.00,GTC,,0.052109,MAKER,95953.0,0.0,['1.00000000 USDT'],FILLED,False,False,False,,NO_TRIGGER,,NO_CONTINGENCY,,,,,,,,5d88bc2e-9615-43f2-9a25-dec5f3da66b4,2025-11-15 23:30:00+00:00,2025-11-16 02:55:00+00:00
TESTER-001,SRGridStrategyUser-000,BTC/USDT.SIM,SIM-1-951,BTC/USDT.SIM-SRGridStrategyUser-000,SIM-001,T-4fd4cd4974a94de3-112220,LIMIT,SELL,0.051961,96226.02,GTC,,0.051961,MAKER,96226.01999999999,0.0,['1.00000000 USDT'],FILLED,False,False,False,,NO_TRIGGER,,NO_CONTINGENCY,,,,,,,,bb3b49dc-7578-424f-ad4c-4e4a6bd64405,2025-11-15 23:30:00+00:00,2025-11-16 08:00:00+00:00
TESTER-001,SRGridStrategyUser-000,BTC/USDT.SIM,SIM-1-952,BTC/USDT.SIM-SRGridStrategyUser-000,SIM-001,T-b3bb780c99c42d19-111983,LIMIT,SELL,0.052109,95953.00,GTC,,0.052109,MAKER,95953.0,0.0,['1.00000000 USDT'],FILLED,False,False,False,,NO_TRIGGER,,NO_CONTINGENCY,,,,,,,,727e675e-da0c-4cd2-bd49-7944bfa67a89,2025-11-16 00:05:00+00:00,2025-11-16 02:55:00+00:00
TESTER-001,SRGridStrategyUser-000,BTC/USDT.SIM,SIM-1-953,BTC/USDT.SIM-SRGridStrategyUser-000,SIM-001,T-4fd4cd4974a94de3-112221,LIMIT,SELL,0.051961,96226.02,GTC,,0.051961,MAKER,96226.01999999999,0.0,['1.00000000 USDT'],FILLED,False,False,False,,NO_TRIGGER,,NO_CONTINGENCY,,,,,,,,a7d0972b-e1fb-44f3-b7e3-25afe5208279,2025-11-16 00:05:00+00:00,2025-11-16 08:00:00+00:00
TESTER-001,SRGridStrategyUser-000,BTC/USDT.SIM,SIM-1-954,BTC/USDT.SIM-SRGridStrategyUser-000,SIM-001,T-b3bb780c99c42d19-111984,LIMIT,SELL,0.052109,95953.00,GTC,,0.052109,MAKER,95953.0,0.0,['1.00000000 USDT'],FILLED,False,False,False,,NO_TRIGGER,,NO_CONTINGENCY,,,,,,,,fc5605ad-0e2a-4ce8-adf5-9d81213c91f8,2025-11-16 01:00:00+00:00,2025-11-16 02:55:00+00:00
TESTER-001,SRGridStrategyUser-000,BTC/USDT.SIM,SIM-1-955,BTC/USDT.SIM-SRGridStrategyUser-000,SIM-001,T-4fd4cd4974a94de3-112222,LIMIT,SELL,0.051961,96226.02,GTC,,0.051961,MAKER,96226.01999999999,0.0,['1.00000000 USDT'],FILLED,False,False,False,,NO_TRIGGER,,NO_CONTINGENCY,,,,,,,,557444cf-e5db-4a5f-bbaa-d4c186c859b2,2025-11-16 01:00:00+00:00,2025-11-16 08:00:00+00:00
TESTER-001,SRGridStrategyUser-000,BTC/USDT.SIM,SIM-1-956,BTC/USDT.SIM-SRGridStrategyUser-000,SIM-001,T-6a8204f741621bcd-112588,LIMIT,BUY,0.052578,95096.01,GTC,,0.052578,MAKER,95096.01,0.0,['1.00000000 USDT'],FILLED,False,False,False,,NO_TRIGGER,,NO_CONTINGENCY,,,,,,,,be556600-a87f-456e-a279-2f803c7367dd,2025-11-16 15:30:00+00:00,2025-11-16 15:50:00+00:00
TESTER-001,SRGridStrategyUser-000,BTC/USDT.SIM,SIM-1-957,BTC/USDT.SIM-SRGridStrategyUser-000,SIM-001,T-6a8204f741621bcd-112587,LIMIT,BUY,0.039626,94776.53,GTC,,0.039626,MAKER,94776.53,0.0,['0.75000000 USDT'],FILLED,False,False,False,,NO_TRIGGER,,NO_CONTINGENCY,,,,,,,,c1d77c51-817d-4763-8489-33efb3c2a7d8,2025-11-16 15:30:00+00:00,2025-11-16 15:50:00+00:00
TESTER-001,SRGridStrategyUser-000,BTC/USDT.SIM,SIM-1-962,BTC/USDT.SIM-SRGridStrategyUser-000,SIM-001,T-6260ca9e9d88bb70-113588,LIMIT,BUY,0.052556,95137.26,GTC,,0.052556,MAKER,95137.26000000001,0.0,['1.00000000 USDT'],FILLED,False,False,False,,NO_TRIGGER,,NO_CONTINGENCY,,,,,,,,6b8fc205-3481-4ff4-ac7f-578456426a51,2025-11-17 07:30:00+00:00,2025-11-17 13:05:00+00:00
TESTER-001,SRGridStrategyUser-000,BTC/USDT.SIM,SIM-1-963,BTC/USDT.SIM-SRGridStrategyUser-000,SIM-001,T-751d2f7174656886-113606,LIMIT,BUY,0.052755,94777.17,GTC,,0.052755,MAKER,94777.17,0.0,['1.00000000 USDT'],FILLED,False,False,False,,NO_TRIGGER,,NO_CONTINGENCY,,,,,,,,8c3f1af8-f08a-4578-abfa-3a3b2d05b2a4,2025-11-17 07:30:00+00:00,2025-11-17 13:25:00+00:00
TESTER-001,SRGridStrategyUser-000,BTC/USDT.SIM,SIM-1-964,BTC/USDT.SIM-SRGridStrategyUser-000,SIM-001,T-46fc0fe0db5834f9-113338,LIMIT,SELL,0.052161,95857.44,GTC,,0.052161,MAKER,95857.44,0.0,['1.00000000 USDT'],FILLED,False,False,False,,NO_TRIGGER,,NO_CONTINGENCY,,,,,,,,9e645806-3050-4f30-8440-bb4173b7f631,2025-11-17 07:30:00+00:00,2025-11-17 07:45:00+00:00
TESTER-001,SRGridStrategyUser-000,BTC/USDT.SIM,SIM-1-966,BTC/USDT.SIM-SRGridStrategyUser-000,SIM-001,T-6260ca9e9d88bb70-113589,LIMIT,BUY,0.052556,95137.26,GTC,,0.052556,MAKER,95137.26000000001,0.0,['1.00000000 USDT'],FILLED,False,False,False,,NO_TRIGGER,,NO_CONTINGENCY,,,,,,,,d7430526-f62f-46ff-aea6-35ca900a15d8,2025-11-17 07:45:00+00:00,2025-11-17 13:05:00+00:00
TESTER-001,SRGridStrategyUser-000,BTC/USDT.SIM,SIM-1-967,BTC/USDT.SIM-SRGridStrategyUser-000,SIM-001,T-751d2f7174656886-113607,LIMIT,BUY,0.052755,94777.17,GTC,,0.052755,MAKER,94777.17,0.0,['1.00000000 USDT'],FILLED,False,False,False,,NO_TRIGGER,,NO_CONTINGENCY,,,,,,,,e126fb30-9b3c-4bc9-a707-81ea3ebeda26,2025-11-17 07:45:00+00:00,2025-11-17 13:25:00+00:00
TESTER-001,SRGridStrategyUser-000,BTC/USDT.SIM,SIM-1-970,BTC/USDT.SIM-SRGridStrategyUser-000,SIM-001,T-77707e340a35104e-114137,LIMIT,BUY,0.054681,91439.99,GTC,,0.054681,MAKER,91439.99,0.0,['1.00000000 USDT'],FILLED,False,False,False,,NO_TRIGGER,,NO_CONTINGENCY,,,,,,,,c3c0d854-7e5c-4575-9fc3-ca4dafc07ffc,2025-11-17 23:30:00+00:00,2025-11-18 00:40:00+00:00
TESTER-001,SRGridStrategyUser-000,BTC/USDT.SIM,SIM-1-971,BTC/USDT.SIM-SRGridStrategyUser-000,SIM-001,T-3bb042680e5f9760-114213,LIMIT,BUY,0.011000,90909.46,GTC,,0.011000,MAKER,90909.45999999999,0.0,['0.20000000 USDT'],FILLED,False,False,False,,NO_TRIGGER,,NO_CONTINGENCY,,,,,,,,9f4371d0-4f25-4d74-ab91-e74b35b20cf0,2025-11-17 23:30:00+00:00,2025-11-18 02:15:00+00:00
TESTER-001,SRGridStrategyUser-000,BTC/USDT.SIM,SIM-1-972,BTC/USDT.SIM-SRGridStrategyUser-000,SIM-001,T-4938776f7ba07df9-114833,LIMIT,SELL,0.054053,92501.05,GTC,,0.054053,MAKER,92501.05,0.0,['1.00000000 USDT'],FILLED,False,False,False,,NO_TRIGGER,,NO_CONTINGENCY,,,,,,,,2bfcb1b3-7aac-442f-8a43-f68d10bb0cdf,2025-11-17 23:30:00+00:00,2025-11-18 15:20:00+00:00
TESTER-001,SRGridStrategyUser-000,BTC/USDT.SIM,SIM-1-973,BTC/USDT.SIM-SRGridStrategyUser-000,SIM-001,T-9d0d37d3451f1a52-114840,LIMIT,SELL,0.053745,93031.58,GTC,,0.053745,MAKER,93031.58,0.0,['1.00000000 USDT'],FILLED,False,False,False,,NO_TRIGGER,,NO_CONTINGENCY,,,,,,,,d36fbf87-7fec-43be-93a9-f3330326276c,2025-11-17 23:30:00+00:00,2025-11-18 15:25:00+00:00
TESTER-001,SRGridStrategyUser-000,BTC/USDT.SIM,SIM-1-974,BTC/USDT.SIM-SRGridStrategyUser-000,SIM-001,T-4938776f7ba07df9-114834,LIMIT,SELL,0.054053,92501.05,GTC,,0.054053,MAKER,92501.05,0.0,['1.00000000 USDT'],FILLED,False,False,False,,NO_TRIGGER,,NO_CONTINGENCY,,,,,,,,161073be-9178-4d8e-869c-db8c86ffac9a,2025-11-18 00:40:00+00:00,2025-11-18 15:20:00+00:00
TESTER-001,SRGridStrategyUser-000,BTC/USDT.SIM,SIM-1-975,BTC/USDT.SIM-SRGridStrategyUser-000,SIM-001,T-9d0d37d3451f1a52-114841,LIMIT,SELL,0.053745,93031.58,GTC,,0.053745,MAKER,93031.58,0.0,['1.00000000 USDT'],FILLED,False,False,False,,NO_TRIGGER,,NO_CONTINGENCY,,,,,,,,5e212925-27f2-4e51-a5ea-d1acd3777645,2025-11-18 00:40:00+00:00,2025-11-18 15:25:00+00:00
TESTER-001,SRGridStrategyUser-000,BTC/USDT.SIM,SIM-1-976,BTC/USDT.SIM-SRGridStrategyUser-000,SIM-001,T-4938776f7ba07df9-114835,LIMIT,SELL,0.054053,92501.05,GTC,,0.054053,MAKER,92501.05,0.0,['1.00000000 USDT'],FILLED,False,False,False,,NO_TRIGGER,,NO_CONTINGENCY,,,,,,,,3797d28f-1fe1-465a-ad6f-a68141cb2431,2025-11-18 02:15:00+00:00,2025-11-18 15:20:00+00:00
TESTER-001,SRGridStrategyUser-000,BTC/USDT.SIM,SIM-1-977,BTC/USDT.SIM-SRGridStrategyUser-000,SIM-001,T-9d0d37d3451f1a52-114842,LIMIT,SELL,0.053745,93031.58,GTC,,0.053745,MAKER,93031.58,0.0,['1.00000000 USDT'],FILLED,False,False,False,,NO_TRIGGER,,NO_CONTINGENCY,,,,,,,,2a5da9ae-fb09-4792-b68b-240ff52f575a,2025-11-18 02:15:00+00:00,2025-11-18 15:25:00+00:00
TESTER-001,SRGridStrategyUser-000,BTC/USDT.SIM,SIM-1-978,BTC/USDT.SIM-SRGridStrategyUser-000,SIM-001,T-cc84be85e3fd598e-115482,LIMIT,BUY,0.054850,91158.12,GTC,,0.054850,MAKER,91158.12,0.0,['1.00000000 USDT'],FILLED,False,False,False,,NO_TRIGGER,,NO_CONTINGENCY,,,,,,,,c19d14b5-71fb-4aac-a2e2-c6cba5f2ad70,2025-11-18 15:30:00+00:00,2025-11-19 05:00:00+00:00
TESTER-001,SRGridStrategyUser-000,BTC/USDT.SIM,SIM-1-984,BTC/USDT.SIM-SRGridStrategyUser-000,SIM-001,T-c4ee04d389eb6a84-115923,LIMIT,BUY,0.054911,91056.24,GTC,,0.054911,MAKER,91056.24,0.0,['1.00000000 USDT'],FILLED,False,False,False,,NO_TRIGGER,,NO_CONTINGENCY,,,,,,,,6fa09e44-09f8-4a8f-9db8-52352e896d80,2025-11-19 07:30:00+00:00,2025-11-19 14:25:00+00:00
TESTER-001,SRGridStrategyUser-000,BTC/USDT.SIM,SIM-1-985,BTC/USDT.SIM-SRGridStrategyUser-000,SIM-001,T-f6e3a0d305627224-115980,LIMIT,BUY,0.055186,90602.92,GTC,,0.055186,MAKER,90602.92,0.0,['1.00000000 USDT'],FILLED,False,False,False,,NO_TRIGGER,,NO_CONTINGENCY,,,,,,,,d02211d4-f1d5-400b-bedd-cb0f29f28f0d,2025-11-19 07:30:00+00:00,2025-11-19 15:35:00+00:00
TESTER-001,SRGridStrategyUser-000,BTC/USDT.SIM,SIM-1-986,BTC/USDT.SIM-SRGridStrategyUser-000,SIM-001,T-737310aaa5baacab-115611,LIMIT,SELL,0.054370,91962.86,GTC,,0.054370,MAKER,91962.86,0.0,['1.00000000 USDT'],FILLED,False,False,False,,NO_TRIGGER,,NO_CONTINGENCY,,,,,,,,063b8554-79e6-40f4-9373-313e30f98f6c,2025-11-19 07:30:00+00:00,2025-11-19 07:45:00+00:00
TESTER-001,SRGridStrategyUser-000,BTC/USDT.SIM,SIM-1-988,BTC/USDT.SIM-SRGridStrategyUser-000,SIM-001,T-c4ee04d389eb6a84-115924,LIMIT,BUY,0.054911,91056.24,GTC,,0.054911,MAKER,91056.24,0.0,['1.00000000 USDT'],FILLED,False,False,False,,NO_TRIGGER,,NO_CONTINGENCY,,,,,,,,62319dc7-8f5f-495c-9112-f3fa278be2c1,2025-11-19 07:45:00+00:00,2025-11-19 14:25:00+00:00
TESTER-001,SRGridStrategyUser-000,BTC/USDT.SIM,SIM-1-989,BTC/USDT.SIM-SRGridStrategyUser-000,SIM-001,T-f6e3a0d305627224-115981,LIMIT,BUY,0.055186,90602.92,GTC,,0.055186,MAKER,90602.92,0.0,['1.00000000 USDT'],FILLED,False,False,False,,NO_TRIGGER,,NO_CONTINGENCY,,,,,,,,71e75278-a05e-46ef-b713-8b448a24fcf8,2025-11-19 07:45:00+00:00,2025-11-19 15:35:00+00:00
TESTER-001,SRGridStrategyUser-000,BTC/USDT.SIM,SIM-1-992,BTC/USDT.SIM-SRGridStrategyUser-000,SIM-001,T-822a270c2816a8b9-117041,LIMIT,BUY,0.055071,90791.86,GTC,,0.055071,MAKER,90791.86,0.0,['1.00000000 USDT'],FILLED,False,False,False,,NO_TRIGGER,,NO_CONTINGENCY,,,,,,,,2400c92c-1600-4f1e-bbc3-398b57038865,2025-11-19 23:30:00+00:00,2025-11-20 14:05:00+00:00
TESTER-001,SRGridStrategyUser-000,BTC/USDT.SIM,SIM-1-994,BTC/USDT.SIM-SRGridStrategyUser-000,SIM-001,T-6fff3076c4e59ef9-116401,LIMIT,SELL,0.054386,91936.10,GTC,,0.054386,MAKER,91936.09999999999,0.0,['1.00000000 USDT'],FILLED,False,False,False,,NO_TRIGGER,,NO_CONTINGENCY,,,,,,,,d17fb71c-5705-4c0f-b14a-5b7b3d4ace6c,2025-11-19 23:30:00+00:00,2025-11-20 00:30:00+00:00
TESTER-001,SRGridStrategyUser-000,BTC/USDT.SIM,SIM-1-995,BTC/USDT.SIM-SRGridStrategyUser-000,SIM-001,T-329417df30ff2841-116449,LIMIT,SELL,0.054049,92508.21,GTC,,0.054049,MAKER,92508.21,0.0,['1.00000000 USDT'],FILLED,False,False,False,,NO_TRIGGER,,NO_CONTINGENCY,,,,,,,,51c96417-4eb6-45d9-b4e7-2a184fb044ae,2025-11-19 23:30:00+00:00,2025-11-20 01:30:00+00:00
TESTER-001,SRGridStrategyUser-000,BTC/USDT.SIM,SIM-1-996,BTC/USDT.SIM-SRGridStrategyUser-000,SIM-001,T-822a270c2816a8b9-117042,LIMIT,BUY,0.055071,90791.86,GTC,,0.055071,MAKER,90791.86,0.0,['1.00000000 USDT'],FILLED,False,False,False,,NO_TRIGGER,,NO_CONTINGENCY,,,,,,,,21a6c1f1-3c9e-4d51-9152-08f6e181330b,2025-11-20 00:30:00+00:00,2025-11-20 14:05:00+00:00
TESTER-001,SRGridStrategyUser-000,BTC/USDT.SIM,SIM-1-998,BTC/USDT.SIM-SRGridStrategyUser-000,SIM-001,T-822a270c2816a8b9-117043,LIMIT,BUY,0.055071,90791.86,GTC,,0.055071,MAKER,90791.86,0.0,['1.00000000 USDT'],FILLED,False,False,False,,NO_TRIGGER,,NO_CONTINGENCY,,,,,,,,db1ebf24-909d-46c3-9633-5aa3dee06c4e,2025-11-20 01:30:00+00:00,2025-11-20 14:05:00+00:00
TESTER-001,SRGridStrategyUser-000,BTC/USDT.SIM,SIM-1-1003,BTC/USDT.SIM-SRGridStrategyUser-000,SIM-001,T-71a67d6d0d0c1370-117639,LIMIT,BUY,0.058173,85950.65,GTC,,0.058173,MAKER,85950.65,0.0,['1.00000000 USDT'],FILLED,False,False,False,,NO_TRIGGER,,NO_CONTINGENCY,,,,,,,,7634040a-c99d-4c67-8e1b-0c2b93f46470,2025-11-21 00:00:00+00:00,2025-11-21 02:40:00+00:00
TESTER-001,SRGridStrategyUser-000,BTC/USDT.SIM,SIM-1-1004,BTC/USDT.SIM-SRGridStrategyUser-000,SIM-001,T-60d562e65df1e839-117862,LIMIT,BUY,0.011739,85184.32,GTC,,0.011739,MAKER,85184.32,0.0,['0.20000000 USDT'],FILLED,False,False,False,,NO_TRIGGER,,NO_CONTINGENCY,,,,,,,,1a4e1106-fd7b-4620-b542-e60f9f848592,2025-11-21 00:00:00+00:00,2025-11-21 07:20:00+00:00
TESTER-001,SRGridStrategyUser-000,BTC/USDT.SIM,SIM-1-1005,BTC/USDT.SIM-SRGridStrategyUser-000,SIM-001,T-57e131660638c9f7-117538,LIMIT,SELL,0.057154,87483.31,GTC,,0.057154,MAKER,87483.31,0.0,['1.00000000 USDT'],FILLED,False,False,False,,NO_TRIGGER,,NO_CONTINGENCY,,,,,,,,2bcb1ed6-f05a-4dfc-ac77-8faf66a5fa6e,2025-11-21 00:00:00+00:00,2025-11-21 00:35:00+00:00
TESTER-001,SRGridStrategyUser-000,BTC/USDT.SIM,SIM-1-1007,BTC/USDT.SIM-SRGridStrategyUser-000,SIM-001,T-71a67d6d0d0c1370-117640,LIMIT,BUY,0.058173,85950.65,GTC,,0.058173,MAKER,85950.65,0.0,['1.00000000 USDT'],FILLED,False,False,False,,NO_TRIGGER,,NO_CONTINGENCY,,,,,,,,80449465-6d48-48ae-aad7-5aae92176291,2025-11-21 00:35:00+00:00,2025-11-21 02:40:00+00:00
TESTER-001,SRGridStrategyUser-000,BTC/USDT.SIM,SIM-1-1008,BTC/USDT.SIM-SRGridStrategyUser-000,SIM-001,T-60d562e65df1e839-117863,LIMIT,BUY,0.011744,85184.32,GTC,,0.011744,MAKER,85184.32,0.0,['0.20000000 USDT'],FILLED,False,False,False,,NO_TRIGGER,,NO_CONTINGENCY,,,,,,,,69843a6f-061f-4555-b67d-c2124e42ddd2,2025-11-21 00:35:00+00:00,2025-11-21 07:20:00+00:00
TESTER-001,SRGridStrategyUser-000,BTC/USDT.SIM,SIM-1-1011,BTC/USDT.SIM-SRGridStrategyUser-000,SIM-001,T-2c2dd34358bee0aa-118041,LIMIT,SELL,0.403500,83022.75,GTC,,0.403500,MAKER,83022.75,0.0,['6.70000000 USDT'],FILLED,False,True,False,,NO_TRIGGER,,NO_CONTINGENCY,,,,,,,,01fdb167-5903-48d8-8a17-c5aef78d4447,2025-11-21 10:05:00+00:00,2025-11-21 11:05:00+00:00
TESTER-001,SRGridStrategyUser-000,BTC/USDT.SIM,SIM-1-1012,BTC/USDT.SIM-SRGridStrategyUser-000,SIM-001,T-2c7b3a1101c1b3d8-118242,LIMIT,BUY,0.059646,83828.62,GTC,,0.059646,MAKER,83828.62000000001,0.0,['1.00000000 USDT'],FILLED,False,False,False,,NO_TRIGGER,,NO_CONTINGENCY,,,,,,,,b76d8343-1147-4bc1-a1db-1e6fa68eb6e8,2025-11-21 14:35:00+00:00,2025-11-21 15:20:00+00:00
TESTER-001,SRGridStrategyUser-000,BTC/USDT.SIM,SIM-1-1013,BTC/USDT.SIM-SRGridStrategyUser-000,SIM-001,T-62daf9818b04f678-118259,LIMIT,BUY,0.060398,82783.66,GTC,,0.060398,MAKER,82783.66,0.0,['1.00000000 USDT'],FILLED,False,False,False,,NO_TRIGGER,,NO_CONTINGENCY,,,,,,,,cf8c2f3d-cec3-4626-b829-ea830fa54e49,2025-11-21 14:35:00+00:00,2025-11-21 15:40:00+00:00
TESTER-001,SRGridStrategyUser-000,BTC/USDT.SIM,SIM-1-1020,BTC/USDT.SIM-SRGridStrategyUser-000,SIM-001,T-fef2d6036b78dc00-119055,LIMIT,BUY,0.059384,84197.35,GTC,,0.059384,MAKER,84197.35,0.0,['1.00000000 USDT'],FILLED,False,False,False,,NO_TRIGGER,,NO_CONTINGENCY,,,,,,,,a5acbb86-e541-42fd-8636-e3b7160684bf,2025-11-22 06:35:00+00:00,2025-11-22 08:30:00+00:00
TESTER-001,SRGridStrategyUser-000,BTC/USDT.SIM,SIM-1-1021,BTC/USDT.SIM-SRGridStrategyUser-000,SIM-001,T-0b588dd0424ff15c-119111,LIMIT,BUY,0.059708,83740.68,GTC,,0.059708,MAKER,83740.68,0.0,['1.00000000 USDT'],FILLED,False,False,False,,NO_TRIGGER,,NO_CONTINGENCY,,,,,,,,498f2d50-a3bc-4368-b159-92da7f5dc2a5,2025-11-22 06:35:00+00:00,2025-11-22 09:40:00+00:00
TESTER-001,SRGridStrategyUser-000,BTC/USDT.SIM,SIM-1-1030,BTC/USDT.SIM-SRGridStrategyUser-000,SIM-001,T-4ecd02fdb5e9abba-119722,LIMIT,SELL,0.058826,84997.11,GTC,,0.058826,MAKER,84997.11,0.0,['1.00000000 USDT'],FILLED,False,False,False,,NO_TRIGGER,,NO_CONTINGENCY,,,,,,,,5fabb6e6-710a-4323-b751-8a4e0b5b00f0,2025-11-22 22:35:00+00:00,2025-11-22 22:50:00+00:00
TESTER-001,SRGridStrategyUser-000,BTC/USDT.SIM,SIM-1-1031,BTC/USDT.SIM-SRGridStrategyUser-000,SIM-001,T-689073411a15b7a0-119798,LIMIT,SELL,0.058627,85285.23,GTC,,0.058627,MAKER,85285.23,0.0,['1.00000000 USDT'],FILLED,False,False,False,,NO_TRIGGER,,NO_CONTINGENCY,,,,,,,,0dfe96bd-0f43-4930-af9c-336021ed06f0,2025-11-22 22:35:00+00:00,2025-11-23 00:25:00+00:00
TESTER-001,SRGridStrategyUser-000,BTC/USDT.SIM,SIM-1-1036,BTC/USDT.SIM-SRGridStrategyUser-000,SIM-001,T-1d545145c79c517b-120923,LIMIT,BUY,0.057963,86261.58,GTC,,0.057963,MAKER,86261.58,0.0,['1.00000000 USDT'],FILLED,False,False,False,,NO_TRIGGER,,NO_CONTINGENCY,,,,,,,,33065955-7b8e-4468-ae21-4344fc6a53e9,2025-11-23 14:35:00+00:00,2025-11-24 00:15:00+00:00
TESTER-001,SRGridStrategyUser-000,BTC/USDT.SIM,SIM-1-1038,BTC/USDT.SIM-SRGridStrategyUser-000,SIM-001,T-3a17893b2740abb5-120533,LIMIT,SELL,0.057321,87227.80,GTC,,0.057321,MAKER,87227.8,0.0,['1.00000000 USDT'],FILLED,False,False,False,,NO_TRIGGER,,NO_CONTINGENCY,,,,,,,,bee3e722-6b40-43a9-87b8-b4b572a3385f,2025-11-23 14:35:00+00:00,2025-11-23 15:55:00+00:00
TESTER-001,SRGridStrategyUser-000,BTC/USDT.SIM,SIM-1-1039,BTC/USDT.SIM-SRGridStrategyUser-000,SIM-001,T-6e536848d24f01b7-120801,LIMIT,SELL,0.011401,87710.90,GTC,,0.011401,MAKER,87710.9,0.0,['0.20000000 USDT'],FILLED,False,False,False,,NO_TRIGGER,,NO_CONTINGENCY,,,,,,,,9eb1baf6-98b5-45e7-b4eb-7a9677ea1f75,2025-11-23 14:35:00+00:00,2025-11-23 21:35:00+00:00
TESTER-001,SRGridStrategyUser-000,BTC/USDT.SIM,SIM-1-1040,BTC/USDT.SIM-SRGridStrategyUser-000,SIM-001,T-1d545145c79c517b-120924,LIMIT,BUY,0.057963,86261.58,GTC,,0.057963,MAKER,86261.58,0.0,['1.00000000 USDT'],FILLED,False,False,False,,NO_TRIGGER,,NO_CONTINGENCY,,,,,,,,af235bf9-05e3-438c-b206-706364654a67,2025-11-23 15:55:00+00:00,2025-11-24 00:15:00+00:00
TESTER-001,SRGridStrategyUser-000,BTC/USDT.SIM,SIM-1-1042,BTC/USDT.SIM-SRGridStrategyUser-000,SIM-001,T-1d545145c79c517b-120925,LIMIT,BUY,0.057963,86261.58,GTC,,0.057963,MAKER,86261.58,0.0,['1.00000000 USDT'],FILLED,False,False,False,,NO_TRIGGER,,NO_CONTINGENCY,,,,,,,,b1e3556f-b629-49c5-a490-2901d2788fb4,2025-11-23 21:35:00+00:00,2025-11-24 00:15:00+00:00
TESTER-001,SRGridStrategyUser-000,BTC/USDT.SIM,SIM-1-1044,BTC/USDT.SIM-SRGridStrategyUser-000,SIM-001,T-f0fdaf41dd4ca08d-121349,LIMIT,BUY,0.057824,86469.37,GTC,,0.057824,MAKER,86469.37,0.0,['1.00000000 USDT'],FILLED,False,False,False,,NO_TRIGGER,,NO_CONTINGENCY,,,,,,,,449e811e-3881-4dc5-96b5-3d2dba20a60b,2025-11-24 06:35:00+00:00,2025-11-24 09:15:00+00:00
TESTER-001,SRGridStrategyUser-000,BTC/USDT.SIM,SIM-1-1045,BTC/USDT.SIM-SRGridStrategyUser-000,SIM-001,T-f9cbebab99eeda9e-121353,LIMIT,BUY,0.058161,85968.56,GTC,,0.058161,MAKER,85968.56,0.0,['1.00000000 USDT'],FILLED,False,False,False,,NO_TRIGGER,,NO_CONTINGENCY,,,,,,,,5ab8abc2-5eb6-4af8-b748-09cfd741d8e3,2025-11-24 06:35:00+00:00,2025-11-24 09:20:00+00:00
TESTER-001,SRGridStrategyUser-000,BTC/USDT.SIM,SIM-1-1046,BTC/USDT.SIM-SRGridStrategyUser-000,SIM-001,T-32afa10aa13fadda-121696,LIMIT,SELL,0.057162,87470.99,GTC,,0.057162,MAKER,87470.98999999999,0.0,['1.00000000 USDT'],FILLED,False,False,False,,NO_TRIGGER,,NO_CONTINGENCY,,,,,,,,95aff434-b7bb-4ec4-86a0-5fdca571773e,2025-11-24 06:35:00+00:00,2025-11-24 16:40:00+00:00
TESTER-001,SRGridStrategyUser-000,BTC/USDT.SIM,SIM-1-1047,BTC/USDT.SIM-SRGridStrategyUser-000,SIM-001,T-6f3962b9675c866d-121745,LIMIT,SELL,0.056836,87971.80,GTC,,0.056836,MAKER,87971.8,0.0,['1.00000000 USDT'],FILLED,False,False,False,,NO_TRIGGER,,NO_CONTINGENCY,,,,,,,,58c52243-919a-476a-b33a-ddf6e5d27b90,2025-11-24 06:35:00+00:00,2025-11-24 17:40:00+00:00
TESTER-001,SRGridStrategyUser-000,BTC/USDT.SIM,SIM-1-1048,BTC/USDT.SIM-SRGridStrategyUser-000,SIM-001,T-32afa10aa13fadda-121697,LIMIT,SELL,0.057162,87470.99,GTC,,0.057162,MAKER,87470.98999999999,0.0,['1.00000000 USDT'],FILLED,False,False,False,,NO_TRIGGER,,NO_CONTINGENCY,,,,,,,,9aec3898-2c0d-4f23-9bf8-14ef91038b4a,2025-11-24 09:15:00+00:00,2025-11-24 16:40:00+00:00
TESTER-001,SRGridStrategyUser-000,BTC/USDT.SIM,SIM-1-1049,BTC/USDT.SIM-SRGridStrategyUser-000,SIM-001,T-6f3962b9675c866d-121746,LIMIT,SELL,0.056836,87971.80,GTC,,0.056836,MAKER,87971.8,0.0,['1.00000000 USDT'],FILLED,False,False,False,,NO_TRIGGER,,NO_CONTINGENCY,,,,,,,,283e85dc-65df-4f90-8b7f-80289a3e2255,2025-11-24 09:15:00+00:00,2025-11-24 17:40:00+00:00
TESTER-001,SRGridStrategyUser-000,BTC/USDT.SIM,SIM-1-1050,BTC/USDT.SIM-SRGridStrategyUser-000,SIM-001,T-32afa10aa13fadda-121698,LIMIT,SELL,0.057162,87470.99,GTC,,0.057162,MAKER,87470.98999999999,0.0,['1.00000000 USDT'],FILLED,False,False,False,,NO_TRIGGER,,NO_CONTINGENCY,,,,,,,,3b6a14ba-e369-4aea-85c7-1d896e24a0b3,2025-11-24 09:20:00+00:00,2025-11-24 16:40:00+00:00
TESTER-001,SRGridStrategyUser-000,BTC/USDT.SIM,SIM-1-1051,BTC/USDT.SIM-SRGridStrategyUser-000,SIM-001,T-6f3962b9675c866d-121747,LIMIT,SELL,0.056836,87971.80,GTC,,0.056836,MAKER,87971.8,0.0,['1.00000000 USDT'],FILLED,False,False,False,,NO_TRIGGER,,NO_CONTINGENCY,,,,,,,,b0ba30b3-2d47-4bcf-966c-bf6254825906,2025-11-24 09:20:00+00:00,2025-11-24 17:40:00+00:00
TESTER-001,SRGridStrategyUser-000,BTC/USDT.SIM,SIM-1-1052,BTC/USDT.SIM-SRGridStrategyUser-000,SIM-001,T-4f659afbde9b39b7-122028,LIMIT,BUY,0.056525,88456.81,GTC,,0.056525,MAKER,88456.81,0.0,['1.00000000 USDT'],FILLED,False,False,False,,NO_TRIGGER,,NO_CONTINGENCY,,,,,,,,6293d021-13d2-49e2-ae55-9d8967de5abf,2025-11-24 22:35:00+00:00,2025-11-24 23:35:00+00:00
TESTER-001,SRGridStrategyUser-000,BTC/USDT.SIM,SIM-1-1053,BTC/USDT.SIM-SRGridStrategyUser-000,SIM-001,T-dba77f9268ac51c7-122055,LIMIT,BUY,0.056770,88075.29,GTC,,0.056770,MAKER,88075.29,0.0,['1.00000000 USDT'],FILLED,False,False,False,,NO_TRIGGER,,NO_CONTINGENCY,,,,,,,,a71aca52-54ed-4e54-ad4d-aa690a886c0f,2025-11-24 22:35:00+00:00,2025-11-25 00:10:00+00:00
TESTER-001,SRGridStrategyUser-000,BTC/USDT.SIM,SIM-1-1060,BTC/USDT.SIM-SRGridStrategyUser-000,SIM-001,T-865a927ccbb1364d-122728,LIMIT,BUY,0.057863,86410.67,GTC,,0.057863,MAKER,86410.67,0.0,['1.00000000 USDT'],FILLED,False,False,False,,NO_TRIGGER,,NO_CONTINGENCY,,,,,,,,f44ac335-03cf-44a7-a160-7291f45bbfdb,2025-11-25 14:35:00+00:00,2025-11-25 14:45:00+00:00
TESTER-001,SRGridStrategyUser-000,BTC/USDT.SIM,SIM-1-1062,BTC/USDT.SIM-SRGridStrategyUser-000,SIM-001,T-73b2c159a3183dc9-122852,LIMIT,SELL,0.057090,87580.77,GTC,,0.057090,MAKER,87580.77,0.0,['1.00000000 USDT'],FILLED,False,False,False,,NO_TRIGGER,,NO_CONTINGENCY,,,,,,,,83fbc16e-d4f8-47e2-9d45-ff902d8a7e70,2025-11-25 14:35:00+00:00,2025-11-25 17:25:00+00:00
TESTER-001,SRGridStrategyUser-000,BTC/USDT.SIM,SIM-1-1063,BTC/USDT.SIM-SRGridStrategyUser-000,SIM-001,T-9afec22670e3e7d8-123238,LIMIT,SELL,0.056711,88165.83,GTC,,0.056711,MAKER,88165.83,0.0,['1.00000000 USDT'],FILLED,False,False,False,,NO_TRIGGER,,NO_CONTINGENCY,,,,,,,,be1eaf5e-47e0-4d29-9a43-234c918fc06b,2025-11-25 14:35:00+00:00,2025-11-26 01:40:00+00:00
TESTER-001,SRGridStrategyUser-000,BTC/USDT.SIM,SIM-1-1064,BTC/USDT.SIM-SRGridStrategyUser-000,SIM-001,T-73b2c159a3183dc9-122853,LIMIT,SELL,0.057090,87580.77,GTC,,0.057090,MAKER,87580.77,0.0,['1.00000000 USDT'],FILLED,False,False,False,,NO_TRIGGER,,NO_CONTINGENCY,,,,,,,,794c7167-1892-4471-8864-3fd882299c77,2025-11-25 14:45:00+00:00,2025-11-25 17:25:00+00:00
TESTER-001,SRGridStrategyUser-000,BTC/USDT.SIM,SIM-1-1065,BTC/USDT.SIM-SRGridStrategyUser-000,SIM-001,T-9afec22670e3e7d8-123239,LIMIT,SELL,0.056711,88165.83,GTC,,0.056711,MAKER,88165.83,0.0,['1.00000000 USDT'],FILLED,False,False,False,,NO_TRIGGER,,NO_CONTINGENCY,,,,,,,,fb9d877c-f67f-41e8-a116-3f02b6c017f2,2025-11-25 14:45:00+00:00,2025-11-26 01:40:00+00:00
TESTER-001,SRGridStrategyUser-000,BTC/USDT.SIM,SIM-1-1068,BTC/USDT.SIM-SRGridStrategyUser-000,SIM-001,T-4b81e102bff08727-123595,LIMIT,BUY,0.057295,87267.20,GTC,,0.057295,MAKER,87267.2,0.0,['1.00000000 USDT'],FILLED,False,False,False,,NO_TRIGGER,,NO_CONTINGENCY,,,,,,,,b4fc2a1b-e2b6-443c-810d-1d6b5c9a8e79,2025-11-26 06:35:00+00:00,2025-11-26 09:20:00+00:00
TESTER-001,SRGridStrategyUser-000,BTC/USDT.SIM,SIM-1-1069,BTC/USDT.SIM-SRGridStrategyUser-000,SIM-001,T-819ec92a7470789d-123609,LIMIT,BUY,0.057520,86925.60,GTC,,0.057520,MAKER,86925.6,0.0,['1.00000000 USDT'],FILLED,False,False,False,,NO_TRIGGER,,NO_CONTINGENCY,,,,,,,,8ee3347c-dfee-4a9e-83a6-b304f6162dd9,2025-11-26 06:35:00+00:00,2025-11-26 09:35:00+00:00
TESTER-001,SRGridStrategyUser-000,BTC/USDT.SIM,SIM-1-1070,BTC/USDT.SIM-SRGridStrategyUser-000,SIM-001,T-c4e571738e6ceeed-123530,LIMIT,SELL,0.056850,87950.42,GTC,,0.056850,MAKER,87950.42,0.0,['1.00000000 USDT'],FILLED,False,False,False,,NO_TRIGGER,,NO_CONTINGENCY,,,,,,,,13492159-c340-46af-b470-4711b69059df,2025-11-26 06:35:00+00:00,2025-11-26 07:55:00+00:00
TESTER-001,SRGridStrategyUser-000,BTC/USDT.SIM,SIM-1-1071,BTC/USDT.SIM-SRGridStrategyUser-000,SIM-001,T-218e147e58177fe5-123976,LIMIT,SELL,0.052405,88292.02,GTC,,0.052405,MAKER,88292.01999999999,0.0,['0.93000000 USDT'],FILLED,False,False,False,,NO_TRIGGER,,NO_CONTINGENCY,,,,,,,,38bcac7d-98a6-4957-ad55-e8d892b988ca,2025-11-26 06:35:00+00:00,2025-11-26 17:25:00+00:00
TESTER-001,SRGridStrategyUser-000,BTC/USDT.SIM,SIM-1-1072,BTC/USDT.SIM-SRGridStrategyUser-000,SIM-001,T-4b81e102bff08727-123596,LIMIT,BUY,0.057295,87267.20,GTC,,0.057295,MAKER,87267.2,0.0,['1.00000000 USDT'],FILLED,False,False,False,,NO_TRIGGER,,NO_CONTINGENCY,,,,,,,,5307a408-8e36-4f07-b8a8-8d332632467b,2025-11-26 07:55:00+00:00,2025-11-26 09:20:00+00:00
TESTER-001,SRGridStrategyUser-000,BTC/USDT.SIM,SIM-1-1073,BTC/USDT.SIM-SRGridStrategyUser-000,SIM-001,T-819ec92a7470789d-123610,LIMIT,BUY,0.057520,86925.60,GTC,,0.057520,MAKER,86925.6,0.0,['1.00000000 USDT'],FILLED,False,False,False,,NO_TRIGGER,,NO_CONTINGENCY,,,,,,,,b654e243-c854-4d3c-92a7-153daabc9631,2025-11-26 07:55:00+00:00,2025-11-26 09:35:00+00:00
TESTER-001,SRGridStrategyUser-000,BTC/USDT.SIM,SIM-1-1074,BTC/USDT.SIM-SRGridStrategyUser-000,SIM-001,T-218e147e58177fe5-123977,LIMIT,SELL,0.056630,88292.02,GTC,,0.056630,MAKER,88292.01999999999,0.0,['1.00000000 USDT'],FILLED,False,False,False,,NO_TRIGGER,,NO_CONTINGENCY,,,,,,,,1d447fe2-4685-4b4b-b19d-79f4e295115a,2025-11-26 09:20:00+00:00,2025-11-26 17:25:00+00:00
TESTER-001,SRGridStrategyUser-000,BTC/USDT.SIM,SIM-1-1075,BTC/USDT.SIM-SRGridStrategyUser-000,SIM-001,T-218e147e58177fe5-123978,LIMIT,SELL,0.056630,88292.02,GTC,,0.056630,MAKER,88292.01999999999,0.0,['1.00000000 USDT'],FILLED,False,False,False,,NO_TRIGGER,,NO_CONTINGENCY,,,,,,,,4fde9845-9993-45ee-85af-7e4f425eede7,2025-11-26 09:35:00+00:00,2025-11-26 17:25:00+00:00
TESTER-001,SRGridStrategyUser-000,BTC/USDT.SIM,SIM-1-1079,BTC/USDT.SIM-SRGridStrategyUser-000,SIM-001,T-81956295974ea501-124338,LIMIT,SELL,0.055047,90831.37,GTC,,0.055047,MAKER,90831.37,0.0,['1.00000000 USDT'],FILLED,False,False,False,,NO_TRIGGER,,NO_CONTINGENCY,,,,,,,,7bb31520-645a-45df-89e1-a0939417601c,2025-11-27 00:50:00+00:00,2025-11-27 01:05:00+00:00
TESTER-001,SRGridStrategyUser-000,BTC/USDT.SIM,SIM-1-1080,BTC/USDT.SIM-SRGridStrategyUser-000,SIM-001,T-525706eaef78b149-124377,LIMIT,SELL,0.010970,91154.75,GTC,,0.010970,MAKER,91154.75,0.0,['0.20000000 USDT'],FILLED,False,False,False,,NO_TRIGGER,,NO_CONTINGENCY,,,,,,,,5dc05b7b-6a81-4049-b5b9-a1e04f699769,2025-11-27 00:50:00+00:00,2025-11-27 01:55:00+00:00
TESTER-001,SRGridStrategyUser-000,BTC/USDT.SIM,SIM-1-1085,BTC/USDT.SIM-SRGridStrategyUser-000,SIM-001,T-53d895f219f4a4e5-125466,LIMIT,BUY,0.054947,90996.51,GTC,,0.054947,MAKER,90996.51,0.0,['1.00000000 USDT'],FILLED,False,False,False,,NO_TRIGGER,,NO_CONTINGENCY,,,,,,,,e1103499-af45-4396-ab84-f2fadf502e4e,2025-11-27 16:50:00+00:00,2025-11-28 01:10:00+00:00
TESTER-001,SRGridStrategyUser-000,BTC/USDT.SIM,SIM-1-1091,BTC/USDT.SIM-SRGridStrategyUser-000,SIM-001,T-653adf2811f9f4e2-125934,LIMIT,BUY,0.054871,91122.31,GTC,,0.054871,MAKER,91122.31,0.0,['1.00000000 USDT'],FILLED,False,False,False,,NO_TRIGGER,,NO_CONTINGENCY,,,,,,,,2940950b-01c7-4887-815a-5972dc41ae14,2025-11-28 08:50:00+00:00,2025-11-28 11:15:00+00:00
TESTER-001,SRGridStrategyUser-000,BTC/USDT.SIM,SIM-1-1092,BTC/USDT.SIM-SRGridStrategyUser-000,SIM-001,T-43a854fd9c03b5d6-126220,LIMIT,BUY,0.055106,90733.87,GTC,,0.055106,MAKER,90733.87,0.0,['1.00000000 USDT'],FILLED,False,False,False,,NO_TRIGGER,,NO_CONTINGENCY,,,,,,,,936523fe-dd62-49bf-9b2b-92eff98f2e9e,2025-11-28 08:50:00+00:00,2025-11-28 17:15:00+00:00
TESTER-001,SRGridStrategyUser-000,BTC/USDT.SIM,SIM-1-1093,BTC/USDT.SIM-SRGridStrategyUser-000,SIM-001,T-d35c8c3b28052f18-125921,LIMIT,SELL,0.054407,91899.21,GTC,,0.054407,MAKER,91899.20999999999,0.0,['1.00000000 USDT'],FILLED,False,False,False,,NO_TRIGGER,,NO_CONTINGENCY,,,,,,,,9d178eeb-2031-4500-82b2-6761ada1ae41,2025-11-28 08:50:00+00:00,2025-11-28 11:00:00+00:00
TESTER-001,SRGridStrategyUser-000,BTC/USDT.SIM,SIM-1-1094,BTC/USDT.SIM-SRGridStrategyUser-000,SIM-001,T-415ce36f61155290-126054,LIMIT,SELL,0.010836,92287.65,GTC,,0.010836,MAKER,92287.65000000001,0.0,['0.20000000 USDT'],FILLED,False,False,False,,NO_TRIGGER,,NO_CONTINGENCY,,,,,,,,a16478d1-e504-44dd-9931-c42343f7ddec,2025-11-28 08:50:00+00:00,2025-11-28 13:45:00+00:00
TESTER-001,SRGridStrategyUser-000,BTC/USDT.SIM,SIM-1-1095,BTC/USDT.SIM-SRGridStrategyUser-000,SIM-001,T-653adf2811f9f4e2-125935,LIMIT,BUY,0.054871,91122.31,GTC,,0.054871,MAKER,91122.31,0.0,['1.00000000 USDT'],FILLED,False,False,False,,NO_TRIGGER,,NO_CONTINGENCY,,,,,,,,892e1f24-26b2-4f32-8ce4-567ef5356d8f,2025-11-28 11:00:00+00:00,2025-11-28 11:15:00+00:00
TESTER-001,SRGridStrategyUser-000,BTC/USDT.SIM,SIM-1-1096,BTC/USDT.SIM-SRGridStrategyUser-000,SIM-001,T-43a854fd9c03b5d6-126221,LIMIT,BUY,0.055106,90733.87,GTC,,0.055106,MAKER,90733.87,0.0,['1.00000000 USDT'],FILLED,False,False,False,,NO_TRIGGER,,NO_CONTINGENCY,,,,,,,,308f6e51-038d-4f03-bfd5-216a99f8282d,2025-11-28 11:00:00+00:00,2025-11-28 17:15:00+00:00
TESTER-001,SRGridStrategyUser-000,BTC/USDT.SIM,SIM-1-1097,BTC/USDT.SIM-SRGridStrategyUser-000,SIM-001,T-415ce36f61155290-126055,LIMIT,SELL,0.054178,92287.65,GTC,,0.054178,MAKER,92287.65000000001,0.0,['1.00000000 USDT'],FILLED,False,False,False,,NO_TRIGGER,,NO_CONTINGENCY,,,,,,,,814e33ff-5306-4c5d-93d0-f63a05c92756,2025-11-28 11:15:00+00:00,2025-11-28 13:45:00+00:00
TESTER-001,SRGridStrategyUser-000,BTC/USDT.SIM,SIM-1-1098,BTC/USDT.SIM-SRGridStrategyUser-000,SIM-001,T-43a854fd9c03b5d6-126222,LIMIT,BUY,0.055106,90733.87,GTC,,0.055106,MAKER,90733.87,0.0,['1.00000000 USDT'],FILLED,False,False,False,,NO_TRIGGER,,NO_CONTINGENCY,,,,,,,,55247319-39fa-4968-97b9-b3446758561f,2025-11-28 13:45:00+00:00,2025-11-28 17:15:00+00:00
TESTER-001,SRGridStrategyUser-000,BTC/USDT.SIM,SIM-1-1099,BTC/USDT.SIM-SRGridStrategyUser-000,SIM-001,T-31ef75414fd8a40c-126656,LIMIT,BUY,0.055159,90646.74,GTC,,0.055159,MAKER,90646.73999999999,0.0,['1.00000000 USDT'],FILLED,False,False,False,,NO_TRIGGER,,NO_CONTINGENCY,,,,,,,,fae6ba2b-e6d3-491e-8f8c-4e4f882fd5bf,2025-11-29 00:50:00+00:00,2025-11-29 02:30:00+00:00
TESTER-001,SRGridStrategyUser-000,BTC/USDT.SIM,SIM-1-1100,BTC/USDT.SIM-SRGridStrategyUser-000,SIM-001,T-09e4ab94cbbb0b24-126831,LIMIT,BUY,0.055299,90416.78,GTC,,0.055299,MAKER,90416.78,0.0,['1.00000000 USDT'],FILLED,False,False,False,,NO_TRIGGER,,NO_CONTINGENCY,,,,,,,,ac47e166-654a-4d41-a4cf-da77fe3f1fff,2025-11-29 00:50:00+00:00,2025-11-29 06:20:00+00:00
TESTER-001,SRGridStrategyUser-000,BTC/USDT.SIM,SIM-1-1101,BTC/USDT.SIM-SRGridStrategyUser-000,SIM-001,T-198a3fe9668ab520-126598,LIMIT,SELL,0.054881,91106.64,GTC,,0.054881,MAKER,91106.64,0.0,['1.00000000 USDT'],FILLED,False,False,False,,NO_TRIGGER,,NO_CONTINGENCY,,,,,,,,329ba821-2a47-4086-94cd-02cf0d3f3d4c,2025-11-29 00:50:00+00:00,2025-11-29 01:15:00+00:00
TESTER-001,SRGridStrategyUser-000,BTC/USDT.SIM,SIM-1-1103,BTC/USDT.SIM-SRGridStrategyUser-000,SIM-001,T-31ef75414fd8a40c-126657,LIMIT,BUY,0.055159,90646.74,GTC,,0.055159,MAKER,90646.73999999999,0.0,['1.00000000 USDT'],FILLED,False,False,False,,NO_TRIGGER,,NO_CONTINGENCY,,,,,,,,a72e34b0-7dd5-46dc-92b2-636dc425d535,2025-11-29 01:15:00+00:00,2025-11-29 02:30:00+00:00
TESTER-001,SRGridStrategyUser-000,BTC/USDT.SIM,SIM-1-1104,BTC/USDT.SIM-SRGridStrategyUser-000,SIM-001,T-09e4ab94cbbb0b24-126832,LIMIT,BUY,0.055299,90416.78,GTC,,0.055299,MAKER,90416.78,0.0,['1.00000000 USDT'],FILLED,False,False,False,,NO_TRIGGER,,NO_CONTINGENCY,,,,,,,,9ac8a5ad-f6ef-4edb-88e5-2246841c83c4,2025-11-29 01:15:00+00:00,2025-11-29 06:20:00+00:00
TESTER-001,SRGridStrategyUser-000,BTC/USDT.SIM,SIM-1-1107,BTC/USDT.SIM-SRGridStrategyUser-000,SIM-001,T-aa45e0571eae2106-127332,LIMIT,BUY,0.055089,90762.29,GTC,,0.055089,MAKER,90762.29000000001,0.0,['1.00000000 USDT'],FILLED,False,False,False,,NO_TRIGGER,,NO_CONTINGENCY,,,,,,,,2ae8f0b1-46b8-42ca-827c-5d30829245bb,2025-11-29 16:50:00+00:00,2025-11-29 17:10:00+00:00
TESTER-001,SRGridStrategyUser-000,BTC/USDT.SIM,SIM-1-1108,BTC/USDT.SIM-SRGridStrategyUser-000,SIM-001,T-c15a7b684c4426d4-127348,LIMIT,BUY,0.055240,90514.19,GTC,,0.055240,MAKER,90514.19,0.0,['1.00000000 USDT'],FILLED,False,False,False,,NO_TRIGGER,,NO_CONTINGENCY,,,,,,,,f99d66eb-c992-47d3-8da3-e0b83596b4b2,2025-11-29 16:50:00+00:00,2025-11-29 17:30:00+00:00
TESTER-001,SRGridStrategyUser-000,BTC/USDT.SIM,SIM-1-1109,BTC/USDT.SIM-SRGridStrategyUser-000,SIM-001,T-e5322da55c96fcdc-128036,LIMIT,SELL,0.054789,91258.47,GTC,,0.054789,MAKER,91258.47,0.0,['1.00000000 USDT'],FILLED,False,False,False,,NO_TRIGGER,,NO_CONTINGENCY,,,,,,,,0258c684-bd81-45f0-bf6e-6d57b50de54f,2025-11-29 16:50:00+00:00,2025-11-30 08:20:00+00:00
TESTER-001,SRGridStrategyUser-000,BTC/USDT.SIM,SIM-1-1111,BTC/USDT.SIM-SRGridStrategyUser-000,SIM-001,T-e5322da55c96fcdc-128037,LIMIT,SELL,0.054789,91258.47,GTC,,0.054789,MAKER,91258.47,0.0,['1.00000000 USDT'],FILLED,False,False,False,,NO_TRIGGER,,NO_CONTINGENCY,,,,,,,,1c2a45e9-ce0a-46fd-a7ae-f4d661fb3004,2025-11-29 17:10:00+00:00,2025-11-30 08:20:00+00:00
TESTER-001,SRGridStrategyUser-000,BTC/USDT.SIM,SIM-1-1113,BTC/USDT.SIM-SRGridStrategyUser-000,SIM-001,T-e5322da55c96fcdc-128038,LIMIT,SELL,0.054789,91258.47,GTC,,0.054789,MAKER,91258.47,0.0,['1.00000000 USDT'],FILLED,False,False,False,,NO_TRIGGER,,NO_CONTINGENCY,,,,,,,,65143a78-f863-49e4-a4c5-811be43d2d22,2025-11-29 17:30:00+00:00,2025-11-30 08:20:00+00:00
TESTER-001,SRGridStrategyUser-000,BTC/USDT.SIM,SIM-1-1115,BTC/USDT.SIM-SRGridStrategyUser-000,SIM-001,T-5fe93a8a4de2030d-128736,LIMIT,BUY,0.055031,90857.99,GTC,,0.055031,MAKER,90857.99,0.0,['1.00000000 USDT'],FILLED,False,False,False,,NO_TRIGGER,,NO_CONTINGENCY,,,,,,,,f797e7cc-87c9-4929-9063-50572b8eccd2,2025-11-30 08:50:00+00:00,2025-11-30 23:20:00+00:00
TESTER-001,SRGridStrategyUser-000,BTC/USDT.SIM,SIM-1-1116,BTC/USDT.SIM-SRGridStrategyUser-000,SIM-001,T-dbdf15df72b32c67-128762,LIMIT,BUY,0.055254,90490.90,GTC,,0.055254,MAKER,90490.9,0.0,['1.00000000 USDT'],FILLED,False,False,False,,NO_TRIGGER,,NO_CONTINGENCY,,,,,,,,61227c36-809c-40f3-b7ca-b592588620af,2025-11-30 08:50:00+00:00,2025-11-30 23:50:00+00:00
TESTER-001,SRGridStrategyUser-000,BTC/USDT.SIM,SIM-1-1117,BTC/USDT.SIM-SRGridStrategyUser-000,SIM-001,T-97d370315ef45d19-128083,LIMIT,SELL,0.054590,91592.15,GTC,,0.054590,MAKER,91592.15000000001,0.0,['1.00000000 USDT'],FILLED,False,False,False,,NO_TRIGGER,,NO_CONTINGENCY,,,,,,,,74d393b2-54cc-4337-91de-a99d3999e752,2025-11-30 08:50:00+00:00,2025-11-30 09:15:00+00:00
TESTER-001,SRGridStrategyUser-000,BTC/USDT.SIM,SIM-1-1118,BTC/USDT.SIM-SRGridStrategyUser-000,SIM-001,T-14bc6f135d1d1ce7-128271,LIMIT,SELL,0.010874,91959.24,GTC,,0.010874,MAKER,91959.23999999999,0.0,['0.20000000 USDT'],FILLED,False,False,False,,NO_TRIGGER,,NO_CONTINGENCY,,,,,,,,b1501a23-fa7b-471d-93cf-1cf09f214988,2025-11-30 08:50:00+00:00,2025-11-30 13:20:00+00:00
TESTER-001,SRGridStrategyUser-000,BTC/USDT.SIM,SIM-1-1119,BTC/USDT.SIM-SRGridStrategyUser-000,SIM-001,T-5fe93a8a4de2030d-128737,LIMIT,BUY,0.055031,90857.99,GTC,,0.055031,MAKER,90857.99,0.0,['1.00000000 USDT'],FILLED,False,False,False,,NO_TRIGGER,,NO_CONTINGENCY,,,,,,,,87ee6bb7-e0b9-4b33-bce3-061b29f5f1fb,2025-11-30 09:15:00+00:00,2025-11-30 23:20:00+00:00
TESTER-001,SRGridStrategyUser-000,BTC/USDT.SIM,SIM-1-1120,BTC/USDT.SIM-SRGridStrategyUser-000,SIM-001,T-dbdf15df72b32c67-128763,LIMIT,BUY,0.055254,90490.90,GTC,,0.055254,MAKER,90490.9,0.0,['1.00000000 USDT'],FILLED,False,False,False,,NO_TRIGGER,,NO_CONTINGENCY,,,,,,,,80ef8bbb-01b9-4ed7-a7cb-c51da8647aa9,2025-11-30 09:15:00+00:00,2025-11-30 23:50:00+00:00
TESTER-001,SRGridStrategyUser-000,BTC/USDT.SIM,SIM-1-1121,BTC/USDT.SIM-SRGridStrategyUser-000,SIM-001,T-5fe93a8a4de2030d-128738,LIMIT,BUY,0.055031,90857.99,GTC,,0.055031,MAKER,90857.99,0.0,['1.00000000 USDT'],FILLED,False,False,False,,NO_TRIGGER,,NO_CONTINGENCY,,,,,,,,cea88345-adab-40e4-ae05-7e25ad7f235a,2025-11-30 13:20:00+00:00,2025-11-30 23:20:00+00:00
TESTER-001,SRGridStrategyUser-000,BTC/USDT.SIM,SIM-1-1122,BTC/USDT.SIM-SRGridStrategyUser-000,SIM-001,T-dbdf15df72b32c67-128764,LIMIT,BUY,0.055254,90490.90,GTC,,0.055254,MAKER,90490.9,0.0,['1.00000000 USDT'],FILLED,False,False,False,,NO_TRIGGER,,NO_CONTINGENCY,,,,,,,,790c399a-e6ec-4a8b-87e9-54bd0dd44dd8,2025-11-30 13:20:00+00:00,2025-11-30 23:50:00+00:00
TESTER-001,SRGridStrategyUser-000,BTC/USDT.SIM,SIM-1-1128,BTC/USDT.SIM-SRGridStrategyUser-000,SIM-001,T-a04cc17a03346511-129952,LIMIT,SELL,0.057571,86849.67,GTC,,0.057571,MAKER,86849.67,0.0,['1.00000000 USDT'],FILLED,False,False,False,,NO_TRIGGER,,NO_CONTINGENCY,,,,,,,,0bb4e416-83c0-4709-9c40-c8d159a522b3,2025-12-02 00:35:00+00:00,2025-12-02 01:05:00+00:00
TESTER-001,SRGridStrategyUser-000,BTC/USDT.SIM,SIM-1-1129,BTC/USDT.SIM-SRGridStrategyUser-000,SIM-001,T-a656f67eb3fc8a22-130092,LIMIT,SELL,0.057315,87237.00,GTC,,0.057315,MAKER,87237.0,0.0,['1.00000000 USDT'],FILLED,False,False,False,,NO_TRIGGER,,NO_CONTINGENCY,,,,,,,,85c67765-6b56-4b0b-9acb-3118ec309d9a,2025-12-02 00:35:00+00:00,2025-12-02 04:00:00+00:00
TESTER-001,SRGridStrategyUser-000,BTC/USDT.SIM,SIM-1-1130,BTC/USDT.SIM-SRGridStrategyUser-000,SIM-001,T-49c53e07d09fc399-130715,LIMIT,SELL,0.358583,91237.59,GTC,,0.358583,MAKER,91237.59,0.0,['6.54000000 USDT'],FILLED,False,True,False,,NO_TRIGGER,,NO_CONTINGENCY,,,,,,,,491a4c27-d94a-4853-976e-0ee3e3210f27,2025-12-02 16:20:00+00:00,2025-12-02 17:15:00+00:00
TESTER-001,SRGridStrategyUser-000,BTC/USDT.SIM,SIM-1-1131,BTC/USDT.SIM-SRGridStrategyUser-000,SIM-001,T-eec8f6c1df09e512-131011,LIMIT,BUY,0.054651,91488.86,GTC,,0.054651,MAKER,91488.86,0.0,['1.00000000 USDT'],FILLED,False,False,False,,NO_TRIGGER,,NO_CONTINGENCY,,,,,,,,7b06c710-ba38-4f23-be4f-e475ab1f690e,2025-12-02 23:15:00+00:00,2025-12-02 23:30:00+00:00
TESTER-001,SRGridStrategyUser-000,BTC/USDT.SIM,SIM-1-1132,BTC/USDT.SIM-SRGridStrategyUser-000,SIM-001,T-e8389cc5bf8f51be-131056,LIMIT,BUY,0.054869,91126.10,GTC,,0.054869,MAKER,91126.09999999999,0.0,['1.00000000 USDT'],FILLED,False,False,False,,NO_TRIGGER,,NO_CONTINGENCY,,,,,,,,25589d97-ebca-459a-aab6-35b63a893a8e,2025-12-02 23:15:00+00:00,2025-12-03 00:25:00+00:00
TESTER-001,SRGridStrategyUser-000,BTC/USDT.SIM,SIM-1-1133,BTC/USDT.SIM-SRGridStrategyUser-000,SIM-001,T-458ef1f69ec39906-131120,LIMIT,SELL,0.054221,92214.36,GTC,,0.054221,MAKER,92214.36,0.0,['1.00000000 USDT'],FILLED,False,False,False,,NO_TRIGGER,,NO_CONTINGENCY,,,,,,,,ffeb295f-68cb-46e7-88f8-ab4d3c1402bc,2025-12-02 23:15:00+00:00,2025-12-03 01:45:00+00:00
TESTER-001,SRGridStrategyUser-000,BTC/USDT.SIM,SIM-1-1134,BTC/USDT.SIM-SRGridStrategyUser-000,SIM-001,T-82b1bbce6fd16364-131135,LIMIT,SELL,0.015995,92577.12,GTC,,0.015995,MAKER,92577.12,0.0,['0.30000000 USDT'],FILLED,False,False,False,,NO_TRIGGER,,NO_CONTINGENCY,,,,,,,,5937ceac-c542-4862-8474-ba8be5fea955,2025-12-02 23:15:00+00:00,2025-12-03 02:00:00+00:00
TESTER-001,SRGridStrategyUser-000,BTC/USDT.SIM,SIM-1-1135,BTC/USDT.SIM-SRGridStrategyUser-000,SIM-001,T-458ef1f69ec39906-131121,LIMIT,SELL,0.054221,92214.36,GTC,,0.054221,MAKER,92214.36,0.0,['1.00000000 USDT'],FILLED,False,False,False,,NO_TRIGGER,,NO_CONTINGENCY,,,,,,,,d4688ba1-d897-42bb-b262-0cd4e209b7ca,2025-12-02 23:30:00+00:00,2025-12-03 01:45:00+00:00
TESTER-001,SRGridStrategyUser-000,BTC/USDT.SIM,SIM-1-1136,BTC/USDT.SIM-SRGridStrategyUser-000,SIM-001,T-82b1bbce6fd16364-131136,LIMIT,SELL,0.019923,92577.12,GTC,,0.019923,MAKER,92577.12,0.0,['0.37000000 USDT'],FILLED,False,False,False,,NO_TRIGGER,,NO_CONTINGENCY,,,,,,,,b8998250-14c2-4150-8848-5def359388c0,2025-12-02 23:30:00+00:00,2025-12-03 02:00:00+00:00
TESTER-001,SRGridStrategyUser-000,BTC/USDT.SIM,SIM-1-1137,BTC/USDT.SIM-SRGridStrategyUser-000,SIM-001,T-458ef1f69ec39906-131122,LIMIT,SELL,0.054221,92214.36,GTC,,0.054221,MAKER,92214.36,0.0,['1.00000000 USDT'],FILLED,False,False,False,,NO_TRIGGER,,NO_CONTINGENCY,,,,,,,,3adff5b8-1922-43b2-b2d3-89688c22433b,2025-12-03 00:25:00+00:00,2025-12-03 01:45:00+00:00
TESTER-001,SRGridStrategyUser-000,BTC/USDT.SIM,SIM-1-1138,BTC/USDT.SIM-SRGridStrategyUser-000,SIM-001,T-82b1bbce6fd16364-131137,LIMIT,SELL,0.023809,92577.12,GTC,,0.023809,MAKER,92577.12,0.0,['0.44000000 USDT'],FILLED,False,False,False,,NO_TRIGGER,,NO_CONTINGENCY,,,,,,,,0e2f13ae-21ef-4e72-8d51-669239adc461,2025-12-03 00:25:00+00:00,2025-12-03 02:00:00+00:00
TESTER-001,SRGridStrategyUser-000,BTC/USDT.SIM,SIM-1-1141,BTC/USDT.SIM-SRGridStrategyUser-000,SIM-001,T-bb6c0386becf12c8-132080,LIMIT,SELL,0.053462,93524.26,GTC,,0.053462,MAKER,93524.26,0.0,['1.00000000 USDT'],FILLED,False,False,False,,NO_TRIGGER,,NO_CONTINGENCY,,,,,,,,a7708f15-5836-4531-ad04-971bd428a64d,2025-12-03 15:15:00+00:00,2025-12-03 21:55:00+00:00
TESTER-001,SRGridStrategyUser-000,BTC/USDT.SIM,SIM-1-1145,BTC/USDT.SIM-SRGridStrategyUser-000,SIM-001,T-7690ad0b10352492-132715,LIMIT,BUY,0.053870,92816.21,GTC,,0.053870,MAKER,92816.21,0.0,['1.00000000 USDT'],FILLED,False,False,False,,NO_TRIGGER,,NO_CONTINGENCY,,,,,,,,46aedf38-91a9-41ce-b4dc-35d5d65937d6,2025-12-04 07:15:00+00:00,2025-12-04 11:30:00+00:00
TESTER-001,SRGridStrategyUser-000,BTC/USDT.SIM,SIM-1-1146,BTC/USDT.SIM-SRGridStrategyUser-000,SIM-001,T-63674edd8bad9f90-132824,LIMIT,BUY,0.054059,92491.44,GTC,,0.054059,MAKER,92491.44,0.0,['1.00000000 USDT'],FILLED,False,False,False,,NO_TRIGGER,,NO_CONTINGENCY,,,,,,,,647a5bc8-225f-4813-8460-4ee45173e734,2025-12-04 07:15:00+00:00,2025-12-04 13:45:00+00:00
TESTER-001,SRGridStrategyUser-000,BTC/USDT.SIM,SIM-1-1147,BTC/USDT.SIM-SRGridStrategyUser-000,SIM-001,T-74d9ae0c4b62b07d-132552,LIMIT,SELL,0.053496,93465.76,GTC,,0.053496,MAKER,93465.76,0.0,['1.00000000 USDT'],FILLED,False,False,False,,NO_TRIGGER,,NO_CONTINGENCY,,,,,,,,8fcf4d54-67d5-466c-a6c2-c5a7f57371c4,2025-12-04 07:15:00+00:00,2025-12-04 08:00:00+00:00
TESTER-001,SRGridStrategyUser-000,BTC/USDT.SIM,SIM-1-1149,BTC/USDT.SIM-SRGridStrategyUser-000,SIM-001,T-7690ad0b10352492-132716,LIMIT,BUY,0.053870,92816.21,GTC,,0.053870,MAKER,92816.21,0.0,['1.00000000 USDT'],FILLED,False,False,False,,NO_TRIGGER,,NO_CONTINGENCY,,,,,,,,1296f559-3254-4272-9833-af6970453642,2025-12-04 08:00:00+00:00,2025-12-04 11:30:00+00:00
TESTER-001,SRGridStrategyUser-000,BTC/USDT.SIM,SIM-1-1150,BTC/USDT.SIM-SRGridStrategyUser-000,SIM-001,T-63674edd8bad9f90-132825,LIMIT,BUY,0.054059,92491.44,GTC,,0.054059,MAKER,92491.44,0.0,['1.00000000 USDT'],FILLED,False,False,False,,NO_TRIGGER,,NO_CONTINGENCY,,,,,,,,25004acb-b67f-428a-8104-e569268ae36d,2025-12-04 08:00:00+00:00,2025-12-04 13:45:00+00:00
TESTER-001,SRGridStrategyUser-000,BTC/USDT.SIM,SIM-1-1153,BTC/USDT.SIM-SRGridStrategyUser-000,SIM-001,T-d0f47bbd2782b287-133482,LIMIT,BUY,0.054357,91983.96,GTC,,0.054357,MAKER,91983.96,0.0,['1.00000000 USDT'],FILLED,False,False,False,,NO_TRIGGER,,NO_CONTINGENCY,,,,,,,,344435d7-e0fe-4dce-b051-1a74e17031a4,2025-12-04 23:15:00+00:00,2025-12-05 03:55:00+00:00
TESTER-001,SRGridStrategyUser-000,BTC/USDT.SIM,SIM-1-1154,BTC/USDT.SIM-SRGridStrategyUser-000,SIM-001,T-b9645d038510dab1-133728,LIMIT,BUY,0.051877,91691.41,GTC,,0.051877,MAKER,91691.41,0.0,['0.95000000 USDT'],FILLED,False,False,False,,NO_TRIGGER,,NO_CONTINGENCY,,,,,,,,723ec53e-0a84-44e5-be5f-ee363613e37e,2025-12-04 23:15:00+00:00,2025-12-05 09:15:00+00:00
TESTER-001,SRGridStrategyUser-000,BTC/USDT.SIM,SIM-1-1155,BTC/USDT.SIM-SRGridStrategyUser-000,SIM-001,T-8f7f430798cdb095-133363,LIMIT,SELL,0.054014,92569.08,GTC,,0.054014,MAKER,92569.08,0.0,['1.00000000 USDT'],FILLED,False,False,False,,NO_TRIGGER,,NO_CONTINGENCY,,,,,,,,3f1dcd6b-55a1-4b7d-823a-0c102726c26f,2025-12-04 23:15:00+00:00,2025-12-05 01:25:00+00:00
TESTER-001,SRGridStrategyUser-000,BTC/USDT.SIM,SIM-1-1157,BTC/USDT.SIM-SRGridStrategyUser-000,SIM-001,T-d0f47bbd2782b287-133483,LIMIT,BUY,0.054357,91983.96,GTC,,0.054357,MAKER,91983.96,0.0,['1.00000000 USDT'],FILLED,False,False,False,,NO_TRIGGER,,NO_CONTINGENCY,,,,,,,,251a717c-efa6-4ca8-b382-c8db6933f3fd,2025-12-05 01:25:00+00:00,2025-12-05 03:55:00+00:00
TESTER-001,SRGridStrategyUser-000,BTC/USDT.SIM,SIM-1-1158,BTC/USDT.SIM-SRGridStrategyUser-000,SIM-001,T-b9645d038510dab1-133729,LIMIT,BUY,0.054531,91691.41,GTC,,0.054531,MAKER,91691.41,0.0,['1.00000000 USDT'],FILLED,False,False,False,,NO_TRIGGER,,NO_CONTINGENCY,,,,,,,,ed67b842-c143-44e3-8efc-cfbf5c5f5af8,2025-12-05 01:25:00+00:00,2025-12-05 09:15:00+00:00
TESTER-001,SRGridStrategyUser-000,BTC/USDT.SIM,SIM-1-1161,BTC/USDT.SIM-SRGridStrategyUser-000,SIM-001,T-13a4d078142b1249-134044,LIMIT,BUY,0.055536,90032.07,GTC,,0.055536,MAKER,90032.07,0.0,['1.00000000 USDT'],FILLED,False,False,False,,NO_TRIGGER,,NO_CONTINGENCY,,,,,,,,b7e22251-de7c-4db9-a3cb-eb31b5e8e957,2025-12-05 15:15:00+00:00,2025-12-05 16:05:00+00:00
TESTER-001,SRGridStrategyUser-000,BTC/USDT.SIM,SIM-1-1162,BTC/USDT.SIM-SRGridStrategyUser-000,SIM-001,T-5673b526dc3a0d08-134052,LIMIT,BUY,0.011219,89133.36,GTC,,0.011219,MAKER,89133.36,0.0,['0.20000000 USDT'],FILLED,False,False,False,,NO_TRIGGER,,NO_CONTINGENCY,,,,,,,,d0d9919c-faee-4993-b4b2-a0e7dda0e60d,2025-12-05 15:15:00+00:00,2025-12-05 16:15:00+00:00
TESTER-001,SRGridStrategyUser-000,BTC/USDT.SIM,SIM-1-1169,BTC/USDT.SIM-SRGridStrategyUser-000,SIM-001,T-4dd37f24f47dc8d0-134759,LIMIT,BUY,0.055830,89557.54,GTC,,0.055830,MAKER,89557.54,0.0,['1.00000000 USDT'],FILLED,False,False,False,,NO_TRIGGER,,NO_CONTINGENCY,,,,,,,,2446e162-8a6f-4268-9311-6224b3a86b2f,2025-12-06 07:15:00+00:00,2025-12-06 07:30:00+00:00
TESTER-001,SRGridStrategyUser-000,BTC/USDT.SIM,SIM-1-1170,BTC/USDT.SIM-SRGridStrategyUser-000,SIM-001,T-1c9ed4fc5b5d197f-134797,LIMIT,BUY,0.055912,89426.10,GTC,,0.055912,MAKER,89426.09999999999,0.0,['1.00000000 USDT'],FILLED,False,False,False,,NO_TRIGGER,,NO_CONTINGENCY,,,,,,,,09617926-7c79-4eab-918e-3d0b37665eee,2025-12-06 07:15:00+00:00,2025-12-06 08:20:00+00:00
TESTER-001,SRGridStrategyUser-000,BTC/USDT.SIM,SIM-1-1171,BTC/USDT.SIM-SRGridStrategyUser-000,SIM-001,T-f0933052aa03700b-135069,LIMIT,SELL,0.055667,89820.40,GTC,,0.055667,MAKER,89820.4,0.0,['1.00000000 USDT'],FILLED,False,False,False,,NO_TRIGGER,,NO_CONTINGENCY,,,,,,,,a10c521f-48e7-40d9-b25c-7d2f7624d8ca,2025-12-06 07:15:00+00:00,2025-12-06 14:15:00+00:00
TESTER-001,SRGridStrategyUser-000,BTC/USDT.SIM,SIM-1-1172,BTC/USDT.SIM-SRGridStrategyUser-000,SIM-001,T-f0933052aa03700b-135074,LIMIT,SELL,0.055585,89951.84,GTC,,0.055585,MAKER,89951.84,0.0,['1.00000000 USDT'],FILLED,False,False,False,,NO_TRIGGER,,NO_CONTINGENCY,,,,,,,,6bbba3c7-870c-42bc-93fc-87419b92273c,2025-12-06 07:15:00+00:00,2025-12-06 14:15:00+00:00
TESTER-001,SRGridStrategyUser-000,BTC/USDT.SIM,SIM-1-1173,BTC/USDT.SIM-SRGridStrategyUser-000,SIM-001,T-f0933052aa03700b-135070,LIMIT,SELL,0.055667,89820.40,GTC,,0.055667,MAKER,89820.4,0.0,['1.00000000 USDT'],FILLED,False,False,False,,NO_TRIGGER,,NO_CONTINGENCY,,,,,,,,21b39724-25b2-4d25-9752-8236f98330fd,2025-12-06 07:30:00+00:00,2025-12-06 14:15:00+00:00
TESTER-001,SRGridStrategyUser-000,BTC/USDT.SIM,SIM-1-1174,BTC/USDT.SIM-SRGridStrategyUser-000,SIM-001,T-f0933052aa03700b-135075,LIMIT,SELL,0.055585,89951.84,GTC,,0.055585,MAKER,89951.84,0.0,['1.00000000 USDT'],FILLED,False,False,False,,NO_TRIGGER,,NO_CONTINGENCY,,,,,,,,b897f952-51cb-4c95-8466-da33bb8b352a,2025-12-06 07:30:00+00:00,2025-12-06 14:15:00+00:00
TESTER-001,SRGridStrategyUser-000,BTC/USDT.SIM,SIM-1-1175,BTC/USDT.SIM-SRGridStrategyUser-000,SIM-001,T-f0933052aa03700b-135071,LIMIT,SELL,0.055667,89820.40,GTC,,0.055667,MAKER,89820.4,0.0,['1.00000000 USDT'],FILLED,False,False,False,,NO_TRIGGER,,NO_CONTINGENCY,,,,,,,,40f79a3d-296d-470f-821c-832ec3909cbb,2025-12-06 08:20:00+00:00,2025-12-06 14:15:00+00:00
TESTER-001,SRGridStrategyUser-000,BTC/USDT.SIM,SIM-1-1176,BTC/USDT.SIM-SRGridStrategyUser-000,SIM-001,T-f0933052aa03700b-135076,LIMIT,SELL,0.055585,89951.84,GTC,,0.055585,MAKER,89951.84,0.0,['1.00000000 USDT'],FILLED,False,False,False,,NO_TRIGGER,,NO_CONTINGENCY,,,,,,,,b6b4ff75-b216-4d8b-94e5-598ea6db6b76,2025-12-06 08:20:00+00:00,2025-12-06 14:15:00+00:00
TESTER-001,SRGridStrategyUser-000,BTC/USDT.SIM,SIM-1-1177,BTC/USDT.SIM-SRGridStrategyUser-000,SIM-001,T-c23178cd42091dc5-136137,LIMIT,BUY,0.056262,88869.49,GTC,,0.056262,MAKER,88869.49,0.0,['1.00000000 USDT'],FILLED,False,False,False,,NO_TRIGGER,,NO_CONTINGENCY,,,,,,,,869f81c1-a8ce-40cf-af2c-91ac90e4cfbc,2025-12-06 23:15:00+00:00,2025-12-07 13:20:00+00:00
TESTER-001,SRGridStrategyUser-000,BTC/USDT.SIM,SIM-1-1178,BTC/USDT.SIM-SRGridStrategyUser-000,SIM-001,T-2163e2d4a4bf1938-136187,LIMIT,BUY,0.056439,88590.75,GTC,,0.056439,MAKER,88590.75,0.0,['1.00000000 USDT'],FILLED,False,False,False,,NO_TRIGGER,,NO_CONTINGENCY,,,,,,,,bc12839a-baa9-4a2c-ba6a-f60558e2a2ca,2025-12-06 23:15:00+00:00,2025-12-07 14:20:00+00:00
TESTER-001,SRGridStrategyUser-000,BTC/USDT.SIM,SIM-1-1179,BTC/USDT.SIM-SRGridStrategyUser-000,SIM-001,T-2bd73038bdb0833c-135551,LIMIT,SELL,0.055912,89426.97,GTC,,0.055912,MAKER,89426.97,0.0,['1.00000000 USDT'],FILLED,False,False,False,,NO_TRIGGER,,NO_CONTINGENCY,,,,,,,,788fafb4-6395-45bc-9182-658c4947ca77,2025-12-06 23:15:00+00:00,2025-12-07 00:30:00+00:00
TESTER-001,SRGridStrategyUser-000,BTC/USDT.SIM,SIM-1-1180,BTC/USDT.SIM-SRGridStrategyUser-000,SIM-001,T-f9808cbf15eeee55-135695,LIMIT,SELL,0.055738,89705.71,GTC,,0.055738,MAKER,89705.70999999999,0.0,['1.00000000 USDT'],FILLED,False,False,False,,NO_TRIGGER,,NO_CONTINGENCY,,,,,,,,009d5410-660e-479a-96b8-01e9297d31a2,2025-12-06 23:15:00+00:00,2025-12-07 03:35:00+00:00
TESTER-001,SRGridStrategyUser-000,BTC/USDT.SIM,SIM-1-1181,BTC/USDT.SIM-SRGridStrategyUser-000,SIM-001,T-c23178cd42091dc5-136138,LIMIT,BUY,0.056262,88869.49,GTC,,0.056262,MAKER,88869.49,0.0,['1.00000000 USDT'],FILLED,False,False,False,,NO_TRIGGER,,NO_CONTINGENCY,,,,,,,,55a05f28-0c25-4ff4-978c-0a043f958851,2025-12-07 00:30:00+00:00,2025-12-07 13:20:00+00:00
TESTER-001,SRGridStrategyUser-000,BTC/USDT.SIM,SIM-1-1182,BTC/USDT.SIM-SRGridStrategyUser-000,SIM-001,T-2163e2d4a4bf1938-136188,LIMIT,BUY,0.056439,88590.75,GTC,,0.056439,MAKER,88590.75,0.0,['1.00000000 USDT'],FILLED,False,False,False,,NO_TRIGGER,,NO_CONTINGENCY,,,,,,,,9dc2fd02-da4e-4ecf-a7d5-8179b213e809,2025-12-07 00:30:00+00:00,2025-12-07 14:20:00+00:00
TESTER-001,SRGridStrategyUser-000,BTC/USDT.SIM,SIM-1-1183,BTC/USDT.SIM-SRGridStrategyUser-000,SIM-001,T-c23178cd42091dc5-136139,LIMIT,BUY,0.056262,88869.49,GTC,,0.056262,MAKER,88869.49,0.0,['1.00000000 USDT'],FILLED,False,False,False,,NO_TRIGGER,,NO_CONTINGENCY,,,,,,,,44cd9a7c-bb62-4732-9a77-d25c8b113441,2025-12-07 03:35:00+00:00,2025-12-07 13:20:00+00:00
TESTER-001,SRGridStrategyUser-000,BTC/USDT.SIM,SIM-1-1184,BTC/USDT.SIM-SRGridStrategyUser-000,SIM-001,T-2163e2d4a4bf1938-136189,LIMIT,BUY,0.056439,88590.75,GTC,,0.056439,MAKER,88590.75,0.0,['1.00000000 USDT'],FILLED,False,False,False,,NO_TRIGGER,,NO_CONTINGENCY,,,,,,,,7ffbba28-b5b2-4f9c-ac5c-2403788d0268,2025-12-07 03:35:00+00:00,2025-12-07 14:20:00+00:00
TESTER-001,SRGridStrategyUser-000,BTC/USDT.SIM,SIM-1-1187,BTC/USDT.SIM-SRGridStrategyUser-000,SIM-001,T-59ee131a7b4888d9-136265,LIMIT,SELL,0.055836,89547.59,GTC,,0.055836,MAKER,89547.59,0.0,['1.00000000 USDT'],FILLED,False,False,False,,NO_TRIGGER,,NO_CONTINGENCY,,,,,,,,f8e540b2-e584-46e3-ad68-8344aaeffec9,2025-12-07 15:15:00+00:00,2025-12-07 15:55:00+00:00
TESTER-001,SRGridStrategyUser-000,BTC/USDT.SIM,SIM-1-1188,BTC/USDT.SIM-SRGridStrategyUser-000,SIM-001,T-a228ff39cc064204-136334,LIMIT,SELL,0.013043,90406.18,GTC,,0.013043,MAKER,90406.18,0.0,['0.24000000 USDT'],FILLED,False,False,False,,NO_TRIGGER,,NO_CONTINGENCY,,,,,,,,a41ca354-9d48-4970-9cca-ac5d19c07582,2025-12-07 15:15:00+00:00,2025-12-07 17:20:00+00:00
TESTER-001,SRGridStrategyUser-000,BTC/USDT.SIM,SIM-1-1193,BTC/USDT.SIM-SRGridStrategyUser-000,SIM-001,T-dbc9c63303a7ad84-137323,LIMIT,BUY,0.054824,91200.16,GTC,,0.054824,MAKER,91200.16,0.0,['1.00000000 USDT'],FILLED,False,False,False,,NO_TRIGGER,,NO_CONTINGENCY,,,,,,,,28a59edf-683a-45a7-b4ab-a9e13abfcf6e,2025-12-08 07:15:00+00:00,2025-12-08 14:25:00+00:00
TESTER-001,SRGridStrategyUser-000,BTC/USDT.SIM,SIM-1-1194,BTC/USDT.SIM-SRGridStrategyUser-000,SIM-001,T-f8beb6a754c78368-137333,LIMIT,BUY,0.054988,90928.22,GTC,,0.054988,MAKER,90928.22,0.0,['1.00000000 USDT'],FILLED,False,False,False,,NO_TRIGGER,,NO_CONTINGENCY,,,,,,,,4e82f767-fc41-413f-afe3-d39203f5d9f8,2025-12-08 07:15:00+00:00,2025-12-08 14:35:00+00:00
TESTER-001,SRGridStrategyUser-000,BTC/USDT.SIM,SIM-1-1195,BTC/USDT.SIM-SRGridStrategyUser-000,SIM-001,T-0a01335781b0b835-137004,LIMIT,SELL,0.054499,91744.02,GTC,,0.054499,MAKER,91744.01999999999,0.0,['1.00000000 USDT'],FILLED,False,False,False,,NO_TRIGGER,,NO_CONTINGENCY,,,,,,,,def9e313-3b43-406e-b4f6-2a2d0bb121b9,2025-12-08 07:15:00+00:00,2025-12-08 07:35:00+00:00
TESTER-001,SRGridStrategyUser-000,BTC/USDT.SIM,SIM-1-1196,BTC/USDT.SIM-SRGridStrategyUser-000,SIM-001,T-a8cc9b2ca21761ed-137071,LIMIT,SELL,0.029490,92015.96,GTC,,0.029490,MAKER,92015.96,0.0,['0.54000000 USDT'],FILLED,False,False,False,,NO_TRIGGER,,NO_CONTINGENCY,,,,,,,,95805afa-81c9-4b06-a396-ef87241b7a8d,2025-12-08 07:15:00+00:00,2025-12-08 09:00:00+00:00
TESTER-001,SRGridStrategyUser-000,BTC/USDT.SIM,SIM-1-1197,BTC/USDT.SIM-SRGridStrategyUser-000,SIM-001,T-dbc9c63303a7ad84-137324,LIMIT,BUY,0.054824,91200.16,GTC,,0.054824,MAKER,91200.16,0.0,['1.00000000 USDT'],FILLED,False,False,False,,NO_TRIGGER,,NO_CONTINGENCY,,,,,,,,f6eaf6f8-88c1-4f9a-8686-70000974bff8,2025-12-08 07:35:00+00:00,2025-12-08 14:25:00+00:00
TESTER-001,SRGridStrategyUser-000,BTC/USDT.SIM,SIM-1-1198,BTC/USDT.SIM-SRGridStrategyUser-000,SIM-001,T-f8beb6a754c78368-137334,LIMIT,BUY,0.054988,90928.22,GTC,,0.054988,MAKER,90928.22,0.0,['1.00000000 USDT'],FILLED,False,False,False,,NO_TRIGGER,,NO_CONTINGENCY,,,,,,,,e45bc73b-bc57-4421-8e4b-b6565c612d63,2025-12-08 07:35:00+00:00,2025-12-08 14:35:00+00:00
TESTER-001,SRGridStrategyUser-000,BTC/USDT.SIM,SIM-1-1199,BTC/USDT.SIM-SRGridStrategyUser-000,SIM-001,T-dbc9c63303a7ad84-137325,LIMIT,BUY,0.054824,91200.16,GTC,,0.054824,MAKER,91200.16,0.0,['1.00000000 USDT'],FILLED,False,False,False,,NO_TRIGGER,,NO_CONTINGENCY,,,,,,,,c1daf217-e5bc-4790-86dd-e36e93d8b50a,2025-12-08 09:00:00+00:00,2025-12-08 14:25:00+00:00
TESTER-001,SRGridStrategyUser-000,BTC/USDT.SIM,SIM-1-1200,BTC/USDT.SIM-SRGridStrategyUser-000,SIM-001,T-f8beb6a754c78368-137335,LIMIT,BUY,0.054988,90928.22,GTC,,0.054988,MAKER,90928.22,0.0,['1.00000000 USDT'],FILLED,False,False,False,,NO_TRIGGER,,NO_CONTINGENCY,,,,,,,,cb217c83-de4f-4242-a82e-693cd57aad25,2025-12-08 09:00:00+00:00,2025-12-08 14:35:00+00:00
TESTER-001,SRGridStrategyUser-000,BTC/USDT.SIM,SIM-1-1201,BTC/USDT.SIM-SRGridStrategyUser-000,SIM-001,T-4fcbe8131af3c2db-138479,LIMIT,SELL,0.054862,91137.97,GTC,,0.054862,MAKER,91137.97,0.0,['1.00000000 USDT'],FILLED,False,False,False,,NO_TRIGGER,,NO_CONTINGENCY,,,,,,,,89f4fcaa-177b-4d79-9696-1bde4152155c,2025-12-08 23:15:00+00:00,2025-12-09 15:00:00+00:00
TESTER-001,SRGridStrategyUser-000,BTC/USDT.SIM,SIM-1-1203,BTC/USDT.SIM-SRGridStrategyUser-000,SIM-001,T-10bae823ae7dd6bf-138512,LIMIT,SELL,0.054526,91699.81,GTC,,0.054526,MAKER,91699.81,0.0,['1.00000000 USDT'],FILLED,False,False,False,,NO_TRIGGER,,NO_CONTINGENCY,,,,,,,,403dec1e-37e4-410f-8e40-a4e0cb9a9c79,2025-12-09 15:15:00+00:00,2025-12-09 15:40:00+00:00
TESTER-001,SRGridStrategyUser-000,BTC/USDT.SIM,SIM-1-1204,BTC/USDT.SIM-SRGridStrategyUser-000,SIM-001,T-c56e613e57cf01b9-138521,LIMIT,SELL,0.026342,92514.92,GTC,,0.026342,MAKER,92514.92,0.0,['0.49000000 USDT'],FILLED,False,False,False,,NO_TRIGGER,,NO_CONTINGENCY,,,,,,,,4489d83d-b332-410f-b298-6e3e44ebf72a,2025-12-09 15:15:00+00:00,2025-12-09 15:50:00+00:00
TESTER-001,SRGridStrategyUser-000,BTC/USDT.SIM,SIM-1-1206,BTC/USDT.SIM-SRGridStrategyUser-000,SIM-001,T-c8e2b8276fefeb41-139365,LIMIT,SELL,0.053613,93260.24,GTC,,0.053613,MAKER,93260.24,0.0,['1.00000000 USDT'],FILLED,False,False,False,,NO_TRIGGER,,NO_CONTINGENCY,,,,,,,,43368db6-7092-4b06-a2ea-c78d5e7f7cd1,2025-12-09 22:10:00+00:00,2025-12-10 10:00:00+00:00
TESTER-001,SRGridStrategyUser-000,BTC/USDT.SIM,SIM-1-1208,BTC/USDT.SIM-SRGridStrategyUser-000,SIM-001,T-8d86d5f15e617956-139595,LIMIT,BUY,0.054513,91721.89,GTC,,0.054513,MAKER,91721.89,0.0,['1.00000000 USDT'],FILLED,False,False,False,,NO_TRIGGER,,NO_CONTINGENCY,,,,,,,,222f8dd6-9d5d-4ac9-9a4b-3de4d34928f0,2025-12-10 14:10:00+00:00,2025-12-10 14:50:00+00:00
TESTER-001,SRGridStrategyUser-000,BTC/USDT.SIM,SIM-1-1209,BTC/USDT.SIM-SRGridStrategyUser-000,SIM-001,T-915c22faf6d8ee91-140058,LIMIT,BUY,0.054672,91455.26,GTC,,0.054672,MAKER,91455.26000000001,0.0,['1.00000000 USDT'],FILLED,False,False,False,,NO_TRIGGER,,NO_CONTINGENCY,,,,,,,,f0830f98-c3de-4a45-8a35-e07f1e63d27a,2025-12-10 14:10:00+00:00,2025-12-11 00:35:00+00:00
TESTER-001,SRGridStrategyUser-000,BTC/USDT.SIM,SIM-1-1210,BTC/USDT.SIM-SRGridStrategyUser-000,SIM-001,T-5f204f0ead9981d2-139657,LIMIT,SELL,0.054198,92255.13,GTC,,0.054198,MAKER,92255.13,0.0,['1.00000000 USDT'],FILLED,False,False,False,,NO_TRIGGER,,NO_CONTINGENCY,,,,,,,,975267d3-8783-49f5-b8e0-c2016f9cf63c,2025-12-10 14:10:00+00:00,2025-12-10 16:10:00+00:00
TESTER-001,SRGridStrategyUser-000,BTC/USDT.SIM,SIM-1-1211,BTC/USDT.SIM-SRGridStrategyUser-000,SIM-001,T-1c1d067200664c52-139671,LIMIT,SELL,0.054041,92521.76,GTC,,0.054041,MAKER,92521.76,0.0,['1.00000000 USDT'],FILLED,False,False,False,,NO_TRIGGER,,NO_CONTINGENCY,,,,,,,,fa4538a2-e615-4ea3-82ca-95d36646a7ec,2025-12-10 14:10:00+00:00,2025-12-10 16:25:00+00:00
TESTER-001,SRGridStrategyUser-000,BTC/USDT.SIM,SIM-1-1212,BTC/USDT.SIM-SRGridStrategyUser-000,SIM-001,T-5f204f0ead9981d2-139658,LIMIT,SELL,0.054198,92255.13,GTC,,0.054198,MAKER,92255.13,0.0,['1.00000000 USDT'],FILLED,False,False,False,,NO_TRIGGER,,NO_CONTINGENCY,,,,,,,,e621fef1-64d3-4dce-b057-f9fafe5888cc,2025-12-10 14:50:00+00:00,2025-12-10 16:10:00+00:00
TESTER-001,SRGridStrategyUser-000,BTC/USDT.SIM,SIM-1-1213,BTC/USDT.SIM-SRGridStrategyUser-000,SIM-001,T-1c1d067200664c52-139672,LIMIT,SELL,0.054041,92521.76,GTC,,0.054041,MAKER,92521.76,0.0,['1.00000000 USDT'],FILLED,False,False,False,,NO_TRIGGER,,NO_CONTINGENCY,,,,,,,,78e78abe-8c40-4492-b30f-fe4a64d200f2,2025-12-10 14:50:00+00:00,2025-12-10 16:25:00+00:00
TESTER-001,SRGridStrategyUser-000,BTC/USDT.SIM,SIM-1-1214,BTC/USDT.SIM-SRGridStrategyUser-000,SIM-001,T-915c22faf6d8ee91-140059,LIMIT,BUY,0.054672,91455.26,GTC,,0.054672,MAKER,91455.26000000001,0.0,['1.00000000 USDT'],FILLED,False,False,False,,NO_TRIGGER,,NO_CONTINGENCY,,,,,,,,c216f3ee-f5d6-4233-b90d-9f79ccbfed83,2025-12-10 16:10:00+00:00,2025-12-11 00:35:00+00:00
TESTER-001,SRGridStrategyUser-000,BTC/USDT.SIM,SIM-1-1215,BTC/USDT.SIM-SRGridStrategyUser-000,SIM-001,T-915c22faf6d8ee91-140060,LIMIT,BUY,0.054672,91455.26,GTC,,0.054672,MAKER,91455.26000000001,0.0,['1.00000000 USDT'],FILLED,False,False,False,,NO_TRIGGER,,NO_CONTINGENCY,,,,,,,,693a4136-fcce-459c-804b-2f7fd7bdf9b6,2025-12-10 16:25:00+00:00,2025-12-11 00:35:00+00:00
TESTER-001,SRGridStrategyUser-000,BTC/USDT.SIM,SIM-1-1216,BTC/USDT.SIM-SRGridStrategyUser-000,SIM-001,T-5f3be8c3362b904f-140261,LIMIT,SELL,0.217608,90466.61,GTC,,0.217608,MAKER,90466.61,0.0,['3.94000000 USDT'],FILLED,False,True,False,,NO_TRIGGER,,NO_CONTINGENCY,,,,,,,,5b1d9268-e3a7-411d-8722-f2ecd802ef3e,2025-12-11 04:25:00+00:00,2025-12-11 04:55:00+00:00
TESTER-001,SRGridStrategyUser-000,BTC/USDT.SIM,SIM-1-1217,BTC/USDT.SIM-SRGridStrategyUser-000,SIM-001,T-14766b585c688d93-140662,LIMIT,BUY,0.055596,89934.97,GTC,,0.055596,MAKER,89934.97,0.0,['1.00000000 USDT'],FILLED,False,False,False,,NO_TRIGGER,,NO_CONTINGENCY,,,,,,,,0e0689d7-89e8-4879-b746-f676028cb045,2025-12-11 07:40:00+00:00,2025-12-11 13:30:00+00:00
TESTER-001,SRGridStrategyUser-000,BTC/USDT.SIM,SIM-1-1218,BTC/USDT.SIM-SRGridStrategyUser-000,SIM-001,T-1bca52ec93609092-140727,LIMIT,BUY,0.055748,89689.94,GTC,,0.055748,MAKER,89689.94,0.0,['1.00000000 USDT'],FILLED,False,False,False,,NO_TRIGGER,,NO_CONTINGENCY,,,,,,,,4bc623ad-ebca-4397-8fdc-9130f4f3638a,2025-12-11 07:40:00+00:00,2025-12-11 14:50:00+00:00
TESTER-001,SRGridStrategyUser-000,BTC/USDT.SIM,SIM-1-1219,BTC/USDT.SIM-SRGridStrategyUser-000,SIM-001,T-481d413493e77587-140466,LIMIT,SELL,0.055294,90425.03,GTC,,0.055294,MAKER,90425.03,0.0,['1.00000000 USDT'],FILLED,False,False,False,,NO_TRIGGER,,NO_CONTINGENCY,,,,,,,,179318ad-6934-4431-b718-edb43a886478,2025-12-11 07:40:00+00:00,2025-12-11 09:20:00+00:00
TESTER-001,SRGridStrategyUser-000,BTC/USDT.SIM,SIM-1-1220,BTC/USDT.SIM-SRGridStrategyUser-000,SIM-001,T-c3a9bbe3e02c6298-140910,LIMIT,SELL,0.055145,90670.06,GTC,,0.055145,MAKER,90670.06,0.0,['1.00000000 USDT'],FILLED,False,False,False,,NO_TRIGGER,,NO_CONTINGENCY,,,,,,,,85ecd39b-7f6e-469f-9cfd-2d7eb73dcd9d,2025-12-11 07:40:00+00:00,2025-12-11 18:40:00+00:00
TESTER-001,SRGridStrategyUser-000,BTC/USDT.SIM,SIM-1-1221,BTC/USDT.SIM-SRGridStrategyUser-000,SIM-001,T-14766b585c688d93-140663,LIMIT,BUY,0.055596,89934.97,GTC,,0.055596,MAKER,89934.97,0.0,['1.00000000 USDT'],FILLED,False,False,False,,NO_TRIGGER,,NO_CONTINGENCY,,,,,,,,a04c9997-dc35-49ad-a77e-f852ce7a156f,2025-12-11 09:20:00+00:00,2025-12-11 13:30:00+00:00
TESTER-001,SRGridStrategyUser-000,BTC/USDT.SIM,SIM-1-1222,BTC/USDT.SIM-SRGridStrategyUser-000,SIM-001,T-1bca52ec93609092-140728,LIMIT,BUY,0.055748,89689.94,GTC,,0.055748,MAKER,89689.94,0.0,['1.00000000 USDT'],FILLED,False,False,False,,NO_TRIGGER,,NO_CONTINGENCY,,,,,,,,07dbcd1d-b68c-423f-9723-2c91ec68a2b8,2025-12-11 09:20:00+00:00,2025-12-11 14:50:00+00:00
TESTER-001,SRGridStrategyUser-000,BTC/USDT.SIM,SIM-1-1223,BTC/USDT.SIM-SRGridStrategyUser-000,SIM-001,T-c3a9bbe3e02c6298-140911,LIMIT,SELL,0.055145,90670.06,GTC,,0.055145,MAKER,90670.06,0.0,['1.00000000 USDT'],FILLED,False,False,False,,NO_TRIGGER,,NO_CONTINGENCY,,,,,,,,6235f47f-8e98-422a-97dd-5772cbb51921,2025-12-11 13:30:00+00:00,2025-12-11 18:40:00+00:00
TESTER-001,SRGridStrategyUser-000,BTC/USDT.SIM,SIM-1-1224,BTC/USDT.SIM-SRGridStrategyUser-000,SIM-001,T-c3a9bbe3e02c6298-140912,LIMIT,SELL,0.055145,90670.06,GTC,,0.055145,MAKER,90670.06,0.0,['1.00000000 USDT'],FILLED,False,False,False,,NO_TRIGGER,,NO_CONTINGENCY,,,,,,,,accd5085-e3ae-4b84-bdbb-74f84125f506,2025-12-11 14:50:00+00:00,2025-12-11 18:40:00+00:00
TESTER-001,SRGridStrategyUser-000,BTC/USDT.SIM,SIM-1-1225,BTC/USDT.SIM-SRGridStrategyUser-000,SIM-001,T-464db7a0c55f28bd-141207,LIMIT,BUY,0.054253,92161.47,GTC,,0.054253,MAKER,92161.47,0.0,['1.00000000 USDT'],FILLED,False,False,False,,NO_TRIGGER,,NO_CONTINGENCY,,,,,,,,bb24a3c4-0c85-4ad9-8043-653a5dbead46,2025-12-11 23:40:00+00:00,2025-12-12 00:50:00+00:00
TESTER-001,SRGridStrategyUser-000,BTC/USDT.SIM,SIM-1-1226,BTC/USDT.SIM-SRGridStrategyUser-000,SIM-001,T-af664d087fc73ad8-141212,LIMIT,BUY,0.054585,91600.45,GTC,,0.054585,MAKER,91600.45000000001,0.0,['1.00000000 USDT'],FILLED,False,False,False,,NO_TRIGGER,,NO_CONTINGENCY,,,,,,,,85d9437b-9a07-4734-98bd-47f69da8a10f,2025-12-11 23:40:00+00:00,2025-12-12 00:55:00+00:00
TESTER-001,SRGridStrategyUser-000,BTC/USDT.SIM,SIM-1-1233,BTC/USDT.SIM-SRGridStrategyUser-000,SIM-001,T-9efa497d6512a5d6-141935,LIMIT,BUY,0.055786,89628.48,GTC,,0.055786,MAKER,89628.48,0.0,['1.00000000 USDT'],FILLED,False,False,False,,NO_TRIGGER,,NO_CONTINGENCY,,,,,,,,58039f6d-7ca7-4db2-8360-f1aa3cf5c0e7,2025-12-12 15:40:00+00:00,2025-12-12 16:35:00+00:00
TESTER-001,SRGridStrategyUser-000,BTC/USDT.SIM,SIM-1-1239,BTC/USDT.SIM-SRGridStrategyUser-000,SIM-001,T-326a81d7bf911a0a-142842,LIMIT,BUY,0.055383,90280.45,GTC,,0.055383,MAKER,90280.45000000001,0.0,['1.00000000 USDT'],FILLED,False,False,False,,NO_TRIGGER,,NO_CONTINGENCY,,,,,,,,8e6fe916-bff3-4d73-877e-6bd4dc68fab0,2025-12-13 07:40:00+00:00,2025-12-13 12:45:00+00:00
TESTER-001,SRGridStrategyUser-000,BTC/USDT.SIM,SIM-1-1240,BTC/USDT.SIM-SRGridStrategyUser-000,SIM-001,T-ff433ddc490a28f3-142878,LIMIT,BUY,0.055428,90206.83,GTC,,0.055428,MAKER,90206.83,0.0,['1.00000000 USDT'],FILLED,False,False,False,,NO_TRIGGER,,NO_CONTINGENCY,,,,,,,,8ca27648-23ec-4d52-94c9-bb373e9cba72,2025-12-13 07:40:00+00:00,2025-12-13 13:30:00+00:00
TESTER-001,SRGridStrategyUser-000,BTC/USDT.SIM,SIM-1-1241,BTC/USDT.SIM-SRGridStrategyUser-000,SIM-001,T-517356676f9ff1ae-142640,LIMIT,SELL,0.055293,90427.69,GTC,,0.055293,MAKER,90427.69,0.0,['1.00000000 USDT'],FILLED,False,False,False,,NO_TRIGGER,,NO_CONTINGENCY,,,,,,,,0bba05fc-9507-44ac-99b9-8c60138b05d6,2025-12-13 07:40:00+00:00,2025-12-13 08:15:00+00:00
TESTER-001,SRGridStrategyUser-000,BTC/USDT.SIM,SIM-1-1242,BTC/USDT.SIM-SRGridStrategyUser-000,SIM-001,T-282178d657a3e31d-142645,LIMIT,SELL,0.055248,90501.31,GTC,,0.055248,MAKER,90501.31,0.0,['1.00000000 USDT'],FILLED,False,False,False,,NO_TRIGGER,,NO_CONTINGENCY,,,,,,,,0c8e8ed3-9f07-4024-b0a3-4c02657459fb,2025-12-13 07:40:00+00:00,2025-12-13 08:20:00+00:00
TESTER-001,SRGridStrategyUser-000,BTC/USDT.SIM,SIM-1-1243,BTC/USDT.SIM-SRGridStrategyUser-000,SIM-001,T-326a81d7bf911a0a-142843,LIMIT,BUY,0.055383,90280.45,GTC,,0.055383,MAKER,90280.45000000001,0.0,['1.00000000 USDT'],FILLED,False,False,False,,NO_TRIGGER,,NO_CONTINGENCY,,,,,,,,ab80b772-6488-42f6-be15-8a23184fa357,2025-12-13 08:15:00+00:00,2025-12-13 12:45:00+00:00
TESTER-001,SRGridStrategyUser-000,BTC/USDT.SIM,SIM-1-1244,BTC/USDT.SIM-SRGridStrategyUser-000,SIM-001,T-ff433ddc490a28f3-142879,LIMIT,BUY,0.055428,90206.83,GTC,,0.055428,MAKER,90206.83,0.0,['1.00000000 USDT'],FILLED,False,False,False,,NO_TRIGGER,,NO_CONTINGENCY,,,,,,,,0876abe2-df8d-41ee-9624-604ad3dd7ffc,2025-12-13 08:15:00+00:00,2025-12-13 13:30:00+00:00
TESTER-001,SRGridStrategyUser-000,BTC/USDT.SIM,SIM-1-1245,BTC/USDT.SIM-SRGridStrategyUser-000,SIM-001,T-326a81d7bf911a0a-142844,LIMIT,BUY,0.055383,90280.45,GTC,,0.055383,MAKER,90280.45000000001,0.0,['1.00000000 USDT'],FILLED,False,False,False,,NO_TRIGGER,,NO_CONTINGENCY,,,,,,,,dda69eee-8378-432c-8103-e5c98a4bbd8d,2025-12-13 08:20:00+00:00,2025-12-13 12:45:00+00:00
TESTER-001,SRGridStrategyUser-000,BTC/USDT.SIM,SIM-1-1246,BTC/USDT.SIM-SRGridStrategyUser-000,SIM-001,T-ff433ddc490a28f3-142880,LIMIT,BUY,0.055428,90206.83,GTC,,0.055428,MAKER,90206.83,0.0,['1.00000000 USDT'],FILLED,False,False,False,,NO_TRIGGER,,NO_CONTINGENCY,,,,,,,,0ec5cdc4-b91f-4178-81dd-3aa842b474a3,2025-12-13 08:20:00+00:00,2025-12-13 13:30:00+00:00
TESTER-001,SRGridStrategyUser-000,BTC/USDT.SIM,SIM-1-1247,BTC/USDT.SIM-SRGridStrategyUser-000,SIM-001,T-7d592063115a65aa-143368,LIMIT,SELL,0.055313,90394.90,GTC,,0.055313,MAKER,90394.9,0.0,['1.00000000 USDT'],FILLED,False,False,False,,NO_TRIGGER,,NO_CONTINGENCY,,,,,,,,c5e119ac-fd09-48fa-915e-738cf7f7321d,2025-12-13 23:40:00+00:00,2025-12-14 00:30:00+00:00
TESTER-001,SRGridStrategyUser-000,BTC/USDT.SIM,SIM-1-1249,BTC/USDT.SIM-SRGridStrategyUser-000,SIM-001,T-6c0801d65157af40-144542,LIMIT,SELL,0.055904,89438.86,GTC,,0.055904,MAKER,89438.86,0.0,['1.00000000 USDT'],FILLED,False,False,False,,NO_TRIGGER,,NO_CONTINGENCY,,,,,,,,d3738bff-c472-4c5f-ac6b-cfb920461679,2025-12-14 15:40:00+00:00,2025-12-15 02:00:00+00:00
TESTER-001,SRGridStrategyUser-000,BTC/USDT.SIM,SIM-1-1250,BTC/USDT.SIM-SRGridStrategyUser-000,SIM-001,T-2f041ab82e8ac1bc-144555,LIMIT,SELL,0.055671,89813.12,GTC,,0.055671,MAKER,89813.12,0.0,['1.00000000 USDT'],FILLED,False,False,False,,NO_TRIGGER,,NO_CONTINGENCY,,,,,,,,e9f319b9-8aef-4e9c-90e8-62f5af14e5a4,2025-12-14 15:40:00+00:00,2025-12-15 02:15:00+00:00
TESTER-001,SRGridStrategyUser-000,BTC/USDT.SIM,SIM-1-1251,BTC/USDT.SIM-SRGridStrategyUser-000,SIM-001,T-25a96b17d5c3a10e-145067,LIMIT,BUY,0.055943,89376.79,GTC,,0.055943,MAKER,89376.79000000001,0.0,['1.00000000 USDT'],FILLED,False,False,False,,NO_TRIGGER,,NO_CONTINGENCY,,,,,,,,9a3858d2-bb6b-463f-b1e7-397c71132de4,2025-12-15 07:40:00+00:00,2025-12-15 13:20:00+00:00
TESTER-001,SRGridStrategyUser-000,BTC/USDT.SIM,SIM-1-1252,BTC/USDT.SIM-SRGridStrategyUser-000,SIM-001,T-6d413b6c2a45489f-145123,LIMIT,BUY,0.056093,89137.29,GTC,,0.056093,MAKER,89137.29,0.0,['1.00000000 USDT'],FILLED,False,False,False,,NO_TRIGGER,,NO_CONTINGENCY,,,,,,,,8f55c3a2-b45e-4ad8-86e0-0c84a3d8bc27,2025-12-15 07:40:00+00:00,2025-12-15 14:30:00+00:00
TESTER-001,SRGridStrategyUser-000,BTC/USDT.SIM,SIM-1-1253,BTC/USDT.SIM-SRGridStrategyUser-000,SIM-001,T-8751a3ee5ec05192-144843,LIMIT,SELL,0.055645,89855.77,GTC,,0.055645,MAKER,89855.77,0.0,['1.00000000 USDT'],FILLED,False,False,False,,NO_TRIGGER,,NO_CONTINGENCY,,,,,,,,aa0345dd-35ab-4965-a496-d87617ed4688,2025-12-15 07:40:00+00:00,2025-12-15 08:25:00+00:00
TESTER-001,SRGridStrategyUser-000,BTC/USDT.SIM,SIM-1-1255,BTC/USDT.SIM-SRGridStrategyUser-000,SIM-001,T-25a96b17d5c3a10e-145068,LIMIT,BUY,0.055943,89376.79,GTC,,0.055943,MAKER,89376.79000000001,0.0,['1.00000000 USDT'],FILLED,False,False,False,,NO_TRIGGER,,NO_CONTINGENCY,,,,,,,,0e037ac7-508a-41cd-89c5-987b140642d7,2025-12-15 08:25:00+00:00,2025-12-15 13:20:00+00:00
TESTER-001,SRGridStrategyUser-000,BTC/USDT.SIM,SIM-1-1256,BTC/USDT.SIM-SRGridStrategyUser-000,SIM-001,T-6d413b6c2a45489f-145124,LIMIT,BUY,0.056093,89137.29,GTC,,0.056093,MAKER,89137.29,0.0,['1.00000000 USDT'],FILLED,False,False,False,,NO_TRIGGER,,NO_CONTINGENCY,,,,,,,,df5d2a56-eefd-48c4-8fdd-8d5e97ff52d9,2025-12-15 08:25:00+00:00,2025-12-15 14:30:00+00:00
TESTER-001,SRGridStrategyUser-000,BTC/USDT.SIM,SIM-1-1259,BTC/USDT.SIM-SRGridStrategyUser-000,SIM-001,T-01b2efdc33169b6c-145336,LIMIT,SELL,0.390014,86397.61,GTC,,0.390014,MAKER,86397.61,0.0,['6.74000000 USDT'],FILLED,False,True,False,,NO_TRIGGER,,NO_CONTINGENCY,,,,,,,,27b7fb74-0522-41ea-a010-563f71f3938b,2025-12-15 17:35:00+00:00,2025-12-15 19:00:00+00:00
TESTER-001,SRGridStrategyUser-000,BTC/USDT.SIM,SIM-1-1260,BTC/USDT.SIM-SRGridStrategyUser-000,SIM-001,T-aea25248ae4e3a9d-145608,LIMIT,BUY,0.058148,85988.01,GTC,,0.058148,MAKER,85988.01,0.0,['1.00000000 USDT'],FILLED,False,False,False,,NO_TRIGGER,,NO_CONTINGENCY,,,,,,,,08987636-1c81-4101-a49c-8245fe7aa8f9,2025-12-15 23:00:00+00:00,2025-12-16 00:50:00+00:00
TESTER-001,SRGridStrategyUser-000,BTC/USDT.SIM,SIM-1-1261,BTC/USDT.SIM-SRGridStrategyUser-000,SIM-001,T-1b2f6fa6026531e7-145643,LIMIT,BUY,0.058371,85658.52,GTC,,0.058371,MAKER,85658.52,0.0,['1.00000000 USDT'],FILLED,False,False,False,,NO_TRIGGER,,NO_CONTINGENCY,,,,,,,,b41d553b-0eeb-4350-9b09-d61fc52e3071,2025-12-15 23:00:00+00:00,2025-12-16 01:35:00+00:00
TESTER-001,SRGridStrategyUser-000,BTC/USDT.SIM,SIM-1-1262,BTC/USDT.SIM-SRGridStrategyUser-000,SIM-001,T-b5b569a964633f65-146062,LIMIT,SELL,0.057705,86646.99,GTC,,0.057705,MAKER,86646.98999999999,0.0,['1.00000000 USDT'],FILLED,False,False,False,,NO_TRIGGER,,NO_CONTINGENCY,,,,,,,,dfeb6e49-5d3d-4571-9e0d-83aed4bc9716,2025-12-15 23:00:00+00:00,2025-12-16 10:35:00+00:00
TESTER-001,SRGridStrategyUser-000,BTC/USDT.SIM,SIM-1-1263,BTC/USDT.SIM-SRGridStrategyUser-000,SIM-001,T-907e74125f9ae6b7-146069,LIMIT,SELL,0.057487,86976.48,GTC,,0.057487,MAKER,86976.48,0.0,['1.00000000 USDT'],FILLED,False,False,False,,NO_TRIGGER,,NO_CONTINGENCY,,,,,,,,5c6c6252-0b83-4f0f-8533-065aecee2dde,2025-12-15 23:00:00+00:00,2025-12-16 10:40:00+00:00
TESTER-001,SRGridStrategyUser-000,BTC/USDT.SIM,SIM-1-1264,BTC/USDT.SIM-SRGridStrategyUser-000,SIM-001,T-b5b569a964633f65-146063,LIMIT,SELL,0.057705,86646.99,GTC,,0.057705,MAKER,86646.98999999999,0.0,['1.00000000 USDT'],FILLED,False,False,False,,NO_TRIGGER,,NO_CONTINGENCY,,,,,,,,b6907289-9cef-43c7-8cff-9bf8b5040b68,2025-12-16 00:50:00+00:00,2025-12-16 10:35:00+00:00
TESTER-001,SRGridStrategyUser-000,BTC/USDT.SIM,SIM-1-1265,BTC/USDT.SIM-SRGridStrategyUser-000,SIM-001,T-907e74125f9ae6b7-146070,LIMIT,SELL,0.057487,86976.48,GTC,,0.057487,MAKER,86976.48,0.0,['1.00000000 USDT'],FILLED,False,False,False,,NO_TRIGGER,,NO_CONTINGENCY,,,,,,,,c7fa7827-9750-4f1d-b925-4a3f5fdc1bdb,2025-12-16 00:50:00+00:00,2025-12-16 10:40:00+00:00
TESTER-001,SRGridStrategyUser-000,BTC/USDT.SIM,SIM-1-1266,BTC/USDT.SIM-SRGridStrategyUser-000,SIM-001,T-b5b569a964633f65-146064,LIMIT,SELL,0.057705,86646.99,GTC,,0.057705,MAKER,86646.98999999999,0.0,['1.00000000 USDT'],FILLED,False,False,False,,NO_TRIGGER,,NO_CONTINGENCY,,,,,,,,74c63e20-f64d-4257-93e6-d939706e67c8,2025-12-16 01:35:00+00:00,2025-12-16 10:35:00+00:00
TESTER-001,SRGridStrategyUser-000,BTC/USDT.SIM,SIM-1-1267,BTC/USDT.SIM-SRGridStrategyUser-000,SIM-001,T-907e74125f9ae6b7-146071,LIMIT,SELL,0.057487,86976.48,GTC,,0.057487,MAKER,86976.48,0.0,['1.00000000 USDT'],FILLED,False,False,False,,NO_TRIGGER,,NO_CONTINGENCY,,,,,,,,0b8d05aa-95d4-48cd-a1a8-b709cb7ddac4,2025-12-16 01:35:00+00:00,2025-12-16 10:40:00+00:00
TESTER-001,SRGridStrategyUser-000,BTC/USDT.SIM,SIM-1-1270,BTC/USDT.SIM-SRGridStrategyUser-000,SIM-001,T-d8cd7d293cffe3ab-146321,LIMIT,SELL,0.056771,88072.76,GTC,,0.056771,MAKER,88072.76000000001,0.0,['1.00000000 USDT'],FILLED,False,False,False,,NO_TRIGGER,,NO_CONTINGENCY,,,,,,,,53da2ac4-67ac-465b-96f7-d4c8113a93bb,2025-12-16 15:00:00+00:00,2025-12-16 15:55:00+00:00
TESTER-001,SRGridStrategyUser-000,BTC/USDT.SIM,SIM-1-1274,BTC/USDT.SIM-SRGridStrategyUser-000,SIM-001,T-6cf7aac6d6285f09-147099,LIMIT,BUY,0.057790,86520.90,GTC,,0.057790,MAKER,86520.9,0.0,['1.00000000 USDT'],FILLED,False,False,False,,NO_TRIGGER,,NO_CONTINGENCY,,,,,,,,d6fa7016-22fb-4c5c-9d53-c86b3c6b317b,2025-12-17 07:00:00+00:00,2025-12-17 08:25:00+00:00
TESTER-001,SRGridStrategyUser-000,BTC/USDT.SIM,SIM-1-1275,BTC/USDT.SIM-SRGridStrategyUser-000,SIM-001,T-b1cb983c6f9726af-147171,LIMIT,BUY,0.057977,86241.81,GTC,,0.057977,MAKER,86241.81,0.0,['1.00000000 USDT'],FILLED,False,False,False,,NO_TRIGGER,,NO_CONTINGENCY,,,,,,,,e7abe794-7c62-4b80-9120-183e0c2af773,2025-12-17 07:00:00+00:00,2025-12-17 10:00:00+00:00
TESTER-001,SRGridStrategyUser-000,BTC/USDT.SIM,SIM-1-1278,BTC/USDT.SIM-SRGridStrategyUser-000,SIM-001,T-c2112d4948273201-147924,LIMIT,SELL,0.057783,86530.66,GTC,,0.057783,MAKER,86530.66,0.0,['1.00000000 USDT'],FILLED,False,False,False,,NO_TRIGGER,,NO_CONTINGENCY,,,,,,,,e41514d5-6513-44ab-9b73-c2baf7dacca3,2025-12-17 23:00:00+00:00,2025-12-18 02:10:00+00:00
TESTER-001,SRGridStrategyUser-000,BTC/USDT.SIM,SIM-1-1279,BTC/USDT.SIM-SRGridStrategyUser-000,SIM-001,T-c04deff79259d7b4-148012,LIMIT,SELL,0.057551,86879.67,GTC,,0.057551,MAKER,86879.67,0.0,['1.00000000 USDT'],FILLED,False,False,False,,NO_TRIGGER,,NO_CONTINGENCY,,,,,,,,55487019-c111-4397-b513-c96b2bea3fb6,2025-12-17 23:00:00+00:00,2025-12-18 04:05:00+00:00
TESTER-001,SRGridStrategyUser-000,BTC/USDT.SIM,SIM-1-1284,BTC/USDT.SIM-SRGridStrategyUser-000,SIM-001,T-f105c58438c6cc7c-148624,LIMIT,BUY,0.057421,87076.04,GTC,,0.057421,MAKER,87076.04,0.0,['1.00000000 USDT'],FILLED,False,False,False,,NO_TRIGGER,,NO_CONTINGENCY,,,,,,,,70515c28-aa94-4aa5-9cbd-a8fac4bcabc3,2025-12-18 15:00:00+00:00,2025-12-18 17:05:00+00:00
TESTER-001,SRGridStrategyUser-000,BTC/USDT.SIM,SIM-1-1285,BTC/USDT.SIM-SRGridStrategyUser-000,SIM-001,T-3996eea9fe0245e9-148632,LIMIT,BUY,0.058213,85891.31,GTC,,0.058213,MAKER,85891.31,0.0,['1.00000000 USDT'],FILLED,False,False,False,,NO_TRIGGER,,NO_CONTINGENCY,,,,,,,,20ae3108-169c-43f8-9b90-71fb00650da2,2025-12-18 15:00:00+00:00,2025-12-18 17:15:00+00:00
TESTER-001,SRGridStrategyUser-000,BTC/USDT.SIM,SIM-1-1293,BTC/USDT.SIM-SRGridStrategyUser-000,SIM-001,T-7038d232752538e2-149016,LIMIT,BUY,0.058738,85123.80,GTC,,0.058738,MAKER,85123.8,0.0,['1.00000000 USDT'],FILLED,False,False,False,,NO_TRIGGER,,NO_CONTINGENCY,,,,,,,,5498ce30-7003-411f-9b06-f9e149d7e6ee,2025-12-19 01:10:00+00:00,2025-12-19 01:30:00+00:00
TESTER-001,SRGridStrategyUser-000,BTC/USDT.SIM,SIM-1-1295,BTC/USDT.SIM-SRGridStrategyUser-000,SIM-001,T-f6c77ac840eec71b-149071,LIMIT,SELL,0.058302,85760.20,GTC,,0.058302,MAKER,85760.2,0.0,['1.00000000 USDT'],FILLED,False,False,False,,NO_TRIGGER,,NO_CONTINGENCY,,,,,,,,88629a58-73c6-43c7-a599-fa92cffe7812,2025-12-19 01:10:00+00:00,2025-12-19 02:45:00+00:00
TESTER-001,SRGridStrategyUser-000,BTC/USDT.SIM,SIM-1-1296,BTC/USDT.SIM-SRGridStrategyUser-000,SIM-001,T-90a71b1108bd5fad-149084,LIMIT,SELL,0.058087,86078.40,GTC,,0.058087,MAKER,86078.4,0.0,['1.00000000 USDT'],FILLED,False,False,False,,NO_TRIGGER,,NO_CONTINGENCY,,,,,,,,76845229-9369-4fa5-9526-07e279f8fefb,2025-12-19 01:10:00+00:00,2025-12-19 03:00:00+00:00
TESTER-001,SRGridStrategyUser-000,BTC/USDT.SIM,SIM-1-1297,BTC/USDT.SIM-SRGridStrategyUser-000,SIM-001,T-f6c77ac840eec71b-149072,LIMIT,SELL,0.058302,85760.20,GTC,,0.058302,MAKER,85760.2,0.0,['1.00000000 USDT'],FILLED,False,False,False,,NO_TRIGGER,,NO_CONTINGENCY,,,,,,,,3dd2022f-9cd6-463f-8c73-60588451d44b,2025-12-19 01:30:00+00:00,2025-12-19 02:45:00+00:00
TESTER-001,SRGridStrategyUser-000,BTC/USDT.SIM,SIM-1-1298,BTC/USDT.SIM-SRGridStrategyUser-000,SIM-001,T-90a71b1108bd5fad-149085,LIMIT,SELL,0.058087,86078.40,GTC,,0.058087,MAKER,86078.4,0.0,['1.00000000 USDT'],FILLED,False,False,False,,NO_TRIGGER,,NO_CONTINGENCY,,,,,,,,85a1d65b-ce27-40d1-8214-9e56a73b49fb,2025-12-19 01:30:00+00:00,2025-12-19 03:00:00+00:00
TESTER-001,SRGridStrategyUser-000,BTC/USDT.SIM,SIM-1-1301,BTC/USDT.SIM-SRGridStrategyUser-000,SIM-001,T-9064970d7b104445-149773,LIMIT,BUY,0.057167,87462.74,GTC,,0.057167,MAKER,87462.73999999999,0.0,['1.00000000 USDT'],FILLED,False,False,False,,NO_TRIGGER,,NO_CONTINGENCY,,,,,,,,a3e4e79b-91ee-42b0-9666-bbd24ca125b4,2025-12-19 17:10:00+00:00,2025-12-19 17:30:00+00:00
TESTER-001,SRGridStrategyUser-000,BTC/USDT.SIM,SIM-1-1303,BTC/USDT.SIM-SRGridStrategyUser-000,SIM-001,T-ede447d853d59922-150543,LIMIT,BUY,0.056700,88183.29,GTC,,0.056700,MAKER,88183.29,0.0,['1.00000000 USDT'],FILLED,False,False,False,,NO_TRIGGER,,NO_CONTINGENCY,,,,,,,,1ed6e425-55e8-4d52-93ef-e4c10d6c3118,2025-12-20 09:10:00+00:00,2025-12-20 10:20:00+00:00
TESTER-001,SRGridStrategyUser-000,BTC/USDT.SIM,SIM-1-1304,BTC/USDT.SIM-SRGridStrategyUser-000,SIM-001,T-35746455fbdeec31-150671,LIMIT,BUY,0.056775,88066.58,GTC,,0.056775,MAKER,88066.58,0.0,['1.00000000 USDT'],FILLED,False,False,False,,NO_TRIGGER,,NO_CONTINGENCY,,,,,,,,9568f9ce-71d8-4ddb-ad56-2d993fba7e39,2025-12-20 09:10:00+00:00,2025-12-20 13:15:00+00:00
TESTER-001,SRGridStrategyUser-000,BTC/USDT.SIM,SIM-1-1305,BTC/USDT.SIM-SRGridStrategyUser-000,SIM-001,T-176545f282b51e4c-150927,LIMIT,SELL,0.056550,88416.71,GTC,,0.056550,MAKER,88416.71,0.0,['1.00000000 USDT'],FILLED,False,False,False,,NO_TRIGGER,,NO_CONTINGENCY,,,,,,,,7ee9465b-b147-4f4e-b18b-43a8789e1cb7,2025-12-20 09:10:00+00:00,2025-12-20 18:55:00+00:00
TESTER-001,SRGridStrategyUser-000,BTC/USDT.SIM,SIM-1-1307,BTC/USDT.SIM-SRGridStrategyUser-000,SIM-001,T-176545f282b51e4c-150928,LIMIT,SELL,0.056550,88416.71,GTC,,0.056550,MAKER,88416.71,0.0,['1.00000000 USDT'],FILLED,False,False,False,,NO_TRIGGER,,NO_CONTINGENCY,,,,,,,,56793944-94c1-4be0-9a3c-a60abdd50184,2025-12-20 10:20:00+00:00,2025-12-20 18:55:00+00:00
TESTER-001,SRGridStrategyUser-000,BTC/USDT.SIM,SIM-1-1309,BTC/USDT.SIM-SRGridStrategyUser-000,SIM-001,T-176545f282b51e4c-150929,LIMIT,SELL,0.056550,88416.71,GTC,,0.056550,MAKER,88416.71,0.0,['1.00000000 USDT'],FILLED,False,False,False,,NO_TRIGGER,,NO_CONTINGENCY,,,,,,,,629eef19-c176-40b7-b99a-dfbaff3ae4cc,2025-12-20 13:15:00+00:00,2025-12-20 18:55:00+00:00
TESTER-001,SRGridStrategyUser-000,BTC/USDT.SIM,SIM-1-1311,BTC/USDT.SIM-SRGridStrategyUser-000,SIM-001,T-0efdea6465b311c5-151218,LIMIT,BUY,0.056678,88216.98,GTC,,0.056678,MAKER,88216.98,0.0,['1.00000000 USDT'],FILLED,False,False,False,,NO_TRIGGER,,NO_CONTINGENCY,,,,,,,,03926e60-b088-4161-808e-09536f391848,2025-12-21 01:10:00+00:00,2025-12-21 01:30:00+00:00
TESTER-001,SRGridStrategyUser-000,BTC/USDT.SIM,SIM-1-1312,BTC/USDT.SIM-SRGridStrategyUser-000,SIM-001,T-b02b9b73759dbe3d-151223,LIMIT,BUY,0.056732,88133.31,GTC,,0.056732,MAKER,88133.31,0.0,['1.00000000 USDT'],FILLED,False,False,False,,NO_TRIGGER,,NO_CONTINGENCY,,,,,,,,6e267782-a7ef-4a45-bd86-203ff89b0208,2025-12-21 01:10:00+00:00,2025-12-21 01:35:00+00:00
TESTER-001,SRGridStrategyUser-000,BTC/USDT.SIM,SIM-1-1313,BTC/USDT.SIM-SRGridStrategyUser-000,SIM-001,T-e2bf6e62df452089-151974,LIMIT,BUY,0.056696,88189.26,GTC,,0.056696,MAKER,88189.26000000001,0.0,['1.00000000 USDT'],FILLED,False,False,False,,NO_TRIGGER,,NO_CONTINGENCY,,,,,,,,a1c6a8fa-8627-48bd-8199-df2003358e1a,2025-12-21 17:10:00+00:00,2025-12-21 18:00:00+00:00
TESTER-001,SRGridStrategyUser-000,BTC/USDT.SIM,SIM-1-1314,BTC/USDT.SIM-SRGridStrategyUser-000,SIM-001,T-eae7cb6cea59ed47-151982,LIMIT,BUY,0.056840,87965.62,GTC,,0.056840,MAKER,87965.62,0.0,['1.00000000 USDT'],FILLED,False,False,False,,NO_TRIGGER,,NO_CONTINGENCY,,,,,,,,5abf686f-1285-4c0b-bb5f-c4c060f98c10,2025-12-21 17:10:00+00:00,2025-12-21 18:10:00+00:00
TESTER-001,SRGridStrategyUser-000,BTC/USDT.SIM,SIM-1-1315,BTC/USDT.SIM-SRGridStrategyUser-000,SIM-001,T-3364c189a096ac4c-152205,LIMIT,SELL,0.056410,88636.56,GTC,,0.056410,MAKER,88636.56,0.0,['1.00000000 USDT'],FILLED,False,False,False,,NO_TRIGGER,,NO_CONTINGENCY,,,,,,,,8210d507-b0ed-416c-b149-bc79204b57c0,2025-12-21 17:10:00+00:00,2025-12-21 23:00:00+00:00
TESTER-001,SRGridStrategyUser-000,BTC/USDT.SIM,SIM-1-1316,BTC/USDT.SIM-SRGridStrategyUser-000,SIM-001,T-099c333dd0c0b806-152257,LIMIT,SELL,0.056268,88860.20,GTC,,0.056268,MAKER,88860.2,0.0,['1.00000000 USDT'],FILLED,False,False,False,,NO_TRIGGER,,NO_CONTINGENCY,,,,,,,,303444f8-72e9-4c36-bbf7-ec3918832541,2025-12-21 17:10:00+00:00,2025-12-22 00:05:00+00:00
TESTER-001,SRGridStrategyUser-000,BTC/USDT.SIM,SIM-1-1317,BTC/USDT.SIM-SRGridStrategyUser-000,SIM-001,T-3364c189a096ac4c-152206,LIMIT,SELL,0.056410,88636.56,GTC,,0.056410,MAKER,88636.56,0.0,['1.00000000 USDT'],FILLED,False,False,False,,NO_TRIGGER,,NO_CONTINGENCY,,,,,,,,8b8b8e7a-1c47-4675-bc87-6f1d99f410ca,2025-12-21 18:00:00+00:00,2025-12-21 23:00:00+00:00
TESTER-001,SRGridStrategyUser-000,BTC/USDT.SIM,SIM-1-1318,BTC/USDT.SIM-SRGridStrategyUser-000,SIM-001,T-099c333dd0c0b806-152258,LIMIT,SELL,0.056268,88860.20,GTC,,0.056268,MAKER,88860.2,0.0,['1.00000000 USDT'],FILLED,False,False,False,,NO_TRIGGER,,NO_CONTINGENCY,,,,,,,,ca26eacf-b9d1-4653-808e-525657440220,2025-12-21 18:00:00+00:00,2025-12-22 00:05:00+00:00
TESTER-001,SRGridStrategyUser-000,BTC/USDT.SIM,SIM-1-1319,BTC/USDT.SIM-SRGridStrategyUser-000,SIM-001,T-3364c189a096ac4c-152207,LIMIT,SELL,0.056410,88636.56,GTC,,0.056410,MAKER,88636.56,0.0,['1.00000000 USDT'],FILLED,False,False,False,,NO_TRIGGER,,NO_CONTINGENCY,,,,,,,,6309ae7c-db8a-44fc-9605-68910ca84a96,2025-12-21 18:10:00+00:00,2025-12-21 23:00:00+00:00
TESTER-001,SRGridStrategyUser-000,BTC/USDT.SIM,SIM-1-1320,BTC/USDT.SIM-SRGridStrategyUser-000,SIM-001,T-099c333dd0c0b806-152259,LIMIT,SELL,0.056268,88860.20,GTC,,0.056268,MAKER,88860.2,0.0,['1.00000000 USDT'],FILLED,False,False,False,,NO_TRIGGER,,NO_CONTINGENCY,,,,,,,,712e0c08-730a-4b8d-aaab-8c5d3cf32883,2025-12-21 18:10:00+00:00,2025-12-22 00:05:00+00:00
TESTER-001,SRGridStrategyUser-000,BTC/USDT.SIM,SIM-1-1321,BTC/USDT.SIM-SRGridStrategyUser-000,SIM-001,T-f5b4e95104d66f0c-153145,LIMIT,BUY,0.056278,88844.86,GTC,,0.056278,MAKER,88844.86,0.0,['1.00000000 USDT'],FILLED,False,False,False,,NO_TRIGGER,,NO_CONTINGENCY,,,,,,,,5ee4446b-35a4-44eb-a16b-b85093f21f63,2025-12-22 09:10:00+00:00,2025-12-22 19:00:00+00:00
TESTER-001,SRGridStrategyUser-000,BTC/USDT.SIM,SIM-1-1322,BTC/USDT.SIM-SRGridStrategyUser-000,SIM-001,T-1a9f52ef161b29ec-153172,LIMIT,BUY,0.056592,88352.11,GTC,,0.056592,MAKER,88352.11,0.0,['1.00000000 USDT'],FILLED,False,False,False,,NO_TRIGGER,,NO_CONTINGENCY,,,,,,,,82059b58-c6f3-4f21-980d-9e3ab4025b20,2025-12-22 09:10:00+00:00,2025-12-22 19:35:00+00:00
TESTER-001,SRGridStrategyUser-000,BTC/USDT.SIM,SIM-1-1323,BTC/USDT.SIM-SRGridStrategyUser-000,SIM-001,T-a572cee163a8aa4d-153468,LIMIT,BUY,0.056606,88330.26,GTC,,0.056606,MAKER,88330.26,0.0,['1.00000000 USDT'],FILLED,False,False,False,,NO_TRIGGER,,NO_CONTINGENCY,,,,,,,,af6d7189-ad13-4834-9d8c-2608d5dcd2cd,2025-12-23 01:10:00+00:00,2025-12-23 02:00:00+00:00
TESTER-001,SRGridStrategyUser-000,BTC/USDT.SIM,SIM-1-1324,BTC/USDT.SIM-SRGridStrategyUser-000,SIM-001,T-5b316be918e2dfbe-153521,LIMIT,BUY,0.056796,88033.92,GTC,,0.056796,MAKER,88033.92,0.0,['1.00000000 USDT'],FILLED,False,False,False,,NO_TRIGGER,,NO_CONTINGENCY,,,,,,,,cf801ecf-fdbf-4895-adbd-c4bf545d0f4c,2025-12-23 01:10:00+00:00,2025-12-23 03:05:00+00:00
TESTER-001,SRGridStrategyUser-000,BTC/USDT.SIM,SIM-1-1325,BTC/USDT.SIM-SRGridStrategyUser-000,SIM-001,T-943a2a2b0286e3d5-154206,LIMIT,BUY,0.057252,87333.09,GTC,,0.057252,MAKER,87333.09000000001,0.0,['1.00000000 USDT'],FILLED,False,False,False,,NO_TRIGGER,,NO_CONTINGENCY,,,,,,,,540cb5ee-5add-485d-83f8-db10cde876db,2025-12-23 17:10:00+00:00,2025-12-23 17:55:00+00:00
TESTER-001,SRGridStrategyUser-000,BTC/USDT.SIM,SIM-1-1326,BTC/USDT.SIM-SRGridStrategyUser-000,SIM-001,T-773b61890da66c13-154757,LIMIT,BUY,0.057606,86796.69,GTC,,0.057606,MAKER,86796.69,0.0,['1.00000000 USDT'],FILLED,False,False,False,,NO_TRIGGER,,NO_CONTINGENCY,,,,,,,,ad079abf-718b-4d88-b7b4-292dd02eddf0,2025-12-23 17:10:00+00:00,2025-12-24 05:45:00+00:00
TESTER-001,SRGridStrategyUser-000,BTC/USDT.SIM,SIM-1-1333,BTC/USDT.SIM-SRGridStrategyUser-000,SIM-001,T-a674799ec31d3e08-155170,LIMIT,BUY,0.057712,86637.11,GTC,,0.057712,MAKER,86637.11,0.0,['1.00000000 USDT'],FILLED,False,False,False,,NO_TRIGGER,,NO_CONTINGENCY,,,,,,,,e644193e-798c-4b63-815d-81f1a47d1a4a,2025-12-24 09:10:00+00:00,2025-12-24 14:35:00+00:00
TESTER-001,SRGridStrategyUser-000,BTC/USDT.SIM,SIM-1-1335,BTC/USDT.SIM-SRGridStrategyUser-000,SIM-001,T-e3b33b1f5b462e25-154971,LIMIT,SELL,0.057395,87116.33,GTC,,0.057395,MAKER,87116.33,0.0,['1.00000000 USDT'],FILLED,False,False,False,,NO_TRIGGER,,NO_CONTINGENCY,,,,,,,,b4949b79-82dc-4c99-b69d-19673b5bb36a,2025-12-24 09:10:00+00:00,2025-12-24 10:20:00+00:00
TESTER-001,SRGridStrategyUser-000,BTC/USDT.SIM,SIM-1-1336,BTC/USDT.SIM-SRGridStrategyUser-000,SIM-001,T-8eb3814f711de687-155017,LIMIT,SELL,0.057237,87355.94,GTC,,0.057237,MAKER,87355.94,0.0,['1.00000000 USDT'],FILLED,False,False,False,,NO_TRIGGER,,NO_CONTINGENCY,,,,,,,,9ebf6513-853d-43ad-a427-61f11012a2ce,2025-12-24 09:10:00+00:00,2025-12-24 11:20:00+00:00
TESTER-001,SRGridStrategyUser-000,BTC/USDT.SIM,SIM-1-1337,BTC/USDT.SIM-SRGridStrategyUser-000,SIM-001,T-a674799ec31d3e08-155171,LIMIT,BUY,0.057712,86637.11,GTC,,0.057712,MAKER,86637.11,0.0,['1.00000000 USDT'],FILLED,False,False,False,,NO_TRIGGER,,NO_CONTINGENCY,,,,,,,,1f9a3c23-504e-426b-ab81-bce9afb866d0,2025-12-24 10:20:00+00:00,2025-12-24 14:35:00+00:00
TESTER-001,SRGridStrategyUser-000,BTC/USDT.SIM,SIM-1-1339,BTC/USDT.SIM-SRGridStrategyUser-000,SIM-001,T-a674799ec31d3e08-155172,LIMIT,BUY,0.057712,86637.11,GTC,,0.057712,MAKER,86637.11,0.0,['1.00000000 USDT'],FILLED,False,False,False,,NO_TRIGGER,,NO_CONTINGENCY,,,,,,,,5ad16cd2-b1b0-4a7d-9f04-2e94fbae24c4,2025-12-24 11:20:00+00:00,2025-12-24 14:35:00+00:00
TESTER-001,SRGridStrategyUser-000,BTC/USDT.SIM,SIM-1-1341,BTC/USDT.SIM-SRGridStrategyUser-000,SIM-001,T-b9e32c2adb987042-155989,LIMIT,BUY,0.057173,87454.13,GTC,,0.057173,MAKER,87454.13,0.0,['1.00000000 USDT'],FILLED,False,False,False,,NO_TRIGGER,,NO_CONTINGENCY,,,,,,,,32cc1b16-7ec6-4350-80f6-ff8b7c997f2e,2025-12-25 01:10:00+00:00,2025-12-25 08:20:00+00:00
TESTER-001,SRGridStrategyUser-000,BTC/USDT.SIM,SIM-1-1343,BTC/USDT.SIM-SRGridStrategyUser-000,SIM-001,T-9c7cbb0c859bd64f-155735,LIMIT,SELL,0.056905,87865.87,GTC,,0.056905,MAKER,87865.87,0.0,['1.00000000 USDT'],FILLED,False,False,False,,NO_TRIGGER,,NO_CONTINGENCY,,,,,,,,926e2982-dac7-4ebe-b453-1842f6e9a747,2025-12-25 01:10:00+00:00,2025-12-25 02:40:00+00:00
TESTER-001,SRGridStrategyUser-000,BTC/USDT.SIM,SIM-1-1344,BTC/USDT.SIM-SRGridStrategyUser-000,SIM-001,T-0e0f945039fa201c-156314,LIMIT,SELL,0.056772,88071.75,GTC,,0.056772,MAKER,88071.75,0.0,['1.00000000 USDT'],FILLED,False,False,False,,NO_TRIGGER,,NO_CONTINGENCY,,,,,,,,64aafa7f-e551-490e-b2dc-871ec6eab361,2025-12-25 01:10:00+00:00,2025-12-25 15:25:00+00:00
TESTER-001,SRGridStrategyUser-000,BTC/USDT.SIM,SIM-1-1345,BTC/USDT.SIM-SRGridStrategyUser-000,SIM-001,T-b9e32c2adb987042-155990,LIMIT,BUY,0.057173,87454.13,GTC,,0.057173,MAKER,87454.13,0.0,['1.00000000 USDT'],FILLED,False,False,False,,NO_TRIGGER,,NO_CONTINGENCY,,,,,,,,13579b69-08c7-4a74-9e75-3ae54cba60b1,2025-12-25 02:40:00+00:00,2025-12-25 08:20:00+00:00
TESTER-001,SRGridStrategyUser-000,BTC/USDT.SIM,SIM-1-1347,BTC/USDT.SIM-SRGridStrategyUser-000,SIM-001,T-0e0f945039fa201c-156315,LIMIT,SELL,0.056772,88071.75,GTC,,0.056772,MAKER,88071.75,0.0,['1.00000000 USDT'],FILLED,False,False,False,,NO_TRIGGER,,NO_CONTINGENCY,,,,,,,,31e0e4c5-bfbb-4d2b-ad3f-c7dc5c11d93b,2025-12-25 08:20:00+00:00,2025-12-25 15:25:00+00:00
TESTER-001,SRGridStrategyUser-000,BTC/USDT.SIM,SIM-1-1349,BTC/USDT.SIM-SRGridStrategyUser-000,SIM-001,T-6d2df032b23553ec-156547,LIMIT,BUY,0.057004,87712.69,GTC,,0.057004,MAKER,87712.69,0.0,['1.00000000 USDT'],FILLED,False,False,False,,NO_TRIGGER,,NO_CONTINGENCY,,,,,,,,aa12b846-db95-4ec0-8e27-566da94e6cfa,2025-12-25 17:10:00+00:00,2025-12-25 20:25:00+00:00
TESTER-001,SRGridStrategyUser-000,BTC/USDT.SIM,SIM-1-1350,BTC/USDT.SIM-SRGridStrategyUser-000,SIM-001,T-e0460c439204068b-156656,LIMIT,BUY,0.057219,87383.52,GTC,,0.057219,MAKER,87383.52,0.0,['1.00000000 USDT'],FILLED,False,False,False,,NO_TRIGGER,,NO_CONTINGENCY,,,,,,,,0862af42-4b0a-4fd3-9f0c-a047d4dda82f,2025-12-25 17:10:00+00:00,2025-12-25 22:45:00+00:00
TESTER-001,SRGridStrategyUser-000,BTC/USDT.SIM,SIM-1-1351,BTC/USDT.SIM-SRGridStrategyUser-000,SIM-001,T-fdfe8661d3d465ad-156821,LIMIT,SELL,0.056580,88371.03,GTC,,0.056580,MAKER,88371.03,0.0,['1.00000000 USDT'],FILLED,False,False,False,,NO_TRIGGER,,NO_CONTINGENCY,,,,,,,,111823cb-73ef-4bcb-9e3c-8b578ae4a2be,2025-12-25 17:10:00+00:00,2025-12-26 02:15:00+00:00
TESTER-001,SRGridStrategyUser-000,BTC/USDT.SIM,SIM-1-1352,BTC/USDT.SIM-SRGridStrategyUser-000,SIM-001,T-ac52ce0023987fba-156828,LIMIT,SELL,0.042682,88700.20,GTC,,0.042682,MAKER,88700.2,0.0,['0.76000000 USDT'],FILLED,False,False,False,,NO_TRIGGER,,NO_CONTINGENCY,,,,,,,,32de52b1-5936-4e0f-95d3-73dc2fbed98d,2025-12-25 17:10:00+00:00,2025-12-26 02:20:00+00:00
TESTER-001,SRGridStrategyUser-000,BTC/USDT.SIM,SIM-1-1353,BTC/USDT.SIM-SRGridStrategyUser-000,SIM-001,T-fdfe8661d3d465ad-156822,LIMIT,SELL,0.056580,88371.03,GTC,,0.056580,MAKER,88371.03,0.0,['1.00000000 USDT'],FILLED,False,False,False,,NO_TRIGGER,,NO_CONTINGENCY,,,,,,,,957726e8-9155-4f9b-b981-7d2f3b08d9d8,2025-12-25 20:25:00+00:00,2025-12-26 02:15:00+00:00
TESTER-001,SRGridStrategyUser-000,BTC/USDT.SIM,SIM-1-1354,BTC/USDT.SIM-SRGridStrategyUser-000,SIM-001,T-ac52ce0023987fba-156829,LIMIT,SELL,0.055395,88700.20,GTC,,0.055395,MAKER,88700.2,0.0,['0.98000000 USDT'],FILLED,False,False,False,,NO_TRIGGER,,NO_CONTINGENCY,,,,,,,,9833ed74-d33f-474b-99ef-0bceb1bc79ea,2025-12-25 20:25:00+00:00,2025-12-26 02:20:00+00:00
TESTER-001,SRGridStrategyUser-000,BTC/USDT.SIM,SIM-1-1355,BTC/USDT.SIM-SRGridStrategyUser-000,SIM-001,T-fdfe8661d3d465ad-156823,LIMIT,SELL,0.056580,88371.03,GTC,,0.056580,MAKER,88371.03,0.0,['1.00000000 USDT'],FILLED,False,False,False,,NO_TRIGGER,,NO_CONTINGENCY,,,,,,,,1b9e5a8c-4a64-459e-807d-73365d1130ba,2025-12-25 22:45:00+00:00,2025-12-26 02:15:00+00:00
TESTER-001,SRGridStrategyUser-000,BTC/USDT.SIM,SIM-1-1356,BTC/USDT.SIM-SRGridStrategyUser-000,SIM-001,T-ac52ce0023987fba-156830,LIMIT,SELL,0.056370,88700.20,GTC,,0.056370,MAKER,88700.2,0.0,['1.00000000 USDT'],FILLED,False,False,False,,NO_TRIGGER,,NO_CONTINGENCY,,,,,,,,7ce4ff59-f1d3-40ee-aca0-e26dcd75bd07,2025-12-25 22:45:00+00:00,2025-12-26 02:20:00+00:00
TESTER-001,SRGridStrategyUser-000,BTC/USDT.SIM,SIM-1-1357,BTC/USDT.SIM-SRGridStrategyUser-000,SIM-001,T-6a58cf8b0ac750fb-157402,LIMIT,BUY,0.056532,88445.13,GTC,,0.056532,MAKER,88445.13,0.0,['1.00000000 USDT'],FILLED,False,False,False,,NO_TRIGGER,,NO_CONTINGENCY,,,,,,,,a562e143-0a42-43e1-a983-3a1249245821,2025-12-26 09:10:00+00:00,2025-12-26 14:40:00+00:00
TESTER-001,SRGridStrategyUser-000,BTC/USDT.SIM,SIM-1-1358,BTC/USDT.SIM-SRGridStrategyUser-000,SIM-001,T-06acccd5fd79f662-157407,LIMIT,BUY,0.056684,88207.77,GTC,,0.056684,MAKER,88207.77,0.0,['1.00000000 USDT'],FILLED,False,False,False,,NO_TRIGGER,,NO_CONTINGENCY,,,,,,,,33299296-cef3-4eef-b342-40d14c027829,2025-12-26 09:10:00+00:00,2025-12-26 14:45:00+00:00
TESTER-001,SRGridStrategyUser-000,BTC/USDT.SIM,SIM-1-1361,BTC/USDT.SIM-SRGridStrategyUser-000,SIM-001,T-b436d391ac187bee-157913,LIMIT,SELL,0.057150,87489.19,GTC,,0.057150,MAKER,87489.19,0.0,['1.00000000 USDT'],FILLED,False,False,False,,NO_TRIGGER,,NO_CONTINGENCY,,,,,,,,a958f85d-dbf8-498c-b5e8-a3c4bf05d269,2025-12-27 01:10:00+00:00,2025-12-27 01:35:00+00:00
TESTER-001,SRGridStrategyUser-000,BTC/USDT.SIM,SIM-1-1362,BTC/USDT.SIM-SRGridStrategyUser-000,SIM-001,T-1e5480db4bdc98ba-158171,LIMIT,SELL,0.057088,87583.47,GTC,,0.057088,MAKER,87583.47,0.0,['1.00000000 USDT'],FILLED,False,False,False,,NO_TRIGGER,,NO_CONTINGENCY,,,,,,,,66459bad-c16e-4233-acfd-6cdd2de4dd08,2025-12-27 01:10:00+00:00,2025-12-27 07:20:00+00:00
TESTER-001,SRGridStrategyUser-000,BTC/USDT.SIM,SIM-1-1369,BTC/USDT.SIM-SRGridStrategyUser-000,SIM-001,T-a16dba388ef42111-159308,LIMIT,BUY,0.056966,87771.20,GTC,,0.056966,MAKER,87771.2,0.0,['1.00000000 USDT'],FILLED,False,False,False,,NO_TRIGGER,,NO_CONTINGENCY,,,,,,,,eab70fa5-ec01-445f-b717-68121e280c42,2025-12-28 09:10:00+00:00,2025-12-28 09:35:00+00:00
TESTER-001,SRGridStrategyUser-000,BTC/USDT.SIM,SIM-1-1370,BTC/USDT.SIM-SRGridStrategyUser-000,SIM-001,T-8d920c0e9c992237-159688,LIMIT,BUY,0.057030,87673.15,GTC,,0.057030,MAKER,87673.15,0.0,['1.00000000 USDT'],FILLED,False,False,False,,NO_TRIGGER,,NO_CONTINGENCY,,,,,,,,32756a0b-b3b1-447d-8606-ab3f297c0378,2025-12-28 09:10:00+00:00,2025-12-28 18:00:00+00:00
TESTER-001,SRGridStrategyUser-000,BTC/USDT.SIM,SIM-1-1371,BTC/USDT.SIM-SRGridStrategyUser-000,SIM-001,T-5e72b3e648b55c55-159346,LIMIT,SELL,0.056839,87967.30,GTC,,0.056839,MAKER,87967.3,0.0,['1.00000000 USDT'],FILLED,False,False,False,,NO_TRIGGER,,NO_CONTINGENCY,,,,,,,,7fc17bd0-db66-4bf6-868a-e5cc12a56870,2025-12-28 09:10:00+00:00,2025-12-28 10:25:00+00:00
TESTER-001,SRGridStrategyUser-000,BTC/USDT.SIM,SIM-1-1372,BTC/USDT.SIM-SRGridStrategyUser-000,SIM-001,T-0a65c7234a568a9a-159540,LIMIT,SELL,0.056776,88065.35,GTC,,0.056776,MAKER,88065.35,0.0,['1.00000000 USDT'],FILLED,False,False,False,,NO_TRIGGER,,NO_CONTINGENCY,,,,,,,,f5d40bb2-f0ec-4c3b-a89c-ac7cc28a7c35,2025-12-28 09:10:00+00:00,2025-12-28 14:40:00+00:00
TESTER-001,SRGridStrategyUser-000,BTC/USDT.SIM,SIM-1-1373,BTC/USDT.SIM-SRGridStrategyUser-000,SIM-001,T-5e72b3e648b55c55-159347,LIMIT,SELL,0.056839,87967.30,GTC,,0.056839,MAKER,87967.3,0.0,['1.00000000 USDT'],FILLED,False,False,False,,NO_TRIGGER,,NO_CONTINGENCY,,,,,,,,609c8d67-6ff4-42d1-8e62-0c98f5fba150,2025-12-28 09:35:00+00:00,2025-12-28 10:25:00+00:00
TESTER-001,SRGridStrategyUser-000,BTC/USDT.SIM,SIM-1-1374,BTC/USDT.SIM-SRGridStrategyUser-000,SIM-001,T-0a65c7234a568a9a-159541,LIMIT,SELL,0.056776,88065.35,GTC,,0.056776,MAKER,88065.35,0.0,['1.00000000 USDT'],FILLED,False,False,False,,NO_TRIGGER,,NO_CONTINGENCY,,,,,,,,308401e8-b95d-49a2-ab07-c18ac087787c,2025-12-28 09:35:00+00:00,2025-12-28 14:40:00+00:00
TESTER-001,SRGridStrategyUser-000,BTC/USDT.SIM,SIM-1-1375,BTC/USDT.SIM-SRGridStrategyUser-000,SIM-001,T-8d920c0e9c992237-159689,LIMIT,BUY,0.057030,87673.15,GTC,,0.057030,MAKER,87673.15,0.0,['1.00000000 USDT'],FILLED,False,False,False,,NO_TRIGGER,,NO_CONTINGENCY,,,,,,,,36d94dd5-6a8b-459a-9f3c-b9de9db26279,2025-12-28 10:25:00+00:00,2025-12-28 18:00:00+00:00
TESTER-001,SRGridStrategyUser-000,BTC/USDT.SIM,SIM-1-1376,BTC/USDT.SIM-SRGridStrategyUser-000,SIM-001,T-8d920c0e9c992237-159690,LIMIT,BUY,0.057030,87673.15,GTC,,0.057030,MAKER,87673.15,0.0,['1.00000000 USDT'],FILLED,False,False,False,,NO_TRIGGER,,NO_CONTINGENCY,,,,,,,,ea16454e-b1d8-4d66-9cd0-cd9d10cc8acb,2025-12-28 14:40:00+00:00,2025-12-28 18:00:00+00:00
TESTER-001,SRGridStrategyUser-000,BTC/USDT.SIM,SIM-1-1377,BTC/USDT.SIM-SRGridStrategyUser-000,SIM-001,T-69a83423f42824db-160466,LIMIT,BUY,0.057012,87701.57,GTC,,0.057012,MAKER,87701.57,0.0,['1.00000000 USDT'],FILLED,False,False,False,,NO_TRIGGER,,NO_CONTINGENCY,,,,,,,,a51a462d-2b55-4687-aead-d6c0d049e1c8,2025-12-29 01:10:00+00:00,2025-12-29 10:55:00+00:00
TESTER-001,SRGridStrategyUser-000,BTC/USDT.SIM,SIM-1-1378,BTC/USDT.SIM-SRGridStrategyUser-000,SIM-001,T-a0c9391c1cd53993-160522,LIMIT,BUY,0.057249,87338.34,GTC,,0.057249,MAKER,87338.34,0.0,['1.00000000 USDT'],FILLED,False,False,False,,NO_TRIGGER,,NO_CONTINGENCY,,,,,,,,39fc0bdd-c7f3-4cb9-a3b9-2fdb770cb152,2025-12-29 01:10:00+00:00,2025-12-29 12:05:00+00:00
TESTER-001,SRGridStrategyUser-000,BTC/USDT.SIM,SIM-1-1379,BTC/USDT.SIM-SRGridStrategyUser-000,SIM-001,T-ea17eb7f154ae877-160924,LIMIT,BUY,0.057296,87266.07,GTC,,0.057296,MAKER,87266.07,0.0,['1.00000000 USDT'],FILLED,False,False,False,,NO_TRIGGER,,NO_CONTINGENCY,,,,,,,,68cf229c-2be3-474c-bac6-30c68a58101d,2025-12-29 17:10:00+00:00,2025-12-29 20:35:00+00:00
TESTER-001,SRGridStrategyUser-000,BTC/USDT.SIM,SIM-1-1380,BTC/USDT.SIM-SRGridStrategyUser-000,SIM-001,T-c4d4f2aedc9468dd-161225,LIMIT,BUY,0.057527,86916.39,GTC,,0.057527,MAKER,86916.39,0.0,['1.00000000 USDT'],FILLED,False,False,False,,NO_TRIGGER,,NO_CONTINGENCY,,,,,,,,024d243d-0ded-4edb-9ddb-df5b6aca7ec4,2025-12-29 17:10:00+00:00,2025-12-30 03:10:00+00:00
TESTER-001,SRGridStrategyUser-000,BTC/USDT.SIM,SIM-1-1381,BTC/USDT.SIM-SRGridStrategyUser-000,SIM-001,T-b372edf785a8786d-160802,LIMIT,SELL,0.056841,87965.41,GTC,,0.056841,MAKER,87965.41,0.0,['1.00000000 USDT'],FILLED,False,False,False,,NO_TRIGGER,,NO_CONTINGENCY,,,,,,,,9e4475e6-003a-4822-bcdd-cbf2ac30a498,2025-12-29 17:10:00+00:00,2025-12-29 18:00:00+00:00
TESTER-001,SRGridStrategyUser-000,BTC/USDT.SIM,SIM-1-1383,BTC/USDT.SIM-SRGridStrategyUser-000,SIM-001,T-ea17eb7f154ae877-160925,LIMIT,BUY,0.057296,87266.07,GTC,,0.057296,MAKER,87266.07,0.0,['1.00000000 USDT'],FILLED,False,False,False,,NO_TRIGGER,,NO_CONTINGENCY,,,,,,,,2f9d09fe-6c82-47bf-b03e-1d6fd34c2412,2025-12-29 18:00:00+00:00,2025-12-29 20:35:00+00:00
TESTER-001,SRGridStrategyUser-000,BTC/USDT.SIM,SIM-1-1384,BTC/USDT.SIM-SRGridStrategyUser-000,SIM-001,T-c4d4f2aedc9468dd-161226,LIMIT,BUY,0.057527,86916.39,GTC,,0.057527,MAKER,86916.39,0.0,['1.00000000 USDT'],FILLED,False,False,False,,NO_TRIGGER,,NO_CONTINGENCY,,,,,,,,56aab891-f460-4341-9560-49769db8d283,2025-12-29 18:00:00+00:00,2025-12-30 03:10:00+00:00
TESTER-001,SRGridStrategyUser-000,BTC/USDT.SIM,SIM-1-1389,BTC/USDT.SIM-SRGridStrategyUser-000,SIM-001,T-60f763f5e4c5915a-161737,LIMIT,SELL,0.056696,88189.74,GTC,,0.056696,MAKER,88189.74,0.0,['1.00000000 USDT'],FILLED,False,False,False,,NO_TRIGGER,,NO_CONTINGENCY,,,,,,,,4a3cc02d-2a47-4ab8-817b-8a0a7c4f66a3,2025-12-30 09:10:00+00:00,2025-12-30 14:15:00+00:00
TESTER-001,SRGridStrategyUser-000,BTC/USDT.SIM,SIM-1-1390,BTC/USDT.SIM-SRGridStrategyUser-000,SIM-001,T-95c2c8f85b29ab77-161765,LIMIT,SELL,0.048985,88573.60,GTC,,0.048985,MAKER,88573.6,0.0,['0.87000000 USDT'],FILLED,False,False,False,,NO_TRIGGER,,NO_CONTINGENCY,,,,,,,,ae98d23b-38f8-4744-a873-bbd130dc0602,2025-12-30 09:10:00+00:00,2025-12-30 14:50:00+00:00
TESTER-001,SRGridStrategyUser-000,BTC/USDT.SIM,SIM-1-1395,BTC/USDT.SIM-SRGridStrategyUser-000,SIM-001,T-ce4dbb66100b8612-162884,LIMIT,BUY,0.056748,88108.79,GTC,,0.056748,MAKER,88108.79000000001,0.0,['1.00000000 USDT'],FILLED,False,False,False,,NO_TRIGGER,,NO_CONTINGENCY,,,,,,,,7482918f-8e64-47b6-b669-cbf5c88b2945,2025-12-31 01:10:00+00:00,2025-12-31 15:10:00+00:00
TESTER-001,SRGridStrategyUser-000,BTC/USDT.SIM,SIM-1-1396,BTC/USDT.SIM-SRGridStrategyUser-000,SIM-001,T-5f9966456424eb0d-162902,LIMIT,BUY,0.056877,87909.05,GTC,,0.056877,MAKER,87909.05,0.0,['1.00000000 USDT'],FILLED,False,False,False,,NO_TRIGGER,,NO_CONTINGENCY,,,,,,,,a30dcc81-530a-4879-931c-46f0a087a265,2025-12-31 01:10:00+00:00,2025-12-31 15:30:00+00:00
TESTER-001,SRGridStrategyUser-000,BTC/USDT.SIM,SIM-1-1397,BTC/USDT.SIM-SRGridStrategyUser-000,SIM-001,T-4176328c017d99a5-162247,LIMIT,SELL,0.056492,88508.25,GTC,,0.056492,MAKER,88508.25,0.0,['1.00000000 USDT'],FILLED,False,False,False,,NO_TRIGGER,,NO_CONTINGENCY,,,,,,,,5fbb09c1-2ddf-46cf-8f35-27f76973e943,2025-12-31 01:10:00+00:00,2025-12-31 01:15:00+00:00
TESTER-001,SRGridStrategyUser-000,BTC/USDT.SIM,SIM-1-1398,BTC/USDT.SIM-SRGridStrategyUser-000,SIM-001,T-cb97a2dd46b1fae1-162259,LIMIT,SELL,0.056365,88707.99,GTC,,0.056365,MAKER,88707.99,0.0,['1.00000000 USDT'],FILLED,False,False,False,,NO_TRIGGER,,NO_CONTINGENCY,,,,,,,,29534a55-4434-4eb2-8e65-42cbac9c70c5,2025-12-31 01:10:00+00:00,2025-12-31 01:30:00+00:00
TESTER-001,SRGridStrategyUser-000,BTC/USDT.SIM,SIM-1-1399,BTC/USDT.SIM-SRGridStrategyUser-000,SIM-001,T-ce4dbb66100b8612-162885,LIMIT,BUY,0.056748,88108.79,GTC,,0.056748,MAKER,88108.79000000001,0.0,['1.00000000 USDT'],FILLED,False,False,False,,NO_TRIGGER,,NO_CONTINGENCY,,,,,,,,655a02f0-0085-46c1-971b-3880a7ade95c,2025-12-31 01:15:00+00:00,2025-12-31 15:10:00+00:00
TESTER-001,SRGridStrategyUser-000,BTC/USDT.SIM,SIM-1-1400,BTC/USDT.SIM-SRGridStrategyUser-000,SIM-001,T-5f9966456424eb0d-162903,LIMIT,BUY,0.056877,87909.05,GTC,,0.056877,MAKER,87909.05,0.0,['1.00000000 USDT'],FILLED,False,False,False,,NO_TRIGGER,,NO_CONTINGENCY,,,,,,,,33a8cebb-cab5-4e8f-9105-86662ce9288d,2025-12-31 01:15:00+00:00,2025-12-31 15:30:00+00:00
TESTER-001,SRGridStrategyUser-000,BTC/USDT.SIM,SIM-1-1401,BTC/USDT.SIM-SRGridStrategyUser-000,SIM-001,T-ce4dbb66100b8612-162886,LIMIT,BUY,0.056748,88108.79,GTC,,0.056748,MAKER,88108.79000000001,0.0,['1.00000000 USDT'],FILLED,False,False,False,,NO_TRIGGER,,NO_CONTINGENCY,,,,,,,,f98eb869-746c-4166-b3b7-a7506f33e9ea,2025-12-31 01:30:00+00:00,2025-12-31 15:10:00+00:00
TESTER-001,SRGridStrategyUser-000,BTC/USDT.SIM,SIM-1-1402,BTC/USDT.SIM-SRGridStrategyUser-000,SIM-001,T-5f9966456424eb0d-162904,LIMIT,BUY,0.056877,87909.05,GTC,,0.056877,MAKER,87909.05,0.0,['1.00000000 USDT'],FILLED,False,False,False,,NO_TRIGGER,,NO_CONTINGENCY,,,,,,,,096d8a6f-6d66-4665-a541-011315dd8b6d,2025-12-31 01:30:00+00:00,2025-12-31 15:30:00+00:00
TESTER-001,SRGridStrategyUser-000,BTC/USDT.SIM,SIM-1-1405,BTC/USDT.SIM-SRGridStrategyUser-000,SIM-001,T-d7292a0ede9b692c-163039,LIMIT,SELL,0.056847,87954.82,GTC,,0.056847,MAKER,87954.81999999999,0.0,['1.00000000 USDT'],FILLED,False,False,False,,NO_TRIGGER,,NO_CONTINGENCY,,,,,,,,7859b417-67a2-4f53-b4d8-8e3c54e305c2,2025-12-31 17:10:00+00:00,2025-12-31 18:25:00+00:00
TESTER-001,SRGridStrategyUser-000,BTC/USDT.SIM,SIM-1-1411,BTC/USDT.SIM-SRGridStrategyUser-000,SIM-001,T-92fd3ae928880c4d-163700,LIMIT,SELL,0.056850,87950.69,GTC,,0.056850,MAKER,87950.69,0.0,['1.00000000 USDT'],FILLED,False,False,False,,NO_TRIGGER,,NO_CONTINGENCY,,,,,,,,3da48d7f-09b8-420c-92e4-724eca81107a,2026-01-01 09:10:00+00:00,2026-01-01 09:15:00+00:00
TESTER-001,SRGridStrategyUser-000,BTC/USDT.SIM,SIM-1-1412,BTC/USDT.SIM-SRGridStrategyUser-000,SIM-001,T-12e9d4467440770a-163966,LIMIT,SELL,0.056785,88052.12,GTC,,0.056785,MAKER,88052.12000000001,0.0,['1.00000000 USDT'],FILLED,False,False,False,,NO_TRIGGER,,NO_CONTINGENCY,,,,,,,,7eb85fb6-a2f8-4b79-bcb9-5f6eb13b30b0,2026-01-01 09:10:00+00:00,2026-01-01 15:15:00+00:00
TESTER-001,SRGridStrategyUser-000,BTC/USDT.SIM,SIM-1-1417,BTC/USDT.SIM-SRGridStrategyUser-000,SIM-001,T-a667085233908e12-164465,LIMIT,BUY,0.056491,88508.91,GTC,,0.056491,MAKER,88508.90999999999,0.0,['1.00000000 USDT'],FILLED,False,False,False,,NO_TRIGGER,,NO_CONTINGENCY,,,,,,,,c07e0ef3-7758-45d3-aab6-00af04db0c10,2026-01-02 01:10:00+00:00,2026-01-02 02:05:00+00:00
TESTER-001,SRGridStrategyUser-000,BTC/USDT.SIM,SIM-1-1419,BTC/USDT.SIM-SRGridStrategyUser-000,SIM-001,T-0b239b0406a46384-164541,LIMIT,SELL,0.056173,89010.79,GTC,,0.056173,MAKER,89010.79000000001,0.0,['1.00000000 USDT'],FILLED,False,False,False,,NO_TRIGGER,,NO_CONTINGENCY,,,,,,,,779e0cba-d63f-4d5e-873a-69e270a01dfa,2026-01-02 01:10:00+00:00,2026-01-02 03:40:00+00:00
TESTER-001,SRGridStrategyUser-000,BTC/USDT.SIM,SIM-1-1420,BTC/USDT.SIM-SRGridStrategyUser-000,SIM-001,T-5378c40857209a50-164801,LIMIT,SELL,0.022239,89261.73,GTC,,0.022239,MAKER,89261.73000000001,0.0,['0.40000000 USDT'],FILLED,False,False,False,,NO_TRIGGER,,NO_CONTINGENCY,,,,,,,,ba091aee-1734-4cb0-afc9-d043c1168f0d,2026-01-02 01:10:00+00:00,2026-01-02 09:10:00+00:00
TESTER-001,SRGridStrategyUser-000,BTC/USDT.SIM,SIM-1-1421,BTC/USDT.SIM-SRGridStrategyUser-000,SIM-001,T-0b239b0406a46384-164542,LIMIT,SELL,0.056173,89010.79,GTC,,0.056173,MAKER,89010.79000000001,0.0,['1.00000000 USDT'],FILLED,False,False,False,,NO_TRIGGER,,NO_CONTINGENCY,,,,,,,,ba8a8936-4b0c-439b-975b-8860c3e2650b,2026-01-02 02:05:00+00:00,2026-01-02 03:40:00+00:00
TESTER-001,SRGridStrategyUser-000,BTC/USDT.SIM,SIM-1-1422,BTC/USDT.SIM-SRGridStrategyUser-000,SIM-001,T-5378c40857209a50-164802,LIMIT,SELL,0.029356,89261.73,GTC,,0.029356,MAKER,89261.73000000001,0.0,['0.52000000 USDT'],FILLED,False,False,False,,NO_TRIGGER,,NO_CONTINGENCY,,,,,,,,79828ae2-cf06-4405-bfff-d5623caeb40e,2026-01-02 02:05:00+00:00,2026-01-02 09:10:00+00:00
TESTER-001,SRGridStrategyUser-000,BTC/USDT.SIM,SIM-1-1425,BTC/USDT.SIM-SRGridStrategyUser-000,SIM-001,T-d147ab845aef345c-165265,LIMIT,BUY,0.055732,89714.40,GTC,,0.055732,MAKER,89714.4,0.0,['1.00000000 USDT'],FILLED,False,False,False,,NO_TRIGGER,,NO_CONTINGENCY,,,,,,,,db2b91e5-9951-4c5c-84bf-0999abb6216f,2026-01-02 17:10:00+00:00,2026-01-02 18:50:00+00:00
TESTER-001,SRGridStrategyUser-000,BTC/USDT.SIM,SIM-1-1433,BTC/USDT.SIM-SRGridStrategyUser-000,SIM-001,T-dce565f93c9e1229-165935,LIMIT,SELL,0.055608,89915.18,GTC,,0.055608,MAKER,89915.18000000001,0.0,['1.00000000 USDT'],FILLED,False,False,False,,NO_TRIGGER,,NO_CONTINGENCY,,,,,,,,b9fa9fcd-e859-4bc5-a4d5-c123419c403e,2026-01-03 09:10:00+00:00,2026-01-03 09:30:00+00:00
TESTER-001,SRGridStrategyUser-000,BTC/USDT.SIM,SIM-1-1434,BTC/USDT.SIM-SRGridStrategyUser-000,SIM-001,T-9c7be3f651200416-166154,LIMIT,SELL,0.055464,90147.78,GTC,,0.055464,MAKER,90147.78,0.0,['1.00000000 USDT'],FILLED,False,False,False,,NO_TRIGGER,,NO_CONTINGENCY,,,,,,,,9a051cd1-fc01-45fc-b1c0-201853b7d4a7,2026-01-03 09:10:00+00:00,2026-01-03 14:20:00+00:00
TESTER-001,SRGridStrategyUser-000,BTC/USDT.SIM,SIM-1-1441,BTC/USDT.SIM-SRGridStrategyUser-000,SIM-001,T-5dc51f5cf1ebb241-166877,LIMIT,SELL,0.054462,91807.94,GTC,,0.054462,MAKER,91807.94,0.0,['1.00000000 USDT'],FILLED,False,False,False,,NO_TRIGGER,,NO_CONTINGENCY,,,,,,,,032cb036-d65c-405c-81f8-e5b4e7a2f330,2026-01-04 01:10:00+00:00,2026-01-04 06:05:00+00:00
TESTER-001,SRGridStrategyUser-000,BTC/USDT.SIM,SIM-1-1445,BTC/USDT.SIM-SRGridStrategyUser-000,SIM-001,T-f3f216c792efbb30-167430,LIMIT,BUY,0.054830,91191.68,GTC,,0.054830,MAKER,91191.68,0.0,['1.00000000 USDT'],FILLED,False,False,False,,NO_TRIGGER,,NO_CONTINGENCY,,,,,,,,f4e6f78e-296c-45a4-809c-d76f0c2615cf,2026-01-04 17:10:00+00:00,2026-01-04 18:15:00+00:00
TESTER-001,SRGridStrategyUser-000,BTC/USDT.SIM,SIM-1-1446,BTC/USDT.SIM-SRGridStrategyUser-000,SIM-001,T-39ddee9b2e168d6f-167447,LIMIT,BUY,0.054925,91033.48,GTC,,0.054925,MAKER,91033.48,0.0,['1.00000000 USDT'],FILLED,False,False,False,,NO_TRIGGER,,NO_CONTINGENCY,,,,,,,,b8592b7b-8635-48ff-8019-d92a7d3633e9,2026-01-04 17:10:00+00:00,2026-01-04 18:35:00+00:00
TESTER-001,SRGridStrategyUser-000,BTC/USDT.SIM,SIM-1-1447,BTC/USDT.SIM-SRGridStrategyUser-000,SIM-001,T-6f13b5d8649f5134-167648,LIMIT,SELL,0.054640,91508.10,GTC,,0.054640,MAKER,91508.09999999999,0.0,['1.00000000 USDT'],FILLED,False,False,False,,NO_TRIGGER,,NO_CONTINGENCY,,,,,,,,47734b4e-7c82-404f-84eb-ec572221ec2a,2026-01-04 17:10:00+00:00,2026-01-04 23:00:00+00:00
TESTER-001,SRGridStrategyUser-000,BTC/USDT.SIM,SIM-1-1448,BTC/USDT.SIM-SRGridStrategyUser-000,SIM-001,T-264ab47535781681-167698,LIMIT,SELL,0.054546,91666.30,GTC,,0.054546,MAKER,91666.3,0.0,['1.00000000 USDT'],FILLED,False,False,False,,NO_TRIGGER,,NO_CONTINGENCY,,,,,,,,f7b7bc80-f114-472b-a66f-392baa10945f,2026-01-04 17:10:00+00:00,2026-01-05 00:00:00+00:00
TESTER-001,SRGridStrategyUser-000,BTC/USDT.SIM,SIM-1-1449,BTC/USDT.SIM-SRGridStrategyUser-000,SIM-001,T-6f13b5d8649f5134-167649,LIMIT,SELL,0.054640,91508.10,GTC,,0.054640,MAKER,91508.09999999999,0.0,['1.00000000 USDT'],FILLED,False,False,False,,NO_TRIGGER,,NO_CONTINGENCY,,,,,,,,34f4482b-cec7-4e5d-bbde-a1a957248e5a,2026-01-04 18:15:00+00:00,2026-01-04 23:00:00+00:00
TESTER-001,SRGridStrategyUser-000,BTC/USDT.SIM,SIM-1-1450,BTC/USDT.SIM-SRGridStrategyUser-000,SIM-001,T-264ab47535781681-167699,LIMIT,SELL,0.054546,91666.30,GTC,,0.054546,MAKER,91666.3,0.0,['1.00000000 USDT'],FILLED,False,False,False,,NO_TRIGGER,,NO_CONTINGENCY,,,,,,,,98a4774f-7caf-488a-8ff3-3f81f854dc47,2026-01-04 18:15:00+00:00,2026-01-05 00:00:00+00:00
TESTER-001,SRGridStrategyUser-000,BTC/USDT.SIM,SIM-1-1451,BTC/USDT.SIM-SRGridStrategyUser-000,SIM-001,T-6f13b5d8649f5134-167650,LIMIT,SELL,0.054640,91508.10,GTC,,0.054640,MAKER,91508.09999999999,0.0,['1.00000000 USDT'],FILLED,False,False,False,,NO_TRIGGER,,NO_CONTINGENCY,,,,,,,,947ca323-7eb8-432c-8439-0529eff4f3bc,2026-01-04 18:35:00+00:00,2026-01-04 23:00:00+00:00
TESTER-001,SRGridStrategyUser-000,BTC/USDT.SIM,SIM-1-1452,BTC/USDT.SIM-SRGridStrategyUser-000,SIM-001,T-264ab47535781681-167700,LIMIT,SELL,0.054546,91666.30,GTC,,0.054546,MAKER,91666.3,0.0,['1.00000000 USDT'],FILLED,False,False,False,,NO_TRIGGER,,NO_CONTINGENCY,,,,,,,,19c57cd9-9fe4-4ec4-be9c-30267b8257e9,2026-01-04 18:35:00+00:00,2026-01-05 00:00:00+00:00
TESTER-001,SRGridStrategyUser-000,BTC/USDT.SIM,SIM-1-1455,BTC/USDT.SIM-SRGridStrategyUser-000,SIM-001,T-eca4ddc9422d2a98-168931,LIMIT,BUY,0.053402,93629.48,GTC,,0.053402,MAKER,93629.48,0.0,['1.00000000 USDT'],FILLED,False,False,False,,NO_TRIGGER,,NO_CONTINGENCY,,,,,,,,01b60e63-75f1-4d2f-bf58-8235fe43172b,2026-01-06 01:10:00+00:00,2026-01-06 02:30:00+00:00
TESTER-001,SRGridStrategyUser-000,BTC/USDT.SIM,SIM-1-1456,BTC/USDT.SIM-SRGridStrategyUser-000,SIM-001,T-e33a2cfe92a0a52a-169155,LIMIT,BUY,0.053567,93341.65,GTC,,0.053567,MAKER,93341.65000000001,0.0,['1.00000000 USDT'],FILLED,False,False,False,,NO_TRIGGER,,NO_CONTINGENCY,,,,,,,,2dcf9c1c-ffc8-492c-a20b-66fbcc1e03fe,2026-01-06 01:10:00+00:00,2026-01-06 07:20:00+00:00
TESTER-001,SRGridStrategyUser-000,BTC/USDT.SIM,SIM-1-1457,BTC/USDT.SIM-SRGridStrategyUser-000,SIM-001,T-8130313f865afdda-169634,LIMIT,BUY,0.054318,92049.74,GTC,,0.054318,MAKER,92049.74,0.0,['1.00000000 USDT'],FILLED,False,False,False,,NO_TRIGGER,,NO_CONTINGENCY,,,,,,,,dd1874d9-ebaf-46ad-b8f6-d59b31411178,2026-01-06 17:10:00+00:00,2026-01-06 17:40:00+00:00
TESTER-001,SRGridStrategyUser-000,BTC/USDT.SIM,SIM-1-1458,BTC/USDT.SIM-SRGridStrategyUser-000,SIM-001,T-2dcac9d8a6dcf5b0-169650,LIMIT,BUY,0.010931,91482.93,GTC,,0.010931,MAKER,91482.93000000001,0.0,['0.20000000 USDT'],FILLED,False,False,False,,NO_TRIGGER,,NO_CONTINGENCY,,,,,,,,62d3da3c-607c-46b5-9ecd-4291dcf4c9a7,2026-01-06 17:10:00+00:00,2026-01-06 18:00:00+00:00
TESTER-001,SRGridStrategyUser-000,BTC/USDT.SIM,SIM-1-1459,BTC/USDT.SIM-SRGridStrategyUser-000,SIM-001,T-cfcf2385c6ece262-170360,LIMIT,BUY,0.054325,92038.67,GTC,,0.054325,MAKER,92038.67,0.0,['1.00000000 USDT'],FILLED,False,False,False,,NO_TRIGGER,,NO_CONTINGENCY,,,,,,,,5bb4536b-0fe1-4b9b-b56c-7ce048b3094f,2026-01-07 09:10:00+00:00,2026-01-07 09:20:00+00:00
TESTER-001,SRGridStrategyUser-000,BTC/USDT.SIM,SIM-1-1460,BTC/USDT.SIM-SRGridStrategyUser-000,SIM-001,T-a0770a7fb78538d4-170369,LIMIT,BUY,0.054472,91790.53,GTC,,0.054472,MAKER,91790.53,0.0,['1.00000000 USDT'],FILLED,False,False,False,,NO_TRIGGER,,NO_CONTINGENCY,,,,,,,,8a6edc39-e929-4ddf-978b-7fe8b69a076a,2026-01-07 09:10:00+00:00,2026-01-07 09:30:00+00:00
TESTER-001,SRGridStrategyUser-000,BTC/USDT.SIM,SIM-1-1461,BTC/USDT.SIM-SRGridStrategyUser-000,SIM-001,T-cd12cdd4138327fd-171155,LIMIT,BUY,0.054819,91208.52,GTC,,0.054819,MAKER,91208.51999999999,0.0,['1.00000000 USDT'],FILLED,False,False,False,,NO_TRIGGER,,NO_CONTINGENCY,,,,,,,,5332cb2c-8d87-4e0a-a06b-a9e11e1cd761,2026-01-08 01:10:00+00:00,2026-01-08 02:20:00+00:00
TESTER-001,SRGridStrategyUser-000,BTC/USDT.SIM,SIM-1-1462,BTC/USDT.SIM-SRGridStrategyUser-000,SIM-001,T-b68da7e265d6ba81-171168,LIMIT,BUY,0.054952,90987.94,GTC,,0.054952,MAKER,90987.94,0.0,['1.00000000 USDT'],FILLED,False,False,False,,NO_TRIGGER,,NO_CONTINGENCY,,,,,,,,88910a40-a515-488d-aeaa-49fd33dfbe0d,2026-01-08 01:10:00+00:00,2026-01-08 02:35:00+00:00
TESTER-001,SRGridStrategyUser-000,BTC/USDT.SIM,SIM-1-1463,BTC/USDT.SIM-SRGridStrategyUser-000,SIM-001,T-accadbafe92b0dda-171111,LIMIT,SELL,0.054556,91649.68,GTC,,0.054556,MAKER,91649.68,0.0,['1.00000000 USDT'],FILLED,False,False,False,,NO_TRIGGER,,NO_CONTINGENCY,,,,,,,,a0239627-9ca0-4c84-809f-d52bb3592c23,2026-01-08 01:10:00+00:00,2026-01-08 01:25:00+00:00
TESTER-001,SRGridStrategyUser-000,BTC/USDT.SIM,SIM-1-1465,BTC/USDT.SIM-SRGridStrategyUser-000,SIM-001,T-cd12cdd4138327fd-171156,LIMIT,BUY,0.054819,91208.52,GTC,,0.054819,MAKER,91208.51999999999,0.0,['1.00000000 USDT'],FILLED,False,False,False,,NO_TRIGGER,,NO_CONTINGENCY,,,,,,,,c20b9192-9ca0-400e-aee0-c7b9197a595a,2026-01-08 01:25:00+00:00,2026-01-08 02:20:00+00:00
TESTER-001,SRGridStrategyUser-000,BTC/USDT.SIM,SIM-1-1466,BTC/USDT.SIM-SRGridStrategyUser-000,SIM-001,T-b68da7e265d6ba81-171169,LIMIT,BUY,0.054952,90987.94,GTC,,0.054952,MAKER,90987.94,0.0,['1.00000000 USDT'],FILLED,False,False,False,,NO_TRIGGER,,NO_CONTINGENCY,,,,,,,,e8abea70-732f-4f2c-914e-d61a4b195c17,2026-01-08 01:25:00+00:00,2026-01-08 02:35:00+00:00
TESTER-001,SRGridStrategyUser-000,BTC/USDT.SIM,SIM-1-1469,BTC/USDT.SIM-SRGridStrategyUser-000,SIM-001,T-3dbaca50e85edb2a-171989,LIMIT,BUY,0.055196,90585.65,GTC,,0.055196,MAKER,90585.65000000001,0.0,['1.00000000 USDT'],FILLED,False,False,False,,NO_TRIGGER,,NO_CONTINGENCY,,,,,,,,7b94ee13-b690-4363-b16c-7d8bef9cef0a,2026-01-08 17:10:00+00:00,2026-01-08 20:05:00+00:00
TESTER-001,SRGridStrategyUser-000,BTC/USDT.SIM,SIM-1-1470,BTC/USDT.SIM-SRGridStrategyUser-000,SIM-001,T-83ba84879a68105a-172569,LIMIT,BUY,0.055520,90057.07,GTC,,0.055520,MAKER,90057.06999999999,0.0,['1.00000000 USDT'],FILLED,False,False,False,,NO_TRIGGER,,NO_CONTINGENCY,,,,,,,,13913b8c-b65c-4333-ae96-6db1ec485b56,2026-01-08 17:10:00+00:00,2026-01-09 08:45:00+00:00
TESTER-001,SRGridStrategyUser-000,BTC/USDT.SIM,SIM-1-1479,BTC/USDT.SIM-SRGridStrategyUser-000,SIM-001,T-1e77ad5a5c024476-172685,LIMIT,SELL,0.055154,90655.22,GTC,,0.055154,MAKER,90655.22,0.0,['1.00000000 USDT'],FILLED,False,False,False,,NO_TRIGGER,,NO_CONTINGENCY,,,,,,,,3e1f1d77-7cda-4f70-86b4-e19eac62c3f3,2026-01-09 09:10:00+00:00,2026-01-09 11:15:00+00:00
TESTER-001,SRGridStrategyUser-000,BTC/USDT.SIM,SIM-1-1480,BTC/USDT.SIM-SRGridStrategyUser-000,SIM-001,T-500846acc963082b-172883,LIMIT,SELL,0.054853,91152.35,GTC,,0.054853,MAKER,91152.34999999999,0.0,['1.00000000 USDT'],FILLED,False,False,False,,NO_TRIGGER,,NO_CONTINGENCY,,,,,,,,171f5750-ca50-4216-921d-339ffcf50725,2026-01-09 09:10:00+00:00,2026-01-09 15:25:00+00:00
TESTER-001,SRGridStrategyUser-000,BTC/USDT.SIM,SIM-1-1485,BTC/USDT.SIM-SRGridStrategyUser-000,SIM-001,T-99d7eecd4fc12575-173461,LIMIT,BUY,0.055224,90540.74,GTC,,0.055224,MAKER,90540.73999999999,0.0,['1.00000000 USDT'],FILLED,False,False,False,,NO_TRIGGER,,NO_CONTINGENCY,,,,,,,,c424dadf-6d93-4066-860f-00eb607c6b7c,2026-01-10 01:10:00+00:00,2026-01-10 04:05:00+00:00
TESTER-001,SRGridStrategyUser-000,BTC/USDT.SIM,SIM-1-1486,BTC/USDT.SIM-SRGridStrategyUser-000,SIM-001,T-05d7ab6bd682290d-173501,LIMIT,BUY,0.055289,90433.70,GTC,,0.055289,MAKER,90433.7,0.0,['1.00000000 USDT'],FILLED,False,False,False,,NO_TRIGGER,,NO_CONTINGENCY,,,,,,,,32e25bb4-1ebc-4073-b48d-b61c417c3e9a,2026-01-10 01:10:00+00:00,2026-01-10 04:55:00+00:00
TESTER-001,SRGridStrategyUser-000,BTC/USDT.SIM,SIM-1-1487,BTC/USDT.SIM-SRGridStrategyUser-000,SIM-001,T-4fca3d71e5b89534-173384,LIMIT,SELL,0.055093,90754.82,GTC,,0.055093,MAKER,90754.81999999999,0.0,['1.00000000 USDT'],FILLED,False,False,False,,NO_TRIGGER,,NO_CONTINGENCY,,,,,,,,9c25c862-af7c-4c28-b947-e19cbaebba33,2026-01-10 01:10:00+00:00,2026-01-10 02:20:00+00:00
TESTER-001,SRGridStrategyUser-000,BTC/USDT.SIM,SIM-1-1489,BTC/USDT.SIM-SRGridStrategyUser-000,SIM-001,T-99d7eecd4fc12575-173462,LIMIT,BUY,0.055224,90540.74,GTC,,0.055224,MAKER,90540.73999999999,0.0,['1.00000000 USDT'],FILLED,False,False,False,,NO_TRIGGER,,NO_CONTINGENCY,,,,,,,,1356da27-736b-4e64-a118-c816ed47264b,2026-01-10 02:20:00+00:00,2026-01-10 04:05:00+00:00
TESTER-001,SRGridStrategyUser-000,BTC/USDT.SIM,SIM-1-1490,BTC/USDT.SIM-SRGridStrategyUser-000,SIM-001,T-05d7ab6bd682290d-173502,LIMIT,BUY,0.055289,90433.70,GTC,,0.055289,MAKER,90433.7,0.0,['1.00000000 USDT'],FILLED,False,False,False,,NO_TRIGGER,,NO_CONTINGENCY,,,,,,,,312af92f-45b6-435f-baf9-71502afb0bce,2026-01-10 02:20:00+00:00,2026-01-10 04:55:00+00:00
TESTER-001,SRGridStrategyUser-000,BTC/USDT.SIM,SIM-1-1493,BTC/USDT.SIM-SRGridStrategyUser-000,SIM-001,T-eb38d2250c29ceed-174063,LIMIT,BUY,0.055149,90662.76,GTC,,0.055149,MAKER,90662.76,0.0,['1.00000000 USDT'],FILLED,False,False,False,,NO_TRIGGER,,NO_CONTINGENCY,,,,,,,,84a546f8-0a43-4c65-a511-ccd39dc8959f,2026-01-10 17:10:00+00:00,2026-01-10 17:45:00+00:00
TESTER-001,SRGridStrategyUser-000,BTC/USDT.SIM,SIM-1-1494,BTC/USDT.SIM-SRGridStrategyUser-000,SIM-001,T-eb38d2250c29ceed-174065,LIMIT,BUY,0.055185,90604.60,GTC,,0.055185,MAKER,90604.6,0.0,['1.00000000 USDT'],FILLED,False,False,False,,NO_TRIGGER,,NO_CONTINGENCY,,,,,,,,df6684b8-2660-41ce-b52e-5d409966521c,2026-01-10 17:10:00+00:00,2026-01-10 17:45:00+00:00
TESTER-001,SRGridStrategyUser-000,BTC/USDT.SIM,SIM-1-1495,BTC/USDT.SIM-SRGridStrategyUser-000,SIM-001,T-6f74fd13bd924971-174551,LIMIT,SELL,0.055079,90779.10,GTC,,0.055079,MAKER,90779.1,0.0,['1.00000000 USDT'],FILLED,False,False,False,,NO_TRIGGER,,NO_CONTINGENCY,,,,,,,,88450aa6-e7d1-446a-abbc-38084d527e18,2026-01-10 17:10:00+00:00,2026-01-11 04:55:00+00:00
TESTER-001,SRGridStrategyUser-000,BTC/USDT.SIM,SIM-1-1496,BTC/USDT.SIM-SRGridStrategyUser-000,SIM-001,T-56aae1470ad38e09-174589,LIMIT,SELL,0.055043,90837.26,GTC,,0.055043,MAKER,90837.26000000001,0.0,['1.00000000 USDT'],FILLED,False,False,False,,NO_TRIGGER,,NO_CONTINGENCY,,,,,,,,029481ae-22ff-469e-a4fd-fb4af3a0b135,2026-01-10 17:10:00+00:00,2026-01-11 05:45:00+00:00
TESTER-001,SRGridStrategyUser-000,BTC/USDT.SIM,SIM-1-1497,BTC/USDT.SIM-SRGridStrategyUser-000,SIM-001,T-6f74fd13bd924971-174552,LIMIT,SELL,0.055079,90779.10,GTC,,0.055079,MAKER,90779.1,0.0,['1.00000000 USDT'],FILLED,False,False,False,,NO_TRIGGER,,NO_CONTINGENCY,,,,,,,,877a2d1a-517d-4787-86f4-5cfdd156f877,2026-01-10 17:45:00+00:00,2026-01-11 04:55:00+00:00
TESTER-001,SRGridStrategyUser-000,BTC/USDT.SIM,SIM-1-1498,BTC/USDT.SIM-SRGridStrategyUser-000,SIM-001,T-56aae1470ad38e09-174590,LIMIT,SELL,0.055043,90837.26,GTC,,0.055043,MAKER,90837.26000000001,0.0,['1.00000000 USDT'],FILLED,False,False,False,,NO_TRIGGER,,NO_CONTINGENCY,,,,,,,,223cc1c1-ccf7-4f3a-99da-435145be0f43,2026-01-10 17:45:00+00:00,2026-01-11 05:45:00+00:00
TESTER-001,SRGridStrategyUser-000,BTC/USDT.SIM,SIM-1-1499,BTC/USDT.SIM-SRGridStrategyUser-000,SIM-001,T-9463d9ab78964c2f-175227,LIMIT,BUY,0.055145,90670.36,GTC,,0.055145,MAKER,90670.36,0.0,['1.00000000 USDT'],FILLED,False,False,False,,NO_TRIGGER,,NO_CONTINGENCY,,,,,,,,f71bf3a3-2f4a-45a9-9230-6850d5d3212c,2026-01-11 09:10:00+00:00,2026-01-11 20:00:00+00:00
TESTER-001,SRGridStrategyUser-000,BTC/USDT.SIM,SIM-1-1500,BTC/USDT.SIM-SRGridStrategyUser-000,SIM-001,T-5028eda8535724fd-175234,LIMIT,BUY,0.055204,90572.86,GTC,,0.055204,MAKER,90572.86,0.0,['1.00000000 USDT'],FILLED,False,False,False,,NO_TRIGGER,,NO_CONTINGENCY,,,,,,,,3cc315ad-d3de-4a7e-b8ad-6d9a238a78ff,2026-01-11 09:10:00+00:00,2026-01-11 20:05:00+00:00
TESTER-001,SRGridStrategyUser-000,BTC/USDT.SIM,SIM-1-1501,BTC/USDT.SIM-SRGridStrategyUser-000,SIM-001,T-292d0b777b3ddc76-174879,LIMIT,SELL,0.055026,90865.34,GTC,,0.055026,MAKER,90865.34,0.0,['1.00000000 USDT'],FILLED,False,False,False,,NO_TRIGGER,,NO_CONTINGENCY,,,,,,,,0b5f2fee-b059-470a-8e33-66a1b3365476,2026-01-11 09:10:00+00:00,2026-01-11 12:25:00+00:00
TESTER-001,SRGridStrategyUser-000,BTC/USDT.SIM,SIM-1-1502,BTC/USDT.SIM-SRGridStrategyUser-000,SIM-001,T-e9718ada0030e018-174895,LIMIT,SELL,0.054968,90962.84,GTC,,0.054968,MAKER,90962.84000000001,0.0,['1.00000000 USDT'],FILLED,False,False,False,,NO_TRIGGER,,NO_CONTINGENCY,,,,,,,,48ff6bdb-e716-49df-9186-9faab30fd146,2026-01-11 09:10:00+00:00,2026-01-11 12:45:00+00:00
TESTER-001,SRGridStrategyUser-000,BTC/USDT.SIM,SIM-1-1503,BTC/USDT.SIM-SRGridStrategyUser-000,SIM-001,T-9463d9ab78964c2f-175228,LIMIT,BUY,0.055145,90670.36,GTC,,0.055145,MAKER,90670.36,0.0,['1.00000000 USDT'],FILLED,False,False,False,,NO_TRIGGER,,NO_CONTINGENCY,,,,,,,,eb2d81e6-b012-452d-9c4e-c77f7172e39e,2026-01-11 12:25:00+00:00,2026-01-11 20:00:00+00:00
TESTER-001,SRGridStrategyUser-000,BTC/USDT.SIM,SIM-1-1504,BTC/USDT.SIM-SRGridStrategyUser-000,SIM-001,T-5028eda8535724fd-175235,LIMIT,BUY,0.055204,90572.86,GTC,,0.055204,MAKER,90572.86,0.0,['1.00000000 USDT'],FILLED,False,False,False,,NO_TRIGGER,,NO_CONTINGENCY,,,,,,,,eaba586a-08bf-4a83-92d9-e5b714659164,2026-01-11 12:25:00+00:00,2026-01-11 20:05:00+00:00
TESTER-001,SRGridStrategyUser-000,BTC/USDT.SIM,SIM-1-1505,BTC/USDT.SIM-SRGridStrategyUser-000,SIM-001,T-9463d9ab78964c2f-175229,LIMIT,BUY,0.055145,90670.36,GTC,,0.055145,MAKER,90670.36,0.0,['1.00000000 USDT'],FILLED,False,False,False,,NO_TRIGGER,,NO_CONTINGENCY,,,,,,,,fa6932ca-eb4b-4aff-baa0-67720841dfd2,2026-01-11 12:45:00+00:00,2026-01-11 20:00:00+00:00
TESTER-001,SRGridStrategyUser-000,BTC/USDT.SIM,SIM-1-1506,BTC/USDT.SIM-SRGridStrategyUser-000,SIM-001,T-5028eda8535724fd-175236,LIMIT,BUY,0.055204,90572.86,GTC,,0.055204,MAKER,90572.86,0.0,['1.00000000 USDT'],FILLED,False,False,False,,NO_TRIGGER,,NO_CONTINGENCY,,,,,,,,49be7fe3-a67a-4459-af2e-6dd4996e0624,2026-01-11 12:45:00+00:00,2026-01-11 20:05:00+00:00
TESTER-001,SRGridStrategyUser-000,BTC/USDT.SIM,SIM-1-1507,BTC/USDT.SIM-SRGridStrategyUser-000,SIM-001,T-19d805cafe9b1b58-175816,LIMIT,BUY,0.054965,90966.34,GTC,,0.054965,MAKER,90966.34,0.0,['1.00000000 USDT'],FILLED,False,False,False,,NO_TRIGGER,,NO_CONTINGENCY,,,,,,,,dfc3f202-95fc-4416-bb99-5c8311ef658d,2026-01-12 01:10:00+00:00,2026-01-12 08:35:00+00:00
TESTER-001,SRGridStrategyUser-000,BTC/USDT.SIM,SIM-1-1508,BTC/USDT.SIM-SRGridStrategyUser-000,SIM-001,T-d69cb170e807b657-175825,LIMIT,BUY,0.055311,90397.76,GTC,,0.055311,MAKER,90397.76,0.0,['1.00000000 USDT'],FILLED,False,False,False,,NO_TRIGGER,,NO_CONTINGENCY,,,,,,,,beec18e4-1a6c-4b6c-8820-cc6f1b3b93ba,2026-01-12 01:10:00+00:00,2026-01-12 08:45:00+00:00
TESTER-001,SRGridStrategyUser-000,BTC/USDT.SIM,SIM-1-1509,BTC/USDT.SIM-SRGridStrategyUser-000,SIM-001,T-c6ebda35001a9af0-175546,LIMIT,SELL,0.054287,92103.50,GTC,,0.054287,MAKER,92103.5,0.0,['1.00000000 USDT'],FILLED,False,False,False,,NO_TRIGGER,,NO_CONTINGENCY,,,,,,,,d8c10ce4-ea16-4d1c-9fad-5a28e6ba2924,2026-01-12 01:10:00+00:00,2026-01-12 02:45:00+00:00
TESTER-001,SRGridStrategyUser-000,BTC/USDT.SIM,SIM-1-1511,BTC/USDT.SIM-SRGridStrategyUser-000,SIM-001,T-19d805cafe9b1b58-175817,LIMIT,BUY,0.054965,90966.34,GTC,,0.054965,MAKER,90966.34,0.0,['1.00000000 USDT'],FILLED,False,False,False,,NO_TRIGGER,,NO_CONTINGENCY,,,,,,,,dbf1e8ad-a9f2-49c2-ba5f-da8ce1cad0f7,2026-01-12 02:45:00+00:00,2026-01-12 08:35:00+00:00
TESTER-001,SRGridStrategyUser-000,BTC/USDT.SIM,SIM-1-1512,BTC/USDT.SIM-SRGridStrategyUser-000,SIM-001,T-d69cb170e807b657-175826,LIMIT,BUY,0.055311,90397.76,GTC,,0.055311,MAKER,90397.76,0.0,['1.00000000 USDT'],FILLED,False,False,False,,NO_TRIGGER,,NO_CONTINGENCY,,,,,,,,072f2533-bf87-4f81-a453-d34e7e548475,2026-01-12 02:45:00+00:00,2026-01-12 08:45:00+00:00
TESTER-001,SRGridStrategyUser-000,BTC/USDT.SIM,SIM-1-1517,BTC/USDT.SIM-SRGridStrategyUser-000,SIM-001,T-8e6a3745947b2424-176965,LIMIT,SELL,0.053964,92654.42,GTC,,0.053964,MAKER,92654.42,0.0,['1.00000000 USDT'],FILLED,False,False,False,,NO_TRIGGER,,NO_CONTINGENCY,,,,,,,,0b5a0187-3c4d-4882-9f0f-61201b9adb7a,2026-01-13 09:10:00+00:00,2026-01-13 09:20:00+00:00
TESTER-001,SRGridStrategyUser-000,BTC/USDT.SIM,SIM-1-1518,BTC/USDT.SIM-SRGridStrategyUser-000,SIM-001,T-da5c660360b34d98-177208,LIMIT,SELL,0.049008,92878.85,GTC,,0.049008,MAKER,92878.85,0.0,['0.91000000 USDT'],FILLED,False,False,False,,NO_TRIGGER,,NO_CONTINGENCY,,,,,,,,b23eeea3-3274-4787-897b-c2a571e140c8,2026-01-13 09:10:00+00:00,2026-01-13 14:40:00+00:00
TESTER-001,SRGridStrategyUser-000,BTC/USDT.SIM,SIM-1-1519,BTC/USDT.SIM-SRGridStrategyUser-000,SIM-001,T-79e5a71056b1fefa-178313,LIMIT,SELL,0.052164,95850.63,GTC,,0.052164,MAKER,95850.63,0.0,['1.00000000 USDT'],FILLED,False,False,False,,NO_TRIGGER,,NO_CONTINGENCY,,,,,,,,a6dabaad-4ad3-412b-a4fa-4d78f5246a2a,2026-01-14 01:10:00+00:00,2026-01-14 14:35:00+00:00
TESTER-001,SRGridStrategyUser-000,BTC/USDT.SIM,SIM-1-1520,BTC/USDT.SIM-SRGridStrategyUser-000,SIM-001,T-7a7f0cc9b5a5b814-178322,LIMIT,SELL,0.041430,96215.78,GTC,,0.041430,MAKER,96215.78,0.0,['0.80000000 USDT'],FILLED,False,False,False,,NO_TRIGGER,,NO_CONTINGENCY,,,,,,,,d4670651-fb17-40f8-b590-f2bb6ba26371,2026-01-14 01:10:00+00:00,2026-01-14 14:45:00+00:00
TESTER-001,SRGridStrategyUser-000,BTC/USDT.SIM,SIM-1-1521,BTC/USDT.SIM-SRGridStrategyUser-000,SIM-001,T-9b1fec2b566b849c-178457,LIMIT,BUY,0.051538,97016.17,GTC,,0.051538,MAKER,97016.17,0.0,['1.00000000 USDT'],FILLED,False,False,False,,NO_TRIGGER,,NO_CONTINGENCY,,,,,,,,2d0d5acb-e1b8-44cd-a026-855677af183a,2026-01-14 17:10:00+00:00,2026-01-14 17:35:00+00:00
TESTER-001,SRGridStrategyUser-000,BTC/USDT.SIM,SIM-1-1522,BTC/USDT.SIM-SRGridStrategyUser-000,SIM-001,T-de6138c796e2cd58-178505,LIMIT,BUY,0.051894,96349.85,GTC,,0.051894,MAKER,96349.84999999999,0.0,['1.00000000 USDT'],FILLED,False,False,False,,NO_TRIGGER,,NO_CONTINGENCY,,,,,,,,86ea201d-ba17-4a32-bef9-3e4228757009,2026-01-14 17:10:00+00:00,2026-01-14 18:35:00+00:00
TESTER-001,SRGridStrategyUser-000,BTC/USDT.SIM,SIM-1-1529,BTC/USDT.SIM-SRGridStrategyUser-000,SIM-001,T-c761ff5a7a80a181-179434,LIMIT,BUY,0.051899,96341.48,GTC,,0.051899,MAKER,96341.48,0.0,['1.00000000 USDT'],FILLED,False,False,False,,NO_TRIGGER,,NO_CONTINGENCY,,,,,,,,42e41541-8011-4b61-87e9-be0dccf221ea,2026-01-15 09:10:00+00:00,2026-01-15 14:35:00+00:00
TESTER-001,SRGridStrategyUser-000,BTC/USDT.SIM,SIM-1-1530,BTC/USDT.SIM-SRGridStrategyUser-000,SIM-001,T-79ff8ab6546cfc33-179441,LIMIT,BUY,0.052032,96095.08,GTC,,0.052032,MAKER,96095.07999999999,0.0,['1.00000000 USDT'],FILLED,False,False,False,,NO_TRIGGER,,NO_CONTINGENCY,,,,,,,,3edcba66-fa3c-46dc-a32b-96c96bfc90cc,2026-01-15 09:10:00+00:00,2026-01-15 14:40:00+00:00
TESTER-001,SRGridStrategyUser-000,BTC/USDT.SIM,SIM-1-1531,BTC/USDT.SIM-SRGridStrategyUser-000,SIM-001,T-034829f840a22064-179197,LIMIT,SELL,0.051635,96834.28,GTC,,0.051635,MAKER,96834.28,0.0,['1.00000000 USDT'],FILLED,False,False,False,,NO_TRIGGER,,NO_CONTINGENCY,,,,,,,,3949c03d-4cb0-4ae8-958b-ef937014524c,2026-01-15 09:10:00+00:00,2026-01-15 09:35:00+00:00
TESTER-001,SRGridStrategyUser-000,BTC/USDT.SIM,SIM-1-1532,BTC/USDT.SIM-SRGridStrategyUser-000,SIM-001,T-b2706014173f94e9-179202,LIMIT,SELL,0.051504,97080.68,GTC,,0.051504,MAKER,97080.68,0.0,['1.00000000 USDT'],FILLED,False,False,False,,NO_TRIGGER,,NO_CONTINGENCY,,,,,,,,abe7bc3c-7bcf-4a82-912c-3906af30ab93,2026-01-15 09:10:00+00:00,2026-01-15 09:40:00+00:00
TESTER-001,SRGridStrategyUser-000,BTC/USDT.SIM,SIM-1-1533,BTC/USDT.SIM-SRGridStrategyUser-000,SIM-001,T-c761ff5a7a80a181-179435,LIMIT,BUY,0.051899,96341.48,GTC,,0.051899,MAKER,96341.48,0.0,['1.00000000 USDT'],FILLED,False,False,False,,NO_TRIGGER,,NO_CONTINGENCY,,,,,,,,2a13677d-4989-422e-b943-19a6f0ca8be2,2026-01-15 09:35:00+00:00,2026-01-15 14:35:00+00:00
TESTER-001,SRGridStrategyUser-000,BTC/USDT.SIM,SIM-1-1534,BTC/USDT.SIM-SRGridStrategyUser-000,SIM-001,T-79ff8ab6546cfc33-179442,LIMIT,BUY,0.052032,96095.08,GTC,,0.052032,MAKER,96095.07999999999,0.0,['1.00000000 USDT'],FILLED,False,False,False,,NO_TRIGGER,,NO_CONTINGENCY,,,,,,,,3253043d-4593-4202-9fcf-a00a20050c97,2026-01-15 09:35:00+00:00,2026-01-15 14:40:00+00:00
TESTER-001,SRGridStrategyUser-000,BTC/USDT.SIM,SIM-1-1535,BTC/USDT.SIM-SRGridStrategyUser-000,SIM-001,T-c761ff5a7a80a181-179436,LIMIT,BUY,0.051899,96341.48,GTC,,0.051899,MAKER,96341.48,0.0,['1.00000000 USDT'],FILLED,False,False,False,,NO_TRIGGER,,NO_CONTINGENCY,,,,,,,,d2b29afc-f743-403f-b085-0a12d824ab6f,2026-01-15 09:40:00+00:00,2026-01-15 14:35:00+00:00
TESTER-001,SRGridStrategyUser-000,BTC/USDT.SIM,SIM-1-1536,BTC/USDT.SIM-SRGridStrategyUser-000,SIM-001,T-79ff8ab6546cfc33-179443,LIMIT,BUY,0.052032,96095.08,GTC,,0.052032,MAKER,96095.07999999999,0.0,['1.00000000 USDT'],FILLED,False,False,False,,NO_TRIGGER,,NO_CONTINGENCY,,,,,,,,a2c88a45-f446-4d56-a1b0-0cd7f43786ed,2026-01-15 09:40:00+00:00,2026-01-15 14:40:00+00:00
TESTER-001,SRGridStrategyUser-000,BTC/USDT.SIM,SIM-1-1537,BTC/USDT.SIM-SRGridStrategyUser-000,SIM-001,T-d0fb032296200f93-179935,LIMIT,SELL,0.052265,95666.01,GTC,,0.052265,MAKER,95666.01,0.0,['1.00000000 USDT'],FILLED,False,False,False,,NO_TRIGGER,,NO_CONTINGENCY,,,,,,,,4aa5aa5a-b9f8-4919-8311-bd4765aa7267,2026-01-16 01:10:00+00:00,2026-01-16 01:30:00+00:00
TESTER-001,SRGridStrategyUser-000,BTC/USDT.SIM,SIM-1-1538,BTC/USDT.SIM-SRGridStrategyUser-000,SIM-001,T-77d5587670687c4e-180258,LIMIT,SELL,0.052160,95858.44,GTC,,0.052160,MAKER,95858.43999999999,0.0,['1.00000000 USDT'],FILLED,False,False,False,,NO_TRIGGER,,NO_CONTINGENCY,,,,,,,,143be94e-5845-4f61-8dd5-edabec2d160c,2026-01-16 01:10:00+00:00,2026-01-16 08:25:00+00:00
TESTER-001,SRGridStrategyUser-000,BTC/USDT.SIM,SIM-1-1539,BTC/USDT.SIM-SRGridStrategyUser-000,SIM-001,T-b1606b0d5aeec6d6-180703,LIMIT,SELL,0.052539,95166.75,GTC,,0.052539,MAKER,95166.75,0.0,['1.00000000 USDT'],FILLED,False,False,False,,NO_TRIGGER,,NO_CONTINGENCY,,,,,,,,eaefbd0c-865e-406a-a424-72626e75b8df,2026-01-16 17:10:00+00:00,2026-01-16 18:00:00+00:00
TESTER-001,SRGridStrategyUser-000,BTC/USDT.SIM,SIM-1-1540,BTC/USDT.SIM-SRGridStrategyUser-000,SIM-001,T-de1292c740cba089-180839,LIMIT,SELL,0.052335,95537.50,GTC,,0.052335,MAKER,95537.5,0.0,['1.00000000 USDT'],FILLED,False,False,False,,NO_TRIGGER,,NO_CONTINGENCY,,,,,,,,9351c265-419f-4a07-aecc-fa3b41220c0a,2026-01-16 17:10:00+00:00,2026-01-16 20:55:00+00:00
TESTER-001,SRGridStrategyUser-000,BTC/USDT.SIM,SIM-1-1541,BTC/USDT.SIM-SRGridStrategyUser-000,SIM-001,T-184eed1b0cfe9cd7-181402,LIMIT,SELL,0.052479,95276.16,GTC,,0.052479,MAKER,95276.16,0.0,['1.00000000 USDT'],FILLED,False,False,False,,NO_TRIGGER,,NO_CONTINGENCY,,,,,,,,d460f1bb-b773-47b6-95ba-b6bff545905c,2026-01-17 09:10:00+00:00,2026-01-17 09:40:00+00:00
TESTER-001,SRGridStrategyUser-000,BTC/USDT.SIM,SIM-1-1542,BTC/USDT.SIM-SRGridStrategyUser-000,SIM-001,T-c34379e8e16e5dc3-181515,LIMIT,SELL,0.052442,95342.52,GTC,,0.052442,MAKER,95342.52,0.0,['1.00000000 USDT'],FILLED,False,False,False,,NO_TRIGGER,,NO_CONTINGENCY,,,,,,,,893f01f7-81fa-4d9b-88d4-98c4e21bce17,2026-01-17 09:10:00+00:00,2026-01-17 12:10:00+00:00
TESTER-001,SRGridStrategyUser-000,BTC/USDT.SIM,SIM-1-1545,BTC/USDT.SIM-SRGridStrategyUser-000,SIM-001,T-9a862ef1902cdb03-182187,LIMIT,SELL,0.052584,95086.75,GTC,,0.052584,MAKER,95086.75,0.0,['1.00000000 USDT'],FILLED,False,False,False,,NO_TRIGGER,,NO_CONTINGENCY,,,,,,,,6d0fed29-c333-4600-9260-012128643da3,2026-01-18 01:10:00+00:00,2026-01-18 03:25:00+00:00
TESTER-001,SRGridStrategyUser-000,BTC/USDT.SIM,SIM-1-1546,BTC/USDT.SIM-SRGridStrategyUser-000,SIM-001,T-97d2a3c384df5528-182290,LIMIT,SELL,0.052508,95223.46,GTC,,0.052508,MAKER,95223.45999999999,0.0,['1.00000000 USDT'],FILLED,False,False,False,,NO_TRIGGER,,NO_CONTINGENCY,,,,,,,,c4f997d8-4d10-44d6-8e9b-8a384f57374d,2026-01-18 01:10:00+00:00,2026-01-18 05:45:00+00:00
TESTER-001,SRGridStrategyUser-000,BTC/USDT.SIM,SIM-1-1551,BTC/USDT.SIM-SRGridStrategyUser-000,SIM-001,T-f0ff6accb9c97d3f-183059,LIMIT,BUY,0.052620,95020.59,GTC,,0.052620,MAKER,95020.59,0.0,['1.00000000 USDT'],FILLED,False,False,False,,NO_TRIGGER,,NO_CONTINGENCY,,,,,,,,df5cdb92-4004-42ea-9f08-235620d11d3c,2026-01-18 17:10:00+00:00,2026-01-18 23:00:00+00:00
TESTER-001,SRGridStrategyUser-000,BTC/USDT.SIM,SIM-1-1552,BTC/USDT.SIM-SRGridStrategyUser-000,SIM-001,T-7fd9b9b1c65c5261-183078,LIMIT,BUY,0.052687,94899.54,GTC,,0.052687,MAKER,94899.54,0.0,['1.00000000 USDT'],FILLED,False,False,False,,NO_TRIGGER,,NO_CONTINGENCY,,,,,,,,f8f58a81-f1bc-42e4-82d2-c6f88d26367c,2026-01-18 17:10:00+00:00,2026-01-18 23:20:00+00:00
TESTER-001,SRGridStrategyUser-000,BTC/USDT.SIM,SIM-1-1553,BTC/USDT.SIM-SRGridStrategyUser-000,SIM-001,T-1d607619e4118253-182810,LIMIT,SELL,0.052486,95262.69,GTC,,0.052486,MAKER,95262.69,0.0,['1.00000000 USDT'],FILLED,False,False,False,,NO_TRIGGER,,NO_CONTINGENCY,,,,,,,,a98de019-5147-4dd6-bbc6-6af5ada9d34c,2026-01-18 17:10:00+00:00,2026-01-18 17:25:00+00:00
TESTER-001,SRGridStrategyUser-000,BTC/USDT.SIM,SIM-1-1554,BTC/USDT.SIM-SRGridStrategyUser-000,SIM-001,T-a1a017f0d4a70813-182853,LIMIT,SELL,0.052420,95383.74,GTC,,0.052420,MAKER,95383.74,0.0,['1.00000000 USDT'],FILLED,False,False,False,,NO_TRIGGER,,NO_CONTINGENCY,,,,,,,,3e6bd6f6-fa46-4a2a-a2dc-0eb3c163d839,2026-01-18 17:10:00+00:00,2026-01-18 18:25:00+00:00
TESTER-001,SRGridStrategyUser-000,BTC/USDT.SIM,SIM-1-1555,BTC/USDT.SIM-SRGridStrategyUser-000,SIM-001,T-f0ff6accb9c97d3f-183060,LIMIT,BUY,0.052620,95020.59,GTC,,0.052620,MAKER,95020.59,0.0,['1.00000000 USDT'],FILLED,False,False,False,,NO_TRIGGER,,NO_CONTINGENCY,,,,,,,,c0e93764-c27f-4c07-aa9e-204f865e1d1e,2026-01-18 17:25:00+00:00,2026-01-18 23:00:00+00:00
TESTER-001,SRGridStrategyUser-000,BTC/USDT.SIM,SIM-1-1556,BTC/USDT.SIM-SRGridStrategyUser-000,SIM-001,T-7fd9b9b1c65c5261-183079,LIMIT,BUY,0.052687,94899.54,GTC,,0.052687,MAKER,94899.54,0.0,['1.00000000 USDT'],FILLED,False,False,False,,NO_TRIGGER,,NO_CONTINGENCY,,,,,,,,0c51a61a-30a4-44ca-831b-de57d99f0e5c,2026-01-18 17:25:00+00:00,2026-01-18 23:20:00+00:00
TESTER-001,SRGridStrategyUser-000,BTC/USDT.SIM,SIM-1-1557,BTC/USDT.SIM-SRGridStrategyUser-000,SIM-001,T-f0ff6accb9c97d3f-183061,LIMIT,BUY,0.052620,95020.59,GTC,,0.052620,MAKER,95020.59,0.0,['1.00000000 USDT'],FILLED,False,False,False,,NO_TRIGGER,,NO_CONTINGENCY,,,,,,,,8c102ab7-912d-4ebe-9cde-dcc8d4459e63,2026-01-18 18:25:00+00:00,2026-01-18 23:00:00+00:00
TESTER-001,SRGridStrategyUser-000,BTC/USDT.SIM,SIM-1-1558,BTC/USDT.SIM-SRGridStrategyUser-000,SIM-001,T-7fd9b9b1c65c5261-183080,LIMIT,BUY,0.052687,94899.54,GTC,,0.052687,MAKER,94899.54,0.0,['1.00000000 USDT'],FILLED,False,False,False,,NO_TRIGGER,,NO_CONTINGENCY,,,,,,,,35c8efde-338f-4328-92ff-96deef88c879,2026-01-18 18:25:00+00:00,2026-01-18 23:20:00+00:00
TESTER-001,SRGridStrategyUser-000,BTC/USDT.SIM,SIM-1-1560,BTC/USDT.SIM-SRGridStrategyUser-000,SIM-001,T-32f931583ae7b50b-183469,LIMIT,SELL,0.053868,92820.28,GTC,,0.053868,MAKER,92820.28000000001,0.0,['1.00000000 USDT'],FILLED,False,False,False,,NO_TRIGGER,,NO_CONTINGENCY,,,,,,,,2800cb43-1e5b-4ca8-8ba0-b866b3dc0426,2026-01-19 07:10:00+00:00,2026-01-19 07:55:00+00:00
TESTER-001,SRGridStrategyUser-000,BTC/USDT.SIM,SIM-1-1561,BTC/USDT.SIM-SRGridStrategyUser-000,SIM-001,T-aaa1b987e0edd7cf-183489,LIMIT,SELL,0.053753,93018.56,GTC,,0.053753,MAKER,93018.56,0.0,['1.00000000 USDT'],FILLED,False,False,False,,NO_TRIGGER,,NO_CONTINGENCY,,,,,,,,6e0f2e6f-01ab-4fb4-adac-3fa60ffaa0e3,2026-01-19 07:10:00+00:00,2026-01-19 08:20:00+00:00
TESTER-001,SRGridStrategyUser-000,BTC/USDT.SIM,SIM-1-1562,BTC/USDT.SIM-SRGridStrategyUser-000,SIM-001,T-e22428614b9da05f-184451,LIMIT,BUY,0.054324,92039.83,GTC,,0.054324,MAKER,92039.83,0.0,['1.00000000 USDT'],FILLED,False,False,False,,NO_TRIGGER,,NO_CONTINGENCY,,,,,,,,cff1f956-a5a0-4c2e-9b88-51678be1b555,2026-01-19 23:10:00+00:00,2026-01-20 04:55:00+00:00
TESTER-001,SRGridStrategyUser-000,BTC/USDT.SIM,SIM-1-1563,BTC/USDT.SIM-SRGridStrategyUser-000,SIM-001,T-168d23b53454fdb7-184457,LIMIT,BUY,0.010913,91637.44,GTC,,0.010913,MAKER,91637.44,0.0,['0.20000000 USDT'],FILLED,False,False,False,,NO_TRIGGER,,NO_CONTINGENCY,,,,,,,,b5536aef-8da2-4566-ac2b-cbff7cba76a1,2026-01-19 23:10:00+00:00,2026-01-20 05:00:00+00:00
TESTER-001,SRGridStrategyUser-000,BTC/USDT.SIM,SIM-1-1564,BTC/USDT.SIM-SRGridStrategyUser-000,SIM-001,T-b2b1db05184c7c11-184227,LIMIT,SELL,0.053853,92844.63,GTC,,0.053853,MAKER,92844.63,0.0,['1.00000000 USDT'],FILLED,False,False,False,,NO_TRIGGER,,NO_CONTINGENCY,,,,,,,,867fa4ef-9396-4329-aa12-df71382e8c4f,2026-01-19 23:10:00+00:00,2026-01-20 00:05:00+00:00
TESTER-001,SRGridStrategyUser-000,BTC/USDT.SIM,SIM-1-1566,BTC/USDT.SIM-SRGridStrategyUser-000,SIM-001,T-e22428614b9da05f-184452,LIMIT,BUY,0.054324,92039.83,GTC,,0.054324,MAKER,92039.83,0.0,['1.00000000 USDT'],FILLED,False,False,False,,NO_TRIGGER,,NO_CONTINGENCY,,,,,,,,9d7a2dc6-7d58-40d9-8db6-e8243d4bae06,2026-01-20 00:05:00+00:00,2026-01-20 04:55:00+00:00
TESTER-001,SRGridStrategyUser-000,BTC/USDT.SIM,SIM-1-1567,BTC/USDT.SIM-SRGridStrategyUser-000,SIM-001,T-168d23b53454fdb7-184458,LIMIT,BUY,0.011617,91637.44,GTC,,0.011617,MAKER,91637.44,0.0,['0.21000000 USDT'],FILLED,False,False,False,,NO_TRIGGER,,NO_CONTINGENCY,,,,,,,,f7e2f081-8a52-4359-aa28-cd1db45ecd73,2026-01-20 00:05:00+00:00,2026-01-20 05:00:00+00:00
TESTER-001,SRGridStrategyUser-000,BTC/USDT.SIM,SIM-1-1570,BTC/USDT.SIM-SRGridStrategyUser-000,SIM-001,T-a621a5f2b090e1ca-185136,LIMIT,BUY,0.055959,89350.81,GTC,,0.055959,MAKER,89350.81,0.0,['1.00000000 USDT'],FILLED,False,False,False,,NO_TRIGGER,,NO_CONTINGENCY,,,,,,,,ccae10f6-7910-4531-8898-04ab7e43d2f1,2026-01-20 15:10:00+00:00,2026-01-20 19:30:00+00:00
TESTER-001,SRGridStrategyUser-000,BTC/USDT.SIM,SIM-1-1571,BTC/USDT.SIM-SRGridStrategyUser-000,SIM-001,T-481c8b6b0261b6c1-185275,LIMIT,BUY,0.011313,88397.10,GTC,,0.011313,MAKER,88397.1,0.0,['0.20000000 USDT'],FILLED,False,False,False,,NO_TRIGGER,,NO_CONTINGENCY,,,,,,,,dbb6a677-d47f-4d61-a281-cba72016bf64,2026-01-20 15:10:00+00:00,2026-01-20 22:30:00+00:00
TESTER-001,SRGridStrategyUser-000,BTC/USDT.SIM,SIM-1-1578,BTC/USDT.SIM-SRGridStrategyUser-000,SIM-001,T-d1d0f6f7af549257-185699,LIMIT,BUY,0.056004,89278.94,GTC,,0.056004,MAKER,89278.94,0.0,['1.00000000 USDT'],FILLED,False,False,False,,NO_TRIGGER,,NO_CONTINGENCY,,,,,,,,97bfe8c8-1315-4335-b47d-b5ec79d62703,2026-01-21 07:10:00+00:00,2026-01-21 07:35:00+00:00
TESTER-001,SRGridStrategyUser-000,BTC/USDT.SIM,SIM-1-1579,BTC/USDT.SIM-SRGridStrategyUser-000,SIM-001,T-149a5caae92a281d-185744,LIMIT,BUY,0.056160,89030.76,GTC,,0.056160,MAKER,89030.76,0.0,['1.00000000 USDT'],FILLED,False,False,False,,NO_TRIGGER,,NO_CONTINGENCY,,,,,,,,a2c3bfc9-ab84-4cde-9e86-a6d08ebffba4,2026-01-21 07:10:00+00:00,2026-01-21 08:35:00+00:00
TESTER-001,SRGridStrategyUser-000,BTC/USDT.SIM,SIM-1-1580,BTC/USDT.SIM-SRGridStrategyUser-000,SIM-001,T-b682e578d41fa754-186021,LIMIT,SELL,0.055695,89775.28,GTC,,0.055695,MAKER,89775.28,0.0,['1.00000000 USDT'],FILLED,False,False,False,,NO_TRIGGER,,NO_CONTINGENCY,,,,,,,,b01561a0-4aea-4512-ad60-d47ddd0c7437,2026-01-21 07:10:00+00:00,2026-01-21 14:30:00+00:00
TESTER-001,SRGridStrategyUser-000,BTC/USDT.SIM,SIM-1-1581,BTC/USDT.SIM-SRGridStrategyUser-000,SIM-001,T-c0905fe6e0e187af-186052,LIMIT,SELL,0.055541,90023.46,GTC,,0.055541,MAKER,90023.45999999999,0.0,['1.00000000 USDT'],FILLED,False,False,False,,NO_TRIGGER,,NO_CONTINGENCY,,,,,,,,c81c269f-7a01-4892-ade0-1b842aec8c60,2026-01-21 07:10:00+00:00,2026-01-21 15:05:00+00:00
TESTER-001,SRGridStrategyUser-000,BTC/USDT.SIM,SIM-1-1582,BTC/USDT.SIM-SRGridStrategyUser-000,SIM-001,T-b682e578d41fa754-186022,LIMIT,SELL,0.055695,89775.28,GTC,,0.055695,MAKER,89775.28,0.0,['1.00000000 USDT'],FILLED,False,False,False,,NO_TRIGGER,,NO_CONTINGENCY,,,,,,,,389ed935-cd5f-4a62-a724-539e40a89357,2026-01-21 07:35:00+00:00,2026-01-21 14:30:00+00:00
TESTER-001,SRGridStrategyUser-000,BTC/USDT.SIM,SIM-1-1583,BTC/USDT.SIM-SRGridStrategyUser-000,SIM-001,T-c0905fe6e0e187af-186053,LIMIT,SELL,0.055541,90023.46,GTC,,0.055541,MAKER,90023.45999999999,0.0,['1.00000000 USDT'],FILLED,False,False,False,,NO_TRIGGER,,NO_CONTINGENCY,,,,,,,,68690bf4-e3a7-4a16-9101-de8094e57e3a,2026-01-21 07:35:00+00:00,2026-01-21 15:05:00+00:00
TESTER-001,SRGridStrategyUser-000,BTC/USDT.SIM,SIM-1-1584,BTC/USDT.SIM-SRGridStrategyUser-000,SIM-001,T-b682e578d41fa754-186023,LIMIT,SELL,0.055695,89775.28,GTC,,0.055695,MAKER,89775.28,0.0,['1.00000000 USDT'],FILLED,False,False,False,,NO_TRIGGER,,NO_CONTINGENCY,,,,,,,,28529f5a-5332-4c83-941c-10f8afdec27c,2026-01-21 08:35:00+00:00,2026-01-21 14:30:00+00:00
TESTER-001,SRGridStrategyUser-000,BTC/USDT.SIM,SIM-1-1585,BTC/USDT.SIM-SRGridStrategyUser-000,SIM-001,T-c0905fe6e0e187af-186054,LIMIT,SELL,0.055541,90023.46,GTC,,0.055541,MAKER,90023.45999999999,0.0,['1.00000000 USDT'],FILLED,False,False,False,,NO_TRIGGER,,NO_CONTINGENCY,,,,,,,,ea282105-8648-4426-b7f0-a5aff8662a27,2026-01-21 08:35:00+00:00,2026-01-21 15:05:00+00:00
TESTER-001,SRGridStrategyUser-000,BTC/USDT.SIM,SIM-1-1586,BTC/USDT.SIM-SRGridStrategyUser-000,SIM-001,T-cf127d44e3e5eb2b-186447,LIMIT,BUY,0.055664,89825.20,GTC,,0.055664,MAKER,89825.2,0.0,['1.00000000 USDT'],FILLED,False,False,False,,NO_TRIGGER,,NO_CONTINGENCY,,,,,,,,a29f09b9-ba8f-4f6d-8e1b-d5301760934c,2026-01-21 23:10:00+00:00,2026-01-21 23:35:00+00:00
TESTER-001,SRGridStrategyUser-000,BTC/USDT.SIM,SIM-1-1587,BTC/USDT.SIM-SRGridStrategyUser-000,SIM-001,T-41365ac993f3f141-186456,LIMIT,BUY,0.055891,89459.93,GTC,,0.055891,MAKER,89459.93,0.0,['1.00000000 USDT'],FILLED,False,False,False,,NO_TRIGGER,,NO_CONTINGENCY,,,,,,,,c57b7afd-11d8-4c1d-aa49-7c8057a3a76b,2026-01-21 23:10:00+00:00,2026-01-21 23:45:00+00:00
TESTER-001,SRGridStrategyUser-000,BTC/USDT.SIM,SIM-1-1594,BTC/USDT.SIM-SRGridStrategyUser-000,SIM-001,T-03ed10225b4a658e-187195,LIMIT,BUY,0.056452,88570.82,GTC,,0.056452,MAKER,88570.81999999999,0.0,['1.00000000 USDT'],FILLED,False,False,False,,NO_TRIGGER,,NO_CONTINGENCY,,,,,,,,1f83281f-6472-4c3c-a5a9-20d5421010d6,2026-01-22 15:10:00+00:00,2026-01-22 15:30:00+00:00
TESTER-001,SRGridStrategyUser-000,BTC/USDT.SIM,SIM-1-1596,BTC/USDT.SIM-SRGridStrategyUser-000,SIM-001,T-8c4e0eeef3236574-187680,LIMIT,SELL,0.055588,89946.86,GTC,,0.055588,MAKER,89946.86,0.0,['1.00000000 USDT'],FILLED,False,False,False,,NO_TRIGGER,,NO_CONTINGENCY,,,,,,,,f59bbe40-094d-4df3-a5e4-201951164971,2026-01-22 15:10:00+00:00,2026-01-23 02:00:00+00:00
TESTER-001,SRGridStrategyUser-000,BTC/USDT.SIM,SIM-1-1598,BTC/USDT.SIM-SRGridStrategyUser-000,SIM-001,T-8c4e0eeef3236574-187681,LIMIT,SELL,0.055588,89946.86,GTC,,0.055588,MAKER,89946.86,0.0,['1.00000000 USDT'],FILLED,False,False,False,,NO_TRIGGER,,NO_CONTINGENCY,,,,,,,,74132268-2da5-45eb-920a-151ef84ab068,2026-01-22 15:30:00+00:00,2026-01-23 02:00:00+00:00
TESTER-001,SRGridStrategyUser-000,BTC/USDT.SIM,SIM-1-1601,BTC/USDT.SIM-SRGridStrategyUser-000,SIM-001,T-2c304215f23ed5b0-187984,LIMIT,BUY,0.055984,89310.68,GTC,,0.055984,MAKER,89310.68000000001,0.0,['1.00000000 USDT'],FILLED,False,False,False,,NO_TRIGGER,,NO_CONTINGENCY,,,,,,,,6b39b861-7703-482d-a6c8-7c9bcf7b987d,2026-01-23 07:10:00+00:00,2026-01-23 08:30:00+00:00
TESTER-001,SRGridStrategyUser-000,BTC/USDT.SIM,SIM-1-1602,BTC/USDT.SIM-SRGridStrategyUser-000,SIM-001,T-c07ee04017c88484-188019,LIMIT,BUY,0.056135,89070.76,GTC,,0.056135,MAKER,89070.76,0.0,['1.00000000 USDT'],FILLED,False,False,False,,NO_TRIGGER,,NO_CONTINGENCY,,,,,,,,49634f11-e8cf-49e0-8849-6465420c669b,2026-01-23 07:10:00+00:00,2026-01-23 09:15:00+00:00
TESTER-001,SRGridStrategyUser-000,BTC/USDT.SIM,SIM-1-1603,BTC/USDT.SIM-SRGridStrategyUser-000,SIM-001,T-3f0719e1e53d1278-188320,LIMIT,SELL,0.055685,89790.50,GTC,,0.055685,MAKER,89790.5,0.0,['1.00000000 USDT'],FILLED,False,False,False,,NO_TRIGGER,,NO_CONTINGENCY,,,,,,,,e458d0ee-f074-4d93-acf7-88c3cf1a5b27,2026-01-23 07:10:00+00:00,2026-01-23 15:45:00+00:00
TESTER-001,SRGridStrategyUser-000,BTC/USDT.SIM,SIM-1-1604,BTC/USDT.SIM-SRGridStrategyUser-000,SIM-001,T-a9297831ef756966-188361,LIMIT,SELL,0.055537,90030.42,GTC,,0.055537,MAKER,90030.42,0.0,['1.00000000 USDT'],FILLED,False,False,False,,NO_TRIGGER,,NO_CONTINGENCY,,,,,,,,f5d4f53d-d17a-4451-b504-c67a5f4637fc,2026-01-23 07:10:00+00:00,2026-01-23 16:35:00+00:00
TESTER-001,SRGridStrategyUser-000,BTC/USDT.SIM,SIM-1-1605,BTC/USDT.SIM-SRGridStrategyUser-000,SIM-001,T-3f0719e1e53d1278-188321,LIMIT,SELL,0.055685,89790.50,GTC,,0.055685,MAKER,89790.5,0.0,['1.00000000 USDT'],FILLED,False,False,False,,NO_TRIGGER,,NO_CONTINGENCY,,,,,,,,eb78cf53-8c1d-45ce-97f7-bbb98b5bd708,2026-01-23 08:30:00+00:00,2026-01-23 15:45:00+00:00
TESTER-001,SRGridStrategyUser-000,BTC/USDT.SIM,SIM-1-1606,BTC/USDT.SIM-SRGridStrategyUser-000,SIM-001,T-a9297831ef756966-188362,LIMIT,SELL,0.055537,90030.42,GTC,,0.055537,MAKER,90030.42,0.0,['1.00000000 USDT'],FILLED,False,False,False,,NO_TRIGGER,,NO_CONTINGENCY,,,,,,,,23410f38-24f1-4245-9f13-2b74f6d61a47,2026-01-23 08:30:00+00:00,2026-01-23 16:35:00+00:00
TESTER-001,SRGridStrategyUser-000,BTC/USDT.SIM,SIM-1-1607,BTC/USDT.SIM-SRGridStrategyUser-000,SIM-001,T-3f0719e1e53d1278-188322,LIMIT,SELL,0.055685,89790.50,GTC,,0.055685,MAKER,89790.5,0.0,['1.00000000 USDT'],FILLED,False,False,False,,NO_TRIGGER,,NO_CONTINGENCY,,,,,,,,f3a4b4ef-bd8d-4be4-aeca-6571d94884af,2026-01-23 09:15:00+00:00,2026-01-23 15:45:00+00:00
TESTER-001,SRGridStrategyUser-000,BTC/USDT.SIM,SIM-1-1608,BTC/USDT.SIM-SRGridStrategyUser-000,SIM-001,T-a9297831ef756966-188363,LIMIT,SELL,0.055537,90030.42,GTC,,0.055537,MAKER,90030.42,0.0,['1.00000000 USDT'],FILLED,False,False,False,,NO_TRIGGER,,NO_CONTINGENCY,,,,,,,,8e889dfb-821e-40d5-9c92-610d125bdf7a,2026-01-23 09:15:00+00:00,2026-01-23 16:35:00+00:00
TESTER-001,SRGridStrategyUser-000,BTC/USDT.SIM,SIM-1-1609,BTC/USDT.SIM-SRGridStrategyUser-000,SIM-001,T-96ede308b11f3bed-189304,LIMIT,BUY,0.055959,89350.96,GTC,,0.055959,MAKER,89350.96,0.0,['1.00000000 USDT'],FILLED,False,False,False,,NO_TRIGGER,,NO_CONTINGENCY,,,,,,,,9863144f-bda3-4457-93a6-7fbf123dcca2,2026-01-23 23:10:00+00:00,2026-01-24 14:00:00+00:00
TESTER-001,SRGridStrategyUser-000,BTC/USDT.SIM,SIM-1-1611,BTC/USDT.SIM-SRGridStrategyUser-000,SIM-001,T-63d20281f41d02b2-188849,LIMIT,SELL,0.055678,89801.48,GTC,,0.055678,MAKER,89801.48,0.0,['1.00000000 USDT'],FILLED,False,False,False,,NO_TRIGGER,,NO_CONTINGENCY,,,,,,,,795196db-5974-4b00-9c20-11e10ed14372,2026-01-23 23:10:00+00:00,2026-01-24 03:00:00+00:00
TESTER-001,SRGridStrategyUser-000,BTC/USDT.SIM,SIM-1-1613,BTC/USDT.SIM-SRGridStrategyUser-000,SIM-001,T-96ede308b11f3bed-189305,LIMIT,BUY,0.055959,89350.96,GTC,,0.055959,MAKER,89350.96,0.0,['1.00000000 USDT'],FILLED,False,False,False,,NO_TRIGGER,,NO_CONTINGENCY,,,,,,,,6ce3da70-81be-4401-95be-5703fbf84c7f,2026-01-24 03:00:00+00:00,2026-01-24 14:00:00+00:00
TESTER-001,SRGridStrategyUser-000,BTC/USDT.SIM,SIM-1-1616,BTC/USDT.SIM-SRGridStrategyUser-000,SIM-001,T-f20f4e8c198a8c31-189376,LIMIT,BUY,0.055951,89363.44,GTC,,0.055951,MAKER,89363.44,0.0,['1.00000000 USDT'],FILLED,False,False,False,,NO_TRIGGER,,NO_CONTINGENCY,,,,,,,,5425b7f9-854b-41fa-9134-ec01e2fa9e08,2026-01-24 15:10:00+00:00,2026-01-24 15:35:00+00:00
TESTER-001,SRGridStrategyUser-000,BTC/USDT.SIM,SIM-1-1617,BTC/USDT.SIM-SRGridStrategyUser-000,SIM-001,T-5155653d45b94328-189395,LIMIT,BUY,0.056018,89256.35,GTC,,0.056018,MAKER,89256.34999999999,0.0,['1.00000000 USDT'],FILLED,False,False,False,,NO_TRIGGER,,NO_CONTINGENCY,,,,,,,,aa7f4e34-ef4c-48c0-b1c3-cf4d9ae58ad1,2026-01-24 15:10:00+00:00,2026-01-24 16:00:00+00:00
TESTER-001,SRGridStrategyUser-000,BTC/USDT.SIM,SIM-1-1624,BTC/USDT.SIM-SRGridStrategyUser-000,SIM-001,T-aeeb484861b68d72-190106,LIMIT,BUY,0.056472,88539.41,GTC,,0.056472,MAKER,88539.41,0.0,['1.00000000 USDT'],FILLED,False,False,False,,NO_TRIGGER,,NO_CONTINGENCY,,,,,,,,a92705d9-840e-4ce1-8397-fd4c97f24fc6,2026-01-25 07:10:00+00:00,2026-01-25 08:35:00+00:00
TESTER-001,SRGridStrategyUser-000,BTC/USDT.SIM,SIM-1-1625,BTC/USDT.SIM-SRGridStrategyUser-000,SIM-001,T-145b96a511614e99-190110,LIMIT,BUY,0.033435,88347.88,GTC,,0.033435,MAKER,88347.87999999999,0.0,['0.59000000 USDT'],FILLED,False,False,False,,NO_TRIGGER,,NO_CONTINGENCY,,,,,,,,b1cf6f44-2e10-4b3d-a0df-effe1036c0d7,2026-01-25 07:10:00+00:00,2026-01-25 08:40:00+00:00
TESTER-001,SRGridStrategyUser-000,BTC/USDT.SIM,SIM-1-1626,BTC/USDT.SIM-SRGridStrategyUser-000,SIM-001,T-9424765085540ae4-190349,LIMIT,SELL,0.056229,88922.49,GTC,,0.056229,MAKER,88922.49,0.0,['1.00000000 USDT'],FILLED,False,False,False,,NO_TRIGGER,,NO_CONTINGENCY,,,,,,,,47ceedec-ec80-47a8-8f47-199f10cf2d54,2026-01-25 07:10:00+00:00,2026-01-25 13:50:00+00:00
TESTER-001,SRGridStrategyUser-000,BTC/USDT.SIM,SIM-1-1628,BTC/USDT.SIM-SRGridStrategyUser-000,SIM-001,T-9424765085540ae4-190350,LIMIT,SELL,0.056229,88922.49,GTC,,0.056229,MAKER,88922.49,0.0,['1.00000000 USDT'],FILLED,False,False,False,,NO_TRIGGER,,NO_CONTINGENCY,,,,,,,,a9717060-180c-4134-8e25-31713b909e2f,2026-01-25 08:35:00+00:00,2026-01-25 13:50:00+00:00
TESTER-001,SRGridStrategyUser-000,BTC/USDT.SIM,SIM-1-1630,BTC/USDT.SIM-SRGridStrategyUser-000,SIM-001,T-9424765085540ae4-190351,LIMIT,SELL,0.056229,88922.49,GTC,,0.056229,MAKER,88922.49,0.0,['1.00000000 USDT'],FILLED,False,False,False,,NO_TRIGGER,,NO_CONTINGENCY,,,,,,,,569e4002-b494-4353-98df-e79d993ec88b,2026-01-25 08:40:00+00:00,2026-01-25 13:50:00+00:00
TESTER-001,SRGridStrategyUser-000,BTC/USDT.SIM,SIM-1-1634,BTC/USDT.SIM-SRGridStrategyUser-000,SIM-001,T-cd4da7d4f64a16ca-190832,LIMIT,SELL,0.057544,86890.64,GTC,,0.057544,MAKER,86890.64,0.0,['1.00000000 USDT'],FILLED,False,False,False,,NO_TRIGGER,,NO_CONTINGENCY,,,,,,,,e99758ca-4705-48db-9eb0-93a4f9450aba,2026-01-25 23:10:00+00:00,2026-01-26 00:05:00+00:00
TESTER-001,SRGridStrategyUser-000,BTC/USDT.SIM,SIM-1-1635,BTC/USDT.SIM-SRGridStrategyUser-000,SIM-001,T-1222da2f09b6de36-190885,LIMIT,SELL,0.057210,87398.03,GTC,,0.057210,MAKER,87398.03,0.0,['1.00000000 USDT'],FILLED,False,False,False,,NO_TRIGGER,,NO_CONTINGENCY,,,,,,,,850d4e12-02df-4982-b424-66d44a3683be,2026-01-25 23:10:00+00:00,2026-01-26 01:10:00+00:00
TESTER-001,SRGridStrategyUser-000,BTC/USDT.SIM,SIM-1-1640,BTC/USDT.SIM-SRGridStrategyUser-000,SIM-001,T-fd7c9884c1a7f9c6-191564,LIMIT,BUY,0.056811,88010.70,GTC,,0.056811,MAKER,88010.7,0.0,['1.00000000 USDT'],FILLED,False,False,False,,NO_TRIGGER,,NO_CONTINGENCY,,,,,,,,aa2a016b-98ab-4ac5-9a19-d98328988f8f,2026-01-26 15:10:00+00:00,2026-01-26 15:40:00+00:00
TESTER-001,SRGridStrategyUser-000,BTC/USDT.SIM,SIM-1-1641,BTC/USDT.SIM-SRGridStrategyUser-000,SIM-001,T-8aabb37e8550b63f-191589,LIMIT,BUY,0.054427,87299.95,GTC,,0.054427,MAKER,87299.95,0.0,['0.95000000 USDT'],FILLED,False,False,False,,NO_TRIGGER,,NO_CONTINGENCY,,,,,,,,c75d54f3-8370-4e77-9c4f-c64348357758,2026-01-26 15:10:00+00:00,2026-01-26 16:10:00+00:00
TESTER-001,SRGridStrategyUser-000,BTC/USDT.SIM,SIM-1-1648,BTC/USDT.SIM-SRGridStrategyUser-000,SIM-001,T-0bd515344ee09434-192307,LIMIT,BUY,0.056594,88347.97,GTC,,0.056594,MAKER,88347.97,0.0,['1.00000000 USDT'],FILLED,False,False,False,,NO_TRIGGER,,NO_CONTINGENCY,,,,,,,,9d4bc01e-be9c-49b7-85d3-48fd802ec7ae,2026-01-27 07:10:00+00:00,2026-01-27 07:45:00+00:00
TESTER-001,SRGridStrategyUser-000,BTC/USDT.SIM,SIM-1-1649,BTC/USDT.SIM-SRGridStrategyUser-000,SIM-001,T-c5aa6974aec5dfba-192356,LIMIT,BUY,0.056690,88198.54,GTC,,0.056690,MAKER,88198.54000000001,0.0,['1.00000000 USDT'],FILLED,False,False,False,,NO_TRIGGER,,NO_CONTINGENCY,,,,,,,,4f6b0df3-74ee-470c-856c-d83b7a371a77,2026-01-27 07:10:00+00:00,2026-01-27 08:45:00+00:00
TESTER-001,SRGridStrategyUser-000,BTC/USDT.SIM,SIM-1-1650,BTC/USDT.SIM-SRGridStrategyUser-000,SIM-001,T-c8d328b1ba05f45f-192697,LIMIT,SELL,0.056404,88646.85,GTC,,0.056404,MAKER,88646.85,0.0,['1.00000000 USDT'],FILLED,False,False,False,,NO_TRIGGER,,NO_CONTINGENCY,,,,,,,,43dd47d1-9780-4fc3-ad45-3565af3c029d,2026-01-27 07:10:00+00:00,2026-01-27 16:10:00+00:00
TESTER-001,SRGridStrategyUser-000,BTC/USDT.SIM,SIM-1-1651,BTC/USDT.SIM-SRGridStrategyUser-000,SIM-001,T-a50556a975bdd131-192724,LIMIT,SELL,0.056309,88796.28,GTC,,0.056309,MAKER,88796.28000000001,0.0,['1.00000000 USDT'],FILLED,False,False,False,,NO_TRIGGER,,NO_CONTINGENCY,,,,,,,,3c144c22-d47d-48ea-b5e4-57414005603b,2026-01-27 07:10:00+00:00,2026-01-27 16:40:00+00:00
TESTER-001,SRGridStrategyUser-000,BTC/USDT.SIM,SIM-1-1652,BTC/USDT.SIM-SRGridStrategyUser-000,SIM-001,T-c8d328b1ba05f45f-192698,LIMIT,SELL,0.056404,88646.85,GTC,,0.056404,MAKER,88646.85,0.0,['1.00000000 USDT'],FILLED,False,False,False,,NO_TRIGGER,,NO_CONTINGENCY,,,,,,,,142a7f0a-1324-48dd-bef1-22bad813d263,2026-01-27 07:45:00+00:00,2026-01-27 16:10:00+00:00
TESTER-001,SRGridStrategyUser-000,BTC/USDT.SIM,SIM-1-1653,BTC/USDT.SIM-SRGridStrategyUser-000,SIM-001,T-a50556a975bdd131-192725,LIMIT,SELL,0.056309,88796.28,GTC,,0.056309,MAKER,88796.28000000001,0.0,['1.00000000 USDT'],FILLED,False,False,False,,NO_TRIGGER,,NO_CONTINGENCY,,,,,,,,fce1f9d3-134b-4dc2-960c-80ea1e8b4150,2026-01-27 07:45:00+00:00,2026-01-27 16:40:00+00:00
TESTER-001,SRGridStrategyUser-000,BTC/USDT.SIM,SIM-1-1654,BTC/USDT.SIM-SRGridStrategyUser-000,SIM-001,T-c8d328b1ba05f45f-192699,LIMIT,SELL,0.056404,88646.85,GTC,,0.056404,MAKER,88646.85,0.0,['1.00000000 USDT'],FILLED,False,False,False,,NO_TRIGGER,,NO_CONTINGENCY,,,,,,,,9c562559-36c9-4d91-bfef-b3456b6a6ee7,2026-01-27 08:45:00+00:00,2026-01-27 16:10:00+00:00
TESTER-001,SRGridStrategyUser-000,BTC/USDT.SIM,SIM-1-1655,BTC/USDT.SIM-SRGridStrategyUser-000,SIM-001,T-a50556a975bdd131-192726,LIMIT,SELL,0.056309,88796.28,GTC,,0.056309,MAKER,88796.28000000001,0.0,['1.00000000 USDT'],FILLED,False,False,False,,NO_TRIGGER,,NO_CONTINGENCY,,,,,,,,491b33d3-11a1-4448-80d6-320cae5a5b45,2026-01-27 08:45:00+00:00,2026-01-27 16:40:00+00:00
TESTER-001,SRGridStrategyUser-000,BTC/USDT.SIM,SIM-1-1656,BTC/USDT.SIM-SRGridStrategyUser-000,SIM-001,T-1575866c592662f6-193224,LIMIT,BUY,0.056152,89044.18,GTC,,0.056152,MAKER,89044.18,0.0,['1.00000000 USDT'],FILLED,False,False,False,,NO_TRIGGER,,NO_CONTINGENCY,,,,,,,,10851da3-8516-4093-9f9a-0f6120eb651d,2026-01-27 23:10:00+00:00,2026-01-28 03:15:00+00:00
TESTER-001,SRGridStrategyUser-000,BTC/USDT.SIM,SIM-1-1658,BTC/USDT.SIM-SRGridStrategyUser-000,SIM-001,T-37a05648c80536e1-193533,LIMIT,SELL,0.055806,89596.44,GTC,,0.055806,MAKER,89596.44,0.0,['1.00000000 USDT'],FILLED,False,False,False,,NO_TRIGGER,,NO_CONTINGENCY,,,,,,,,4eea9548-0659-41aa-83ad-1f26a3d3c0c1,2026-01-27 23:10:00+00:00,2026-01-28 10:00:00+00:00
TESTER-001,SRGridStrategyUser-000,BTC/USDT.SIM,SIM-1-1659,BTC/USDT.SIM-SRGridStrategyUser-000,SIM-001,T-2d44d4a1e48ce616-193620,LIMIT,SELL,0.033014,89872.57,GTC,,0.033014,MAKER,89872.56999999999,0.0,['0.59000000 USDT'],FILLED,False,False,False,,NO_TRIGGER,,NO_CONTINGENCY,,,,,,,,38c6d7de-2075-4a41-a932-01dbe456665b,2026-01-27 23:10:00+00:00,2026-01-28 11:50:00+00:00
TESTER-001,SRGridStrategyUser-000,BTC/USDT.SIM,SIM-1-1660,BTC/USDT.SIM-SRGridStrategyUser-000,SIM-001,T-37a05648c80536e1-193534,LIMIT,SELL,0.055806,89596.44,GTC,,0.055806,MAKER,89596.44,0.0,['1.00000000 USDT'],FILLED,False,False,False,,NO_TRIGGER,,NO_CONTINGENCY,,,,,,,,551b77a1-2f1b-4848-baf6-b53f98ab8160,2026-01-28 03:15:00+00:00,2026-01-28 10:00:00+00:00
TESTER-001,SRGridStrategyUser-000,BTC/USDT.SIM,SIM-1-1661,BTC/USDT.SIM-SRGridStrategyUser-000,SIM-001,T-2d44d4a1e48ce616-193621,LIMIT,SELL,0.040500,89872.57,GTC,,0.040500,MAKER,89872.56999999999,0.0,['0.73000000 USDT'],FILLED,False,False,False,,NO_TRIGGER,,NO_CONTINGENCY,,,,,,,,8e161914-61d7-40a7-b6da-0705be77d704,2026-01-28 03:15:00+00:00,2026-01-28 11:50:00+00:00
TESTER-001,SRGridStrategyUser-000,BTC/USDT.SIM,SIM-1-1664,BTC/USDT.SIM-SRGridStrategyUser-000,SIM-001,T-bf47627b67e280de-194275,LIMIT,BUY,0.056456,88565.03,GTC,,0.056456,MAKER,88565.03,0.0,['1.00000000 USDT'],FILLED,False,False,False,,NO_TRIGGER,,NO_CONTINGENCY,,,,,,,,fc49c2a7-a7b8-4e73-bdc9-dab325d8a72a,2026-01-28 15:10:00+00:00,2026-01-29 01:50:00+00:00
TESTER-001,SRGridStrategyUser-000,BTC/USDT.SIM,SIM-1-1665,BTC/USDT.SIM-SRGridStrategyUser-000,SIM-001,T-63bfdd239c49a126-194306,LIMIT,BUY,0.056800,88028.28,GTC,,0.056800,MAKER,88028.28000000001,0.0,['1.00000000 USDT'],FILLED,False,False,False,,NO_TRIGGER,,NO_CONTINGENCY,,,,,,,,3357fffa-43ae-49aa-b2e7-a2b85cb5ee3e,2026-01-28 15:10:00+00:00,2026-01-29 02:30:00+00:00
TESTER-001,SRGridStrategyUser-000,BTC/USDT.SIM,SIM-1-1666,BTC/USDT.SIM-SRGridStrategyUser-000,SIM-001,T-f244fb1cf76850cc-194565,LIMIT,BUY,0.056694,88192.85,GTC,,0.056694,MAKER,88192.85,0.0,['1.00000000 USDT'],FILLED,False,False,False,,NO_TRIGGER,,NO_CONTINGENCY,,,,,,,,d140dfd0-6fad-4243-85ab-cc28653663c9,2026-01-29 07:10:00+00:00,2026-01-29 08:05:00+00:00
TESTER-001,SRGridStrategyUser-000,BTC/USDT.SIM,SIM-1-1667,BTC/USDT.SIM-SRGridStrategyUser-000,SIM-001,T-f244fb1cf76850cc-194567,LIMIT,BUY,0.056782,88055.97,GTC,,0.056782,MAKER,88055.97,0.0,['1.00000000 USDT'],FILLED,False,False,False,,NO_TRIGGER,,NO_CONTINGENCY,,,,,,,,82fa102e-cfc8-4237-9598-81e5be9a023b,2026-01-29 07:10:00+00:00,2026-01-29 08:05:00+00:00
TESTER-001,SRGridStrategyUser-000,BTC/USDT.SIM,SIM-1-1668,BTC/USDT.SIM-SRGridStrategyUser-000,SIM-001,T-e308530bb3627d83-194582,LIMIT,SELL,0.056518,88466.61,GTC,,0.056518,MAKER,88466.61,0.0,['1.00000000 USDT'],FILLED,False,False,False,,NO_TRIGGER,,NO_CONTINGENCY,,,,,,,,addb8705-85db-41d6-b0e7-894fa1dadaa3,2026-01-29 07:10:00+00:00,2026-01-29 08:25:00+00:00
TESTER-001,SRGridStrategyUser-000,BTC/USDT.SIM,SIM-1-1670,BTC/USDT.SIM-SRGridStrategyUser-000,SIM-001,T-e308530bb3627d83-194583,LIMIT,SELL,0.056518,88466.61,GTC,,0.056518,MAKER,88466.61,0.0,['1.00000000 USDT'],FILLED,False,False,False,,NO_TRIGGER,,NO_CONTINGENCY,,,,,,,,60d5deba-2abf-4d16-906f-f2668a44963e,2026-01-29 08:05:00+00:00,2026-01-29 08:25:00+00:00
TESTER-001,SRGridStrategyUser-000,BTC/USDT.SIM,SIM-1-1673,BTC/USDT.SIM-SRGridStrategyUser-000,SIM-001,T-eaa6ce74258f4629-195324,LIMIT,BUY,0.059298,84320.57,GTC,,0.059298,MAKER,84320.56999999999,0.0,['1.00000000 USDT'],FILLED,False,False,False,,NO_TRIGGER,,NO_CONTINGENCY,,,,,,,,eedc1a01-edaf-425b-bb21-12a16847736b,2026-01-29 23:15:00+00:00,2026-01-30 00:25:00+00:00
TESTER-001,SRGridStrategyUser-000,BTC/USDT.SIM,SIM-1-1674,BTC/USDT.SIM-SRGridStrategyUser-000,SIM-001,T-ff5c07228a041844-195345,LIMIT,BUY,0.059448,84106.84,GTC,,0.059448,MAKER,84106.84000000001,0.0,['1.00000000 USDT'],FILLED,False,False,False,,NO_TRIGGER,,NO_CONTINGENCY,,,,,,,,e962f56c-138a-4871-83f7-337f62a77d0e,2026-01-29 23:15:00+00:00,2026-01-30 00:50:00+00:00
TESTER-001,SRGridStrategyUser-000,BTC/USDT.SIM,SIM-1-1681,BTC/USDT.SIM-SRGridStrategyUser-000,SIM-001,T-1b8e622908d40730-196164,LIMIT,BUY,0.060723,82341.02,GTC,,0.060723,MAKER,82341.02,0.0,['1.00000000 USDT'],FILLED,False,False,False,,NO_TRIGGER,,NO_CONTINGENCY,,,,,,,,74aad704-60af-41ec-8127-5ccfabc44336,2026-01-30 15:15:00+00:00,2026-01-30 18:15:00+00:00
TESTER-001,SRGridStrategyUser-000,BTC/USDT.SIM,SIM-1-1683,BTC/USDT.SIM-SRGridStrategyUser-000,SIM-001,T-f2ecc6f7b97f5f09-196196,LIMIT,SELL,0.059462,84086.98,GTC,,0.059462,MAKER,84086.98,0.0,['1.00000000 USDT'],FILLED,False,False,False,,NO_TRIGGER,,NO_CONTINGENCY,,,,,,,,bae4c3b0-caa2-4b53-ad77-c0c581fff0fd,2026-01-30 15:15:00+00:00,2026-01-30 18:55:00+00:00
TESTER-001,SRGridStrategyUser-000,BTC/USDT.SIM,SIM-1-1685,BTC/USDT.SIM-SRGridStrategyUser-000,SIM-001,T-f2ecc6f7b97f5f09-196197,LIMIT,SELL,0.059462,84086.98,GTC,,0.059462,MAKER,84086.98,0.0,['1.00000000 USDT'],FILLED,False,False,False,,NO_TRIGGER,,NO_CONTINGENCY,,,,,,,,d45d1805-57b4-4cf2-b4c0-d8230b4e4e13,2026-01-30 18:15:00+00:00,2026-01-30 18:55:00+00:00
TESTER-001,SRGridStrategyUser-000,BTC/USDT.SIM,SIM-1-1688,BTC/USDT.SIM-SRGridStrategyUser-000,SIM-001,T-5dc73d4c14e540c0-196786,LIMIT,BUY,0.059905,83464.97,GTC,,0.059905,MAKER,83464.97,0.0,['1.00000000 USDT'],FILLED,False,False,False,,NO_TRIGGER,,NO_CONTINGENCY,,,,,,,,945ecfb4-754e-4df3-8543-bd135bf751ed,2026-01-31 07:15:00+00:00,2026-01-31 07:35:00+00:00
TESTER-001,SRGridStrategyUser-000,BTC/USDT.SIM,SIM-1-1689,BTC/USDT.SIM-SRGridStrategyUser-000,SIM-001,T-bade055225c177c1-196813,LIMIT,BUY,0.060063,83246.41,GTC,,0.060063,MAKER,83246.41,0.0,['1.00000000 USDT'],FILLED,False,False,False,,NO_TRIGGER,,NO_CONTINGENCY,,,,,,,,ce65fa36-2028-4dd5-8643-4690748613a6,2026-01-31 07:15:00+00:00,2026-01-31 08:10:00+00:00
TESTER-001,SRGridStrategyUser-000,BTC/USDT.SIM,SIM-1-1696,BTC/USDT.SIM-SRGridStrategyUser-000,SIM-001,T-cdeac0739e549fdd-197314,LIMIT,BUY,0.042377,77290.20,GTC,,0.042377,MAKER,77290.20000000001,0.0,['0.66000000 USDT'],FILLED,False,True,False,,NO_TRIGGER,,NO_CONTINGENCY,,,,,,,,8d47af00-7617-4881-9b26-e2b7a111f07d,2026-01-31 17:45:00+00:00,2026-01-31 18:40:00+00:00
TESTER-001,SRGridStrategyUser-000,BTC/USDT.SIM,SIM-1-1697,BTC/USDT.SIM-SRGridStrategyUser-000,SIM-001,T-0bf253d53283e9e6-197900,LIMIT,BUY,0.063929,78211.82,GTC,,0.063929,MAKER,78211.82,0.0,['1.00000000 USDT'],FILLED,False,False,False,,NO_TRIGGER,,NO_CONTINGENCY,,,,,,,,43e10b08-b5dc-47e4-8247-3de99edef971,2026-02-01 00:20:00+00:00,2026-02-01 07:00:00+00:00
TESTER-001,SRGridStrategyUser-000,BTC/USDT.SIM,SIM-1-1698,BTC/USDT.SIM-SRGridStrategyUser-000,SIM-001,T-f4de25436f9c6126-198259,LIMIT,BUY,0.064570,77435.59,GTC,,0.064570,MAKER,77435.59,0.0,['1.00000000 USDT'],FILLED,False,False,False,,NO_TRIGGER,,NO_CONTINGENCY,,,,,,,,f4b68e89-0ce9-48a1-b2e0-c98f4c57b0f1,2026-02-01 00:20:00+00:00,2026-02-01 14:35:00+00:00
TESTER-001,SRGridStrategyUser-000,BTC/USDT.SIM,SIM-1-1705,BTC/USDT.SIM-SRGridStrategyUser-000,SIM-001,T-bba8d0752d5bc646-198565,LIMIT,BUY,0.065352,76508.47,GTC,,0.065352,MAKER,76508.47,0.0,['1.00000000 USDT'],FILLED,False,False,False,,NO_TRIGGER,,NO_CONTINGENCY,,,,,,,,2e43e422-e92c-4892-be53-253ad961335a,2026-02-01 16:20:00+00:00,2026-02-01 21:05:00+00:00
TESTER-001,SRGridStrategyUser-000,BTC/USDT.SIM,SIM-1-1706,BTC/USDT.SIM-SRGridStrategyUser-000,SIM-001,T-84b515cce604bcf4-198858,LIMIT,BUY,0.013250,75471.32,GTC,,0.013250,MAKER,75471.32,0.0,['0.20000000 USDT'],FILLED,False,False,False,,NO_TRIGGER,,NO_CONTINGENCY,,,,,,,,33135098-a4e0-44ac-9f4c-099f2bd2f6d4,2026-02-01 16:20:00+00:00,2026-02-02 03:15:00+00:00
TESTER-001,SRGridStrategyUser-000,BTC/USDT.SIM,SIM-1-1715,BTC/USDT.SIM-SRGridStrategyUser-000,SIM-001,T-4b0c1f390a09631d-199157,LIMIT,SELL,0.064401,77638.25,GTC,,0.064401,MAKER,77638.25,0.0,['1.00000000 USDT'],FILLED,False,False,False,,NO_TRIGGER,,NO_CONTINGENCY,,,,,,,,f18cd1ec-37cd-4f03-972d-7009590e2e4d,2026-02-02 08:20:00+00:00,2026-02-02 09:35:00+00:00
TESTER-001,SRGridStrategyUser-000,BTC/USDT.SIM,SIM-1-1716,BTC/USDT.SIM-SRGridStrategyUser-000,SIM-001,T-f88854509e7d9a81-199291,LIMIT,SELL,0.063874,78278.77,GTC,,0.063874,MAKER,78278.77,0.0,['1.00000000 USDT'],FILLED,False,False,False,,NO_TRIGGER,,NO_CONTINGENCY,,,,,,,,d6fd988e-7823-4acc-a626-5b625c2f3066,2026-02-02 08:20:00+00:00,2026-02-02 12:25:00+00:00
TESTER-001,SRGridStrategyUser-000,BTC/USDT.SIM,SIM-1-1721,BTC/USDT.SIM-SRGridStrategyUser-000,SIM-001,T-0e0195606f550859-199963,LIMIT,BUY,0.063829,78334.06,GTC,,0.063829,MAKER,78334.06,0.0,['1.00000000 USDT'],FILLED,False,False,False,,NO_TRIGGER,,NO_CONTINGENCY,,,,,,,,f4ccd4ca-6345-4838-9285-eb33a5cb2c66,2026-02-03 00:20:00+00:00,2026-02-03 02:45:00+00:00
TESTER-001,SRGridStrategyUser-000,BTC/USDT.SIM,SIM-1-1722,BTC/USDT.SIM-SRGridStrategyUser-000,SIM-001,T-f3e9fb27e0d18e27-199969,LIMIT,BUY,0.064137,77957.91,GTC,,0.064137,MAKER,77957.91,0.0,['1.00000000 USDT'],FILLED,False,False,False,,NO_TRIGGER,,NO_CONTINGENCY,,,,,,,,b1ad751d-8b02-430f-ae14-fb1f787e75c2,2026-02-03 00:20:00+00:00,2026-02-03 02:50:00+00:00
TESTER-001,SRGridStrategyUser-000,BTC/USDT.SIM,SIM-1-1723,BTC/USDT.SIM-SRGridStrategyUser-000,SIM-001,T-36cc00cf1ee57b1a-199877,LIMIT,SELL,0.063222,79086.36,GTC,,0.063222,MAKER,79086.36,0.0,['1.00000000 USDT'],FILLED,False,False,False,,NO_TRIGGER,,NO_CONTINGENCY,,,,,,,,a63f8beb-56f6-4220-89d5-4f8bbf6bbeb5,2026-02-03 00:20:00+00:00,2026-02-03 00:55:00+00:00
TESTER-001,SRGridStrategyUser-000,BTC/USDT.SIM,SIM-1-1725,BTC/USDT.SIM-SRGridStrategyUser-000,SIM-001,T-0e0195606f550859-199964,LIMIT,BUY,0.063829,78334.06,GTC,,0.063829,MAKER,78334.06,0.0,['1.00000000 USDT'],FILLED,False,False,False,,NO_TRIGGER,,NO_CONTINGENCY,,,,,,,,275a25ec-d401-4dea-82a3-aae6154012d8,2026-02-03 00:55:00+00:00,2026-02-03 02:45:00+00:00
TESTER-001,SRGridStrategyUser-000,BTC/USDT.SIM,SIM-1-1726,BTC/USDT.SIM-SRGridStrategyUser-000,SIM-001,T-f3e9fb27e0d18e27-199970,LIMIT,BUY,0.064137,77957.91,GTC,,0.064137,MAKER,77957.91,0.0,['1.00000000 USDT'],FILLED,False,False,False,,NO_TRIGGER,,NO_CONTINGENCY,,,,,,,,11e6dfed-b346-416c-9c6f-8f8756069a7f,2026-02-03 00:55:00+00:00,2026-02-03 02:50:00+00:00
TESTER-001,SRGridStrategyUser-000,BTC/USDT.SIM,SIM-1-1729,BTC/USDT.SIM-SRGridStrategyUser-000,SIM-001,T-5be2be1184b597bd-200663,LIMIT,BUY,0.066096,75647.38,GTC,,0.066096,MAKER,75647.37999999999,0.0,['1.00000000 USDT'],FILLED,False,False,False,,NO_TRIGGER,,NO_CONTINGENCY,,,,,,,,1e76171b-0c1b-4803-aaec-a65706c2264a,2026-02-03 16:20:00+00:00,2026-02-03 17:35:00+00:00
TESTER-001,SRGridStrategyUser-000,BTC/USDT.SIM,SIM-1-1730,BTC/USDT.SIM-SRGridStrategyUser-000,SIM-001,T-0de52261c165f679-200696,LIMIT,BUY,0.013412,74560.76,GTC,,0.013412,MAKER,74560.76000000001,0.0,['0.20000000 USDT'],FILLED,False,False,False,,NO_TRIGGER,,NO_CONTINGENCY,,,,,,,,705bd352-1033-43aa-94bb-af0030be3db9,2026-02-03 16:20:00+00:00,2026-02-03 18:15:00+00:00
TESTER-001,SRGridStrategyUser-000,BTC/USDT.SIM,SIM-1-1737,BTC/USDT.SIM-SRGridStrategyUser-000,SIM-001,T-d4ab6fb42a3b7901-200747,LIMIT,SELL,0.351044,75167.48,GTC,,0.351044,MAKER,75167.48000000001,0.0,['5.28000000 USDT'],FILLED,False,True,False,,NO_TRIGGER,,NO_CONTINGENCY,,,,,,,,678d353a-a0be-42df-85ec-c2fefea3cac7,2026-02-03 18:35:00+00:00,2026-02-03 19:20:00+00:00
TESTER-001,SRGridStrategyUser-000,BTC/USDT.SIM,SIM-1-1738,BTC/USDT.SIM-SRGridStrategyUser-000,SIM-001,T-ef2c06d388153f99-201623,LIMIT,BUY,0.066547,75135.04,GTC,,0.066547,MAKER,75135.04,0.0,['1.00000000 USDT'],FILLED,False,False,False,,NO_TRIGGER,,NO_CONTINGENCY,,,,,,,,c56872c1-eb56-41bc-98fe-9073d33a791d,2026-02-03 23:15:00+00:00,2026-02-04 13:45:00+00:00
TESTER-001,SRGridStrategyUser-000,BTC/USDT.SIM,SIM-1-1739,BTC/USDT.SIM-SRGridStrategyUser-000,SIM-001,T-79a9291c95bc47eb-201680,LIMIT,BUY,0.067111,74503.85,GTC,,0.067111,MAKER,74503.84999999999,0.0,['1.00000000 USDT'],FILLED,False,False,False,,NO_TRIGGER,,NO_CONTINGENCY,,,,,,,,5213de2f-3d9e-4c20-aa23-eefc5ac22791,2026-02-03 23:15:00+00:00,2026-02-04 14:55:00+00:00
TESTER-001,SRGridStrategyUser-000,BTC/USDT.SIM,SIM-1-1740,BTC/USDT.SIM-SRGridStrategyUser-000,SIM-001,T-97cfa39f92ffcac0-201017,LIMIT,SELL,0.065447,76397.44,GTC,,0.065447,MAKER,76397.44,0.0,['1.00000000 USDT'],FILLED,False,False,False,,NO_TRIGGER,,NO_CONTINGENCY,,,,,,,,73bb4e8e-c96e-425b-a040-7fd4cc793796,2026-02-03 23:15:00+00:00,2026-02-04 01:00:00+00:00
TESTER-001,SRGridStrategyUser-000,BTC/USDT.SIM,SIM-1-1742,BTC/USDT.SIM-SRGridStrategyUser-000,SIM-001,T-ef2c06d388153f99-201624,LIMIT,BUY,0.066547,75135.04,GTC,,0.066547,MAKER,75135.04,0.0,['1.00000000 USDT'],FILLED,False,False,False,,NO_TRIGGER,,NO_CONTINGENCY,,,,,,,,5101b6db-e69d-45cb-8e1c-ca2292d8c4f8,2026-02-04 01:00:00+00:00,2026-02-04 13:45:00+00:00
TESTER-001,SRGridStrategyUser-000,BTC/USDT.SIM,SIM-1-1743,BTC/USDT.SIM-SRGridStrategyUser-000,SIM-001,T-79a9291c95bc47eb-201681,LIMIT,BUY,0.067111,74503.85,GTC,,0.067111,MAKER,74503.84999999999,0.0,['1.00000000 USDT'],FILLED,False,False,False,,NO_TRIGGER,,NO_CONTINGENCY,,,,,,,,1bfebd66-04f8-45cf-8fe5-eee449471c38,2026-02-04 01:00:00+00:00,2026-02-04 14:55:00+00:00
TESTER-001,SRGridStrategyUser-000,BTC/USDT.SIM,SIM-1-1746,BTC/USDT.SIM-SRGridStrategyUser-000,SIM-001,T-9248d5a0e40feb27-201762,LIMIT,BUY,0.068283,73224.67,GTC,,0.068283,MAKER,73224.67,0.0,['1.00000000 USDT'],FILLED,False,False,False,,NO_TRIGGER,,NO_CONTINGENCY,,,,,,,,155eea4d-dbab-4843-950f-ef1b94fe8172,2026-02-04 15:15:00+00:00,2026-02-04 16:35:00+00:00
TESTER-001,SRGridStrategyUser-000,BTC/USDT.SIM,SIM-1-1752,BTC/USDT.SIM-SRGridStrategyUser-000,SIM-001,T-00e810d2dbcaf0ed-201861,LIMIT,SELL,0.270152,74033.50,GTC,,0.270152,MAKER,74033.5,0.0,['4.00000000 USDT'],FILLED,False,True,False,,NO_TRIGGER,,NO_CONTINGENCY,,,,,,,,d4aa2e3c-fa92-4d01-9be2-21c2f29fe1d8,2026-02-04 17:40:00+00:00,2026-02-04 18:40:00+00:00
TESTER-001,SRGridStrategyUser-000,BTC/USDT.SIM,SIM-1-1753,BTC/USDT.SIM-SRGridStrategyUser-000,SIM-001,T-21d608442262c7b7-202218,LIMIT,BUY,0.069747,71687.46,GTC,,0.069747,MAKER,71687.45999999999,0.0,['1.00000000 USDT'],FILLED,False,False,False,,NO_TRIGGER,,NO_CONTINGENCY,,,,,,,,4eef5895-bac9-427f-ae9d-b427d207e0b3,2026-02-04 22:40:00+00:00,2026-02-05 02:15:00+00:00
TESTER-001,SRGridStrategyUser-000,BTC/USDT.SIM,SIM-1-1754,BTC/USDT.SIM-SRGridStrategyUser-000,SIM-001,T-cb4f08a2971b149b-202367,LIMIT,BUY,0.014168,70582.08,GTC,,0.014168,MAKER,70582.08,0.0,['0.20000000 USDT'],FILLED,False,False,False,,NO_TRIGGER,,NO_CONTINGENCY,,,,,,,,19f3d621-d9b3-4e36-a6ef-e7fece187b1a,2026-02-04 22:40:00+00:00,2026-02-05 05:20:00+00:00
TESTER-001,SRGridStrategyUser-000,BTC/USDT.SIM,SIM-1-1761,BTC/USDT.SIM-SRGridStrategyUser-000,SIM-001,T-cffa783114e42473-202822,LIMIT,BUY,0.071856,69583.50,GTC,,0.071856,MAKER,69583.5,0.0,['1.00000000 USDT'],FILLED,False,False,False,,NO_TRIGGER,,NO_CONTINGENCY,,,,,,,,665ab35a-9c14-4ed4-8b82-39085e5514e2,2026-02-05 14:40:00+00:00,2026-02-05 14:55:00+00:00
TESTER-001,SRGridStrategyUser-000,BTC/USDT.SIM,SIM-1-1762,BTC/USDT.SIM-SRGridStrategyUser-000,SIM-001,T-8db2c3ac11148572-202831,LIMIT,BUY,0.014549,68731.00,GTC,,0.014549,MAKER,68731.0,0.0,['0.20000000 USDT'],FILLED,False,False,False,,NO_TRIGGER,,NO_CONTINGENCY,,,,,,,,19ec11f7-0d29-4181-9613-258c2109a71a,2026-02-05 14:40:00+00:00,2026-02-05 15:05:00+00:00
TESTER-001,SRGridStrategyUser-000,BTC/USDT.SIM,SIM-1-1769,BTC/USDT.SIM-SRGridStrategyUser-000,SIM-001,T-994f8868d9424d0d-202914,LIMIT,SELL,0.170320,68680.43,GTC,,0.170320,MAKER,68680.43,0.0,['2.34000000 USDT'],FILLED,False,True,False,,NO_TRIGGER,,NO_CONTINGENCY,,,,,,,,1cd7e85c-2c0a-4dbd-8ac0-5992500e495c,2026-02-05 15:30:00+00:00,2026-02-05 16:50:00+00:00
TESTER-001,SRGridStrategyUser-000,BTC/USDT.SIM,SIM-1-1772,BTC/USDT.SIM-SRGridStrategyUser-000,SIM-001,T-9a25a23704990053-203535,LIMIT,SELL,0.075662,66083.16,GTC,,0.075662,MAKER,66083.16,0.0,['1.00000000 USDT'],FILLED,False,False,False,,NO_TRIGGER,,NO_CONTINGENCY,,,,,,,,a555e94f-567e-49c1-8aae-f9e7fc208894,2026-02-06 02:30:00+00:00,2026-02-06 05:50:00+00:00
TESTER-001,SRGridStrategyUser-000,BTC/USDT.SIM,SIM-1-1774,BTC/USDT.SIM-SRGridStrategyUser-000,SIM-001,T-088144e41f9c0564-203556,LIMIT,BUY,0.075662,66019.84,GTC,,0.075662,MAKER,66019.84,0.0,['1.00000000 USDT'],FILLED,False,True,False,,NO_TRIGGER,,NO_CONTINGENCY,,,,,,,,5288e79c-6f73-47e2-88e4-13d8994abc01,2026-02-06 05:50:00+00:00,2026-02-06 06:15:00+00:00
TESTER-001,SRGridStrategyUser-000,BTC/USDT.SIM,SIM-1-1781,BTC/USDT.SIM-SRGridStrategyUser-000,SIM-001,T-74097f8716f5071d-203709,LIMIT,SELL,0.075908,65868.98,GTC,,0.075908,MAKER,65868.98,0.0,['1.00000000 USDT'],FILLED,False,False,False,,NO_TRIGGER,,NO_CONTINGENCY,,,,,,,,1f5a035f-c730-4ebb-806e-b858daf532c1,2026-02-06 08:50:00+00:00,2026-02-06 09:30:00+00:00
TESTER-001,SRGridStrategyUser-000,BTC/USDT.SIM,SIM-1-1782,BTC/USDT.SIM-SRGridStrategyUser-000,SIM-001,T-4f97f35266c3baf4-203825,LIMIT,SELL,0.074921,66736.72,GTC,,0.074921,MAKER,66736.72,0.0,['1.00000000 USDT'],FILLED,False,False,False,,NO_TRIGGER,,NO_CONTINGENCY,,,,,,,,27bfbccb-399f-4177-aed9-c1f04a9c9648,2026-02-06 08:50:00+00:00,2026-02-06 11:55:00+00:00
TESTER-001,SRGridStrategyUser-000,BTC/USDT.SIM,SIM-1-1788,BTC/USDT.SIM-SRGridStrategyUser-000,SIM-001,T-597faa5144783c15-204719,LIMIT,BUY,0.071941,69501.39,GTC,,0.071941,MAKER,69501.39,0.0,['1.00000000 USDT'],FILLED,False,False,False,,NO_TRIGGER,,NO_CONTINGENCY,,,,,,,,7b9f2f4a-c538-470b-995b-c76e1b29388a,2026-02-07 00:15:00+00:00,2026-02-07 06:50:00+00:00
TESTER-001,SRGridStrategyUser-000,BTC/USDT.SIM,SIM-1-1789,BTC/USDT.SIM-SRGridStrategyUser-000,SIM-001,T-a9738e4816087f36-204726,LIMIT,BUY,0.072648,68824.79,GTC,,0.072648,MAKER,68824.79000000001,0.0,['1.00000000 USDT'],FILLED,False,False,False,,NO_TRIGGER,,NO_CONTINGENCY,,,,,,,,c5eff784-244d-4f65-aa88-c9808c294890,2026-02-07 00:15:00+00:00,2026-02-07 06:55:00+00:00
TESTER-001,SRGridStrategyUser-000,BTC/USDT.SIM,SIM-1-1790,BTC/USDT.SIM-SRGridStrategyUser-000,SIM-001,T-62b369c399a0ed29-204556,LIMIT,SELL,0.070567,70854.61,GTC,,0.070567,MAKER,70854.61,0.0,['1.00000000 USDT'],FILLED,False,False,False,,NO_TRIGGER,,NO_CONTINGENCY,,,,,,,,f18dbd55-fdf8-4aac-9f72-fe644b56d8c7,2026-02-07 00:15:00+00:00,2026-02-07 03:25:00+00:00
TESTER-001,SRGridStrategyUser-000,BTC/USDT.SIM,SIM-1-1791,BTC/USDT.SIM-SRGridStrategyUser-000,SIM-001,T-30f1113bbe4eb006-204599,LIMIT,SELL,0.033067,71531.21,GTC,,0.033067,MAKER,71531.20999999999,0.0,['0.47000000 USDT'],FILLED,False,False,False,,NO_TRIGGER,,NO_CONTINGENCY,,,,,,,,2ba3b903-e6ca-4557-8048-812f4a8d839c,2026-02-07 00:15:00+00:00,2026-02-07 04:20:00+00:00
TESTER-001,SRGridStrategyUser-000,BTC/USDT.SIM,SIM-1-1792,BTC/USDT.SIM-SRGridStrategyUser-000,SIM-001,T-597faa5144783c15-204720,LIMIT,BUY,0.071941,69501.39,GTC,,0.071941,MAKER,69501.39,0.0,['1.00000000 USDT'],FILLED,False,False,False,,NO_TRIGGER,,NO_CONTINGENCY,,,,,,,,b8079817-cd1b-4071-8797-789936d2c14d,2026-02-07 03:25:00+00:00,2026-02-07 06:50:00+00:00
TESTER-001,SRGridStrategyUser-000,BTC/USDT.SIM,SIM-1-1793,BTC/USDT.SIM-SRGridStrategyUser-000,SIM-001,T-a9738e4816087f36-204727,LIMIT,BUY,0.072648,68824.79,GTC,,0.072648,MAKER,68824.79000000001,0.0,['1.00000000 USDT'],FILLED,False,False,False,,NO_TRIGGER,,NO_CONTINGENCY,,,,,,,,dd944ae0-06b2-44ab-955c-8292e05c52da,2026-02-07 03:25:00+00:00,2026-02-07 06:55:00+00:00
TESTER-001,SRGridStrategyUser-000,BTC/USDT.SIM,SIM-1-1794,BTC/USDT.SIM-SRGridStrategyUser-000,SIM-001,T-597faa5144783c15-204721,LIMIT,BUY,0.071941,69501.39,GTC,,0.071941,MAKER,69501.39,0.0,['1.00000000 USDT'],FILLED,False,False,False,,NO_TRIGGER,,NO_CONTINGENCY,,,,,,,,5137a36b-563f-4ee1-b98a-a7a7c2fde21b,2026-02-07 04:20:00+00:00,2026-02-07 06:50:00+00:00
TESTER-001,SRGridStrategyUser-000,BTC/USDT.SIM,SIM-1-1795,BTC/USDT.SIM-SRGridStrategyUser-000,SIM-001,T-a9738e4816087f36-204728,LIMIT,BUY,0.072648,68824.79,GTC,,0.072648,MAKER,68824.79000000001,0.0,['1.00000000 USDT'],FILLED,False,False,False,,NO_TRIGGER,,NO_CONTINGENCY,,,,,,,,68a2640a-71f3-407a-866c-e75bd01c68d5,2026-02-07 04:20:00+00:00,2026-02-07 06:55:00+00:00
TESTER-001,SRGridStrategyUser-000,BTC/USDT.SIM,SIM-1-1796,BTC/USDT.SIM-SRGridStrategyUser-000,SIM-001,T-dc6065f36aa1a161-204973,LIMIT,SELL,0.179304,68503.91,GTC,,0.179304,MAKER,68503.91,0.0,['2.46000000 USDT'],FILLED,False,True,False,,NO_TRIGGER,,NO_CONTINGENCY,,,,,,,,fe9d47c6-9247-42e4-82cf-0f2076b318da,2026-02-07 10:55:00+00:00,2026-02-07 12:05:00+00:00
TESTER-001,SRGridStrategyUser-000,BTC/USDT.SIM,SIM-1-1803,BTC/USDT.SIM-SRGridStrategyUser-000,SIM-001,T-0109ed46a7c14a89-205883,LIMIT,SELL,0.071874,69566.57,GTC,,0.071874,MAKER,69566.56999999999,0.0,['1.00000000 USDT'],FILLED,False,False,False,,NO_TRIGGER,,NO_CONTINGENCY,,,,,,,,4a3a3745-8f2b-4674-90bc-47be9018706a,2026-02-08 05:05:00+00:00,2026-02-08 07:30:00+00:00
TESTER-001,SRGridStrategyUser-000,BTC/USDT.SIM,SIM-1-1804,BTC/USDT.SIM-SRGridStrategyUser-000,SIM-001,T-61e9952ea0254daa-205907,LIMIT,SELL,0.071604,69828.13,GTC,,0.071604,MAKER,69828.13,0.0,['1.00000000 USDT'],FILLED,False,False,False,,NO_TRIGGER,,NO_CONTINGENCY,,,,,,,,e229134c-cb34-4542-8a2d-c62702f79843,2026-02-08 05:05:00+00:00,2026-02-08 08:00:00+00:00
TESTER-001,SRGridStrategyUser-000,BTC/USDT.SIM,SIM-1-1809,BTC/USDT.SIM-SRGridStrategyUser-000,SIM-001,T-4e12c6df82a93a25-206559,LIMIT,BUY,0.070883,70538.32,GTC,,0.070883,MAKER,70538.32,0.0,['1.00000000 USDT'],FILLED,False,False,False,,NO_TRIGGER,,NO_CONTINGENCY,,,,,,,,1452fc97-8164-42ee-963c-a96c9bcb53c9,2026-02-08 21:05:00+00:00,2026-02-08 21:50:00+00:00
TESTER-001,SRGridStrategyUser-000,BTC/USDT.SIM,SIM-1-1810,BTC/USDT.SIM-SRGridStrategyUser-000,SIM-001,T-d9e851ad3b4fff23-206648,LIMIT,BUY,0.071310,70116.65,GTC,,0.071310,MAKER,70116.65,0.0,['1.00000000 USDT'],FILLED,False,False,False,,NO_TRIGGER,,NO_CONTINGENCY,,,,,,,,0a8d9d1b-80a5-4cf6-b7e8-3107423f692f,2026-02-08 21:05:00+00:00,2026-02-08 23:35:00+00:00
TESTER-001,SRGridStrategyUser-000,BTC/USDT.SIM,SIM-1-1811,BTC/USDT.SIM-SRGridStrategyUser-000,SIM-001,T-e3c0433a9f31ed29-206615,LIMIT,SELL,0.070046,71381.66,GTC,,0.070046,MAKER,71381.66,0.0,['1.00000000 USDT'],FILLED,False,False,False,,NO_TRIGGER,,NO_CONTINGENCY,,,,,,,,16a9510b-6634-4246-a85f-debd10232986,2026-02-08 21:05:00+00:00,2026-02-08 23:00:00+00:00
TESTER-001,SRGridStrategyUser-000,BTC/USDT.SIM,SIM-1-1812,BTC/USDT.SIM-SRGridStrategyUser-000,SIM-001,T-43b86f248c7bed95-206621,LIMIT,SELL,0.013927,71803.33,GTC,,0.013927,MAKER,71803.33,0.0,['0.20000000 USDT'],FILLED,False,False,False,,NO_TRIGGER,,NO_CONTINGENCY,,,,,,,,4ef21bd6-86e9-4e19-bf3d-27ac8f08c7b5,2026-02-08 21:05:00+00:00,2026-02-08 23:05:00+00:00
TESTER-001,SRGridStrategyUser-000,BTC/USDT.SIM,SIM-1-1813,BTC/USDT.SIM-SRGridStrategyUser-000,SIM-001,T-e3c0433a9f31ed29-206616,LIMIT,SELL,0.070046,71381.66,GTC,,0.070046,MAKER,71381.66,0.0,['1.00000000 USDT'],FILLED,False,False,False,,NO_TRIGGER,,NO_CONTINGENCY,,,,,,,,8bf544ae-4b4a-4c52-95e3-eb11edea54a3,2026-02-08 21:50:00+00:00,2026-02-08 23:00:00+00:00
TESTER-001,SRGridStrategyUser-000,BTC/USDT.SIM,SIM-1-1814,BTC/USDT.SIM-SRGridStrategyUser-000,SIM-001,T-43b86f248c7bed95-206622,LIMIT,SELL,0.017621,71803.33,GTC,,0.017621,MAKER,71803.33,0.0,['0.25000000 USDT'],FILLED,False,False,False,,NO_TRIGGER,,NO_CONTINGENCY,,,,,,,,12fc4208-930e-468f-a265-be70eb608388,2026-02-08 21:50:00+00:00,2026-02-08 23:05:00+00:00
TESTER-001,SRGridStrategyUser-000,BTC/USDT.SIM,SIM-1-1815,BTC/USDT.SIM-SRGridStrategyUser-000,SIM-001,T-d9e851ad3b4fff23-206649,LIMIT,BUY,0.071310,70116.65,GTC,,0.071310,MAKER,70116.65,0.0,['1.00000000 USDT'],FILLED,False,False,False,,NO_TRIGGER,,NO_CONTINGENCY,,,,,,,,97941126-7cb4-46c4-9bbb-de62734dba08,2026-02-08 23:00:00+00:00,2026-02-08 23:35:00+00:00
TESTER-001,SRGridStrategyUser-000,BTC/USDT.SIM,SIM-1-1816,BTC/USDT.SIM-SRGridStrategyUser-000,SIM-001,T-d9e851ad3b4fff23-206650,LIMIT,BUY,0.071310,70116.65,GTC,,0.071310,MAKER,70116.65,0.0,['1.00000000 USDT'],FILLED,False,False,False,,NO_TRIGGER,,NO_CONTINGENCY,,,,,,,,2bbf2ed6-0ac9-4150-9e77-2209e0bfd679,2026-02-08 23:05:00+00:00,2026-02-08 23:35:00+00:00
TESTER-001,SRGridStrategyUser-000,BTC/USDT.SIM,SIM-1-1817,BTC/USDT.SIM-SRGridStrategyUser-000,SIM-001,T-3a6133f798362fdb-207325,LIMIT,BUY,0.072755,68724.14,GTC,,0.072755,MAKER,68724.14,0.0,['1.00000000 USDT'],FILLED,False,False,False,,NO_TRIGGER,,NO_CONTINGENCY,,,,,,,,7ea1e221-2627-45b0-83fb-302e2feda9da,2026-02-09 13:05:00+00:00,2026-02-09 13:55:00+00:00
TESTER-001,SRGridStrategyUser-000,BTC/USDT.SIM,SIM-1-1818,BTC/USDT.SIM-SRGridStrategyUser-000,SIM-001,T-450985cbf5025edc-207334,LIMIT,BUY,0.053187,68372.42,GTC,,0.053187,MAKER,68372.42,0.0,['0.73000000 USDT'],FILLED,False,False,False,,NO_TRIGGER,,NO_CONTINGENCY,,,,,,,,852f61d8-d564-4148-bb08-49aa970e5da2,2026-02-09 13:05:00+00:00,2026-02-09 14:05:00+00:00
TESTER-001,SRGridStrategyUser-000,BTC/USDT.SIM,SIM-1-1819,BTC/USDT.SIM-SRGridStrategyUser-000,SIM-001,T-488327c395297b8f-207362,LIMIT,SELL,0.072017,69427.58,GTC,,0.072017,MAKER,69427.58,0.0,['1.00000000 USDT'],FILLED,False,False,False,,NO_TRIGGER,,NO_CONTINGENCY,,,,,,,,5f698c34-2f9a-4519-aae4-926fa0ad4903,2026-02-09 13:05:00+00:00,2026-02-09 14:40:00+00:00
TESTER-001,SRGridStrategyUser-000,BTC/USDT.SIM,SIM-1-1820,BTC/USDT.SIM-SRGridStrategyUser-000,SIM-001,T-351b6173263de4f3-207384,LIMIT,SELL,0.071654,69779.30,GTC,,0.071654,MAKER,69779.3,0.0,['1.00000000 USDT'],FILLED,False,False,False,,NO_TRIGGER,,NO_CONTINGENCY,,,,,,,,9e277c8b-8052-49f5-bc31-472e9105e931,2026-02-09 13:05:00+00:00,2026-02-09 15:05:00+00:00
TESTER-001,SRGridStrategyUser-000,BTC/USDT.SIM,SIM-1-1821,BTC/USDT.SIM-SRGridStrategyUser-000,SIM-001,T-488327c395297b8f-207363,LIMIT,SELL,0.072017,69427.58,GTC,,0.072017,MAKER,69427.58,0.0,['1.00000000 USDT'],FILLED,False,False,False,,NO_TRIGGER,,NO_CONTINGENCY,,,,,,,,f14eca18-08aa-418b-978c-b71dd45d0240,2026-02-09 13:55:00+00:00,2026-02-09 14:40:00+00:00
TESTER-001,SRGridStrategyUser-000,BTC/USDT.SIM,SIM-1-1822,BTC/USDT.SIM-SRGridStrategyUser-000,SIM-001,T-351b6173263de4f3-207385,LIMIT,SELL,0.071654,69779.30,GTC,,0.071654,MAKER,69779.3,0.0,['1.00000000 USDT'],FILLED,False,False,False,,NO_TRIGGER,,NO_CONTINGENCY,,,,,,,,cd4e578e-7e27-43f5-a0b9-5bf0f4c4e6a9,2026-02-09 13:55:00+00:00,2026-02-09 15:05:00+00:00
TESTER-001,SRGridStrategyUser-000,BTC/USDT.SIM,SIM-1-1823,BTC/USDT.SIM-SRGridStrategyUser-000,SIM-001,T-488327c395297b8f-207364,LIMIT,SELL,0.072017,69427.58,GTC,,0.072017,MAKER,69427.58,0.0,['1.00000000 USDT'],FILLED,False,False,False,,NO_TRIGGER,,NO_CONTINGENCY,,,,,,,,b8fdfd59-711b-4c9d-8ac7-3d142fa5d0b1,2026-02-09 14:05:00+00:00,2026-02-09 14:40:00+00:00
TESTER-001,SRGridStrategyUser-000,BTC/USDT.SIM,SIM-1-1824,BTC/USDT.SIM-SRGridStrategyUser-000,SIM-001,T-351b6173263de4f3-207386,LIMIT,SELL,0.071654,69779.30,GTC,,0.071654,MAKER,69779.3,0.0,['1.00000000 USDT'],FILLED,False,False,False,,NO_TRIGGER,,NO_CONTINGENCY,,,,,,,,3ef094e1-b6df-4b1a-b6fc-22455ec363fc,2026-02-09 14:05:00+00:00,2026-02-09 15:05:00+00:00
TESTER-001,SRGridStrategyUser-000,BTC/USDT.SIM,SIM-1-1825,BTC/USDT.SIM-SRGridStrategyUser-000,SIM-001,T-c91e307d345cacfc-208069,LIMIT,BUY,0.072035,69410.50,GTC,,0.072035,MAKER,69410.5,0.0,['1.00000000 USDT'],FILLED,False,False,False,,NO_TRIGGER,,NO_CONTINGENCY,,,,,,,,20ab5fea-137e-490f-add3-c906f5d54421,2026-02-10 05:05:00+00:00,2026-02-10 05:40:00+00:00
TESTER-001,SRGridStrategyUser-000,BTC/USDT.SIM,SIM-1-1826,BTC/USDT.SIM-SRGridStrategyUser-000,SIM-001,T-349d4a7b99fe278c-208106,LIMIT,BUY,0.072373,69086.51,GTC,,0.072373,MAKER,69086.51,0.0,['1.00000000 USDT'],FILLED,False,False,False,,NO_TRIGGER,,NO_CONTINGENCY,,,,,,,,a0158b4e-9bb2-49ae-a916-2df4b29abb08,2026-02-10 05:05:00+00:00,2026-02-10 06:25:00+00:00
TESTER-001,SRGridStrategyUser-000,BTC/USDT.SIM,SIM-1-1827,BTC/USDT.SIM-SRGridStrategyUser-000,SIM-001,T-c277eb3b2f548a33-208817,LIMIT,BUY,0.073002,68491.72,GTC,,0.073002,MAKER,68491.71999999999,0.0,['1.00000000 USDT'],FILLED,False,False,False,,NO_TRIGGER,,NO_CONTINGENCY,,,,,,,,942ca1db-94de-42e1-9abd-beafb6896fbf,2026-02-10 21:05:00+00:00,2026-02-10 21:30:00+00:00
TESTER-001,SRGridStrategyUser-000,BTC/USDT.SIM,SIM-1-1828,BTC/USDT.SIM-SRGridStrategyUser-000,SIM-001,T-f951430b6c570930-209092,LIMIT,BUY,0.052823,68069.59,GTC,,0.052823,MAKER,68069.59,0.0,['0.72000000 USDT'],FILLED,False,False,False,,NO_TRIGGER,,NO_CONTINGENCY,,,,,,,,063c228f-0c3f-4276-b039-ad5124f70d22,2026-02-10 21:05:00+00:00,2026-02-11 03:20:00+00:00
TESTER-001,SRGridStrategyUser-000,BTC/USDT.SIM,SIM-1-1835,BTC/USDT.SIM-SRGridStrategyUser-000,SIM-001,T-df7852e2eded1850-209641,LIMIT,BUY,0.075093,66584.40,GTC,,0.075093,MAKER,66584.4,0.0,['1.00000000 USDT'],FILLED,False,False,False,,NO_TRIGGER,,NO_CONTINGENCY,,,,,,,,c09f734f-4649-4f05-aefc-ba4c6281bb2d,2026-02-11 13:05:00+00:00,2026-02-11 14:55:00+00:00
TESTER-001,SRGridStrategyUser-000,BTC/USDT.SIM,SIM-1-1836,BTC/USDT.SIM-SRGridStrategyUser-000,SIM-001,T-fc3aeda22fe01434-209652,LIMIT,BUY,0.015110,66183.45,GTC,,0.015110,MAKER,66183.45,0.0,['0.20000000 USDT'],FILLED,False,False,False,,NO_TRIGGER,,NO_CONTINGENCY,,,,,,,,4eb68c15-2d9c-4617-9029-e5cd6179cdcf,2026-02-11 13:05:00+00:00,2026-02-11 15:05:00+00:00
TESTER-001,SRGridStrategyUser-000,BTC/USDT.SIM,SIM-1-1837,BTC/USDT.SIM-SRGridStrategyUser-000,SIM-001,T-5ee0a511b197d508-209572,LIMIT,SELL,0.074199,67386.28,GTC,,0.074199,MAKER,67386.28,0.0,['1.00000000 USDT'],FILLED,False,False,False,,NO_TRIGGER,,NO_CONTINGENCY,,,,,,,,854a9259-63fb-4c13-ac20-95e669f47c4a,2026-02-11 13:05:00+00:00,2026-02-11 13:30:00+00:00
TESTER-001,SRGridStrategyUser-000,BTC/USDT.SIM,SIM-1-1838,BTC/USDT.SIM-SRGridStrategyUser-000,SIM-001,T-88b87af98c9f440c-209596,LIMIT,SELL,0.073760,67787.23,GTC,,0.073760,MAKER,67787.23,0.0,['1.00000000 USDT'],FILLED,False,False,False,,NO_TRIGGER,,NO_CONTINGENCY,,,,,,,,7f18d69b-9389-4cda-b4dd-f1b249e5ec9a,2026-02-11 13:05:00+00:00,2026-02-11 14:00:00+00:00
TESTER-001,SRGridStrategyUser-000,BTC/USDT.SIM,SIM-1-1839,BTC/USDT.SIM-SRGridStrategyUser-000,SIM-001,T-df7852e2eded1850-209642,LIMIT,BUY,0.075093,66584.40,GTC,,0.075093,MAKER,66584.4,0.0,['1.00000000 USDT'],FILLED,False,False,False,,NO_TRIGGER,,NO_CONTINGENCY,,,,,,,,3c4faf26-9906-4a24-a52b-be124673823d,2026-02-11 13:30:00+00:00,2026-02-11 14:55:00+00:00
TESTER-001,SRGridStrategyUser-000,BTC/USDT.SIM,SIM-1-1840,BTC/USDT.SIM-SRGridStrategyUser-000,SIM-001,T-fc3aeda22fe01434-209653,LIMIT,BUY,0.018428,66183.45,GTC,,0.018428,MAKER,66183.45,0.0,['0.24000000 USDT'],FILLED,False,False,False,,NO_TRIGGER,,NO_CONTINGENCY,,,,,,,,562fad37-7e35-442e-987a-c5ec3d6eff14,2026-02-11 13:30:00+00:00,2026-02-11 15:05:00+00:00
TESTER-001,SRGridStrategyUser-000,BTC/USDT.SIM,SIM-1-1841,BTC/USDT.SIM-SRGridStrategyUser-000,SIM-001,T-df7852e2eded1850-209643,LIMIT,BUY,0.075093,66584.40,GTC,,0.075093,MAKER,66584.4,0.0,['1.00000000 USDT'],FILLED,False,False,False,,NO_TRIGGER,,NO_CONTINGENCY,,,,,,,,be07ec37-63f8-40c4-b0c2-3ed2168487df,2026-02-11 14:00:00+00:00,2026-02-11 14:55:00+00:00
TESTER-001,SRGridStrategyUser-000,BTC/USDT.SIM,SIM-1-1842,BTC/USDT.SIM-SRGridStrategyUser-000,SIM-001,T-fc3aeda22fe01434-209654,LIMIT,BUY,0.021796,66183.45,GTC,,0.021796,MAKER,66183.45,0.0,['0.29000000 USDT'],FILLED,False,False,False,,NO_TRIGGER,,NO_CONTINGENCY,,,,,,,,c2870ec9-d579-4473-89ce-86bbfefead9d,2026-02-11 14:00:00+00:00,2026-02-11 15:05:00+00:00
TESTER-001,SRGridStrategyUser-000,BTC/USDT.SIM,SIM-1-1843,BTC/USDT.SIM-SRGridStrategyUser-000,SIM-001,T-e9685d14908cd3f4-210840,LIMIT,BUY,0.075042,66629.34,GTC,,0.075042,MAKER,66629.34,0.0,['1.00000000 USDT'],FILLED,False,False,False,,NO_TRIGGER,,NO_CONTINGENCY,,,,,,,,30e749bf-8b89-41f8-a166-c2e441840f1e,2026-02-12 05:05:00+00:00,2026-02-12 16:05:00+00:00
TESTER-001,SRGridStrategyUser-000,BTC/USDT.SIM,SIM-1-1844,BTC/USDT.SIM-SRGridStrategyUser-000,SIM-001,T-e07ba841226e1d6c-210855,LIMIT,BUY,0.075479,66243.33,GTC,,0.075479,MAKER,66243.33,0.0,['1.00000000 USDT'],FILLED,False,False,False,,NO_TRIGGER,,NO_CONTINGENCY,,,,,,,,4e410228-94e4-420b-999f-1d745f2e8300,2026-02-12 05:05:00+00:00,2026-02-12 16:20:00+00:00
TESTER-001,SRGridStrategyUser-000,BTC/USDT.SIM,SIM-1-1845,BTC/USDT.SIM-SRGridStrategyUser-000,SIM-001,T-5123fcacbcb06829-210526,LIMIT,SELL,0.074183,67401.34,GTC,,0.074183,MAKER,67401.34,0.0,['1.00000000 USDT'],FILLED,False,False,False,,NO_TRIGGER,,NO_CONTINGENCY,,,,,,,,53393702-1bb2-4ca7-87a4-6fdb5da7068c,2026-02-12 05:05:00+00:00,2026-02-12 09:30:00+00:00
TESTER-001,SRGridStrategyUser-000,BTC/USDT.SIM,SIM-1-1846,BTC/USDT.SIM-SRGridStrategyUser-000,SIM-001,T-97d3298a9658610d-210574,LIMIT,SELL,0.073760,67787.35,GTC,,0.073760,MAKER,67787.35,0.0,['1.00000000 USDT'],FILLED,False,False,False,,NO_TRIGGER,,NO_CONTINGENCY,,,,,,,,7590249e-614e-4b33-b4e1-6bcf5414bcdc,2026-02-12 05:05:00+00:00,2026-02-12 10:30:00+00:00
TESTER-001,SRGridStrategyUser-000,BTC/USDT.SIM,SIM-1-1847,BTC/USDT.SIM-SRGridStrategyUser-000,SIM-001,T-e9685d14908cd3f4-210841,LIMIT,BUY,0.075042,66629.34,GTC,,0.075042,MAKER,66629.34,0.0,['1.00000000 USDT'],FILLED,False,False,False,,NO_TRIGGER,,NO_CONTINGENCY,,,,,,,,fc103a0f-41f6-425c-a352-87d93be8afa5,2026-02-12 09:30:00+00:00,2026-02-12 16:05:00+00:00
TESTER-001,SRGridStrategyUser-000,BTC/USDT.SIM,SIM-1-1848,BTC/USDT.SIM-SRGridStrategyUser-000,SIM-001,T-e07ba841226e1d6c-210856,LIMIT,BUY,0.075479,66243.33,GTC,,0.075479,MAKER,66243.33,0.0,['1.00000000 USDT'],FILLED,False,False,False,,NO_TRIGGER,,NO_CONTINGENCY,,,,,,,,899b5a57-f143-4792-9083-24bff6bbb38a,2026-02-12 09:30:00+00:00,2026-02-12 16:20:00+00:00
TESTER-001,SRGridStrategyUser-000,BTC/USDT.SIM,SIM-1-1849,BTC/USDT.SIM-SRGridStrategyUser-000,SIM-001,T-e9685d14908cd3f4-210842,LIMIT,BUY,0.075042,66629.34,GTC,,0.075042,MAKER,66629.34,0.0,['1.00000000 USDT'],FILLED,False,False,False,,NO_TRIGGER,,NO_CONTINGENCY,,,,,,,,64975096-05aa-4003-b20d-40295b021cf7,2026-02-12 10:30:00+00:00,2026-02-12 16:05:00+00:00
TESTER-001,SRGridStrategyUser-000,BTC/USDT.SIM,SIM-1-1850,BTC/USDT.SIM-SRGridStrategyUser-000,SIM-001,T-e07ba841226e1d6c-210857,LIMIT,BUY,0.075479,66243.33,GTC,,0.075479,MAKER,66243.33,0.0,['1.00000000 USDT'],FILLED,False,False,False,,NO_TRIGGER,,NO_CONTINGENCY,,,,,,,,f768a3dd-68d7-442e-97d6-c8ac4c24dd39,2026-02-12 10:30:00+00:00,2026-02-12 16:20:00+00:00
TESTER-001,SRGridStrategyUser-000,BTC/USDT.SIM,SIM-1-1851,BTC/USDT.SIM-SRGridStrategyUser-000,SIM-001,T-4180baa135eda73f-211009,LIMIT,SELL,0.371131,66045.71,GTC,,0.371131,MAKER,66045.70999999999,0.0,['4.90000000 USDT'],FILLED,False,True,False,,NO_TRIGGER,,NO_CONTINGENCY,,,,,,,,7654fdf9-7ea4-4ad1-a492-6e3e4a2337e4,2026-02-12 19:10:00+00:00,2026-02-12 19:30:00+00:00
TESTER-001,SRGridStrategyUser-000,BTC/USDT.SIM,SIM-1-1852,BTC/USDT.SIM-SRGridStrategyUser-000,SIM-001,T-9b3df2d71f597440-211244,LIMIT,BUY,0.075869,65903.24,GTC,,0.075869,MAKER,65903.23999999999,0.0,['1.00000000 USDT'],FILLED,False,False,False,,NO_TRIGGER,,NO_CONTINGENCY,,,,,,,,c30c545a-1440-4520-a90c-cd83fbc998a8,2026-02-12 22:55:00+00:00,2026-02-13 00:30:00+00:00
TESTER-001,SRGridStrategyUser-000,BTC/USDT.SIM,SIM-1-1854,BTC/USDT.SIM-SRGridStrategyUser-000,SIM-001,T-973cbf804752154d-211351,LIMIT,SELL,0.074993,66672.76,GTC,,0.074993,MAKER,66672.76000000001,0.0,['1.00000000 USDT'],FILLED,False,False,False,,NO_TRIGGER,,NO_CONTINGENCY,,,,,,,,b5f88e9f-14f1-4bdb-be2a-291c295e61d3,2026-02-12 22:55:00+00:00,2026-02-13 02:50:00+00:00
TESTER-001,SRGridStrategyUser-000,BTC/USDT.SIM,SIM-1-1855,BTC/USDT.SIM-SRGridStrategyUser-000,SIM-001,T-8c7686b9221f7bfb-211670,LIMIT,SELL,0.074563,67057.51,GTC,,0.074563,MAKER,67057.51,0.0,['1.00000000 USDT'],FILLED,False,False,False,,NO_TRIGGER,,NO_CONTINGENCY,,,,,,,,447945f5-0895-456a-a11e-32388cc11f0b,2026-02-12 22:55:00+00:00,2026-02-13 09:45:00+00:00
TESTER-001,SRGridStrategyUser-000,BTC/USDT.SIM,SIM-1-1856,BTC/USDT.SIM-SRGridStrategyUser-000,SIM-001,T-973cbf804752154d-211352,LIMIT,SELL,0.074993,66672.76,GTC,,0.074993,MAKER,66672.76000000001,0.0,['1.00000000 USDT'],FILLED,False,False,False,,NO_TRIGGER,,NO_CONTINGENCY,,,,,,,,456553c4-ae03-480b-aafc-c2cd2c277e01,2026-02-13 00:30:00+00:00,2026-02-13 02:50:00+00:00
TESTER-001,SRGridStrategyUser-000,BTC/USDT.SIM,SIM-1-1857,BTC/USDT.SIM-SRGridStrategyUser-000,SIM-001,T-8c7686b9221f7bfb-211671,LIMIT,SELL,0.074563,67057.51,GTC,,0.074563,MAKER,67057.51,0.0,['1.00000000 USDT'],FILLED,False,False,False,,NO_TRIGGER,,NO_CONTINGENCY,,,,,,,,976de058-5afb-4cbc-b6b2-cbc446c9f252,2026-02-13 00:30:00+00:00,2026-02-13 09:45:00+00:00
TESTER-001,SRGridStrategyUser-000,BTC/USDT.SIM,SIM-1-1862,BTC/USDT.SIM-SRGridStrategyUser-000,SIM-001,T-1ef233b1427e2b2e-211929,LIMIT,SELL,0.073093,68406.01,GTC,,0.073093,MAKER,68406.01,0.0,['1.00000000 USDT'],FILLED,False,False,False,,NO_TRIGGER,,NO_CONTINGENCY,,,,,,,,9b1d4587-d661-4d0a-8215-d5213b95c2e7,2026-02-13 14:55:00+00:00,2026-02-13 15:10:00+00:00
TESTER-001,SRGridStrategyUser-000,BTC/USDT.SIM,SIM-1-1863,BTC/USDT.SIM-SRGridStrategyUser-000,SIM-001,T-43fd6a7a228e748b-211946,LIMIT,SELL,0.014476,69078.51,GTC,,0.014476,MAKER,69078.51,0.0,['0.20000000 USDT'],FILLED,False,False,False,,NO_TRIGGER,,NO_CONTINGENCY,,,,,,,,8316d02b-e181-40ef-b81e-d9ca84a7f646,2026-02-13 14:55:00+00:00,2026-02-13 15:30:00+00:00
TESTER-001,SRGridStrategyUser-000,BTC/USDT.SIM,SIM-1-1871,BTC/USDT.SIM-SRGridStrategyUser-000,SIM-001,T-1c6c83aed46d5d87-212706,LIMIT,SELL,0.072231,69221.94,GTC,,0.072231,MAKER,69221.94,0.0,['1.00000000 USDT'],FILLED,False,False,False,,NO_TRIGGER,,NO_CONTINGENCY,,,,,,,,38e572af-3e4f-4cfa-8546-08444f4c0b32,2026-02-13 21:40:00+00:00,2026-02-14 07:45:00+00:00
TESTER-001,SRGridStrategyUser-000,BTC/USDT.SIM,SIM-1-1872,BTC/USDT.SIM-SRGridStrategyUser-000,SIM-001,T-a349ebecf5d1b1dc-212723,LIMIT,SELL,0.029468,69507.40,GTC,,0.029468,MAKER,69507.4,0.0,['0.41000000 USDT'],FILLED,False,False,False,,NO_TRIGGER,,NO_CONTINGENCY,,,,,,,,487c1380-920d-4d05-b5e5-ecf2db0f420f,2026-02-13 21:40:00+00:00,2026-02-14 08:05:00+00:00
TESTER-001,SRGridStrategyUser-000,BTC/USDT.SIM,SIM-1-1879,BTC/USDT.SIM-SRGridStrategyUser-000,SIM-001,T-da66e5982bf73c34-213328,LIMIT,SELL,0.071286,70139.69,GTC,,0.071286,MAKER,70139.69,0.0,['1.00000000 USDT'],FILLED,False,False,False,,NO_TRIGGER,,NO_CONTINGENCY,,,,,,,,9cb4db6f-1e01-4d12-b4c5-d0c1398193b9,2026-02-14 13:40:00+00:00,2026-02-14 21:00:00+00:00
TESTER-001,SRGridStrategyUser-000,BTC/USDT.SIM,SIM-1-1883,BTC/USDT.SIM-SRGridStrategyUser-000,SIM-001,T-9e51cfb86c9087e5-214040,LIMIT,BUY,0.071370,70057.31,GTC,,0.071370,MAKER,70057.31,0.0,['1.00000000 USDT'],FILLED,False,False,False,,NO_TRIGGER,,NO_CONTINGENCY,,,,,,,,d7e32fb8-bd19-4e4f-9aeb-94e5037b344c,2026-02-15 05:40:00+00:00,2026-02-15 12:15:00+00:00
TESTER-001,SRGridStrategyUser-000,BTC/USDT.SIM,SIM-1-1884,BTC/USDT.SIM-SRGridStrategyUser-000,SIM-001,T-51a11ca5fc7f119b-214068,LIMIT,BUY,0.071677,69757.36,GTC,,0.071677,MAKER,69757.36,0.0,['1.00000000 USDT'],FILLED,False,False,False,,NO_TRIGGER,,NO_CONTINGENCY,,,,,,,,acd8912e-0bc1-4fbd-b62c-266ec934dffd,2026-02-15 05:40:00+00:00,2026-02-15 12:50:00+00:00
TESTER-001,SRGridStrategyUser-000,BTC/USDT.SIM,SIM-1-1885,BTC/USDT.SIM-SRGridStrategyUser-000,SIM-001,T-a1c87e90c6d11aea-214545,LIMIT,BUY,0.072992,68500.74,GTC,,0.072992,MAKER,68500.73999999999,0.0,['1.00000000 USDT'],FILLED,False,False,False,,NO_TRIGGER,,NO_CONTINGENCY,,,,,,,,9360011f-bc04-42b1-b0e8-65dbf990abce,2026-02-15 21:40:00+00:00,2026-02-15 23:05:00+00:00
TESTER-001,SRGridStrategyUser-000,BTC/USDT.SIM,SIM-1-1886,BTC/USDT.SIM-SRGridStrategyUser-000,SIM-001,T-acc0dff3fac47f68-214726,LIMIT,BUY,0.073243,68265.75,GTC,,0.073243,MAKER,68265.75,0.0,['1.00000000 USDT'],FILLED,False,False,False,,NO_TRIGGER,,NO_CONTINGENCY,,,,,,,,1b1cb75b-8de2-419e-bd71-640050770c43,2026-02-15 21:40:00+00:00,2026-02-16 02:55:00+00:00
TESTER-001,SRGridStrategyUser-000,BTC/USDT.SIM,SIM-1-1887,BTC/USDT.SIM-SRGridStrategyUser-000,SIM-001,T-a4a3ac9145b6fddb-214512,LIMIT,SELL,0.072495,68970.72,GTC,,0.072495,MAKER,68970.72,0.0,['1.00000000 USDT'],FILLED,False,False,False,,NO_TRIGGER,,NO_CONTINGENCY,,,,,,,,d5da69a5-a150-4cdc-a3e9-9201b4b23360,2026-02-15 21:40:00+00:00,2026-02-15 22:25:00+00:00
TESTER-001,SRGridStrategyUser-000,BTC/USDT.SIM,SIM-1-1888,BTC/USDT.SIM-SRGridStrategyUser-000,SIM-001,T-38ab5f3b0b0ab149-215166,LIMIT,SELL,0.072248,69205.71,GTC,,0.072248,MAKER,69205.70999999999,0.0,['1.00000000 USDT'],FILLED,False,False,False,,NO_TRIGGER,,NO_CONTINGENCY,,,,,,,,7ac98f47-b4ce-4062-b1ba-72dff81c79f8,2026-02-15 21:40:00+00:00,2026-02-16 12:25:00+00:00
TESTER-001,SRGridStrategyUser-000,BTC/USDT.SIM,SIM-1-1889,BTC/USDT.SIM-SRGridStrategyUser-000,SIM-001,T-a1c87e90c6d11aea-214546,LIMIT,BUY,0.072992,68500.74,GTC,,0.072992,MAKER,68500.73999999999,0.0,['1.00000000 USDT'],FILLED,False,False,False,,NO_TRIGGER,,NO_CONTINGENCY,,,,,,,,40f88883-8720-44b8-a48a-f73fd56b9c9c,2026-02-15 22:25:00+00:00,2026-02-15 23:05:00+00:00
TESTER-001,SRGridStrategyUser-000,BTC/USDT.SIM,SIM-1-1890,BTC/USDT.SIM-SRGridStrategyUser-000,SIM-001,T-acc0dff3fac47f68-214727,LIMIT,BUY,0.073243,68265.75,GTC,,0.073243,MAKER,68265.75,0.0,['1.00000000 USDT'],FILLED,False,False,False,,NO_TRIGGER,,NO_CONTINGENCY,,,,,,,,20c8ae90-2d43-4d89-af82-f83cdb15b866,2026-02-15 22:25:00+00:00,2026-02-16 02:55:00+00:00
TESTER-001,SRGridStrategyUser-000,BTC/USDT.SIM,SIM-1-1891,BTC/USDT.SIM-SRGridStrategyUser-000,SIM-001,T-38ab5f3b0b0ab149-215167,LIMIT,SELL,0.072248,69205.71,GTC,,0.072248,MAKER,69205.70999999999,0.0,['1.00000000 USDT'],FILLED,False,False,False,,NO_TRIGGER,,NO_CONTINGENCY,,,,,,,,46c4c639-5b07-4f64-886d-9c8613f589b5,2026-02-15 23:05:00+00:00,2026-02-16 12:25:00+00:00
TESTER-001,SRGridStrategyUser-000,BTC/USDT.SIM,SIM-1-1892,BTC/USDT.SIM-SRGridStrategyUser-000,SIM-001,T-38ab5f3b0b0ab149-215168,LIMIT,SELL,0.072248,69205.71,GTC,,0.072248,MAKER,69205.70999999999,0.0,['1.00000000 USDT'],FILLED,False,False,False,,NO_TRIGGER,,NO_CONTINGENCY,,,,,,,,6d1e4bd0-02cf-48e5-8d65-57f183b35328,2026-02-16 02:55:00+00:00,2026-02-16 12:25:00+00:00
TESTER-001,SRGridStrategyUser-000,BTC/USDT.SIM,SIM-1-1893,BTC/USDT.SIM-SRGridStrategyUser-000,SIM-001,T-f1761b5175a29d05-215315,LIMIT,BUY,0.073901,67658.46,GTC,,0.073901,MAKER,67658.46,0.0,['1.00000000 USDT'],FILLED,False,False,False,,NO_TRIGGER,,NO_CONTINGENCY,,,,,,,,1429e1b4-bdea-4188-badd-4a2e7b06b89b,2026-02-16 13:40:00+00:00,2026-02-16 15:30:00+00:00
TESTER-001,SRGridStrategyUser-000,BTC/USDT.SIM,SIM-1-1895,BTC/USDT.SIM-SRGridStrategyUser-000,SIM-001,T-b3a3b0b38cbd1dae-216185,LIMIT,BUY,0.073689,67852.68,GTC,,0.073689,MAKER,67852.68,0.0,['1.00000000 USDT'],FILLED,False,False,False,,NO_TRIGGER,,NO_CONTINGENCY,,,,,,,,5c1a3999-af44-43a1-be2e-0fa96a1f6866,2026-02-17 05:40:00+00:00,2026-02-17 10:15:00+00:00
TESTER-001,SRGridStrategyUser-000,BTC/USDT.SIM,SIM-1-1896,BTC/USDT.SIM-SRGridStrategyUser-000,SIM-001,T-5128cec1073ea81c-216390,LIMIT,BUY,0.074029,67540.71,GTC,,0.074029,MAKER,67540.71,0.0,['1.00000000 USDT'],FILLED,False,False,False,,NO_TRIGGER,,NO_CONTINGENCY,,,,,,,,e93f5ea2-7505-4bb1-8942-71bc3ab9267e,2026-02-17 05:40:00+00:00,2026-02-17 14:35:00+00:00
TESTER-001,SRGridStrategyUser-000,BTC/USDT.SIM,SIM-1-1897,BTC/USDT.SIM-SRGridStrategyUser-000,SIM-001,T-214c7e19dac4d7fc-216017,LIMIT,SELL,0.073018,68476.62,GTC,,0.073018,MAKER,68476.62000000001,0.0,['1.00000000 USDT'],FILLED,False,False,False,,NO_TRIGGER,,NO_CONTINGENCY,,,,,,,,e0641343-a425-4d5c-bca0-3cc9091738e8,2026-02-17 05:40:00+00:00,2026-02-17 06:40:00+00:00
TESTER-001,SRGridStrategyUser-000,BTC/USDT.SIM,SIM-1-1899,BTC/USDT.SIM-SRGridStrategyUser-000,SIM-001,T-b3a3b0b38cbd1dae-216186,LIMIT,BUY,0.073689,67852.68,GTC,,0.073689,MAKER,67852.68,0.0,['1.00000000 USDT'],FILLED,False,False,False,,NO_TRIGGER,,NO_CONTINGENCY,,,,,,,,54593891-d883-40d7-b93e-bf1ae0c55fc1,2026-02-17 06:40:00+00:00,2026-02-17 10:15:00+00:00
TESTER-001,SRGridStrategyUser-000,BTC/USDT.SIM,SIM-1-1900,BTC/USDT.SIM-SRGridStrategyUser-000,SIM-001,T-5128cec1073ea81c-216391,LIMIT,BUY,0.074029,67540.71,GTC,,0.074029,MAKER,67540.71,0.0,['1.00000000 USDT'],FILLED,False,False,False,,NO_TRIGGER,,NO_CONTINGENCY,,,,,,,,69b03f07-3ce0-44fd-a492-237d6269c482,2026-02-17 06:40:00+00:00,2026-02-17 14:35:00+00:00
TESTER-001,SRGridStrategyUser-000,BTC/USDT.SIM,SIM-1-1903,BTC/USDT.SIM-SRGridStrategyUser-000,SIM-001,T-2dbc8ce6dd1bae38-216877,LIMIT,BUY,0.074299,67295.57,GTC,,0.074299,MAKER,67295.57,0.0,['1.00000000 USDT'],FILLED,False,False,False,,NO_TRIGGER,,NO_CONTINGENCY,,,,,,,,17c7108f-4fa5-42ce-ac24-5d92b7a19862,2026-02-17 21:40:00+00:00,2026-02-18 00:50:00+00:00
TESTER-001,SRGridStrategyUser-000,BTC/USDT.SIM,SIM-1-1904,BTC/USDT.SIM-SRGridStrategyUser-000,SIM-001,T-de0c47987535aa8a-216910,LIMIT,BUY,0.074626,67000.34,GTC,,0.074626,MAKER,67000.34,0.0,['1.00000000 USDT'],FILLED,False,False,False,,NO_TRIGGER,,NO_CONTINGENCY,,,,,,,,52f1718e-5cec-4fe7-a457-76e6b7a14507,2026-02-17 21:40:00+00:00,2026-02-18 01:30:00+00:00
TESTER-001,SRGridStrategyUser-000,BTC/USDT.SIM,SIM-1-1905,BTC/USDT.SIM-SRGridStrategyUser-000,SIM-001,T-bf15e8fe54e6f3fe-217065,LIMIT,SELL,0.073653,67886.03,GTC,,0.073653,MAKER,67886.03,0.0,['1.00000000 USDT'],FILLED,False,False,False,,NO_TRIGGER,,NO_CONTINGENCY,,,,,,,,7d904c3f-7a66-4442-a902-f6db4a6b93f1,2026-02-17 21:40:00+00:00,2026-02-18 04:50:00+00:00
TESTER-001,SRGridStrategyUser-000,BTC/USDT.SIM,SIM-1-1906,BTC/USDT.SIM-SRGridStrategyUser-000,SIM-001,T-c2c90b60e98e61ba-217207,LIMIT,SELL,0.073334,68181.26,GTC,,0.073334,MAKER,68181.26000000001,0.0,['1.00000000 USDT'],FILLED,False,False,False,,NO_TRIGGER,,NO_CONTINGENCY,,,,,,,,717a351c-4145-4588-ae54-3ce621cd15eb,2026-02-17 21:40:00+00:00,2026-02-18 07:45:00+00:00
TESTER-001,SRGridStrategyUser-000,BTC/USDT.SIM,SIM-1-1907,BTC/USDT.SIM-SRGridStrategyUser-000,SIM-001,T-bf15e8fe54e6f3fe-217066,LIMIT,SELL,0.073653,67886.03,GTC,,0.073653,MAKER,67886.03,0.0,['1.00000000 USDT'],FILLED,False,False,False,,NO_TRIGGER,,NO_CONTINGENCY,,,,,,,,93994d54-8ec5-414b-82c7-70502886cb59,2026-02-18 00:50:00+00:00,2026-02-18 04:50:00+00:00
TESTER-001,SRGridStrategyUser-000,BTC/USDT.SIM,SIM-1-1908,BTC/USDT.SIM-SRGridStrategyUser-000,SIM-001,T-c2c90b60e98e61ba-217208,LIMIT,SELL,0.073334,68181.26,GTC,,0.073334,MAKER,68181.26000000001,0.0,['1.00000000 USDT'],FILLED,False,False,False,,NO_TRIGGER,,NO_CONTINGENCY,,,,,,,,6748f891-c422-4e57-aa31-455dc69aed1c,2026-02-18 00:50:00+00:00,2026-02-18 07:45:00+00:00
TESTER-001,SRGridStrategyUser-000,BTC/USDT.SIM,SIM-1-1909,BTC/USDT.SIM-SRGridStrategyUser-000,SIM-001,T-bf15e8fe54e6f3fe-217067,LIMIT,SELL,0.073653,67886.03,GTC,,0.073653,MAKER,67886.03,0.0,['1.00000000 USDT'],FILLED,False,False,False,,NO_TRIGGER,,NO_CONTINGENCY,,,,,,,,ec5ea918-4bfb-49cc-8772-34d424f27f4f,2026-02-18 01:30:00+00:00,2026-02-18 04:50:00+00:00
TESTER-001,SRGridStrategyUser-000,BTC/USDT.SIM,SIM-1-1910,BTC/USDT.SIM-SRGridStrategyUser-000,SIM-001,T-c2c90b60e98e61ba-217209,LIMIT,SELL,0.073334,68181.26,GTC,,0.073334,MAKER,68181.26000000001,0.0,['1.00000000 USDT'],FILLED,False,False,False,,NO_TRIGGER,,NO_CONTINGENCY,,,,,,,,5b805444-3443-4ed8-8fa3-909d90bf395f,2026-02-18 01:30:00+00:00,2026-02-18 07:45:00+00:00
TESTER-001,SRGridStrategyUser-000,BTC/USDT.SIM,SIM-1-1911,BTC/USDT.SIM-SRGridStrategyUser-000,SIM-001,T-0f9a31217248d0a4-217526,LIMIT,BUY,0.074590,67033.37,GTC,,0.074590,MAKER,67033.37,0.0,['1.00000000 USDT'],FILLED,False,False,False,,NO_TRIGGER,,NO_CONTINGENCY,,,,,,,,acd816c3-0e3a-4bf0-ab6e-e7fe071f7057,2026-02-18 13:40:00+00:00,2026-02-18 14:35:00+00:00
TESTER-001,SRGridStrategyUser-000,BTC/USDT.SIM,SIM-1-1912,BTC/USDT.SIM-SRGridStrategyUser-000,SIM-001,T-9c28bd82a1f3b132-217535,LIMIT,BUY,0.074874,66778.89,GTC,,0.074874,MAKER,66778.89,0.0,['1.00000000 USDT'],FILLED,False,False,False,,NO_TRIGGER,,NO_CONTINGENCY,,,,,,,,abd63443-7877-4deb-956a-07ac7b27a2b2,2026-02-18 13:40:00+00:00,2026-02-18 14:45:00+00:00
TESTER-001,SRGridStrategyUser-000,BTC/USDT.SIM,SIM-1-1913,BTC/USDT.SIM-SRGridStrategyUser-000,SIM-001,T-a183c2a8e586a4bd-217551,LIMIT,SELL,0.074028,67542.31,GTC,,0.074028,MAKER,67542.31,0.0,['1.00000000 USDT'],FILLED,False,False,False,,NO_TRIGGER,,NO_CONTINGENCY,,,,,,,,11b0da77-63a6-4d16-9e51-3e23b620e971,2026-02-18 13:40:00+00:00,2026-02-18 15:05:00+00:00
TESTER-001,SRGridStrategyUser-000,BTC/USDT.SIM,SIM-1-1914,BTC/USDT.SIM-SRGridStrategyUser-000,SIM-001,T-15aabd566d31a652-217578,LIMIT,SELL,0.073750,67796.79,GTC,,0.073750,MAKER,67796.79000000001,0.0,['1.00000000 USDT'],FILLED,False,False,False,,NO_TRIGGER,,NO_CONTINGENCY,,,,,,,,4400f721-f2c9-4c4f-bdf1-819a0c3d01ff,2026-02-18 13:40:00+00:00,2026-02-18 15:35:00+00:00
TESTER-001,SRGridStrategyUser-000,BTC/USDT.SIM,SIM-1-1915,BTC/USDT.SIM-SRGridStrategyUser-000,SIM-001,T-a183c2a8e586a4bd-217552,LIMIT,SELL,0.074028,67542.31,GTC,,0.074028,MAKER,67542.31,0.0,['1.00000000 USDT'],FILLED,False,False,False,,NO_TRIGGER,,NO_CONTINGENCY,,,,,,,,8f61194b-77bb-44b7-a784-0fa419ff949d,2026-02-18 14:35:00+00:00,2026-02-18 15:05:00+00:00
TESTER-001,SRGridStrategyUser-000,BTC/USDT.SIM,SIM-1-1916,BTC/USDT.SIM-SRGridStrategyUser-000,SIM-001,T-15aabd566d31a652-217579,LIMIT,SELL,0.073750,67796.79,GTC,,0.073750,MAKER,67796.79000000001,0.0,['1.00000000 USDT'],FILLED,False,False,False,,NO_TRIGGER,,NO_CONTINGENCY,,,,,,,,376be8cd-930a-453c-ae45-29e96b1bf2bb,2026-02-18 14:35:00+00:00,2026-02-18 15:35:00+00:00
TESTER-001,SRGridStrategyUser-000,BTC/USDT.SIM,SIM-1-1917,BTC/USDT.SIM-SRGridStrategyUser-000,SIM-001,T-a183c2a8e586a4bd-217553,LIMIT,SELL,0.074028,67542.31,GTC,,0.074028,MAKER,67542.31,0.0,['1.00000000 USDT'],FILLED,False,False,False,,NO_TRIGGER,,NO_CONTINGENCY,,,,,,,,3d78cee2-c438-4273-97c7-fdac1457e33e,2026-02-18 14:45:00+00:00,2026-02-18 15:05:00+00:00
TESTER-001,SRGridStrategyUser-000,BTC/USDT.SIM,SIM-1-1918,BTC/USDT.SIM-SRGridStrategyUser-000,SIM-001,T-15aabd566d31a652-217580,LIMIT,SELL,0.073750,67796.79,GTC,,0.073750,MAKER,67796.79000000001,0.0,['1.00000000 USDT'],FILLED,False,False,False,,NO_TRIGGER,,NO_CONTINGENCY,,,,,,,,8dffc45f-ca93-4916-967b-4dca971c1aa2,2026-02-18 14:45:00+00:00,2026-02-18 15:35:00+00:00
TESTER-001,SRGridStrategyUser-000,BTC/USDT.SIM,SIM-1-1919,BTC/USDT.SIM-SRGridStrategyUser-000,SIM-001,T-f97d33164c25383f-218531,LIMIT,BUY,0.075126,66555.11,GTC,,0.075126,MAKER,66555.11,0.0,['1.00000000 USDT'],FILLED,False,False,False,,NO_TRIGGER,,NO_CONTINGENCY,,,,,,,,6b06fa54-4c6c-429e-b66f-532c721094fb,2026-02-19 05:40:00+00:00,2026-02-19 11:50:00+00:00
TESTER-001,SRGridStrategyUser-000,BTC/USDT.SIM,SIM-1-1920,BTC/USDT.SIM-SRGridStrategyUser-000,SIM-001,T-20f7d01b6dd768b0-218544,LIMIT,BUY,0.075374,66335.51,GTC,,0.075374,MAKER,66335.51,0.0,['1.00000000 USDT'],FILLED,False,False,False,,NO_TRIGGER,,NO_CONTINGENCY,,,,,,,,80e0d63a-51ac-49af-823d-c77273845949,2026-02-19 05:40:00+00:00,2026-02-19 12:05:00+00:00
TESTER-001,SRGridStrategyUser-000,BTC/USDT.SIM,SIM-1-1921,BTC/USDT.SIM-SRGridStrategyUser-000,SIM-001,T-6279efa1a0b82d2c-219006,LIMIT,BUY,0.074941,66719.29,GTC,,0.074941,MAKER,66719.29,0.0,['1.00000000 USDT'],FILLED,False,False,False,,NO_TRIGGER,,NO_CONTINGENCY,,,,,,,,065147c6-f790-428a-8e7e-6128c1977928,2026-02-19 21:40:00+00:00,2026-02-19 22:00:00+00:00
TESTER-001,SRGridStrategyUser-000,BTC/USDT.SIM,SIM-1-1922,BTC/USDT.SIM-SRGridStrategyUser-000,SIM-001,T-84cfe6901cdb0d45-219735,LIMIT,BUY,0.075210,66480.59,GTC,,0.075210,MAKER,66480.59,0.0,['1.00000000 USDT'],FILLED,False,False,False,,NO_TRIGGER,,NO_CONTINGENCY,,,,,,,,c191528b-cc79-478d-9b5d-7cf3cb98ac57,2026-02-19 21:40:00+00:00,2026-02-20 13:35:00+00:00
TESTER-001,SRGridStrategyUser-000,BTC/USDT.SIM,SIM-1-1925,BTC/USDT.SIM-SRGridStrategyUser-000,SIM-001,T-922dfc0be13dce2c-219779,LIMIT,SELL,0.074413,67192.35,GTC,,0.074413,MAKER,67192.34999999999,0.0,['1.00000000 USDT'],FILLED,False,False,False,,NO_TRIGGER,,NO_CONTINGENCY,,,,,,,,d0048ac6-0dcf-4fe4-b4b8-1976c800a7a7,2026-02-20 13:40:00+00:00,2026-02-20 14:30:00+00:00
TESTER-001,SRGridStrategyUser-000,BTC/USDT.SIM,SIM-1-1926,BTC/USDT.SIM-SRGridStrategyUser-000,SIM-001,T-16e26304a1649908-219804,LIMIT,SELL,0.073789,67760.61,GTC,,0.073789,MAKER,67760.61,0.0,['1.00000000 USDT'],FILLED,False,False,False,,NO_TRIGGER,,NO_CONTINGENCY,,,,,,,,c68b33ea-edaf-45fc-850d-c6120a9c28bd,2026-02-20 13:40:00+00:00,2026-02-20 15:00:00+00:00
TESTER-001,SRGridStrategyUser-000,BTC/USDT.SIM,SIM-1-1933,BTC/USDT.SIM-SRGridStrategyUser-000,SIM-001,T-88c788ffa12e9121-221262,LIMIT,BUY,0.073424,68098.06,GTC,,0.073424,MAKER,68098.06,0.0,['1.00000000 USDT'],FILLED,False,False,False,,NO_TRIGGER,,NO_CONTINGENCY,,,,,,,,583b81bf-fbc9-4198-b17f-ffd8301f117e,2026-02-21 21:40:00+00:00,2026-02-21 22:40:00+00:00
TESTER-001,SRGridStrategyUser-000,BTC/USDT.SIM,SIM-1-1934,BTC/USDT.SIM-SRGridStrategyUser-000,SIM-001,T-544501b5d2270f79-221275,LIMIT,BUY,0.073631,67906.25,GTC,,0.073631,MAKER,67906.25,0.0,['1.00000000 USDT'],FILLED,False,False,False,,NO_TRIGGER,,NO_CONTINGENCY,,,,,,,,4d562388-f67a-48fc-800c-ef6fb6d8773d,2026-02-21 21:40:00+00:00,2026-02-21 22:55:00+00:00
TESTER-001,SRGridStrategyUser-000,BTC/USDT.SIM,SIM-1-1935,BTC/USDT.SIM-SRGridStrategyUser-000,SIM-001,T-09296f884bd59a5e-221981,LIMIT,BUY,0.074157,67424.15,GTC,,0.074157,MAKER,67424.15000000001,0.0,['1.00000000 USDT'],FILLED,False,False,False,,NO_TRIGGER,,NO_CONTINGENCY,,,,,,,,146eec5b-8a9c-4b0a-9af0-a6a1bd6f5180,2026-02-22 13:40:00+00:00,2026-02-22 14:40:00+00:00
TESTER-001,SRGridStrategyUser-000,BTC/USDT.SIM,SIM-1-1936,BTC/USDT.SIM-SRGridStrategyUser-000,SIM-001,T-7781cce05bc5b9a1-222116,LIMIT,BUY,0.019517,67214.70,GTC,,0.019517,MAKER,67214.7,0.0,['0.26000000 USDT'],FILLED,False,False,False,,NO_TRIGGER,,NO_CONTINGENCY,,,,,,,,b74a20c4-341e-438a-8fb2-d363b42e7a4d,2026-02-22 13:40:00+00:00,2026-02-22 17:30:00+00:00
TESTER-001,SRGridStrategyUser-000,BTC/USDT.SIM,SIM-1-1944,BTC/USDT.SIM-SRGridStrategyUser-000,SIM-001,T-1f2d3f6421dae7be-222806,LIMIT,BUY,0.076220,65599.93,GTC,,0.076220,MAKER,65599.93,0.0,['1.00000000 USDT'],FILLED,False,False,False,,NO_TRIGGER,,NO_CONTINGENCY,,,,,,,,36850edc-ad28-4bd9-8b60-66cce57378dc,2026-02-23 07:45:00+00:00,2026-02-23 08:25:00+00:00
TESTER-001,SRGridStrategyUser-000,BTC/USDT.SIM,SIM-1-1945,BTC/USDT.SIM-SRGridStrategyUser-000,SIM-001,T-6c8499fb546e485a-223174,LIMIT,BUY,0.076600,65273.91,GTC,,0.076600,MAKER,65273.91,0.0,['1.00000000 USDT'],FILLED,False,False,False,,NO_TRIGGER,,NO_CONTINGENCY,,,,,,,,9fbbca99-93cc-4d9b-907b-339d834ca717,2026-02-23 07:45:00+00:00,2026-02-23 16:10:00+00:00
TESTER-001,SRGridStrategyUser-000,BTC/USDT.SIM,SIM-1-1946,BTC/USDT.SIM-SRGridStrategyUser-000,SIM-001,T-9ec8b55024df89af-222862,LIMIT,SELL,0.075469,66251.95,GTC,,0.075469,MAKER,66251.95,0.0,['1.00000000 USDT'],FILLED,False,False,False,,NO_TRIGGER,,NO_CONTINGENCY,,,,,,,,5cfdbbd6-a900-40eb-ad71-1cf760f44881,2026-02-23 07:45:00+00:00,2026-02-23 09:35:00+00:00
TESTER-001,SRGridStrategyUser-000,BTC/USDT.SIM,SIM-1-1947,BTC/USDT.SIM-SRGridStrategyUser-000,SIM-001,T-9851a190d7681fb2-222883,LIMIT,SELL,0.075100,66577.97,GTC,,0.075100,MAKER,66577.97,0.0,['1.00000000 USDT'],FILLED,False,False,False,,NO_TRIGGER,,NO_CONTINGENCY,,,,,,,,20adb600-1348-4ffe-a9a0-548fcc92f486,2026-02-23 07:45:00+00:00,2026-02-23 10:00:00+00:00
TESTER-001,SRGridStrategyUser-000,BTC/USDT.SIM,SIM-1-1948,BTC/USDT.SIM-SRGridStrategyUser-000,SIM-001,T-9ec8b55024df89af-222863,LIMIT,SELL,0.075469,66251.95,GTC,,0.075469,MAKER,66251.95,0.0,['1.00000000 USDT'],FILLED,False,False,False,,NO_TRIGGER,,NO_CONTINGENCY,,,,,,,,2ed3a429-c646-4b93-9653-d00170375071,2026-02-23 08:25:00+00:00,2026-02-23 09:35:00+00:00
TESTER-001,SRGridStrategyUser-000,BTC/USDT.SIM,SIM-1-1949,BTC/USDT.SIM-SRGridStrategyUser-000,SIM-001,T-9851a190d7681fb2-222884,LIMIT,SELL,0.075100,66577.97,GTC,,0.075100,MAKER,66577.97,0.0,['1.00000000 USDT'],FILLED,False,False,False,,NO_TRIGGER,,NO_CONTINGENCY,,,,,,,,c8d75a91-07f9-4c6f-9340-21ca840514ec,2026-02-23 08:25:00+00:00,2026-02-23 10:00:00+00:00
TESTER-001,SRGridStrategyUser-000,BTC/USDT.SIM,SIM-1-1950,BTC/USDT.SIM-SRGridStrategyUser-000,SIM-001,T-6c8499fb546e485a-223175,LIMIT,BUY,0.076600,65273.91,GTC,,0.076600,MAKER,65273.91,0.0,['1.00000000 USDT'],FILLED,False,False,False,,NO_TRIGGER,,NO_CONTINGENCY,,,,,,,,f34c5788-5444-4ee1-90e2-629cd58770ed,2026-02-23 09:35:00+00:00,2026-02-23 16:10:00+00:00
TESTER-001,SRGridStrategyUser-000,BTC/USDT.SIM,SIM-1-1951,BTC/USDT.SIM-SRGridStrategyUser-000,SIM-001,T-6c8499fb546e485a-223176,LIMIT,BUY,0.076600,65273.91,GTC,,0.076600,MAKER,65273.91,0.0,['1.00000000 USDT'],FILLED,False,False,False,,NO_TRIGGER,,NO_CONTINGENCY,,,,,,,,e0749d71-6ab8-4cf3-ac33-89703dd488f4,2026-02-23 10:00:00+00:00,2026-02-23 16:10:00+00:00
TESTER-001,SRGridStrategyUser-000,BTC/USDT.SIM,SIM-1-1952,BTC/USDT.SIM-SRGridStrategyUser-000,SIM-001,T-32f9082250af6511-223601,LIMIT,BUY,0.077675,64370.58,GTC,,0.077675,MAKER,64370.579999999994,0.0,['1.00000000 USDT'],FILLED,False,False,False,,NO_TRIGGER,,NO_CONTINGENCY,,,,,,,,59a880e5-fb3c-4bf6-a12a-30c2e9f7089c,2026-02-23 23:45:00+00:00,2026-02-24 01:10:00+00:00
TESTER-001,SRGridStrategyUser-000,BTC/USDT.SIM,SIM-1-1953,BTC/USDT.SIM-SRGridStrategyUser-000,SIM-001,T-75ea02897a84be28-223607,LIMIT,BUY,0.077977,64121.43,GTC,,0.077977,MAKER,64121.43,0.0,['1.00000000 USDT'],FILLED,False,False,False,,NO_TRIGGER,,NO_CONTINGENCY,,,,,,,,20d9d992-73ee-4c1f-94f8-332b4296ab6a,2026-02-23 23:45:00+00:00,2026-02-24 01:15:00+00:00
TESTER-001,SRGridStrategyUser-000,BTC/USDT.SIM,SIM-1-1954,BTC/USDT.SIM-SRGridStrategyUser-000,SIM-001,T-a7bd877d8a750d28-223553,LIMIT,SELL,0.077079,64868.88,GTC,,0.077079,MAKER,64868.88,0.0,['1.00000000 USDT'],FILLED,False,False,False,,NO_TRIGGER,,NO_CONTINGENCY,,,,,,,,ba1fa332-28e0-4f3c-aece-6bb4e7452d02,2026-02-23 23:45:00+00:00,2026-02-24 00:10:00+00:00
TESTER-001,SRGridStrategyUser-000,BTC/USDT.SIM,SIM-1-1956,BTC/USDT.SIM-SRGridStrategyUser-000,SIM-001,T-32f9082250af6511-223602,LIMIT,BUY,0.077675,64370.58,GTC,,0.077675,MAKER,64370.579999999994,0.0,['1.00000000 USDT'],FILLED,False,False,False,,NO_TRIGGER,,NO_CONTINGENCY,,,,,,,,63e59dc8-f607-4fd5-8a08-3591362dabf1,2026-02-24 00:10:00+00:00,2026-02-24 01:10:00+00:00
TESTER-001,SRGridStrategyUser-000,BTC/USDT.SIM,SIM-1-1957,BTC/USDT.SIM-SRGridStrategyUser-000,SIM-001,T-75ea02897a84be28-223608,LIMIT,BUY,0.077977,64121.43,GTC,,0.077977,MAKER,64121.43,0.0,['1.00000000 USDT'],FILLED,False,False,False,,NO_TRIGGER,,NO_CONTINGENCY,,,,,,,,534f47fc-7e65-42f3-8c33-c6dcefca8226,2026-02-24 00:10:00+00:00,2026-02-24 01:15:00+00:00
TESTER-001,SRGridStrategyUser-000,BTC/USDT.SIM,SIM-1-1962,BTC/USDT.SIM-SRGridStrategyUser-000,SIM-001,T-fc57cb9728986047-224359,LIMIT,SELL,0.077548,64475.93,GTC,,0.077548,MAKER,64475.93,0.0,['1.00000000 USDT'],FILLED,False,False,False,,NO_TRIGGER,,NO_CONTINGENCY,,,,,,,,e94bab20-ffe1-45fd-828d-5ea0c3ccd1b8,2026-02-24 15:45:00+00:00,2026-02-24 17:05:00+00:00
TESTER-001,SRGridStrategyUser-000,BTC/USDT.SIM,SIM-1-1963,BTC/USDT.SIM-SRGridStrategyUser-000,SIM-001,T-9997c1ca2009b3cb-224740,LIMIT,SELL,0.076829,65079.63,GTC,,0.076829,MAKER,65079.63,0.0,['1.00000000 USDT'],FILLED,False,False,False,,NO_TRIGGER,,NO_CONTINGENCY,,,,,,,,d109ee26-2a72-48e5-a61d-ad2bc5abff5d,2026-02-24 15:45:00+00:00,2026-02-25 01:10:00+00:00
TESTER-001,SRGridStrategyUser-000,BTC/USDT.SIM,SIM-1-1970,BTC/USDT.SIM-SRGridStrategyUser-000,SIM-001,T-ebebcc460aa7aa44-225080,LIMIT,SELL,0.076636,65243.68,GTC,,0.076636,MAKER,65243.68,0.0,['1.00000000 USDT'],FILLED,False,False,False,,NO_TRIGGER,,NO_CONTINGENCY,,,,,,,,56f901e6-25e1-4638-9576-927c28ac57ef,2026-02-25 07:45:00+00:00,2026-02-25 08:20:00+00:00
TESTER-001,SRGridStrategyUser-000,BTC/USDT.SIM,SIM-1-1971,BTC/USDT.SIM-SRGridStrategyUser-000,SIM-001,T-932f5f983bd4dc58-225105,LIMIT,SELL,0.076316,65516.87,GTC,,0.076316,MAKER,65516.87,0.0,['1.00000000 USDT'],FILLED,False,False,False,,NO_TRIGGER,,NO_CONTINGENCY,,,,,,,,80fc3af1-6818-4309-9f99-04615cf67a74,2026-02-25 07:45:00+00:00,2026-02-25 08:50:00+00:00
TESTER-001,SRGridStrategyUser-000,BTC/USDT.SIM,SIM-1-1977,BTC/USDT.SIM-SRGridStrategyUser-000,SIM-001,T-b94154a49f997f7b-225808,LIMIT,BUY,0.073806,67745.62,GTC,,0.073806,MAKER,67745.62,0.0,['1.00000000 USDT'],FILLED,False,False,False,,NO_TRIGGER,,NO_CONTINGENCY,,,,,,,,0e281831-4893-48ae-9a46-edbb4b92aab1,2026-02-25 23:15:00+00:00,2026-02-25 23:40:00+00:00
TESTER-001,SRGridStrategyUser-000,BTC/USDT.SIM,SIM-1-1978,BTC/USDT.SIM-SRGridStrategyUser-000,SIM-001,T-fab4bb1c1fd9a3ad-226538,LIMIT,BUY,0.074429,67178.56,GTC,,0.074429,MAKER,67178.56,0.0,['1.00000000 USDT'],FILLED,False,False,False,,NO_TRIGGER,,NO_CONTINGENCY,,,,,,,,4bed3c64-afc1-4ce5-b75a-abd7b7ae6864,2026-02-25 23:15:00+00:00,2026-02-26 15:15:00+00:00
TESTER-001,SRGridStrategyUser-000,BTC/USDT.SIM,SIM-1-1987,BTC/USDT.SIM-SRGridStrategyUser-000,SIM-001,T-63a970fd231ec527-226716,LIMIT,SELL,0.073803,67747.84,GTC,,0.073803,MAKER,67747.84,0.0,['1.00000000 USDT'],FILLED,False,False,False,,NO_TRIGGER,,NO_CONTINGENCY,,,,,,,,52005573-65a7-44de-8afb-fc3f40a1a43d,2026-02-26 15:15:00+00:00,2026-02-26 19:00:00+00:00
TESTER-001,SRGridStrategyUser-000,BTC/USDT.SIM,SIM-1-1991,BTC/USDT.SIM-SRGridStrategyUser-000,SIM-001,T-10e43ae8bcd59634-227413,LIMIT,BUY,0.074140,67439.62,GTC,,0.074140,MAKER,67439.62,0.0,['1.00000000 USDT'],FILLED,False,False,False,,NO_TRIGGER,,NO_CONTINGENCY,,,,,,,,0e3a5c76-eb4f-4d1f-972c-35dac08f8616,2026-02-27 07:15:00+00:00,2026-02-27 09:45:00+00:00
TESTER-001,SRGridStrategyUser-000,BTC/USDT.SIM,SIM-1-1992,BTC/USDT.SIM-SRGridStrategyUser-000,SIM-001,T-58f0b1b01df92fe5-227428,LIMIT,BUY,0.074363,67237.75,GTC,,0.074363,MAKER,67237.75,0.0,['1.00000000 USDT'],FILLED,False,False,False,,NO_TRIGGER,,NO_CONTINGENCY,,,,,,,,5b13a17c-1824-4fec-a507-b3663b2c6911,2026-02-27 07:15:00+00:00,2026-02-27 10:00:00+00:00
TESTER-001,SRGridStrategyUser-000,BTC/USDT.SIM,SIM-1-1993,BTC/USDT.SIM-SRGridStrategyUser-000,SIM-001,T-f3077f08903e80ee-227332,LIMIT,SELL,0.073699,67843.34,GTC,,0.073699,MAKER,67843.34,0.0,['1.00000000 USDT'],FILLED,False,False,False,,NO_TRIGGER,,NO_CONTINGENCY,,,,,,,,2f8d16c9-ff0b-4451-b16f-e6476cae431d,2026-02-27 07:15:00+00:00,2026-02-27 08:05:00+00:00
TESTER-001,SRGridStrategyUser-000,BTC/USDT.SIM,SIM-1-1994,BTC/USDT.SIM-SRGridStrategyUser-000,SIM-001,T-f9200f61a179be52-227337,LIMIT,SELL,0.073481,68045.21,GTC,,0.073481,MAKER,68045.20999999999,0.0,['1.00000000 USDT'],FILLED,False,False,False,,NO_TRIGGER,,NO_CONTINGENCY,,,,,,,,9663a4b2-098d-448a-9e66-6733a36b0c9d,2026-02-27 07:15:00+00:00,2026-02-27 08:10:00+00:00
TESTER-001,SRGridStrategyUser-000,BTC/USDT.SIM,SIM-1-1995,BTC/USDT.SIM-SRGridStrategyUser-000,SIM-001,T-10e43ae8bcd59634-227414,LIMIT,BUY,0.074140,67439.62,GTC,,0.074140,MAKER,67439.62,0.0,['1.00000000 USDT'],FILLED,False,False,False,,NO_TRIGGER,,NO_CONTINGENCY,,,,,,,,32587d16-1c25-474e-9a7a-c53652a655af,2026-02-27 08:05:00+00:00,2026-02-27 09:45:00+00:00
TESTER-001,SRGridStrategyUser-000,BTC/USDT.SIM,SIM-1-1996,BTC/USDT.SIM-SRGridStrategyUser-000,SIM-001,T-58f0b1b01df92fe5-227429,LIMIT,BUY,0.074363,67237.75,GTC,,0.074363,MAKER,67237.75,0.0,['1.00000000 USDT'],FILLED,False,False,False,,NO_TRIGGER,,NO_CONTINGENCY,,,,,,,,ce1934c1-9686-49be-b442-0bc5127d8a89,2026-02-27 08:05:00+00:00,2026-02-27 10:00:00+00:00
TESTER-001,SRGridStrategyUser-000,BTC/USDT.SIM,SIM-1-1997,BTC/USDT.SIM-SRGridStrategyUser-000,SIM-001,T-10e43ae8bcd59634-227415,LIMIT,BUY,0.074140,67439.62,GTC,,0.074140,MAKER,67439.62,0.0,['1.00000000 USDT'],FILLED,False,False,False,,NO_TRIGGER,,NO_CONTINGENCY,,,,,,,,a2cb16ab-169f-4e22-a0dc-9a4c55332033,2026-02-27 08:10:00+00:00,2026-02-27 09:45:00+00:00
TESTER-001,SRGridStrategyUser-000,BTC/USDT.SIM,SIM-1-1998,BTC/USDT.SIM-SRGridStrategyUser-000,SIM-001,T-58f0b1b01df92fe5-227430,LIMIT,BUY,0.074363,67237.75,GTC,,0.074363,MAKER,67237.75,0.0,['1.00000000 USDT'],FILLED,False,False,False,,NO_TRIGGER,,NO_CONTINGENCY,,,,,,,,0f62744f-bfa7-43ac-b00c-a543b95c56c3,2026-02-27 08:10:00+00:00,2026-02-27 10:00:00+00:00
TESTER-001,SRGridStrategyUser-000,BTC/USDT.SIM,SIM-1-1999,BTC/USDT.SIM-SRGridStrategyUser-000,SIM-001,T-fc2db20d5a062aa7-228379,LIMIT,BUY,0.076468,65386.66,GTC,,0.076468,MAKER,65386.659999999996,0.0,['1.00000000 USDT'],FILLED,False,False,False,,NO_TRIGGER,,NO_CONTINGENCY,,,,,,,,6ed4a431-f45a-47d1-a126-ed269bb8af32,2026-02-27 23:15:00+00:00,2026-02-28 06:15:00+00:00
TESTER-001,SRGridStrategyUser-000,BTC/USDT.SIM,SIM-1-2000,BTC/USDT.SIM-SRGridStrategyUser-000,SIM-001,T-96f5c0ba7f20ac45-228384,LIMIT,BUY,0.043565,64928.78,GTC,,0.043565,MAKER,64928.780000000006,0.0,['0.57000000 USDT'],FILLED,False,False,False,,NO_TRIGGER,,NO_CONTINGENCY,,,,,,,,330dbed6-2b56-4f2a-a632-9b75f8078944,2026-02-27 23:15:00+00:00,2026-02-28 06:20:00+00:00
TESTER-001,SRGridStrategyUser-000,BTC/USDT.SIM,SIM-1-2010,BTC/USDT.SIM-SRGridStrategyUser-000,SIM-001,T-1c50f247b402d58d-228732,LIMIT,SELL,0.077748,64310.12,GTC,,0.077748,MAKER,64310.119999999995,0.0,['1.00000000 USDT'],FILLED,False,False,False,,NO_TRIGGER,,NO_CONTINGENCY,,,,,,,,952a5a51-7d15-4b69-9da9-dcb82b54d2c3,2026-02-28 13:15:00+00:00,2026-02-28 13:45:00+00:00
TESTER-001,SRGridStrategyUser-000,BTC/USDT.SIM,SIM-1-2011,BTC/USDT.SIM-SRGridStrategyUser-000,SIM-001,T-5b3dba73a8559fd7-228737,LIMIT,SELL,0.077440,64566.08,GTC,,0.077440,MAKER,64566.08,0.0,['1.00000000 USDT'],FILLED,False,False,False,,NO_TRIGGER,,NO_CONTINGENCY,,,,,,,,8b16ba0d-2e69-4b79-8b04-c3d6596cef84,2026-02-28 13:15:00+00:00,2026-02-28 13:50:00+00:00
TESTER-001,SRGridStrategyUser-000,BTC/USDT.SIM,SIM-1-2016,BTC/USDT.SIM-SRGridStrategyUser-000,SIM-001,T-26755c7f8e6409de-229505,LIMIT,BUY,0.074520,67095.90,GTC,,0.074520,MAKER,67095.90000000001,0.0,['1.00000000 USDT'],FILLED,False,False,False,,NO_TRIGGER,,NO_CONTINGENCY,,,,,,,,0726e672-59cd-4644-8ec2-2c3363b45ede,2026-03-01 05:15:00+00:00,2026-03-01 06:05:00+00:00
TESTER-001,SRGridStrategyUser-000,BTC/USDT.SIM,SIM-1-2017,BTC/USDT.SIM-SRGridStrategyUser-000,SIM-001,T-9682d5f49474fcc0-229530,LIMIT,BUY,0.074871,66781.32,GTC,,0.074871,MAKER,66781.31999999999,0.0,['1.00000000 USDT'],FILLED,False,False,False,,NO_TRIGGER,,NO_CONTINGENCY,,,,,,,,db39fe35-7f2b-42b2-9ded-d479c2c5358c,2026-03-01 05:15:00+00:00,2026-03-01 06:35:00+00:00
TESTER-001,SRGridStrategyUser-000,BTC/USDT.SIM,SIM-1-2024,BTC/USDT.SIM-SRGridStrategyUser-000,SIM-001,T-93b7e5361e36beac-230285,LIMIT,BUY,0.076733,65161.06,GTC,,0.076733,MAKER,65161.06,0.0,['1.00000000 USDT'],FILLED,False,False,False,,NO_TRIGGER,,NO_CONTINGENCY,,,,,,,,81d662fd-6031-41a9-8194-7c59ca5e2fd1,2026-03-01 21:15:00+00:00,2026-03-01 22:35:00+00:00
TESTER-001,SRGridStrategyUser-000,BTC/USDT.SIM,SIM-1-2026,BTC/USDT.SIM-SRGridStrategyUser-000,SIM-001,T-902bb3b5f681974e-230263,LIMIT,SELL,0.070609,65988.78,GTC,,0.070609,MAKER,65988.78,0.0,['0.93000000 USDT'],FILLED,False,False,False,,NO_TRIGGER,,NO_CONTINGENCY,,,,,,,,c46a2a65-2b4e-41f0-b410-5aa5bd311cf1,2026-03-01 21:15:00+00:00,2026-03-01 22:10:00+00:00
TESTER-001,SRGridStrategyUser-000,BTC/USDT.SIM,SIM-1-2027,BTC/USDT.SIM-SRGridStrategyUser-000,SIM-001,T-d673133bcb419458-230384,LIMIT,SELL,0.075298,66402.63,GTC,,0.075298,MAKER,66402.63,0.0,['1.00000000 USDT'],FILLED,False,False,False,,NO_TRIGGER,,NO_CONTINGENCY,,,,,,,,b4babccf-6dfa-491a-8905-451b95ebcfe7,2026-03-01 21:15:00+00:00,2026-03-02 00:40:00+00:00
TESTER-001,SRGridStrategyUser-000,BTC/USDT.SIM,SIM-1-2028,BTC/USDT.SIM-SRGridStrategyUser-000,SIM-001,T-93b7e5361e36beac-230286,LIMIT,BUY,0.076733,65161.06,GTC,,0.076733,MAKER,65161.06,0.0,['1.00000000 USDT'],FILLED,False,False,False,,NO_TRIGGER,,NO_CONTINGENCY,,,,,,,,706d8c16-77e5-4e3d-a99f-171f16a18c3e,2026-03-01 22:10:00+00:00,2026-03-01 22:35:00+00:00
TESTER-001,SRGridStrategyUser-000,BTC/USDT.SIM,SIM-1-2030,BTC/USDT.SIM-SRGridStrategyUser-000,SIM-001,T-d673133bcb419458-230385,LIMIT,SELL,0.075298,66402.63,GTC,,0.075298,MAKER,66402.63,0.0,['1.00000000 USDT'],FILLED,False,False,False,,NO_TRIGGER,,NO_CONTINGENCY,,,,,,,,84ce7269-31d5-45ab-a2b4-4a68b2f95329,2026-03-01 22:35:00+00:00,2026-03-02 00:40:00+00:00
TESTER-001,SRGridStrategyUser-000,BTC/USDT.SIM,SIM-1-2032,BTC/USDT.SIM-SRGridStrategyUser-000,SIM-001,T-5fdf5a93a576fe34-231000,LIMIT,BUY,0.076152,65658.18,GTC,,0.076152,MAKER,65658.18,0.0,['1.00000000 USDT'],FILLED,False,False,False,,NO_TRIGGER,,NO_CONTINGENCY,,,,,,,,05a775b9-14f0-436e-908b-0dac8654ed75,2026-03-02 13:15:00+00:00,2026-03-02 13:40:00+00:00
TESTER-001,SRGridStrategyUser-000,BTC/USDT.SIM,SIM-1-2033,BTC/USDT.SIM-SRGridStrategyUser-000,SIM-001,T-583976f66258ed54-231009,LIMIT,BUY,0.076495,65363.54,GTC,,0.076495,MAKER,65363.53999999999,0.0,['1.00000000 USDT'],FILLED,False,False,False,,NO_TRIGGER,,NO_CONTINGENCY,,,,,,,,d6aaf807-ee60-4507-aa3f-eb6ada2d834f,2026-03-02 13:15:00+00:00,2026-03-02 13:50:00+00:00
TESTER-001,SRGridStrategyUser-000,BTC/USDT.SIM,SIM-1-2034,BTC/USDT.SIM-SRGridStrategyUser-000,SIM-001,T-4f4e8b7a17445934-231041,LIMIT,SELL,0.075475,66247.46,GTC,,0.075475,MAKER,66247.45999999999,0.0,['1.00000000 USDT'],FILLED,False,False,False,,NO_TRIGGER,,NO_CONTINGENCY,,,,,,,,810de8c3-9b79-4cf9-a063-214452fb05cc,2026-03-02 13:15:00+00:00,2026-03-02 14:30:00+00:00
TESTER-001,SRGridStrategyUser-000,BTC/USDT.SIM,SIM-1-2035,BTC/USDT.SIM-SRGridStrategyUser-000,SIM-001,T-6395ce1dc0a10061-231052,LIMIT,SELL,0.075140,66542.10,GTC,,0.075140,MAKER,66542.09999999999,0.0,['1.00000000 USDT'],FILLED,False,False,False,,NO_TRIGGER,,NO_CONTINGENCY,,,,,,,,e8e8912e-5c32-4121-9285-ace0a98f2f02,2026-03-02 13:15:00+00:00,2026-03-02 14:40:00+00:00
TESTER-001,SRGridStrategyUser-000,BTC/USDT.SIM,SIM-1-2036,BTC/USDT.SIM-SRGridStrategyUser-000,SIM-001,T-4f4e8b7a17445934-231042,LIMIT,SELL,0.075475,66247.46,GTC,,0.075475,MAKER,66247.45999999999,0.0,['1.00000000 USDT'],FILLED,False,False,False,,NO_TRIGGER,,NO_CONTINGENCY,,,,,,,,d047e9c7-5ba2-48c1-b26c-89c3fe9eae20,2026-03-02 13:40:00+00:00,2026-03-02 14:30:00+00:00
TESTER-001,SRGridStrategyUser-000,BTC/USDT.SIM,SIM-1-2037,BTC/USDT.SIM-SRGridStrategyUser-000,SIM-001,T-6395ce1dc0a10061-231053,LIMIT,SELL,0.075140,66542.10,GTC,,0.075140,MAKER,66542.09999999999,0.0,['1.00000000 USDT'],FILLED,False,False,False,,NO_TRIGGER,,NO_CONTINGENCY,,,,,,,,6728e95f-83f6-4841-8301-97163801ea0d,2026-03-02 13:40:00+00:00,2026-03-02 14:40:00+00:00
TESTER-001,SRGridStrategyUser-000,BTC/USDT.SIM,SIM-1-2038,BTC/USDT.SIM-SRGridStrategyUser-000,SIM-001,T-4f4e8b7a17445934-231043,LIMIT,SELL,0.075475,66247.46,GTC,,0.075475,MAKER,66247.45999999999,0.0,['1.00000000 USDT'],FILLED,False,False,False,,NO_TRIGGER,,NO_CONTINGENCY,,,,,,,,50e55992-564d-4b7e-84ea-9a5849eeb7b4,2026-03-02 13:50:00+00:00,2026-03-02 14:30:00+00:00
TESTER-001,SRGridStrategyUser-000,BTC/USDT.SIM,SIM-1-2039,BTC/USDT.SIM-SRGridStrategyUser-000,SIM-001,T-6395ce1dc0a10061-231054,LIMIT,SELL,0.075140,66542.10,GTC,,0.075140,MAKER,66542.09999999999,0.0,['1.00000000 USDT'],FILLED,False,False,False,,NO_TRIGGER,,NO_CONTINGENCY,,,,,,,,a3fedf07-8aef-4dff-ab46-6f698b8cf049,2026-03-02 13:50:00+00:00,2026-03-02 14:40:00+00:00
TESTER-001,SRGridStrategyUser-000,BTC/USDT.SIM,SIM-1-2041,BTC/USDT.SIM-SRGridStrategyUser-000,SIM-001,T-efe4876861befd50-231474,LIMIT,BUY,0.072491,68974.02,GTC,,0.072491,MAKER,68974.01999999999,0.0,['1.00000000 USDT'],FILLED,False,False,False,,NO_TRIGGER,,NO_CONTINGENCY,,,,,,,,c615fa81-2312-411b-a7fa-6a0f3491a5b5,2026-03-02 23:00:00+00:00,2026-03-02 23:30:00+00:00
TESTER-001,SRGridStrategyUser-000,BTC/USDT.SIM,SIM-1-2042,BTC/USDT.SIM-SRGridStrategyUser-000,SIM-001,T-b5a23ac6e0dd0981-231594,LIMIT,BUY,0.072875,68610.35,GTC,,0.072875,MAKER,68610.34999999999,0.0,['1.00000000 USDT'],FILLED,False,False,False,,NO_TRIGGER,,NO_CONTINGENCY,,,,,,,,f04d17ee-2ad8-4a66-a919-02658eeb6bb2,2026-03-02 23:00:00+00:00,2026-03-03 02:00:00+00:00
TESTER-001,SRGridStrategyUser-000,BTC/USDT.SIM,SIM-1-2051,BTC/USDT.SIM-SRGridStrategyUser-000,SIM-001,T-7275d3f28c97fd79-232228,LIMIT,SELL,0.074058,67514.46,GTC,,0.074058,MAKER,67514.46,0.0,['1.00000000 USDT'],FILLED,False,False,False,,NO_TRIGGER,,NO_CONTINGENCY,,,,,,,,47a8f39c-b417-4839-9b58-a61e9c61d326,2026-03-03 15:00:00+00:00,2026-03-03 15:35:00+00:00
TESTER-001,SRGridStrategyUser-000,BTC/USDT.SIM,SIM-1-2052,BTC/USDT.SIM-SRGridStrategyUser-000,SIM-001,T-2c88af57dbb21108-232252,LIMIT,SELL,0.073105,68394.43,GTC,,0.073105,MAKER,68394.43,0.0,['1.00000000 USDT'],FILLED,False,False,False,,NO_TRIGGER,,NO_CONTINGENCY,,,,,,,,a58bd32b-4e90-4399-938b-b66b58b0fe52,2026-03-03 15:00:00+00:00,2026-03-03 16:05:00+00:00
TESTER-001,SRGridStrategyUser-000,BTC/USDT.SIM,SIM-1-2059,BTC/USDT.SIM-SRGridStrategyUser-000,SIM-001,T-ee6adb4843e31575-232989,LIMIT,SELL,0.072589,68881.16,GTC,,0.072589,MAKER,68881.15999999999,0.0,['1.00000000 USDT'],FILLED,False,False,False,,NO_TRIGGER,,NO_CONTINGENCY,,,,,,,,87235fed-591b-4062-a4ad-835e69169dab,2026-03-04 07:00:00+00:00,2026-03-04 07:40:00+00:00
TESTER-001,SRGridStrategyUser-000,BTC/USDT.SIM,SIM-1-2060,BTC/USDT.SIM-SRGridStrategyUser-000,SIM-001,T-e29f214a855533ce-232994,LIMIT,SELL,0.072179,69272.32,GTC,,0.072179,MAKER,69272.32,0.0,['1.00000000 USDT'],FILLED,False,False,False,,NO_TRIGGER,,NO_CONTINGENCY,,,,,,,,de5e9f67-014e-44f0-b1c2-3090510a628e,2026-03-04 07:00:00+00:00,2026-03-04 07:45:00+00:00
TESTER-001,SRGridStrategyUser-000,BTC/USDT.SIM,SIM-1-2065,BTC/USDT.SIM-SRGridStrategyUser-000,SIM-001,T-677b0832a060c4f5-233202,LIMIT,BUY,0.328655,70871.42,GTC,,0.328655,MAKER,70871.42,0.0,['4.66000000 USDT'],FILLED,False,True,False,,NO_TRIGGER,,NO_CONTINGENCY,,,,,,,,df4ac3e2-926c-4d9e-abef-655dc8cf96c1,2026-03-04 10:00:00+00:00,2026-03-04 12:05:00+00:00
TESTER-001,SRGridStrategyUser-000,BTC/USDT.SIM,SIM-1-2066,BTC/USDT.SIM-SRGridStrategyUser-000,SIM-001,T-687c2086c09264cd-233703,LIMIT,BUY,0.068600,72886.57,GTC,,0.068600,MAKER,72886.56999999999,0.0,['1.00000000 USDT'],FILLED,False,False,False,,NO_TRIGGER,,NO_CONTINGENCY,,,,,,,,c0749cb9-9916-44ca-a9fa-bd48eab12bc7,2026-03-04 22:10:00+00:00,2026-03-04 22:40:00+00:00
TESTER-001,SRGridStrategyUser-000,BTC/USDT.SIM,SIM-1-2067,BTC/USDT.SIM-SRGridStrategyUser-000,SIM-001,T-1b3f260aeb8364c2-233734,LIMIT,BUY,0.068624,72528.88,GTC,,0.068624,MAKER,72528.88,0.0,['1.00000000 USDT'],FILLED,False,False,False,,NO_TRIGGER,,NO_CONTINGENCY,,,,,,,,7ac1a67a-67f0-431d-bbef-b1e0d1b3c5bc,2026-03-04 22:10:00+00:00,2026-03-04 23:20:00+00:00
TESTER-001,SRGridStrategyUser-000,BTC/USDT.SIM,SIM-1-2074,BTC/USDT.SIM-SRGridStrategyUser-000,SIM-001,T-61604e6c1c9cc6d5-234459,LIMIT,BUY,0.069309,72140.32,GTC,,0.069309,MAKER,72140.32,0.0,['1.00000000 USDT'],FILLED,False,False,False,,NO_TRIGGER,,NO_CONTINGENCY,,,,,,,,8d68152f-2178-471d-8ae9-809e2b732cc5,2026-03-05 14:10:00+00:00,2026-03-05 14:40:00+00:00
TESTER-001,SRGridStrategyUser-000,BTC/USDT.SIM,SIM-1-2075,BTC/USDT.SIM-SRGridStrategyUser-000,SIM-001,T-1e978458cc0bd7b7-234484,LIMIT,BUY,0.069767,71666.74,GTC,,0.069767,MAKER,71666.73999999999,0.0,['1.00000000 USDT'],FILLED,False,False,False,,NO_TRIGGER,,NO_CONTINGENCY,,,,,,,,2790757c-b707-4476-8326-af76f794ef81,2026-03-05 14:10:00+00:00,2026-03-05 15:10:00+00:00
TESTER-001,SRGridStrategyUser-000,BTC/USDT.SIM,SIM-1-2082,BTC/USDT.SIM-SRGridStrategyUser-000,SIM-001,T-49ddbf5bd10c5de7-235476,LIMIT,BUY,0.071520,69910.78,GTC,,0.071520,MAKER,69910.78,0.0,['1.00000000 USDT'],FILLED,False,False,False,,NO_TRIGGER,,NO_CONTINGENCY,,,,,,,,1f1e7d56-c3ff-4590-bead-e50ef74cc2e6,2026-03-06 06:10:00+00:00,2026-03-06 12:05:00+00:00
TESTER-001,SRGridStrategyUser-000,BTC/USDT.SIM,SIM-1-2083,BTC/USDT.SIM-SRGridStrategyUser-000,SIM-001,T-8efeae433414f0ff-235565,LIMIT,BUY,0.014386,69513.45,GTC,,0.014386,MAKER,69513.45,0.0,['0.20000000 USDT'],FILLED,False,False,False,,NO_TRIGGER,,NO_CONTINGENCY,,,,,,,,58a2b73c-a1d3-471c-9670-950d25f10492,2026-03-06 06:10:00+00:00,2026-03-06 13:55:00+00:00
TESTER-001,SRGridStrategyUser-000,BTC/USDT.SIM,SIM-1-2084,BTC/USDT.SIM-SRGridStrategyUser-000,SIM-001,T-224cf6f169a323d2-235221,LIMIT,SELL,0.068366,70705.46,GTC,,0.068366,MAKER,70705.45999999999,0.0,['0.97000000 USDT'],FILLED,False,False,False,,NO_TRIGGER,,NO_CONTINGENCY,,,,,,,,463b5c22-e7dc-42a5-ac1c-7aa0824e4e48,2026-03-06 06:10:00+00:00,2026-03-06 06:45:00+00:00
TESTER-001,SRGridStrategyUser-000,BTC/USDT.SIM,SIM-1-2085,BTC/USDT.SIM-SRGridStrategyUser-000,SIM-001,T-b6d0fe700249bd30-235269,LIMIT,SELL,0.070321,71102.80,GTC,,0.070321,MAKER,71102.8,0.0,['1.00000000 USDT'],FILLED,False,False,False,,NO_TRIGGER,,NO_CONTINGENCY,,,,,,,,06e92a6b-b947-4dc5-acf3-c17a10f3e09d,2026-03-06 06:10:00+00:00,2026-03-06 07:45:00+00:00
TESTER-001,SRGridStrategyUser-000,BTC/USDT.SIM,SIM-1-2086,BTC/USDT.SIM-SRGridStrategyUser-000,SIM-001,T-49ddbf5bd10c5de7-235477,LIMIT,BUY,0.071520,69910.78,GTC,,0.071520,MAKER,69910.78,0.0,['1.00000000 USDT'],FILLED,False,False,False,,NO_TRIGGER,,NO_CONTINGENCY,,,,,,,,af03d64a-8cf7-4401-88b2-4e0b18fb83cc,2026-03-06 06:45:00+00:00,2026-03-06 12:05:00+00:00
TESTER-001,SRGridStrategyUser-000,BTC/USDT.SIM,SIM-1-2087,BTC/USDT.SIM-SRGridStrategyUser-000,SIM-001,T-8efeae433414f0ff-235566,LIMIT,BUY,0.014510,69513.45,GTC,,0.014510,MAKER,69513.45,0.0,['0.20000000 USDT'],FILLED,False,False,False,,NO_TRIGGER,,NO_CONTINGENCY,,,,,,,,5ab13136-6384-4c80-a361-dd881a235309,2026-03-06 06:45:00+00:00,2026-03-06 13:55:00+00:00
TESTER-001,SRGridStrategyUser-000,BTC/USDT.SIM,SIM-1-2088,BTC/USDT.SIM-SRGridStrategyUser-000,SIM-001,T-49ddbf5bd10c5de7-235478,LIMIT,BUY,0.071520,69910.78,GTC,,0.071520,MAKER,69910.78,0.0,['1.00000000 USDT'],FILLED,False,False,False,,NO_TRIGGER,,NO_CONTINGENCY,,,,,,,,c92e327b-662e-47d1-829b-50a5e2defc02,2026-03-06 07:45:00+00:00,2026-03-06 12:05:00+00:00
TESTER-001,SRGridStrategyUser-000,BTC/USDT.SIM,SIM-1-2089,BTC/USDT.SIM-SRGridStrategyUser-000,SIM-001,T-8efeae433414f0ff-235567,LIMIT,BUY,0.014645,69513.45,GTC,,0.014645,MAKER,69513.45,0.0,['0.20000000 USDT'],FILLED,False,False,False,,NO_TRIGGER,,NO_CONTINGENCY,,,,,,,,391f296a-cdf1-498b-96e1-6976730eb499,2026-03-06 07:45:00+00:00,2026-03-06 13:55:00+00:00
TESTER-001,SRGridStrategyUser-000,BTC/USDT.SIM,SIM-1-2093,BTC/USDT.SIM-SRGridStrategyUser-000,SIM-001,T-474acfdbe63054fe-236931,LIMIT,BUY,0.074103,67473.99,GTC,,0.074103,MAKER,67473.99,0.0,['1.00000000 USDT'],FILLED,False,False,False,,NO_TRIGGER,,NO_CONTINGENCY,,,,,,,,8ab8395b-c6c7-4ec3-a08e-7d04e246c884,2026-03-07 14:05:00+00:00,2026-03-07 19:15:00+00:00
TESTER-001,SRGridStrategyUser-000,BTC/USDT.SIM,SIM-1-2094,BTC/USDT.SIM-SRGridStrategyUser-000,SIM-001,T-8163d11ee0fe1f70-236941,LIMIT,BUY,0.034435,67246.98,GTC,,0.034435,MAKER,67246.98,0.0,['0.46000000 USDT'],FILLED,False,False,False,,NO_TRIGGER,,NO_CONTINGENCY,,,,,,,,9c865606-a617-4935-82c4-da0c13cb8d85,2026-03-07 14:05:00+00:00,2026-03-07 19:25:00+00:00
TESTER-001,SRGridStrategyUser-000,BTC/USDT.SIM,SIM-1-2095,BTC/USDT.SIM-SRGridStrategyUser-000,SIM-001,T-9bfbb51a1c2400b6-236711,LIMIT,SELL,0.073607,67928.01,GTC,,0.073607,MAKER,67928.01,0.0,['1.00000000 USDT'],FILLED,False,False,False,,NO_TRIGGER,,NO_CONTINGENCY,,,,,,,,5e04a36b-a2de-4cb7-81a8-b355263e81d5,2026-03-07 14:05:00+00:00,2026-03-07 14:35:00+00:00
TESTER-001,SRGridStrategyUser-000,BTC/USDT.SIM,SIM-1-2097,BTC/USDT.SIM-SRGridStrategyUser-000,SIM-001,T-474acfdbe63054fe-236932,LIMIT,BUY,0.074103,67473.99,GTC,,0.074103,MAKER,67473.99,0.0,['1.00000000 USDT'],FILLED,False,False,False,,NO_TRIGGER,,NO_CONTINGENCY,,,,,,,,858cf959-d56a-4ee3-8884-8a41639329b0,2026-03-07 14:35:00+00:00,2026-03-07 19:15:00+00:00
TESTER-001,SRGridStrategyUser-000,BTC/USDT.SIM,SIM-1-2098,BTC/USDT.SIM-SRGridStrategyUser-000,SIM-001,T-8163d11ee0fe1f70-236942,LIMIT,BUY,0.044621,67246.98,GTC,,0.044621,MAKER,67246.98,0.0,['0.60000000 USDT'],FILLED,False,False,False,,NO_TRIGGER,,NO_CONTINGENCY,,,,,,,,83bcb4d9-2c56-4cb8-ba08-f46a5b4963fa,2026-03-07 14:35:00+00:00,2026-03-07 19:25:00+00:00
TESTER-001,SRGridStrategyUser-000,BTC/USDT.SIM,SIM-1-2101,BTC/USDT.SIM-SRGridStrategyUser-000,SIM-001,T-c6d9866517af7124-237503,LIMIT,SELL,0.074144,67436.78,GTC,,0.074144,MAKER,67436.78,0.0,['1.00000000 USDT'],FILLED,False,False,False,,NO_TRIGGER,,NO_CONTINGENCY,,,,,,,,de92790c-80d2-46bc-a808-d1065906e5a3,2026-03-08 06:05:00+00:00,2026-03-08 07:20:00+00:00
TESTER-001,SRGridStrategyUser-000,BTC/USDT.SIM,SIM-1-2102,BTC/USDT.SIM-SRGridStrategyUser-000,SIM-001,T-97633fe487928af3-237591,LIMIT,SELL,0.073882,67675.78,GTC,,0.073882,MAKER,67675.78,0.0,['1.00000000 USDT'],FILLED,False,False,False,,NO_TRIGGER,,NO_CONTINGENCY,,,,,,,,35d6d911-3b06-470c-8c9e-4386ffeddbff,2026-03-08 06:05:00+00:00,2026-03-08 09:10:00+00:00
TESTER-001,SRGridStrategyUser-000,BTC/USDT.SIM,SIM-1-2103,BTC/USDT.SIM-SRGridStrategyUser-000,SIM-001,T-be5e6f63d3cd1f98-238311,LIMIT,SELL,0.048265,66611.34,GTC,,0.048265,MAKER,66611.34,0.0,['0.64000000 USDT'],FILLED,False,False,False,,NO_TRIGGER,,NO_CONTINGENCY,,,,,,,,3ef40bbe-f288-40bb-b3ed-cd52a31ff783,2026-03-08 22:05:00+00:00,2026-03-09 00:35:00+00:00
TESTER-001,SRGridStrategyUser-000,BTC/USDT.SIM,SIM-1-2104,BTC/USDT.SIM-SRGridStrategyUser-000,SIM-001,T-32cef50f6aece663-238434,LIMIT,SELL,0.074416,67190.09,GTC,,0.074416,MAKER,67190.09,0.0,['1.00000000 USDT'],FILLED,False,False,False,,NO_TRIGGER,,NO_CONTINGENCY,,,,,,,,72cf9b05-4692-4c4b-a62e-133d1a766823,2026-03-08 22:05:00+00:00,2026-03-09 03:10:00+00:00
TESTER-001,SRGridStrategyUser-000,BTC/USDT.SIM,SIM-1-2107,BTC/USDT.SIM-SRGridStrategyUser-000,SIM-001,T-5e51176625c520cd-239211,LIMIT,SELL,0.071949,69493.56,GTC,,0.071949,MAKER,69493.56000000001,0.0,['1.00000000 USDT'],FILLED,False,False,False,,NO_TRIGGER,,NO_CONTINGENCY,,,,,,,,d173ab52-90fb-47b8-959b-770c5b2b54e5,2026-03-09 14:05:00+00:00,2026-03-09 19:30:00+00:00
TESTER-001,SRGridStrategyUser-000,BTC/USDT.SIM,SIM-1-2108,BTC/USDT.SIM-SRGridStrategyUser-000,SIM-001,T-2ff132fa8d69086f-239545,LIMIT,SELL,0.014240,70226.96,GTC,,0.014240,MAKER,70226.96,0.0,['0.20000000 USDT'],FILLED,False,False,False,,NO_TRIGGER,,NO_CONTINGENCY,,,,,,,,5dbaedec-6f7c-4775-83c6-f9486b4a92c9,2026-03-09 14:05:00+00:00,2026-03-10 02:40:00+00:00
TESTER-001,SRGridStrategyUser-000,BTC/USDT.SIM,SIM-1-2113,BTC/USDT.SIM-SRGridStrategyUser-000,SIM-001,T-ec6a4a218c0e5b3d-240084,LIMIT,BUY,0.055435,69625.98,GTC,,0.055435,MAKER,69625.98000000001,0.0,['0.77000000 USDT'],FILLED,False,False,False,,NO_TRIGGER,,NO_CONTINGENCY,,,,,,,,9b313806-e299-43ef-8e3c-4bf49cb6799b,2026-03-10 06:05:00+00:00,2026-03-10 14:00:00+00:00
TESTER-001,SRGridStrategyUser-000,BTC/USDT.SIM,SIM-1-2114,BTC/USDT.SIM-SRGridStrategyUser-000,SIM-001,T-88c5ba8ef453dec1-240099,LIMIT,BUY,0.072133,69316.53,GTC,,0.072133,MAKER,69316.53,0.0,['1.00000000 USDT'],FILLED,False,False,False,,NO_TRIGGER,,NO_CONTINGENCY,,,,,,,,e9c61dc4-71c0-47bc-b472-4b218c046052,2026-03-10 06:05:00+00:00,2026-03-10 14:15:00+00:00
TESTER-001,SRGridStrategyUser-000,BTC/USDT.SIM,SIM-1-2115,BTC/USDT.SIM-SRGridStrategyUser-000,SIM-001,T-62cdd0b01d6f9b0b-239753,LIMIT,SELL,0.071180,70244.88,GTC,,0.071180,MAKER,70244.88,0.0,['1.00000000 USDT'],FILLED,False,False,False,,NO_TRIGGER,,NO_CONTINGENCY,,,,,,,,cac6cf28-370f-44f1-b767-e964c07bdf62,2026-03-10 06:05:00+00:00,2026-03-10 07:05:00+00:00
TESTER-001,SRGridStrategyUser-000,BTC/USDT.SIM,SIM-1-2116,BTC/USDT.SIM-SRGridStrategyUser-000,SIM-001,T-b1fadcb98f21f4d0-239802,LIMIT,SELL,0.048900,70554.33,GTC,,0.048900,MAKER,70554.33,0.0,['0.69000000 USDT'],FILLED,False,False,False,,NO_TRIGGER,,NO_CONTINGENCY,,,,,,,,48062e6c-6068-4054-a626-0f737c5a3901,2026-03-10 06:05:00+00:00,2026-03-10 08:05:00+00:00
TESTER-001,SRGridStrategyUser-000,BTC/USDT.SIM,SIM-1-2117,BTC/USDT.SIM-SRGridStrategyUser-000,SIM-001,T-ec6a4a218c0e5b3d-240085,LIMIT,BUY,0.071812,69625.98,GTC,,0.071812,MAKER,69625.98000000001,0.0,['1.00000000 USDT'],FILLED,False,False,False,,NO_TRIGGER,,NO_CONTINGENCY,,,,,,,,0eaded6f-6601-4389-86df-a69b476de2cd,2026-03-10 07:05:00+00:00,2026-03-10 14:00:00+00:00
TESTER-001,SRGridStrategyUser-000,BTC/USDT.SIM,SIM-1-2118,BTC/USDT.SIM-SRGridStrategyUser-000,SIM-001,T-88c5ba8ef453dec1-240100,LIMIT,BUY,0.072133,69316.53,GTC,,0.072133,MAKER,69316.53,0.0,['1.00000000 USDT'],FILLED,False,False,False,,NO_TRIGGER,,NO_CONTINGENCY,,,,,,,,00701f23-1b7d-4558-9647-ee4d35e27074,2026-03-10 07:05:00+00:00,2026-03-10 14:15:00+00:00
TESTER-001,SRGridStrategyUser-000,BTC/USDT.SIM,SIM-1-2119,BTC/USDT.SIM-SRGridStrategyUser-000,SIM-001,T-ec6a4a218c0e5b3d-240086,LIMIT,BUY,0.071812,69625.98,GTC,,0.071812,MAKER,69625.98000000001,0.0,['1.00000000 USDT'],FILLED,False,False,False,,NO_TRIGGER,,NO_CONTINGENCY,,,,,,,,8f3ec765-4aaa-4a24-b0d9-f77a5f38079b,2026-03-10 08:05:00+00:00,2026-03-10 14:00:00+00:00
TESTER-001,SRGridStrategyUser-000,BTC/USDT.SIM,SIM-1-2120,BTC/USDT.SIM-SRGridStrategyUser-000,SIM-001,T-88c5ba8ef453dec1-240101,LIMIT,BUY,0.072133,69316.53,GTC,,0.072133,MAKER,69316.53,0.0,['1.00000000 USDT'],FILLED,False,False,False,,NO_TRIGGER,,NO_CONTINGENCY,,,,,,,,71f96eaf-1ab8-43f2-854c-dafda7b0d4d9,2026-03-10 08:05:00+00:00,2026-03-10 14:15:00+00:00
TESTER-001,SRGridStrategyUser-000,BTC/USDT.SIM,SIM-1-2121,BTC/USDT.SIM-SRGridStrategyUser-000,SIM-001,T-71ece25451a233ad-240567,LIMIT,SELL,0.071399,70029.21,GTC,,0.071399,MAKER,70029.20999999999,0.0,['1.00000000 USDT'],FILLED,False,False,False,,NO_TRIGGER,,NO_CONTINGENCY,,,,,,,,c8834003-3f5e-4478-95bf-a3bdc3ced39d,2026-03-10 22:05:00+00:00,2026-03-11 00:10:00+00:00
TESTER-001,SRGridStrategyUser-000,BTC/USDT.SIM,SIM-1-2122,BTC/USDT.SIM-SRGridStrategyUser-000,SIM-001,T-26801f2beece49b5-241191,LIMIT,SELL,0.070990,70432.55,GTC,,0.070990,MAKER,70432.55,0.0,['1.00000000 USDT'],FILLED,False,False,False,,NO_TRIGGER,,NO_CONTINGENCY,,,,,,,,f840418d-43f1-44c6-94e1-897845905c53,2026-03-10 22:05:00+00:00,2026-03-11 13:30:00+00:00
TESTER-001,SRGridStrategyUser-000,BTC/USDT.SIM,SIM-1-2123,BTC/USDT.SIM-SRGridStrategyUser-000,SIM-001,T-cbde16257a45bba0-241373,LIMIT,SELL,0.070264,71160.10,GTC,,0.070264,MAKER,71160.09999999999,0.0,['1.00000000 USDT'],FILLED,False,False,False,,NO_TRIGGER,,NO_CONTINGENCY,,,,,,,,6202a5b7-81ef-4d40-8b35-5f6d9734efe8,2026-03-11 14:05:00+00:00,2026-03-11 17:20:00+00:00
TESTER-001,SRGridStrategyUser-000,BTC/USDT.SIM,SIM-1-2127,BTC/USDT.SIM-SRGridStrategyUser-000,SIM-001,T-c2302211151ba522-242032,LIMIT,SELL,0.071712,69722.99,GTC,,0.071712,MAKER,69722.98999999999,0.0,['1.00000000 USDT'],FILLED,False,False,False,,NO_TRIGGER,,NO_CONTINGENCY,,,,,,,,9c4818c6-0485-4b50-8fe1-6f3d00b7b2fa,2026-03-12 06:05:00+00:00,2026-03-12 07:30:00+00:00
TESTER-001,SRGridStrategyUser-000,BTC/USDT.SIM,SIM-1-2128,BTC/USDT.SIM-SRGridStrategyUser-000,SIM-001,T-1fc91875928e55fc-242069,LIMIT,SELL,0.071418,70010.24,GTC,,0.071418,MAKER,70010.24,0.0,['1.00000000 USDT'],FILLED,False,False,False,,NO_TRIGGER,,NO_CONTINGENCY,,,,,,,,3108fe27-ddda-45c4-bd9a-c8a345d61816,2026-03-12 06:05:00+00:00,2026-03-12 08:15:00+00:00
TESTER-001,SRGridStrategyUser-000,BTC/USDT.SIM,SIM-1-2135,BTC/USDT.SIM-SRGridStrategyUser-000,SIM-001,T-4134282771c942e3-242759,LIMIT,SELL,0.070993,70429.19,GTC,,0.070993,MAKER,70429.19,0.0,['1.00000000 USDT'],FILLED,False,False,False,,NO_TRIGGER,,NO_CONTINGENCY,,,,,,,,2ae80ea2-616e-403e-9e5f-8f306644aadd,2026-03-12 22:05:00+00:00,2026-03-12 23:00:00+00:00
TESTER-001,SRGridStrategyUser-000,BTC/USDT.SIM,SIM-1-2136,BTC/USDT.SIM-SRGridStrategyUser-000,SIM-001,T-661671fd7887502b-242776,LIMIT,SELL,0.070770,70651.87,GTC,,0.070770,MAKER,70651.87,0.0,['1.00000000 USDT'],FILLED,False,False,False,,NO_TRIGGER,,NO_CONTINGENCY,,,,,,,,37e5962d-4277-4e99-86d6-ece5fd49db55,2026-03-12 22:05:00+00:00,2026-03-12 23:20:00+00:00
TESTER-001,SRGridStrategyUser-000,BTC/USDT.SIM,SIM-1-2141,BTC/USDT.SIM-SRGridStrategyUser-000,SIM-001,T-d17c05f89073d6d4-243508,LIMIT,BUY,0.068765,72711.11,GTC,,0.068765,MAKER,72711.11,0.0,['1.00000000 USDT'],FILLED,False,False,False,,NO_TRIGGER,,NO_CONTINGENCY,,,,,,,,fbba767d-f071-48a6-b212-a6c3c38ab8eb,2026-03-13 14:05:00+00:00,2026-03-13 14:50:00+00:00
TESTER-001,SRGridStrategyUser-000,BTC/USDT.SIM,SIM-1-2142,BTC/USDT.SIM-SRGridStrategyUser-000,SIM-001,T-b7689e5f3ffd7802-243549,LIMIT,BUY,0.069421,72023.82,GTC,,0.069421,MAKER,72023.82,0.0,['1.00000000 USDT'],FILLED,False,False,False,,NO_TRIGGER,,NO_CONTINGENCY,,,,,,,,4a9d5e98-1000-47b2-a942-7ba0bc9da0b7,2026-03-13 14:05:00+00:00,2026-03-13 15:40:00+00:00
TESTER-001,SRGridStrategyUser-000,BTC/USDT.SIM,SIM-1-2149,BTC/USDT.SIM-SRGridStrategyUser-000,SIM-001,T-e76363d561c6356f-244242,LIMIT,BUY,0.070665,70756.45,GTC,,0.070665,MAKER,70756.45000000001,0.0,['1.00000000 USDT'],FILLED,False,False,False,,NO_TRIGGER,,NO_CONTINGENCY,,,,,,,,04e4d930-daae-4675-a8dc-ec6a791a69b6,2026-03-14 06:05:00+00:00,2026-03-14 06:25:00+00:00
TESTER-001,SRGridStrategyUser-000,BTC/USDT.SIM,SIM-1-2150,BTC/USDT.SIM-SRGridStrategyUser-000,SIM-001,T-e3c6a291e6491682-244251,LIMIT,BUY,0.070850,70571.81,GTC,,0.070850,MAKER,70571.81,0.0,['1.00000000 USDT'],FILLED,False,False,False,,NO_TRIGGER,,NO_CONTINGENCY,,,,,,,,08e0675c-e2ac-44f2-8d48-936618029272,2026-03-14 06:05:00+00:00,2026-03-14 06:35:00+00:00
TESTER-001,SRGridStrategyUser-000,BTC/USDT.SIM,SIM-1-2159,BTC/USDT.SIM-SRGridStrategyUser-000,SIM-001,T-28f45dc453c6d6b1-245005,LIMIT,SELL,0.070570,70851.99,GTC,,0.070570,MAKER,70851.99,0.0,['1.00000000 USDT'],FILLED,False,False,False,,NO_TRIGGER,,NO_CONTINGENCY,,,,,,,,530210ee-9265-41c0-8748-2f6dc0928de3,2026-03-14 22:05:00+00:00,2026-03-14 23:00:00+00:00
TESTER-001,SRGridStrategyUser-000,BTC/USDT.SIM,SIM-1-2160,BTC/USDT.SIM-SRGridStrategyUser-000,SIM-001,T-66449672aab460b4-245010,LIMIT,SELL,0.070449,70973.77,GTC,,0.070449,MAKER,70973.77,0.0,['1.00000000 USDT'],FILLED,False,False,False,,NO_TRIGGER,,NO_CONTINGENCY,,,,,,,,017bb164-8dc9-4d82-b15e-f796f3346097,2026-03-14 22:05:00+00:00,2026-03-14 23:05:00+00:00
TESTER-001,SRGridStrategyUser-000,BTC/USDT.SIM,SIM-1-2167,BTC/USDT.SIM-SRGridStrategyUser-000,SIM-001,T-4735338552d28253-245882,LIMIT,SELL,0.069479,71964.60,GTC,,0.069479,MAKER,71964.6,0.0,['1.00000000 USDT'],FILLED,False,False,False,,NO_TRIGGER,,NO_CONTINGENCY,,,,,,,,1ddf0b10-7071-4ec7-8256-5c6c797f9fab,2026-03-15 14:05:00+00:00,2026-03-15 17:50:00+00:00
TESTER-001,SRGridStrategyUser-000,BTC/USDT.SIM,SIM-1-2168,BTC/USDT.SIM-SRGridStrategyUser-000,SIM-001,T-71aee69613c9bee6-246109,LIMIT,SELL,0.013826,72326.50,GTC,,0.013826,MAKER,72326.5,0.0,['0.20000000 USDT'],FILLED,False,False,False,,NO_TRIGGER,,NO_CONTINGENCY,,,,,,,,9e9293e9-d2e1-4c38-b004-56829b9647ee,2026-03-15 14:05:00+00:00,2026-03-15 22:40:00+00:00
TESTER-001,SRGridStrategyUser-000,BTC/USDT.SIM,SIM-1-2173,BTC/USDT.SIM-SRGridStrategyUser-000,SIM-001,T-34bbc6da8c932952-246570,LIMIT,BUY,0.032156,73286.52,GTC,,0.032156,MAKER,73286.52,0.0,['0.47000000 USDT'],FILLED,False,False,False,,NO_TRIGGER,,NO_CONTINGENCY,,,,,,,,d21496c4-0876-4d0e-b47e-31e2b272b70f,2026-03-16 06:05:00+00:00,2026-03-16 08:30:00+00:00
TESTER-001,SRGridStrategyUser-000,BTC/USDT.SIM,SIM-1-2175,BTC/USDT.SIM-SRGridStrategyUser-000,SIM-001,T-bd16a54c8bcf3000-246808,LIMIT,SELL,0.067430,74150.88,GTC,,0.067430,MAKER,74150.88,0.0,['1.00000000 USDT'],FILLED,False,False,False,,NO_TRIGGER,,NO_CONTINGENCY,,,,,,,,63b18fe0-8cd7-49fa-a9cc-0e8416cb1881,2026-03-16 06:05:00+00:00,2026-03-16 13:30:00+00:00
TESTER-001,SRGridStrategyUser-000,BTC/USDT.SIM,SIM-1-2176,BTC/USDT.SIM-SRGridStrategyUser-000,SIM-001,T-ce6c9f5b3c2a09dc-247190,LIMIT,SELL,0.014301,74583.06,GTC,,0.014301,MAKER,74583.06,0.0,['0.21000000 USDT'],FILLED,False,False,False,,NO_TRIGGER,,NO_CONTINGENCY,,,,,,,,d26135e9-b546-4344-aa9e-9f6b0bbde991,2026-03-16 06:05:00+00:00,2026-03-16 21:35:00+00:00
TESTER-001,SRGridStrategyUser-000,BTC/USDT.SIM,SIM-1-2177,BTC/USDT.SIM-SRGridStrategyUser-000,SIM-001,T-bd16a54c8bcf3000-246809,LIMIT,SELL,0.067430,74150.88,GTC,,0.067430,MAKER,74150.88,0.0,['1.00000000 USDT'],FILLED,False,False,False,,NO_TRIGGER,,NO_CONTINGENCY,,,,,,,,f8fdfb30-f04a-45d9-a6ce-de3325595d54,2026-03-16 08:30:00+00:00,2026-03-16 13:30:00+00:00
TESTER-001,SRGridStrategyUser-000,BTC/USDT.SIM,SIM-1-2178,BTC/USDT.SIM-SRGridStrategyUser-000,SIM-001,T-ce6c9f5b3c2a09dc-247191,LIMIT,SELL,0.016361,74583.06,GTC,,0.016361,MAKER,74583.06,0.0,['0.24000000 USDT'],FILLED,False,False,False,,NO_TRIGGER,,NO_CONTINGENCY,,,,,,,,21eeb6b4-3d71-4643-9d93-a551a2a7cde9,2026-03-16 08:30:00+00:00,2026-03-16 21:35:00+00:00
TESTER-001,SRGridStrategyUser-000,BTC/USDT.SIM,SIM-1-2181,BTC/USDT.SIM-SRGridStrategyUser-000,SIM-001,T-e7b99ff203e1674f-247263,LIMIT,BUY,0.060450,74332.25,GTC,,0.060450,MAKER,74332.25,0.0,['0.90000000 USDT'],FILLED,False,False,False,,NO_TRIGGER,,NO_CONTINGENCY,,,,,,,,256b70d6-30e7-49b4-ab88-5c956ec3e5fd,2026-03-16 22:05:00+00:00,2026-03-16 23:05:00+00:00
TESTER-001,SRGridStrategyUser-000,BTC/USDT.SIM,SIM-1-2182,BTC/USDT.SIM-SRGridStrategyUser-000,SIM-001,T-baa7099edcfe80cd-247783,LIMIT,BUY,0.067767,73782.05,GTC,,0.067767,MAKER,73782.05,0.0,['1.00000000 USDT'],FILLED,False,False,False,,NO_TRIGGER,,NO_CONTINGENCY,,,,,,,,95f47782-6f0e-46ff-bc57-c166acfb1024,2026-03-16 22:05:00+00:00,2026-03-17 10:05:00+00:00
TESTER-001,SRGridStrategyUser-000,BTC/USDT.SIM,SIM-1-2183,BTC/USDT.SIM-SRGridStrategyUser-000,SIM-001,T-b005c7c305407e0e-247314,LIMIT,SELL,0.066284,75432.67,GTC,,0.066284,MAKER,75432.67,0.0,['1.00000000 USDT'],FILLED,False,False,False,,NO_TRIGGER,,NO_CONTINGENCY,,,,,,,,fed9376f-d8d5-4e21-9b67-50b7ea0fc180,2026-03-16 22:05:00+00:00,2026-03-17 00:10:00+00:00
TESTER-001,SRGridStrategyUser-000,BTC/USDT.SIM,SIM-1-2184,BTC/USDT.SIM-SRGridStrategyUser-000,SIM-001,T-4158329aac283b02-247384,LIMIT,SELL,0.013161,75982.87,GTC,,0.013161,MAKER,75982.87,0.0,['0.20000000 USDT'],FILLED,False,False,False,,NO_TRIGGER,,NO_CONTINGENCY,,,,,,,,e5cf9123-2e5f-4808-92e5-0ec782d0e807,2026-03-16 22:05:00+00:00,2026-03-17 01:35:00+00:00
TESTER-001,SRGridStrategyUser-000,BTC/USDT.SIM,SIM-1-2185,BTC/USDT.SIM-SRGridStrategyUser-000,SIM-001,T-b005c7c305407e0e-247315,LIMIT,SELL,0.066284,75432.67,GTC,,0.066284,MAKER,75432.67,0.0,['1.00000000 USDT'],FILLED,False,False,False,,NO_TRIGGER,,NO_CONTINGENCY,,,,,,,,3b7b2971-0660-4f22-a79c-637eeed9ed87,2026-03-16 23:05:00+00:00,2026-03-17 00:10:00+00:00
TESTER-001,SRGridStrategyUser-000,BTC/USDT.SIM,SIM-1-2186,BTC/USDT.SIM-SRGridStrategyUser-000,SIM-001,T-4158329aac283b02-247385,LIMIT,SELL,0.013161,75982.87,GTC,,0.013161,MAKER,75982.87,0.0,['0.20000000 USDT'],FILLED,False,False,False,,NO_TRIGGER,,NO_CONTINGENCY,,,,,,,,2b84cb48-5289-46e6-9df0-852d5d9265f4,2026-03-16 23:05:00+00:00,2026-03-17 01:35:00+00:00
TESTER-001,SRGridStrategyUser-000,BTC/USDT.SIM,SIM-1-2187,BTC/USDT.SIM-SRGridStrategyUser-000,SIM-001,T-baa7099edcfe80cd-247784,LIMIT,BUY,0.067767,73782.05,GTC,,0.067767,MAKER,73782.05,0.0,['1.00000000 USDT'],FILLED,False,False,False,,NO_TRIGGER,,NO_CONTINGENCY,,,,,,,,fc87389c-4ab8-4191-9556-49c991c4156a,2026-03-17 00:10:00+00:00,2026-03-17 10:05:00+00:00
TESTER-001,SRGridStrategyUser-000,BTC/USDT.SIM,SIM-1-2188,BTC/USDT.SIM-SRGridStrategyUser-000,SIM-001,T-baa7099edcfe80cd-247785,LIMIT,BUY,0.067767,73782.05,GTC,,0.067767,MAKER,73782.05,0.0,['1.00000000 USDT'],FILLED,False,False,False,,NO_TRIGGER,,NO_CONTINGENCY,,,,,,,,5f829de1-9b0b-47eb-ae96-28715bdc53db,2026-03-17 01:35:00+00:00,2026-03-17 10:05:00+00:00
TESTER-001,SRGridStrategyUser-000,BTC/USDT.SIM,SIM-1-2191,BTC/USDT.SIM-SRGridStrategyUser-000,SIM-001,T-b30f7aa3cf831e2e-248000,LIMIT,SELL,0.067344,74245.90,GTC,,0.067344,MAKER,74245.90000000001,0.0,['1.00000000 USDT'],FILLED,False,False,False,,NO_TRIGGER,,NO_CONTINGENCY,,,,,,,,1d8de5be-7865-4da5-83ac-8bf4a592bc97,2026-03-17 14:05:00+00:00,2026-03-17 14:40:00+00:00
TESTER-001,SRGridStrategyUser-000,BTC/USDT.SIM,SIM-1-2192,BTC/USDT.SIM-SRGridStrategyUser-000,SIM-001,T-c558158af4e52c5f-248017,LIMIT,SELL,0.066867,74774.78,GTC,,0.066867,MAKER,74774.78,0.0,['1.00000000 USDT'],FILLED,False,False,False,,NO_TRIGGER,,NO_CONTINGENCY,,,,,,,,7e38a887-861e-41b9-8069-4ef4e0eedd13,2026-03-17 14:05:00+00:00,2026-03-17 15:00:00+00:00
TESTER-001,SRGridStrategyUser-000,BTC/USDT.SIM,SIM-1-2197,BTC/USDT.SIM-SRGridStrategyUser-000,SIM-001,T-fab0d0000ca5e5c9-248785,LIMIT,BUY,0.067715,73838.66,GTC,,0.067715,MAKER,73838.66,0.0,['1.00000000 USDT'],FILLED,False,False,False,,NO_TRIGGER,,NO_CONTINGENCY,,,,,,,,76ad0bab-93d4-4e62-901b-a1cf28cd6405,2026-03-18 06:05:00+00:00,2026-03-18 07:25:00+00:00
TESTER-001,SRGridStrategyUser-000,BTC/USDT.SIM,SIM-1-2198,BTC/USDT.SIM-SRGridStrategyUser-000,SIM-001,T-e532b69bda08ad77-248972,LIMIT,BUY,0.064997,73611.51,GTC,,0.064997,MAKER,73611.51,0.0,['0.96000000 USDT'],FILLED,False,False,False,,NO_TRIGGER,,NO_CONTINGENCY,,,,,,,,80458cfe-74cd-4a3f-a8a3-959d61de94be,2026-03-18 06:05:00+00:00,2026-03-18 11:25:00+00:00
TESTER-001,SRGridStrategyUser-000,BTC/USDT.SIM,SIM-1-2205,BTC/USDT.SIM-SRGridStrategyUser-000,SIM-001,T-0af4cfda18f46cab-249280,LIMIT,SELL,0.015678,71957.23,GTC,,0.015678,MAKER,71957.23,0.0,['0.23000000 USDT'],FILLED,False,True,False,,NO_TRIGGER,,NO_CONTINGENCY,,,,,,,,dcb48af7-bcfa-4197-a06e-34595beba12e,2026-03-18 15:40:00+00:00,2026-03-18 18:00:00+00:00
TESTER-001,SRGridStrategyUser-000,BTC/USDT.SIM,SIM-1-2206,BTC/USDT.SIM-SRGridStrategyUser-000,SIM-001,T-30499d90d0acd7bd-249377,LIMIT,BUY,0.070771,70650.79,GTC,,0.070771,MAKER,70650.79000000001,0.0,['1.00000000 USDT'],FILLED,False,False,False,,NO_TRIGGER,,NO_CONTINGENCY,,,,,,,,ef9a6e53-1a6c-4989-9c4a-898fc497d280,2026-03-18 19:50:00+00:00,2026-03-18 20:05:00+00:00
TESTER-001,SRGridStrategyUser-000,BTC/USDT.SIM,SIM-1-2207,BTC/USDT.SIM-SRGridStrategyUser-000,SIM-001,T-a318f2d8ad0c5cb7-249893,LIMIT,BUY,0.014244,70203.27,GTC,,0.014244,MAKER,70203.27,0.0,['0.20000000 USDT'],FILLED,False,False,False,,NO_TRIGGER,,NO_CONTINGENCY,,,,,,,,e85bd4e2-8d2b-4a5c-bbd7-571490dd199f,2026-03-18 19:50:00+00:00,2026-03-19 07:10:00+00:00
TESTER-001,SRGridStrategyUser-000,BTC/USDT.SIM,SIM-1-2208,BTC/USDT.SIM-SRGridStrategyUser-000,SIM-001,T-536f5dd0ccfa32d1-249709,LIMIT,SELL,0.069885,71545.85,GTC,,0.069885,MAKER,71545.84999999999,0.0,['1.00000000 USDT'],FILLED,False,False,False,,NO_TRIGGER,,NO_CONTINGENCY,,,,,,,,164b5c8c-64db-4ed8-ada8-bcfde19e59fa,2026-03-18 19:50:00+00:00,2026-03-19 03:15:00+00:00
TESTER-001,SRGridStrategyUser-000,BTC/USDT.SIM,SIM-1-2210,BTC/USDT.SIM-SRGridStrategyUser-000,SIM-001,T-536f5dd0ccfa32d1-249710,LIMIT,SELL,0.069885,71545.85,GTC,,0.069885,MAKER,71545.84999999999,0.0,['1.00000000 USDT'],FILLED,False,False,False,,NO_TRIGGER,,NO_CONTINGENCY,,,,,,,,89940cfa-059f-4740-8f8c-cf343b2295fb,2026-03-18 20:05:00+00:00,2026-03-19 03:15:00+00:00
TESTER-001,SRGridStrategyUser-000,BTC/USDT.SIM,SIM-1-2212,BTC/USDT.SIM-SRGridStrategyUser-000,SIM-001,T-a318f2d8ad0c5cb7-249894,LIMIT,BUY,0.071222,70203.27,GTC,,0.071222,MAKER,70203.27,0.0,['1.00000000 USDT'],FILLED,False,False,False,,NO_TRIGGER,,NO_CONTINGENCY,,,,,,,,6903b6a4-e6c7-48d9-8cbe-b69abca29755,2026-03-19 03:15:00+00:00,2026-03-19 07:10:00+00:00
TESTER-001,SRGridStrategyUser-000,BTC/USDT.SIM,SIM-1-2214,BTC/USDT.SIM-SRGridStrategyUser-000,SIM-001,T-be47ae1d6e692a6b-250121,LIMIT,BUY,0.071682,69752.66,GTC,,0.071682,MAKER,69752.66,0.0,['1.00000000 USDT'],FILLED,False,False,False,,NO_TRIGGER,,NO_CONTINGENCY,,,,,,,,b6d63b07-8520-4c47-b641-c39c15aef68a,2026-03-19 11:50:00+00:00,2026-03-19 12:05:00+00:00
TESTER-001,SRGridStrategyUser-000,BTC/USDT.SIM,SIM-1-2215,BTC/USDT.SIM-SRGridStrategyUser-000,SIM-001,T-bc74a2672eafc662-250142,LIMIT,BUY,0.057007,69548.44,GTC,,0.057007,MAKER,69548.44,0.0,['0.79000000 USDT'],FILLED,False,False,False,,NO_TRIGGER,,NO_CONTINGENCY,,,,,,,,2a495e94-86c5-4ed2-80ac-37213774734a,2026-03-19 11:50:00+00:00,2026-03-19 12:30:00+00:00
TESTER-001,SRGridStrategyUser-000,BTC/USDT.SIM,SIM-1-2216,BTC/USDT.SIM-SRGridStrategyUser-000,SIM-001,T-38591288a819f254-250213,LIMIT,SELL,0.071265,70161.10,GTC,,0.071265,MAKER,70161.1,0.0,['1.00000000 USDT'],FILLED,False,False,False,,NO_TRIGGER,,NO_CONTINGENCY,,,,,,,,e678b3f9-6028-451d-bdbc-629214a727fe,2026-03-19 11:50:00+00:00,2026-03-19 14:00:00+00:00
TESTER-001,SRGridStrategyUser-000,BTC/USDT.SIM,SIM-1-2217,BTC/USDT.SIM-SRGridStrategyUser-000,SIM-001,T-cef2daa8c2b50c7f-250463,LIMIT,SELL,0.071058,70365.32,GTC,,0.071058,MAKER,70365.31999999999,0.0,['1.00000000 USDT'],FILLED,False,False,False,,NO_TRIGGER,,NO_CONTINGENCY,,,,,,,,ced7d11a-4908-4f59-8d6e-04f9fff5f08e,2026-03-19 11:50:00+00:00,2026-03-19 19:10:00+00:00
TESTER-001,SRGridStrategyUser-000,BTC/USDT.SIM,SIM-1-2218,BTC/USDT.SIM-SRGridStrategyUser-000,SIM-001,T-38591288a819f254-250214,LIMIT,SELL,0.071265,70161.10,GTC,,0.071265,MAKER,70161.1,0.0,['1.00000000 USDT'],FILLED,False,False,False,,NO_TRIGGER,,NO_CONTINGENCY,,,,,,,,23933dc8-03fd-4426-bd04-eb050ffc36e6,2026-03-19 12:05:00+00:00,2026-03-19 14:00:00+00:00
TESTER-001,SRGridStrategyUser-000,BTC/USDT.SIM,SIM-1-2219,BTC/USDT.SIM-SRGridStrategyUser-000,SIM-001,T-cef2daa8c2b50c7f-250464,LIMIT,SELL,0.071058,70365.32,GTC,,0.071058,MAKER,70365.31999999999,0.0,['1.00000000 USDT'],FILLED,False,False,False,,NO_TRIGGER,,NO_CONTINGENCY,,,,,,,,e66989d3-20d6-4b05-a359-a298c44bf488,2026-03-19 12:05:00+00:00,2026-03-19 19:10:00+00:00
TESTER-001,SRGridStrategyUser-000,BTC/USDT.SIM,SIM-1-2220,BTC/USDT.SIM-SRGridStrategyUser-000,SIM-001,T-38591288a819f254-250215,LIMIT,SELL,0.071265,70161.10,GTC,,0.071265,MAKER,70161.1,0.0,['1.00000000 USDT'],FILLED,False,False,False,,NO_TRIGGER,,NO_CONTINGENCY,,,,,,,,41ae526e-6139-488a-96dd-b64c7a0217ac,2026-03-19 12:30:00+00:00,2026-03-19 14:00:00+00:00
TESTER-001,SRGridStrategyUser-000,BTC/USDT.SIM,SIM-1-2221,BTC/USDT.SIM-SRGridStrategyUser-000,SIM-001,T-cef2daa8c2b50c7f-250465,LIMIT,SELL,0.071058,70365.32,GTC,,0.071058,MAKER,70365.31999999999,0.0,['1.00000000 USDT'],FILLED,False,False,False,,NO_TRIGGER,,NO_CONTINGENCY,,,,,,,,f220de19-767a-41a3-87ea-4be77e4e2804,2026-03-19 12:30:00+00:00,2026-03-19 19:10:00+00:00
TESTER-001,SRGridStrategyUser-000,BTC/USDT.SIM,SIM-1-2222,BTC/USDT.SIM-SRGridStrategyUser-000,SIM-001,T-c482f82d83a9357d-250990,LIMIT,BUY,0.070985,70437.00,GTC,,0.070985,MAKER,70437.0,0.0,['1.00000000 USDT'],FILLED,False,False,False,,NO_TRIGGER,,NO_CONTINGENCY,,,,,,,,a886032f-c8d1-4da7-acc9-21a01bba91ae,2026-03-20 03:50:00+00:00,2026-03-20 06:25:00+00:00
TESTER-001,SRGridStrategyUser-000,BTC/USDT.SIM,SIM-1-2223,BTC/USDT.SIM-SRGridStrategyUser-000,SIM-001,T-e2b6d34d3d9ff940-251322,LIMIT,BUY,0.071282,70144.06,GTC,,0.071282,MAKER,70144.06,0.0,['1.00000000 USDT'],FILLED,False,False,False,,NO_TRIGGER,,NO_CONTINGENCY,,,,,,,,5645f504-401b-4cda-8316-9c8101211349,2026-03-20 03:50:00+00:00,2026-03-20 13:30:00+00:00
TESTER-001,SRGridStrategyUser-000,BTC/USDT.SIM,SIM-1-2224,BTC/USDT.SIM-SRGridStrategyUser-000,SIM-001,T-1914141350f20af8-251068,LIMIT,SELL,0.070400,71022.88,GTC,,0.070400,MAKER,71022.88,0.0,['1.00000000 USDT'],FILLED,False,False,False,,NO_TRIGGER,,NO_CONTINGENCY,,,,,,,,7d97fb72-025b-40a4-9be2-e3f8661dddf1,2026-03-20 03:50:00+00:00,2026-03-20 08:05:00+00:00
TESTER-001,SRGridStrategyUser-000,BTC/USDT.SIM,SIM-1-2225,BTC/USDT.SIM-SRGridStrategyUser-000,SIM-001,T-0e7785402edc958c-251074,LIMIT,SELL,0.070111,71315.82,GTC,,0.070111,MAKER,71315.82,0.0,['1.00000000 USDT'],FILLED,False,False,False,,NO_TRIGGER,,NO_CONTINGENCY,,,,,,,,6e3dcd1c-83a7-4128-b857-8b6b80ce48d3,2026-03-20 03:50:00+00:00,2026-03-20 08:10:00+00:00
TESTER-001,SRGridStrategyUser-000,BTC/USDT.SIM,SIM-1-2226,BTC/USDT.SIM-SRGridStrategyUser-000,SIM-001,T-1914141350f20af8-251069,LIMIT,SELL,0.070400,71022.88,GTC,,0.070400,MAKER,71022.88,0.0,['1.00000000 USDT'],FILLED,False,False,False,,NO_TRIGGER,,NO_CONTINGENCY,,,,,,,,565a9db2-f723-482d-83ec-1e293b57fbe3,2026-03-20 06:25:00+00:00,2026-03-20 08:05:00+00:00
TESTER-001,SRGridStrategyUser-000,BTC/USDT.SIM,SIM-1-2227,BTC/USDT.SIM-SRGridStrategyUser-000,SIM-001,T-0e7785402edc958c-251075,LIMIT,SELL,0.070111,71315.82,GTC,,0.070111,MAKER,71315.82,0.0,['1.00000000 USDT'],FILLED,False,False,False,,NO_TRIGGER,,NO_CONTINGENCY,,,,,,,,8cb755bc-a2a4-48e6-8194-ade117883bbd,2026-03-20 06:25:00+00:00,2026-03-20 08:10:00+00:00
TESTER-001,SRGridStrategyUser-000,BTC/USDT.SIM,SIM-1-2228,BTC/USDT.SIM-SRGridStrategyUser-000,SIM-001,T-e2b6d34d3d9ff940-251323,LIMIT,BUY,0.071282,70144.06,GTC,,0.071282,MAKER,70144.06,0.0,['1.00000000 USDT'],FILLED,False,False,False,,NO_TRIGGER,,NO_CONTINGENCY,,,,,,,,a29d309d-4c42-4b7d-8538-fe85b2f9d411,2026-03-20 08:05:00+00:00,2026-03-20 13:30:00+00:00
TESTER-001,SRGridStrategyUser-000,BTC/USDT.SIM,SIM-1-2229,BTC/USDT.SIM-SRGridStrategyUser-000,SIM-001,T-e2b6d34d3d9ff940-251324,LIMIT,BUY,0.071282,70144.06,GTC,,0.071282,MAKER,70144.06,0.0,['1.00000000 USDT'],FILLED,False,False,False,,NO_TRIGGER,,NO_CONTINGENCY,,,,,,,,9ca17180-8f68-4860-92ff-60874d384518,2026-03-20 08:10:00+00:00,2026-03-20 13:30:00+00:00
TESTER-001,SRGridStrategyUser-000,BTC/USDT.SIM,SIM-1-2232,BTC/USDT.SIM-SRGridStrategyUser-000,SIM-001,T-92e10ad4f13c52aa-251704,LIMIT,SELL,0.070831,70590.17,GTC,,0.070831,MAKER,70590.17,0.0,['1.00000000 USDT'],FILLED,False,False,False,,NO_TRIGGER,,NO_CONTINGENCY,,,,,,,,f3627a73-b8f6-491e-bb3c-8b9a343a6ce2,2026-03-20 19:50:00+00:00,2026-03-20 21:35:00+00:00
TESTER-001,SRGridStrategyUser-000,BTC/USDT.SIM,SIM-1-2236,BTC/USDT.SIM-SRGridStrategyUser-000,SIM-001,T-baeb9e1ebc394420-252521,LIMIT,BUY,0.070867,70555.04,GTC,,0.070867,MAKER,70555.04,0.0,['1.00000000 USDT'],FILLED,False,False,False,,NO_TRIGGER,,NO_CONTINGENCY,,,,,,,,a6ec7102-6be4-4b45-8933-af218b1d9c24,2026-03-21 11:50:00+00:00,2026-03-21 15:15:00+00:00
TESTER-001,SRGridStrategyUser-000,BTC/USDT.SIM,SIM-1-2237,BTC/USDT.SIM-SRGridStrategyUser-000,SIM-001,T-28af834752aa3e45-252569,LIMIT,BUY,0.070930,70491.69,GTC,,0.070930,MAKER,70491.69,0.0,['1.00000000 USDT'],FILLED,False,False,False,,NO_TRIGGER,,NO_CONTINGENCY,,,,,,,,70d67f30-004d-43ed-868e-3bcb778ce820,2026-03-21 11:50:00+00:00,2026-03-21 16:15:00+00:00
TESTER-001,SRGridStrategyUser-000,BTC/USDT.SIM,SIM-1-2238,BTC/USDT.SIM-SRGridStrategyUser-000,SIM-001,T-c4c5e44cf152afa2-253282,LIMIT,BUY,0.072458,69005.73,GTC,,0.072458,MAKER,69005.73000000001,0.0,['1.00000000 USDT'],FILLED,False,False,False,,NO_TRIGGER,,NO_CONTINGENCY,,,,,,,,f48d4b5e-eb8d-412a-9234-cd880ec3ddd0,2026-03-22 03:50:00+00:00,2026-03-22 07:35:00+00:00
TESTER-001,SRGridStrategyUser-000,BTC/USDT.SIM,SIM-1-2239,BTC/USDT.SIM-SRGridStrategyUser-000,SIM-001,T-7c11a0719c89603b-253322,LIMIT,BUY,0.072789,68691.35,GTC,,0.072789,MAKER,68691.35,0.0,['1.00000000 USDT'],FILLED,False,False,False,,NO_TRIGGER,,NO_CONTINGENCY,,,,,,,,2b789406-4bf7-4c79-a1b6-fbd6e08a384c,2026-03-22 03:50:00+00:00,2026-03-22 08:25:00+00:00
TESTER-001,SRGridStrategyUser-000,BTC/USDT.SIM,SIM-1-2246,BTC/USDT.SIM-SRGridStrategyUser-000,SIM-001,T-3a2de91b4af7abb0-253913,LIMIT,BUY,0.073606,67928.86,GTC,,0.073606,MAKER,67928.86,0.0,['1.00000000 USDT'],FILLED,False,False,False,,NO_TRIGGER,,NO_CONTINGENCY,,,,,,,,1b3998a9-e414-485e-9abb-f790c21ddb6f,2026-03-22 19:50:00+00:00,2026-03-22 21:05:00+00:00
TESTER-001,SRGridStrategyUser-000,BTC/USDT.SIM,SIM-1-2247,BTC/USDT.SIM-SRGridStrategyUser-000,SIM-001,T-76cd77f9188cf458-253923,LIMIT,BUY,0.014783,67645.98,GTC,,0.014783,MAKER,67645.98000000001,0.0,['0.20000000 USDT'],FILLED,False,False,False,,NO_TRIGGER,,NO_CONTINGENCY,,,,,,,,b30b4edd-5d18-4ba6-be89-de9face890db,2026-03-22 19:50:00+00:00,2026-03-22 21:15:00+00:00
TESTER-001,SRGridStrategyUser-000,BTC/USDT.SIM,SIM-1-2248,BTC/USDT.SIM-SRGridStrategyUser-000,SIM-001,T-4019334856025616-253879,LIMIT,SELL,0.072998,68494.61,GTC,,0.072998,MAKER,68494.61,0.0,['1.00000000 USDT'],FILLED,False,False,False,,NO_TRIGGER,,NO_CONTINGENCY,,,,,,,,a5d5216e-f578-4c2d-a180-6325aab36351,2026-03-22 19:50:00+00:00,2026-03-22 20:20:00+00:00
TESTER-001,SRGridStrategyUser-000,BTC/USDT.SIM,SIM-1-2249,BTC/USDT.SIM-SRGridStrategyUser-000,SIM-001,T-0013a8efc3701f04-254290,LIMIT,SELL,0.072698,68777.48,GTC,,0.072698,MAKER,68777.48,0.0,['1.00000000 USDT'],FILLED,False,False,False,,NO_TRIGGER,,NO_CONTINGENCY,,,,,,,,8b1085ef-e494-4293-8b68-a8a824258392,2026-03-22 19:50:00+00:00,2026-03-23 05:00:00+00:00
TESTER-001,SRGridStrategyUser-000,BTC/USDT.SIM,SIM-1-2250,BTC/USDT.SIM-SRGridStrategyUser-000,SIM-001,T-3a2de91b4af7abb0-253914,LIMIT,BUY,0.073606,67928.86,GTC,,0.073606,MAKER,67928.86,0.0,['1.00000000 USDT'],FILLED,False,False,False,,NO_TRIGGER,,NO_CONTINGENCY,,,,,,,,6d7f8cf0-a719-4267-b6bc-a3adf6fbec24,2026-03-22 20:20:00+00:00,2026-03-22 21:05:00+00:00
TESTER-001,SRGridStrategyUser-000,BTC/USDT.SIM,SIM-1-2251,BTC/USDT.SIM-SRGridStrategyUser-000,SIM-001,T-76cd77f9188cf458-253924,LIMIT,BUY,0.015856,67645.98,GTC,,0.015856,MAKER,67645.98000000001,0.0,['0.21000000 USDT'],FILLED,False,False,False,,NO_TRIGGER,,NO_CONTINGENCY,,,,,,,,653a296b-9991-456c-a9f5-b3affa3c34a5,2026-03-22 20:20:00+00:00,2026-03-22 21:15:00+00:00
TESTER-001,SRGridStrategyUser-000,BTC/USDT.SIM,SIM-1-2252,BTC/USDT.SIM-SRGridStrategyUser-000,SIM-001,T-0013a8efc3701f04-254291,LIMIT,SELL,0.072698,68777.48,GTC,,0.072698,MAKER,68777.48,0.0,['1.00000000 USDT'],FILLED,False,False,False,,NO_TRIGGER,,NO_CONTINGENCY,,,,,,,,460bfddd-50aa-49d0-aedb-15b2297c07f8,2026-03-22 21:05:00+00:00,2026-03-23 05:00:00+00:00
TESTER-001,SRGridStrategyUser-000,BTC/USDT.SIM,SIM-1-2253,BTC/USDT.SIM-SRGridStrategyUser-000,SIM-001,T-0013a8efc3701f04-254292,LIMIT,SELL,0.072698,68777.48,GTC,,0.072698,MAKER,68777.48,0.0,['1.00000000 USDT'],FILLED,False,False,False,,NO_TRIGGER,,NO_CONTINGENCY,,,,,,,,bd09d641-089f-4ad0-8218-1a0b7a61c3c7,2026-03-22 21:15:00+00:00,2026-03-23 05:00:00+00:00
TESTER-001,SRGridStrategyUser-000,BTC/USDT.SIM,SIM-1-2258,BTC/USDT.SIM-SRGridStrategyUser-000,SIM-001,T-5c60fcc29e64f9fd-254809,LIMIT,BUY,0.175032,70503.00,GTC,,0.175032,MAKER,70503.0,0.0,['2.47000000 USDT'],FILLED,False,True,False,,NO_TRIGGER,,NO_CONTINGENCY,,,,,,,,777fa434-a4fc-49cb-8bce-788db3a53a60,2026-03-23 14:45:00+00:00,2026-03-23 15:50:00+00:00
TESTER-001,SRGridStrategyUser-000,BTC/USDT.SIM,SIM-1-2259,BTC/USDT.SIM-SRGridStrategyUser-000,SIM-001,T-5755c29a2c6fc158-255001,LIMIT,BUY,0.070761,70659.98,GTC,,0.070761,MAKER,70659.98000000001,0.0,['1.00000000 USDT'],FILLED,False,False,False,,NO_TRIGGER,,NO_CONTINGENCY,,,,,,,,a4f428ba-7edf-4ac4-a5de-f4e6569a6d35,2026-03-23 19:20:00+00:00,2026-03-23 19:55:00+00:00
TESTER-001,SRGridStrategyUser-000,BTC/USDT.SIM,SIM-1-2260,BTC/USDT.SIM-SRGridStrategyUser-000,SIM-001,T-d839019901893165-255421,LIMIT,BUY,0.071165,70258.88,GTC,,0.071165,MAKER,70258.88,0.0,['1.00000000 USDT'],FILLED,False,False,False,,NO_TRIGGER,,NO_CONTINGENCY,,,,,,,,0a368797-7c47-4427-aa61-0c7e275b572b,2026-03-23 19:20:00+00:00,2026-03-24 04:50:00+00:00
TESTER-001,SRGridStrategyUser-000,BTC/USDT.SIM,SIM-1-2267,BTC/USDT.SIM-SRGridStrategyUser-000,SIM-001,T-cc9df825b8c81df4-255811,LIMIT,BUY,0.070669,70752.38,GTC,,0.070669,MAKER,70752.38,0.0,['1.00000000 USDT'],FILLED,False,False,False,,NO_TRIGGER,,NO_CONTINGENCY,,,,,,,,8ef750d4-f138-4b7d-adf0-770349b797f5,2026-03-24 11:20:00+00:00,2026-03-24 13:05:00+00:00
TESTER-001,SRGridStrategyUser-000,BTC/USDT.SIM,SIM-1-2268,BTC/USDT.SIM-SRGridStrategyUser-000,SIM-001,T-03883dbad514dfd9-255839,LIMIT,BUY,0.070964,70458.75,GTC,,0.070964,MAKER,70458.75,0.0,['1.00000000 USDT'],FILLED,False,False,False,,NO_TRIGGER,,NO_CONTINGENCY,,,,,,,,865226c2-3f86-45e4-ab4e-72daf21cab5f,2026-03-24 11:20:00+00:00,2026-03-24 13:40:00+00:00
TESTER-001,SRGridStrategyUser-000,BTC/USDT.SIM,SIM-1-2277,BTC/USDT.SIM-SRGridStrategyUser-000,SIM-001,T-1e1c0d98ba3ad8e7-256490,LIMIT,SELL,0.070730,70691.09,GTC,,0.070730,MAKER,70691.09000000001,0.0,['1.00000000 USDT'],FILLED,False,False,False,,NO_TRIGGER,,NO_CONTINGENCY,,,,,,,,dfdbb528-0b7e-4b42-812d-f66806c5cc76,2026-03-25 03:20:00+00:00,2026-03-25 03:30:00+00:00
TESTER-001,SRGridStrategyUser-000,BTC/USDT.SIM,SIM-1-2278,BTC/USDT.SIM-SRGridStrategyUser-000,SIM-001,T-6b5b6b59d9b07c26-256533,LIMIT,SELL,0.070497,70924.57,GTC,,0.070497,MAKER,70924.56999999999,0.0,['1.00000000 USDT'],FILLED,False,False,False,,NO_TRIGGER,,NO_CONTINGENCY,,,,,,,,f84c2331-e62c-46b6-8e17-d95c54862829,2026-03-25 03:20:00+00:00,2026-03-25 04:25:00+00:00
TESTER-001,SRGridStrategyUser-000,BTC/USDT.SIM,SIM-1-2283,BTC/USDT.SIM-SRGridStrategyUser-000,SIM-001,T-791513815f14babb-257686,LIMIT,BUY,0.070779,70642.50,GTC,,0.070779,MAKER,70642.5,0.0,['1.00000000 USDT'],FILLED,False,False,False,,NO_TRIGGER,,NO_CONTINGENCY,,,,,,,,1ff7255a-a717-4edf-a33e-6ad04c6ccb74,2026-03-25 19:20:00+00:00,2026-03-26 05:05:00+00:00
TESTER-001,SRGridStrategyUser-000,BTC/USDT.SIM,SIM-1-2284,BTC/USDT.SIM-SRGridStrategyUser-000,SIM-001,T-5f4b7ed12222f71d-257714,LIMIT,BUY,0.071109,70314.90,GTC,,0.071109,MAKER,70314.9,0.0,['1.00000000 USDT'],FILLED,False,False,False,,NO_TRIGGER,,NO_CONTINGENCY,,,,,,,,f3c84cab-4f88-4bab-91d9-f6e957e7e193,2026-03-25 19:20:00+00:00,2026-03-26 05:40:00+00:00
TESTER-001,SRGridStrategyUser-000,BTC/USDT.SIM,SIM-1-2285,BTC/USDT.SIM-SRGridStrategyUser-000,SIM-001,T-837b912475f24048-257388,LIMIT,SELL,0.070128,71297.72,GTC,,0.070128,MAKER,71297.72,0.0,['1.00000000 USDT'],FILLED,False,False,False,,NO_TRIGGER,,NO_CONTINGENCY,,,,,,,,574d6355-4867-47f7-967b-dc460f574117,2026-03-25 19:20:00+00:00,2026-03-25 22:35:00+00:00
TESTER-001,SRGridStrategyUser-000,BTC/USDT.SIM,SIM-1-2287,BTC/USDT.SIM-SRGridStrategyUser-000,SIM-001,T-791513815f14babb-257687,LIMIT,BUY,0.070779,70642.50,GTC,,0.070779,MAKER,70642.5,0.0,['1.00000000 USDT'],FILLED,False,False,False,,NO_TRIGGER,,NO_CONTINGENCY,,,,,,,,fe363c10-4f72-46f8-82de-1f84c07a058a,2026-03-25 22:35:00+00:00,2026-03-26 05:05:00+00:00
TESTER-001,SRGridStrategyUser-000,BTC/USDT.SIM,SIM-1-2288,BTC/USDT.SIM-SRGridStrategyUser-000,SIM-001,T-5f4b7ed12222f71d-257715,LIMIT,BUY,0.071109,70314.90,GTC,,0.071109,MAKER,70314.9,0.0,['1.00000000 USDT'],FILLED,False,False,False,,NO_TRIGGER,,NO_CONTINGENCY,,,,,,,,3c3aa403-8743-47de-b981-336f2c3e728f,2026-03-25 22:35:00+00:00,2026-03-26 05:40:00+00:00
TESTER-001,SRGridStrategyUser-000,BTC/USDT.SIM,SIM-1-2291,BTC/USDT.SIM-SRGridStrategyUser-000,SIM-001,T-02e025a5a4ad23e1-258154,LIMIT,BUY,0.072337,69120.80,GTC,,0.072337,MAKER,69120.8,0.0,['1.00000000 USDT'],FILLED,False,False,False,,NO_TRIGGER,,NO_CONTINGENCY,,,,,,,,2266c397-b299-42dc-900a-f6bc8caad757,2026-03-26 11:20:00+00:00,2026-03-26 15:05:00+00:00
TESTER-001,SRGridStrategyUser-000,BTC/USDT.SIM,SIM-1-2292,BTC/USDT.SIM-SRGridStrategyUser-000,SIM-001,T-e24e7f11e8c47e55-258165,LIMIT,BUY,0.014518,68878.16,GTC,,0.014518,MAKER,68878.16,0.0,['0.20000000 USDT'],FILLED,False,False,False,,NO_TRIGGER,,NO_CONTINGENCY,,,,,,,,f4781baf-22f8-44c0-8d37-123bd8784ba9,2026-03-26 11:20:00+00:00,2026-03-26 15:15:00+00:00
TESTER-001,SRGridStrategyUser-000,BTC/USDT.SIM,SIM-1-2293,BTC/USDT.SIM-SRGridStrategyUser-000,SIM-001,T-082dcda5eb301a3c-258089,LIMIT,SELL,0.071833,69606.08,GTC,,0.071833,MAKER,69606.08,0.0,['1.00000000 USDT'],FILLED,False,False,False,,NO_TRIGGER,,NO_CONTINGENCY,,,,,,,,44085973-aaf7-412b-bd22-5e489009bafd,2026-03-26 11:20:00+00:00,2026-03-26 13:45:00+00:00
TESTER-001,SRGridStrategyUser-000,BTC/USDT.SIM,SIM-1-2294,BTC/USDT.SIM-SRGridStrategyUser-000,SIM-001,T-27a5ce89883ed905-258094,LIMIT,SELL,0.071583,69848.72,GTC,,0.071583,MAKER,69848.72,0.0,['1.00000000 USDT'],FILLED,False,False,False,,NO_TRIGGER,,NO_CONTINGENCY,,,,,,,,e105ec04-e0a7-4765-8bd8-537c03cc4a99,2026-03-26 11:20:00+00:00,2026-03-26 13:50:00+00:00
TESTER-001,SRGridStrategyUser-000,BTC/USDT.SIM,SIM-1-2295,BTC/USDT.SIM-SRGridStrategyUser-000,SIM-001,T-02e025a5a4ad23e1-258155,LIMIT,BUY,0.072337,69120.80,GTC,,0.072337,MAKER,69120.8,0.0,['1.00000000 USDT'],FILLED,False,False,False,,NO_TRIGGER,,NO_CONTINGENCY,,,,,,,,d9178e7a-ce15-499d-a2cc-895cbd4c5d2f,2026-03-26 13:45:00+00:00,2026-03-26 15:05:00+00:00
TESTER-001,SRGridStrategyUser-000,BTC/USDT.SIM,SIM-1-2296,BTC/USDT.SIM-SRGridStrategyUser-000,SIM-001,T-e24e7f11e8c47e55-258166,LIMIT,BUY,0.018620,68878.16,GTC,,0.018620,MAKER,68878.16,0.0,['0.26000000 USDT'],FILLED,False,False,False,,NO_TRIGGER,,NO_CONTINGENCY,,,,,,,,0f36a27c-dff2-4b3a-ad19-e2e3dc518791,2026-03-26 13:45:00+00:00,2026-03-26 15:15:00+00:00
TESTER-001,SRGridStrategyUser-000,BTC/USDT.SIM,SIM-1-2297,BTC/USDT.SIM-SRGridStrategyUser-000,SIM-001,T-02e025a5a4ad23e1-258156,LIMIT,BUY,0.072337,69120.80,GTC,,0.072337,MAKER,69120.8,0.0,['1.00000000 USDT'],FILLED,False,False,False,,NO_TRIGGER,,NO_CONTINGENCY,,,,,,,,56e43d01-fc11-4d3b-be5f-931bdd2eabbd,2026-03-26 13:50:00+00:00,2026-03-26 15:05:00+00:00
TESTER-001,SRGridStrategyUser-000,BTC/USDT.SIM,SIM-1-2298,BTC/USDT.SIM-SRGridStrategyUser-000,SIM-001,T-e24e7f11e8c47e55-258167,LIMIT,BUY,0.022758,68878.16,GTC,,0.022758,MAKER,68878.16,0.0,['0.31000000 USDT'],FILLED,False,False,False,,NO_TRIGGER,,NO_CONTINGENCY,,,,,,,,d3e4cac0-d01a-424f-b861-d90cdfeb9d82,2026-03-26 13:50:00+00:00,2026-03-26 15:15:00+00:00
TESTER-001,SRGridStrategyUser-000,BTC/USDT.SIM,SIM-1-2301,BTC/USDT.SIM-SRGridStrategyUser-000,SIM-001,T-d0bd29b5984ca235-259291,LIMIT,SELL,0.485471,66463.93,GTC,,0.485471,MAKER,66463.93,0.0,['6.45000000 USDT'],FILLED,False,True,False,,NO_TRIGGER,,NO_CONTINGENCY,,,,,,,,7e29e469-c202-4d44-8c69-e998a94a4edd,2026-03-27 14:40:00+00:00,2026-03-27 15:30:00+00:00
TESTER-001,SRGridStrategyUser-000,BTC/USDT.SIM,SIM-1-2304,BTC/USDT.SIM-SRGridStrategyUser-000,SIM-001,T-39ca1c6b5e957427-259672,LIMIT,SELL,0.075501,66224.65,GTC,,0.075501,MAKER,66224.65,0.0,['1.00000000 USDT'],FILLED,False,False,False,,NO_TRIGGER,,NO_CONTINGENCY,,,,,,,,8d0485ad-f691-4419-ba66-911c1aa1e448,2026-03-27 18:50:00+00:00,2026-03-27 23:35:00+00:00
TESTER-001,SRGridStrategyUser-000,BTC/USDT.SIM,SIM-1-2310,BTC/USDT.SIM-SRGridStrategyUser-000,SIM-001,T-905611b8de71378b-260236,LIMIT,SELL,0.075354,66353.07,GTC,,0.075354,MAKER,66353.06999999999,0.0,['1.00000000 USDT'],FILLED,False,False,False,,NO_TRIGGER,,NO_CONTINGENCY,,,,,,,,5d785671-b648-4b6e-ac5d-5eaed391c7a2,2026-03-28 10:50:00+00:00,2026-03-28 11:45:00+00:00
TESTER-001,SRGridStrategyUser-000,BTC/USDT.SIM,SIM-1-2311,BTC/USDT.SIM-SRGridStrategyUser-000,SIM-001,T-61962015c0f03e6a-260260,LIMIT,SELL,0.075190,66498.04,GTC,,0.075190,MAKER,66498.04000000001,0.0,['1.00000000 USDT'],FILLED,False,False,False,,NO_TRIGGER,,NO_CONTINGENCY,,,,,,,,922d5ad1-2d7c-421b-96d4-935089f56043,2026-03-28 10:50:00+00:00,2026-03-28 12:15:00+00:00
TESTER-001,SRGridStrategyUser-000,BTC/USDT.SIM,SIM-1-2316,BTC/USDT.SIM-SRGridStrategyUser-000,SIM-001,T-d75319773adaf7e3-261043,LIMIT,BUY,0.075045,66627.13,GTC,,0.075045,MAKER,66627.13,0.0,['1.00000000 USDT'],FILLED,False,False,False,,NO_TRIGGER,,NO_CONTINGENCY,,,,,,,,332a0b55-077f-43a1-b84c-b27619a34a6e,2026-03-29 02:50:00+00:00,2026-03-29 05:15:00+00:00
TESTER-001,SRGridStrategyUser-000,BTC/USDT.SIM,SIM-1-2317,BTC/USDT.SIM-SRGridStrategyUser-000,SIM-001,T-23530b76f9b4b7a8-261276,LIMIT,BUY,0.075250,66445.53,GTC,,0.075250,MAKER,66445.53,0.0,['1.00000000 USDT'],FILLED,False,False,False,,NO_TRIGGER,,NO_CONTINGENCY,,,,,,,,95b3fe32-dfbb-4e38-b34d-d5c7f051b356,2026-03-29 02:50:00+00:00,2026-03-29 10:20:00+00:00
TESTER-001,SRGridStrategyUser-000,BTC/USDT.SIM,SIM-1-2318,BTC/USDT.SIM-SRGridStrategyUser-000,SIM-001,T-beb851c7cd233c5d-260950,LIMIT,SELL,0.074638,66990.33,GTC,,0.074638,MAKER,66990.33,0.0,['1.00000000 USDT'],FILLED,False,False,False,,NO_TRIGGER,,NO_CONTINGENCY,,,,,,,,3fef8a1d-b3fd-4c3a-8efa-78d2476f5fac,2026-03-29 02:50:00+00:00,2026-03-29 03:15:00+00:00
TESTER-001,SRGridStrategyUser-000,BTC/USDT.SIM,SIM-1-2320,BTC/USDT.SIM-SRGridStrategyUser-000,SIM-001,T-d75319773adaf7e3-261044,LIMIT,BUY,0.075045,66627.13,GTC,,0.075045,MAKER,66627.13,0.0,['1.00000000 USDT'],FILLED,False,False,False,,NO_TRIGGER,,NO_CONTINGENCY,,,,,,,,5802f5ea-04b4-493f-b20d-271981344f9a,2026-03-29 03:15:00+00:00,2026-03-29 05:15:00+00:00
TESTER-001,SRGridStrategyUser-000,BTC/USDT.SIM,SIM-1-2321,BTC/USDT.SIM-SRGridStrategyUser-000,SIM-001,T-23530b76f9b4b7a8-261277,LIMIT,BUY,0.075250,66445.53,GTC,,0.075250,MAKER,66445.53,0.0,['1.00000000 USDT'],FILLED,False,False,False,,NO_TRIGGER,,NO_CONTINGENCY,,,,,,,,2b17d6f2-5726-4c87-b79c-4887dc5a99bc,2026-03-29 03:15:00+00:00,2026-03-29 10:20:00+00:00
TESTER-001,SRGridStrategyUser-000,BTC/USDT.SIM,SIM-1-2324,BTC/USDT.SIM-SRGridStrategyUser-000,SIM-001,T-473e485924585996-261824,LIMIT,BUY,0.075407,66306.45,GTC,,0.075407,MAKER,66306.45000000001,0.0,['1.00000000 USDT'],FILLED,False,False,False,,NO_TRIGGER,,NO_CONTINGENCY,,,,,,,,a70fb7f9-b527-4de4-9f66-7f331f67999f,2026-03-29 18:50:00+00:00,2026-03-29 22:05:00+00:00
TESTER-001,SRGridStrategyUser-000,BTC/USDT.SIM,SIM-1-2325,BTC/USDT.SIM-SRGridStrategyUser-000,SIM-001,T-b851897a7257e855-261854,LIMIT,BUY,0.075043,66162.00,GTC,,0.075043,MAKER,66162.0,0.0,['0.99000000 USDT'],FILLED,False,False,False,,NO_TRIGGER,,NO_CONTINGENCY,,,,,,,,8168969d-2632-4576-aef1-2cf80a07dc0c,2026-03-29 18:50:00+00:00,2026-03-29 22:40:00+00:00
TESTER-001,SRGridStrategyUser-000,BTC/USDT.SIM,SIM-1-2326,BTC/USDT.SIM-SRGridStrategyUser-000,SIM-001,T-ce5f4695d55726b2-261741,LIMIT,SELL,0.075080,66595.35,GTC,,0.075080,MAKER,66595.35,0.0,['1.00000000 USDT'],FILLED,False,False,False,,NO_TRIGGER,,NO_CONTINGENCY,,,,,,,,b6d6adc0-9c99-4700-b321-2c6cd4e47a30,2026-03-29 18:50:00+00:00,2026-03-29 20:20:00+00:00
TESTER-001,SRGridStrategyUser-000,BTC/USDT.SIM,SIM-1-2327,BTC/USDT.SIM-SRGridStrategyUser-000,SIM-001,T-c388d6248e90507f-261746,LIMIT,SELL,0.074918,66739.80,GTC,,0.074918,MAKER,66739.8,0.0,['1.00000000 USDT'],FILLED,False,False,False,,NO_TRIGGER,,NO_CONTINGENCY,,,,,,,,35859f09-313e-4aef-a93d-b7bf1a1e982e,2026-03-29 18:50:00+00:00,2026-03-29 20:25:00+00:00
TESTER-001,SRGridStrategyUser-000,BTC/USDT.SIM,SIM-1-2328,BTC/USDT.SIM-SRGridStrategyUser-000,SIM-001,T-473e485924585996-261825,LIMIT,BUY,0.075407,66306.45,GTC,,0.075407,MAKER,66306.45000000001,0.0,['1.00000000 USDT'],FILLED,False,False,False,,NO_TRIGGER,,NO_CONTINGENCY,,,,,,,,61b11daf-9db9-4d9f-b1e1-fdb8754744ba,2026-03-29 20:20:00+00:00,2026-03-29 22:05:00+00:00
TESTER-001,SRGridStrategyUser-000,BTC/USDT.SIM,SIM-1-2329,BTC/USDT.SIM-SRGridStrategyUser-000,SIM-001,T-b851897a7257e855-261855,LIMIT,BUY,0.075572,66162.00,GTC,,0.075572,MAKER,66162.0,0.0,['1.00000000 USDT'],FILLED,False,False,False,,NO_TRIGGER,,NO_CONTINGENCY,,,,,,,,ff1482cb-8a30-41e1-9778-9c95545e2c4d,2026-03-29 20:20:00+00:00,2026-03-29 22:40:00+00:00
TESTER-001,SRGridStrategyUser-000,BTC/USDT.SIM,SIM-1-2330,BTC/USDT.SIM-SRGridStrategyUser-000,SIM-001,T-473e485924585996-261826,LIMIT,BUY,0.075407,66306.45,GTC,,0.075407,MAKER,66306.45000000001,0.0,['1.00000000 USDT'],FILLED,False,False,False,,NO_TRIGGER,,NO_CONTINGENCY,,,,,,,,bd1f16a5-9ffc-47b7-936a-c78d61b59a8d,2026-03-29 20:25:00+00:00,2026-03-29 22:05:00+00:00
TESTER-001,SRGridStrategyUser-000,BTC/USDT.SIM,SIM-1-2331,BTC/USDT.SIM-SRGridStrategyUser-000,SIM-001,T-b851897a7257e855-261856,LIMIT,BUY,0.075572,66162.00,GTC,,0.075572,MAKER,66162.0,0.0,['1.00000000 USDT'],FILLED,False,False,False,,NO_TRIGGER,,NO_CONTINGENCY,,,,,,,,df56981d-9602-4ece-bd71-42c677a3e127,2026-03-29 20:25:00+00:00,2026-03-29 22:40:00+00:00
TESTER-001,SRGridStrategyUser-000,BTC/USDT.SIM,SIM-1-2332,BTC/USDT.SIM-SRGridStrategyUser-000,SIM-001,T-973255de9249f4b7-262598,LIMIT,BUY,0.074217,67370.45,GTC,,0.074217,MAKER,67370.45000000001,0.0,['1.00000000 USDT'],FILLED,False,False,False,,NO_TRIGGER,,NO_CONTINGENCY,,,,,,,,43acbf83-6612-4580-889d-a027e786d85d,2026-03-30 10:50:00+00:00,2026-03-30 14:25:00+00:00
TESTER-001,SRGridStrategyUser-000,BTC/USDT.SIM,SIM-1-2333,BTC/USDT.SIM-SRGridStrategyUser-000,SIM-001,T-973255de9249f4b7-262595,LIMIT,BUY,0.074357,67242.92,GTC,,0.074357,MAKER,67242.92,0.0,['1.00000000 USDT'],FILLED,False,False,False,,NO_TRIGGER,,NO_CONTINGENCY,,,,,,,,56bff4d1-d290-4c3e-b1df-b018a4eaaa8c,2026-03-30 10:50:00+00:00,2026-03-30 14:25:00+00:00
TESTER-001,SRGridStrategyUser-000,BTC/USDT.SIM,SIM-1-2334,BTC/USDT.SIM-SRGridStrategyUser-000,SIM-001,T-26ef186b419ff328-262449,LIMIT,SELL,0.073937,67625.53,GTC,,0.073937,MAKER,67625.53,0.0,['1.00000000 USDT'],FILLED,False,False,False,,NO_TRIGGER,,NO_CONTINGENCY,,,,,,,,54664dcd-0dab-4118-acf0-e4fd3f0bf343,2026-03-30 10:50:00+00:00,2026-03-30 11:20:00+00:00
TESTER-001,SRGridStrategyUser-000,BTC/USDT.SIM,SIM-1-2335,BTC/USDT.SIM-SRGridStrategyUser-000,SIM-001,T-547ce9bd4f26909f-262454,LIMIT,SELL,0.073797,67753.06,GTC,,0.073797,MAKER,67753.06,0.0,['1.00000000 USDT'],FILLED,False,False,False,,NO_TRIGGER,,NO_CONTINGENCY,,,,,,,,86f06985-5e1e-4fd4-801b-5e2564425928,2026-03-30 10:50:00+00:00,2026-03-30 11:25:00+00:00
TESTER-001,SRGridStrategyUser-000,BTC/USDT.SIM,SIM-1-2336,BTC/USDT.SIM-SRGridStrategyUser-000,SIM-001,T-973255de9249f4b7-262599,LIMIT,BUY,0.074217,67370.45,GTC,,0.074217,MAKER,67370.45000000001,0.0,['1.00000000 USDT'],FILLED,False,False,False,,NO_TRIGGER,,NO_CONTINGENCY,,,,,,,,fcf764f6-b324-4525-ad92-5bf4718f250c,2026-03-30 11:20:00+00:00,2026-03-30 14:25:00+00:00
TESTER-001,SRGridStrategyUser-000,BTC/USDT.SIM,SIM-1-2337,BTC/USDT.SIM-SRGridStrategyUser-000,SIM-001,T-973255de9249f4b7-262596,LIMIT,BUY,0.074357,67242.92,GTC,,0.074357,MAKER,67242.92,0.0,['1.00000000 USDT'],FILLED,False,False,False,,NO_TRIGGER,,NO_CONTINGENCY,,,,,,,,a59b45b6-6d96-4cec-8ed7-25717d4e9e0e,2026-03-30 11:20:00+00:00,2026-03-30 14:25:00+00:00
TESTER-001,SRGridStrategyUser-000,BTC/USDT.SIM,SIM-1-2338,BTC/USDT.SIM-SRGridStrategyUser-000,SIM-001,T-973255de9249f4b7-262600,LIMIT,BUY,0.074217,67370.45,GTC,,0.074217,MAKER,67370.45000000001,0.0,['1.00000000 USDT'],FILLED,False,False,False,,NO_TRIGGER,,NO_CONTINGENCY,,,,,,,,f75ac8db-5270-47a2-8a1e-a2c2dfde12a1,2026-03-30 11:25:00+00:00,2026-03-30 14:25:00+00:00
TESTER-001,SRGridStrategyUser-000,BTC/USDT.SIM,SIM-1-2339,BTC/USDT.SIM-SRGridStrategyUser-000,SIM-001,T-973255de9249f4b7-262597,LIMIT,BUY,0.074357,67242.92,GTC,,0.074357,MAKER,67242.92,0.0,['1.00000000 USDT'],FILLED,False,False,False,,NO_TRIGGER,,NO_CONTINGENCY,,,,,,,,7ca42081-c657-4c1a-8c8e-150e31b1c209,2026-03-30 11:25:00+00:00,2026-03-30 14:25:00+00:00
TESTER-001,SRGridStrategyUser-000,BTC/USDT.SIM,SIM-1-2340,BTC/USDT.SIM-SRGridStrategyUser-000,SIM-001,T-334fdb142db926fb-263847,LIMIT,SELL,0.073183,68321.43,GTC,,0.073183,MAKER,68321.43000000001,0.0,['1.00000000 USDT'],FILLED,False,False,False,,NO_TRIGGER,,NO_CONTINGENCY,,,,,,,,2ab4f5e7-e92b-4e2f-b120-bd73f8ff28de,2026-03-31 02:50:00+00:00,2026-03-31 17:10:00+00:00
TESTER-001,SRGridStrategyUser-000,BTC/USDT.SIM,SIM-1-2342,BTC/USDT.SIM-SRGridStrategyUser-000,SIM-001,T-8c67e9fcccbd9e5e-264017,LIMIT,SELL,0.073300,68212.70,GTC,,0.073300,MAKER,68212.7,0.0,['1.00000000 USDT'],FILLED,False,False,False,,NO_TRIGGER,,NO_CONTINGENCY,,,,,,,,ac5ba46e-7f74-47b7-b2a9-be20738bd02c,2026-03-31 18:50:00+00:00,2026-03-31 20:45:00+00:00
TESTER-001,SRGridStrategyUser-000,BTC/USDT.SIM,SIM-1-2343,BTC/USDT.SIM-SRGridStrategyUser-000,SIM-001,T-97a7bb40051d24ce-264421,LIMIT,SELL,0.072856,68628.99,GTC,,0.072856,MAKER,68628.98999999999,0.0,['1.00000000 USDT'],FILLED,False,False,False,,NO_TRIGGER,,NO_CONTINGENCY,,,,,,,,6e1e8a01-6ab7-4e9c-9f75-d92b4a5a34d6,2026-03-31 18:50:00+00:00,2026-04-01 05:25:00+00:00
TESTER-001,SRGridStrategyUser-000,BTC/USDT.SIM,SIM-1-2344,BTC/USDT.SIM-SRGridStrategyUser-000,SIM-001,T-96487787b003dd88-264898,LIMIT,SELL,0.072630,68842.01,GTC,,0.072630,MAKER,68842.01,0.0,['1.00000000 USDT'],FILLED,False,False,False,,NO_TRIGGER,,NO_CONTINGENCY,,,,,,,,39695951-e311-4d43-b2a6-3328d80ad2de,2026-04-01 10:50:00+00:00,2026-04-01 15:25:00+00:00
TESTER-001,SRGridStrategyUser-000,BTC/USDT.SIM,SIM-1-2345,BTC/USDT.SIM-SRGridStrategyUser-000,SIM-001,T-338c5d46966db381-264974,LIMIT,SELL,0.072371,69088.66,GTC,,0.072371,MAKER,69088.66,0.0,['1.00000000 USDT'],FILLED,False,False,False,,NO_TRIGGER,,NO_CONTINGENCY,,,,,,,,b5da426a-8cfa-4d29-8919-16aeb508134e,2026-04-01 10:50:00+00:00,2026-04-01 17:00:00+00:00
TESTER-001,SRGridStrategyUser-000,BTC/USDT.SIM,SIM-1-2346,BTC/USDT.SIM-SRGridStrategyUser-000,SIM-001,T-15abd6a669c00d06-265502,LIMIT,BUY,0.075344,66362.64,GTC,,0.075344,MAKER,66362.64,0.0,['1.00000000 USDT'],FILLED,False,False,False,,NO_TRIGGER,,NO_CONTINGENCY,,,,,,,,2da89985-32f6-401c-8968-69db09e94dbe,2026-04-02 02:50:00+00:00,2026-04-02 04:25:00+00:00
TESTER-001,SRGridStrategyUser-000,BTC/USDT.SIM,SIM-1-2347,BTC/USDT.SIM-SRGridStrategyUser-000,SIM-001,T-8f57e695301120a7-265939,LIMIT,BUY,0.015183,65862.28,GTC,,0.015183,MAKER,65862.28,0.0,['0.20000000 USDT'],FILLED,False,False,False,,NO_TRIGGER,,NO_CONTINGENCY,,,,,,,,cc5d05bb-3705-4d08-99a6-b6d49dfd699a,2026-04-02 02:50:00+00:00,2026-04-02 13:35:00+00:00
TESTER-001,SRGridStrategyUser-000,BTC/USDT.SIM,SIM-1-2348,BTC/USDT.SIM-SRGridStrategyUser-000,SIM-001,T-fc3313236afa29d0-266114,LIMIT,SELL,0.065864,67363.38,GTC,,0.065864,MAKER,67363.37999999999,0.0,['0.89000000 USDT'],FILLED,False,False,False,,NO_TRIGGER,,NO_CONTINGENCY,,,,,,,,bcb8ee76-4311-47a0-af76-4db3928bfa20,2026-04-02 02:50:00+00:00,2026-04-02 17:15:00+00:00
TESTER-001,SRGridStrategyUser-000,BTC/USDT.SIM,SIM-1-2350,BTC/USDT.SIM-SRGridStrategyUser-000,SIM-001,T-fc3313236afa29d0-266115,LIMIT,SELL,0.074224,67363.38,GTC,,0.074224,MAKER,67363.37999999999,0.0,['1.00000000 USDT'],FILLED,False,False,False,,NO_TRIGGER,,NO_CONTINGENCY,,,,,,,,3b941010-fc96-49b3-a03a-9b6ee8a081c9,2026-04-02 04:25:00+00:00,2026-04-02 17:15:00+00:00
TESTER-001,SRGridStrategyUser-000,BTC/USDT.SIM,SIM-1-2352,BTC/USDT.SIM-SRGridStrategyUser-000,SIM-001,T-fc3313236afa29d0-266116,LIMIT,SELL,0.074224,67363.38,GTC,,0.074224,MAKER,67363.37999999999,0.0,['1.00000000 USDT'],FILLED,False,False,False,,NO_TRIGGER,,NO_CONTINGENCY,,,,,,,,3bbf9ca7-3e2b-4de0-bb96-9c2387560a4b,2026-04-02 13:35:00+00:00,2026-04-02 17:15:00+00:00
TESTER-001,SRGridStrategyUser-000,BTC/USDT.SIM,SIM-1-2354,BTC/USDT.SIM-SRGridStrategyUser-000,SIM-001,T-2214a5a0bd9de011-266503,LIMIT,BUY,0.075007,66660.60,GTC,,0.075007,MAKER,66660.6,0.0,['1.00000000 USDT'],FILLED,False,False,False,,NO_TRIGGER,,NO_CONTINGENCY,,,,,,,,dd9affe0-dce7-42d6-af04-79ab984e7ec6,2026-04-02 18:50:00+00:00,2026-04-03 01:35:00+00:00
TESTER-001,SRGridStrategyUser-000,BTC/USDT.SIM,SIM-1-2355,BTC/USDT.SIM-SRGridStrategyUser-000,SIM-001,T-feb5267f0f4b1c63-266551,LIMIT,BUY,0.075391,66320.82,GTC,,0.075391,MAKER,66320.81999999999,0.0,['1.00000000 USDT'],FILLED,False,False,False,,NO_TRIGGER,,NO_CONTINGENCY,,,,,,,,45fca88e-dc02-48c9-9725-18e69eb3ea99,2026-04-02 18:50:00+00:00,2026-04-03 02:35:00+00:00
TESTER-001,SRGridStrategyUser-000,BTC/USDT.SIM,SIM-1-2362,BTC/USDT.SIM-SRGridStrategyUser-000,SIM-001,T-30504e46bd98bfbe-267031,LIMIT,BUY,0.074961,66701.02,GTC,,0.074961,MAKER,66701.02,0.0,['1.00000000 USDT'],FILLED,False,False,False,,NO_TRIGGER,,NO_CONTINGENCY,,,,,,,,4a4f32a5-74c9-4699-9128-487cc0b72713,2026-04-03 10:50:00+00:00,2026-04-03 12:50:00+00:00
TESTER-001,SRGridStrategyUser-000,BTC/USDT.SIM,SIM-1-2363,BTC/USDT.SIM-SRGridStrategyUser-000,SIM-001,T-9073970f4740034c-267078,LIMIT,BUY,0.075151,66532.37,GTC,,0.075151,MAKER,66532.37000000001,0.0,['1.00000000 USDT'],FILLED,False,False,False,,NO_TRIGGER,,NO_CONTINGENCY,,,,,,,,64b7b6b2-2f57-4d48-b6b9-f72f2e05409d,2026-04-03 10:50:00+00:00,2026-04-03 13:45:00+00:00
TESTER-001,SRGridStrategyUser-000,BTC/USDT.SIM,SIM-1-2364,BTC/USDT.SIM-SRGridStrategyUser-000,SIM-001,T-df01b4eba29cf82c-266974,LIMIT,SELL,0.074584,67038.30,GTC,,0.074584,MAKER,67038.3,0.0,['1.00000000 USDT'],FILLED,False,False,False,,NO_TRIGGER,,NO_CONTINGENCY,,,,,,,,1366b5e8-92f7-4a61-8609-a5692061c436,2026-04-03 10:50:00+00:00,2026-04-03 11:40:00+00:00
TESTER-001,SRGridStrategyUser-000,BTC/USDT.SIM,SIM-1-2365,BTC/USDT.SIM-SRGridStrategyUser-000,SIM-001,T-2b1263af063d1a70-267013,LIMIT,SELL,0.074397,67206.95,GTC,,0.074397,MAKER,67206.95,0.0,['1.00000000 USDT'],FILLED,False,False,False,,NO_TRIGGER,,NO_CONTINGENCY,,,,,,,,e8984211-2aa3-4798-8bf6-cfe6da622f8c,2026-04-03 10:50:00+00:00,2026-04-03 12:30:00+00:00
TESTER-001,SRGridStrategyUser-000,BTC/USDT.SIM,SIM-1-2366,BTC/USDT.SIM-SRGridStrategyUser-000,SIM-001,T-30504e46bd98bfbe-267032,LIMIT,BUY,0.074961,66701.02,GTC,,0.074961,MAKER,66701.02,0.0,['1.00000000 USDT'],FILLED,False,False,False,,NO_TRIGGER,,NO_CONTINGENCY,,,,,,,,c39bd16a-dcef-4656-975a-cabadb121416,2026-04-03 11:40:00+00:00,2026-04-03 12:50:00+00:00
TESTER-001,SRGridStrategyUser-000,BTC/USDT.SIM,SIM-1-2367,BTC/USDT.SIM-SRGridStrategyUser-000,SIM-001,T-9073970f4740034c-267079,LIMIT,BUY,0.075151,66532.37,GTC,,0.075151,MAKER,66532.37000000001,0.0,['1.00000000 USDT'],FILLED,False,False,False,,NO_TRIGGER,,NO_CONTINGENCY,,,,,,,,0686c309-c30d-4378-a585-31730d4dd3dc,2026-04-03 11:40:00+00:00,2026-04-03 13:45:00+00:00
TESTER-001,SRGridStrategyUser-000,BTC/USDT.SIM,SIM-1-2368,BTC/USDT.SIM-SRGridStrategyUser-000,SIM-001,T-30504e46bd98bfbe-267033,LIMIT,BUY,0.074961,66701.02,GTC,,0.074961,MAKER,66701.02,0.0,['1.00000000 USDT'],FILLED,False,False,False,,NO_TRIGGER,,NO_CONTINGENCY,,,,,,,,43d34cca-c583-47d9-a95b-72ac0cd93a97,2026-04-03 12:30:00+00:00,2026-04-03 12:50:00+00:00
TESTER-001,SRGridStrategyUser-000,BTC/USDT.SIM,SIM-1-2369,BTC/USDT.SIM-SRGridStrategyUser-000,SIM-001,T-9073970f4740034c-267080,LIMIT,BUY,0.075151,66532.37,GTC,,0.075151,MAKER,66532.37000000001,0.0,['1.00000000 USDT'],FILLED,False,False,False,,NO_TRIGGER,,NO_CONTINGENCY,,,,,,,,f067b290-fa69-4eca-a4d1-d5c04cbaa9ee,2026-04-03 12:30:00+00:00,2026-04-03 13:45:00+00:00
TESTER-001,SRGridStrategyUser-000,BTC/USDT.SIM,SIM-1-2370,BTC/USDT.SIM-SRGridStrategyUser-000,SIM-001,T-fcc3e7708e6fe48b-267698,LIMIT,SELL,0.074747,66892.00,GTC,,0.074747,MAKER,66892.0,0.0,['1.00000000 USDT'],FILLED,False,False,False,,NO_TRIGGER,,NO_CONTINGENCY,,,,,,,,384751a0-7794-44c6-8937-7f6dee82397c,2026-04-04 02:50:00+00:00,2026-04-04 03:05:00+00:00
TESTER-001,SRGridStrategyUser-000,BTC/USDT.SIM,SIM-1-2371,BTC/USDT.SIM-SRGridStrategyUser-000,SIM-001,T-44bbabd0f3d1cc80-267844,LIMIT,SELL,0.074663,66967.52,GTC,,0.074663,MAKER,66967.52,0.0,['1.00000000 USDT'],FILLED,False,False,False,,NO_TRIGGER,,NO_CONTINGENCY,,,,,,,,4c7bfb2e-2c67-483c-8b4a-165c9f319867,2026-04-04 02:50:00+00:00,2026-04-04 06:20:00+00:00
TESTER-001,SRGridStrategyUser-000,BTC/USDT.SIM,SIM-1-2372,BTC/USDT.SIM-SRGridStrategyUser-000,SIM-001,T-3df5558347d58943-268422,LIMIT,SELL,0.074192,67392.59,GTC,,0.074192,MAKER,67392.59,0.0,['1.00000000 USDT'],FILLED,False,False,False,,NO_TRIGGER,,NO_CONTINGENCY,,,,,,,,6f586254-15ca-4305-926e-bf8407374999,2026-04-04 18:50:00+00:00,2026-04-04 19:05:00+00:00
TESTER-001,SRGridStrategyUser-000,BTC/USDT.SIM,SIM-1-2373,BTC/USDT.SIM-SRGridStrategyUser-000,SIM-001,T-d8013a4852b2a06f-268427,LIMIT,SELL,0.074113,67464.47,GTC,,0.074113,MAKER,67464.47,0.0,['1.00000000 USDT'],FILLED,False,False,False,,NO_TRIGGER,,NO_CONTINGENCY,,,,,,,,30464ba4-bae0-4a52-b9c6-6750a1024660,2026-04-04 18:50:00+00:00,2026-04-04 19:10:00+00:00
TESTER-001,SRGridStrategyUser-000,BTC/USDT.SIM,SIM-1-2374,BTC/USDT.SIM-SRGridStrategyUser-000,SIM-001,T-dc1248e928ca271f-269180,LIMIT,BUY,0.074680,66952.50,GTC,,0.074680,MAKER,66952.5,0.0,['1.00000000 USDT'],FILLED,False,False,False,,NO_TRIGGER,,NO_CONTINGENCY,,,,,,,,02b44e75-3654-4a06-a13c-6bbf6ca8a328,2026-04-05 10:50:00+00:00,2026-04-05 12:00:00+00:00
TESTER-001,SRGridStrategyUser-000,BTC/USDT.SIM,SIM-1-2375,BTC/USDT.SIM-SRGridStrategyUser-000,SIM-001,T-8e6b49e9fcdff2a9-269204,LIMIT,BUY,0.074785,66858.18,GTC,,0.074785,MAKER,66858.18,0.0,['1.00000000 USDT'],FILLED,False,False,False,,NO_TRIGGER,,NO_CONTINGENCY,,,,,,,,5f672455-8882-4b87-9b4b-8fd73674813a,2026-04-05 10:50:00+00:00,2026-04-05 12:30:00+00:00
TESTER-001,SRGridStrategyUser-000,BTC/USDT.SIM,SIM-1-2376,BTC/USDT.SIM-SRGridStrategyUser-000,SIM-001,T-d85682dcb3179e00-269338,LIMIT,SELL,0.074470,67141.14,GTC,,0.074470,MAKER,67141.14,0.0,['1.00000000 USDT'],FILLED,False,False,False,,NO_TRIGGER,,NO_CONTINGENCY,,,,,,,,1abe4bd8-9648-406a-b972-c84196ac93e0,2026-04-05 10:50:00+00:00,2026-04-05 15:25:00+00:00
TESTER-001,SRGridStrategyUser-000,BTC/USDT.SIM,SIM-1-2377,BTC/USDT.SIM-SRGridStrategyUser-000,SIM-001,T-d85682dcb3179e00-269343,LIMIT,SELL,0.074366,67235.46,GTC,,0.074366,MAKER,67235.45999999999,0.0,['1.00000000 USDT'],FILLED,False,False,False,,NO_TRIGGER,,NO_CONTINGENCY,,,,,,,,af1dc7df-fa82-4791-956f-f27a167a4ee6,2026-04-05 10:50:00+00:00,2026-04-05 15:25:00+00:00
TESTER-001,SRGridStrategyUser-000,BTC/USDT.SIM,SIM-1-2378,BTC/USDT.SIM-SRGridStrategyUser-000,SIM-001,T-d85682dcb3179e00-269339,LIMIT,SELL,0.074470,67141.14,GTC,,0.074470,MAKER,67141.14,0.0,['1.00000000 USDT'],FILLED,False,False,False,,NO_TRIGGER,,NO_CONTINGENCY,,,,,,,,38f773f5-c546-470f-b2f3-afd69f3b94b6,2026-04-05 12:00:00+00:00,2026-04-05 15:25:00+00:00
TESTER-001,SRGridStrategyUser-000,BTC/USDT.SIM,SIM-1-2379,BTC/USDT.SIM-SRGridStrategyUser-000,SIM-001,T-d85682dcb3179e00-269344,LIMIT,SELL,0.074366,67235.46,GTC,,0.074366,MAKER,67235.45999999999,0.0,['1.00000000 USDT'],FILLED,False,False,False,,NO_TRIGGER,,NO_CONTINGENCY,,,,,,,,abb5ea95-ed9f-42eb-aeb0-cc5ed6a4eb8a,2026-04-05 12:00:00+00:00,2026-04-05 15:25:00+00:00
TESTER-001,SRGridStrategyUser-000,BTC/USDT.SIM,SIM-1-2380,BTC/USDT.SIM-SRGridStrategyUser-000,SIM-001,T-d85682dcb3179e00-269340,LIMIT,SELL,0.074470,67141.14,GTC,,0.074470,MAKER,67141.14,0.0,['1.00000000 USDT'],FILLED,False,False,False,,NO_TRIGGER,,NO_CONTINGENCY,,,,,,,,b4e854b3-0831-4a41-a58f-226636097700,2026-04-05 12:30:00+00:00,2026-04-05 15:25:00+00:00
TESTER-001,SRGridStrategyUser-000,BTC/USDT.SIM,SIM-1-2381,BTC/USDT.SIM-SRGridStrategyUser-000,SIM-001,T-d85682dcb3179e00-269345,LIMIT,SELL,0.074366,67235.46,GTC,,0.074366,MAKER,67235.45999999999,0.0,['1.00000000 USDT'],FILLED,False,False,False,,NO_TRIGGER,,NO_CONTINGENCY,,,,,,,,24016f98-04dc-465e-81a4-47f94427493c,2026-04-05 12:30:00+00:00,2026-04-05 15:25:00+00:00
TESTER-001,SRGridStrategyUser-000,BTC/USDT.SIM,SIM-1-2382,BTC/USDT.SIM-SRGridStrategyUser-000,SIM-001,T-f3d477b8c6da57f1-270043,LIMIT,BUY,0.072609,68862.33,GTC,,0.072609,MAKER,68862.33,0.0,['1.00000000 USDT'],FILLED,False,False,False,,NO_TRIGGER,,NO_CONTINGENCY,,,,,,,,c013198e-4eb0-43a6-88a1-4ca5e5a6be8f,2026-04-06 02:50:00+00:00,2026-04-06 06:25:00+00:00
TESTER-001,SRGridStrategyUser-000,BTC/USDT.SIM,SIM-1-2384,BTC/USDT.SIM-SRGridStrategyUser-000,SIM-001,T-a4cd96b7e013ba41-270173,LIMIT,SELL,0.071856,69583.67,GTC,,0.071856,MAKER,69583.67,0.0,['1.00000000 USDT'],FILLED,False,False,False,,NO_TRIGGER,,NO_CONTINGENCY,,,,,,,,d7de6c28-4d06-47ad-8d34-75c7f0d506f2,2026-04-06 02:50:00+00:00,2026-04-06 09:10:00+00:00
TESTER-001,SRGridStrategyUser-000,BTC/USDT.SIM,SIM-1-2385,BTC/USDT.SIM-SRGridStrategyUser-000,SIM-001,T-8c2b0bfdae79b0be-270179,LIMIT,SELL,0.014297,69944.35,GTC,,0.014297,MAKER,69944.34999999999,0.0,['0.20000000 USDT'],FILLED,False,False,False,,NO_TRIGGER,,NO_CONTINGENCY,,,,,,,,b5f1653b-82a9-4a80-8aea-2be95afc498b,2026-04-06 02:50:00+00:00,2026-04-06 09:15:00+00:00
TESTER-001,SRGridStrategyUser-000,BTC/USDT.SIM,SIM-1-2386,BTC/USDT.SIM-SRGridStrategyUser-000,SIM-001,T-a4cd96b7e013ba41-270174,LIMIT,SELL,0.071856,69583.67,GTC,,0.071856,MAKER,69583.67,0.0,['1.00000000 USDT'],FILLED,False,False,False,,NO_TRIGGER,,NO_CONTINGENCY,,,,,,,,a054460e-8399-4f4d-b640-3f882c077f41,2026-04-06 06:25:00+00:00,2026-04-06 09:10:00+00:00
TESTER-001,SRGridStrategyUser-000,BTC/USDT.SIM,SIM-1-2387,BTC/USDT.SIM-SRGridStrategyUser-000,SIM-001,T-8c2b0bfdae79b0be-270180,LIMIT,SELL,0.014603,69944.35,GTC,,0.014603,MAKER,69944.34999999999,0.0,['0.20000000 USDT'],FILLED,False,False,False,,NO_TRIGGER,,NO_CONTINGENCY,,,,,,,,233a711c-6e15-48f9-b11e-534ecc5a04f4,2026-04-06 06:25:00+00:00,2026-04-06 09:15:00+00:00
TESTER-001,SRGridStrategyUser-000,BTC/USDT.SIM,SIM-1-2390,BTC/USDT.SIM-SRGridStrategyUser-000,SIM-001,T-3e31bf51b867b992-270645,LIMIT,BUY,0.071825,69613.55,GTC,,0.071825,MAKER,69613.54999999999,0.0,['1.00000000 USDT'],FILLED,False,False,False,,NO_TRIGGER,,NO_CONTINGENCY,,,,,,,,fb87276f-7dda-4b42-9a51-595bc8135128,2026-04-06 18:50:00+00:00,2026-04-06 19:05:00+00:00
TESTER-001,SRGridStrategyUser-000,BTC/USDT.SIM,SIM-1-2391,BTC/USDT.SIM-SRGridStrategyUser-000,SIM-001,T-8fda962d2ba56563-270792,LIMIT,BUY,0.072118,69330.92,GTC,,0.072118,MAKER,69330.92,0.0,['1.00000000 USDT'],FILLED,False,False,False,,NO_TRIGGER,,NO_CONTINGENCY,,,,,,,,cbc4d087-c4f2-443f-85fd-d754167e6a80,2026-04-06 18:50:00+00:00,2026-04-06 22:20:00+00:00
TESTER-001,SRGridStrategyUser-000,BTC/USDT.SIM,SIM-1-2398,BTC/USDT.SIM-SRGridStrategyUser-000,SIM-001,T-43e58ef0e64b3ca3-271531,LIMIT,BUY,0.073595,67939.66,GTC,,0.073595,MAKER,67939.66,0.0,['1.00000000 USDT'],FILLED,False,False,False,,NO_TRIGGER,,NO_CONTINGENCY,,,,,,,,498610b8-fbfd-42d3-a22f-3f99cb817f4d,2026-04-07 10:50:00+00:00,2026-04-07 14:05:00+00:00
TESTER-001,SRGridStrategyUser-000,BTC/USDT.SIM,SIM-1-2400,BTC/USDT.SIM-SRGridStrategyUser-000,SIM-001,T-0b8bf3c97924f71b-271481,LIMIT,SELL,0.072877,68608.34,GTC,,0.072877,MAKER,68608.34,0.0,['1.00000000 USDT'],FILLED,False,False,False,,NO_TRIGGER,,NO_CONTINGENCY,,,,,,,,6c1a560e-de0e-4b35-baed-e81952a1bc17,2026-04-07 10:50:00+00:00,2026-04-07 13:05:00+00:00
TESTER-001,SRGridStrategyUser-000,BTC/USDT.SIM,SIM-1-2401,BTC/USDT.SIM-SRGridStrategyUser-000,SIM-001,T-9791bdd23789082c-271698,LIMIT,SELL,0.072524,68942.68,GTC,,0.072524,MAKER,68942.68000000001,0.0,['1.00000000 USDT'],FILLED,False,False,False,,NO_TRIGGER,,NO_CONTINGENCY,,,,,,,,6f0c745d-18df-4d1c-ba72-3a573f3c4e6b,2026-04-07 10:50:00+00:00,2026-04-07 17:35:00+00:00
TESTER-001,SRGridStrategyUser-000,BTC/USDT.SIM,SIM-1-2402,BTC/USDT.SIM-SRGridStrategyUser-000,SIM-001,T-43e58ef0e64b3ca3-271532,LIMIT,BUY,0.073595,67939.66,GTC,,0.073595,MAKER,67939.66,0.0,['1.00000000 USDT'],FILLED,False,False,False,,NO_TRIGGER,,NO_CONTINGENCY,,,,,,,,3b2404d6-f77b-42ae-9467-a3c0a5c9eb63,2026-04-07 13:05:00+00:00,2026-04-07 14:05:00+00:00
TESTER-001,SRGridStrategyUser-000,BTC/USDT.SIM,SIM-1-2404,BTC/USDT.SIM-SRGridStrategyUser-000,SIM-001,T-9791bdd23789082c-271699,LIMIT,SELL,0.072524,68942.68,GTC,,0.072524,MAKER,68942.68000000001,0.0,['1.00000000 USDT'],FILLED,False,False,False,,NO_TRIGGER,,NO_CONTINGENCY,,,,,,,,bad624eb-142e-43b8-814c-8adf32f1a821,2026-04-07 14:05:00+00:00,2026-04-07 17:35:00+00:00
TESTER-001,SRGridStrategyUser-000,BTC/USDT.SIM,SIM-1-2407,BTC/USDT.SIM-SRGridStrategyUser-000,SIM-001,T-9ee7e839d214f924-272283,LIMIT,BUY,0.069849,71582.58,GTC,,0.069849,MAKER,71582.58,0.0,['1.00000000 USDT'],FILLED,False,False,False,,NO_TRIGGER,,NO_CONTINGENCY,,,,,,,,d4841fd3-679d-4c91-a742-6f559d2b3abc,2026-04-08 05:20:00+00:00,2026-04-08 06:00:00+00:00
TESTER-001,SRGridStrategyUser-000,BTC/USDT.SIM,SIM-1-2408,BTC/USDT.SIM-SRGridStrategyUser-000,SIM-001,T-07205f9f62a730a4-272662,LIMIT,BUY,0.070030,71398.13,GTC,,0.070030,MAKER,71398.13,0.0,['1.00000000 USDT'],FILLED,False,False,False,,NO_TRIGGER,,NO_CONTINGENCY,,,,,,,,f1891c2b-1d48-41e8-996c-2a1db747cd29,2026-04-08 05:20:00+00:00,2026-04-08 14:05:00+00:00
TESTER-001,SRGridStrategyUser-000,BTC/USDT.SIM,SIM-1-2409,BTC/USDT.SIM-SRGridStrategyUser-000,SIM-001,T-8590386b5a0fd25e-272426,LIMIT,SELL,0.069491,71951.48,GTC,,0.069491,MAKER,71951.48000000001,0.0,['1.00000000 USDT'],FILLED,False,False,False,,NO_TRIGGER,,NO_CONTINGENCY,,,,,,,,8283ed85-8bd3-40a0-bcec-cef5ca57d1db,2026-04-08 05:20:00+00:00,2026-04-08 09:05:00+00:00
TESTER-001,SRGridStrategyUser-000,BTC/USDT.SIM,SIM-1-2410,BTC/USDT.SIM-SRGridStrategyUser-000,SIM-001,T-75f0834255bcdb00-272604,LIMIT,SELL,0.069314,72135.93,GTC,,0.069314,MAKER,72135.93,0.0,['1.00000000 USDT'],FILLED,False,False,False,,NO_TRIGGER,,NO_CONTINGENCY,,,,,,,,99b0b98a-4e25-4172-974b-928a78fa8695,2026-04-08 05:20:00+00:00,2026-04-08 12:55:00+00:00
TESTER-001,SRGridStrategyUser-000,BTC/USDT.SIM,SIM-1-2411,BTC/USDT.SIM-SRGridStrategyUser-000,SIM-001,T-8590386b5a0fd25e-272427,LIMIT,SELL,0.069491,71951.48,GTC,,0.069491,MAKER,71951.48000000001,0.0,['1.00000000 USDT'],FILLED,False,False,False,,NO_TRIGGER,,NO_CONTINGENCY,,,,,,,,ded59bf9-1fcc-4cbf-9aa8-fc3769ce250a,2026-04-08 06:00:00+00:00,2026-04-08 09:05:00+00:00
TESTER-001,SRGridStrategyUser-000,BTC/USDT.SIM,SIM-1-2412,BTC/USDT.SIM-SRGridStrategyUser-000,SIM-001,T-75f0834255bcdb00-272605,LIMIT,SELL,0.069314,72135.93,GTC,,0.069314,MAKER,72135.93,0.0,['1.00000000 USDT'],FILLED,False,False,False,,NO_TRIGGER,,NO_CONTINGENCY,,,,,,,,b1dcd0b4-405c-4abc-b7cc-5e2ebd9499ad,2026-04-08 06:00:00+00:00,2026-04-08 12:55:00+00:00
TESTER-001,SRGridStrategyUser-000,BTC/USDT.SIM,SIM-1-2413,BTC/USDT.SIM-SRGridStrategyUser-000,SIM-001,T-07205f9f62a730a4-272663,LIMIT,BUY,0.070030,71398.13,GTC,,0.070030,MAKER,71398.13,0.0,['1.00000000 USDT'],FILLED,False,False,False,,NO_TRIGGER,,NO_CONTINGENCY,,,,,,,,53085717-4191-43a0-b8e0-229d7080a7b7,2026-04-08 09:05:00+00:00,2026-04-08 14:05:00+00:00
TESTER-001,SRGridStrategyUser-000,BTC/USDT.SIM,SIM-1-2414,BTC/USDT.SIM-SRGridStrategyUser-000,SIM-001,T-07205f9f62a730a4-272664,LIMIT,BUY,0.070030,71398.13,GTC,,0.070030,MAKER,71398.13,0.0,['1.00000000 USDT'],FILLED,False,False,False,,NO_TRIGGER,,NO_CONTINGENCY,,,,,,,,c4fb3c57-f48e-46ad-81c8-e1eff613e4d9,2026-04-08 12:55:00+00:00,2026-04-08 14:05:00+00:00
TESTER-001,SRGridStrategyUser-000,BTC/USDT.SIM,SIM-1-2415,BTC/USDT.SIM-SRGridStrategyUser-000,SIM-001,T-99ead671cb796446-273036,LIMIT,BUY,0.069996,71432.62,GTC,,0.069996,MAKER,71432.62000000001,0.0,['1.00000000 USDT'],FILLED,False,False,False,,NO_TRIGGER,,NO_CONTINGENCY,,,,,,,,90fb83d8-c7dd-47a0-b181-38bfd0da2473,2026-04-08 21:20:00+00:00,2026-04-08 22:00:00+00:00
TESTER-001,SRGridStrategyUser-000,BTC/USDT.SIM,SIM-1-2416,BTC/USDT.SIM-SRGridStrategyUser-000,SIM-001,T-3968979f49f94416-273056,LIMIT,BUY,0.070176,71249.20,GTC,,0.070176,MAKER,71249.2,0.0,['1.00000000 USDT'],FILLED,False,False,False,,NO_TRIGGER,,NO_CONTINGENCY,,,,,,,,c6959d64-606e-4ff5-a4dc-2494c80a6aa4,2026-04-08 21:20:00+00:00,2026-04-08 22:25:00+00:00
TESTER-001,SRGridStrategyUser-000,BTC/USDT.SIM,SIM-1-2423,BTC/USDT.SIM-SRGridStrategyUser-000,SIM-001,T-1d82cffee03c0808-273761,LIMIT,BUY,0.070586,70835.66,GTC,,0.070586,MAKER,70835.66,0.0,['1.00000000 USDT'],FILLED,False,False,False,,NO_TRIGGER,,NO_CONTINGENCY,,,,,,,,953e930a-237c-4e3d-9545-acf736df61b4,2026-04-09 13:20:00+00:00,2026-04-09 13:35:00+00:00
TESTER-001,SRGridStrategyUser-000,BTC/USDT.SIM,SIM-1-2424,BTC/USDT.SIM-SRGridStrategyUser-000,SIM-001,T-2be62feb54c37b67-273800,LIMIT,BUY,0.033642,70557.16,GTC,,0.033642,MAKER,70557.15999999999,0.0,['0.47000000 USDT'],FILLED,False,False,False,,NO_TRIGGER,,NO_CONTINGENCY,,,,,,,,417419de-77da-4efe-9f4a-434b17c28e47,2026-04-09 13:20:00+00:00,2026-04-09 14:25:00+00:00
TESTER-001,SRGridStrategyUser-000,BTC/USDT.SIM,SIM-1-2425,BTC/USDT.SIM-SRGridStrategyUser-000,SIM-001,T-eda262238aa5817d-273839,LIMIT,SELL,0.070035,71392.66,GTC,,0.070035,MAKER,71392.66,0.0,['1.00000000 USDT'],FILLED,False,False,False,,NO_TRIGGER,,NO_CONTINGENCY,,,,,,,,a0d7acaa-f72a-406d-9b55-213ae37fbb69,2026-04-09 13:20:00+00:00,2026-04-09 15:15:00+00:00
TESTER-001,SRGridStrategyUser-000,BTC/USDT.SIM,SIM-1-2426,BTC/USDT.SIM-SRGridStrategyUser-000,SIM-001,T-9591df10341a34d9-273854,LIMIT,SELL,0.069763,71671.16,GTC,,0.069763,MAKER,71671.16,0.0,['1.00000000 USDT'],FILLED,False,False,False,,NO_TRIGGER,,NO_CONTINGENCY,,,,,,,,21ff9ecf-d145-4bc2-a4f4-eac4108df497,2026-04-09 13:20:00+00:00,2026-04-09 15:30:00+00:00
TESTER-001,SRGridStrategyUser-000,BTC/USDT.SIM,SIM-1-2427,BTC/USDT.SIM-SRGridStrategyUser-000,SIM-001,T-eda262238aa5817d-273840,LIMIT,SELL,0.070035,71392.66,GTC,,0.070035,MAKER,71392.66,0.0,['1.00000000 USDT'],FILLED,False,False,False,,NO_TRIGGER,,NO_CONTINGENCY,,,,,,,,2fd99f66-3c6f-4ff5-b70f-111c6b33c219,2026-04-09 13:35:00+00:00,2026-04-09 15:15:00+00:00
TESTER-001,SRGridStrategyUser-000,BTC/USDT.SIM,SIM-1-2428,BTC/USDT.SIM-SRGridStrategyUser-000,SIM-001,T-9591df10341a34d9-273855,LIMIT,SELL,0.069763,71671.16,GTC,,0.069763,MAKER,71671.16,0.0,['1.00000000 USDT'],FILLED,False,False,False,,NO_TRIGGER,,NO_CONTINGENCY,,,,,,,,de77a71e-3bcb-4124-9c9d-ef8ea94278ca,2026-04-09 13:35:00+00:00,2026-04-09 15:30:00+00:00
TESTER-001,SRGridStrategyUser-000,BTC/USDT.SIM,SIM-1-2429,BTC/USDT.SIM-SRGridStrategyUser-000,SIM-001,T-eda262238aa5817d-273841,LIMIT,SELL,0.070035,71392.66,GTC,,0.070035,MAKER,71392.66,0.0,['1.00000000 USDT'],FILLED,False,False,False,,NO_TRIGGER,,NO_CONTINGENCY,,,,,,,,e66cfef2-50cb-4e11-8a32-7728ecf6a6a1,2026-04-09 14:25:00+00:00,2026-04-09 15:15:00+00:00
TESTER-001,SRGridStrategyUser-000,BTC/USDT.SIM,SIM-1-2430,BTC/USDT.SIM-SRGridStrategyUser-000,SIM-001,T-9591df10341a34d9-273856,LIMIT,SELL,0.069763,71671.16,GTC,,0.069763,MAKER,71671.16,0.0,['1.00000000 USDT'],FILLED,False,False,False,,NO_TRIGGER,,NO_CONTINGENCY,,,,,,,,1a6a2c8b-b7cd-43c2-bcee-f36478e9e5f6,2026-04-09 14:25:00+00:00,2026-04-09 15:30:00+00:00
TESTER-001,SRGridStrategyUser-000,BTC/USDT.SIM,SIM-1-2431,BTC/USDT.SIM-SRGridStrategyUser-000,SIM-001,T-418d4c71f272e83f-274550,LIMIT,BUY,0.069464,71979.88,GTC,,0.069464,MAKER,71979.87999999999,0.0,['1.00000000 USDT'],FILLED,False,False,False,,NO_TRIGGER,,NO_CONTINGENCY,,,,,,,,3876ff87-7539-49fe-b1c9-0c1436a50ea7,2026-04-10 05:20:00+00:00,2026-04-10 06:15:00+00:00
TESTER-001,SRGridStrategyUser-000,BTC/USDT.SIM,SIM-1-2432,BTC/USDT.SIM-SRGridStrategyUser-000,SIM-001,T-83376ae5429aa279-274588,LIMIT,BUY,0.069699,71737.23,GTC,,0.069699,MAKER,71737.23,0.0,['1.00000000 USDT'],FILLED,False,False,False,,NO_TRIGGER,,NO_CONTINGENCY,,,,,,,,33f46118-a0b0-404d-960f-63a18f70c143,2026-04-10 05:20:00+00:00,2026-04-10 07:05:00+00:00
TESTER-001,SRGridStrategyUser-000,BTC/USDT.SIM,SIM-1-2433,BTC/USDT.SIM-SRGridStrategyUser-000,SIM-001,T-ed53e3ca5d8a82bd-274914,LIMIT,SELL,0.068999,72465.18,GTC,,0.068999,MAKER,72465.18000000001,0.0,['1.00000000 USDT'],FILLED,False,False,False,,NO_TRIGGER,,NO_CONTINGENCY,,,,,,,,0c7f749f-e6af-4636-8a57-a861224a0afb,2026-04-10 05:20:00+00:00,2026-04-10 14:00:00+00:00
TESTER-001,SRGridStrategyUser-000,BTC/USDT.SIM,SIM-1-2434,BTC/USDT.SIM-SRGridStrategyUser-000,SIM-001,T-1e231c18e66d5fb9-274925,LIMIT,SELL,0.068768,72707.83,GTC,,0.068768,MAKER,72707.83,0.0,['1.00000000 USDT'],FILLED,False,False,False,,NO_TRIGGER,,NO_CONTINGENCY,,,,,,,,f2ff7e6b-8e59-46c3-8629-e23e3796e3e1,2026-04-10 05:20:00+00:00,2026-04-10 14:10:00+00:00
TESTER-001,SRGridStrategyUser-000,BTC/USDT.SIM,SIM-1-2435,BTC/USDT.SIM-SRGridStrategyUser-000,SIM-001,T-ed53e3ca5d8a82bd-274915,LIMIT,SELL,0.068999,72465.18,GTC,,0.068999,MAKER,72465.18000000001,0.0,['1.00000000 USDT'],FILLED,False,False,False,,NO_TRIGGER,,NO_CONTINGENCY,,,,,,,,f8e67652-b8af-4fd8-84d8-b3caf4e9d7fb,2026-04-10 06:15:00+00:00,2026-04-10 14:00:00+00:00
TESTER-001,SRGridStrategyUser-000,BTC/USDT.SIM,SIM-1-2436,BTC/USDT.SIM-SRGridStrategyUser-000,SIM-001,T-1e231c18e66d5fb9-274926,LIMIT,SELL,0.068768,72707.83,GTC,,0.068768,MAKER,72707.83,0.0,['1.00000000 USDT'],FILLED,False,False,False,,NO_TRIGGER,,NO_CONTINGENCY,,,,,,,,48ee5086-ce10-4f87-9add-7b15c2b85bac,2026-04-10 06:15:00+00:00,2026-04-10 14:10:00+00:00
TESTER-001,SRGridStrategyUser-000,BTC/USDT.SIM,SIM-1-2437,BTC/USDT.SIM-SRGridStrategyUser-000,SIM-001,T-ed53e3ca5d8a82bd-274916,LIMIT,SELL,0.068999,72465.18,GTC,,0.068999,MAKER,72465.18000000001,0.0,['1.00000000 USDT'],FILLED,False,False,False,,NO_TRIGGER,,NO_CONTINGENCY,,,,,,,,8d221e17-67df-4eed-a02c-f11e450c4c3b,2026-04-10 07:05:00+00:00,2026-04-10 14:00:00+00:00
TESTER-001,SRGridStrategyUser-000,BTC/USDT.SIM,SIM-1-2438,BTC/USDT.SIM-SRGridStrategyUser-000,SIM-001,T-1e231c18e66d5fb9-274927,LIMIT,SELL,0.068768,72707.83,GTC,,0.068768,MAKER,72707.83,0.0,['1.00000000 USDT'],FILLED,False,False,False,,NO_TRIGGER,,NO_CONTINGENCY,,,,,,,,2d1a4288-4f1e-4714-bcd7-5945b0c9cc2a,2026-04-10 07:05:00+00:00,2026-04-10 14:10:00+00:00
TESTER-001,SRGridStrategyUser-000,BTC/USDT.SIM,SIM-1-2439,BTC/USDT.SIM-SRGridStrategyUser-000,SIM-001,T-d3f988edccfd8c38-275330,LIMIT,BUY,0.068681,72800.45,GTC,,0.068681,MAKER,72800.45000000001,0.0,['1.00000000 USDT'],FILLED,False,False,False,,NO_TRIGGER,,NO_CONTINGENCY,,,,,,,,47ffabfb-73c9-4cce-8707-9cffb9a659d0,2026-04-10 21:20:00+00:00,2026-04-10 22:40:00+00:00
TESTER-001,SRGridStrategyUser-000,BTC/USDT.SIM,SIM-1-2441,BTC/USDT.SIM-SRGridStrategyUser-000,SIM-001,T-03b6f841d21f4f84-276561,LIMIT,BUY,0.069013,72450.51,GTC,,0.069013,MAKER,72450.51,0.0,['1.00000000 USDT'],FILLED,False,False,False,,NO_TRIGGER,,NO_CONTINGENCY,,,,,,,,7f9ddaaa-b3bf-4276-9824-35546ca29f8b,2026-04-11 13:20:00+00:00,2026-04-12 01:35:00+00:00
TESTER-001,SRGridStrategyUser-000,BTC/USDT.SIM,SIM-1-2442,BTC/USDT.SIM-SRGridStrategyUser-000,SIM-001,T-75ab96c6b7049e5d-276565,LIMIT,BUY,0.069221,72232.81,GTC,,0.069221,MAKER,72232.81,0.0,['1.00000000 USDT'],FILLED,False,False,False,,NO_TRIGGER,,NO_CONTINGENCY,,,,,,,,666544d5-2a0a-4a72-a26c-1b6657c19af3,2026-04-11 13:20:00+00:00,2026-04-12 01:40:00+00:00
TESTER-001,SRGridStrategyUser-000,BTC/USDT.SIM,SIM-1-2443,BTC/USDT.SIM-SRGridStrategyUser-000,SIM-001,T-6065707f2a4a624a-276984,LIMIT,BUY,0.069981,71447.86,GTC,,0.069981,MAKER,71447.86,0.0,['1.00000000 USDT'],FILLED,False,False,False,,NO_TRIGGER,,NO_CONTINGENCY,,,,,,,,510cba31-96e6-498e-a5be-631017aea474,2026-04-12 05:20:00+00:00,2026-04-12 10:50:00+00:00
TESTER-001,SRGridStrategyUser-000,BTC/USDT.SIM,SIM-1-2444,BTC/USDT.SIM-SRGridStrategyUser-000,SIM-001,T-88545203f538d2bb-277078,LIMIT,BUY,0.070181,71244.43,GTC,,0.070181,MAKER,71244.43,0.0,['1.00000000 USDT'],FILLED,False,False,False,,NO_TRIGGER,,NO_CONTINGENCY,,,,,,,,6512e467-a1c0-484b-bf3e-881d4f924e9a,2026-04-12 05:20:00+00:00,2026-04-12 12:50:00+00:00
TESTER-001,SRGridStrategyUser-000,BTC/USDT.SIM,SIM-1-2451,BTC/USDT.SIM-SRGridStrategyUser-000,SIM-001,T-b0f25607e70c7a41-277507,LIMIT,BUY,0.070352,71071.46,GTC,,0.070352,MAKER,71071.45999999999,0.0,['1.00000000 USDT'],FILLED,False,False,False,,NO_TRIGGER,,NO_CONTINGENCY,,,,,,,,4d412e0b-6e5b-4e73-b619-5186aae5bb3c,2026-04-12 21:20:00+00:00,2026-04-12 22:00:00+00:00
TESTER-001,SRGridStrategyUser-000,BTC/USDT.SIM,SIM-1-2452,BTC/USDT.SIM-SRGridStrategyUser-000,SIM-001,T-b0f25607e70c7a41-277506,LIMIT,BUY,0.070595,70826.53,GTC,,0.070595,MAKER,70826.53,0.0,['1.00000000 USDT'],FILLED,False,False,False,,NO_TRIGGER,,NO_CONTINGENCY,,,,,,,,5bfca884-25dc-4f7d-9086-c0e7fc4d94aa,2026-04-12 21:20:00+00:00,2026-04-12 22:00:00+00:00
TESTER-001,SRGridStrategyUser-000,BTC/USDT.SIM,SIM-1-2457,BTC/USDT.SIM-SRGridStrategyUser-000,SIM-001,T-3538184668967f35-278226,LIMIT,BUY,0.070462,70960.50,GTC,,0.070462,MAKER,70960.5,0.0,['1.00000000 USDT'],FILLED,False,False,False,,NO_TRIGGER,,NO_CONTINGENCY,,,,,,,,7d6ca2ef-f1bd-4960-aaaa-e097c2214fef,2026-04-13 13:20:00+00:00,2026-04-13 13:35:00+00:00
TESTER-001,SRGridStrategyUser-000,BTC/USDT.SIM,SIM-1-2459,BTC/USDT.SIM-SRGridStrategyUser-000,SIM-001,T-1c6f47f73213f83f-278234,LIMIT,SELL,0.069947,71482.46,GTC,,0.069947,MAKER,71482.46,0.0,['1.00000000 USDT'],FILLED,False,False,False,,NO_TRIGGER,,NO_CONTINGENCY,,,,,,,,938d5851-1fc7-4c9a-9571-4982a940fc03,2026-04-13 13:20:00+00:00,2026-04-13 13:45:00+00:00
TESTER-001,SRGridStrategyUser-000,BTC/USDT.SIM,SIM-1-2460,BTC/USDT.SIM-SRGridStrategyUser-000,SIM-001,T-a2d5845fd5daf928-278248,LIMIT,SELL,0.069693,71743.45,GTC,,0.069693,MAKER,71743.45,0.0,['1.00000000 USDT'],FILLED,False,False,False,,NO_TRIGGER,,NO_CONTINGENCY,,,,,,,,0b48ee6d-f4ee-4304-9cec-863749f9492a,2026-04-13 13:20:00+00:00,2026-04-13 14:00:00+00:00
TESTER-001,SRGridStrategyUser-000,BTC/USDT.SIM,SIM-1-2461,BTC/USDT.SIM-SRGridStrategyUser-000,SIM-001,T-1c6f47f73213f83f-278235,LIMIT,SELL,0.069947,71482.46,GTC,,0.069947,MAKER,71482.46,0.0,['1.00000000 USDT'],FILLED,False,False,False,,NO_TRIGGER,,NO_CONTINGENCY,,,,,,,,55edc3d5-e907-4408-8cd6-447797f4071c,2026-04-13 13:35:00+00:00,2026-04-13 13:45:00+00:00
TESTER-001,SRGridStrategyUser-000,BTC/USDT.SIM,SIM-1-2462,BTC/USDT.SIM-SRGridStrategyUser-000,SIM-001,T-a2d5845fd5daf928-278249,LIMIT,SELL,0.069693,71743.45,GTC,,0.069693,MAKER,71743.45,0.0,['1.00000000 USDT'],FILLED,False,False,False,,NO_TRIGGER,,NO_CONTINGENCY,,,,,,,,8aa9d848-a915-4995-9171-9eda196053b8,2026-04-13 13:35:00+00:00,2026-04-13 14:00:00+00:00
TESTER-001,SRGridStrategyUser-000,BTC/USDT.SIM,SIM-1-2465,BTC/USDT.SIM-SRGridStrategyUser-000,SIM-001,T-5b36e90432e315ce-278996,LIMIT,BUY,0.067388,74196.64,GTC,,0.067388,MAKER,74196.64,0.0,['1.00000000 USDT'],FILLED,False,False,False,,NO_TRIGGER,,NO_CONTINGENCY,,,,,,,,3adb8721-eecf-4dee-a24b-e8ac4eb6f95b,2026-04-14 05:20:00+00:00,2026-04-14 05:55:00+00:00
TESTER-001,SRGridStrategyUser-000,BTC/USDT.SIM,SIM-1-2466,BTC/USDT.SIM-SRGridStrategyUser-000,SIM-001,T-c4292aadf5918c76-279602,LIMIT,BUY,0.067530,74041.46,GTC,,0.067530,MAKER,74041.45999999999,0.0,['1.00000000 USDT'],FILLED,False,False,False,,NO_TRIGGER,,NO_CONTINGENCY,,,,,,,,fc83a55a-c35a-4da5-a27c-f40475e02498,2026-04-14 05:20:00+00:00,2026-04-14 18:45:00+00:00
TESTER-001,SRGridStrategyUser-000,BTC/USDT.SIM,SIM-1-2467,BTC/USDT.SIM-SRGridStrategyUser-000,SIM-001,T-d8329bb50b930d4e-279042,LIMIT,SELL,0.067108,74507.00,GTC,,0.067108,MAKER,74507.0,0.0,['1.00000000 USDT'],FILLED,False,False,False,,NO_TRIGGER,,NO_CONTINGENCY,,,,,,,,c67471a4-30d0-4719-8a75-430cb3f0ebeb,2026-04-14 05:20:00+00:00,2026-04-14 06:55:00+00:00
TESTER-001,SRGridStrategyUser-000,BTC/USDT.SIM,SIM-1-2468,BTC/USDT.SIM-SRGridStrategyUser-000,SIM-001,T-49f25f2871121e72-279052,LIMIT,SELL,0.066968,74662.18,GTC,,0.066968,MAKER,74662.18,0.0,['1.00000000 USDT'],FILLED,False,False,False,,NO_TRIGGER,,NO_CONTINGENCY,,,,,,,,108344cc-194b-4019-8c9a-0931a1edb2fb,2026-04-14 05:20:00+00:00,2026-04-14 07:05:00+00:00
TESTER-001,SRGridStrategyUser-000,BTC/USDT.SIM,SIM-1-2469,BTC/USDT.SIM-SRGridStrategyUser-000,SIM-001,T-d8329bb50b930d4e-279043,LIMIT,SELL,0.067108,74507.00,GTC,,0.067108,MAKER,74507.0,0.0,['1.00000000 USDT'],FILLED,False,False,False,,NO_TRIGGER,,NO_CONTINGENCY,,,,,,,,45419405-b0f2-43d5-aad7-2ca3391b913d,2026-04-14 05:55:00+00:00,2026-04-14 06:55:00+00:00
TESTER-001,SRGridStrategyUser-000,BTC/USDT.SIM,SIM-1-2470,BTC/USDT.SIM-SRGridStrategyUser-000,SIM-001,T-49f25f2871121e72-279053,LIMIT,SELL,0.066968,74662.18,GTC,,0.066968,MAKER,74662.18,0.0,['1.00000000 USDT'],FILLED,False,False,False,,NO_TRIGGER,,NO_CONTINGENCY,,,,,,,,c33a3764-5ded-42d4-8795-43be923d6ec5,2026-04-14 05:55:00+00:00,2026-04-14 07:05:00+00:00
TESTER-001,SRGridStrategyUser-000,BTC/USDT.SIM,SIM-1-2471,BTC/USDT.SIM-SRGridStrategyUser-000,SIM-001,T-c4292aadf5918c76-279603,LIMIT,BUY,0.067530,74041.46,GTC,,0.067530,MAKER,74041.45999999999,0.0,['1.00000000 USDT'],FILLED,False,False,False,,NO_TRIGGER,,NO_CONTINGENCY,,,,,,,,044e9b89-9c8c-4332-9b5c-180fb3c8cc55,2026-04-14 06:55:00+00:00,2026-04-14 18:45:00+00:00
TESTER-001,SRGridStrategyUser-000,BTC/USDT.SIM,SIM-1-2472,BTC/USDT.SIM-SRGridStrategyUser-000,SIM-001,T-c4292aadf5918c76-279604,LIMIT,BUY,0.067530,74041.46,GTC,,0.067530,MAKER,74041.45999999999,0.0,['1.00000000 USDT'],FILLED,False,False,False,,NO_TRIGGER,,NO_CONTINGENCY,,,,,,,,07b75f63-ef9b-46dd-abd1-d4052fc4c754,2026-04-14 07:05:00+00:00,2026-04-14 18:45:00+00:00
TESTER-001,SRGridStrategyUser-000,BTC/USDT.SIM,SIM-1-2473,BTC/USDT.SIM-SRGridStrategyUser-000,SIM-001,T-7318b73463c1618d-280191,LIMIT,BUY,0.067775,73773.99,GTC,,0.067775,MAKER,73773.99,0.0,['1.00000000 USDT'],FILLED,False,False,False,,NO_TRIGGER,,NO_CONTINGENCY,,,,,,,,4c486392-a605-4db4-9e74-e61be46a5cb6,2026-04-14 21:20:00+00:00,2026-04-15 07:15:00+00:00
TESTER-001,SRGridStrategyUser-000,BTC/USDT.SIM,SIM-1-2475,BTC/USDT.SIM-SRGridStrategyUser-000,SIM-001,T-51d19133dac5ad94-279764,LIMIT,SELL,0.067262,74336.01,GTC,,0.067262,MAKER,74336.01,0.0,['1.00000000 USDT'],FILLED,False,False,False,,NO_TRIGGER,,NO_CONTINGENCY,,,,,,,,9b4de6b5-2d9a-4339-9208-cad8fa6849cd,2026-04-14 21:20:00+00:00,2026-04-14 22:10:00+00:00
TESTER-001,SRGridStrategyUser-000,BTC/USDT.SIM,SIM-1-2476,BTC/USDT.SIM-SRGridStrategyUser-000,SIM-001,T-3dc159d4ca37287c-279854,LIMIT,SELL,0.067009,74617.02,GTC,,0.067009,MAKER,74617.02,0.0,['1.00000000 USDT'],FILLED,False,False,False,,NO_TRIGGER,,NO_CONTINGENCY,,,,,,,,c4cfe354-b4e1-4340-9e0c-c6e8fe2f7bb1,2026-04-14 21:20:00+00:00,2026-04-15 00:05:00+00:00
TESTER-001,SRGridStrategyUser-000,BTC/USDT.SIM,SIM-1-2477,BTC/USDT.SIM-SRGridStrategyUser-000,SIM-001,T-7318b73463c1618d-280192,LIMIT,BUY,0.067775,73773.99,GTC,,0.067775,MAKER,73773.99,0.0,['1.00000000 USDT'],FILLED,False,False,False,,NO_TRIGGER,,NO_CONTINGENCY,,,,,,,,2fafe5af-d4a5-45a0-80d2-53040efadf83,2026-04-14 22:10:00+00:00,2026-04-15 07:15:00+00:00
TESTER-001,SRGridStrategyUser-000,BTC/USDT.SIM,SIM-1-2479,BTC/USDT.SIM-SRGridStrategyUser-000,SIM-001,T-7318b73463c1618d-280193,LIMIT,BUY,0.067775,73773.99,GTC,,0.067775,MAKER,73773.99,0.0,['1.00000000 USDT'],FILLED,False,False,False,,NO_TRIGGER,,NO_CONTINGENCY,,,,,,,,96192b41-d3cd-4f09-a957-45b4136f3204,2026-04-15 00:05:00+00:00,2026-04-15 07:15:00+00:00
TESTER-001,SRGridStrategyUser-000,BTC/USDT.SIM,SIM-1-2481,BTC/USDT.SIM-SRGridStrategyUser-000,SIM-001,T-c151bb2dde636e44-280487,LIMIT,BUY,0.067532,74038.55,GTC,,0.067532,MAKER,74038.55,0.0,['1.00000000 USDT'],FILLED,False,False,False,,NO_TRIGGER,,NO_CONTINGENCY,,,,,,,,6326b560-5155-488f-9d38-44ce98f0faa2,2026-04-15 13:20:00+00:00,2026-04-15 13:35:00+00:00
TESTER-001,SRGridStrategyUser-000,BTC/USDT.SIM,SIM-1-2482,BTC/USDT.SIM-SRGridStrategyUser-000,SIM-001,T-fa1ebc230a4dc690-280579,LIMIT,BUY,0.067748,73803.26,GTC,,0.067748,MAKER,73803.26000000001,0.0,['1.00000000 USDT'],FILLED,False,False,False,,NO_TRIGGER,,NO_CONTINGENCY,,,,,,,,13767e60-115b-485b-9da8-5323a8224731,2026-04-15 13:20:00+00:00,2026-04-15 15:30:00+00:00
TESTER-001,SRGridStrategyUser-000,BTC/USDT.SIM,SIM-1-2483,BTC/USDT.SIM-SRGridStrategyUser-000,SIM-001,T-1286cda8a36db981-280747,LIMIT,SELL,0.067106,74509.13,GTC,,0.067106,MAKER,74509.13,0.0,['1.00000000 USDT'],FILLED,False,False,False,,NO_TRIGGER,,NO_CONTINGENCY,,,,,,,,2fade27b-a078-476a-a8d4-56e39a42acb6,2026-04-15 13:20:00+00:00,2026-04-15 19:00:00+00:00
TESTER-001,SRGridStrategyUser-000,BTC/USDT.SIM,SIM-1-2484,BTC/USDT.SIM-SRGridStrategyUser-000,SIM-001,T-f7bedecdb4f89672-280774,LIMIT,SELL,0.066895,74744.42,GTC,,0.066895,MAKER,74744.42,0.0,['1.00000000 USDT'],FILLED,False,False,False,,NO_TRIGGER,,NO_CONTINGENCY,,,,,,,,c8fa3d61-fd84-4a2d-9d4d-ec3d2104261c,2026-04-15 13:20:00+00:00,2026-04-15 19:30:00+00:00
TESTER-001,SRGridStrategyUser-000,BTC/USDT.SIM,SIM-1-2485,BTC/USDT.SIM-SRGridStrategyUser-000,SIM-001,T-1286cda8a36db981-280748,LIMIT,SELL,0.067106,74509.13,GTC,,0.067106,MAKER,74509.13,0.0,['1.00000000 USDT'],FILLED,False,False,False,,NO_TRIGGER,,NO_CONTINGENCY,,,,,,,,f228f7ec-4973-4b23-b22c-77003b798622,2026-04-15 13:35:00+00:00,2026-04-15 19:00:00+00:00
TESTER-001,SRGridStrategyUser-000,BTC/USDT.SIM,SIM-1-2486,BTC/USDT.SIM-SRGridStrategyUser-000,SIM-001,T-f7bedecdb4f89672-280775,LIMIT,SELL,0.066895,74744.42,GTC,,0.066895,MAKER,74744.42,0.0,['1.00000000 USDT'],FILLED,False,False,False,,NO_TRIGGER,,NO_CONTINGENCY,,,,,,,,4621f095-184e-4580-a02b-ba8a8a783c3d,2026-04-15 13:35:00+00:00,2026-04-15 19:30:00+00:00
TESTER-001,SRGridStrategyUser-000,BTC/USDT.SIM,SIM-1-2487,BTC/USDT.SIM-SRGridStrategyUser-000,SIM-001,T-1286cda8a36db981-280749,LIMIT,SELL,0.067106,74509.13,GTC,,0.067106,MAKER,74509.13,0.0,['1.00000000 USDT'],FILLED,False,False,False,,NO_TRIGGER,,NO_CONTINGENCY,,,,,,,,e1be504a-3fb6-477c-ae0f-8d2ed559e112,2026-04-15 15:30:00+00:00,2026-04-15 19:00:00+00:00
TESTER-001,SRGridStrategyUser-000,BTC/USDT.SIM,SIM-1-2488,BTC/USDT.SIM-SRGridStrategyUser-000,SIM-001,T-f7bedecdb4f89672-280776,LIMIT,SELL,0.066895,74744.42,GTC,,0.066895,MAKER,74744.42,0.0,['1.00000000 USDT'],FILLED,False,False,False,,NO_TRIGGER,,NO_CONTINGENCY,,,,,,,,639a76c4-3010-429f-8911-9bccf44a28a9,2026-04-15 15:30:00+00:00,2026-04-15 19:30:00+00:00
TESTER-001,SRGridStrategyUser-000,BTC/USDT.SIM,SIM-1-2489,BTC/USDT.SIM-SRGridStrategyUser-000,SIM-001,T-4c800d08e3fa49c3-281350,LIMIT,BUY,0.066869,74773.37,GTC,,0.066869,MAKER,74773.37,0.0,['1.00000000 USDT'],FILLED,False,False,False,,NO_TRIGGER,,NO_CONTINGENCY,,,,,,,,c2337f2c-7d2b-4dbf-baa1-10c03e0f0e78,2026-04-16 05:20:00+00:00,2026-04-16 07:45:00+00:00
TESTER-001,SRGridStrategyUser-000,BTC/USDT.SIM,SIM-1-2490,BTC/USDT.SIM-SRGridStrategyUser-000,SIM-001,T-e48135ccb37a885e-281371,LIMIT,BUY,0.067113,74500.95,GTC,,0.067113,MAKER,74500.95,0.0,['1.00000000 USDT'],FILLED,False,False,False,,NO_TRIGGER,,NO_CONTINGENCY,,,,,,,,4a96ed6e-92e8-4a6a-8c5f-25181ec6ab0e,2026-04-16 05:20:00+00:00,2026-04-16 08:10:00+00:00
TESTER-001,SRGridStrategyUser-000,BTC/USDT.SIM,SIM-1-2491,BTC/USDT.SIM-SRGridStrategyUser-000,SIM-001,T-8ddf2517ea0bd830-282232,LIMIT,BUY,0.067061,74559.21,GTC,,0.067061,MAKER,74559.20999999999,0.0,['1.00000000 USDT'],FILLED,False,False,False,,NO_TRIGGER,,NO_CONTINGENCY,,,,,,,,9b9932cc-7804-463f-8e47-3f1880be1fd1,2026-04-16 21:20:00+00:00,2026-04-17 02:30:00+00:00
TESTER-001,SRGridStrategyUser-000,BTC/USDT.SIM,SIM-1-2493,BTC/USDT.SIM-SRGridStrategyUser-000,SIM-001,T-b78cae3fa3f7409e-282508,LIMIT,SELL,0.066492,75196.79,GTC,,0.066492,MAKER,75196.79000000001,0.0,['1.00000000 USDT'],FILLED,False,False,False,,NO_TRIGGER,,NO_CONTINGENCY,,,,,,,,b22dce9f-bde2-4b28-a9b7-f023f856bb21,2026-04-16 21:20:00+00:00,2026-04-17 08:30:00+00:00
TESTER-001,SRGridStrategyUser-000,BTC/USDT.SIM,SIM-1-2494,BTC/USDT.SIM-SRGridStrategyUser-000,SIM-001,T-fe7ef230c492b1bf-282522,LIMIT,SELL,0.050458,75515.58,GTC,,0.050458,MAKER,75515.58,0.0,['0.76000000 USDT'],FILLED,False,False,False,,NO_TRIGGER,,NO_CONTINGENCY,,,,,,,,e849cfa0-8a64-456a-98ad-cafad5be7673,2026-04-16 21:20:00+00:00,2026-04-17 08:45:00+00:00
TESTER-001,SRGridStrategyUser-000,BTC/USDT.SIM,SIM-1-2495,BTC/USDT.SIM-SRGridStrategyUser-000,SIM-001,T-b78cae3fa3f7409e-282509,LIMIT,SELL,0.066492,75196.79,GTC,,0.066492,MAKER,75196.79000000001,0.0,['1.00000000 USDT'],FILLED,False,False,False,,NO_TRIGGER,,NO_CONTINGENCY,,,,,,,,2acd5ed9-95a2-42f0-b38f-636d21fd802d,2026-04-17 02:30:00+00:00,2026-04-17 08:30:00+00:00
TESTER-001,SRGridStrategyUser-000,BTC/USDT.SIM,SIM-1-2496,BTC/USDT.SIM-SRGridStrategyUser-000,SIM-001,T-fe7ef230c492b1bf-282523,LIMIT,SELL,0.060522,75515.58,GTC,,0.060522,MAKER,75515.58,0.0,['0.91000000 USDT'],FILLED,False,False,False,,NO_TRIGGER,,NO_CONTINGENCY,,,,,,,,49057b9e-a498-47df-b02f-f23a60caa028,2026-04-17 02:30:00+00:00,2026-04-17 08:45:00+00:00
TESTER-001,SRGridStrategyUser-000,BTC/USDT.SIM,SIM-1-2499,BTC/USDT.SIM-SRGridStrategyUser-000,SIM-001,T-e5e9e7a2a99db585-282751,LIMIT,BUY,0.065599,76220.97,GTC,,0.065599,MAKER,76220.97,0.0,['1.00000000 USDT'],FILLED,False,False,False,,NO_TRIGGER,,NO_CONTINGENCY,,,,,,,,8b50e0f5-0363-44b4-8a41-a3d2dffb7e6e,2026-04-17 13:20:00+00:00,2026-04-17 13:30:00+00:00
TESTER-001,SRGridStrategyUser-000,BTC/USDT.SIM,SIM-1-2501,BTC/USDT.SIM-SRGridStrategyUser-000,SIM-001,T-0391fda664896fbc-283593,LIMIT,BUY,0.064929,77006.63,GTC,,0.064929,MAKER,77006.63,0.0,['1.00000000 USDT'],FILLED,False,False,False,,NO_TRIGGER,,NO_CONTINGENCY,,,,,,,,3d1e0dba-12a9-4460-b06b-73e63223b932,2026-04-18 05:20:00+00:00,2026-04-18 07:40:00+00:00
TESTER-001,SRGridStrategyUser-000,BTC/USDT.SIM,SIM-1-2502,BTC/USDT.SIM-SRGridStrategyUser-000,SIM-001,T-4247a01d552b6bcd-283618,LIMIT,BUY,0.065086,76820.87,GTC,,0.065086,MAKER,76820.87,0.0,['1.00000000 USDT'],FILLED,False,False,False,,NO_TRIGGER,,NO_CONTINGENCY,,,,,,,,20e05678-1ae5-46a9-b482-57dac2e90263,2026-04-18 05:20:00+00:00,2026-04-18 08:10:00+00:00
TESTER-001,SRGridStrategyUser-000,BTC/USDT.SIM,SIM-1-2503,BTC/USDT.SIM-SRGridStrategyUser-000,SIM-001,T-073db610c4bde233-284411,LIMIT,BUY,0.066247,75474.84,GTC,,0.066247,MAKER,75474.84000000001,0.0,['1.00000000 USDT'],FILLED,False,False,False,,NO_TRIGGER,,NO_CONTINGENCY,,,,,,,,8b903d9a-1f0c-4692-905f-d6f065aa05a9,2026-04-18 21:20:00+00:00,2026-04-19 01:30:00+00:00
TESTER-001,SRGridStrategyUser-000,BTC/USDT.SIM,SIM-1-2504,BTC/USDT.SIM-SRGridStrategyUser-000,SIM-001,T-a41b24b3ce49cf9e-284631,LIMIT,BUY,0.056354,75301.25,GTC,,0.056354,MAKER,75301.25,0.0,['0.85000000 USDT'],FILLED,False,False,False,,NO_TRIGGER,,NO_CONTINGENCY,,,,,,,,4499e3cd-238b-4dd5-99c6-73261d39be1d,2026-04-18 21:20:00+00:00,2026-04-19 06:15:00+00:00
TESTER-001,SRGridStrategyUser-000,BTC/USDT.SIM,SIM-1-2505,BTC/USDT.SIM-SRGridStrategyUser-000,SIM-001,T-9eb826f4ddb6dcbc-284287,LIMIT,SELL,0.065944,75822.02,GTC,,0.065944,MAKER,75822.01999999999,0.0,['1.00000000 USDT'],FILLED,False,False,False,,NO_TRIGGER,,NO_CONTINGENCY,,,,,,,,701a944a-9fc7-409c-a19a-ea30f7e56267,2026-04-18 21:20:00+00:00,2026-04-18 22:45:00+00:00
TESTER-001,SRGridStrategyUser-000,BTC/USDT.SIM,SIM-1-2506,BTC/USDT.SIM-SRGridStrategyUser-000,SIM-001,T-a0c5971f5559bac3-284960,LIMIT,SELL,0.065793,75995.61,GTC,,0.065793,MAKER,75995.61,0.0,['1.00000000 USDT'],FILLED,False,False,False,,NO_TRIGGER,,NO_CONTINGENCY,,,,,,,,34f97ade-9492-40db-a137-a521e408b3ff,2026-04-18 21:20:00+00:00,2026-04-19 13:15:00+00:00
TESTER-001,SRGridStrategyUser-000,BTC/USDT.SIM,SIM-1-2507,BTC/USDT.SIM-SRGridStrategyUser-000,SIM-001,T-073db610c4bde233-284412,LIMIT,BUY,0.066247,75474.84,GTC,,0.066247,MAKER,75474.84000000001,0.0,['1.00000000 USDT'],FILLED,False,False,False,,NO_TRIGGER,,NO_CONTINGENCY,,,,,,,,7c0f99c7-5b09-4134-bff4-f953056d63e4,2026-04-18 22:45:00+00:00,2026-04-19 01:30:00+00:00
TESTER-001,SRGridStrategyUser-000,BTC/USDT.SIM,SIM-1-2508,BTC/USDT.SIM-SRGridStrategyUser-000,SIM-001,T-a41b24b3ce49cf9e-284632,LIMIT,BUY,0.066400,75301.25,GTC,,0.066400,MAKER,75301.25,0.0,['1.00000000 USDT'],FILLED,False,False,False,,NO_TRIGGER,,NO_CONTINGENCY,,,,,,,,ffee3478-f4e2-461c-b8cb-8a88f6ea34da,2026-04-18 22:45:00+00:00,2026-04-19 06:15:00+00:00
TESTER-001,SRGridStrategyUser-000,BTC/USDT.SIM,SIM-1-2509,BTC/USDT.SIM-SRGridStrategyUser-000,SIM-001,T-a0c5971f5559bac3-284961,LIMIT,SELL,0.065793,75995.61,GTC,,0.065793,MAKER,75995.61,0.0,['1.00000000 USDT'],FILLED,False,False,False,,NO_TRIGGER,,NO_CONTINGENCY,,,,,,,,cfc941a1-9e39-4b50-8f10-cc5625d23703,2026-04-19 01:30:00+00:00,2026-04-19 13:15:00+00:00
TESTER-001,SRGridStrategyUser-000,BTC/USDT.SIM,SIM-1-2510,BTC/USDT.SIM-SRGridStrategyUser-000,SIM-001,T-a0c5971f5559bac3-284962,LIMIT,SELL,0.065793,75995.61,GTC,,0.065793,MAKER,75995.61,0.0,['1.00000000 USDT'],FILLED,False,False,False,,NO_TRIGGER,,NO_CONTINGENCY,,,,,,,,e065474e-616d-4d57-b5e3-cede83da1208,2026-04-19 06:15:00+00:00,2026-04-19 13:15:00+00:00
TESTER-001,SRGridStrategyUser-000,BTC/USDT.SIM,SIM-1-2511,BTC/USDT.SIM-SRGridStrategyUser-000,SIM-001,T-68f3dd30d8398399-285003,LIMIT,BUY,0.066014,75741.87,GTC,,0.066014,MAKER,75741.87,0.0,['1.00000000 USDT'],FILLED,False,False,False,,NO_TRIGGER,,NO_CONTINGENCY,,,,,,,,4d33256b-4037-474d-9a49-a7c23491c63c,2026-04-19 13:20:00+00:00,2026-04-19 14:05:00+00:00
TESTER-001,SRGridStrategyUser-000,BTC/USDT.SIM,SIM-1-2512,BTC/USDT.SIM-SRGridStrategyUser-000,SIM-001,T-229f17942af0a6d6-285075,LIMIT,BUY,0.066280,75437.90,GTC,,0.066280,MAKER,75437.90000000001,0.0,['1.00000000 USDT'],FILLED,False,False,False,,NO_TRIGGER,,NO_CONTINGENCY,,,,,,,,d23e263e-0160-4313-b4f3-56a926b3cd3c,2026-04-19 13:20:00+00:00,2026-04-19 15:35:00+00:00
TESTER-001,SRGridStrategyUser-000,BTC/USDT.SIM,SIM-1-2521,BTC/USDT.SIM-SRGridStrategyUser-000,SIM-001,T-614fb9203163bc3b-285739,LIMIT,SELL,0.067260,74337.86,GTC,,0.067260,MAKER,74337.86,0.0,['1.00000000 USDT'],FILLED,False,False,False,,NO_TRIGGER,,NO_CONTINGENCY,,,,,,,,3ac4cfc9-d8e3-4b11-8ac8-392ebbd0bae2,2026-04-20 05:20:00+00:00,2026-04-20 06:00:00+00:00
TESTER-001,SRGridStrategyUser-000,BTC/USDT.SIM,SIM-1-2522,BTC/USDT.SIM-SRGridStrategyUser-000,SIM-001,T-8a097cfe9d7fb21b-285768,LIMIT,SELL,0.067091,74525.72,GTC,,0.067091,MAKER,74525.72,0.0,['1.00000000 USDT'],FILLED,False,False,False,,NO_TRIGGER,,NO_CONTINGENCY,,,,,,,,ebae0b43-e687-4bdf-9027-54f70d100e23,2026-04-20 05:20:00+00:00,2026-04-20 06:35:00+00:00
TESTER-001,SRGridStrategyUser-000,BTC/USDT.SIM,SIM-1-2527,BTC/USDT.SIM-SRGridStrategyUser-000,SIM-001,T-5fa3b99a6537a845-286553,LIMIT,BUY,0.066063,75685.84,GTC,,0.066063,MAKER,75685.84,0.0,['1.00000000 USDT'],FILLED,False,False,False,,NO_TRIGGER,,NO_CONTINGENCY,,,,,,,,3ed279c5-725c-493d-9a02-1d5930ecab2d,2026-04-20 21:20:00+00:00,2026-04-20 23:15:00+00:00
TESTER-001,SRGridStrategyUser-000,BTC/USDT.SIM,SIM-1-2529,BTC/USDT.SIM-SRGridStrategyUser-000,SIM-001,T-e5f9f0b21b2f2e8b-286638,LIMIT,SELL,0.065577,76246.36,GTC,,0.065577,MAKER,76246.36,0.0,['1.00000000 USDT'],FILLED,False,False,False,,NO_TRIGGER,,NO_CONTINGENCY,,,,,,,,bbbb570b-4b0c-4a86-95bf-c39d88cf1216,2026-04-20 21:20:00+00:00,2026-04-21 01:05:00+00:00
TESTER-001,SRGridStrategyUser-000,BTC/USDT.SIM,SIM-1-2530,BTC/USDT.SIM-SRGridStrategyUser-000,SIM-001,T-9b6605b3005b44f6-287000,LIMIT,SELL,0.054799,76526.62,GTC,,0.054799,MAKER,76526.62000000001,0.0,['0.84000000 USDT'],FILLED,False,False,False,,NO_TRIGGER,,NO_CONTINGENCY,,,,,,,,af740608-eecd-42a3-910e-b99b29999cdc,2026-04-20 21:20:00+00:00,2026-04-21 08:45:00+00:00
TESTER-001,SRGridStrategyUser-000,BTC/USDT.SIM,SIM-1-2531,BTC/USDT.SIM-SRGridStrategyUser-000,SIM-001,T-e5f9f0b21b2f2e8b-286639,LIMIT,SELL,0.065577,76246.36,GTC,,0.065577,MAKER,76246.36,0.0,['1.00000000 USDT'],FILLED,False,False,False,,NO_TRIGGER,,NO_CONTINGENCY,,,,,,,,48b4780a-563f-423a-bd95-826dc036908e,2026-04-20 23:15:00+00:00,2026-04-21 01:05:00+00:00
TESTER-001,SRGridStrategyUser-000,BTC/USDT.SIM,SIM-1-2532,BTC/USDT.SIM-SRGridStrategyUser-000,SIM-001,T-9b6605b3005b44f6-287001,LIMIT,SELL,0.065337,76526.62,GTC,,0.065337,MAKER,76526.62000000001,0.0,['1.00000000 USDT'],FILLED,False,False,False,,NO_TRIGGER,,NO_CONTINGENCY,,,,,,,,623498c1-2afd-402b-983d-595e622b1327,2026-04-20 23:15:00+00:00,2026-04-21 08:45:00+00:00
TESTER-001,SRGridStrategyUser-000,BTC/USDT.SIM,SIM-1-2535,BTC/USDT.SIM-SRGridStrategyUser-000,SIM-001,T-6910125e808e6dd9-287287,LIMIT,BUY,0.066100,75643.27,GTC,,0.066100,MAKER,75643.27,0.0,['1.00000000 USDT'],FILLED,False,False,False,,NO_TRIGGER,,NO_CONTINGENCY,,,,,,,,e48e7389-448a-480a-a459-164f267e5689,2026-04-21 13:20:00+00:00,2026-04-21 14:55:00+00:00
TESTER-001,SRGridStrategyUser-000,BTC/USDT.SIM,SIM-1-2536,BTC/USDT.SIM-SRGridStrategyUser-000,SIM-001,T-ab38a76d149b27ce-287396,LIMIT,BUY,0.066461,75232.54,GTC,,0.066461,MAKER,75232.54000000001,0.0,['1.00000000 USDT'],FILLED,False,False,False,,NO_TRIGGER,,NO_CONTINGENCY,,,,,,,,d96c156a-c272-46ee-9c01-800baf050bde,2026-04-21 13:20:00+00:00,2026-04-21 17:15:00+00:00
TESTER-001,SRGridStrategyUser-000,BTC/USDT.SIM,SIM-1-2537,BTC/USDT.SIM-SRGridStrategyUser-000,SIM-001,T-d60c1e247eccd487-288058,LIMIT,BUY,0.064244,77828.65,GTC,,0.064244,MAKER,77828.65,0.0,['1.00000000 USDT'],FILLED,False,False,False,,NO_TRIGGER,,NO_CONTINGENCY,,,,,,,,60af1cd8-f607-4a99-90e7-d5fce5f2fa27,2026-04-22 05:20:00+00:00,2026-04-22 07:20:00+00:00
TESTER-001,SRGridStrategyUser-000,BTC/USDT.SIM,SIM-1-2539,BTC/USDT.SIM-SRGridStrategyUser-000,SIM-001,T-2f2329ebfc61679b-288809,LIMIT,BUY,0.063788,78384.57,GTC,,0.063788,MAKER,78384.56999999999,0.0,['1.00000000 USDT'],FILLED,False,False,False,,NO_TRIGGER,,NO_CONTINGENCY,,,,,,,,e77e6584-fbf5-43e8-99c1-624fd43ed25f,2026-04-22 21:20:00+00:00,2026-04-22 23:20:00+00:00
TESTER-001,SRGridStrategyUser-000,BTC/USDT.SIM,SIM-1-2540,BTC/USDT.SIM-SRGridStrategyUser-000,SIM-001,T-f4b4127f34f3d240-288815,LIMIT,BUY,0.063938,78200.43,GTC,,0.063938,MAKER,78200.43,0.0,['1.00000000 USDT'],FILLED,False,False,False,,NO_TRIGGER,,NO_CONTINGENCY,,,,,,,,9c6e369c-3451-4a26-94bb-b4bd43d0c8b1,2026-04-22 21:20:00+00:00,2026-04-22 23:25:00+00:00
TESTER-001,SRGridStrategyUser-000,BTC/USDT.SIM,SIM-1-2541,BTC/USDT.SIM-SRGridStrategyUser-000,SIM-001,T-cab88d9ccdb425b3-288731,LIMIT,SELL,0.063490,78752.85,GTC,,0.063490,MAKER,78752.85,0.0,['1.00000000 USDT'],FILLED,False,False,False,,NO_TRIGGER,,NO_CONTINGENCY,,,,,,,,898d956b-8519-401c-97b5-9fe87dd5569a,2026-04-22 21:20:00+00:00,2026-04-22 21:40:00+00:00
TESTER-001,SRGridStrategyUser-000,BTC/USDT.SIM,SIM-1-2543,BTC/USDT.SIM-SRGridStrategyUser-000,SIM-001,T-2f2329ebfc61679b-288810,LIMIT,BUY,0.063788,78384.57,GTC,,0.063788,MAKER,78384.56999999999,0.0,['1.00000000 USDT'],FILLED,False,False,False,,NO_TRIGGER,,NO_CONTINGENCY,,,,,,,,f01a40b3-315d-424e-92e7-570f2b04ad1c,2026-04-22 21:40:00+00:00,2026-04-22 23:20:00+00:00
TESTER-001,SRGridStrategyUser-000,BTC/USDT.SIM,SIM-1-2544,BTC/USDT.SIM-SRGridStrategyUser-000,SIM-001,T-f4b4127f34f3d240-288816,LIMIT,BUY,0.063938,78200.43,GTC,,0.063938,MAKER,78200.43,0.0,['1.00000000 USDT'],FILLED,False,False,False,,NO_TRIGGER,,NO_CONTINGENCY,,,,,,,,29da0d83-c7c7-482e-8d9e-c6bb227d39db,2026-04-22 21:40:00+00:00,2026-04-22 23:25:00+00:00
TESTER-001,SRGridStrategyUser-000,BTC/USDT.SIM,SIM-1-2547,BTC/USDT.SIM-SRGridStrategyUser-000,SIM-001,T-182392187dc8f204-289674,LIMIT,BUY,0.064617,77379.02,GTC,,0.064617,MAKER,77379.02,0.0,['1.00000000 USDT'],FILLED,False,False,False,,NO_TRIGGER,,NO_CONTINGENCY,,,,,,,,138048da-cf7d-449a-ba91-a1174b331a92,2026-04-23 13:20:00+00:00,2026-04-23 17:35:00+00:00
TESTER-001,SRGridStrategyUser-000,BTC/USDT.SIM,SIM-1-2548,BTC/USDT.SIM-SRGridStrategyUser-000,SIM-001,T-b98419837f6144e9-289681,LIMIT,BUY,0.037824,77075.51,GTC,,0.037824,MAKER,77075.51,0.0,['0.58000000 USDT'],FILLED,False,False,False,,NO_TRIGGER,,NO_CONTINGENCY,,,,,,,,28622b90-0134-4e4f-8248-dc945b8d558a,2026-04-23 13:20:00+00:00,2026-04-23 17:40:00+00:00
TESTER-001,SRGridStrategyUser-000,BTC/USDT.SIM,SIM-1-2549,BTC/USDT.SIM-SRGridStrategyUser-000,SIM-001,T-952d4dff91b93239-289537,LIMIT,SELL,0.064114,77986.02,GTC,,0.064114,MAKER,77986.01999999999,0.0,['1.00000000 USDT'],FILLED,False,False,False,,NO_TRIGGER,,NO_CONTINGENCY,,,,,,,,160836da-2002-4ae1-80c9-0a0911b1b67f,2026-04-23 13:20:00+00:00,2026-04-23 14:45:00+00:00
TESTER-001,SRGridStrategyUser-000,BTC/USDT.SIM,SIM-1-2550,BTC/USDT.SIM-SRGridStrategyUser-000,SIM-001,T-1d76a3995352821c-289562,LIMIT,SELL,0.063866,78289.53,GTC,,0.063866,MAKER,78289.53,0.0,['1.00000000 USDT'],FILLED,False,False,False,,NO_TRIGGER,,NO_CONTINGENCY,,,,,,,,145290d1-bd07-4b99-af3f-571a7855694b,2026-04-23 13:20:00+00:00,2026-04-23 15:15:00+00:00
TESTER-001,SRGridStrategyUser-000,BTC/USDT.SIM,SIM-1-2551,BTC/USDT.SIM-SRGridStrategyUser-000,SIM-001,T-182392187dc8f204-289675,LIMIT,BUY,0.064617,77379.02,GTC,,0.064617,MAKER,77379.02,0.0,['1.00000000 USDT'],FILLED,False,False,False,,NO_TRIGGER,,NO_CONTINGENCY,,,,,,,,c20293f6-85b6-4a2a-bd9b-09d254d6a876,2026-04-23 14:45:00+00:00,2026-04-23 17:35:00+00:00
TESTER-001,SRGridStrategyUser-000,BTC/USDT.SIM,SIM-1-2552,BTC/USDT.SIM-SRGridStrategyUser-000,SIM-001,T-b98419837f6144e9-289682,LIMIT,BUY,0.050331,77075.51,GTC,,0.050331,MAKER,77075.51,0.0,['0.78000000 USDT'],FILLED,False,False,False,,NO_TRIGGER,,NO_CONTINGENCY,,,,,,,,58ef3dbd-f08e-487a-a552-238318768c6d,2026-04-23 14:45:00+00:00,2026-04-23 17:40:00+00:00
TESTER-001,SRGridStrategyUser-000,BTC/USDT.SIM,SIM-1-2553,BTC/USDT.SIM-SRGridStrategyUser-000,SIM-001,T-182392187dc8f204-289676,LIMIT,BUY,0.064617,77379.02,GTC,,0.064617,MAKER,77379.02,0.0,['1.00000000 USDT'],FILLED,False,False,False,,NO_TRIGGER,,NO_CONTINGENCY,,,,,,,,c3baf74a-0919-4ab8-b5ab-0fa952f29b8c,2026-04-23 15:15:00+00:00,2026-04-23 17:35:00+00:00
TESTER-001,SRGridStrategyUser-000,BTC/USDT.SIM,SIM-1-2554,BTC/USDT.SIM-SRGridStrategyUser-000,SIM-001,T-b98419837f6144e9-289683,LIMIT,BUY,0.062900,77075.51,GTC,,0.062900,MAKER,77075.51,0.0,['0.97000000 USDT'],FILLED,False,False,False,,NO_TRIGGER,,NO_CONTINGENCY,,,,,,,,83bd4bab-e8f7-4518-9db8-ad9c4f20f79e,2026-04-23 15:15:00+00:00,2026-04-23 17:40:00+00:00
TESTER-001,SRGridStrategyUser-000,BTC/USDT.SIM,SIM-1-2557,BTC/USDT.SIM-SRGridStrategyUser-000,SIM-001,T-15d826c073d388d9-290247,LIMIT,SELL,0.064255,77815.29,GTC,,0.064255,MAKER,77815.29,0.0,['1.00000000 USDT'],FILLED,False,False,False,,NO_TRIGGER,,NO_CONTINGENCY,,,,,,,,7be3436f-86ac-44ad-8bed-84ae17b8b913,2026-04-24 05:20:00+00:00,2026-04-24 05:50:00+00:00
TESTER-001,SRGridStrategyUser-000,BTC/USDT.SIM,SIM-1-2558,BTC/USDT.SIM-SRGridStrategyUser-000,SIM-001,T-3125953336bf82db-290494,LIMIT,SELL,0.064055,78057.89,GTC,,0.064055,MAKER,78057.89,0.0,['1.00000000 USDT'],FILLED,False,False,False,,NO_TRIGGER,,NO_CONTINGENCY,,,,,,,,b45e7157-49b0-4534-a76c-0ce44da30d52,2026-04-24 05:20:00+00:00,2026-04-24 11:05:00+00:00
TESTER-001,SRGridStrategyUser-000,BTC/USDT.SIM,SIM-1-2563,BTC/USDT.SIM-SRGridStrategyUser-000,SIM-001,T-91e68159591324f0-291025,LIMIT,BUY,0.064549,77460.56,GTC,,0.064549,MAKER,77460.56,0.0,['1.00000000 USDT'],FILLED,False,False,False,,NO_TRIGGER,,NO_CONTINGENCY,,,,,,,,b67ae266-0af3-4023-a459-6dae02788863,2026-04-24 21:20:00+00:00,2026-04-24 22:35:00+00:00
TESTER-001,SRGridStrategyUser-000,BTC/USDT.SIM,SIM-1-2564,BTC/USDT.SIM-SRGridStrategyUser-000,SIM-001,T-52735dff1f5b05b5-291030,LIMIT,BUY,0.064694,77286.65,GTC,,0.064694,MAKER,77286.65,0.0,['1.00000000 USDT'],FILLED,False,False,False,,NO_TRIGGER,,NO_CONTINGENCY,,,,,,,,676f15a7-83c5-4507-b0cd-ebd42342bdfb,2026-04-24 21:20:00+00:00,2026-04-24 22:40:00+00:00
TESTER-001,SRGridStrategyUser-000,BTC/USDT.SIM,SIM-1-2565,BTC/USDT.SIM-SRGridStrategyUser-000,SIM-001,T-1daf736f533f9749-291559,LIMIT,SELL,0.064260,77808.38,GTC,,0.064260,MAKER,77808.38,0.0,['1.00000000 USDT'],FILLED,False,False,False,,NO_TRIGGER,,NO_CONTINGENCY,,,,,,,,cfd8b1d3-0cca-4a29-895e-ed097403e20f,2026-04-24 21:20:00+00:00,2026-04-25 10:20:00+00:00
TESTER-001,SRGridStrategyUser-000,BTC/USDT.SIM,SIM-1-2567,BTC/USDT.SIM-SRGridStrategyUser-000,SIM-001,T-1daf736f533f9749-291560,LIMIT,SELL,0.064260,77808.38,GTC,,0.064260,MAKER,77808.38,0.0,['1.00000000 USDT'],FILLED,False,False,False,,NO_TRIGGER,,NO_CONTINGENCY,,,,,,,,3334f050-f159-4574-bfe4-0f53a6b91783,2026-04-24 22:35:00+00:00,2026-04-25 10:20:00+00:00
TESTER-001,SRGridStrategyUser-000,BTC/USDT.SIM,SIM-1-2569,BTC/USDT.SIM-SRGridStrategyUser-000,SIM-001,T-1daf736f533f9749-291561,LIMIT,SELL,0.064260,77808.38,GTC,,0.064260,MAKER,77808.38,0.0,['1.00000000 USDT'],FILLED,False,False,False,,NO_TRIGGER,,NO_CONTINGENCY,,,,,,,,e3458a86-427f-4054-9017-325eddbf2e6e,2026-04-24 22:40:00+00:00,2026-04-25 10:20:00+00:00
TESTER-001,SRGridStrategyUser-000,BTC/USDT.SIM,SIM-1-2571,BTC/USDT.SIM-SRGridStrategyUser-000,SIM-001,T-d2abcd5cb1e13911-291799,LIMIT,BUY,0.064467,77559.61,GTC,,0.064467,MAKER,77559.61,0.0,['1.00000000 USDT'],FILLED,False,False,False,,NO_TRIGGER,,NO_CONTINGENCY,,,,,,,,434535ea-9d6d-4f06-a051-b29d420e3622,2026-04-25 13:20:00+00:00,2026-04-25 15:45:00+00:00
TESTER-001,SRGridStrategyUser-000,BTC/USDT.SIM,SIM-1-2572,BTC/USDT.SIM-SRGridStrategyUser-000,SIM-001,T-7ed3d6d25899cd20-291805,LIMIT,BUY,0.064535,77477.40,GTC,,0.064535,MAKER,77477.40000000001,0.0,['1.00000000 USDT'],FILLED,False,False,False,,NO_TRIGGER,,NO_CONTINGENCY,,,,,,,,ae5bc55a-e333-49f4-a374-01784de567f2,2026-04-25 13:20:00+00:00,2026-04-25 15:50:00+00:00
TESTER-001,SRGridStrategyUser-000,BTC/USDT.SIM,SIM-1-2573,BTC/USDT.SIM-SRGridStrategyUser-000,SIM-001,T-efb0a9b186fce840-291720,LIMIT,SELL,0.064330,77724.03,GTC,,0.064330,MAKER,77724.03,0.0,['1.00000000 USDT'],FILLED,False,False,False,,NO_TRIGGER,,NO_CONTINGENCY,,,,,,,,911730d2-d390-42ad-a5c8-e8fe481e8165,2026-04-25 13:20:00+00:00,2026-04-25 14:00:00+00:00
TESTER-001,SRGridStrategyUser-000,BTC/USDT.SIM,SIM-1-2574,BTC/USDT.SIM-SRGridStrategyUser-000,SIM-001,T-23d06ce81f9f970f-292397,LIMIT,SELL,0.064262,77806.24,GTC,,0.064262,MAKER,77806.24,0.0,['1.00000000 USDT'],FILLED,False,False,False,,NO_TRIGGER,,NO_CONTINGENCY,,,,,,,,6a5095ff-c0e7-4e9d-a6b2-e213b386ab00,2026-04-25 13:20:00+00:00,2026-04-26 04:50:00+00:00
TESTER-001,SRGridStrategyUser-000,BTC/USDT.SIM,SIM-1-2575,BTC/USDT.SIM-SRGridStrategyUser-000,SIM-001,T-d2abcd5cb1e13911-291800,LIMIT,BUY,0.064467,77559.61,GTC,,0.064467,MAKER,77559.61,0.0,['1.00000000 USDT'],FILLED,False,False,False,,NO_TRIGGER,,NO_CONTINGENCY,,,,,,,,7da016b2-12b2-4490-9393-971855b2bc4d,2026-04-25 14:00:00+00:00,2026-04-25 15:45:00+00:00
TESTER-001,SRGridStrategyUser-000,BTC/USDT.SIM,SIM-1-2576,BTC/USDT.SIM-SRGridStrategyUser-000,SIM-001,T-7ed3d6d25899cd20-291806,LIMIT,BUY,0.064535,77477.40,GTC,,0.064535,MAKER,77477.40000000001,0.0,['1.00000000 USDT'],FILLED,False,False,False,,NO_TRIGGER,,NO_CONTINGENCY,,,,,,,,b7d08155-50fa-49e0-825b-8efa13aaea28,2026-04-25 14:00:00+00:00,2026-04-25 15:50:00+00:00
TESTER-001,SRGridStrategyUser-000,BTC/USDT.SIM,SIM-1-2577,BTC/USDT.SIM-SRGridStrategyUser-000,SIM-001,T-23d06ce81f9f970f-292398,LIMIT,SELL,0.064262,77806.24,GTC,,0.064262,MAKER,77806.24,0.0,['1.00000000 USDT'],FILLED,False,False,False,,NO_TRIGGER,,NO_CONTINGENCY,,,,,,,,b500c90d-2a29-4019-b897-744028c07384,2026-04-25 15:45:00+00:00,2026-04-26 04:50:00+00:00
TESTER-001,SRGridStrategyUser-000,BTC/USDT.SIM,SIM-1-2578,BTC/USDT.SIM-SRGridStrategyUser-000,SIM-001,T-23d06ce81f9f970f-292399,LIMIT,SELL,0.064262,77806.24,GTC,,0.064262,MAKER,77806.24,0.0,['1.00000000 USDT'],FILLED,False,False,False,,NO_TRIGGER,,NO_CONTINGENCY,,,,,,,,3449a7c5-e411-47a4-9da3-797f146ac1ab,2026-04-25 15:50:00+00:00,2026-04-26 04:50:00+00:00
TESTER-001,SRGridStrategyUser-000,BTC/USDT.SIM,SIM-1-2579,BTC/USDT.SIM-SRGridStrategyUser-000,SIM-001,T-3ccbbb39d6d89355-292758,LIMIT,BUY,0.064269,77797.55,GTC,,0.064269,MAKER,77797.54999999999,0.0,['1.00000000 USDT'],FILLED,False,False,False,,NO_TRIGGER,,NO_CONTINGENCY,,,,,,,,e02a8212-95e3-4b33-a38a-109edc4960e4,2026-04-26 05:20:00+00:00,2026-04-26 12:45:00+00:00
TESTER-001,SRGridStrategyUser-000,BTC/USDT.SIM,SIM-1-2581,BTC/USDT.SIM-SRGridStrategyUser-000,SIM-001,T-fda0af100aa54d19-293018,LIMIT,SELL,0.063860,78296.85,GTC,,0.063860,MAKER,78296.85,0.0,['1.00000000 USDT'],FILLED,False,False,False,,NO_TRIGGER,,NO_CONTINGENCY,,,,,,,,711abea0-0413-4cc0-a6d0-ddf5d0c987d1,2026-04-26 05:20:00+00:00,2026-04-26 18:15:00+00:00
TESTER-001,SRGridStrategyUser-000,BTC/USDT.SIM,SIM-1-2583,BTC/USDT.SIM-SRGridStrategyUser-000,SIM-001,T-fda0af100aa54d19-293019,LIMIT,SELL,0.063860,78296.85,GTC,,0.063860,MAKER,78296.85,0.0,['1.00000000 USDT'],FILLED,False,False,False,,NO_TRIGGER,,NO_CONTINGENCY,,,,,,,,a5008f56-af52-4cad-b53c-8b2b3a08b5a3,2026-04-26 12:45:00+00:00,2026-04-26 18:15:00+00:00
TESTER-001,SRGridStrategyUser-000,BTC/USDT.SIM,SIM-1-2586,BTC/USDT.SIM-SRGridStrategyUser-000,SIM-001,T-8dab8f17a97d2235-293167,LIMIT,BUY,0.064014,78107.36,GTC,,0.064014,MAKER,78107.36,0.0,['1.00000000 USDT'],FILLED,False,False,False,,NO_TRIGGER,,NO_CONTINGENCY,,,,,,,,fb2b76aa-2e56-4e6e-9954-7e73702195b9,2026-04-26 21:20:00+00:00,2026-04-26 21:30:00+00:00
TESTER-001,SRGridStrategyUser-000,BTC/USDT.SIM,SIM-1-2587,BTC/USDT.SIM-SRGridStrategyUser-000,SIM-001,T-52310ac6b704cf88-293176,LIMIT,BUY,0.064133,77962.43,GTC,,0.064133,MAKER,77962.43,0.0,['1.00000000 USDT'],FILLED,False,False,False,,NO_TRIGGER,,NO_CONTINGENCY,,,,,,,,33803e93-1d78-43f1-8f06-373838d647ca,2026-04-26 21:20:00+00:00,2026-04-26 21:40:00+00:00
TESTER-001,SRGridStrategyUser-000,BTC/USDT.SIM,SIM-1-2588,BTC/USDT.SIM-SRGridStrategyUser-000,SIM-001,T-37dd7754b7387eca-293183,LIMIT,SELL,0.063778,78397.24,GTC,,0.063778,MAKER,78397.24,0.0,['1.00000000 USDT'],FILLED,False,False,False,,NO_TRIGGER,,NO_CONTINGENCY,,,,,,,,780b53fd-c29a-4b04-8960-49b14a594804,2026-04-26 21:20:00+00:00,2026-04-26 21:50:00+00:00
TESTER-001,SRGridStrategyUser-000,BTC/USDT.SIM,SIM-1-2589,BTC/USDT.SIM-SRGridStrategyUser-000,SIM-001,T-2f83fbef53d6acfe-293190,LIMIT,SELL,0.049266,78542.17,GTC,,0.049266,MAKER,78542.17,0.0,['0.77000000 USDT'],FILLED,False,False,False,,NO_TRIGGER,,NO_CONTINGENCY,,,,,,,,f19a1923-a5c6-4f2c-8470-2c65f2812883,2026-04-26 21:20:00+00:00,2026-04-26 21:55:00+00:00
TESTER-001,SRGridStrategyUser-000,BTC/USDT.SIM,SIM-1-2590,BTC/USDT.SIM-SRGridStrategyUser-000,SIM-001,T-37dd7754b7387eca-293184,LIMIT,SELL,0.063778,78397.24,GTC,,0.063778,MAKER,78397.24,0.0,['1.00000000 USDT'],FILLED,False,False,False,,NO_TRIGGER,,NO_CONTINGENCY,,,,,,,,b953256c-792e-4927-b9b1-fddfd551dff9,2026-04-26 21:30:00+00:00,2026-04-26 21:50:00+00:00
TESTER-001,SRGridStrategyUser-000,BTC/USDT.SIM,SIM-1-2591,BTC/USDT.SIM-SRGridStrategyUser-000,SIM-001,T-2f83fbef53d6acfe-293191,LIMIT,SELL,0.063660,78542.17,GTC,,0.063660,MAKER,78542.17,0.0,['1.00000000 USDT'],FILLED,False,False,False,,NO_TRIGGER,,NO_CONTINGENCY,,,,,,,,6b1eb915-b458-4936-a2b2-37280cb14855,2026-04-26 21:30:00+00:00,2026-04-26 21:55:00+00:00
TESTER-001,SRGridStrategyUser-000,BTC/USDT.SIM,SIM-1-2592,BTC/USDT.SIM-SRGridStrategyUser-000,SIM-001,T-37dd7754b7387eca-293185,LIMIT,SELL,0.063778,78397.24,GTC,,0.063778,MAKER,78397.24,0.0,['1.00000000 USDT'],FILLED,False,False,False,,NO_TRIGGER,,NO_CONTINGENCY,,,,,,,,522bfd5c-7e2d-4a01-b3a1-77a07335bab5,2026-04-26 21:40:00+00:00,2026-04-26 21:50:00+00:00
TESTER-001,SRGridStrategyUser-000,BTC/USDT.SIM,SIM-1-2593,BTC/USDT.SIM-SRGridStrategyUser-000,SIM-001,T-2f83fbef53d6acfe-293192,LIMIT,SELL,0.063660,78542.17,GTC,,0.063660,MAKER,78542.17,0.0,['1.00000000 USDT'],FILLED,False,False,False,,NO_TRIGGER,,NO_CONTINGENCY,,,,,,,,17d7eb29-6d39-42fe-ad61-af3d8bf4f2d7,2026-04-26 21:40:00+00:00,2026-04-26 21:55:00+00:00
TESTER-001,SRGridStrategyUser-000,BTC/USDT.SIM,SIM-1-2594,BTC/USDT.SIM-SRGridStrategyUser-000,SIM-001,T-b1f015f6f5047c09-293928,LIMIT,BUY,0.064448,77581.49,GTC,,0.064448,MAKER,77581.49,0.0,['1.00000000 USDT'],FILLED,False,False,False,,NO_TRIGGER,,NO_CONTINGENCY,,,,,,,,15a8ba24-69a4-4df4-815f-bafc6de891bd,2026-04-27 13:20:00+00:00,2026-04-27 13:50:00+00:00
TESTER-001,SRGridStrategyUser-000,BTC/USDT.SIM,SIM-1-2595,BTC/USDT.SIM-SRGridStrategyUser-000,SIM-001,T-e57c3642f756789a-293983,LIMIT,BUY,0.064622,77372.51,GTC,,0.064622,MAKER,77372.51,0.0,['1.00000000 USDT'],FILLED,False,False,False,,NO_TRIGGER,,NO_CONTINGENCY,,,,,,,,6eeeb6fd-dfe2-4cf7-901d-8d4e622cec07,2026-04-27 13:20:00+00:00,2026-04-27 15:00:00+00:00
TESTER-001,SRGridStrategyUser-000,BTC/USDT.SIM,SIM-1-2596,BTC/USDT.SIM-SRGridStrategyUser-000,SIM-001,T-d81f09caa67c99a8-294706,LIMIT,BUY,0.065098,76807.16,GTC,,0.065098,MAKER,76807.16,0.0,['1.00000000 USDT'],FILLED,False,False,False,,NO_TRIGGER,,NO_CONTINGENCY,,,,,,,,9488d8c1-d231-446e-918b-54fd89154f3d,2026-04-28 05:20:00+00:00,2026-04-28 06:35:00+00:00
TESTER-001,SRGridStrategyUser-000,BTC/USDT.SIM,SIM-1-2597,BTC/USDT.SIM-SRGridStrategyUser-000,SIM-001,T-5cfbb58c49c7f6d1-294711,LIMIT,BUY,0.065262,76614.31,GTC,,0.065262,MAKER,76614.31,0.0,['1.00000000 USDT'],FILLED,False,False,False,,NO_TRIGGER,,NO_CONTINGENCY,,,,,,,,c22f2bfe-fe57-4e10-bff4-d1c1441671c3,2026-04-28 05:20:00+00:00,2026-04-28 06:40:00+00:00
TESTER-001,SRGridStrategyUser-000,BTC/USDT.SIM,SIM-1-2604,BTC/USDT.SIM-SRGridStrategyUser-000,SIM-001,T-89df151f1d5e0897-295463,LIMIT,BUY,0.065576,76247.51,GTC,,0.065576,MAKER,76247.51,0.0,['1.00000000 USDT'],FILLED,False,False,False,,NO_TRIGGER,,NO_CONTINGENCY,,,,,,,,2f542709-fc3e-42a8-b4cf-2e938710b952,2026-04-28 21:20:00+00:00,2026-04-28 22:50:00+00:00
TESTER-001,SRGridStrategyUser-000,BTC/USDT.SIM,SIM-1-2606,BTC/USDT.SIM-SRGridStrategyUser-000,SIM-001,T-491812c7e102e536-295555,LIMIT,SELL,0.065401,76451.25,GTC,,0.065401,MAKER,76451.25,0.0,['1.00000000 USDT'],FILLED,False,False,False,,NO_TRIGGER,,NO_CONTINGENCY,,,,,,,,aafb3893-e748-47e5-884f-ce3b29611aa5,2026-04-28 21:20:00+00:00,2026-04-29 00:50:00+00:00
TESTER-001,SRGridStrategyUser-000,BTC/USDT.SIM,SIM-1-2607,BTC/USDT.SIM-SRGridStrategyUser-000,SIM-001,T-fec0b54dd719b38f-295561,LIMIT,SELL,0.065314,76553.12,GTC,,0.065314,MAKER,76553.12,0.0,['1.00000000 USDT'],FILLED,False,False,False,,NO_TRIGGER,,NO_CONTINGENCY,,,,,,,,ecdef645-f3d4-49e5-b6ce-025406aaa6c8,2026-04-28 21:20:00+00:00,2026-04-29 00:55:00+00:00
TESTER-001,SRGridStrategyUser-000,BTC/USDT.SIM,SIM-1-2608,BTC/USDT.SIM-SRGridStrategyUser-000,SIM-001,T-491812c7e102e536-295556,LIMIT,SELL,0.065401,76451.25,GTC,,0.065401,MAKER,76451.25,0.0,['1.00000000 USDT'],FILLED,False,False,False,,NO_TRIGGER,,NO_CONTINGENCY,,,,,,,,ed32f6f3-f975-40f1-bdaf-7638eaf8e37e,2026-04-28 22:50:00+00:00,2026-04-29 00:50:00+00:00
TESTER-001,SRGridStrategyUser-000,BTC/USDT.SIM,SIM-1-2609,BTC/USDT.SIM-SRGridStrategyUser-000,SIM-001,T-fec0b54dd719b38f-295562,LIMIT,SELL,0.065314,76553.12,GTC,,0.065314,MAKER,76553.12,0.0,['1.00000000 USDT'],FILLED,False,False,False,,NO_TRIGGER,,NO_CONTINGENCY,,,,,,,,8391ca35-7927-44a9-8577-b7f9dc998f51,2026-04-28 22:50:00+00:00,2026-04-29 00:55:00+00:00
TESTER-001,SRGridStrategyUser-000,BTC/USDT.SIM,SIM-1-2612,BTC/USDT.SIM-SRGridStrategyUser-000,SIM-001,T-842e0447fbb1be24-296153,LIMIT,BUY,0.065247,76631.84,GTC,,0.065247,MAKER,76631.84,0.0,['1.00000000 USDT'],FILLED,False,False,False,,NO_TRIGGER,,NO_CONTINGENCY,,,,,,,,6434172f-03cf-4669-a4d1-106610a7e449,2026-04-29 13:20:00+00:00,2026-04-29 13:35:00+00:00
TESTER-001,SRGridStrategyUser-000,BTC/USDT.SIM,SIM-1-2613,BTC/USDT.SIM-SRGridStrategyUser-000,SIM-001,T-4cc65c228c240ae2-296222,LIMIT,BUY,0.065499,76337.56,GTC,,0.065499,MAKER,76337.56000000001,0.0,['1.00000000 USDT'],FILLED,False,False,False,,NO_TRIGGER,,NO_CONTINGENCY,,,,,,,,f93b905b-7d0d-4e60-951f-d0bf4973d704,2026-04-29 13:20:00+00:00,2026-04-29 15:05:00+00:00
TESTER-001,SRGridStrategyUser-000,BTC/USDT.SIM,SIM-1-2620,BTC/USDT.SIM-SRGridStrategyUser-000,SIM-001,T-118e27a03e5623d3-296897,LIMIT,BUY,0.066379,75324.80,GTC,,0.066379,MAKER,75324.8,0.0,['1.00000000 USDT'],FILLED,False,False,False,,NO_TRIGGER,,NO_CONTINGENCY,,,,,,,,39240824-ebcd-4594-a168-ca43964babed,2026-04-30 05:20:00+00:00,2026-04-30 05:25:00+00:00
TESTER-001,SRGridStrategyUser-000,BTC/USDT.SIM,SIM-1-2622,BTC/USDT.SIM-SRGridStrategyUser-000,SIM-001,T-d8084fb6a7368e10-296947,LIMIT,SELL,0.065995,75763.78,GTC,,0.065995,MAKER,75763.78,0.0,['1.00000000 USDT'],FILLED,False,False,False,,NO_TRIGGER,,NO_CONTINGENCY,,,,,,,,5d22b05f-46af-4e2c-9256-28e30b06f9f1,2026-04-30 05:20:00+00:00,2026-04-30 06:30:00+00:00
TESTER-001,SRGridStrategyUser-000,BTC/USDT.SIM,SIM-1-2623,BTC/USDT.SIM-SRGridStrategyUser-000,SIM-001,T-faf810714cea4cf8-296995,LIMIT,SELL,0.065804,75983.28,GTC,,0.065804,MAKER,75983.28,0.0,['1.00000000 USDT'],FILLED,False,False,False,,NO_TRIGGER,,NO_CONTINGENCY,,,,,,,,a088c831-ba15-46b7-9e7f-a3c19ef78162,2026-04-30 05:20:00+00:00,2026-04-30 07:30:00+00:00
TESTER-001,SRGridStrategyUser-000,BTC/USDT.SIM,SIM-1-2624,BTC/USDT.SIM-SRGridStrategyUser-000,SIM-001,T-d8084fb6a7368e10-296948,LIMIT,SELL,0.065995,75763.78,GTC,,0.065995,MAKER,75763.78,0.0,['1.00000000 USDT'],FILLED,False,False,False,,NO_TRIGGER,,NO_CONTINGENCY,,,,,,,,874935a7-bc4b-4952-9121-21436972b579,2026-04-30 05:25:00+00:00,2026-04-30 06:30:00+00:00
TESTER-001,SRGridStrategyUser-000,BTC/USDT.SIM,SIM-1-2625,BTC/USDT.SIM-SRGridStrategyUser-000,SIM-001,T-faf810714cea4cf8-296996,LIMIT,SELL,0.065804,75983.28,GTC,,0.065804,MAKER,75983.28,0.0,['1.00000000 USDT'],FILLED,False,False,False,,NO_TRIGGER,,NO_CONTINGENCY,,,,,,,,0a128446-7808-450c-9756-551cdb5cd24e,2026-04-30 05:25:00+00:00,2026-04-30 07:30:00+00:00
TESTER-001,SRGridStrategyUser-000,BTC/USDT.SIM,SIM-1-2628,BTC/USDT.SIM-SRGridStrategyUser-000,SIM-001,T-7c81026e330873bc-297706,LIMIT,BUY,0.065597,76223.31,GTC,,0.065597,MAKER,76223.31,0.0,['1.00000000 USDT'],FILLED,False,False,False,,NO_TRIGGER,,NO_CONTINGENCY,,,,,,,,83776215-211d-4b9a-a767-6e106d0ab2e1,2026-04-30 21:20:00+00:00,2026-04-30 22:55:00+00:00
TESTER-001,SRGridStrategyUser-000,BTC/USDT.SIM,SIM-1-2630,BTC/USDT.SIM-SRGridStrategyUser-000,SIM-001,T-b75e618abf1c3624-297768,LIMIT,SELL,0.065320,76545.71,GTC,,0.065320,MAKER,76545.70999999999,0.0,['1.00000000 USDT'],FILLED,False,False,False,,NO_TRIGGER,,NO_CONTINGENCY,,,,,,,,1fc7040a-55b0-4dae-8cba-2a7924fccc2c,2026-04-30 21:20:00+00:00,2026-05-01 00:15:00+00:00
TESTER-001,SRGridStrategyUser-000,BTC/USDT.SIM,SIM-1-2631,BTC/USDT.SIM-SRGridStrategyUser-000,SIM-001,T-66156f180af632ac-297841,LIMIT,SELL,0.065183,76706.91,GTC,,0.065183,MAKER,76706.90999999999,0.0,['1.00000000 USDT'],FILLED,False,False,False,,NO_TRIGGER,,NO_CONTINGENCY,,,,,,,,ef8ae97a-a9c9-4ea4-a5c2-00dab8425dcd,2026-04-30 21:20:00+00:00,2026-05-01 01:45:00+00:00
TESTER-001,SRGridStrategyUser-000,BTC/USDT.SIM,SIM-1-2632,BTC/USDT.SIM-SRGridStrategyUser-000,SIM-001,T-b75e618abf1c3624-297769,LIMIT,SELL,0.065320,76545.71,GTC,,0.065320,MAKER,76545.70999999999,0.0,['1.00000000 USDT'],FILLED,False,False,False,,NO_TRIGGER,,NO_CONTINGENCY,,,,,,,,39380993-cd01-41c8-a806-b201f7ce0bb9,2026-04-30 22:55:00+00:00,2026-05-01 00:15:00+00:00
TESTER-001,SRGridStrategyUser-000,BTC/USDT.SIM,SIM-1-2633,BTC/USDT.SIM-SRGridStrategyUser-000,SIM-001,T-66156f180af632ac-297842,LIMIT,SELL,0.065183,76706.91,GTC,,0.065183,MAKER,76706.90999999999,0.0,['1.00000000 USDT'],FILLED,False,False,False,,NO_TRIGGER,,NO_CONTINGENCY,,,,,,,,9edd07c4-33e6-462f-b8bf-4c371cded95d,2026-04-30 22:55:00+00:00,2026-05-01 01:45:00+00:00
TESTER-001,SRGridStrategyUser-000,BTC/USDT.SIM,SIM-1-2636,BTC/USDT.SIM-SRGridStrategyUser-000,SIM-001,T-c8f4a14b879b0fb7-298712,LIMIT,BUY,0.064147,77946.12,GTC,,0.064147,MAKER,77946.12,0.0,['1.00000000 USDT'],FILLED,False,False,False,,NO_TRIGGER,,NO_CONTINGENCY,,,,,,,,85ca41d1-4fcb-49d5-b757-d82f559db2b4,2026-05-01 13:20:00+00:00,2026-05-01 20:40:00+00:00
TESTER-001,SRGridStrategyUser-000,BTC/USDT.SIM,SIM-1-2640,BTC/USDT.SIM-SRGridStrategyUser-000,SIM-001,T-577ea2e97441feed-299984,LIMIT,BUY,0.063769,78407.97,GTC,,0.063769,MAKER,78407.97,0.0,['1.00000000 USDT'],FILLED,False,False,False,,NO_TRIGGER,,NO_CONTINGENCY,,,,,,,,ed453370-c218-42e1-b768-b8a98198f97e,2026-05-02 21:20:00+00:00,2026-05-03 01:00:00+00:00
TESTER-001,SRGridStrategyUser-000,BTC/USDT.SIM,SIM-1-2641,BTC/USDT.SIM-SRGridStrategyUser-000,SIM-001,T-577ea2e97441feed-299983,LIMIT,BUY,0.063824,78340.91,GTC,,0.063824,MAKER,78340.90999999999,0.0,['1.00000000 USDT'],FILLED,False,False,False,,NO_TRIGGER,,NO_CONTINGENCY,,,,,,,,0bd26988-832c-4256-9dbd-fd71601e3f96,2026-05-02 21:20:00+00:00,2026-05-03 01:00:00+00:00
TESTER-001,SRGridStrategyUser-000,BTC/USDT.SIM,SIM-1-2642,BTC/USDT.SIM-SRGridStrategyUser-000,SIM-001,T-1e41995bac85205c-300692,LIMIT,BUY,0.063638,78570.01,GTC,,0.063638,MAKER,78570.01,0.0,['1.00000000 USDT'],FILLED,False,False,False,,NO_TRIGGER,,NO_CONTINGENCY,,,,,,,,cdc0fe4f-9d5b-4606-9ede-67b0decfdfec,2026-05-03 13:20:00+00:00,2026-05-03 17:00:00+00:00
TESTER-001,SRGridStrategyUser-000,BTC/USDT.SIM,SIM-1-2643,BTC/USDT.SIM-SRGridStrategyUser-000,SIM-001,T-df9b5e14301a167a-301009,LIMIT,BUY,0.063729,78457.22,GTC,,0.063729,MAKER,78457.22,0.0,['1.00000000 USDT'],FILLED,False,False,False,,NO_TRIGGER,,NO_CONTINGENCY,,,,,,,,69bba3a1-f2a5-4fe6-929e-0de13e8e042c,2026-05-03 13:20:00+00:00,2026-05-04 00:00:00+00:00
TESTER-001,SRGridStrategyUser-000,BTC/USDT.SIM,SIM-1-2644,BTC/USDT.SIM-SRGridStrategyUser-000,SIM-001,T-515a20884e8e6574-301305,LIMIT,BUY,0.062724,79714.80,GTC,,0.062724,MAKER,79714.8,0.0,['1.00000000 USDT'],FILLED,False,False,False,,NO_TRIGGER,,NO_CONTINGENCY,,,,,,,,9c825c70-f61b-4976-990b-4ccb33ec921d,2026-05-04 05:20:00+00:00,2026-05-04 06:20:00+00:00
TESTER-001,SRGridStrategyUser-000,BTC/USDT.SIM,SIM-1-2645,BTC/USDT.SIM-SRGridStrategyUser-000,SIM-001,T-9b6a8d6b6b5bf77b-301478,LIMIT,BUY,0.062987,79381.59,GTC,,0.062987,MAKER,79381.59,0.0,['1.00000000 USDT'],FILLED,False,False,False,,NO_TRIGGER,,NO_CONTINGENCY,,,,,,,,aa0e9ae5-c081-4666-8bd4-a17cc7939db0,2026-05-04 05:20:00+00:00,2026-05-04 10:00:00+00:00
TESTER-001,SRGridStrategyUser-000,BTC/USDT.SIM,SIM-1-2646,BTC/USDT.SIM-SRGridStrategyUser-000,SIM-001,T-02e67486ce6c70c1-301706,LIMIT,SELL,0.062204,80381.24,GTC,,0.062204,MAKER,80381.24,0.0,['1.00000000 USDT'],FILLED,False,False,False,,NO_TRIGGER,,NO_CONTINGENCY,,,,,,,,0dd4248a-fbf0-4964-a5a4-6b11ae48d381,2026-05-04 05:20:00+00:00,2026-05-04 14:50:00+00:00
TESTER-001,SRGridStrategyUser-000,BTC/USDT.SIM,SIM-1-2647,BTC/USDT.SIM-SRGridStrategyUser-000,SIM-001,T-e55ff2441fcf4cef-301853,LIMIT,SELL,0.044937,80714.45,GTC,,0.044937,MAKER,80714.45000000001,0.0,['0.73000000 USDT'],FILLED,False,False,False,,NO_TRIGGER,,NO_CONTINGENCY,,,,,,,,81f50f95-def9-4c24-9f73-6c709a7c0983,2026-05-04 05:20:00+00:00,2026-05-04 17:50:00+00:00
TESTER-001,SRGridStrategyUser-000,BTC/USDT.SIM,SIM-1-2648,BTC/USDT.SIM-SRGridStrategyUser-000,SIM-001,T-02e67486ce6c70c1-301707,LIMIT,SELL,0.062204,80381.24,GTC,,0.062204,MAKER,80381.24,0.0,['1.00000000 USDT'],FILLED,False,False,False,,NO_TRIGGER,,NO_CONTINGENCY,,,,,,,,ab6ead9d-d20d-44a2-98f6-e02d0dd1a304,2026-05-04 06:20:00+00:00,2026-05-04 14:50:00+00:00
TESTER-001,SRGridStrategyUser-000,BTC/USDT.SIM,SIM-1-2649,BTC/USDT.SIM-SRGridStrategyUser-000,SIM-001,T-e55ff2441fcf4cef-301854,LIMIT,SELL,0.055906,80714.45,GTC,,0.055906,MAKER,80714.45000000001,0.0,['0.90000000 USDT'],FILLED,False,False,False,,NO_TRIGGER,,NO_CONTINGENCY,,,,,,,,91afbd8b-1957-4b64-9593-79194e9ed34b,2026-05-04 06:20:00+00:00,2026-05-04 17:50:00+00:00
TESTER-001,SRGridStrategyUser-000,BTC/USDT.SIM,SIM-1-2650,BTC/USDT.SIM-SRGridStrategyUser-000,SIM-001,T-02e67486ce6c70c1-301708,LIMIT,SELL,0.062204,80381.24,GTC,,0.062204,MAKER,80381.24,0.0,['1.00000000 USDT'],FILLED,False,False,False,,NO_TRIGGER,,NO_CONTINGENCY,,,,,,,,c2eb0601-90a7-441e-b0ba-26e4b0675e7d,2026-05-04 10:00:00+00:00,2026-05-04 14:50:00+00:00
TESTER-001,SRGridStrategyUser-000,BTC/USDT.SIM,SIM-1-2651,BTC/USDT.SIM-SRGridStrategyUser-000,SIM-001,T-e55ff2441fcf4cef-301855,LIMIT,SELL,0.061947,80714.45,GTC,,0.061947,MAKER,80714.45000000001,0.0,['1.00000000 USDT'],FILLED,False,False,False,,NO_TRIGGER,,NO_CONTINGENCY,,,,,,,,28d12a8d-b5e0-48a9-8ac8-e9ab70344efb,2026-05-04 10:00:00+00:00,2026-05-04 17:50:00+00:00
TESTER-001,SRGridStrategyUser-000,BTC/USDT.SIM,SIM-1-2652,BTC/USDT.SIM-SRGridStrategyUser-000,SIM-001,T-be20c043192ef055-302094,LIMIT,BUY,0.062462,80048.26,GTC,,0.062462,MAKER,80048.26,0.0,['1.00000000 USDT'],FILLED,False,False,False,,NO_TRIGGER,,NO_CONTINGENCY,,,,,,,,19905d63-635a-4639-b745-dc37e66b71a7,2026-05-04 21:20:00+00:00,2026-05-04 22:55:00+00:00
TESTER-001,SRGridStrategyUser-000,BTC/USDT.SIM,SIM-1-2653,BTC/USDT.SIM-SRGridStrategyUser-000,SIM-001,T-beba9ce33db3b450-302119,LIMIT,BUY,0.062640,79820.77,GTC,,0.062640,MAKER,79820.77,0.0,['1.00000000 USDT'],FILLED,False,False,False,,NO_TRIGGER,,NO_CONTINGENCY,,,,,,,,45bb9bfb-5943-430f-a5a8-c7ec99186f16,2026-05-04 21:20:00+00:00,2026-05-04 23:30:00+00:00
TESTER-001,SRGridStrategyUser-000,BTC/USDT.SIM,SIM-1-2654,BTC/USDT.SIM-SRGridStrategyUser-000,SIM-001,T-08ff16de1c12ccb4-302774,LIMIT,BUY,0.061532,81259.14,GTC,,0.061532,MAKER,81259.14,0.0,['1.00000000 USDT'],FILLED,False,False,False,,NO_TRIGGER,,NO_CONTINGENCY,,,,,,,,2a03bfde-5112-4824-9607-32ba73a09c95,2026-05-05 13:20:00+00:00,2026-05-05 13:40:00+00:00
TESTER-001,SRGridStrategyUser-000,BTC/USDT.SIM,SIM-1-2655,BTC/USDT.SIM-SRGridStrategyUser-000,SIM-001,T-1bd8938d1c8f8e63-302803,LIMIT,BUY,0.061753,80968.27,GTC,,0.061753,MAKER,80968.26999999999,0.0,['1.00000000 USDT'],FILLED,False,False,False,,NO_TRIGGER,,NO_CONTINGENCY,,,,,,,,f47eb814-9453-4429-90dd-8ea735f794d4,2026-05-05 13:20:00+00:00,2026-05-05 14:15:00+00:00
TESTER-001,SRGridStrategyUser-000,BTC/USDT.SIM,SIM-1-2658,BTC/USDT.SIM-SRGridStrategyUser-000,SIM-001,T-b479f7bd31cc9b70-303565,LIMIT,SELL,0.061362,81483.76,GTC,,0.061362,MAKER,81483.76,0.0,['1.00000000 USDT'],FILLED,False,False,False,,NO_TRIGGER,,NO_CONTINGENCY,,,,,,,,3772b381-becc-4f72-a79e-fce016e19229,2026-05-06 05:20:00+00:00,2026-05-06 06:45:00+00:00
TESTER-001,SRGridStrategyUser-000,BTC/USDT.SIM,SIM-1-2659,BTC/USDT.SIM-SRGridStrategyUser-000,SIM-001,T-ed36afd9d051ac8b-303646,LIMIT,SELL,0.061193,81708.29,GTC,,0.061193,MAKER,81708.29000000001,0.0,['1.00000000 USDT'],FILLED,False,False,False,,NO_TRIGGER,,NO_CONTINGENCY,,,,,,,,8bcf6535-fc37-4f9b-9483-59747bbef763,2026-05-06 05:20:00+00:00,2026-05-06 08:30:00+00:00
TESTER-001,SRGridStrategyUser-000,BTC/USDT.SIM,SIM-1-2664,BTC/USDT.SIM-SRGridStrategyUser-000,SIM-001,T-689948f71a426e32-304325,LIMIT,BUY,0.061564,81215.96,GTC,,0.061564,MAKER,81215.96,0.0,['1.00000000 USDT'],FILLED,False,False,False,,NO_TRIGGER,,NO_CONTINGENCY,,,,,,,,234f282d-904b-4555-bf43-c3bbbb443370,2026-05-06 21:20:00+00:00,2026-05-06 23:00:00+00:00
TESTER-001,SRGridStrategyUser-000,BTC/USDT.SIM,SIM-1-2665,BTC/USDT.SIM-SRGridStrategyUser-000,SIM-001,T-8a6ffdc8e35e26cc-304404,LIMIT,BUY,0.061725,81004.21,GTC,,0.061725,MAKER,81004.21,0.0,['1.00000000 USDT'],FILLED,False,False,False,,NO_TRIGGER,,NO_CONTINGENCY,,,,,,,,cd714e75-5962-4a17-b818-e2bf7baf2acc,2026-05-06 21:20:00+00:00,2026-05-07 00:40:00+00:00
TESTER-001,SRGridStrategyUser-000,BTC/USDT.SIM,SIM-1-2666,BTC/USDT.SIM-SRGridStrategyUser-000,SIM-001,T-9f6f1d0ebe88b875-304706,LIMIT,SELL,0.061245,81639.48,GTC,,0.061245,MAKER,81639.48000000001,0.0,['1.00000000 USDT'],FILLED,False,False,False,,NO_TRIGGER,,NO_CONTINGENCY,,,,,,,,1eabc72f-1237-4ae3-94c4-6357432cbf7e,2026-05-06 21:20:00+00:00,2026-05-07 07:10:00+00:00
TESTER-001,SRGridStrategyUser-000,BTC/USDT.SIM,SIM-1-2668,BTC/USDT.SIM-SRGridStrategyUser-000,SIM-001,T-9f6f1d0ebe88b875-304707,LIMIT,SELL,0.061245,81639.48,GTC,,0.061245,MAKER,81639.48000000001,0.0,['1.00000000 USDT'],FILLED,False,False,False,,NO_TRIGGER,,NO_CONTINGENCY,,,,,,,,1f813d1a-fead-47ff-84eb-2b0947a710b8,2026-05-06 23:00:00+00:00,2026-05-07 07:10:00+00:00
TESTER-001,SRGridStrategyUser-000,BTC/USDT.SIM,SIM-1-2670,BTC/USDT.SIM-SRGridStrategyUser-000,SIM-001,T-9f6f1d0ebe88b875-304708,LIMIT,SELL,0.061245,81639.48,GTC,,0.061245,MAKER,81639.48000000001,0.0,['1.00000000 USDT'],FILLED,False,False,False,,NO_TRIGGER,,NO_CONTINGENCY,,,,,,,,55d98ea1-a5be-40fb-be42-1f41a92084d0,2026-05-07 00:40:00+00:00,2026-05-07 07:10:00+00:00
TESTER-001,SRGridStrategyUser-000,BTC/USDT.SIM,SIM-1-2672,BTC/USDT.SIM-SRGridStrategyUser-000,SIM-001,T-43203854f6013e38-305001,LIMIT,BUY,0.061835,80860.47,GTC,,0.061835,MAKER,80860.47,0.0,['1.00000000 USDT'],FILLED,False,False,False,,NO_TRIGGER,,NO_CONTINGENCY,,,,,,,,6e6fb8b8-3fa6-4b63-982e-0b02409310b9,2026-05-07 13:20:00+00:00,2026-05-07 13:30:00+00:00
TESTER-001,SRGridStrategyUser-000,BTC/USDT.SIM,SIM-1-2673,BTC/USDT.SIM-SRGridStrategyUser-000,SIM-001,T-2a9509e441e62678-305010,LIMIT,BUY,0.062015,80625.27,GTC,,0.062015,MAKER,80625.27,0.0,['1.00000000 USDT'],FILLED,False,False,False,,NO_TRIGGER,,NO_CONTINGENCY,,,,,,,,2b227e32-4b23-462e-8038-0d56dcf74e68,2026-05-07 13:20:00+00:00,2026-05-07 13:40:00+00:00
TESTER-001,SRGridStrategyUser-000,BTC/USDT.SIM,SIM-1-2674,BTC/USDT.SIM-SRGridStrategyUser-000,SIM-001,T-086bbbc323437f06-305764,LIMIT,BUY,0.062906,79483.76,GTC,,0.062906,MAKER,79483.76,0.0,['1.00000000 USDT'],FILLED,False,False,False,,NO_TRIGGER,,NO_CONTINGENCY,,,,,,,,2916053e-39e2-4685-a4c6-26308db92b13,2026-05-08 05:20:00+00:00,2026-05-08 06:00:00+00:00
TESTER-001,SRGridStrategyUser-000,BTC/USDT.SIM,SIM-1-2675,BTC/USDT.SIM-SRGridStrategyUser-000,SIM-001,T-c7d7dce93a4af5ee-305815,LIMIT,BUY,0.063009,79354.33,GTC,,0.063009,MAKER,79354.33,0.0,['1.00000000 USDT'],FILLED,False,False,False,,NO_TRIGGER,,NO_CONTINGENCY,,,,,,,,9f76661e-af9b-4f30-94e5-b3a2a8449b88,2026-05-08 05:20:00+00:00,2026-05-08 07:05:00+00:00
TESTER-001,SRGridStrategyUser-000,BTC/USDT.SIM,SIM-1-2676,BTC/USDT.SIM-SRGridStrategyUser-000,SIM-001,T-24eaa12c84db2bf6-305747,LIMIT,SELL,0.062702,79742.60,GTC,,0.062702,MAKER,79742.59999999999,0.0,['1.00000000 USDT'],FILLED,False,False,False,,NO_TRIGGER,,NO_CONTINGENCY,,,,,,,,6e30cb6f-64a1-4f8b-9099-4d500b5679b0,2026-05-08 05:20:00+00:00,2026-05-08 05:40:00+00:00
TESTER-001,SRGridStrategyUser-000,BTC/USDT.SIM,SIM-1-2677,BTC/USDT.SIM-SRGridStrategyUser-000,SIM-001,T-ff51c67568cc3c52-305887,LIMIT,SELL,0.062600,79872.03,GTC,,0.062600,MAKER,79872.03,0.0,['1.00000000 USDT'],FILLED,False,False,False,,NO_TRIGGER,,NO_CONTINGENCY,,,,,,,,17fe8f62-7740-45d7-8ac6-769a8593d043,2026-05-08 05:20:00+00:00,2026-05-08 08:35:00+00:00
TESTER-001,SRGridStrategyUser-000,BTC/USDT.SIM,SIM-1-2678,BTC/USDT.SIM-SRGridStrategyUser-000,SIM-001,T-086bbbc323437f06-305765,LIMIT,BUY,0.062906,79483.76,GTC,,0.062906,MAKER,79483.76,0.0,['1.00000000 USDT'],FILLED,False,False,False,,NO_TRIGGER,,NO_CONTINGENCY,,,,,,,,f1204c5a-32a4-49aa-b366-1606546a243e,2026-05-08 05:40:00+00:00,2026-05-08 06:00:00+00:00
TESTER-001,SRGridStrategyUser-000,BTC/USDT.SIM,SIM-1-2679,BTC/USDT.SIM-SRGridStrategyUser-000,SIM-001,T-c7d7dce93a4af5ee-305816,LIMIT,BUY,0.063009,79354.33,GTC,,0.063009,MAKER,79354.33,0.0,['1.00000000 USDT'],FILLED,False,False,False,,NO_TRIGGER,,NO_CONTINGENCY,,,,,,,,27acfb48-c6d4-4512-b138-7d897bac8cb5,2026-05-08 05:40:00+00:00,2026-05-08 07:05:00+00:00
TESTER-001,SRGridStrategyUser-000,BTC/USDT.SIM,SIM-1-2680,BTC/USDT.SIM-SRGridStrategyUser-000,SIM-001,T-ff51c67568cc3c52-305888,LIMIT,SELL,0.062600,79872.03,GTC,,0.062600,MAKER,79872.03,0.0,['1.00000000 USDT'],FILLED,False,False,False,,NO_TRIGGER,,NO_CONTINGENCY,,,,,,,,74570d31-fe7b-4d70-b04c-f99e8c52cc87,2026-05-08 06:00:00+00:00,2026-05-08 08:35:00+00:00
TESTER-001,SRGridStrategyUser-000,BTC/USDT.SIM,SIM-1-2681,BTC/USDT.SIM-SRGridStrategyUser-000,SIM-001,T-ff51c67568cc3c52-305889,LIMIT,SELL,0.062600,79872.03,GTC,,0.062600,MAKER,79872.03,0.0,['1.00000000 USDT'],FILLED,False,False,False,,NO_TRIGGER,,NO_CONTINGENCY,,,,,,,,5058a536-177a-473f-9ffb-8cbe68dae276,2026-05-08 07:05:00+00:00,2026-05-08 08:35:00+00:00
TESTER-001,SRGridStrategyUser-000,BTC/USDT.SIM,SIM-1-2684,BTC/USDT.SIM-SRGridStrategyUser-000,SIM-001,T-c8c0fd64eda39f0c-306512,LIMIT,SELL,0.062221,80359.33,GTC,,0.062221,MAKER,80359.33,0.0,['1.00000000 USDT'],FILLED,False,False,False,,NO_TRIGGER,,NO_CONTINGENCY,,,,,,,,6cf1681e-43c9-4953-9f3a-c336a4d623bc,2026-05-08 21:20:00+00:00,2026-05-08 22:00:00+00:00
TESTER-001,SRGridStrategyUser-000,BTC/USDT.SIM,SIM-1-2685,BTC/USDT.SIM-SRGridStrategyUser-000,SIM-001,T-8cdfa324ab3dac68-306753,LIMIT,SELL,0.062094,80522.99,GTC,,0.062094,MAKER,80522.98999999999,0.0,['1.00000000 USDT'],FILLED,False,False,False,,NO_TRIGGER,,NO_CONTINGENCY,,,,,,,,a4f2b768-7411-43b7-8631-12eb58b1f339,2026-05-08 21:20:00+00:00,2026-05-09 03:20:00+00:00
TESTER-001,SRGridStrategyUser-000,BTC/USDT.SIM,SIM-1-2690,BTC/USDT.SIM-SRGridStrategyUser-000,SIM-001,T-b1ee39b9e054973f-307253,LIMIT,BUY,0.062297,80260.22,GTC,,0.062297,MAKER,80260.22,0.0,['1.00000000 USDT'],FILLED,False,False,False,,NO_TRIGGER,,NO_CONTINGENCY,,,,,,,,f09887e2-a265-47c8-97f1-d85ea7879497,2026-05-09 13:20:00+00:00,2026-05-09 14:25:00+00:00
TESTER-001,SRGridStrategyUser-000,BTC/USDT.SIM,SIM-1-2692,BTC/USDT.SIM-SRGridStrategyUser-000,SIM-001,T-5d528fa23ee75fb6-307943,LIMIT,BUY,0.061939,80725.23,GTC,,0.061939,MAKER,80725.23,0.0,['1.00000000 USDT'],FILLED,False,False,False,,NO_TRIGGER,,NO_CONTINGENCY,,,,,,,,f50806dd-e229-4b16-bef6-3955ac9dcdf6,2026-05-10 05:20:00+00:00,2026-05-10 05:40:00+00:00
TESTER-001,SRGridStrategyUser-000,BTC/USDT.SIM,SIM-1-2693,BTC/USDT.SIM-SRGridStrategyUser-000,SIM-001,T-e6d911ee0ba934e5-308629,LIMIT,BUY,0.062003,80641.03,GTC,,0.062003,MAKER,80641.03,0.0,['1.00000000 USDT'],FILLED,False,False,False,,NO_TRIGGER,,NO_CONTINGENCY,,,,,,,,f26e9bb6-edae-418f-9bed-29140ce8ba03,2026-05-10 05:20:00+00:00,2026-05-10 20:45:00+00:00
TESTER-001,SRGridStrategyUser-000,BTC/USDT.SIM,SIM-1-2694,BTC/USDT.SIM-SRGridStrategyUser-000,SIM-001,T-03a78e2890bb3748-308066,LIMIT,SELL,0.061810,80893.65,GTC,,0.061810,MAKER,80893.65000000001,0.0,['1.00000000 USDT'],FILLED,False,False,False,,NO_TRIGGER,,NO_CONTINGENCY,,,,,,,,e95a8834-125f-49cd-9b64-b45395c8e5bb,2026-05-10 05:20:00+00:00,2026-05-10 08:25:00+00:00
TESTER-001,SRGridStrategyUser-000,BTC/USDT.SIM,SIM-1-2695,BTC/USDT.SIM-SRGridStrategyUser-000,SIM-001,T-e3747ec708a1962d-308287,LIMIT,SELL,0.061745,80977.85,GTC,,0.061745,MAKER,80977.84999999999,0.0,['1.00000000 USDT'],FILLED,False,False,False,,NO_TRIGGER,,NO_CONTINGENCY,,,,,,,,ded0ae39-1a69-4f7d-9ec7-857ae1965b2d,2026-05-10 05:20:00+00:00,2026-05-10 13:20:00+00:00
TESTER-001,SRGridStrategyUser-000,BTC/USDT.SIM,SIM-1-2696,BTC/USDT.SIM-SRGridStrategyUser-000,SIM-001,T-03a78e2890bb3748-308067,LIMIT,SELL,0.061810,80893.65,GTC,,0.061810,MAKER,80893.65000000001,0.0,['1.00000000 USDT'],FILLED,False,False,False,,NO_TRIGGER,,NO_CONTINGENCY,,,,,,,,75d46fb6-4113-4df7-8794-3dbfa668a95d,2026-05-10 05:40:00+00:00,2026-05-10 08:25:00+00:00
TESTER-001,SRGridStrategyUser-000,BTC/USDT.SIM,SIM-1-2697,BTC/USDT.SIM-SRGridStrategyUser-000,SIM-001,T-e3747ec708a1962d-308288,LIMIT,SELL,0.061745,80977.85,GTC,,0.061745,MAKER,80977.84999999999,0.0,['1.00000000 USDT'],FILLED,False,False,False,,NO_TRIGGER,,NO_CONTINGENCY,,,,,,,,8a3ddf8e-7bf4-4bfc-a3d1-eee5236f370e,2026-05-10 05:40:00+00:00,2026-05-10 13:20:00+00:00
TESTER-001,SRGridStrategyUser-000,BTC/USDT.SIM,SIM-1-2698,BTC/USDT.SIM-SRGridStrategyUser-000,SIM-001,T-e6d911ee0ba934e5-308630,LIMIT,BUY,0.062003,80641.03,GTC,,0.062003,MAKER,80641.03,0.0,['1.00000000 USDT'],FILLED,False,False,False,,NO_TRIGGER,,NO_CONTINGENCY,,,,,,,,6045b103-d674-4f00-9aa1-28dfe75547f5,2026-05-10 08:25:00+00:00,2026-05-10 20:45:00+00:00
TESTER-001,SRGridStrategyUser-000,BTC/USDT.SIM,SIM-1-2699,BTC/USDT.SIM-SRGridStrategyUser-000,SIM-001,T-e6d911ee0ba934e5-308631,LIMIT,BUY,0.062003,80641.03,GTC,,0.062003,MAKER,80641.03,0.0,['1.00000000 USDT'],FILLED,False,False,False,,NO_TRIGGER,,NO_CONTINGENCY,,,,,,,,2e190127-1ba6-4784-b4e8-c46bc13731f4,2026-05-10 13:20:00+00:00,2026-05-10 20:45:00+00:00
TESTER-001,SRGridStrategyUser-000,BTC/USDT.SIM,SIM-1-2702,BTC/USDT.SIM-SRGridStrategyUser-000,SIM-001,T-0f4e86d4cb91cb6c-309405,LIMIT,BUY,0.061712,81021.93,GTC,,0.061712,MAKER,81021.93,0.0,['1.00000000 USDT'],FILLED,False,False,False,,NO_TRIGGER,,NO_CONTINGENCY,,,,,,,,c47e0444-c3f6-4ad8-ac48-d8a0e4666731,2026-05-11 13:20:00+00:00,2026-05-11 13:30:00+00:00
TESTER-001,SRGridStrategyUser-000,BTC/USDT.SIM,SIM-1-2703,BTC/USDT.SIM-SRGridStrategyUser-000,SIM-001,T-1b5606c2649f6a84-309410,LIMIT,BUY,0.061911,80760.81,GTC,,0.061911,MAKER,80760.81,0.0,['1.00000000 USDT'],FILLED,False,False,False,,NO_TRIGGER,,NO_CONTINGENCY,,,,,,,,1de54b49-0ccc-4a3d-893c-6086f1d5a4bb,2026-05-11 13:20:00+00:00,2026-05-11 13:35:00+00:00
TESTER-001,SRGridStrategyUser-000,BTC/USDT.SIM,SIM-1-2704,BTC/USDT.SIM-SRGridStrategyUser-000,SIM-001,T-32981304753781f4-309527,LIMIT,SELL,0.061316,81544.15,GTC,,0.061316,MAKER,81544.15000000001,0.0,['1.00000000 USDT'],FILLED,False,False,False,,NO_TRIGGER,,NO_CONTINGENCY,,,,,,,,7fb6c4b7-0706-4c08-816c-5b51919f05f7,2026-05-11 13:20:00+00:00,2026-05-11 16:05:00+00:00
TESTER-001,SRGridStrategyUser-000,BTC/USDT.SIM,SIM-1-2705,BTC/USDT.SIM-SRGridStrategyUser-000,SIM-001,T-77916a669e5bf30c-309538,LIMIT,SELL,0.061121,81805.26,GTC,,0.061121,MAKER,81805.26000000001,0.0,['1.00000000 USDT'],FILLED,False,False,False,,NO_TRIGGER,,NO_CONTINGENCY,,,,,,,,53747943-d1e0-42e0-9b8c-a5334a632b12,2026-05-11 13:20:00+00:00,2026-05-11 16:15:00+00:00
TESTER-001,SRGridStrategyUser-000,BTC/USDT.SIM,SIM-1-2706,BTC/USDT.SIM-SRGridStrategyUser-000,SIM-001,T-32981304753781f4-309528,LIMIT,SELL,0.061316,81544.15,GTC,,0.061316,MAKER,81544.15000000001,0.0,['1.00000000 USDT'],FILLED,False,False,False,,NO_TRIGGER,,NO_CONTINGENCY,,,,,,,,18e2f738-8d02-433b-a49e-e88eea69788b,2026-05-11 13:30:00+00:00,2026-05-11 16:05:00+00:00
TESTER-001,SRGridStrategyUser-000,BTC/USDT.SIM,SIM-1-2707,BTC/USDT.SIM-SRGridStrategyUser-000,SIM-001,T-77916a669e5bf30c-309539,LIMIT,SELL,0.061121,81805.26,GTC,,0.061121,MAKER,81805.26000000001,0.0,['1.00000000 USDT'],FILLED,False,False,False,,NO_TRIGGER,,NO_CONTINGENCY,,,,,,,,d86e7995-e31a-4aa3-8666-b48780dc06e8,2026-05-11 13:30:00+00:00,2026-05-11 16:15:00+00:00
TESTER-001,SRGridStrategyUser-000,BTC/USDT.SIM,SIM-1-2708,BTC/USDT.SIM-SRGridStrategyUser-000,SIM-001,T-32981304753781f4-309529,LIMIT,SELL,0.061316,81544.15,GTC,,0.061316,MAKER,81544.15000000001,0.0,['1.00000000 USDT'],FILLED,False,False,False,,NO_TRIGGER,,NO_CONTINGENCY,,,,,,,,7adb5fb7-9c23-4cd0-ae21-e3dc15d00ba0,2026-05-11 13:35:00+00:00,2026-05-11 16:05:00+00:00
TESTER-001,SRGridStrategyUser-000,BTC/USDT.SIM,SIM-1-2709,BTC/USDT.SIM-SRGridStrategyUser-000,SIM-001,T-77916a669e5bf30c-309540,LIMIT,SELL,0.061121,81805.26,GTC,,0.061121,MAKER,81805.26000000001,0.0,['1.00000000 USDT'],FILLED,False,False,False,,NO_TRIGGER,,NO_CONTINGENCY,,,,,,,,6ff7813c-91c4-48dd-9235-208840552020,2026-05-11 13:35:00+00:00,2026-05-11 16:15:00+00:00
TESTER-001,SRGridStrategyUser-000,BTC/USDT.SIM,SIM-1-2710,BTC/USDT.SIM-SRGridStrategyUser-000,SIM-001,T-d8f6c3fc994d0111-310201,LIMIT,BUY,0.061647,81107.57,GTC,,0.061647,MAKER,81107.57,0.0,['1.00000000 USDT'],FILLED,False,False,False,,NO_TRIGGER,,NO_CONTINGENCY,,,,,,,,237db1c1-34b7-43ac-9bf3-ab145130b385,2026-05-12 05:20:00+00:00,2026-05-12 06:40:00+00:00
TESTER-001,SRGridStrategyUser-000,BTC/USDT.SIM,SIM-1-2711,BTC/USDT.SIM-SRGridStrategyUser-000,SIM-001,T-7ce75b4257dae1f8-310217,LIMIT,BUY,0.061756,80963.79,GTC,,0.061756,MAKER,80963.79,0.0,['1.00000000 USDT'],FILLED,False,False,False,,NO_TRIGGER,,NO_CONTINGENCY,,,,,,,,5adb5986-d283-4d68-a6fa-26c6439a20fc,2026-05-12 05:20:00+00:00,2026-05-12 07:00:00+00:00
TESTER-001,SRGridStrategyUser-000,BTC/USDT.SIM,SIM-1-2712,BTC/USDT.SIM-SRGridStrategyUser-000,SIM-001,T-d165d83ded710b9d-310901,LIMIT,BUY,0.062083,80537.62,GTC,,0.062083,MAKER,80537.62,0.0,['1.00000000 USDT'],FILLED,False,False,False,,NO_TRIGGER,,NO_CONTINGENCY,,,,,,,,77c8a238-42b2-4436-89bf-d5f768fcdf90,2026-05-12 21:20:00+00:00,2026-05-12 21:45:00+00:00
TESTER-001,SRGridStrategyUser-000,BTC/USDT.SIM,SIM-1-2713,BTC/USDT.SIM-SRGridStrategyUser-000,SIM-001,T-e4cb22b8749fe9c5-311564,LIMIT,BUY,0.062180,80411.94,GTC,,0.062180,MAKER,80411.94,0.0,['1.00000000 USDT'],FILLED,False,False,False,,NO_TRIGGER,,NO_CONTINGENCY,,,,,,,,74b441a0-206c-4bfd-9f1b-08e45779a504,2026-05-12 21:20:00+00:00,2026-05-13 12:20:00+00:00
TESTER-001,SRGridStrategyUser-000,BTC/USDT.SIM,SIM-1-2714,BTC/USDT.SIM-SRGridStrategyUser-000,SIM-001,T-40ee5289ebc2edc1-311627,LIMIT,BUY,0.062621,79845.28,GTC,,0.062621,MAKER,79845.28,0.0,['1.00000000 USDT'],FILLED,False,False,False,,NO_TRIGGER,,NO_CONTINGENCY,,,,,,,,6923ecd7-c5ff-4687-8370-627bb1d79b5c,2026-05-13 13:20:00+00:00,2026-05-13 13:40:00+00:00
TESTER-001,SRGridStrategyUser-000,BTC/USDT.SIM,SIM-1-2715,BTC/USDT.SIM-SRGridStrategyUser-000,SIM-001,T-a9aab42c11d45677-311699,LIMIT,BUY,0.019856,79466.33,GTC,,0.019856,MAKER,79466.33,0.0,['0.32000000 USDT'],FILLED,False,False,False,,NO_TRIGGER,,NO_CONTINGENCY,,,,,,,,db8bdb47-abdf-49e0-8af8-5bd57cb932e4,2026-05-13 13:20:00+00:00,2026-05-13 15:10:00+00:00
TESTER-001,SRGridStrategyUser-000,BTC/USDT.SIM,SIM-1-2716,BTC/USDT.SIM-SRGridStrategyUser-000,SIM-001,T-32933f9c6df45c3b-312624,LIMIT,BUY,0.062979,79391.62,GTC,,0.062979,MAKER,79391.62,0.0,['1.00000000 USDT'],FILLED,False,False,False,,NO_TRIGGER,,NO_CONTINGENCY,,,,,,,,acdfcbcf-c3fd-4ddb-a742-fa5eabd7f3f2,2026-05-14 05:20:00+00:00,2026-05-14 11:25:00+00:00
TESTER-001,SRGridStrategyUser-000,BTC/USDT.SIM,SIM-1-2718,BTC/USDT.SIM-SRGridStrategyUser-000,SIM-001,T-b3a210484131c581-312372,LIMIT,SELL,0.062669,79784.84,GTC,,0.062669,MAKER,79784.84,0.0,['1.00000000 USDT'],FILLED,False,False,False,,NO_TRIGGER,,NO_CONTINGENCY,,,,,,,,ba5beb72-ca9d-4556-9ced-fc1f6113b282,2026-05-14 05:20:00+00:00,2026-05-14 05:45:00+00:00
TESTER-001,SRGridStrategyUser-000,BTC/USDT.SIM,SIM-1-2719,BTC/USDT.SIM-SRGridStrategyUser-000,SIM-001,T-f39af5af212bc0f4-312377,LIMIT,SELL,0.062515,79981.44,GTC,,0.062515,MAKER,79981.44,0.0,['1.00000000 USDT'],FILLED,False,False,False,,NO_TRIGGER,,NO_CONTINGENCY,,,,,,,,98159825-695b-4722-a29d-5a211f3e4bb6,2026-05-14 05:20:00+00:00,2026-05-14 05:50:00+00:00
TESTER-001,SRGridStrategyUser-000,BTC/USDT.SIM,SIM-1-2720,BTC/USDT.SIM-SRGridStrategyUser-000,SIM-001,T-32933f9c6df45c3b-312625,LIMIT,BUY,0.062979,79391.62,GTC,,0.062979,MAKER,79391.62,0.0,['1.00000000 USDT'],FILLED,False,False,False,,NO_TRIGGER,,NO_CONTINGENCY,,,,,,,,b7aac6ff-db79-46d1-8229-403d50d5fbc7,2026-05-14 05:45:00+00:00,2026-05-14 11:25:00+00:00
TESTER-001,SRGridStrategyUser-000,BTC/USDT.SIM,SIM-1-2722,BTC/USDT.SIM-SRGridStrategyUser-000,SIM-001,T-32933f9c6df45c3b-312626,LIMIT,BUY,0.062979,79391.62,GTC,,0.062979,MAKER,79391.62,0.0,['1.00000000 USDT'],FILLED,False,False,False,,NO_TRIGGER,,NO_CONTINGENCY,,,,,,,,b95baa90-5dbe-4824-bae2-3b2410ea954e,2026-05-14 05:50:00+00:00,2026-05-14 11:25:00+00:00
TESTER-001,SRGridStrategyUser-000,BTC/USDT.SIM,SIM-1-2724,BTC/USDT.SIM-SRGridStrategyUser-000,SIM-001,T-d3edcd40f2aec485-313204,LIMIT,BUY,0.061624,81137.23,GTC,,0.061624,MAKER,81137.23,0.0,['1.00000000 USDT'],FILLED,False,False,False,,NO_TRIGGER,,NO_CONTINGENCY,,,,,,,,22b56620-87b0-469f-b7ad-465ae47bd058,2026-05-14 21:20:00+00:00,2026-05-14 23:45:00+00:00
TESTER-001,SRGridStrategyUser-000,BTC/USDT.SIM,SIM-1-2725,BTC/USDT.SIM-SRGridStrategyUser-000,SIM-001,T-1425925e9fe11ee4-313319,LIMIT,BUY,0.061782,80929.47,GTC,,0.061782,MAKER,80929.47,0.0,['1.00000000 USDT'],FILLED,False,False,False,,NO_TRIGGER,,NO_CONTINGENCY,,,,,,,,65eee31b-f3c2-4b8d-83db-f1f8bd4daee1,2026-05-14 21:20:00+00:00,2026-05-15 02:10:00+00:00
TESTER-001,SRGridStrategyUser-000,BTC/USDT.SIM,SIM-1-2726,BTC/USDT.SIM-SRGridStrategyUser-000,SIM-001,T-d2f0b23f14c2a6c8-313161,LIMIT,SELL,0.061310,81552.77,GTC,,0.061310,MAKER,81552.77,0.0,['1.00000000 USDT'],FILLED,False,False,False,,NO_TRIGGER,,NO_CONTINGENCY,,,,,,,,f8a7f294-ced0-4f9d-940e-aeb1e49e75e7,2026-05-14 21:20:00+00:00,2026-05-14 22:45:00+00:00
TESTER-001,SRGridStrategyUser-000,BTC/USDT.SIM,SIM-1-2728,BTC/USDT.SIM-SRGridStrategyUser-000,SIM-001,T-d3edcd40f2aec485-313205,LIMIT,BUY,0.061624,81137.23,GTC,,0.061624,MAKER,81137.23,0.0,['1.00000000 USDT'],FILLED,False,False,False,,NO_TRIGGER,,NO_CONTINGENCY,,,,,,,,a35b02a3-971d-4439-8594-943f73ff98f0,2026-05-14 22:45:00+00:00,2026-05-14 23:45:00+00:00
TESTER-001,SRGridStrategyUser-000,BTC/USDT.SIM,SIM-1-2729,BTC/USDT.SIM-SRGridStrategyUser-000,SIM-001,T-1425925e9fe11ee4-313320,LIMIT,BUY,0.061782,80929.47,GTC,,0.061782,MAKER,80929.47,0.0,['1.00000000 USDT'],FILLED,False,False,False,,NO_TRIGGER,,NO_CONTINGENCY,,,,,,,,f11721a7-54d1-4be6-926f-c7212ba3cc63,2026-05-14 22:45:00+00:00,2026-05-15 02:10:00+00:00
TESTER-001,SRGridStrategyUser-000,BTC/USDT.SIM,SIM-1-2732,BTC/USDT.SIM-SRGridStrategyUser-000,SIM-001,T-2885088a29feda76-313848,LIMIT,BUY,0.062573,79906.89,GTC,,0.062573,MAKER,79906.89,0.0,['1.00000000 USDT'],FILLED,False,False,False,,NO_TRIGGER,,NO_CONTINGENCY,,,,,,,,1e4d4b35-1ca8-40ae-b4ff-b690723358c0,2026-05-15 13:20:00+00:00,2026-05-15 13:30:00+00:00
TESTER-001,SRGridStrategyUser-000,BTC/USDT.SIM,SIM-1-2733,BTC/USDT.SIM-SRGridStrategyUser-000,SIM-001,T-27fff6d625e712b0-313852,LIMIT,BUY,0.062776,79647.94,GTC,,0.062776,MAKER,79647.94,0.0,['1.00000000 USDT'],FILLED,False,False,False,,NO_TRIGGER,,NO_CONTINGENCY,,,,,,,,0228d2c4-9e05-4d91-83ea-5f0c2b91d760,2026-05-15 13:20:00+00:00,2026-05-15 13:35:00+00:00
TESTER-001,SRGridStrategyUser-000,BTC/USDT.SIM,SIM-1-2740,BTC/USDT.SIM-SRGridStrategyUser-000,SIM-001,T-3d5711b4ec9755bf-314622,LIMIT,BUY,0.063368,78904.30,GTC,,0.063368,MAKER,78904.3,0.0,['1.00000000 USDT'],FILLED,False,False,False,,NO_TRIGGER,,NO_CONTINGENCY,,,,,,,,f991ceeb-f0f0-4e17-84ae-60743ed7cb7c,2026-05-16 05:20:00+00:00,2026-05-16 06:15:00+00:00
TESTER-001,SRGridStrategyUser-000,BTC/USDT.SIM,SIM-1-2741,BTC/USDT.SIM-SRGridStrategyUser-000,SIM-001,T-59f970fef1e49e06-314641,LIMIT,BUY,0.063465,78783.26,GTC,,0.063465,MAKER,78783.26000000001,0.0,['1.00000000 USDT'],FILLED,False,False,False,,NO_TRIGGER,,NO_CONTINGENCY,,,,,,,,f92c7e12-6ca3-4e8f-b824-b6ff5cc79831,2026-05-16 05:20:00+00:00,2026-05-16 06:40:00+00:00
TESTER-001,SRGridStrategyUser-000,BTC/USDT.SIM,SIM-1-2748,BTC/USDT.SIM-SRGridStrategyUser-000,SIM-001,T-8a545ced86d3ebf5-315415,LIMIT,BUY,0.063975,78155.19,GTC,,0.063975,MAKER,78155.19,0.0,['1.00000000 USDT'],FILLED,False,False,False,,NO_TRIGGER,,NO_CONTINGENCY,,,,,,,,7abfc6e7-b3d9-4faa-886f-5119339e65f7,2026-05-16 21:20:00+00:00,2026-05-16 23:50:00+00:00
TESTER-001,SRGridStrategyUser-000,BTC/USDT.SIM,SIM-1-2749,BTC/USDT.SIM-SRGridStrategyUser-000,SIM-001,T-d019fcaa43dd68ae-315463,LIMIT,BUY,0.064050,78063.73,GTC,,0.064050,MAKER,78063.73000000001,0.0,['1.00000000 USDT'],FILLED,False,False,False,,NO_TRIGGER,,NO_CONTINGENCY,,,,,,,,022bcd7f-f5d9-410c-9e22-d4e648a3b00b,2026-05-16 21:20:00+00:00,2026-05-17 00:55:00+00:00
TESTER-001,SRGridStrategyUser-000,BTC/USDT.SIM,SIM-1-2750,BTC/USDT.SIM-SRGridStrategyUser-000,SIM-001,T-676d228c4ec71aba-315880,LIMIT,SELL,0.063826,78338.13,GTC,,0.063826,MAKER,78338.13,0.0,['1.00000000 USDT'],FILLED,False,False,False,,NO_TRIGGER,,NO_CONTINGENCY,,,,,,,,9e58e2b8-193d-4e03-91bf-312f17716af2,2026-05-16 21:20:00+00:00,2026-05-17 10:00:00+00:00
TESTER-001,SRGridStrategyUser-000,BTC/USDT.SIM,SIM-1-2751,BTC/USDT.SIM-SRGridStrategyUser-000,SIM-001,T-f794f4c4a8269ae5-315891,LIMIT,SELL,0.063751,78429.59,GTC,,0.063751,MAKER,78429.59,0.0,['1.00000000 USDT'],FILLED,False,False,False,,NO_TRIGGER,,NO_CONTINGENCY,,,,,,,,87d28a7b-c428-4de9-a76f-c1de46eeb1e4,2026-05-16 21:20:00+00:00,2026-05-17 10:10:00+00:00
TESTER-001,SRGridStrategyUser-000,BTC/USDT.SIM,SIM-1-2752,BTC/USDT.SIM-SRGridStrategyUser-000,SIM-001,T-676d228c4ec71aba-315881,LIMIT,SELL,0.063826,78338.13,GTC,,0.063826,MAKER,78338.13,0.0,['1.00000000 USDT'],FILLED,False,False,False,,NO_TRIGGER,,NO_CONTINGENCY,,,,,,,,b8dfc92d-09ca-4ea3-86f0-c83441bca57f,2026-05-16 23:50:00+00:00,2026-05-17 10:00:00+00:00
TESTER-001,SRGridStrategyUser-000,BTC/USDT.SIM,SIM-1-2753,BTC/USDT.SIM-SRGridStrategyUser-000,SIM-001,T-f794f4c4a8269ae5-315892,LIMIT,SELL,0.063751,78429.59,GTC,,0.063751,MAKER,78429.59,0.0,['1.00000000 USDT'],FILLED,False,False,False,,NO_TRIGGER,,NO_CONTINGENCY,,,,,,,,e21dcdd0-6f9d-453d-8687-1eaa3fa18e1d,2026-05-16 23:50:00+00:00,2026-05-17 10:10:00+00:00
TESTER-001,SRGridStrategyUser-000,BTC/USDT.SIM,SIM-1-2754,BTC/USDT.SIM-SRGridStrategyUser-000,SIM-001,T-676d228c4ec71aba-315882,LIMIT,SELL,0.063826,78338.13,GTC,,0.063826,MAKER,78338.13,0.0,['1.00000000 USDT'],FILLED,False,False,False,,NO_TRIGGER,,NO_CONTINGENCY,,,,,,,,e41cf159-ea5e-4543-ad98-536c13c3ed68,2026-05-17 00:55:00+00:00,2026-05-17 10:00:00+00:00
TESTER-001,SRGridStrategyUser-000,BTC/USDT.SIM,SIM-1-2755,BTC/USDT.SIM-SRGridStrategyUser-000,SIM-001,T-f794f4c4a8269ae5-315893,LIMIT,SELL,0.063751,78429.59,GTC,,0.063751,MAKER,78429.59,0.0,['1.00000000 USDT'],FILLED,False,False,False,,NO_TRIGGER,,NO_CONTINGENCY,,,,,,,,4ef039f3-f2aa-4872-8972-69d1aec06409,2026-05-17 00:55:00+00:00,2026-05-17 10:10:00+00:00
TESTER-001,SRGridStrategyUser-000,BTC/USDT.SIM,SIM-1-2756,BTC/USDT.SIM-SRGridStrategyUser-000,SIM-001,T-6d673616a2b6d539-316071,LIMIT,BUY,0.064028,78091.13,GTC,,0.064028,MAKER,78091.13,0.0,['1.00000000 USDT'],FILLED,False,False,False,,NO_TRIGGER,,NO_CONTINGENCY,,,,,,,,82fc773b-2e18-4042-b45c-72542a5fd6d2,2026-05-17 13:20:00+00:00,2026-05-17 14:05:00+00:00
TESTER-001,SRGridStrategyUser-000,BTC/USDT.SIM,SIM-1-2757,BTC/USDT.SIM-SRGridStrategyUser-000,SIM-001,T-1966cfc1c2a70ca1-316078,LIMIT,BUY,0.064150,77942.28,GTC,,0.064150,MAKER,77942.28,0.0,['1.00000000 USDT'],FILLED,False,False,False,,NO_TRIGGER,,NO_CONTINGENCY,,,,,,,,fbda7168-5575-4a6e-9651-18dbdb4fae19,2026-05-17 13:20:00+00:00,2026-05-17 14:15:00+00:00
TESTER-001,SRGridStrategyUser-000,BTC/USDT.SIM,SIM-1-2758,BTC/USDT.SIM-SRGridStrategyUser-000,SIM-001,T-ca7367d125281e82-316328,LIMIT,SELL,0.063785,78388.83,GTC,,0.063785,MAKER,78388.83,0.0,['1.00000000 USDT'],FILLED,False,False,False,,NO_TRIGGER,,NO_CONTINGENCY,,,,,,,,97b6b4ee-c2d8-4948-a3d8-7ec5f8f00843,2026-05-17 13:20:00+00:00,2026-05-17 19:40:00+00:00
TESTER-001,SRGridStrategyUser-000,BTC/USDT.SIM,SIM-1-2760,BTC/USDT.SIM-SRGridStrategyUser-000,SIM-001,T-ca7367d125281e82-316329,LIMIT,SELL,0.063785,78388.83,GTC,,0.063785,MAKER,78388.83,0.0,['1.00000000 USDT'],FILLED,False,False,False,,NO_TRIGGER,,NO_CONTINGENCY,,,,,,,,90cd2ba7-4add-47f7-8dac-f95d376e940e,2026-05-17 14:05:00+00:00,2026-05-17 19:40:00+00:00
TESTER-001,SRGridStrategyUser-000,BTC/USDT.SIM,SIM-1-2762,BTC/USDT.SIM-SRGridStrategyUser-000,SIM-001,T-ca7367d125281e82-316330,LIMIT,SELL,0.063785,78388.83,GTC,,0.063785,MAKER,78388.83,0.0,['1.00000000 USDT'],FILLED,False,False,False,,NO_TRIGGER,,NO_CONTINGENCY,,,,,,,,4d8004e0-5fae-4252-9969-e5cac23166c4,2026-05-17 14:15:00+00:00,2026-05-17 19:40:00+00:00
TESTER-001,SRGridStrategyUser-000,BTC/USDT.SIM,SIM-1-2764,BTC/USDT.SIM-SRGridStrategyUser-000,SIM-001,T-184c09d8d513f631-316816,LIMIT,BUY,0.065076,76833.23,GTC,,0.065076,MAKER,76833.23,0.0,['1.00000000 USDT'],FILLED,False,False,False,,NO_TRIGGER,,NO_CONTINGENCY,,,,,,,,5e3fc4bc-76e4-47ad-9472-06b297e3ca8c,2026-05-18 05:20:00+00:00,2026-05-18 06:05:00+00:00
TESTER-001,SRGridStrategyUser-000,BTC/USDT.SIM,SIM-1-2765,BTC/USDT.SIM-SRGridStrategyUser-000,SIM-001,T-12d926f117e0bb8b-316821,LIMIT,BUY,0.065242,76637.90,GTC,,0.065242,MAKER,76637.90000000001,0.0,['1.00000000 USDT'],FILLED,False,False,False,,NO_TRIGGER,,NO_CONTINGENCY,,,,,,,,6db49103-8496-4af7-a5dc-066dd85a4cea,2026-05-18 05:20:00+00:00,2026-05-18 06:10:00+00:00
TESTER-001,SRGridStrategyUser-000,BTC/USDT.SIM,SIM-1-2766,BTC/USDT.SIM-SRGridStrategyUser-000,SIM-001,T-c3da2a2e478c9a50-317071,LIMIT,SELL,0.064747,77223.89,GTC,,0.064747,MAKER,77223.89,0.0,['1.00000000 USDT'],FILLED,False,False,False,,NO_TRIGGER,,NO_CONTINGENCY,,,,,,,,693cf458-4e0f-4611-998d-387d1e1e9dcb,2026-05-18 05:20:00+00:00,2026-05-18 11:40:00+00:00
TESTER-001,SRGridStrategyUser-000,BTC/USDT.SIM,SIM-1-2767,BTC/USDT.SIM-SRGridStrategyUser-000,SIM-001,T-293f754db0fe9f5e-317090,LIMIT,SELL,0.064583,77419.22,GTC,,0.064583,MAKER,77419.22,0.0,['1.00000000 USDT'],FILLED,False,False,False,,NO_TRIGGER,,NO_CONTINGENCY,,,,,,,,5f1678db-d2da-451d-b8d0-bec15c6c1b56,2026-05-18 05:20:00+00:00,2026-05-18 12:00:00+00:00
TESTER-001,SRGridStrategyUser-000,BTC/USDT.SIM,SIM-1-2768,BTC/USDT.SIM-SRGridStrategyUser-000,SIM-001,T-c3da2a2e478c9a50-317072,LIMIT,SELL,0.064747,77223.89,GTC,,0.064747,MAKER,77223.89,0.0,['1.00000000 USDT'],FILLED,False,False,False,,NO_TRIGGER,,NO_CONTINGENCY,,,,,,,,cf5edc4a-def7-45b1-86f0-883c0af2b7c2,2026-05-18 06:05:00+00:00,2026-05-18 11:40:00+00:00
TESTER-001,SRGridStrategyUser-000,BTC/USDT.SIM,SIM-1-2769,BTC/USDT.SIM-SRGridStrategyUser-000,SIM-001,T-293f754db0fe9f5e-317091,LIMIT,SELL,0.064583,77419.22,GTC,,0.064583,MAKER,77419.22,0.0,['1.00000000 USDT'],FILLED,False,False,False,,NO_TRIGGER,,NO_CONTINGENCY,,,,,,,,188d5dc8-01b8-425f-a2cb-3794b64bee97,2026-05-18 06:05:00+00:00,2026-05-18 12:00:00+00:00
TESTER-001,SRGridStrategyUser-000,BTC/USDT.SIM,SIM-1-2770,BTC/USDT.SIM-SRGridStrategyUser-000,SIM-001,T-c3da2a2e478c9a50-317073,LIMIT,SELL,0.064747,77223.89,GTC,,0.064747,MAKER,77223.89,0.0,['1.00000000 USDT'],FILLED,False,False,False,,NO_TRIGGER,,NO_CONTINGENCY,,,,,,,,80cfd910-c620-4ac3-a5ef-2cfa50486bac,2026-05-18 06:10:00+00:00,2026-05-18 11:40:00+00:00
TESTER-001,SRGridStrategyUser-000,BTC/USDT.SIM,SIM-1-2771,BTC/USDT.SIM-SRGridStrategyUser-000,SIM-001,T-293f754db0fe9f5e-317092,LIMIT,SELL,0.064583,77419.22,GTC,,0.064583,MAKER,77419.22,0.0,['1.00000000 USDT'],FILLED,False,False,False,,NO_TRIGGER,,NO_CONTINGENCY,,,,,,,,552b1349-0f9a-4b0e-a2ad-e512ecdf181c,2026-05-18 06:10:00+00:00,2026-05-18 12:00:00+00:00
TESTER-001,SRGridStrategyUser-000,BTC/USDT.SIM,SIM-1-2772,BTC/USDT.SIM-SRGridStrategyUser-000,SIM-001,T-e78d73abd800337d-317716,LIMIT,BUY,0.065136,76761.99,GTC,,0.065136,MAKER,76761.99,0.0,['1.00000000 USDT'],FILLED,False,False,False,,NO_TRIGGER,,NO_CONTINGENCY,,,,,,,,c39a572b-78c8-4d82-a60e-8c5fe5b8e68b,2026-05-18 21:20:00+00:00,2026-05-19 01:25:00+00:00
TESTER-001,SRGridStrategyUser-000,BTC/USDT.SIM,SIM-1-2773,BTC/USDT.SIM-SRGridStrategyUser-000,SIM-001,T-7d456c6e70670328-317743,LIMIT,BUY,0.065323,76542.89,GTC,,0.065323,MAKER,76542.89,0.0,['1.00000000 USDT'],FILLED,False,False,False,,NO_TRIGGER,,NO_CONTINGENCY,,,,,,,,4c7b82d7-a4b2-463d-8e47-e89224fe5d76,2026-05-18 21:20:00+00:00,2026-05-19 02:00:00+00:00
TESTER-001,SRGridStrategyUser-000,BTC/USDT.SIM,SIM-1-2774,BTC/USDT.SIM-SRGridStrategyUser-000,SIM-001,T-a0f2eefab1393ef3-318273,LIMIT,BUY,0.065269,76605.79,GTC,,0.065269,MAKER,76605.79,0.0,['1.00000000 USDT'],FILLED,False,False,False,,NO_TRIGGER,,NO_CONTINGENCY,,,,,,,,c0ffe6f4-d06e-438d-9020-2a59820d3309,2026-05-19 13:20:00+00:00,2026-05-19 13:25:00+00:00
TESTER-001,SRGridStrategyUser-000,BTC/USDT.SIM,SIM-1-2775,BTC/USDT.SIM-SRGridStrategyUser-000,SIM-001,T-9686ff7ffa5be8fc-318314,LIMIT,BUY,0.065427,76421.27,GTC,,0.065427,MAKER,76421.27,0.0,['1.00000000 USDT'],FILLED,False,False,False,,NO_TRIGGER,,NO_CONTINGENCY,,,,,,,,0e70599a-d73c-4720-b30e-04c1da6f1756,2026-05-19 13:20:00+00:00,2026-05-19 14:15:00+00:00
TESTER-001,SRGridStrategyUser-000,BTC/USDT.SIM,SIM-1-2776,BTC/USDT.SIM-SRGridStrategyUser-000,SIM-001,T-8ae59f40a4c9ba64-318281,LIMIT,SELL,0.064956,76974.83,GTC,,0.064956,MAKER,76974.83,0.0,['1.00000000 USDT'],FILLED,False,False,False,,NO_TRIGGER,,NO_CONTINGENCY,,,,,,,,32d1feb4-90c3-4a43-a3cf-30407156385d,2026-05-19 13:20:00+00:00,2026-05-19 13:35:00+00:00
TESTER-001,SRGridStrategyUser-000,BTC/USDT.SIM,SIM-1-2777,BTC/USDT.SIM-SRGridStrategyUser-000,SIM-001,T-9cb3903245530a91-319003,LIMIT,SELL,0.064801,77159.35,GTC,,0.064801,MAKER,77159.35,0.0,['1.00000000 USDT'],FILLED,False,False,False,,NO_TRIGGER,,NO_CONTINGENCY,,,,,,,,02db37c0-0d1f-46f1-ae64-c367f22cfcdc,2026-05-19 13:20:00+00:00,2026-05-20 05:10:00+00:00
TESTER-001,SRGridStrategyUser-000,BTC/USDT.SIM,SIM-1-2778,BTC/USDT.SIM-SRGridStrategyUser-000,SIM-001,T-8ae59f40a4c9ba64-318282,LIMIT,SELL,0.064956,76974.83,GTC,,0.064956,MAKER,76974.83,0.0,['1.00000000 USDT'],FILLED,False,False,False,,NO_TRIGGER,,NO_CONTINGENCY,,,,,,,,7f3e9737-4486-4bec-a267-d3bad0414032,2026-05-19 13:25:00+00:00,2026-05-19 13:35:00+00:00
TESTER-001,SRGridStrategyUser-000,BTC/USDT.SIM,SIM-1-2779,BTC/USDT.SIM-SRGridStrategyUser-000,SIM-001,T-9cb3903245530a91-319004,LIMIT,SELL,0.064801,77159.35,GTC,,0.064801,MAKER,77159.35,0.0,['1.00000000 USDT'],FILLED,False,False,False,,NO_TRIGGER,,NO_CONTINGENCY,,,,,,,,ad7a725c-7978-4be1-ad06-3ede590c258a,2026-05-19 13:25:00+00:00,2026-05-20 05:10:00+00:00
TESTER-001,SRGridStrategyUser-000,BTC/USDT.SIM,SIM-1-2780,BTC/USDT.SIM-SRGridStrategyUser-000,SIM-001,T-9686ff7ffa5be8fc-318315,LIMIT,BUY,0.065427,76421.27,GTC,,0.065427,MAKER,76421.27,0.0,['1.00000000 USDT'],FILLED,False,False,False,,NO_TRIGGER,,NO_CONTINGENCY,,,,,,,,dde56e0b-84f3-4d48-9ee0-06f60b3d8707,2026-05-19 13:35:00+00:00,2026-05-19 14:15:00+00:00
TESTER-001,SRGridStrategyUser-000,BTC/USDT.SIM,SIM-1-2781,BTC/USDT.SIM-SRGridStrategyUser-000,SIM-001,T-9cb3903245530a91-319005,LIMIT,SELL,0.064801,77159.35,GTC,,0.064801,MAKER,77159.35,0.0,['1.00000000 USDT'],FILLED,False,False,False,,NO_TRIGGER,,NO_CONTINGENCY,,,,,,,,7b046d9d-a5a4-4880-9f4d-d31f6fb2aef3,2026-05-19 14:15:00+00:00,2026-05-20 05:10:00+00:00
TESTER-001,SRGridStrategyUser-000,BTC/USDT.SIM,SIM-1-2782,BTC/USDT.SIM-SRGridStrategyUser-000,SIM-001,T-fdf64e8a23794390-319396,LIMIT,BUY,0.064959,76971.95,GTC,,0.064959,MAKER,76971.95,0.0,['1.00000000 USDT'],FILLED,False,False,False,,NO_TRIGGER,,NO_CONTINGENCY,,,,,,,,18231a06-5b6e-4c61-be15-d50a2a1ce67e,2026-05-20 05:20:00+00:00,2026-05-20 13:35:00+00:00
TESTER-001,SRGridStrategyUser-000,BTC/USDT.SIM,SIM-1-2784,BTC/USDT.SIM-SRGridStrategyUser-000,SIM-001,T-1eb87471022d98e7-319783,LIMIT,BUY,0.064557,77450.39,GTC,,0.064557,MAKER,77450.39,0.0,['1.00000000 USDT'],FILLED,False,False,False,,NO_TRIGGER,,NO_CONTINGENCY,,,,,,,,4dda28c8-1470-4036-8a20-04d750c80373,2026-05-20 21:20:00+00:00,2026-05-20 22:00:00+00:00
TESTER-001,SRGridStrategyUser-000,BTC/USDT.SIM,SIM-1-2785,BTC/USDT.SIM-SRGridStrategyUser-000,SIM-001,T-1f481a693eff21fe-319800,LIMIT,BUY,0.064735,77237.96,GTC,,0.064735,MAKER,77237.95999999999,0.0,['1.00000000 USDT'],FILLED,False,False,False,,NO_TRIGGER,,NO_CONTINGENCY,,,,,,,,58387764-bf03-4ddb-8bc7-72ff5a7253ab,2026-05-20 21:20:00+00:00,2026-05-20 22:20:00+00:00
TESTER-001,SRGridStrategyUser-000,BTC/USDT.SIM,SIM-1-2786,BTC/USDT.SIM-SRGridStrategyUser-000,SIM-001,T-e72d48ab963b8fc7-319912,LIMIT,SELL,0.064205,77875.25,GTC,,0.064205,MAKER,77875.25,0.0,['1.00000000 USDT'],FILLED,False,False,False,,NO_TRIGGER,,NO_CONTINGENCY,,,,,,,,6c939135-48ca-43a2-b0cc-cc8ef6d6cce9,2026-05-20 21:20:00+00:00,2026-05-21 00:45:00+00:00
TESTER-001,SRGridStrategyUser-000,BTC/USDT.SIM,SIM-1-2787,BTC/USDT.SIM-SRGridStrategyUser-000,SIM-001,T-b1d344152725c83e-319934,LIMIT,SELL,0.030025,78087.68,GTC,,0.030025,MAKER,78087.68,0.0,['0.47000000 USDT'],FILLED,False,False,False,,NO_TRIGGER,,NO_CONTINGENCY,,,,,,,,6b66b0ed-ab9b-41e3-a6a0-81dd4e431cc5,2026-05-20 21:20:00+00:00,2026-05-21 01:10:00+00:00
TESTER-001,SRGridStrategyUser-000,BTC/USDT.SIM,SIM-1-2788,BTC/USDT.SIM-SRGridStrategyUser-000,SIM-001,T-e72d48ab963b8fc7-319913,LIMIT,SELL,0.064205,77875.25,GTC,,0.064205,MAKER,77875.25,0.0,['1.00000000 USDT'],FILLED,False,False,False,,NO_TRIGGER,,NO_CONTINGENCY,,,,,,,,f190fba2-f0d3-4d50-8a92-914192041be5,2026-05-20 22:00:00+00:00,2026-05-21 00:45:00+00:00
TESTER-001,SRGridStrategyUser-000,BTC/USDT.SIM,SIM-1-2789,BTC/USDT.SIM-SRGridStrategyUser-000,SIM-001,T-b1d344152725c83e-319935,LIMIT,SELL,0.036631,78087.68,GTC,,0.036631,MAKER,78087.68,0.0,['0.57000000 USDT'],FILLED,False,False,False,,NO_TRIGGER,,NO_CONTINGENCY,,,,,,,,0e8db2ce-de81-4d2e-8dc0-4cf9a3fdfe40,2026-05-20 22:00:00+00:00,2026-05-21 01:10:00+00:00
TESTER-001,SRGridStrategyUser-000,BTC/USDT.SIM,SIM-1-2790,BTC/USDT.SIM-SRGridStrategyUser-000,SIM-001,T-e72d48ab963b8fc7-319914,LIMIT,SELL,0.064205,77875.25,GTC,,0.064205,MAKER,77875.25,0.0,['1.00000000 USDT'],FILLED,False,False,False,,NO_TRIGGER,,NO_CONTINGENCY,,,,,,,,ace6800d-b8da-4832-8912-5b6a4b0381da,2026-05-20 22:20:00+00:00,2026-05-21 00:45:00+00:00
TESTER-001,SRGridStrategyUser-000,BTC/USDT.SIM,SIM-1-2791,BTC/USDT.SIM-SRGridStrategyUser-000,SIM-001,T-b1d344152725c83e-319936,LIMIT,SELL,0.043205,78087.68,GTC,,0.043205,MAKER,78087.68,0.0,['0.67000000 USDT'],FILLED,False,False,False,,NO_TRIGGER,,NO_CONTINGENCY,,,,,,,,b89e796e-e335-49eb-bf37-f6e784a6d0d2,2026-05-20 22:20:00+00:00,2026-05-21 01:10:00+00:00
TESTER-001,SRGridStrategyUser-000,BTC/USDT.SIM,SIM-1-2792,BTC/USDT.SIM-SRGridStrategyUser-000,SIM-001,T-7ed5ddf1c2adb851-320503,LIMIT,BUY,0.064871,77075.99,GTC,,0.064871,MAKER,77075.99,0.0,['1.00000000 USDT'],FILLED,False,False,False,,NO_TRIGGER,,NO_CONTINGENCY,,,,,,,,f0399c05-8ba9-4334-9ee7-96ad54c39958,2026-05-21 13:20:00+00:00,2026-05-21 13:35:00+00:00
TESTER-001,SRGridStrategyUser-000,BTC/USDT.SIM,SIM-1-2793,BTC/USDT.SIM-SRGridStrategyUser-000,SIM-001,T-daacac6bf296b448-320508,LIMIT,BUY,0.065048,76865.85,GTC,,0.065048,MAKER,76865.84999999999,0.0,['1.00000000 USDT'],FILLED,False,False,False,,NO_TRIGGER,,NO_CONTINGENCY,,,,,,,,43e1da87-4307-4172-b055-8e2f6c64720c,2026-05-21 13:20:00+00:00,2026-05-21 13:40:00+00:00
TESTER-001,SRGridStrategyUser-000,BTC/USDT.SIM,SIM-1-2794,BTC/USDT.SIM-SRGridStrategyUser-000,SIM-001,T-898a19b605f1ca37-321266,LIMIT,BUY,0.064560,77447.04,GTC,,0.064560,MAKER,77447.04,0.0,['1.00000000 USDT'],FILLED,False,False,False,,NO_TRIGGER,,NO_CONTINGENCY,,,,,,,,c9b7b72d-7704-432f-a2ca-5123bb5d01cf,2026-05-22 05:20:00+00:00,2026-05-22 06:05:00+00:00
TESTER-001,SRGridStrategyUser-000,BTC/USDT.SIM,SIM-1-2795,BTC/USDT.SIM-SRGridStrategyUser-000,SIM-001,T-c98cf0086b6eac46-321309,LIMIT,BUY,0.064668,77318.56,GTC,,0.064668,MAKER,77318.56,0.0,['1.00000000 USDT'],FILLED,False,False,False,,NO_TRIGGER,,NO_CONTINGENCY,,,,,,,,952341bc-3ac1-4a2c-a106-8301aa85d38b,2026-05-22 05:20:00+00:00,2026-05-22 07:00:00+00:00
TESTER-001,SRGridStrategyUser-000,BTC/USDT.SIM,SIM-1-2802,BTC/USDT.SIM-SRGridStrategyUser-000,SIM-001,T-2a1e14826cfa6bf4-322018,LIMIT,BUY,0.065941,75824.88,GTC,,0.065941,MAKER,75824.88,0.0,['1.00000000 USDT'],FILLED,False,False,False,,NO_TRIGGER,,NO_CONTINGENCY,,,,,,,,cae349e1-1c80-46b9-8291-a0ea281de8fe,2026-05-22 21:20:00+00:00,2026-05-22 22:15:00+00:00
TESTER-001,SRGridStrategyUser-000,BTC/USDT.SIM,SIM-1-2803,BTC/USDT.SIM-SRGridStrategyUser-000,SIM-001,T-a506fd0dee272be8-322037,LIMIT,BUY,0.066114,75626.98,GTC,,0.066114,MAKER,75626.98,0.0,['1.00000000 USDT'],FILLED,False,False,False,,NO_TRIGGER,,NO_CONTINGENCY,,,,,,,,a8abdab0-bffb-4523-9b40-d397c7d95deb,2026-05-22 21:20:00+00:00,2026-05-22 22:40:00+00:00
TESTER-001,SRGridStrategyUser-000,BTC/USDT.SIM,SIM-1-2812,BTC/USDT.SIM-SRGridStrategyUser-000,SIM-001,T-3e9a04602621381e-322729,LIMIT,SELL,0.066544,75138.69,GTC,,0.066544,MAKER,75138.69,0.0,['1.00000000 USDT'],FILLED,False,False,False,,NO_TRIGGER,,NO_CONTINGENCY,,,,,,,,c1efde47-9da0-4ccb-8307-2a3df7cabaf6,2026-05-23 13:20:00+00:00,2026-05-23 13:45:00+00:00
TESTER-001,SRGridStrategyUser-000,BTC/USDT.SIM,SIM-1-2813,BTC/USDT.SIM-SRGridStrategyUser-000,SIM-001,T-4c0fbfd386c6d6f8-322757,LIMIT,SELL,0.066413,75286.23,GTC,,0.066413,MAKER,75286.23,0.0,['1.00000000 USDT'],FILLED,False,False,False,,NO_TRIGGER,,NO_CONTINGENCY,,,,,,,,223b834e-4fb1-4042-85d8-34b9858625e6,2026-05-23 13:20:00+00:00,2026-05-23 14:20:00+00:00
TESTER-001,SRGridStrategyUser-000,BTC/USDT.SIM,SIM-1-2818,BTC/USDT.SIM-SRGridStrategyUser-000,SIM-001,T-fb397d4c1c7b2dc7-323849,LIMIT,BUY,0.065245,76633.93,GTC,,0.065245,MAKER,76633.93,0.0,['1.00000000 USDT'],FILLED,False,False,False,,NO_TRIGGER,,NO_CONTINGENCY,,,,,,,,ba4bdf36-083d-4800-9465-d7d968862f28,2026-05-24 05:20:00+00:00,2026-05-24 14:10:00+00:00
TESTER-001,SRGridStrategyUser-000,BTC/USDT.SIM,SIM-1-2819,BTC/USDT.SIM-SRGridStrategyUser-000,SIM-001,T-fb397d4c1c7b2dc7-323853,LIMIT,BUY,0.065310,76557.84,GTC,,0.065310,MAKER,76557.84,0.0,['1.00000000 USDT'],FILLED,False,False,False,,NO_TRIGGER,,NO_CONTINGENCY,,,,,,,,ca431384-2bd5-449f-9f94-6505ed8990af,2026-05-24 05:20:00+00:00,2026-05-24 14:10:00+00:00
TESTER-001,SRGridStrategyUser-000,BTC/USDT.SIM,SIM-1-2820,BTC/USDT.SIM-SRGridStrategyUser-000,SIM-001,T-e76e5ec1d950c9c2-323467,LIMIT,SELL,0.065116,76786.09,GTC,,0.065116,MAKER,76786.09,0.0,['1.00000000 USDT'],FILLED,False,False,False,,NO_TRIGGER,,NO_CONTINGENCY,,,,,,,,8edd2c50-31f6-489f-88ab-11c2d6f1d0a3,2026-05-24 05:20:00+00:00,2026-05-24 05:50:00+00:00
TESTER-001,SRGridStrategyUser-000,BTC/USDT.SIM,SIM-1-2821,BTC/USDT.SIM-SRGridStrategyUser-000,SIM-001,T-cd4ccbbf2723357a-323508,LIMIT,SELL,0.065051,76862.18,GTC,,0.065051,MAKER,76862.18,0.0,['1.00000000 USDT'],FILLED,False,False,False,,NO_TRIGGER,,NO_CONTINGENCY,,,,,,,,92b412ab-088c-4f7a-ab1c-a36ea1ff4a52,2026-05-24 05:20:00+00:00,2026-05-24 06:45:00+00:00
TESTER-001,SRGridStrategyUser-000,BTC/USDT.SIM,SIM-1-2822,BTC/USDT.SIM-SRGridStrategyUser-000,SIM-001,T-fb397d4c1c7b2dc7-323850,LIMIT,BUY,0.065245,76633.93,GTC,,0.065245,MAKER,76633.93,0.0,['1.00000000 USDT'],FILLED,False,False,False,,NO_TRIGGER,,NO_CONTINGENCY,,,,,,,,9aca7de7-12c3-4ef7-977f-327940968f6c,2026-05-24 05:50:00+00:00,2026-05-24 14:10:00+00:00
TESTER-001,SRGridStrategyUser-000,BTC/USDT.SIM,SIM-1-2823,BTC/USDT.SIM-SRGridStrategyUser-000,SIM-001,T-fb397d4c1c7b2dc7-323854,LIMIT,BUY,0.065310,76557.84,GTC,,0.065310,MAKER,76557.84,0.0,['1.00000000 USDT'],FILLED,False,False,False,,NO_TRIGGER,,NO_CONTINGENCY,,,,,,,,157b3df8-363d-42b1-aea1-e64a83177f46,2026-05-24 05:50:00+00:00,2026-05-24 14:10:00+00:00
TESTER-001,SRGridStrategyUser-000,BTC/USDT.SIM,SIM-1-2824,BTC/USDT.SIM-SRGridStrategyUser-000,SIM-001,T-fb397d4c1c7b2dc7-323851,LIMIT,BUY,0.065245,76633.93,GTC,,0.065245,MAKER,76633.93,0.0,['1.00000000 USDT'],FILLED,False,False,False,,NO_TRIGGER,,NO_CONTINGENCY,,,,,,,,a5b4950b-530e-44ae-9b70-6ef9e402c2dc,2026-05-24 06:45:00+00:00,2026-05-24 14:10:00+00:00
TESTER-001,SRGridStrategyUser-000,BTC/USDT.SIM,SIM-1-2825,BTC/USDT.SIM-SRGridStrategyUser-000,SIM-001,T-fb397d4c1c7b2dc7-323855,LIMIT,BUY,0.065310,76557.84,GTC,,0.065310,MAKER,76557.84,0.0,['1.00000000 USDT'],FILLED,False,False,False,,NO_TRIGGER,,NO_CONTINGENCY,,,,,,,,7db57cd9-bf77-47ae-ae5f-6d5b82b42145,2026-05-24 06:45:00+00:00,2026-05-24 14:10:00+00:00
TESTER-001,SRGridStrategyUser-000,BTC/USDT.SIM,SIM-1-2826,BTC/USDT.SIM-SRGridStrategyUser-000,SIM-001,T-13d0d0988c69449c-324184,LIMIT,BUY,0.065301,76568.56,GTC,,0.065301,MAKER,76568.56,0.0,['1.00000000 USDT'],FILLED,False,False,False,,NO_TRIGGER,,NO_CONTINGENCY,,,,,,,,ce6a57cb-7ccd-4fac-9f71-336ad019569d,2026-05-24 21:20:00+00:00,2026-05-24 21:25:00+00:00
TESTER-001,SRGridStrategyUser-000,BTC/USDT.SIM,SIM-1-2827,BTC/USDT.SIM-SRGridStrategyUser-000,SIM-001,T-39373b122913589c-324189,LIMIT,BUY,0.065423,76426.18,GTC,,0.065423,MAKER,76426.18,0.0,['1.00000000 USDT'],FILLED,False,False,False,,NO_TRIGGER,,NO_CONTINGENCY,,,,,,,,974a5b2b-039b-45cf-91d3-5a1e0f9450f9,2026-05-24 21:20:00+00:00,2026-05-24 21:30:00+00:00
TESTER-001,SRGridStrategyUser-000,BTC/USDT.SIM,SIM-1-2828,BTC/USDT.SIM-SRGridStrategyUser-000,SIM-001,T-35cd1ebbf98c7810-324217,LIMIT,SELL,0.065059,76853.32,GTC,,0.065059,MAKER,76853.31999999999,0.0,['1.00000000 USDT'],FILLED,False,False,False,,NO_TRIGGER,,NO_CONTINGENCY,,,,,,,,c2d55b3a-705b-4fc0-889a-a49bc57490e4,2026-05-24 21:20:00+00:00,2026-05-24 22:05:00+00:00
TESTER-001,SRGridStrategyUser-000,BTC/USDT.SIM,SIM-1-2829,BTC/USDT.SIM-SRGridStrategyUser-000,SIM-001,T-5463cfb0395ed497-324224,LIMIT,SELL,0.064939,76995.70,GTC,,0.064939,MAKER,76995.7,0.0,['1.00000000 USDT'],FILLED,False,False,False,,NO_TRIGGER,,NO_CONTINGENCY,,,,,,,,15e08d7d-815f-45fd-b934-106bdbe63618,2026-05-24 21:20:00+00:00,2026-05-24 22:10:00+00:00
TESTER-001,SRGridStrategyUser-000,BTC/USDT.SIM,SIM-1-2830,BTC/USDT.SIM-SRGridStrategyUser-000,SIM-001,T-35cd1ebbf98c7810-324218,LIMIT,SELL,0.065059,76853.32,GTC,,0.065059,MAKER,76853.31999999999,0.0,['1.00000000 USDT'],FILLED,False,False,False,,NO_TRIGGER,,NO_CONTINGENCY,,,,,,,,0c31f27e-55ec-4cbe-9a4c-bef6a85ecc1d,2026-05-24 21:25:00+00:00,2026-05-24 22:05:00+00:00
TESTER-001,SRGridStrategyUser-000,BTC/USDT.SIM,SIM-1-2831,BTC/USDT.SIM-SRGridStrategyUser-000,SIM-001,T-5463cfb0395ed497-324225,LIMIT,SELL,0.064939,76995.70,GTC,,0.064939,MAKER,76995.7,0.0,['1.00000000 USDT'],FILLED,False,False,False,,NO_TRIGGER,,NO_CONTINGENCY,,,,,,,,03bda519-83f8-4ddd-9ce5-eb17c05b854d,2026-05-24 21:25:00+00:00,2026-05-24 22:10:00+00:00
TESTER-001,SRGridStrategyUser-000,BTC/USDT.SIM,SIM-1-2832,BTC/USDT.SIM-SRGridStrategyUser-000,SIM-001,T-35cd1ebbf98c7810-324219,LIMIT,SELL,0.065059,76853.32,GTC,,0.065059,MAKER,76853.31999999999,0.0,['1.00000000 USDT'],FILLED,False,False,False,,NO_TRIGGER,,NO_CONTINGENCY,,,,,,,,57e0975f-2556-42fe-80db-bc45c37463dd,2026-05-24 21:30:00+00:00,2026-05-24 22:05:00+00:00
TESTER-001,SRGridStrategyUser-000,BTC/USDT.SIM,SIM-1-2833,BTC/USDT.SIM-SRGridStrategyUser-000,SIM-001,T-5463cfb0395ed497-324226,LIMIT,SELL,0.064939,76995.70,GTC,,0.064939,MAKER,76995.7,0.0,['1.00000000 USDT'],FILLED,False,False,False,,NO_TRIGGER,,NO_CONTINGENCY,,,,,,,,1fd1f9ca-af01-4bd9-808e-023ef77daf2a,2026-05-24 21:30:00+00:00,2026-05-24 22:10:00+00:00
TESTER-001,SRGridStrategyUser-000,BTC/USDT.SIM,SIM-1-2834,BTC/USDT.SIM-SRGridStrategyUser-000,SIM-001,T-7c446f745193d722-325337,LIMIT,BUY,0.064765,77202.51,GTC,,0.064765,MAKER,77202.51,0.0,['1.00000000 USDT'],FILLED,False,False,False,,NO_TRIGGER,,NO_CONTINGENCY,,,,,,,,a8581221-c761-4a0d-8098-490b9ae97c98,2026-05-25 13:20:00+00:00,2026-05-25 22:30:00+00:00
TESTER-001,SRGridStrategyUser-000,BTC/USDT.SIM,SIM-1-2835,BTC/USDT.SIM-SRGridStrategyUser-000,SIM-001,T-55e1f8dc68a456e2-325344,LIMIT,BUY,0.064884,77061.12,GTC,,0.064884,MAKER,77061.12,0.0,['1.00000000 USDT'],FILLED,False,False,False,,NO_TRIGGER,,NO_CONTINGENCY,,,,,,,,9d2e141f-fefb-4aa7-ac83-5d462424c9fc,2026-05-25 13:20:00+00:00,2026-05-25 22:35:00+00:00
TESTER-001,SRGridStrategyUser-000,BTC/USDT.SIM,SIM-1-2836,BTC/USDT.SIM-SRGridStrategyUser-000,SIM-001,T-7090ca0bbf44f30f-324953,LIMIT,SELL,0.064528,77485.29,GTC,,0.064528,MAKER,77485.29,0.0,['1.00000000 USDT'],FILLED,False,False,False,,NO_TRIGGER,,NO_CONTINGENCY,,,,,,,,7c59168a-3b8c-40fa-b7de-51bf95d0223f,2026-05-25 13:20:00+00:00,2026-05-25 14:05:00+00:00
TESTER-001,SRGridStrategyUser-000,BTC/USDT.SIM,SIM-1-2837,BTC/USDT.SIM-SRGridStrategyUser-000,SIM-001,T-1b3dd9fae787cae9-324985,LIMIT,SELL,0.064411,77626.68,GTC,,0.064411,MAKER,77626.68000000001,0.0,['1.00000000 USDT'],FILLED,False,False,False,,NO_TRIGGER,,NO_CONTINGENCY,,,,,,,,f682540d-acf0-4283-bf6e-89e2d6ac0f36,2026-05-25 13:20:00+00:00,2026-05-25 14:45:00+00:00
TESTER-001,SRGridStrategyUser-000,BTC/USDT.SIM,SIM-1-2838,BTC/USDT.SIM-SRGridStrategyUser-000,SIM-001,T-7c446f745193d722-325338,LIMIT,BUY,0.064765,77202.51,GTC,,0.064765,MAKER,77202.51,0.0,['1.00000000 USDT'],FILLED,False,False,False,,NO_TRIGGER,,NO_CONTINGENCY,,,,,,,,5c938c46-fcc2-4f18-a647-1b40d06b6b24,2026-05-25 14:05:00+00:00,2026-05-25 22:30:00+00:00
TESTER-001,SRGridStrategyUser-000,BTC/USDT.SIM,SIM-1-2839,BTC/USDT.SIM-SRGridStrategyUser-000,SIM-001,T-55e1f8dc68a456e2-325345,LIMIT,BUY,0.064884,77061.12,GTC,,0.064884,MAKER,77061.12,0.0,['1.00000000 USDT'],FILLED,False,False,False,,NO_TRIGGER,,NO_CONTINGENCY,,,,,,,,52d0fb7a-2c97-4772-9a4d-719a02d627c4,2026-05-25 14:05:00+00:00,2026-05-25 22:35:00+00:00
TESTER-001,SRGridStrategyUser-000,BTC/USDT.SIM,SIM-1-2840,BTC/USDT.SIM-SRGridStrategyUser-000,SIM-001,T-7c446f745193d722-325339,LIMIT,BUY,0.064765,77202.51,GTC,,0.064765,MAKER,77202.51,0.0,['1.00000000 USDT'],FILLED,False,False,False,,NO_TRIGGER,,NO_CONTINGENCY,,,,,,,,16c1c635-60c1-4e1f-8477-bf72ddfaf871,2026-05-25 14:45:00+00:00,2026-05-25 22:30:00+00:00
TESTER-001,SRGridStrategyUser-000,BTC/USDT.SIM,SIM-1-2841,BTC/USDT.SIM-SRGridStrategyUser-000,SIM-001,T-55e1f8dc68a456e2-325346,LIMIT,BUY,0.064884,77061.12,GTC,,0.064884,MAKER,77061.12,0.0,['1.00000000 USDT'],FILLED,False,False,False,,NO_TRIGGER,,NO_CONTINGENCY,,,,,,,,75a65346-b75d-4de9-bb9e-a97f4253ff30,2026-05-25 14:45:00+00:00,2026-05-25 22:35:00+00:00
TESTER-001,SRGridStrategyUser-000,BTC/USDT.SIM,SIM-1-2842,BTC/USDT.SIM-SRGridStrategyUser-000,SIM-001,T-286910f22936dd83-325732,LIMIT,BUY,0.065160,76734.08,GTC,,0.065160,MAKER,76734.08,0.0,['1.00000000 USDT'],FILLED,False,False,False,,NO_TRIGGER,,NO_CONTINGENCY,,,,,,,,57f6d3a6-c309-4f3b-99f9-c87e36a78df9,2026-05-26 05:20:00+00:00,2026-05-26 07:10:00+00:00
TESTER-001,SRGridStrategyUser-000,BTC/USDT.SIM,SIM-1-2843,BTC/USDT.SIM-SRGridStrategyUser-000,SIM-001,T-095b5d76e0ae00e0-325738,LIMIT,BUY,0.065268,76606.82,GTC,,0.065268,MAKER,76606.81999999999,0.0,['1.00000000 USDT'],FILLED,False,False,False,,NO_TRIGGER,,NO_CONTINGENCY,,,,,,,,8ebba4ee-e245-4614-a9c4-75f7f87ab9aa,2026-05-26 05:20:00+00:00,2026-05-26 07:15:00+00:00
TESTER-001,SRGridStrategyUser-000,BTC/USDT.SIM,SIM-1-2844,BTC/USDT.SIM-SRGridStrategyUser-000,SIM-001,T-a68f6c9b69b05e4e-325663,LIMIT,SELL,0.064945,76988.60,GTC,,0.064945,MAKER,76988.6,0.0,['1.00000000 USDT'],FILLED,False,False,False,,NO_TRIGGER,,NO_CONTINGENCY,,,,,,,,ce9c4c7f-960e-4e79-a853-c7c3fc99516f,2026-05-26 05:20:00+00:00,2026-05-26 05:35:00+00:00
TESTER-001,SRGridStrategyUser-000,BTC/USDT.SIM,SIM-1-2845,BTC/USDT.SIM-SRGridStrategyUser-000,SIM-001,T-4d71d5bb8ed099d6-325883,LIMIT,SELL,0.064838,77115.86,GTC,,0.064838,MAKER,77115.86,0.0,['1.00000000 USDT'],FILLED,False,False,False,,NO_TRIGGER,,NO_CONTINGENCY,,,,,,,,76712f65-39b1-4001-9960-12f4dc3c22cc,2026-05-26 05:20:00+00:00,2026-05-26 10:25:00+00:00
TESTER-001,SRGridStrategyUser-000,BTC/USDT.SIM,SIM-1-2846,BTC/USDT.SIM-SRGridStrategyUser-000,SIM-001,T-286910f22936dd83-325733,LIMIT,BUY,0.065160,76734.08,GTC,,0.065160,MAKER,76734.08,0.0,['1.00000000 USDT'],FILLED,False,False,False,,NO_TRIGGER,,NO_CONTINGENCY,,,,,,,,c14ed2b7-528a-4cb8-a115-145a59f2b53b,2026-05-26 05:35:00+00:00,2026-05-26 07:10:00+00:00
TESTER-001,SRGridStrategyUser-000,BTC/USDT.SIM,SIM-1-2847,BTC/USDT.SIM-SRGridStrategyUser-000,SIM-001,T-095b5d76e0ae00e0-325739,LIMIT,BUY,0.065268,76606.82,GTC,,0.065268,MAKER,76606.81999999999,0.0,['1.00000000 USDT'],FILLED,False,False,False,,NO_TRIGGER,,NO_CONTINGENCY,,,,,,,,edeb223b-1c1c-4ba5-8df2-e0026cd87610,2026-05-26 05:35:00+00:00,2026-05-26 07:15:00+00:00
TESTER-001,SRGridStrategyUser-000,BTC/USDT.SIM,SIM-1-2848,BTC/USDT.SIM-SRGridStrategyUser-000,SIM-001,T-4d71d5bb8ed099d6-325884,LIMIT,SELL,0.064838,77115.86,GTC,,0.064838,MAKER,77115.86,0.0,['1.00000000 USDT'],FILLED,False,False,False,,NO_TRIGGER,,NO_CONTINGENCY,,,,,,,,b4205153-b9e0-4a6c-9ae9-f2a7f4b40d04,2026-05-26 07:10:00+00:00,2026-05-26 10:25:00+00:00
TESTER-001,SRGridStrategyUser-000,BTC/USDT.SIM,SIM-1-2849,BTC/USDT.SIM-SRGridStrategyUser-000,SIM-001,T-4d71d5bb8ed099d6-325885,LIMIT,SELL,0.064838,77115.86,GTC,,0.064838,MAKER,77115.86,0.0,['1.00000000 USDT'],FILLED,False,False,False,,NO_TRIGGER,,NO_CONTINGENCY,,,,,,,,7d47e580-d678-4b04-a9ee-078783d472d3,2026-05-26 07:15:00+00:00,2026-05-26 10:25:00+00:00
TESTER-001,SRGridStrategyUser-000,BTC/USDT.SIM,SIM-1-2850,BTC/USDT.SIM-SRGridStrategyUser-000,SIM-001,T-4d7e7aeb27498043-326431,LIMIT,BUY,0.065947,75817.93,GTC,,0.065947,MAKER,75817.93,0.0,['1.00000000 USDT'],FILLED,False,False,False,,NO_TRIGGER,,NO_CONTINGENCY,,,,,,,,f46b3386-d93b-4560-b90d-4b05afbc9116,2026-05-26 21:20:00+00:00,2026-05-26 22:05:00+00:00
TESTER-001,SRGridStrategyUser-000,BTC/USDT.SIM,SIM-1-2851,BTC/USDT.SIM-SRGridStrategyUser-000,SIM-001,T-52c27ba2cf553702-326694,LIMIT,BUY,0.063066,75613.69,GTC,,0.063066,MAKER,75613.69,0.0,['0.95000000 USDT'],FILLED,False,False,False,,NO_TRIGGER,,NO_CONTINGENCY,,,,,,,,7dffa065-b185-4a2f-9607-255eedac9092,2026-05-26 21:20:00+00:00,2026-05-27 03:45:00+00:00
TESTER-001,SRGridStrategyUser-000,BTC/USDT.SIM,SIM-1-2858,BTC/USDT.SIM-SRGridStrategyUser-000,SIM-001,T-57aaa2d5ec87e5f8-327141,LIMIT,BUY,0.066684,74980.35,GTC,,0.066684,MAKER,74980.34999999999,0.0,['1.00000000 USDT'],FILLED,False,False,False,,NO_TRIGGER,,NO_CONTINGENCY,,,,,,,,feb3f330-e76e-46ca-b02b-75ffed96a364,2026-05-27 13:20:00+00:00,2026-05-27 13:35:00+00:00
TESTER-001,SRGridStrategyUser-000,BTC/USDT.SIM,SIM-1-2859,BTC/USDT.SIM-SRGridStrategyUser-000,SIM-001,T-fb55d0ce20af3d0b-327518,LIMIT,BUY,0.013407,74588.68,GTC,,0.013407,MAKER,74588.68,0.0,['0.20000000 USDT'],FILLED,False,False,False,,NO_TRIGGER,,NO_CONTINGENCY,,,,,,,,cf783410-b013-4ed6-a521-22c8ce088115,2026-05-27 13:20:00+00:00,2026-05-27 21:40:00+00:00
TESTER-001,SRGridStrategyUser-000,BTC/USDT.SIM,SIM-1-2866,BTC/USDT.SIM-SRGridStrategyUser-000,SIM-001,T-8a7d996c23bbefb7-327970,LIMIT,SELL,0.068216,73296.14,GTC,,0.068216,MAKER,73296.14,0.0,['1.00000000 USDT'],FILLED,False,False,False,,NO_TRIGGER,,NO_CONTINGENCY,,,,,,,,83c70dbb-1255-4d0b-9523-6e14c2cc06e9,2026-05-28 05:20:00+00:00,2026-05-28 07:20:00+00:00
TESTER-001,SRGridStrategyUser-000,BTC/USDT.SIM,SIM-1-2867,BTC/USDT.SIM-SRGridStrategyUser-000,SIM-001,T-fd26eae92d804f70-328102,LIMIT,SELL,0.067967,73564.69,GTC,,0.067967,MAKER,73564.69,0.0,['1.00000000 USDT'],FILLED,False,False,False,,NO_TRIGGER,,NO_CONTINGENCY,,,,,,,,95c4298e-1b1a-4522-83ac-7504fb434ace,2026-05-28 05:20:00+00:00,2026-05-28 10:10:00+00:00
TESTER-001,SRGridStrategyUser-000,BTC/USDT.SIM,SIM-1-2868,BTC/USDT.SIM-SRGridStrategyUser-000,SIM-001,T-3bedeb2abd55b7bc-328683,LIMIT,BUY,0.067968,73563.75,GTC,,0.067968,MAKER,73563.75,0.0,['1.00000000 USDT'],FILLED,False,False,False,,NO_TRIGGER,,NO_CONTINGENCY,,,,,,,,42ba4b26-aab2-4268-8de4-77e803e1ace5,2026-05-28 21:20:00+00:00,2026-05-28 22:30:00+00:00
TESTER-001,SRGridStrategyUser-000,BTC/USDT.SIM,SIM-1-2869,BTC/USDT.SIM-SRGridStrategyUser-000,SIM-001,T-1301db3e29c6f4df-328863,LIMIT,BUY,0.068136,73382.17,GTC,,0.068136,MAKER,73382.17,0.0,['1.00000000 USDT'],FILLED,False,False,False,,NO_TRIGGER,,NO_CONTINGENCY,,,,,,,,eff74761-320c-49b1-8b44-cda2666dd2c9,2026-05-28 21:20:00+00:00,2026-05-29 02:25:00+00:00
TESTER-001,SRGridStrategyUser-000,BTC/USDT.SIM,SIM-1-2870,BTC/USDT.SIM-SRGridStrategyUser-000,SIM-001,T-bc7eff2c1b65b5b2-328659,LIMIT,SELL,0.067634,73926.93,GTC,,0.067634,MAKER,73926.93000000001,0.0,['1.00000000 USDT'],FILLED,False,False,False,,NO_TRIGGER,,NO_CONTINGENCY,,,,,,,,514dc2bc-b271-4350-965c-400bd31600c7,2026-05-28 21:20:00+00:00,2026-05-28 22:00:00+00:00
TESTER-001,SRGridStrategyUser-000,BTC/USDT.SIM,SIM-1-2872,BTC/USDT.SIM-SRGridStrategyUser-000,SIM-001,T-3bedeb2abd55b7bc-328684,LIMIT,BUY,0.067968,73563.75,GTC,,0.067968,MAKER,73563.75,0.0,['1.00000000 USDT'],FILLED,False,False,False,,NO_TRIGGER,,NO_CONTINGENCY,,,,,,,,e26258db-3407-47bd-be10-248943379943,2026-05-28 22:00:00+00:00,2026-05-28 22:30:00+00:00
TESTER-001,SRGridStrategyUser-000,BTC/USDT.SIM,SIM-1-2873,BTC/USDT.SIM-SRGridStrategyUser-000,SIM-001,T-1301db3e29c6f4df-328864,LIMIT,BUY,0.068136,73382.17,GTC,,0.068136,MAKER,73382.17,0.0,['1.00000000 USDT'],FILLED,False,False,False,,NO_TRIGGER,,NO_CONTINGENCY,,,,,,,,4c924cfa-7beb-4d2b-9b92-b643ad2b5fa4,2026-05-28 22:00:00+00:00,2026-05-29 02:25:00+00:00
TESTER-001,SRGridStrategyUser-000,BTC/USDT.SIM,SIM-1-2876,BTC/USDT.SIM-SRGridStrategyUser-000,SIM-001,T-5b89ed6ea1b2f1ab-329380,LIMIT,SELL,0.068277,73230.57,GTC,,0.068277,MAKER,73230.56999999999,0.0,['1.00000000 USDT'],FILLED,False,False,False,,NO_TRIGGER,,NO_CONTINGENCY,,,,,,,,8013c974-a533-42a2-af1a-be4561d95612,2026-05-29 13:20:00+00:00,2026-05-29 13:35:00+00:00
TESTER-001,SRGridStrategyUser-000,BTC/USDT.SIM,SIM-1-2877,BTC/USDT.SIM-SRGridStrategyUser-000,SIM-001,T-23483c28fded2b9f-329451,LIMIT,SELL,0.068092,73430.16,GTC,,0.068092,MAKER,73430.16,0.0,['1.00000000 USDT'],FILLED,False,False,False,,NO_TRIGGER,,NO_CONTINGENCY,,,,,,,,47762237-c4a1-4e7e-9be7-79cdc9189938,2026-05-29 13:20:00+00:00,2026-05-29 15:05:00+00:00
TESTER-001,SRGridStrategyUser-000,BTC/USDT.SIM,SIM-1-2880,BTC/USDT.SIM-SRGridStrategyUser-000,SIM-001,T-4230c0bdbeeb44db-330452,LIMIT,SELL,0.067822,73722.01,GTC,,0.067822,MAKER,73722.01,0.0,['1.00000000 USDT'],FILLED,False,False,False,,NO_TRIGGER,,NO_CONTINGENCY,,,,,,,,3ea4c76e-decc-4dc4-80d1-0e9aeb1608eb,2026-05-30 05:20:00+00:00,2026-05-30 13:00:00+00:00
TESTER-001,SRGridStrategyUser-000,BTC/USDT.SIM,SIM-1-2881,BTC/USDT.SIM-SRGridStrategyUser-000,SIM-001,T-c90671799a2190a4-330502,LIMIT,SELL,0.067644,73915.98,GTC,,0.067644,MAKER,73915.98000000001,0.0,['1.00000000 USDT'],FILLED,False,False,False,,NO_TRIGGER,,NO_CONTINGENCY,,,,,,,,b663578e-5e74-438a-82fd-3205a672d499,2026-05-30 05:20:00+00:00,2026-05-30 14:05:00+00:00
TESTER-001,SRGridStrategyUser-000,BTC/USDT.SIM,SIM-1-2886,BTC/USDT.SIM-SRGridStrategyUser-000,SIM-001,T-078f2db431cf90ca-330854,LIMIT,BUY,0.067611,73952.38,GTC,,0.067611,MAKER,73952.38,0.0,['1.00000000 USDT'],FILLED,False,False,False,,NO_TRIGGER,,NO_CONTINGENCY,,,,,,,,b7173599-1d1c-4abb-95cb-468e79016672,2026-05-30 21:20:00+00:00,2026-05-30 21:45:00+00:00
TESTER-001,SRGridStrategyUser-000,BTC/USDT.SIM,SIM-1-2887,BTC/USDT.SIM-SRGridStrategyUser-000,SIM-001,T-4c96097976c9a707-330868,LIMIT,BUY,0.067651,73908.70,GTC,,0.067651,MAKER,73908.7,0.0,['1.00000000 USDT'],FILLED,False,False,False,,NO_TRIGGER,,NO_CONTINGENCY,,,,,,,,9150df02-89eb-488b-94ab-d94803fa7772,2026-05-30 21:20:00+00:00,2026-05-30 22:00:00+00:00
TESTER-001,SRGridStrategyUser-000,BTC/USDT.SIM,SIM-1-2888,BTC/USDT.SIM-SRGridStrategyUser-000,SIM-001,T-cdddcf899c72221f-330849,LIMIT,SELL,0.067531,74039.72,GTC,,0.067531,MAKER,74039.71999999999,0.0,['1.00000000 USDT'],FILLED,False,False,False,,NO_TRIGGER,,NO_CONTINGENCY,,,,,,,,139d09d5-adfe-450b-8811-99972fea6c2b,2026-05-30 21:20:00+00:00,2026-05-30 21:40:00+00:00
TESTER-001,SRGridStrategyUser-000,BTC/USDT.SIM,SIM-1-2889,BTC/USDT.SIM-SRGridStrategyUser-000,SIM-001,T-a36df8b57afafd42-331005,LIMIT,SELL,0.067492,74083.40,GTC,,0.067492,MAKER,74083.4,0.0,['1.00000000 USDT'],FILLED,False,False,False,,NO_TRIGGER,,NO_CONTINGENCY,,,,,,,,84e52de3-c548-4de5-899e-4871d61706e1,2026-05-30 21:20:00+00:00,2026-05-31 01:00:00+00:00
TESTER-001,SRGridStrategyUser-000,BTC/USDT.SIM,SIM-1-2890,BTC/USDT.SIM-SRGridStrategyUser-000,SIM-001,T-078f2db431cf90ca-330855,LIMIT,BUY,0.067611,73952.38,GTC,,0.067611,MAKER,73952.38,0.0,['1.00000000 USDT'],FILLED,False,False,False,,NO_TRIGGER,,NO_CONTINGENCY,,,,,,,,18c52d8b-17b3-47d7-b708-2f39afa9c624,2026-05-30 21:40:00+00:00,2026-05-30 21:45:00+00:00
TESTER-001,SRGridStrategyUser-000,BTC/USDT.SIM,SIM-1-2891,BTC/USDT.SIM-SRGridStrategyUser-000,SIM-001,T-4c96097976c9a707-330869,LIMIT,BUY,0.067651,73908.70,GTC,,0.067651,MAKER,73908.7,0.0,['1.00000000 USDT'],FILLED,False,False,False,,NO_TRIGGER,,NO_CONTINGENCY,,,,,,,,8d579400-2007-47b0-a862-980430466851,2026-05-30 21:40:00+00:00,2026-05-30 22:00:00+00:00
TESTER-001,SRGridStrategyUser-000,BTC/USDT.SIM,SIM-1-2892,BTC/USDT.SIM-SRGridStrategyUser-000,SIM-001,T-a36df8b57afafd42-331006,LIMIT,SELL,0.067492,74083.40,GTC,,0.067492,MAKER,74083.4,0.0,['1.00000000 USDT'],FILLED,False,False,False,,NO_TRIGGER,,NO_CONTINGENCY,,,,,,,,50473c60-b542-4126-8f0a-c899f7e7f713,2026-05-30 21:45:00+00:00,2026-05-31 01:00:00+00:00
TESTER-001,SRGridStrategyUser-000,BTC/USDT.SIM,SIM-1-2893,BTC/USDT.SIM-SRGridStrategyUser-000,SIM-001,T-a36df8b57afafd42-331007,LIMIT,SELL,0.067492,74083.40,GTC,,0.067492,MAKER,74083.4,0.0,['1.00000000 USDT'],FILLED,False,False,False,,NO_TRIGGER,,NO_CONTINGENCY,,,,,,,,75b8aae4-b9ee-47d2-9a42-7a0666d6c81b,2026-05-30 22:00:00+00:00,2026-05-31 01:00:00+00:00
TESTER-001,SRGridStrategyUser-000,BTC/USDT.SIM,SIM-1-2894,BTC/USDT.SIM-SRGridStrategyUser-000,SIM-001,T-005391f47ba6d4d1-331580,LIMIT,BUY,0.067682,73875.36,GTC,,0.067682,MAKER,73875.36,0.0,['1.00000000 USDT'],FILLED,False,False,False,,NO_TRIGGER,,NO_CONTINGENCY,,,,,,,,3065559f-31d7-4737-9f20-a09ff593fbd3,2026-05-31 13:20:00+00:00,2026-05-31 13:45:00+00:00
TESTER-001,SRGridStrategyUser-000,BTC/USDT.SIM,SIM-1-2895,BTC/USDT.SIM-SRGridStrategyUser-000,SIM-001,T-86cb1d0ca5b3ce75-331591,LIMIT,BUY,0.067779,73768.71,GTC,,0.067779,MAKER,73768.71,0.0,['1.00000000 USDT'],FILLED,False,False,False,,NO_TRIGGER,,NO_CONTINGENCY,,,,,,,,07f201ec-d453-47aa-83cc-bd575a7fd81a,2026-05-31 13:20:00+00:00,2026-05-31 14:00:00+00:00
TESTER-001,SRGridStrategyUser-000,BTC/USDT.SIM,SIM-1-2896,BTC/USDT.SIM-SRGridStrategyUser-000,SIM-001,T-1f35d0030f099d74-332009,LIMIT,SELL,0.067487,74088.68,GTC,,0.067487,MAKER,74088.68,0.0,['1.00000000 USDT'],FILLED,False,False,False,,NO_TRIGGER,,NO_CONTINGENCY,,,,,,,,013f34cb-ab45-4d84-96b1-c3bd85a94944,2026-05-31 13:20:00+00:00,2026-05-31 23:00:00+00:00
TESTER-001,SRGridStrategyUser-000,BTC/USDT.SIM,SIM-1-2898,BTC/USDT.SIM-SRGridStrategyUser-000,SIM-001,T-1f35d0030f099d74-332010,LIMIT,SELL,0.067487,74088.68,GTC,,0.067487,MAKER,74088.68,0.0,['1.00000000 USDT'],FILLED,False,False,False,,NO_TRIGGER,,NO_CONTINGENCY,,,,,,,,04b4cc61-753b-4c0c-bc28-d8a0067604f0,2026-05-31 13:45:00+00:00,2026-05-31 23:00:00+00:00
TESTER-001,SRGridStrategyUser-000,BTC/USDT.SIM,SIM-1-2900,BTC/USDT.SIM-SRGridStrategyUser-000,SIM-001,T-1f35d0030f099d74-332011,LIMIT,SELL,0.067487,74088.68,GTC,,0.067487,MAKER,74088.68,0.0,['1.00000000 USDT'],FILLED,False,False,False,,NO_TRIGGER,,NO_CONTINGENCY,,,,,,,,ccaa17bc-73c5-4bdb-b2df-32995399fedd,2026-05-31 14:00:00+00:00,2026-05-31 23:00:00+00:00
TESTER-001,SRGridStrategyUser-000,BTC/USDT.SIM,SIM-1-2902,BTC/USDT.SIM-SRGridStrategyUser-000,SIM-001,T-b87fbee65b8245f2-332338,LIMIT,BUY,0.068247,73263.21,GTC,,0.068247,MAKER,73263.20999999999,0.0,['1.00000000 USDT'],FILLED,False,False,False,,NO_TRIGGER,,NO_CONTINGENCY,,,,,,,,ab850a5b-071d-4d16-b08b-5c5cfc24ea3e,2026-06-01 05:20:00+00:00,2026-06-01 06:05:00+00:00
TESTER-001,SRGridStrategyUser-000,BTC/USDT.SIM,SIM-1-2903,BTC/USDT.SIM-SRGridStrategyUser-000,SIM-001,T-6cff7efef7542868-332362,LIMIT,BUY,0.044910,73068.42,GTC,,0.044910,MAKER,73068.42,0.0,['0.66000000 USDT'],FILLED,False,False,False,,NO_TRIGGER,,NO_CONTINGENCY,,,,,,,,f30abc49-6ff7-44fa-971f-c745f0482d93,2026-06-01 05:20:00+00:00,2026-06-01 06:40:00+00:00
TESTER-001,SRGridStrategyUser-000,BTC/USDT.SIM,SIM-1-2910,BTC/USDT.SIM-SRGridStrategyUser-000,SIM-001,T-ea78f60ee7ea02a4-333061,LIMIT,BUY,0.070430,70992.56,GTC,,0.070430,MAKER,70992.56,0.0,['1.00000000 USDT'],FILLED,False,False,False,,NO_TRIGGER,,NO_CONTINGENCY,,,,,,,,129b5d7d-7c6b-4f1e-b32d-8e2d17218021,2026-06-01 21:20:00+00:00,2026-06-01 21:40:00+00:00
TESTER-001,SRGridStrategyUser-000,BTC/USDT.SIM,SIM-1-2911,BTC/USDT.SIM-SRGridStrategyUser-000,SIM-001,T-2cddaa772863e4a4-333262,LIMIT,BUY,0.060171,70767.13,GTC,,0.060171,MAKER,70767.13,0.0,['0.85000000 USDT'],FILLED,False,False,False,,NO_TRIGGER,,NO_CONTINGENCY,,,,,,,,d48da328-a018-4471-b8cb-896169385afa,2026-06-01 21:20:00+00:00,2026-06-02 01:55:00+00:00
TESTER-001,SRGridStrategyUser-000,BTC/USDT.SIM,SIM-1-2912,BTC/USDT.SIM-SRGridStrategyUser-000,SIM-001,T-ea0284df16635eec-333120,LIMIT,SELL,0.069985,71443.42,GTC,,0.069985,MAKER,71443.42,0.0,['1.00000000 USDT'],FILLED,False,False,False,,NO_TRIGGER,,NO_CONTINGENCY,,,,,,,,42f41199-1004-4222-9bff-158752a8512d,2026-06-01 21:20:00+00:00,2026-06-01 22:55:00+00:00
TESTER-001,SRGridStrategyUser-000,BTC/USDT.SIM,SIM-1-2914,BTC/USDT.SIM-SRGridStrategyUser-000,SIM-001,T-ea0284df16635eec-333121,LIMIT,SELL,0.069985,71443.42,GTC,,0.069985,MAKER,71443.42,0.0,['1.00000000 USDT'],FILLED,False,False,False,,NO_TRIGGER,,NO_CONTINGENCY,,,,,,,,8c8bc391-fdd4-4b06-8c43-9a733a0efe84,2026-06-01 21:40:00+00:00,2026-06-01 22:55:00+00:00
TESTER-001,SRGridStrategyUser-000,BTC/USDT.SIM,SIM-1-2916,BTC/USDT.SIM-SRGridStrategyUser-000,SIM-001,T-2cddaa772863e4a4-333263,LIMIT,BUY,0.070654,70767.13,GTC,,0.070654,MAKER,70767.13,0.0,['1.00000000 USDT'],FILLED,False,False,False,,NO_TRIGGER,,NO_CONTINGENCY,,,,,,,,5b8fe17c-1757-4bcc-b229-a3339c8c55d7,2026-06-01 22:55:00+00:00,2026-06-02 01:55:00+00:00
TESTER-001,SRGridStrategyUser-000,BTC/USDT.SIM,SIM-1-2918,BTC/USDT.SIM-SRGridStrategyUser-000,SIM-001,T-5ffc1c339fa824ea-333818,LIMIT,BUY,0.072774,68705.73,GTC,,0.072774,MAKER,68705.73000000001,0.0,['1.00000000 USDT'],FILLED,False,False,False,,NO_TRIGGER,,NO_CONTINGENCY,,,,,,,,465934ff-7611-48ea-bca1-96a867d2c05f,2026-06-02 13:20:00+00:00,2026-06-02 14:00:00+00:00
TESTER-001,SRGridStrategyUser-000,BTC/USDT.SIM,SIM-1-2919,BTC/USDT.SIM-SRGridStrategyUser-000,SIM-001,T-8176cae221f6f671-333827,LIMIT,BUY,0.014631,68349.45,GTC,,0.014631,MAKER,68349.45,0.0,['0.20000000 USDT'],FILLED,False,False,False,,NO_TRIGGER,,NO_CONTINGENCY,,,,,,,,3e8bac45-ee6a-4e79-8a02-f55c30e84065,2026-06-02 13:20:00+00:00,2026-06-02 14:10:00+00:00
TESTER-001,SRGridStrategyUser-000,BTC/USDT.SIM,SIM-1-2926,BTC/USDT.SIM-SRGridStrategyUser-000,SIM-001,T-1208a4547a482c84-334990,LIMIT,BUY,0.075096,66581.26,GTC,,0.075096,MAKER,66581.26000000001,0.0,['1.00000000 USDT'],FILLED,False,False,False,,NO_TRIGGER,,NO_CONTINGENCY,,,,,,,,114fc03e-f027-479a-9e83-f3417875a6a8,2026-06-03 05:20:00+00:00,2026-06-03 15:05:00+00:00
TESTER-001,SRGridStrategyUser-000,BTC/USDT.SIM,SIM-1-2927,BTC/USDT.SIM-SRGridStrategyUser-000,SIM-001,T-e295a9f50266eadc-335031,LIMIT,BUY,0.061188,66105.67,GTC,,0.061188,MAKER,66105.67,0.0,['0.81000000 USDT'],FILLED,False,False,False,,NO_TRIGGER,,NO_CONTINGENCY,,,,,,,,8ec80b77-b0ef-4cd3-9749-fff73cd1a3a4,2026-06-03 05:20:00+00:00,2026-06-03 15:55:00+00:00
TESTER-001,SRGridStrategyUser-000,BTC/USDT.SIM,SIM-1-2934,BTC/USDT.SIM-SRGridStrategyUser-000,SIM-001,T-b3be3701f6b87556-335330,LIMIT,BUY,0.076918,65004.03,GTC,,0.076918,MAKER,65004.02999999999,0.0,['1.00000000 USDT'],FILLED,False,False,False,,NO_TRIGGER,,NO_CONTINGENCY,,,,,,,,40af0d18-ad71-4107-9568-20ffcae91845,2026-06-03 21:20:00+00:00,2026-06-03 22:20:00+00:00
TESTER-001,SRGridStrategyUser-000,BTC/USDT.SIM,SIM-1-2935,BTC/USDT.SIM-SRGridStrategyUser-000,SIM-001,T-94d8a6cdbcc7ebf1-335367,LIMIT,BUY,0.015508,64481.34,GTC,,0.015508,MAKER,64481.340000000004,0.0,['0.20000000 USDT'],FILLED,False,False,False,,NO_TRIGGER,,NO_CONTINGENCY,,,,,,,,85a35c91-0ec0-4e11-83d0-ccd01e524d71,2026-06-03 21:20:00+00:00,2026-06-03 23:05:00+00:00
TESTER-001,SRGridStrategyUser-000,BTC/USDT.SIM,SIM-1-2942,BTC/USDT.SIM-SRGridStrategyUser-000,SIM-001,T-108f3efd7dc9a5ff-335530,LIMIT,SELL,0.532269,63364.98,GTC,,0.532269,MAKER,63364.979999999996,0.0,['6.75000000 USDT'],FILLED,False,True,False,,NO_TRIGGER,,NO_CONTINGENCY,,,,,,,,2fe20ac3-d6e5-4e3b-a6d2-3d763bd9890e,2026-06-04 01:45:00+00:00,2026-06-04 02:30:00+00:00
TESTER-001,SRGridStrategyUser-000,BTC/USDT.SIM,SIM-1-2943,BTC/USDT.SIM-SRGridStrategyUser-000,SIM-001,T-61921eb49f699d5d-335653,LIMIT,BUY,0.078228,63915.39,GTC,,0.078228,MAKER,63915.38999999999,0.0,['1.00000000 USDT'],FILLED,False,False,False,,NO_TRIGGER,,NO_CONTINGENCY,,,,,,,,eb9b0404-03dd-460d-9972-414dee02beea,2026-06-04 04:55:00+00:00,2026-06-04 05:05:00+00:00
TESTER-001,SRGridStrategyUser-000,BTC/USDT.SIM,SIM-1-2944,BTC/USDT.SIM-SRGridStrategyUser-000,SIM-001,T-02faa8724b486632-335797,LIMIT,BUY,0.078826,63430.79,GTC,,0.078826,MAKER,63430.79,0.0,['1.00000000 USDT'],FILLED,False,False,False,,NO_TRIGGER,,NO_CONTINGENCY,,,,,,,,b5eb3c7f-5b42-4b70-83a8-c3b3daa10da2,2026-06-04 04:55:00+00:00,2026-06-04 08:10:00+00:00
TESTER-001,SRGridStrategyUser-000,BTC/USDT.SIM,SIM-1-2951,BTC/USDT.SIM-SRGridStrategyUser-000,SIM-001,T-0a08e1ccbf5a18f1-336432,LIMIT,BUY,0.079071,63234.58,GTC,,0.079071,MAKER,63234.579999999994,0.0,['1.00000000 USDT'],FILLED,False,False,False,,NO_TRIGGER,,NO_CONTINGENCY,,,,,,,,a718cbfe-3cf8-48ac-8f1a-df87626edc8c,2026-06-04 20:55:00+00:00,2026-06-04 21:40:00+00:00
TESTER-001,SRGridStrategyUser-000,BTC/USDT.SIM,SIM-1-2952,BTC/USDT.SIM-SRGridStrategyUser-000,SIM-001,T-2a20296004915c73-336650,LIMIT,BUY,0.079579,62830.75,GTC,,0.079579,MAKER,62830.74999999999,0.0,['1.00000000 USDT'],FILLED,False,False,False,,NO_TRIGGER,,NO_CONTINGENCY,,,,,,,,4c8027bc-81ac-41fd-917f-34de20217f21,2026-06-04 20:55:00+00:00,2026-06-05 02:20:00+00:00
TESTER-001,SRGridStrategyUser-000,BTC/USDT.SIM,SIM-1-2959,BTC/USDT.SIM-SRGridStrategyUser-000,SIM-001,T-63b143eb7a86da50-337196,LIMIT,BUY,0.081662,61227.71,GTC,,0.081662,MAKER,61227.70999999999,0.0,['1.00000000 USDT'],FILLED,False,False,False,,NO_TRIGGER,,NO_CONTINGENCY,,,,,,,,0a0a2765-4c29-47aa-bf46-3b11db07e4d4,2026-06-05 12:55:00+00:00,2026-06-05 13:50:00+00:00
TESTER-001,SRGridStrategyUser-000,BTC/USDT.SIM,SIM-1-2960,BTC/USDT.SIM-SRGridStrategyUser-000,SIM-001,T-42fefe3c9566c82d-337209,LIMIT,BUY,0.016530,60495.68,GTC,,0.016530,MAKER,60495.68,0.0,['0.20000000 USDT'],FILLED,False,False,False,,NO_TRIGGER,,NO_CONTINGENCY,,,,,,,,f9ee8879-5de5-46d2-a35e-44ef485017aa,2026-06-05 12:55:00+00:00,2026-06-05 14:05:00+00:00
TESTER-001,SRGridStrategyUser-000,BTC/USDT.SIM,SIM-1-2967,BTC/USDT.SIM-SRGridStrategyUser-000,SIM-001,T-27646830954b5c41-337307,LIMIT,SELL,0.413896,60929.88,GTC,,0.413896,MAKER,60929.880000000005,0.0,['5.04000000 USDT'],FILLED,False,True,False,,NO_TRIGGER,,NO_CONTINGENCY,,,,,,,,d1bc48e7-fb72-4f32-b22f-878e04cd5608,2026-06-05 16:05:00+00:00,2026-06-05 16:10:00+00:00
TESTER-001,SRGridStrategyUser-000,BTC/USDT.SIM,SIM-1-2968,BTC/USDT.SIM-SRGridStrategyUser-000,SIM-001,T-ddaf608ca49fd0ff-337655,LIMIT,BUY,0.082608,60527.13,GTC,,0.082608,MAKER,60527.13,0.0,['1.00000000 USDT'],FILLED,False,False,False,,NO_TRIGGER,,NO_CONTINGENCY,,,,,,,,2de224ee-0c63-499a-b089-30453761f67c,2026-06-05 20:45:00+00:00,2026-06-05 23:30:00+00:00
TESTER-001,SRGridStrategyUser-000,BTC/USDT.SIM,SIM-1-2969,BTC/USDT.SIM-SRGridStrategyUser-000,SIM-001,T-e8bfcec9f5ff12a3-337891,LIMIT,BUY,0.048699,59603.21,GTC,,0.048699,MAKER,59603.21,0.0,['0.58000000 USDT'],FILLED,False,False,False,,NO_TRIGGER,,NO_CONTINGENCY,,,,,,,,a8da24dd-995f-488e-b77a-0950c1efdd0b,2026-06-05 20:45:00+00:00,2026-06-06 04:30:00+00:00
TESTER-001,SRGridStrategyUser-000,BTC/USDT.SIM,SIM-1-2976,BTC/USDT.SIM-SRGridStrategyUser-000,SIM-001,T-51fd57ec2d8907a4-338384,LIMIT,BUY,0.082448,60644.36,GTC,,0.082448,MAKER,60644.35999999999,0.0,['1.00000000 USDT'],FILLED,False,False,False,,NO_TRIGGER,,NO_CONTINGENCY,,,,,,,,4133eff3-aa90-49e0-891a-c880f57a3bfc,2026-06-06 12:45:00+00:00,2026-06-06 15:00:00+00:00
TESTER-001,SRGridStrategyUser-000,BTC/USDT.SIM,SIM-1-2978,BTC/USDT.SIM-SRGridStrategyUser-000,SIM-001,T-7001e4f8b33660a3-338865,LIMIT,SELL,0.081422,61408.60,GTC,,0.081422,MAKER,61408.600000000006,0.0,['1.00000000 USDT'],FILLED,False,False,False,,NO_TRIGGER,,NO_CONTINGENCY,,,,,,,,40284244-7b35-4834-86e9-09bb879db931,2026-06-06 12:45:00+00:00,2026-06-07 01:15:00+00:00
TESTER-001,SRGridStrategyUser-000,BTC/USDT.SIM,SIM-1-2979,BTC/USDT.SIM-SRGridStrategyUser-000,SIM-001,T-66da788c64a55c39-339024,LIMIT,SELL,0.080918,61790.73,GTC,,0.080918,MAKER,61790.729999999996,0.0,['1.00000000 USDT'],FILLED,False,False,False,,NO_TRIGGER,,NO_CONTINGENCY,,,,,,,,e3c6b71e-311c-4c00-bc47-d2e9c98023ef,2026-06-06 12:45:00+00:00,2026-06-07 04:40:00+00:00
TESTER-001,SRGridStrategyUser-000,BTC/USDT.SIM,SIM-1-2980,BTC/USDT.SIM-SRGridStrategyUser-000,SIM-001,T-7001e4f8b33660a3-338866,LIMIT,SELL,0.081422,61408.60,GTC,,0.081422,MAKER,61408.600000000006,0.0,['1.00000000 USDT'],FILLED,False,False,False,,NO_TRIGGER,,NO_CONTINGENCY,,,,,,,,ff35357d-b777-4795-975d-447e1f991b0c,2026-06-06 15:00:00+00:00,2026-06-07 01:15:00+00:00
TESTER-001,SRGridStrategyUser-000,BTC/USDT.SIM,SIM-1-2981,BTC/USDT.SIM-SRGridStrategyUser-000,SIM-001,T-66da788c64a55c39-339025,LIMIT,SELL,0.080918,61790.73,GTC,,0.080918,MAKER,61790.729999999996,0.0,['1.00000000 USDT'],FILLED,False,False,False,,NO_TRIGGER,,NO_CONTINGENCY,,,,,,,,db425e14-0894-4799-8d92-861d5a222e9d,2026-06-06 15:00:00+00:00,2026-06-07 04:40:00+00:00
TESTER-001,SRGridStrategyUser-000,BTC/USDT.SIM,SIM-1-2984,BTC/USDT.SIM-SRGridStrategyUser-000,SIM-001,T-7aec4f54a77d596c-339406,LIMIT,BUY,0.081196,61579.56,GTC,,0.081196,MAKER,61579.55999999999,0.0,['1.00000000 USDT'],FILLED,False,False,False,,NO_TRIGGER,,NO_CONTINGENCY,,,,,,,,0ca920f3-d603-4d21-adf5-a7ed35d7b7ed,2026-06-07 04:45:00+00:00,2026-06-07 12:40:00+00:00
TESTER-001,SRGridStrategyUser-000,BTC/USDT.SIM,SIM-1-2985,BTC/USDT.SIM-SRGridStrategyUser-000,SIM-001,T-ab4fd3427f18e59b-339714,LIMIT,BUY,0.081510,61342.20,GTC,,0.081510,MAKER,61342.200000000004,0.0,['1.00000000 USDT'],FILLED,False,False,False,,NO_TRIGGER,,NO_CONTINGENCY,,,,,,,,4e13dcbe-b650-4022-9dcf-d052062e412e,2026-06-07 04:45:00+00:00,2026-06-07 19:15:00+00:00
TESTER-001,SRGridStrategyUser-000,BTC/USDT.SIM,SIM-1-2986,BTC/USDT.SIM-SRGridStrategyUser-000,SIM-001,T-87dbe358c3dc1933-339053,LIMIT,SELL,0.080575,62054.26,GTC,,0.080575,MAKER,62054.259999999995,0.0,['1.00000000 USDT'],FILLED,False,False,False,,NO_TRIGGER,,NO_CONTINGENCY,,,,,,,,f5718721-06c0-4a3b-98f1-966d6fb2f716,2026-06-07 04:45:00+00:00,2026-06-07 05:15:00+00:00
TESTER-001,SRGridStrategyUser-000,BTC/USDT.SIM,SIM-1-2987,BTC/USDT.SIM-SRGridStrategyUser-000,SIM-001,T-64a1642af5124d0e-339177,LIMIT,SELL,0.016054,62291.62,GTC,,0.016054,MAKER,62291.619999999995,0.0,['0.20000000 USDT'],FILLED,False,False,False,,NO_TRIGGER,,NO_CONTINGENCY,,,,,,,,4c3f66c8-9ebd-4020-ad0d-aff94e7e0081,2026-06-07 04:45:00+00:00,2026-06-07 07:50:00+00:00
TESTER-001,SRGridStrategyUser-000,BTC/USDT.SIM,SIM-1-2988,BTC/USDT.SIM-SRGridStrategyUser-000,SIM-001,T-7aec4f54a77d596c-339407,LIMIT,BUY,0.081196,61579.56,GTC,,0.081196,MAKER,61579.55999999999,0.0,['1.00000000 USDT'],FILLED,False,False,False,,NO_TRIGGER,,NO_CONTINGENCY,,,,,,,,9f89e079-e242-4339-a803-801f1b5531a4,2026-06-07 05:15:00+00:00,2026-06-07 12:40:00+00:00
TESTER-001,SRGridStrategyUser-000,BTC/USDT.SIM,SIM-1-2989,BTC/USDT.SIM-SRGridStrategyUser-000,SIM-001,T-ab4fd3427f18e59b-339715,LIMIT,BUY,0.081510,61342.20,GTC,,0.081510,MAKER,61342.200000000004,0.0,['1.00000000 USDT'],FILLED,False,False,False,,NO_TRIGGER,,NO_CONTINGENCY,,,,,,,,a23743d2-9277-4098-8352-b78fa5f53eb7,2026-06-07 05:15:00+00:00,2026-06-07 19:15:00+00:00
TESTER-001,SRGridStrategyUser-000,BTC/USDT.SIM,SIM-1-2990,BTC/USDT.SIM-SRGridStrategyUser-000,SIM-001,T-7aec4f54a77d596c-339408,LIMIT,BUY,0.081196,61579.56,GTC,,0.081196,MAKER,61579.55999999999,0.0,['1.00000000 USDT'],FILLED,False,False,False,,NO_TRIGGER,,NO_CONTINGENCY,,,,,,,,4c67590d-714a-4988-a83e-8f50702d6a64,2026-06-07 07:50:00+00:00,2026-06-07 12:40:00+00:00
TESTER-001,SRGridStrategyUser-000,BTC/USDT.SIM,SIM-1-2991,BTC/USDT.SIM-SRGridStrategyUser-000,SIM-001,T-ab4fd3427f18e59b-339716,LIMIT,BUY,0.081510,61342.20,GTC,,0.081510,MAKER,61342.200000000004,0.0,['1.00000000 USDT'],FILLED,False,False,False,,NO_TRIGGER,,NO_CONTINGENCY,,,,,,,,479022cd-d66c-4524-814b-f0bdb6fdd350,2026-06-07 07:50:00+00:00,2026-06-07 19:15:00+00:00
TESTER-001,SRGridStrategyUser-000,BTC/USDT.SIM,SIM-1-2994,BTC/USDT.SIM-SRGridStrategyUser-000,SIM-001,T-2a61b5303b89dfef-339855,LIMIT,SELL,0.080359,62221.03,GTC,,0.080359,MAKER,62221.03,0.0,['1.00000000 USDT'],FILLED,False,False,False,,NO_TRIGGER,,NO_CONTINGENCY,,,,,,,,94af6876-3560-4f70-9c6e-f6a84a7174f0,2026-06-07 20:45:00+00:00,2026-06-07 22:10:00+00:00
TESTER-001,SRGridStrategyUser-000,BTC/USDT.SIM,SIM-1-2995,BTC/USDT.SIM-SRGridStrategyUser-000,SIM-001,T-2a61b5303b89dfef-339858,LIMIT,SELL,0.079867,62604.06,GTC,,0.079867,MAKER,62604.060000000005,0.0,['1.00000000 USDT'],FILLED,False,False,False,,NO_TRIGGER,,NO_CONTINGENCY,,,,,,,,0a40f2b0-38ee-43c7-a58d-c67bdb0d4109,2026-06-07 20:45:00+00:00,2026-06-07 22:10:00+00:00
TESTER-001,SRGridStrategyUser-000,BTC/USDT.SIM,SIM-1-2998,BTC/USDT.SIM-SRGridStrategyUser-000,SIM-001,T-25da1b61cdc8b1fe-341082,LIMIT,BUY,0.079426,62951.86,GTC,,0.079426,MAKER,62951.85999999999,0.0,['1.00000000 USDT'],FILLED,False,False,False,,NO_TRIGGER,,NO_CONTINGENCY,,,,,,,,80176fbe-318b-4ac6-9359-a814c380f809,2026-06-08 12:45:00+00:00,2026-06-09 00:20:00+00:00
TESTER-001,SRGridStrategyUser-000,BTC/USDT.SIM,SIM-1-3004,BTC/USDT.SIM-SRGridStrategyUser-000,SIM-001,T-3e3164938ae3175e-341413,LIMIT,BUY,0.079281,63066.46,GTC,,0.079281,MAKER,63066.46000000001,0.0,['1.00000000 USDT'],FILLED,False,False,False,,NO_TRIGGER,,NO_CONTINGENCY,,,,,,,,58de15af-1fd4-4c6c-ae5b-4438718593fb,2026-06-09 04:45:00+00:00,2026-06-09 07:25:00+00:00
TESTER-001,SRGridStrategyUser-000,BTC/USDT.SIM,SIM-1-3005,BTC/USDT.SIM-SRGridStrategyUser-000,SIM-001,T-86bcb070bd9db0f1-341507,LIMIT,BUY,0.079728,62712.93,GTC,,0.079728,MAKER,62712.93000000001,0.0,['1.00000000 USDT'],FILLED,False,False,False,,NO_TRIGGER,,NO_CONTINGENCY,,,,,,,,e3410c2c-6a98-418b-bc45-0693bfc42630,2026-06-09 04:45:00+00:00,2026-06-09 09:30:00+00:00
TESTER-001,SRGridStrategyUser-000,BTC/USDT.SIM,SIM-1-3012,BTC/USDT.SIM-SRGridStrategyUser-000,SIM-001,T-3376d48c81918e3c-342085,LIMIT,BUY,0.080960,61758.91,GTC,,0.080960,MAKER,61758.909999999996,0.0,['1.00000000 USDT'],FILLED,False,False,False,,NO_TRIGGER,,NO_CONTINGENCY,,,,,,,,e94dd632-acff-4760-a864-82cdaa5e0061,2026-06-09 20:45:00+00:00,2026-06-09 21:45:00+00:00
TESTER-001,SRGridStrategyUser-000,BTC/USDT.SIM,SIM-1-3013,BTC/USDT.SIM-SRGridStrategyUser-000,SIM-001,T-2c4e4db64956f6bb-342221,LIMIT,BUY,0.081378,61441.83,GTC,,0.081378,MAKER,61441.83,0.0,['1.00000000 USDT'],FILLED,False,False,False,,NO_TRIGGER,,NO_CONTINGENCY,,,,,,,,29d4499c-2dab-4013-a155-05a39958c15b,2026-06-09 20:45:00+00:00,2026-06-10 00:40:00+00:00
TESTER-001,SRGridStrategyUser-000,BTC/USDT.SIM,SIM-1-3020,BTC/USDT.SIM-SRGridStrategyUser-000,SIM-001,T-7aeb940f474b5e19-342835,LIMIT,SELL,0.080384,62201.39,GTC,,0.080384,MAKER,62201.38999999999,0.0,['1.00000000 USDT'],FILLED,False,False,False,,NO_TRIGGER,,NO_CONTINGENCY,,,,,,,,b8954634-c8c1-48b5-8b80-b4a6ab610987,2026-06-10 12:45:00+00:00,2026-06-10 13:40:00+00:00
TESTER-001,SRGridStrategyUser-000,BTC/USDT.SIM,SIM-1-3021,BTC/USDT.SIM-SRGridStrategyUser-000,SIM-001,T-3a175fa95fe57281-342939,LIMIT,SELL,0.079835,62628.79,GTC,,0.079835,MAKER,62628.79,0.0,['1.00000000 USDT'],FILLED,False,False,False,,NO_TRIGGER,,NO_CONTINGENCY,,,,,,,,90729584-3a27-488d-86f0-8ca77f51756c,2026-06-10 12:45:00+00:00,2026-06-10 15:50:00+00:00
TESTER-001,SRGridStrategyUser-000,BTC/USDT.SIM,SIM-1-3022,BTC/USDT.SIM-SRGridStrategyUser-000,SIM-001,T-80491ed3e86c93af-344113,LIMIT,BUY,0.080019,62485.42,GTC,,0.080019,MAKER,62485.420000000006,0.0,['1.00000000 USDT'],FILLED,False,False,False,,NO_TRIGGER,,NO_CONTINGENCY,,,,,,,,e9255106-b57a-45df-b4a6-bf72c21e5487,2026-06-11 04:45:00+00:00,2026-06-11 17:00:00+00:00
TESTER-001,SRGridStrategyUser-000,BTC/USDT.SIM,SIM-1-3024,BTC/USDT.SIM-SRGridStrategyUser-000,SIM-001,T-e67fd7e338fb8e3a-343824,LIMIT,SELL,0.079277,63069.64,GTC,,0.079277,MAKER,63069.63999999999,0.0,['1.00000000 USDT'],FILLED,False,False,False,,NO_TRIGGER,,NO_CONTINGENCY,,,,,,,,83533039-6fea-489f-a07b-0f2e99da1020,2026-06-11 04:45:00+00:00,2026-06-11 10:50:00+00:00
TESTER-001,SRGridStrategyUser-000,BTC/USDT.SIM,SIM-1-3025,BTC/USDT.SIM-SRGridStrategyUser-000,SIM-001,T-f887af5272d89999-344138,LIMIT,SELL,0.015782,63361.75,GTC,,0.015782,MAKER,63361.75,0.0,['0.20000000 USDT'],FILLED,False,False,False,,NO_TRIGGER,,NO_CONTINGENCY,,,,,,,,09c84c7c-4072-4eda-8998-dbe4ca582f8a,2026-06-11 04:45:00+00:00,2026-06-11 17:30:00+00:00
TESTER-001,SRGridStrategyUser-000,BTC/USDT.SIM,SIM-1-3026,BTC/USDT.SIM-SRGridStrategyUser-000,SIM-001,T-80491ed3e86c93af-344114,LIMIT,BUY,0.080019,62485.42,GTC,,0.080019,MAKER,62485.420000000006,0.0,['1.00000000 USDT'],FILLED,False,False,False,,NO_TRIGGER,,NO_CONTINGENCY,,,,,,,,aaa10cf7-a359-4d88-86d3-9dee5ac6cff2,2026-06-11 10:50:00+00:00,2026-06-11 17:00:00+00:00
TESTER-001,SRGridStrategyUser-000,BTC/USDT.SIM,SIM-1-3028,BTC/USDT.SIM-SRGridStrategyUser-000,SIM-001,T-f887af5272d89999-344139,LIMIT,SELL,0.078912,63361.75,GTC,,0.078912,MAKER,63361.75,0.0,['1.00000000 USDT'],FILLED,False,False,False,,NO_TRIGGER,,NO_CONTINGENCY,,,,,,,,4e721477-d6fa-4edb-a569-e6c336565ceb,2026-06-11 17:00:00+00:00,2026-06-11 17:30:00+00:00
TESTER-001,SRGridStrategyUser-000,BTC/USDT.SIM,SIM-1-3030,BTC/USDT.SIM-SRGridStrategyUser-000,SIM-001,T-ce1268979cefe29a-344745,LIMIT,BUY,0.079293,63057.59,GTC,,0.079293,MAKER,63057.590000000004,0.0,['1.00000000 USDT'],FILLED,False,False,False,,NO_TRIGGER,,NO_CONTINGENCY,,,,,,,,280f3942-9d97-4c2f-8fb0-386c18d498f9,2026-06-11 20:45:00+00:00,2026-06-12 06:30:00+00:00
TESTER-001,SRGridStrategyUser-000,BTC/USDT.SIM,SIM-1-3031,BTC/USDT.SIM-SRGridStrategyUser-000,SIM-001,T-ffdf625ce7c24a4d-344752,LIMIT,BUY,0.079572,62836.40,GTC,,0.079572,MAKER,62836.4,0.0,['1.00000000 USDT'],FILLED,False,False,False,,NO_TRIGGER,,NO_CONTINGENCY,,,,,,,,63502908-52db-4dba-bea7-908da746c267,2026-06-11 20:45:00+00:00,2026-06-12 06:35:00+00:00
TESTER-001,SRGridStrategyUser-000,BTC/USDT.SIM,SIM-1-3032,BTC/USDT.SIM-SRGridStrategyUser-000,SIM-001,T-4946c7165732b0ae-344310,LIMIT,SELL,0.078740,63499.97,GTC,,0.078740,MAKER,63499.97000000001,0.0,['1.00000000 USDT'],FILLED,False,False,False,,NO_TRIGGER,,NO_CONTINGENCY,,,,,,,,1ce063d0-0b50-444f-9ee0-e12c59da75cb,2026-06-11 20:45:00+00:00,2026-06-11 21:10:00+00:00
TESTER-001,SRGridStrategyUser-000,BTC/USDT.SIM,SIM-1-3033,BTC/USDT.SIM-SRGridStrategyUser-000,SIM-001,T-4828c1be62e11227-344448,LIMIT,SELL,0.078467,63721.16,GTC,,0.078467,MAKER,63721.159999999996,0.0,['1.00000000 USDT'],FILLED,False,False,False,,NO_TRIGGER,,NO_CONTINGENCY,,,,,,,,f55d6e84-96de-498b-a12f-71c18e94d2ce,2026-06-11 20:45:00+00:00,2026-06-12 00:05:00+00:00
TESTER-001,SRGridStrategyUser-000,BTC/USDT.SIM,SIM-1-3034,BTC/USDT.SIM-SRGridStrategyUser-000,SIM-001,T-ce1268979cefe29a-344746,LIMIT,BUY,0.079293,63057.59,GTC,,0.079293,MAKER,63057.590000000004,0.0,['1.00000000 USDT'],FILLED,False,False,False,,NO_TRIGGER,,NO_CONTINGENCY,,,,,,,,45720969-ce73-4c3b-a3c8-f4d0dabfce23,2026-06-11 21:10:00+00:00,2026-06-12 06:30:00+00:00
TESTER-001,SRGridStrategyUser-000,BTC/USDT.SIM,SIM-1-3035,BTC/USDT.SIM-SRGridStrategyUser-000,SIM-001,T-ffdf625ce7c24a4d-344753,LIMIT,BUY,0.079572,62836.40,GTC,,0.079572,MAKER,62836.4,0.0,['1.00000000 USDT'],FILLED,False,False,False,,NO_TRIGGER,,NO_CONTINGENCY,,,,,,,,310fbd91-6268-43a0-b8ec-fe63b161757a,2026-06-11 21:10:00+00:00,2026-06-12 06:35:00+00:00
TESTER-001,SRGridStrategyUser-000,BTC/USDT.SIM,SIM-1-3036,BTC/USDT.SIM-SRGridStrategyUser-000,SIM-001,T-ce1268979cefe29a-344747,LIMIT,BUY,0.079293,63057.59,GTC,,0.079293,MAKER,63057.590000000004,0.0,['1.00000000 USDT'],FILLED,False,False,False,,NO_TRIGGER,,NO_CONTINGENCY,,,,,,,,7168485f-e7bc-4901-984a-e0d511e1c268,2026-06-12 00:05:00+00:00,2026-06-12 06:30:00+00:00
TESTER-001,SRGridStrategyUser-000,BTC/USDT.SIM,SIM-1-3037,BTC/USDT.SIM-SRGridStrategyUser-000,SIM-001,T-ffdf625ce7c24a4d-344754,LIMIT,BUY,0.079572,62836.40,GTC,,0.079572,MAKER,62836.4,0.0,['1.00000000 USDT'],FILLED,False,False,False,,NO_TRIGGER,,NO_CONTINGENCY,,,,,,,,1bb6710e-e51a-47b8-b93d-2efc56ef9303,2026-06-12 00:05:00+00:00,2026-06-12 06:35:00+00:00
TESTER-001,SRGridStrategyUser-000,BTC/USDT.SIM,SIM-1-3038,BTC/USDT.SIM-SRGridStrategyUser-000,SIM-001,T-9a37ec67f0e61462-345131,LIMIT,SELL,0.078448,63736.66,GTC,,0.078448,MAKER,63736.659999999996,0.0,['1.00000000 USDT'],FILLED,False,False,False,,NO_TRIGGER,,NO_CONTINGENCY,,,,,,,,d3a5fc03-2020-4115-9038-721e8f041c55,2026-06-12 12:45:00+00:00,2026-06-12 14:35:00+00:00
TESTER-001,SRGridStrategyUser-000,BTC/USDT.SIM,SIM-1-3039,BTC/USDT.SIM-SRGridStrategyUser-000,SIM-001,T-d4393fadd026b8fb-345148,LIMIT,SELL,0.078155,63975.73,GTC,,0.078155,MAKER,63975.73,0.0,['1.00000000 USDT'],FILLED,False,False,False,,NO_TRIGGER,,NO_CONTINGENCY,,,,,,,,02e0b147-6f1b-4669-9737-f3db513aa5eb,2026-06-12 12:45:00+00:00,2026-06-12 14:55:00+00:00
TESTER-001,SRGridStrategyUser-000,BTC/USDT.SIM,SIM-1-3040,BTC/USDT.SIM-SRGridStrategyUser-000,SIM-001,T-206baf115bef99de-345887,LIMIT,SELL,0.078458,63728.00,GTC,,0.078458,MAKER,63728.0,0.0,['1.00000000 USDT'],FILLED,False,False,False,,NO_TRIGGER,,NO_CONTINGENCY,,,,,,,,21a1f305-e24e-4727-87d9-a69f72dcd184,2026-06-13 04:45:00+00:00,2026-06-13 06:50:00+00:00
TESTER-001,SRGridStrategyUser-000,BTC/USDT.SIM,SIM-1-3041,BTC/USDT.SIM-SRGridStrategyUser-000,SIM-001,T-92c2fedeb85f6efc-345922,LIMIT,SELL,0.078350,63816.10,GTC,,0.078350,MAKER,63816.1,0.0,['1.00000000 USDT'],FILLED,False,False,False,,NO_TRIGGER,,NO_CONTINGENCY,,,,,,,,ec24f214-59e6-4aad-8143-d46d7a76fd21,2026-06-13 04:45:00+00:00,2026-06-13 07:35:00+00:00
TESTER-001,SRGridStrategyUser-000,BTC/USDT.SIM,SIM-1-3042,BTC/USDT.SIM-SRGridStrategyUser-000,SIM-001,T-00f0519e5e6ba8b3-346576,LIMIT,SELL,0.077682,64365.30,GTC,,0.077682,MAKER,64365.299999999996,0.0,['1.00000000 USDT'],FILLED,False,False,False,,NO_TRIGGER,,NO_CONTINGENCY,,,,,,,,db2c285e-8e68-4308-97c6-a44d691d4539,2026-06-13 20:45:00+00:00,2026-06-13 21:40:00+00:00
TESTER-001,SRGridStrategyUser-000,BTC/USDT.SIM,SIM-1-3043,BTC/USDT.SIM-SRGridStrategyUser-000,SIM-001,T-00f0519e5e6ba8b3-346579,LIMIT,SELL,0.077564,64462.61,GTC,,0.077564,MAKER,64462.61000000001,0.0,['1.00000000 USDT'],FILLED,False,False,False,,NO_TRIGGER,,NO_CONTINGENCY,,,,,,,,d8a0b458-4c50-426c-aa82-cca8c8e382ca,2026-06-13 20:45:00+00:00,2026-06-13 21:40:00+00:00
TESTER-001,SRGridStrategyUser-000,BTC/USDT.SIM,SIM-1-3044,BTC/USDT.SIM-SRGridStrategyUser-000,SIM-001,T-fa50e8c961aadc9e-347337,LIMIT,BUY,0.077855,64221.84,GTC,,0.077855,MAKER,64221.84,0.0,['1.00000000 USDT'],FILLED,False,False,False,,NO_TRIGGER,,NO_CONTINGENCY,,,,,,,,b8b4c107-e24a-4c48-baa5-877fd761f781,2026-06-14 12:45:00+00:00,2026-06-14 14:25:00+00:00
TESTER-001,SRGridStrategyUser-000,BTC/USDT.SIM,SIM-1-3045,BTC/USDT.SIM-SRGridStrategyUser-000,SIM-001,T-2f2989ada82c91b7-347342,LIMIT,BUY,0.077991,64109.68,GTC,,0.077991,MAKER,64109.68,0.0,['1.00000000 USDT'],FILLED,False,False,False,,NO_TRIGGER,,NO_CONTINGENCY,,,,,,,,27382c65-e1bb-4dd4-b6f8-ac2afee3a02a,2026-06-14 12:45:00+00:00,2026-06-14 14:30:00+00:00
TESTER-001,SRGridStrategyUser-000,BTC/USDT.SIM,SIM-1-3046,BTC/USDT.SIM-SRGridStrategyUser-000,SIM-001,T-53c5433bcbfce423-347658,LIMIT,SELL,0.077584,64446.18,GTC,,0.077584,MAKER,64446.18,0.0,['1.00000000 USDT'],FILLED,False,False,False,,NO_TRIGGER,,NO_CONTINGENCY,,,,,,,,d8a94666-86af-4f33-8e68-0fa4389b32f3,2026-06-14 12:45:00+00:00,2026-06-14 21:15:00+00:00
TESTER-001,SRGridStrategyUser-000,BTC/USDT.SIM,SIM-1-3047,BTC/USDT.SIM-SRGridStrategyUser-000,SIM-001,T-53c5433bcbfce423-347663,LIMIT,SELL,0.077449,64558.34,GTC,,0.077449,MAKER,64558.34,0.0,['1.00000000 USDT'],FILLED,False,False,False,,NO_TRIGGER,,NO_CONTINGENCY,,,,,,,,4e944563-2310-44d4-a5e9-cf605822c41c,2026-06-14 12:45:00+00:00,2026-06-14 21:15:00+00:00
TESTER-001,SRGridStrategyUser-000,BTC/USDT.SIM,SIM-1-3048,BTC/USDT.SIM-SRGridStrategyUser-000,SIM-001,T-53c5433bcbfce423-347659,LIMIT,SELL,0.077584,64446.18,GTC,,0.077584,MAKER,64446.18,0.0,['1.00000000 USDT'],FILLED,False,False,False,,NO_TRIGGER,,NO_CONTINGENCY,,,,,,,,cdbbd68d-24aa-4873-a622-81488a4c4384,2026-06-14 14:25:00+00:00,2026-06-14 21:15:00+00:00
TESTER-001,SRGridStrategyUser-000,BTC/USDT.SIM,SIM-1-3049,BTC/USDT.SIM-SRGridStrategyUser-000,SIM-001,T-53c5433bcbfce423-347664,LIMIT,SELL,0.077449,64558.34,GTC,,0.077449,MAKER,64558.34,0.0,['1.00000000 USDT'],FILLED,False,False,False,,NO_TRIGGER,,NO_CONTINGENCY,,,,,,,,91ad06e1-0dfe-4b77-960c-7e0aac0a6300,2026-06-14 14:25:00+00:00,2026-06-14 21:15:00+00:00
TESTER-001,SRGridStrategyUser-000,BTC/USDT.SIM,SIM-1-3050,BTC/USDT.SIM-SRGridStrategyUser-000,SIM-001,T-53c5433bcbfce423-347660,LIMIT,SELL,0.077584,64446.18,GTC,,0.077584,MAKER,64446.18,0.0,['1.00000000 USDT'],FILLED,False,False,False,,NO_TRIGGER,,NO_CONTINGENCY,,,,,,,,2cdbb61f-1d82-48a1-a2fd-ba85ec15ad61,2026-06-14 14:30:00+00:00,2026-06-14 21:15:00+00:00
TESTER-001,SRGridStrategyUser-000,BTC/USDT.SIM,SIM-1-3051,BTC/USDT.SIM-SRGridStrategyUser-000,SIM-001,T-53c5433bcbfce423-347665,LIMIT,SELL,0.077449,64558.34,GTC,,0.077449,MAKER,64558.34,0.0,['1.00000000 USDT'],FILLED,False,False,False,,NO_TRIGGER,,NO_CONTINGENCY,,,,,,,,4ec9441e-e574-4e8d-8849-e922763a1e05,2026-06-14 14:30:00+00:00,2026-06-14 21:15:00+00:00
TESTER-001,SRGridStrategyUser-000,BTC/USDT.SIM,SIM-1-3054,BTC/USDT.SIM-SRGridStrategyUser-000,SIM-001,T-c541e345cde12ae3-348075,LIMIT,SELL,0.075888,65886.55,GTC,,0.075888,MAKER,65886.55,0.0,['1.00000000 USDT'],FILLED,False,False,False,,NO_TRIGGER,,NO_CONTINGENCY,,,,,,,,c03dce56-c41b-41fa-88ec-5f5ef78818e1,2026-06-15 04:45:00+00:00,2026-06-15 06:05:00+00:00
TESTER-001,SRGridStrategyUser-000,BTC/USDT.SIM,SIM-1-3055,BTC/USDT.SIM-SRGridStrategyUser-000,SIM-001,T-41018291d2731271-348317,LIMIT,SELL,0.061571,66095.09,GTC,,0.061571,MAKER,66095.09000000001,0.0,['0.81000000 USDT'],FILLED,False,False,False,,NO_TRIGGER,,NO_CONTINGENCY,,,,,,,,1db80412-ced1-4170-ba6b-1eafe1523db1,2026-06-15 04:45:00+00:00,2026-06-15 11:15:00+00:00
TESTER-001,SRGridStrategyUser-000,BTC/USDT.SIM,SIM-1-3060,BTC/USDT.SIM-SRGridStrategyUser-000,SIM-001,T-c2578a35ed334714-348838,LIMIT,BUY,0.075416,66298.79,GTC,,0.075416,MAKER,66298.79000000001,0.0,['1.00000000 USDT'],FILLED,False,False,False,,NO_TRIGGER,,NO_CONTINGENCY,,,,,,,,957b8a2d-6c23-49c2-b28a-e29b34d58d13,2026-06-15 20:45:00+00:00,2026-06-15 22:20:00+00:00
TESTER-001,SRGridStrategyUser-000,BTC/USDT.SIM,SIM-1-3061,BTC/USDT.SIM-SRGridStrategyUser-000,SIM-001,T-766528b05a8b2c90-348847,LIMIT,BUY,0.075660,66085.26,GTC,,0.075660,MAKER,66085.26000000001,0.0,['1.00000000 USDT'],FILLED,False,False,False,,NO_TRIGGER,,NO_CONTINGENCY,,,,,,,,1d873328-f6ce-495c-895c-21067286ab8d,2026-06-15 20:45:00+00:00,2026-06-15 22:30:00+00:00
TESTER-001,SRGridStrategyUser-000,BTC/USDT.SIM,SIM-1-3062,BTC/USDT.SIM-SRGridStrategyUser-000,SIM-001,T-b7a921def8091ed7-349332,LIMIT,SELL,0.074934,66725.83,GTC,,0.074934,MAKER,66725.83,0.0,['1.00000000 USDT'],FILLED,False,False,False,,NO_TRIGGER,,NO_CONTINGENCY,,,,,,,,1f81c2e2-bcbc-41e0-9dd4-cab53e8f6458,2026-06-15 20:45:00+00:00,2026-06-16 08:50:00+00:00
TESTER-001,SRGridStrategyUser-000,BTC/USDT.SIM,SIM-1-3063,BTC/USDT.SIM-SRGridStrategyUser-000,SIM-001,T-b7a921def8091ed7-349337,LIMIT,SELL,0.074694,66939.36,GTC,,0.074694,MAKER,66939.36,0.0,['1.00000000 USDT'],FILLED,False,False,False,,NO_TRIGGER,,NO_CONTINGENCY,,,,,,,,f9b8a862-acd1-4e9d-958d-71e7ed4368fd,2026-06-15 20:45:00+00:00,2026-06-16 08:50:00+00:00
TESTER-001,SRGridStrategyUser-000,BTC/USDT.SIM,SIM-1-3064,BTC/USDT.SIM-SRGridStrategyUser-000,SIM-001,T-b7a921def8091ed7-349333,LIMIT,SELL,0.074934,66725.83,GTC,,0.074934,MAKER,66725.83,0.0,['1.00000000 USDT'],FILLED,False,False,False,,NO_TRIGGER,,NO_CONTINGENCY,,,,,,,,1da59fa9-7db2-4e9a-8ca6-8d2929861075,2026-06-15 22:20:00+00:00,2026-06-16 08:50:00+00:00
TESTER-001,SRGridStrategyUser-000,BTC/USDT.SIM,SIM-1-3065,BTC/USDT.SIM-SRGridStrategyUser-000,SIM-001,T-b7a921def8091ed7-349338,LIMIT,SELL,0.074694,66939.36,GTC,,0.074694,MAKER,66939.36,0.0,['1.00000000 USDT'],FILLED,False,False,False,,NO_TRIGGER,,NO_CONTINGENCY,,,,,,,,95dd553e-9b9b-4620-a80d-036425dfe445,2026-06-15 22:20:00+00:00,2026-06-16 08:50:00+00:00
TESTER-001,SRGridStrategyUser-000,BTC/USDT.SIM,SIM-1-3066,BTC/USDT.SIM-SRGridStrategyUser-000,SIM-001,T-b7a921def8091ed7-349334,LIMIT,SELL,0.074934,66725.83,GTC,,0.074934,MAKER,66725.83,0.0,['1.00000000 USDT'],FILLED,False,False,False,,NO_TRIGGER,,NO_CONTINGENCY,,,,,,,,619535a3-31f1-41bf-afd8-48ab36449031,2026-06-15 22:30:00+00:00,2026-06-16 08:50:00+00:00
TESTER-001,SRGridStrategyUser-000,BTC/USDT.SIM,SIM-1-3067,BTC/USDT.SIM-SRGridStrategyUser-000,SIM-001,T-b7a921def8091ed7-349339,LIMIT,SELL,0.074694,66939.36,GTC,,0.074694,MAKER,66939.36,0.0,['1.00000000 USDT'],FILLED,False,False,False,,NO_TRIGGER,,NO_CONTINGENCY,,,,,,,,a5e6317e-5501-4ace-bf60-b33bd1cc4f61,2026-06-15 22:30:00+00:00,2026-06-16 08:50:00+00:00
TESTER-001,SRGridStrategyUser-000,BTC/USDT.SIM,SIM-1-3068,BTC/USDT.SIM-SRGridStrategyUser-000,SIM-001,T-1139b23af04cd153-349539,LIMIT,BUY,0.075606,66132.22,GTC,,0.075606,MAKER,66132.22,0.0,['1.00000000 USDT'],FILLED,False,False,False,,NO_TRIGGER,,NO_CONTINGENCY,,,,,,,,73dd53e9-2149-4236-b342-ce2fda94761f,2026-06-16 12:45:00+00:00,2026-06-16 13:10:00+00:00
TESTER-001,SRGridStrategyUser-000,BTC/USDT.SIM,SIM-1-3069,BTC/USDT.SIM-SRGridStrategyUser-000,SIM-001,T-2ac90d1dba168d06-349590,LIMIT,BUY,0.075930,65850.44,GTC,,0.075930,MAKER,65850.43999999999,0.0,['1.00000000 USDT'],FILLED,False,False,False,,NO_TRIGGER,,NO_CONTINGENCY,,,,,,,,7e277dd2-7ccf-4ada-8d1e-aa62a67691e8,2026-06-16 12:45:00+00:00,2026-06-16 14:15:00+00:00
TESTER-001,SRGridStrategyUser-000,BTC/USDT.SIM,SIM-1-3070,BTC/USDT.SIM-SRGridStrategyUser-000,SIM-001,T-3369641e71a55012-350267,LIMIT,BUY,0.075885,65889.11,GTC,,0.075885,MAKER,65889.11,0.0,['1.00000000 USDT'],FILLED,False,False,False,,NO_TRIGGER,,NO_CONTINGENCY,,,,,,,,2c1f0bc4-30a5-45e7-9037-56393415840a,2026-06-17 04:45:00+00:00,2026-06-17 05:00:00+00:00
TESTER-001,SRGridStrategyUser-000,BTC/USDT.SIM,SIM-1-3071,BTC/USDT.SIM-SRGridStrategyUser-000,SIM-001,T-3b8068488cc2bbe2-350333,LIMIT,BUY,0.076055,65742.11,GTC,,0.076055,MAKER,65742.11,0.0,['1.00000000 USDT'],FILLED,False,False,False,,NO_TRIGGER,,NO_CONTINGENCY,,,,,,,,1203f379-e60f-47e4-be09-29a99f20eada,2026-06-17 04:45:00+00:00,2026-06-17 06:25:00+00:00
TESTER-001,SRGridStrategyUser-000,BTC/USDT.SIM,SIM-1-3072,BTC/USDT.SIM-SRGridStrategyUser-000,SIM-001,T-50d111cac59f5553-351057,LIMIT,BUY,0.078207,63932.65,GTC,,0.078207,MAKER,63932.65,0.0,['1.00000000 USDT'],FILLED,False,False,False,,NO_TRIGGER,,NO_CONTINGENCY,,,,,,,,73befc5f-8fe5-4387-97c2-953688928270,2026-06-17 20:45:00+00:00,2026-06-17 22:00:00+00:00
TESTER-001,SRGridStrategyUser-000,BTC/USDT.SIM,SIM-1-3074,BTC/USDT.SIM-SRGridStrategyUser-000,SIM-001,T-5278dbb9fe49bb99-351201,LIMIT,SELL,0.077271,64707.41,GTC,,0.077271,MAKER,64707.41,0.0,['1.00000000 USDT'],FILLED,False,False,False,,NO_TRIGGER,,NO_CONTINGENCY,,,,,,,,7f87d484-9d80-4a2b-b551-02232b4fa860,2026-06-17 20:45:00+00:00,2026-06-18 01:05:00+00:00
TESTER-001,SRGridStrategyUser-000,BTC/USDT.SIM,SIM-1-3076,BTC/USDT.SIM-SRGridStrategyUser-000,SIM-001,T-5278dbb9fe49bb99-351202,LIMIT,SELL,0.077271,64707.41,GTC,,0.077271,MAKER,64707.41,0.0,['1.00000000 USDT'],FILLED,False,False,False,,NO_TRIGGER,,NO_CONTINGENCY,,,,,,,,e8ec970c-bdde-4277-99dd-bd6baec91da0,2026-06-17 22:00:00+00:00,2026-06-18 01:05:00+00:00
TESTER-001,SRGridStrategyUser-000,BTC/USDT.SIM,SIM-1-3079,BTC/USDT.SIM-SRGridStrategyUser-000,SIM-001,T-c120ec31d38ea122-351781,LIMIT,BUY,0.077963,64132.61,GTC,,0.077963,MAKER,64132.61000000001,0.0,['1.00000000 USDT'],FILLED,False,False,False,,NO_TRIGGER,,NO_CONTINGENCY,,,,,,,,d8eb5ff4-a086-4aef-a8d8-947d59599284,2026-06-18 12:45:00+00:00,2026-06-18 13:35:00+00:00
TESTER-001,SRGridStrategyUser-000,BTC/USDT.SIM,SIM-1-3080,BTC/USDT.SIM-SRGridStrategyUser-000,SIM-001,T-751d15b18e24752a-351785,LIMIT,BUY,0.078231,63913.23,GTC,,0.078231,MAKER,63913.229999999996,0.0,['1.00000000 USDT'],FILLED,False,False,False,,NO_TRIGGER,,NO_CONTINGENCY,,,,,,,,1ef51e01-a254-4ab7-a39e-8d0a27a2a69d,2026-06-18 12:45:00+00:00,2026-06-18 13:40:00+00:00
TESTER-001,SRGridStrategyUser-000,BTC/USDT.SIM,SIM-1-3087,BTC/USDT.SIM-SRGridStrategyUser-000,SIM-001,T-10d006a1415f3237-352489,LIMIT,BUY,0.080107,62416.16,GTC,,0.080107,MAKER,62416.16,0.0,['1.00000000 USDT'],FILLED,False,False,False,,NO_TRIGGER,,NO_CONTINGENCY,,,,,,,,65136a11-f6e8-410c-bd12-fb0217cff8ac,2026-06-19 04:45:00+00:00,2026-06-19 04:55:00+00:00
TESTER-001,SRGridStrategyUser-000,BTC/USDT.SIM,SIM-1-3089,BTC/USDT.SIM-SRGridStrategyUser-000,SIM-001,T-bfd3bf7c35f43831-352582,LIMIT,SELL,0.079477,62911.21,GTC,,0.079477,MAKER,62911.21,0.0,['1.00000000 USDT'],FILLED,False,False,False,,NO_TRIGGER,,NO_CONTINGENCY,,,,,,,,a87897cc-7a66-4563-83f4-4c51da6e0476,2026-06-19 04:45:00+00:00,2026-06-19 06:55:00+00:00
TESTER-001,SRGridStrategyUser-000,BTC/USDT.SIM,SIM-1-3090,BTC/USDT.SIM-SRGridStrategyUser-000,SIM-001,T-9698f8fbbeb3b688-352894,LIMIT,SELL,0.079166,63158.74,GTC,,0.079166,MAKER,63158.74,0.0,['1.00000000 USDT'],FILLED,False,False,False,,NO_TRIGGER,,NO_CONTINGENCY,,,,,,,,a64e9717-e687-4f71-ad05-867ac2e863f6,2026-06-19 04:45:00+00:00,2026-06-19 13:45:00+00:00
TESTER-001,SRGridStrategyUser-000,BTC/USDT.SIM,SIM-1-3091,BTC/USDT.SIM-SRGridStrategyUser-000,SIM-001,T-bfd3bf7c35f43831-352583,LIMIT,SELL,0.079477,62911.21,GTC,,0.079477,MAKER,62911.21,0.0,['1.00000000 USDT'],FILLED,False,False,False,,NO_TRIGGER,,NO_CONTINGENCY,,,,,,,,dc155cf2-4f1f-4dd1-94d0-8382b7fb580a,2026-06-19 04:55:00+00:00,2026-06-19 06:55:00+00:00
TESTER-001,SRGridStrategyUser-000,BTC/USDT.SIM,SIM-1-3092,BTC/USDT.SIM-SRGridStrategyUser-000,SIM-001,T-9698f8fbbeb3b688-352895,LIMIT,SELL,0.079166,63158.74,GTC,,0.079166,MAKER,63158.74,0.0,['1.00000000 USDT'],FILLED,False,False,False,,NO_TRIGGER,,NO_CONTINGENCY,,,,,,,,f289ada0-d6d6-4a24-a561-2581a59d9abf,2026-06-19 04:55:00+00:00,2026-06-19 13:45:00+00:00
TESTER-001,SRGridStrategyUser-000,BTC/USDT.SIM,SIM-1-3097,BTC/USDT.SIM-SRGridStrategyUser-000,SIM-001,T-3107e10be6b289cd-353309,LIMIT,SELL,0.078941,63338.36,GTC,,0.078941,MAKER,63338.36000000001,0.0,['1.00000000 USDT'],FILLED,False,False,False,,NO_TRIGGER,,NO_CONTINGENCY,,,,,,,,cb3aac83-ac00-4d19-8594-f908709bbd1a,2026-06-19 20:45:00+00:00,2026-06-19 22:45:00+00:00
TESTER-001,SRGridStrategyUser-000,BTC/USDT.SIM,SIM-1-3098,BTC/USDT.SIM-SRGridStrategyUser-000,SIM-001,T-834f3fc113525eb5-353365,LIMIT,SELL,0.073381,63502.73,GTC,,0.073381,MAKER,63502.729999999996,0.0,['0.93000000 USDT'],FILLED,False,False,False,,NO_TRIGGER,,NO_CONTINGENCY,,,,,,,,cdedcc58-e022-48bf-bd17-3900342562a5,2026-06-19 20:45:00+00:00,2026-06-19 23:55:00+00:00
TESTER-001,SRGridStrategyUser-000,BTC/USDT.SIM,SIM-1-3103,BTC/USDT.SIM-SRGridStrategyUser-000,SIM-001,T-28eb5b7edab7dedf-353981,LIMIT,BUY,0.078777,63470.69,GTC,,0.078777,MAKER,63470.69,0.0,['1.00000000 USDT'],FILLED,False,False,False,,NO_TRIGGER,,NO_CONTINGENCY,,,,,,,,6a42e282-2fd6-4a9a-880b-23750bf98f33,2026-06-20 12:45:00+00:00,2026-06-20 13:20:00+00:00
TESTER-001,SRGridStrategyUser-000,BTC/USDT.SIM,SIM-1-3104,BTC/USDT.SIM-SRGridStrategyUser-000,SIM-001,T-306e244157127008-353986,LIMIT,BUY,0.078947,63333.42,GTC,,0.078947,MAKER,63333.420000000006,0.0,['1.00000000 USDT'],FILLED,False,False,False,,NO_TRIGGER,,NO_CONTINGENCY,,,,,,,,1d51fe8e-93e8-47ed-9511-03686a8abfa0,2026-06-20 12:45:00+00:00,2026-06-20 13:25:00+00:00
TESTER-001,SRGridStrategyUser-000,BTC/USDT.SIM,SIM-1-3105,BTC/USDT.SIM-SRGridStrategyUser-000,SIM-001,T-c3d059851cdad7f6-354694,LIMIT,BUY,0.077710,64342.14,GTC,,0.077710,MAKER,64342.14000000001,0.0,['1.00000000 USDT'],FILLED,False,False,False,,NO_TRIGGER,,NO_CONTINGENCY,,,,,,,,3dde2cc4-619c-4dff-b7f6-fdeb18155dec,2026-06-21 04:45:00+00:00,2026-06-21 04:50:00+00:00
TESTER-001,SRGridStrategyUser-000,BTC/USDT.SIM,SIM-1-3106,BTC/USDT.SIM-SRGridStrategyUser-000,SIM-001,T-d84678b6d7523a60-354749,LIMIT,BUY,0.077859,64218.28,GTC,,0.077859,MAKER,64218.27999999999,0.0,['1.00000000 USDT'],FILLED,False,False,False,,NO_TRIGGER,,NO_CONTINGENCY,,,,,,,,b0088205-faeb-41ac-98de-4c21bcfa3949,2026-06-21 04:45:00+00:00,2026-06-21 06:05:00+00:00
TESTER-001,SRGridStrategyUser-000,BTC/USDT.SIM,SIM-1-3107,BTC/USDT.SIM-SRGridStrategyUser-000,SIM-001,T-abb0e441cba8a22a-355436,LIMIT,BUY,0.078652,63571.54,GTC,,0.078652,MAKER,63571.53999999999,0.0,['1.00000000 USDT'],FILLED,False,False,False,,NO_TRIGGER,,NO_CONTINGENCY,,,,,,,,8836a1ea-b292-437f-9ae2-d7fb7418d388,2026-06-21 20:45:00+00:00,2026-06-21 21:05:00+00:00
TESTER-001,SRGridStrategyUser-000,BTC/USDT.SIM,SIM-1-3108,BTC/USDT.SIM-SRGridStrategyUser-000,SIM-001,T-227817a61e286e39-355551,LIMIT,BUY,0.078863,63400.86,GTC,,0.078863,MAKER,63400.86,0.0,['1.00000000 USDT'],FILLED,False,False,False,,NO_TRIGGER,,NO_CONTINGENCY,,,,,,,,45b360f6-98ea-4817-8081-53c5ce1d618f,2026-06-21 20:45:00+00:00,2026-06-21 23:30:00+00:00
TESTER-001,SRGridStrategyUser-000,BTC/USDT.SIM,SIM-1-3109,BTC/USDT.SIM-SRGridStrategyUser-000,SIM-001,T-db9fc6f2c0b2b7a6-355460,LIMIT,SELL,0.078231,63912.90,GTC,,0.078231,MAKER,63912.899999999994,0.0,['1.00000000 USDT'],FILLED,False,False,False,,NO_TRIGGER,,NO_CONTINGENCY,,,,,,,,0877c6f3-fe4a-4a56-bcdc-7a0ff6dad5ef,2026-06-21 20:45:00+00:00,2026-06-21 21:35:00+00:00
TESTER-001,SRGridStrategyUser-000,BTC/USDT.SIM,SIM-1-3110,BTC/USDT.SIM-SRGridStrategyUser-000,SIM-001,T-cd63973a5ad25265-355604,LIMIT,SELL,0.078023,64083.58,GTC,,0.078023,MAKER,64083.58,0.0,['1.00000000 USDT'],FILLED,False,False,False,,NO_TRIGGER,,NO_CONTINGENCY,,,,,,,,ff0b28ed-259b-4f97-aed6-d2e648d52143,2026-06-21 20:45:00+00:00,2026-06-22 00:35:00+00:00
TESTER-001,SRGridStrategyUser-000,BTC/USDT.SIM,SIM-1-3111,BTC/USDT.SIM-SRGridStrategyUser-000,SIM-001,T-db9fc6f2c0b2b7a6-355461,LIMIT,SELL,0.078231,63912.90,GTC,,0.078231,MAKER,63912.899999999994,0.0,['1.00000000 USDT'],FILLED,False,False,False,,NO_TRIGGER,,NO_CONTINGENCY,,,,,,,,dc138f8a-a543-45e8-ac9b-b521d61324ed,2026-06-21 21:05:00+00:00,2026-06-21 21:35:00+00:00
TESTER-001,SRGridStrategyUser-000,BTC/USDT.SIM,SIM-1-3112,BTC/USDT.SIM-SRGridStrategyUser-000,SIM-001,T-cd63973a5ad25265-355605,LIMIT,SELL,0.078023,64083.58,GTC,,0.078023,MAKER,64083.58,0.0,['1.00000000 USDT'],FILLED,False,False,False,,NO_TRIGGER,,NO_CONTINGENCY,,,,,,,,2b02a9b4-b2a6-4cc5-96e6-f54ee4207e3b,2026-06-21 21:05:00+00:00,2026-06-22 00:35:00+00:00
TESTER-001,SRGridStrategyUser-000,BTC/USDT.SIM,SIM-1-3113,BTC/USDT.SIM-SRGridStrategyUser-000,SIM-001,T-227817a61e286e39-355552,LIMIT,BUY,0.078863,63400.86,GTC,,0.078863,MAKER,63400.86,0.0,['1.00000000 USDT'],FILLED,False,False,False,,NO_TRIGGER,,NO_CONTINGENCY,,,,,,,,87895a86-6507-4521-aedd-765f797fe0d0,2026-06-21 21:35:00+00:00,2026-06-21 23:30:00+00:00
TESTER-001,SRGridStrategyUser-000,BTC/USDT.SIM,SIM-1-3114,BTC/USDT.SIM-SRGridStrategyUser-000,SIM-001,T-cd63973a5ad25265-355606,LIMIT,SELL,0.078023,64083.58,GTC,,0.078023,MAKER,64083.58,0.0,['1.00000000 USDT'],FILLED,False,False,False,,NO_TRIGGER,,NO_CONTINGENCY,,,,,,,,1bf4206b-235e-4325-932d-5a37cb18aae6,2026-06-21 23:30:00+00:00,2026-06-22 00:35:00+00:00
TESTER-001,SRGridStrategyUser-000,BTC/USDT.SIM,SIM-1-3115,BTC/USDT.SIM-SRGridStrategyUser-000,SIM-001,T-9cdac2af4f7aec98-356317,LIMIT,BUY,0.077147,64811.12,GTC,,0.077147,MAKER,64811.12,0.0,['1.00000000 USDT'],FILLED,False,False,False,,NO_TRIGGER,,NO_CONTINGENCY,,,,,,,,89e4be05-21d9-4474-9fdc-177fdfe506e8,2026-06-22 12:45:00+00:00,2026-06-22 15:50:00+00:00
TESTER-001,SRGridStrategyUser-000,BTC/USDT.SIM,SIM-1-3116,BTC/USDT.SIM-SRGridStrategyUser-000,SIM-001,T-12d70f62f1ac2d1d-356394,LIMIT,BUY,0.077584,64446.33,GTC,,0.077584,MAKER,64446.33,0.0,['1.00000000 USDT'],FILLED,False,False,False,,NO_TRIGGER,,NO_CONTINGENCY,,,,,,,,db8877df-d583-4a0f-ac8e-824ad2253551,2026-06-22 12:45:00+00:00,2026-06-22 17:30:00+00:00
TESTER-001,SRGridStrategyUser-000,BTC/USDT.SIM,SIM-1-3117,BTC/USDT.SIM-SRGridStrategyUser-000,SIM-001,T-6b3acfed5b692514-356905,LIMIT,BUY,0.078487,63705.13,GTC,,0.078487,MAKER,63705.13,0.0,['1.00000000 USDT'],FILLED,False,False,False,,NO_TRIGGER,,NO_CONTINGENCY,,,,,,,,57eb0001-7150-4842-803b-96b12ba506f2,2026-06-23 04:45:00+00:00,2026-06-23 04:50:00+00:00
TESTER-001,SRGridStrategyUser-000,BTC/USDT.SIM,SIM-1-3118,BTC/USDT.SIM-SRGridStrategyUser-000,SIM-001,T-696a0d2603058dff-356926,LIMIT,BUY,0.078641,63579.68,GTC,,0.078641,MAKER,63579.68,0.0,['1.00000000 USDT'],FILLED,False,False,False,,NO_TRIGGER,,NO_CONTINGENCY,,,,,,,,218a5bc9-4434-4a17-bfad-7263e3c773c6,2026-06-23 04:45:00+00:00,2026-06-23 05:15:00+00:00
TESTER-001,SRGridStrategyUser-000,BTC/USDT.SIM,SIM-1-3127,BTC/USDT.SIM-SRGridStrategyUser-000,SIM-001,T-73ca2c828cdb4234-357665,LIMIT,SELL,0.079877,62596.15,GTC,,0.079877,MAKER,62596.15,0.0,['1.00000000 USDT'],FILLED,False,False,False,,NO_TRIGGER,,NO_CONTINGENCY,,,,,,,,4ffefc92-5129-4898-a647-8b500347ffd4,2026-06-23 20:45:00+00:00,2026-06-23 21:00:00+00:00
TESTER-001,SRGridStrategyUser-000,BTC/USDT.SIM,SIM-1-3128,BTC/USDT.SIM-SRGridStrategyUser-000,SIM-001,T-13df06b38d93baf0-357721,LIMIT,SELL,0.079660,62766.47,GTC,,0.079660,MAKER,62766.47,0.0,['1.00000000 USDT'],FILLED,False,False,False,,NO_TRIGGER,,NO_CONTINGENCY,,,,,,,,da81bca5-b158-4577-b099-038ced262fe1,2026-06-23 20:45:00+00:00,2026-06-23 22:10:00+00:00
TESTER-001,SRGridStrategyUser-000,BTC/USDT.SIM,SIM-1-3133,BTC/USDT.SIM-SRGridStrategyUser-000,SIM-001,T-294c118bfbd8b0c2-358405,LIMIT,BUY,0.080085,62433.63,GTC,,0.080085,MAKER,62433.63,0.0,['1.00000000 USDT'],FILLED,False,False,False,,NO_TRIGGER,,NO_CONTINGENCY,,,,,,,,c389deb7-7daf-47c5-b6b5-e5613a58e798,2026-06-24 12:45:00+00:00,2026-06-24 13:00:00+00:00
TESTER-001,SRGridStrategyUser-000,BTC/USDT.SIM,SIM-1-3134,BTC/USDT.SIM-SRGridStrategyUser-000,SIM-001,T-92e0535157043f4d-358414,LIMIT,BUY,0.056727,62100.92,GTC,,0.056727,MAKER,62100.920000000006,0.0,['0.70000000 USDT'],FILLED,False,False,False,,NO_TRIGGER,,NO_CONTINGENCY,,,,,,,,94cb9173-ccb2-454e-acbe-5eb227d01c2d,2026-06-24 12:45:00+00:00,2026-06-24 13:10:00+00:00
TESTER-001,SRGridStrategyUser-000,BTC/USDT.SIM,SIM-1-3141,BTC/USDT.SIM-SRGridStrategyUser-000,SIM-001,T-bbc33ffff74cf328-358612,LIMIT,BUY,0.104722,59390.79,GTC,,0.104722,MAKER,59390.79,0.0,['1.24000000 USDT'],FILLED,False,True,False,,NO_TRIGGER,,NO_CONTINGENCY,,,,,,,,93268b06-ef2a-458b-be02-5acd8b381bd4,2026-06-24 17:05:00+00:00,2026-06-24 17:20:00+00:00
TESTER-001,SRGridStrategyUser-000,BTC/USDT.SIM,SIM-1-3144,BTC/USDT.SIM-SRGridStrategyUser-000,SIM-001,T-c1b7926ee183df8b-359161,LIMIT,SELL,0.081307,61495.20,GTC,,0.081307,MAKER,61495.2,0.0,['1.00000000 USDT'],FILLED,False,False,False,,NO_TRIGGER,,NO_CONTINGENCY,,,,,,,,1e6078b2-5ab9-42d2-aa15-ceea5a90a474,2026-06-24 21:35:00+00:00,2026-06-25 05:00:00+00:00
TESTER-001,SRGridStrategyUser-000,BTC/USDT.SIM,SIM-1-3145,BTC/USDT.SIM-SRGridStrategyUser-000,SIM-001,T-345421e447f22ad9-359285,LIMIT,SELL,0.080754,61916.38,GTC,,0.080754,MAKER,61916.380000000005,0.0,['1.00000000 USDT'],FILLED,False,False,False,,NO_TRIGGER,,NO_CONTINGENCY,,,,,,,,fb7eeea2-f6a6-4386-8248-feb63e95de9f,2026-06-24 21:35:00+00:00,2026-06-25 07:35:00+00:00
TESTER-001,SRGridStrategyUser-000,BTC/USDT.SIM,SIM-1-3150,BTC/USDT.SIM-SRGridStrategyUser-000,SIM-001,T-ac42885a2307e0ce-359563,LIMIT,BUY,0.083092,60174.53,GTC,,0.083092,MAKER,60174.530000000006,0.0,['1.00000000 USDT'],FILLED,False,False,False,,NO_TRIGGER,,NO_CONTINGENCY,,,,,,,,e912295c-4a7f-436e-a57c-51a46c6527e8,2026-06-25 13:35:00+00:00,2026-06-25 13:40:00+00:00
TESTER-001,SRGridStrategyUser-000,BTC/USDT.SIM,SIM-1-3151,BTC/USDT.SIM-SRGridStrategyUser-000,SIM-001,T-994fdbb6bfe12ec0-359568,LIMIT,BUY,0.083784,59677.06,GTC,,0.083784,MAKER,59677.06,0.0,['1.00000000 USDT'],FILLED,False,False,False,,NO_TRIGGER,,NO_CONTINGENCY,,,,,,,,1c089d32-642e-497e-b725-30abe6e2dff9,2026-06-25 13:35:00+00:00,2026-06-25 13:45:00+00:00
TESTER-001,SRGridStrategyUser-000,BTC/USDT.SIM,SIM-1-3159,BTC/USDT.SIM-SRGridStrategyUser-000,SIM-001,T-44b1765a3b326120-360117,LIMIT,BUY,0.084387,59250.89,GTC,,0.084387,MAKER,59250.89,0.0,['1.00000000 USDT'],FILLED,False,False,False,,NO_TRIGGER,,NO_CONTINGENCY,,,,,,,,121e55bc-d679-4c1a-8508-521a409440d0,2026-06-25 20:10:00+00:00,2026-06-26 01:30:00+00:00
TESTER-001,SRGridStrategyUser-000,BTC/USDT.SIM,SIM-1-3160,BTC/USDT.SIM-SRGridStrategyUser-000,SIM-001,T-cadc05bc4bccb0fd-360151,LIMIT,BUY,0.081106,58921.79,GTC,,0.081106,MAKER,58921.79,0.0,['0.96000000 USDT'],FILLED,False,False,False,,NO_TRIGGER,,NO_CONTINGENCY,,,,,,,,52443d2a-c2fd-4dc7-a961-8cad0d1661a5,2026-06-25 20:10:00+00:00,2026-06-26 02:10:00+00:00
TESTER-001,SRGridStrategyUser-000,BTC/USDT.SIM,SIM-1-3161,BTC/USDT.SIM-SRGridStrategyUser-000,SIM-001,T-e94beb199278d711-359931,LIMIT,SELL,0.083460,59909.11,GTC,,0.083460,MAKER,59909.11,0.0,['1.00000000 USDT'],FILLED,False,False,False,,NO_TRIGGER,,NO_CONTINGENCY,,,,,,,,69a7aa36-fd4a-4eed-81ea-2aed672cfce2,2026-06-25 20:10:00+00:00,2026-06-25 21:30:00+00:00
TESTER-001,SRGridStrategyUser-000,BTC/USDT.SIM,SIM-1-3162,BTC/USDT.SIM-SRGridStrategyUser-000,SIM-001,T-3f663b9f1341ad1e-359952,LIMIT,SELL,0.083004,60238.21,GTC,,0.083004,MAKER,60238.21000000001,0.0,['1.00000000 USDT'],FILLED,False,False,False,,NO_TRIGGER,,NO_CONTINGENCY,,,,,,,,2475cfdc-7308-4c6d-90b8-644e4bea0303,2026-06-25 20:10:00+00:00,2026-06-25 21:55:00+00:00
TESTER-001,SRGridStrategyUser-000,BTC/USDT.SIM,SIM-1-3163,BTC/USDT.SIM-SRGridStrategyUser-000,SIM-001,T-44b1765a3b326120-360118,LIMIT,BUY,0.084387,59250.89,GTC,,0.084387,MAKER,59250.89,0.0,['1.00000000 USDT'],FILLED,False,False,False,,NO_TRIGGER,,NO_CONTINGENCY,,,,,,,,dd121b91-d84b-40ca-8434-4f268b221dad,2026-06-25 21:30:00+00:00,2026-06-26 01:30:00+00:00
TESTER-001,SRGridStrategyUser-000,BTC/USDT.SIM,SIM-1-3164,BTC/USDT.SIM-SRGridStrategyUser-000,SIM-001,T-cadc05bc4bccb0fd-360152,LIMIT,BUY,0.084858,58921.79,GTC,,0.084858,MAKER,58921.79,0.0,['1.00000000 USDT'],FILLED,False,False,False,,NO_TRIGGER,,NO_CONTINGENCY,,,,,,,,8e6d1421-9174-4914-8037-ecc0e09c2dfd,2026-06-25 21:30:00+00:00,2026-06-26 02:10:00+00:00
TESTER-001,SRGridStrategyUser-000,BTC/USDT.SIM,SIM-1-3165,BTC/USDT.SIM-SRGridStrategyUser-000,SIM-001,T-44b1765a3b326120-360119,LIMIT,BUY,0.084387,59250.89,GTC,,0.084387,MAKER,59250.89,0.0,['1.00000000 USDT'],FILLED,False,False,False,,NO_TRIGGER,,NO_CONTINGENCY,,,,,,,,ba0bc119-ad16-40e2-a438-18cc80556b30,2026-06-25 21:55:00+00:00,2026-06-26 01:30:00+00:00
TESTER-001,SRGridStrategyUser-000,BTC/USDT.SIM,SIM-1-3166,BTC/USDT.SIM-SRGridStrategyUser-000,SIM-001,T-cadc05bc4bccb0fd-360153,LIMIT,BUY,0.084858,58921.79,GTC,,0.084858,MAKER,58921.79,0.0,['1.00000000 USDT'],FILLED,False,False,False,,NO_TRIGGER,,NO_CONTINGENCY,,,,,,,,089b156c-26f5-415d-adc0-25080a070dc2,2026-06-25 21:55:00+00:00,2026-06-26 02:10:00+00:00
TESTER-001,SRGridStrategyUser-000,BTC/USDT.SIM,SIM-1-3167,BTC/USDT.SIM-SRGridStrategyUser-000,SIM-001,T-ec4f996cb45a461b-360650,LIMIT,BUY,0.084506,59167.18,GTC,,0.084506,MAKER,59167.18,0.0,['1.00000000 USDT'],FILLED,False,False,False,,NO_TRIGGER,,NO_CONTINGENCY,,,,,,,,be17e435-5334-44a4-9633-f5a8f16df9ed,2026-06-26 12:10:00+00:00,2026-06-26 12:40:00+00:00
TESTER-001,SRGridStrategyUser-000,BTC/USDT.SIM,SIM-1-3168,BTC/USDT.SIM-SRGridStrategyUser-000,SIM-001,T-8bba0c9808c68de0-360679,LIMIT,BUY,0.084920,58878.96,GTC,,0.084920,MAKER,58878.96,0.0,['1.00000000 USDT'],FILLED,False,False,False,,NO_TRIGGER,,NO_CONTINGENCY,,,,,,,,10d55e60-74eb-4618-aa14-d64c03f9672f,2026-06-26 12:10:00+00:00,2026-06-26 13:15:00+00:00
TESTER-001,SRGridStrategyUser-000,BTC/USDT.SIM,SIM-1-3169,BTC/USDT.SIM-SRGridStrategyUser-000,SIM-001,T-cff7a30df7a8898b-360642,LIMIT,SELL,0.083691,59743.60,GTC,,0.083691,MAKER,59743.6,0.0,['1.00000000 USDT'],FILLED,False,False,False,,NO_TRIGGER,,NO_CONTINGENCY,,,,,,,,d6dcd997-4ccd-4292-8316-62ddb0cdb530,2026-06-26 12:10:00+00:00,2026-06-26 12:30:00+00:00
TESTER-001,SRGridStrategyUser-000,BTC/USDT.SIM,SIM-1-3170,BTC/USDT.SIM-SRGridStrategyUser-000,SIM-001,T-fdb17be0d0217323-360712,LIMIT,SELL,0.083289,60031.82,GTC,,0.083289,MAKER,60031.82,0.0,['1.00000000 USDT'],FILLED,False,False,False,,NO_TRIGGER,,NO_CONTINGENCY,,,,,,,,e7036e96-ba03-4ef9-833b-084cf32ac8c6,2026-06-26 12:10:00+00:00,2026-06-26 13:55:00+00:00
TESTER-001,SRGridStrategyUser-000,BTC/USDT.SIM,SIM-1-3171,BTC/USDT.SIM-SRGridStrategyUser-000,SIM-001,T-ec4f996cb45a461b-360651,LIMIT,BUY,0.084506,59167.18,GTC,,0.084506,MAKER,59167.18,0.0,['1.00000000 USDT'],FILLED,False,False,False,,NO_TRIGGER,,NO_CONTINGENCY,,,,,,,,dd438404-db76-4826-9340-12a03519a9e7,2026-06-26 12:30:00+00:00,2026-06-26 12:40:00+00:00
TESTER-001,SRGridStrategyUser-000,BTC/USDT.SIM,SIM-1-3172,BTC/USDT.SIM-SRGridStrategyUser-000,SIM-001,T-8bba0c9808c68de0-360680,LIMIT,BUY,0.084920,58878.96,GTC,,0.084920,MAKER,58878.96,0.0,['1.00000000 USDT'],FILLED,False,False,False,,NO_TRIGGER,,NO_CONTINGENCY,,,,,,,,920e8638-b5fc-478c-ab4f-5d33e44b16f0,2026-06-26 12:30:00+00:00,2026-06-26 13:15:00+00:00
TESTER-001,SRGridStrategyUser-000,BTC/USDT.SIM,SIM-1-3173,BTC/USDT.SIM-SRGridStrategyUser-000,SIM-001,T-fdb17be0d0217323-360713,LIMIT,SELL,0.083289,60031.82,GTC,,0.083289,MAKER,60031.82,0.0,['1.00000000 USDT'],FILLED,False,False,False,,NO_TRIGGER,,NO_CONTINGENCY,,,,,,,,5cdfdf99-d68d-42ad-bd06-f284a4410cb9,2026-06-26 12:40:00+00:00,2026-06-26 13:55:00+00:00
TESTER-001,SRGridStrategyUser-000,BTC/USDT.SIM,SIM-1-3174,BTC/USDT.SIM-SRGridStrategyUser-000,SIM-001,T-fdb17be0d0217323-360714,LIMIT,SELL,0.083289,60031.82,GTC,,0.083289,MAKER,60031.82,0.0,['1.00000000 USDT'],FILLED,False,False,False,,NO_TRIGGER,,NO_CONTINGENCY,,,,,,,,3200bed0-06c1-417b-a221-d28af4cb4415,2026-06-26 13:15:00+00:00,2026-06-26 13:55:00+00:00
TESTER-001,SRGridStrategyUser-000,BTC/USDT.SIM,SIM-1-3175,BTC/USDT.SIM-SRGridStrategyUser-000,SIM-001,T-9e9e3dda8df1c7f1-361406,LIMIT,BUY,0.083009,60234.48,GTC,,0.083009,MAKER,60234.48,0.0,['1.00000000 USDT'],FILLED,False,False,False,,NO_TRIGGER,,NO_CONTINGENCY,,,,,,,,673b11b4-f210-4c10-80dd-ebd826647940,2026-06-27 04:10:00+00:00,2026-06-27 04:55:00+00:00
TESTER-001,SRGridStrategyUser-000,BTC/USDT.SIM,SIM-1-3177,BTC/USDT.SIM-SRGridStrategyUser-000,SIM-001,T-a48fb77ddd452169-361809,LIMIT,SELL,0.082535,60580.62,GTC,,0.082535,MAKER,60580.62,0.0,['1.00000000 USDT'],FILLED,False,False,False,,NO_TRIGGER,,NO_CONTINGENCY,,,,,,,,70e2ac87-51d4-48db-bbc5-f79660479916,2026-06-27 04:10:00+00:00,2026-06-27 13:35:00+00:00
TESTER-001,SRGridStrategyUser-000,BTC/USDT.SIM,SIM-1-3178,BTC/USDT.SIM-SRGridStrategyUser-000,SIM-001,T-ae8e09f3a06a847d-361885,LIMIT,SELL,0.082300,60753.68,GTC,,0.082300,MAKER,60753.68,0.0,['1.00000000 USDT'],FILLED,False,False,False,,NO_TRIGGER,,NO_CONTINGENCY,,,,,,,,591f2385-d42a-4447-8d95-c8b21bf8502f,2026-06-27 04:10:00+00:00,2026-06-27 15:10:00+00:00
TESTER-001,SRGridStrategyUser-000,BTC/USDT.SIM,SIM-1-3179,BTC/USDT.SIM-SRGridStrategyUser-000,SIM-001,T-a48fb77ddd452169-361810,LIMIT,SELL,0.082535,60580.62,GTC,,0.082535,MAKER,60580.62,0.0,['1.00000000 USDT'],FILLED,False,False,False,,NO_TRIGGER,,NO_CONTINGENCY,,,,,,,,d7363e64-f8b2-47bf-b33a-72be60d4a996,2026-06-27 04:55:00+00:00,2026-06-27 13:35:00+00:00
TESTER-001,SRGridStrategyUser-000,BTC/USDT.SIM,SIM-1-3180,BTC/USDT.SIM-SRGridStrategyUser-000,SIM-001,T-ae8e09f3a06a847d-361886,LIMIT,SELL,0.082300,60753.68,GTC,,0.082300,MAKER,60753.68,0.0,['1.00000000 USDT'],FILLED,False,False,False,,NO_TRIGGER,,NO_CONTINGENCY,,,,,,,,a2a5726e-ec44-47aa-a4f6-1df918aeb603,2026-06-27 04:55:00+00:00,2026-06-27 15:10:00+00:00
TESTER-001,SRGridStrategyUser-000,BTC/USDT.SIM,SIM-1-3183,BTC/USDT.SIM-SRGridStrategyUser-000,SIM-001,T-c7564af9f7606724-362207,LIMIT,BUY,0.083249,60061.01,GTC,,0.083249,MAKER,60061.01,0.0,['1.00000000 USDT'],FILLED,False,False,False,,NO_TRIGGER,,NO_CONTINGENCY,,,,,,,,22e7accf-8a6c-4011-b00a-4f2649665512,2026-06-27 20:10:00+00:00,2026-06-27 22:05:00+00:00
TESTER-001,SRGridStrategyUser-000,BTC/USDT.SIM,SIM-1-3184,BTC/USDT.SIM-SRGridStrategyUser-000,SIM-001,T-30334f6467f0e126-362215,LIMIT,BUY,0.083523,59863.51,GTC,,0.083523,MAKER,59863.51,0.0,['1.00000000 USDT'],FILLED,False,False,False,,NO_TRIGGER,,NO_CONTINGENCY,,,,,,,,1373e777-8c18-4491-b3de-0676f75501b8,2026-06-27 20:10:00+00:00,2026-06-27 22:15:00+00:00
TESTER-001,SRGridStrategyUser-000,BTC/USDT.SIM,SIM-1-3185,BTC/USDT.SIM-SRGridStrategyUser-000,SIM-001,T-7cb596d597279e3d-362182,LIMIT,SELL,0.082705,60455.99,GTC,,0.082705,MAKER,60455.990000000005,0.0,['1.00000000 USDT'],FILLED,False,False,False,,NO_TRIGGER,,NO_CONTINGENCY,,,,,,,,f95a0b0d-f767-4c14-96dd-6efa44eb8ce3,2026-06-27 20:10:00+00:00,2026-06-27 21:30:00+00:00
TESTER-001,SRGridStrategyUser-000,BTC/USDT.SIM,SIM-1-3187,BTC/USDT.SIM-SRGridStrategyUser-000,SIM-001,T-c7564af9f7606724-362208,LIMIT,BUY,0.083249,60061.01,GTC,,0.083249,MAKER,60061.01,0.0,['1.00000000 USDT'],FILLED,False,False,False,,NO_TRIGGER,,NO_CONTINGENCY,,,,,,,,1d7d33e5-d8e1-42e7-ac4d-05c6bd33c8ff,2026-06-27 21:30:00+00:00,2026-06-27 22:05:00+00:00
TESTER-001,SRGridStrategyUser-000,BTC/USDT.SIM,SIM-1-3188,BTC/USDT.SIM-SRGridStrategyUser-000,SIM-001,T-30334f6467f0e126-362216,LIMIT,BUY,0.083523,59863.51,GTC,,0.083523,MAKER,59863.51,0.0,['1.00000000 USDT'],FILLED,False,False,False,,NO_TRIGGER,,NO_CONTINGENCY,,,,,,,,b02a5218-3864-4ccf-b022-6ac86ffacf31,2026-06-27 21:30:00+00:00,2026-06-27 22:15:00+00:00
TESTER-001,SRGridStrategyUser-000,BTC/USDT.SIM,SIM-1-3191,BTC/USDT.SIM-SRGridStrategyUser-000,SIM-001,T-636be4415a661907-362902,LIMIT,BUY,0.083153,60130.03,GTC,,0.083153,MAKER,60130.02999999999,0.0,['1.00000000 USDT'],FILLED,False,False,False,,NO_TRIGGER,,NO_CONTINGENCY,,,,,,,,f11390fd-a214-402b-a3c3-b338152e624f,2026-06-28 12:10:00+00:00,2026-06-28 13:00:00+00:00
TESTER-001,SRGridStrategyUser-000,BTC/USDT.SIM,SIM-1-3192,BTC/USDT.SIM-SRGridStrategyUser-000,SIM-001,T-2f8b25bb86ff50fb-363002,LIMIT,BUY,0.079751,59961.51,GTC,,0.079751,MAKER,59961.51,0.0,['0.96000000 USDT'],FILLED,False,False,False,,NO_TRIGGER,,NO_CONTINGENCY,,,,,,,,d758be84-e8c5-4d65-a8b7-c5985c1a157b,2026-06-28 12:10:00+00:00,2026-06-28 15:05:00+00:00
TESTER-001,SRGridStrategyUser-000,BTC/USDT.SIM,SIM-1-3199,BTC/USDT.SIM-SRGridStrategyUser-000,SIM-001,T-f2157420c7dbd7da-363712,LIMIT,SELL,0.082995,60244.37,GTC,,0.082995,MAKER,60244.37,0.0,['1.00000000 USDT'],FILLED,False,False,False,,NO_TRIGGER,,NO_CONTINGENCY,,,,,,,,433473bd-d66f-406a-8ce2-986b015aa59b,2026-06-29 04:10:00+00:00,2026-06-29 06:15:00+00:00
TESTER-001,SRGridStrategyUser-000,BTC/USDT.SIM,SIM-1-3200,BTC/USDT.SIM-SRGridStrategyUser-000,SIM-001,T-f7e826344070004b-363984,LIMIT,SELL,0.074235,60564.74,GTC,,0.074235,MAKER,60564.74,0.0,['0.90000000 USDT'],FILLED,False,False,False,,NO_TRIGGER,,NO_CONTINGENCY,,,,,,,,79711da6-7628-4562-b3f0-964771a80481,2026-06-29 04:10:00+00:00,2026-06-29 12:05:00+00:00
TESTER-001,SRGridStrategyUser-000,BTC/USDT.SIM,SIM-1-3201,BTC/USDT.SIM-SRGridStrategyUser-000,SIM-001,T-5da33f4b6bf0f4e9-364543,LIMIT,BUY,0.083080,60182.78,GTC,,0.083080,MAKER,60182.780000000006,0.0,['1.00000000 USDT'],FILLED,False,False,False,,NO_TRIGGER,,NO_CONTINGENCY,,,,,,,,e450d450-a175-425d-9114-47b0c26e79ba,2026-06-29 20:10:00+00:00,2026-06-30 00:10:00+00:00
TESTER-001,SRGridStrategyUser-000,BTC/USDT.SIM,SIM-1-3202,BTC/USDT.SIM-SRGridStrategyUser-000,SIM-001,T-9733c33750faff4c-364556,LIMIT,BUY,0.083434,59927.57,GTC,,0.083434,MAKER,59927.57000000001,0.0,['1.00000000 USDT'],FILLED,False,False,False,,NO_TRIGGER,,NO_CONTINGENCY,,,,,,,,75e61ed7-e79b-4459-a5e8-089edb1ef9f3,2026-06-29 20:10:00+00:00,2026-06-30 00:25:00+00:00
TESTER-001,SRGridStrategyUser-000,BTC/USDT.SIM,SIM-1-3209,BTC/USDT.SIM-SRGridStrategyUser-000,SIM-001,T-ed92ba8403df4e05-365187,LIMIT,SELL,0.084422,59226.28,GTC,,0.084422,MAKER,59226.27999999999,0.0,['1.00000000 USDT'],FILLED,False,False,False,,NO_TRIGGER,,NO_CONTINGENCY,,,,,,,,6bc709f8-d557-4a37-be7e-a86036fa92b9,2026-06-30 12:10:00+00:00,2026-06-30 14:00:00+00:00
TESTER-001,SRGridStrategyUser-000,BTC/USDT.SIM,SIM-1-3211,BTC/USDT.SIM-SRGridStrategyUser-000,SIM-001,T-056cb11565830523-365949,LIMIT,BUY,0.084996,58826.48,GTC,,0.084996,MAKER,58826.48,0.0,['1.00000000 USDT'],FILLED,False,False,False,,NO_TRIGGER,,NO_CONTINGENCY,,,,,,,,8f779d4e-e052-406b-ba9a-1e44d0d1381d,2026-07-01 04:10:00+00:00,2026-07-01 06:20:00+00:00
TESTER-001,SRGridStrategyUser-000,BTC/USDT.SIM,SIM-1-3212,BTC/USDT.SIM-SRGridStrategyUser-000,SIM-001,T-93742fd02f2ad3c2-365963,LIMIT,BUY,0.085412,58539.65,GTC,,0.085412,MAKER,58539.65,0.0,['1.00000000 USDT'],FILLED,False,False,False,,NO_TRIGGER,,NO_CONTINGENCY,,,,,,,,ab781749-00b4-4b70-8e7c-bab76c54328a,2026-07-01 04:10:00+00:00,2026-07-01 06:35:00+00:00
TESTER-001,SRGridStrategyUser-000,BTC/USDT.SIM,SIM-1-3213,BTC/USDT.SIM-SRGridStrategyUser-000,SIM-001,T-77927f071ffa50be-365874,LIMIT,SELL,0.084175,59400.14,GTC,,0.084175,MAKER,59400.14000000001,0.0,['1.00000000 USDT'],FILLED,False,False,False,,NO_TRIGGER,,NO_CONTINGENCY,,,,,,,,3beed4fb-7bb9-4e57-ac9a-d82938ff6653,2026-07-01 04:10:00+00:00,2026-07-01 04:45:00+00:00
TESTER-001,SRGridStrategyUser-000,BTC/USDT.SIM,SIM-1-3214,BTC/USDT.SIM-SRGridStrategyUser-000,SIM-001,T-42d7f19f50ef531f-366319,LIMIT,SELL,0.083770,59686.97,GTC,,0.083770,MAKER,59686.97,0.0,['1.00000000 USDT'],FILLED,False,False,False,,NO_TRIGGER,,NO_CONTINGENCY,,,,,,,,ef6eaa92-184e-45f3-9798-7ac11d5dbfae,2026-07-01 04:10:00+00:00,2026-07-01 14:10:00+00:00
TESTER-001,SRGridStrategyUser-000,BTC/USDT.SIM,SIM-1-3215,BTC/USDT.SIM-SRGridStrategyUser-000,SIM-001,T-056cb11565830523-365950,LIMIT,BUY,0.084996,58826.48,GTC,,0.084996,MAKER,58826.48,0.0,['1.00000000 USDT'],FILLED,False,False,False,,NO_TRIGGER,,NO_CONTINGENCY,,,,,,,,9693ffb2-e951-466a-bb14-83890acc9571,2026-07-01 04:45:00+00:00,2026-07-01 06:20:00+00:00
TESTER-001,SRGridStrategyUser-000,BTC/USDT.SIM,SIM-1-3216,BTC/USDT.SIM-SRGridStrategyUser-000,SIM-001,T-93742fd02f2ad3c2-365964,LIMIT,BUY,0.085412,58539.65,GTC,,0.085412,MAKER,58539.65,0.0,['1.00000000 USDT'],FILLED,False,False,False,,NO_TRIGGER,,NO_CONTINGENCY,,,,,,,,e9e93a72-56cf-4773-bdf4-3e3e85660bd6,2026-07-01 04:45:00+00:00,2026-07-01 06:35:00+00:00
TESTER-001,SRGridStrategyUser-000,BTC/USDT.SIM,SIM-1-3217,BTC/USDT.SIM-SRGridStrategyUser-000,SIM-001,T-42d7f19f50ef531f-366320,LIMIT,SELL,0.083770,59686.97,GTC,,0.083770,MAKER,59686.97,0.0,['1.00000000 USDT'],FILLED,False,False,False,,NO_TRIGGER,,NO_CONTINGENCY,,,,,,,,c3fb9ef9-930a-4196-bc08-68ea28788159,2026-07-01 06:20:00+00:00,2026-07-01 14:10:00+00:00
TESTER-001,SRGridStrategyUser-000,BTC/USDT.SIM,SIM-1-3218,BTC/USDT.SIM-SRGridStrategyUser-000,SIM-001,T-42d7f19f50ef531f-366321,LIMIT,SELL,0.083770,59686.97,GTC,,0.083770,MAKER,59686.97,0.0,['1.00000000 USDT'],FILLED,False,False,False,,NO_TRIGGER,,NO_CONTINGENCY,,,,,,,,76890c5e-603b-4ff5-9228-f83abaf8ac9c,2026-07-01 06:35:00+00:00,2026-07-01 14:10:00+00:00
TESTER-001,SRGridStrategyUser-000,BTC/USDT.SIM,SIM-1-3219,BTC/USDT.SIM-SRGridStrategyUser-000,SIM-001,T-9b7efea2b1c3391e-366644,LIMIT,SELL,0.083002,60239.84,GTC,,0.083002,MAKER,60239.84,0.0,['1.00000000 USDT'],FILLED,False,False,False,,NO_TRIGGER,,NO_CONTINGENCY,,,,,,,,89f07f1b-4f32-4231-b9e8-c8b703249eb9,2026-07-01 20:10:00+00:00,2026-07-01 21:05:00+00:00
TESTER-001,SRGridStrategyUser-000,BTC/USDT.SIM,SIM-1-3220,BTC/USDT.SIM-SRGridStrategyUser-000,SIM-001,T-32654b687eaa6b0b-366653,LIMIT,SELL,0.082669,60481.87,GTC,,0.082669,MAKER,60481.869999999995,0.0,['1.00000000 USDT'],FILLED,False,False,False,,NO_TRIGGER,,NO_CONTINGENCY,,,,,,,,5a7064b9-a367-40ee-8098-47335f0884a6,2026-07-01 20:10:00+00:00,2026-07-01 21:15:00+00:00
TESTER-001,SRGridStrategyUser-000,BTC/USDT.SIM,SIM-1-3221,BTC/USDT.SIM-SRGridStrategyUser-000,SIM-001,T-5ef98f9fce3ac6c7-367353,LIMIT,BUY,0.081762,61153.32,GTC,,0.081762,MAKER,61153.31999999999,0.0,['1.00000000 USDT'],FILLED,False,False,False,,NO_TRIGGER,,NO_CONTINGENCY,,,,,,,,39012364-9234-46ed-ab34-4d24a238eb25,2026-07-02 12:10:00+00:00,2026-07-02 12:15:00+00:00
TESTER-001,SRGridStrategyUser-000,BTC/USDT.SIM,SIM-1-3223,BTC/USDT.SIM-SRGridStrategyUser-000,SIM-001,T-b2294c2ee88806b1-367365,LIMIT,SELL,0.081213,61566.68,GTC,,0.081213,MAKER,61566.68000000001,0.0,['1.00000000 USDT'],FILLED,False,False,False,,NO_TRIGGER,,NO_CONTINGENCY,,,,,,,,70738971-2555-4d38-992c-70e220f3439d,2026-07-02 12:10:00+00:00,2026-07-02 12:30:00+00:00
TESTER-001,SRGridStrategyUser-000,BTC/USDT.SIM,SIM-1-3224,BTC/USDT.SIM-SRGridStrategyUser-000,SIM-001,T-dd90f20b8d3191bc-367402,LIMIT,SELL,0.016188,61773.36,GTC,,0.016188,MAKER,61773.36,0.0,['0.20000000 USDT'],FILLED,False,False,False,,NO_TRIGGER,,NO_CONTINGENCY,,,,,,,,fa4ecad9-e0ce-4bcd-b99c-9dc4b6239658,2026-07-02 12:10:00+00:00,2026-07-02 13:15:00+00:00
TESTER-001,SRGridStrategyUser-000,BTC/USDT.SIM,SIM-1-3225,BTC/USDT.SIM-SRGridStrategyUser-000,SIM-001,T-b2294c2ee88806b1-367366,LIMIT,SELL,0.081213,61566.68,GTC,,0.081213,MAKER,61566.68000000001,0.0,['1.00000000 USDT'],FILLED,False,False,False,,NO_TRIGGER,,NO_CONTINGENCY,,,,,,,,9e3130f6-a204-4fe1-b801-b397731d4311,2026-07-02 12:15:00+00:00,2026-07-02 12:30:00+00:00
TESTER-001,SRGridStrategyUser-000,BTC/USDT.SIM,SIM-1-3226,BTC/USDT.SIM-SRGridStrategyUser-000,SIM-001,T-dd90f20b8d3191bc-367403,LIMIT,SELL,0.019360,61773.36,GTC,,0.019360,MAKER,61773.36,0.0,['0.24000000 USDT'],FILLED,False,False,False,,NO_TRIGGER,,NO_CONTINGENCY,,,,,,,,1ff6ab26-4505-45c7-bfdb-bffb2ec23777,2026-07-02 12:15:00+00:00,2026-07-02 13:15:00+00:00
TESTER-001,SRGridStrategyUser-000,BTC/USDT.SIM,SIM-1-3231,BTC/USDT.SIM-SRGridStrategyUser-000,SIM-001,T-4cc592f474b67b5f-368140,LIMIT,SELL,0.081153,61612.05,GTC,,0.081153,MAKER,61612.05,0.0,['1.00000000 USDT'],FILLED,False,False,False,,NO_TRIGGER,,NO_CONTINGENCY,,,,,,,,7e6a3dd7-ad38-48c7-8cca-5f625f8ecc0c,2026-07-03 04:10:00+00:00,2026-07-03 05:15:00+00:00
TESTER-001,SRGridStrategyUser-000,BTC/USDT.SIM,SIM-1-3232,BTC/USDT.SIM-SRGridStrategyUser-000,SIM-001,T-c0a0e08dac146447-368157,LIMIT,SELL,0.080914,61794.10,GTC,,0.080914,MAKER,61794.1,0.0,['1.00000000 USDT'],FILLED,False,False,False,,NO_TRIGGER,,NO_CONTINGENCY,,,,,,,,04fe1499-4ec3-4115-b67e-c9c374798d61,2026-07-03 04:10:00+00:00,2026-07-03 05:35:00+00:00
TESTER-001,SRGridStrategyUser-000,BTC/USDT.SIM,SIM-1-3239,BTC/USDT.SIM-SRGridStrategyUser-000,SIM-001,T-1a8b167a9bcc089c-368846,LIMIT,SELL,0.079825,62636.90,GTC,,0.079825,MAKER,62636.899999999994,0.0,['1.00000000 USDT'],FILLED,False,False,False,,NO_TRIGGER,,NO_CONTINGENCY,,,,,,,,80a8cf12-902f-4ecc-b720-e0eee87d1827,2026-07-03 20:10:00+00:00,2026-07-03 20:20:00+00:00
TESTER-001,SRGridStrategyUser-000,BTC/USDT.SIM,SIM-1-3240,BTC/USDT.SIM-SRGridStrategyUser-000,SIM-001,T-c2b155aecd7336f9-368859,LIMIT,SELL,0.015914,62835.80,GTC,,0.015914,MAKER,62835.80000000001,0.0,['0.20000000 USDT'],FILLED,False,False,False,,NO_TRIGGER,,NO_CONTINGENCY,,,,,,,,1e012116-465d-4632-998f-20a266149d96,2026-07-03 20:10:00+00:00,2026-07-03 20:35:00+00:00
TESTER-001,SRGridStrategyUser-000,BTC/USDT.SIM,SIM-1-3247,BTC/USDT.SIM-SRGridStrategyUser-000,SIM-001,T-17db2503d712b120-369615,LIMIT,SELL,0.079786,62667.89,GTC,,0.079786,MAKER,62667.89000000001,0.0,['1.00000000 USDT'],FILLED,False,False,False,,NO_TRIGGER,,NO_CONTINGENCY,,,,,,,,c3b2c039-33d6-4554-8962-3719e8dffeab,2026-07-04 12:10:00+00:00,2026-07-04 12:55:00+00:00
TESTER-001,SRGridStrategyUser-000,BTC/USDT.SIM,SIM-1-3248,BTC/USDT.SIM-SRGridStrategyUser-000,SIM-001,T-62a72fd5650b52b2-369634,LIMIT,SELL,0.079660,62766.77,GTC,,0.079660,MAKER,62766.770000000004,0.0,['1.00000000 USDT'],FILLED,False,False,False,,NO_TRIGGER,,NO_CONTINGENCY,,,,,,,,757d0ea0-6e7a-4d7c-ac60-dbccfab9a7cf,2026-07-04 12:10:00+00:00,2026-07-04 13:20:00+00:00
TESTER-001,SRGridStrategyUser-000,BTC/USDT.SIM,SIM-1-3253,BTC/USDT.SIM-SRGridStrategyUser-000,SIM-001,T-369ba4c22158bd7f-370380,LIMIT,BUY,0.079785,62668.48,GTC,,0.079785,MAKER,62668.48,0.0,['1.00000000 USDT'],FILLED,False,False,False,,NO_TRIGGER,,NO_CONTINGENCY,,,,,,,,51251a36-c026-4dc3-873d-1f64db6f5315,2026-07-05 04:10:00+00:00,2026-07-05 05:40:00+00:00
TESTER-001,SRGridStrategyUser-000,BTC/USDT.SIM,SIM-1-3254,BTC/USDT.SIM-SRGridStrategyUser-000,SIM-001,T-2ffb102da1494943-370565,LIMIT,BUY,0.079945,62542.96,GTC,,0.079945,MAKER,62542.96,0.0,['1.00000000 USDT'],FILLED,False,False,False,,NO_TRIGGER,,NO_CONTINGENCY,,,,,,,,4cebd52d-3af3-44e4-8d2b-11fbcbbdeaeb,2026-07-05 04:10:00+00:00,2026-07-05 09:35:00+00:00
TESTER-001,SRGridStrategyUser-000,BTC/USDT.SIM,SIM-1-3255,BTC/USDT.SIM-SRGridStrategyUser-000,SIM-001,T-fba4fc73e688f368-370327,LIMIT,SELL,0.079467,62919.52,GTC,,0.079467,MAKER,62919.52,0.0,['1.00000000 USDT'],FILLED,False,False,False,,NO_TRIGGER,,NO_CONTINGENCY,,,,,,,,c29dc809-84d7-489d-84a4-0d47e109d59d,2026-07-05 04:10:00+00:00,2026-07-05 04:30:00+00:00
TESTER-001,SRGridStrategyUser-000,BTC/USDT.SIM,SIM-1-3256,BTC/USDT.SIM-SRGridStrategyUser-000,SIM-001,T-e51ac2d217066d7e-370485,LIMIT,SELL,0.079308,63045.04,GTC,,0.079308,MAKER,63045.04,0.0,['1.00000000 USDT'],FILLED,False,False,False,,NO_TRIGGER,,NO_CONTINGENCY,,,,,,,,2d5c9373-9d16-4122-8a50-d6ecb68dd302,2026-07-05 04:10:00+00:00,2026-07-05 07:55:00+00:00
TESTER-001,SRGridStrategyUser-000,BTC/USDT.SIM,SIM-1-3257,BTC/USDT.SIM-SRGridStrategyUser-000,SIM-001,T-369ba4c22158bd7f-370381,LIMIT,BUY,0.079785,62668.48,GTC,,0.079785,MAKER,62668.48,0.0,['1.00000000 USDT'],FILLED,False,False,False,,NO_TRIGGER,,NO_CONTINGENCY,,,,,,,,ddec3aa5-e47e-4938-ba8d-f3742841d5b9,2026-07-05 04:30:00+00:00,2026-07-05 05:40:00+00:00
TESTER-001,SRGridStrategyUser-000,BTC/USDT.SIM,SIM-1-3258,BTC/USDT.SIM-SRGridStrategyUser-000,SIM-001,T-2ffb102da1494943-370566,LIMIT,BUY,0.079945,62542.96,GTC,,0.079945,MAKER,62542.96,0.0,['1.00000000 USDT'],FILLED,False,False,False,,NO_TRIGGER,,NO_CONTINGENCY,,,,,,,,01b8d94e-6d51-4f8b-a4b6-aa92cfa70226,2026-07-05 04:30:00+00:00,2026-07-05 09:35:00+00:00
TESTER-001,SRGridStrategyUser-000,BTC/USDT.SIM,SIM-1-3259,BTC/USDT.SIM-SRGridStrategyUser-000,SIM-001,T-e51ac2d217066d7e-370486,LIMIT,SELL,0.079308,63045.04,GTC,,0.079308,MAKER,63045.04,0.0,['1.00000000 USDT'],FILLED,False,False,False,,NO_TRIGGER,,NO_CONTINGENCY,,,,,,,,2ae1e404-cd65-41d5-a8b4-b5af9497562d,2026-07-05 05:40:00+00:00,2026-07-05 07:55:00+00:00
TESTER-001,SRGridStrategyUser-000,BTC/USDT.SIM,SIM-1-3260,BTC/USDT.SIM-SRGridStrategyUser-000,SIM-001,T-2ffb102da1494943-370567,LIMIT,BUY,0.079945,62542.96,GTC,,0.079945,MAKER,62542.96,0.0,['1.00000000 USDT'],FILLED,False,False,False,,NO_TRIGGER,,NO_CONTINGENCY,,,,,,,,ee35336b-8918-4256-8e79-810b35015560,2026-07-05 07:55:00+00:00,2026-07-05 09:35:00+00:00
TESTER-001,SRGridStrategyUser-000,BTC/USDT.SIM,SIM-1-3261,BTC/USDT.SIM-SRGridStrategyUser-000,SIM-001,T-9554b7fa836c167d-371070,LIMIT,BUY,0.079735,62708.08,GTC,,0.079735,MAKER,62708.08,0.0,['1.00000000 USDT'],FILLED,False,False,False,,NO_TRIGGER,,NO_CONTINGENCY,,,,,,,,daac7d98-a2b5-4f12-b06f-fbd3ad66466e,2026-07-05 20:10:00+00:00,2026-07-05 20:25:00+00:00
TESTER-001,SRGridStrategyUser-000,BTC/USDT.SIM,SIM-1-3262,BTC/USDT.SIM-SRGridStrategyUser-000,SIM-001,T-fc4f3e7b41dc6a64-371792,LIMIT,BUY,0.079873,62599.53,GTC,,0.079873,MAKER,62599.53,0.0,['1.00000000 USDT'],FILLED,False,False,False,,NO_TRIGGER,,NO_CONTINGENCY,,,,,,,,6b66d1e7-e901-40e2-92e9-f967fea9d2b8,2026-07-05 20:10:00+00:00,2026-07-06 11:55:00+00:00
TESTER-001,SRGridStrategyUser-000,BTC/USDT.SIM,SIM-1-3263,BTC/USDT.SIM-SRGridStrategyUser-000,SIM-001,T-8557051521ddfa8c-371112,LIMIT,SELL,0.079459,62925.20,GTC,,0.079459,MAKER,62925.2,0.0,['1.00000000 USDT'],FILLED,False,False,False,,NO_TRIGGER,,NO_CONTINGENCY,,,,,,,,6601563f-dac1-4752-a975-b16e9dc5189f,2026-07-05 20:10:00+00:00,2026-07-05 21:20:00+00:00
TESTER-001,SRGridStrategyUser-000,BTC/USDT.SIM,SIM-1-3264,BTC/USDT.SIM-SRGridStrategyUser-000,SIM-001,T-d3d77abcaca7d433-371122,LIMIT,SELL,0.079323,63033.75,GTC,,0.079323,MAKER,63033.75,0.0,['1.00000000 USDT'],FILLED,False,False,False,,NO_TRIGGER,,NO_CONTINGENCY,,,,,,,,112cdf75-c049-4a97-abab-e03165c1acfe,2026-07-05 20:10:00+00:00,2026-07-05 21:30:00+00:00
TESTER-001,SRGridStrategyUser-000,BTC/USDT.SIM,SIM-1-3265,BTC/USDT.SIM-SRGridStrategyUser-000,SIM-001,T-8557051521ddfa8c-371113,LIMIT,SELL,0.079459,62925.20,GTC,,0.079459,MAKER,62925.2,0.0,['1.00000000 USDT'],FILLED,False,False,False,,NO_TRIGGER,,NO_CONTINGENCY,,,,,,,,ba231aa1-4ddc-4447-be4d-d9515861fe47,2026-07-05 20:25:00+00:00,2026-07-05 21:20:00+00:00
TESTER-001,SRGridStrategyUser-000,BTC/USDT.SIM,SIM-1-3266,BTC/USDT.SIM-SRGridStrategyUser-000,SIM-001,T-d3d77abcaca7d433-371123,LIMIT,SELL,0.079323,63033.75,GTC,,0.079323,MAKER,63033.75,0.0,['1.00000000 USDT'],FILLED,False,False,False,,NO_TRIGGER,,NO_CONTINGENCY,,,,,,,,a5fda294-6fc3-4f70-a452-fcd04a8dc3b4,2026-07-05 20:25:00+00:00,2026-07-05 21:30:00+00:00
TESTER-001,SRGridStrategyUser-000,BTC/USDT.SIM,SIM-1-3267,BTC/USDT.SIM-SRGridStrategyUser-000,SIM-001,T-fc4f3e7b41dc6a64-371793,LIMIT,BUY,0.079873,62599.53,GTC,,0.079873,MAKER,62599.53,0.0,['1.00000000 USDT'],FILLED,False,False,False,,NO_TRIGGER,,NO_CONTINGENCY,,,,,,,,4edeee2b-e8f2-44d8-bfce-973dccacd801,2026-07-05 21:20:00+00:00,2026-07-06 11:55:00+00:00
TESTER-001,SRGridStrategyUser-000,BTC/USDT.SIM,SIM-1-3268,BTC/USDT.SIM-SRGridStrategyUser-000,SIM-001,T-fc4f3e7b41dc6a64-371794,LIMIT,BUY,0.079873,62599.53,GTC,,0.079873,MAKER,62599.53,0.0,['1.00000000 USDT'],FILLED,False,False,False,,NO_TRIGGER,,NO_CONTINGENCY,,,,,,,,6c0a7e20-440d-40d7-9f3f-39ef8570c227,2026-07-05 21:30:00+00:00,2026-07-06 11:55:00+00:00
TESTER-001,SRGridStrategyUser-000,BTC/USDT.SIM,SIM-1-3269,BTC/USDT.SIM-SRGridStrategyUser-000,SIM-001,T-52d76f9a56f85c8c-371850,LIMIT,BUY,0.081169,61599.78,GTC,,0.081169,MAKER,61599.78,0.0,['1.00000000 USDT'],FILLED,False,False,False,,NO_TRIGGER,,NO_CONTINGENCY,,,,,,,,c28ff604-4e31-403a-a1bc-c6c20536d278,2026-07-06 12:10:00+00:00,2026-07-06 13:05:00+00:00
TESTER-001,SRGridStrategyUser-000,BTC/USDT.SIM,SIM-1-3271,BTC/USDT.SIM-SRGridStrategyUser-000,SIM-001,T-8f63fa0513e75ebc-371912,LIMIT,SELL,0.046722,62371.48,GTC,,0.046722,MAKER,62371.48,0.0,['0.58000000 USDT'],FILLED,False,False,False,,NO_TRIGGER,,NO_CONTINGENCY,,,,,,,,80cacaad-ab5a-4c41-bd68-1d701e5a1db9,2026-07-06 12:10:00+00:00,2026-07-06 14:25:00+00:00
TESTER-001,SRGridStrategyUser-000,BTC/USDT.SIM,SIM-1-3272,BTC/USDT.SIM-SRGridStrategyUser-000,SIM-001,T-376f22b11110705c-371973,LIMIT,SELL,0.079672,62757.34,GTC,,0.079672,MAKER,62757.340000000004,0.0,['1.00000000 USDT'],FILLED,False,False,False,,NO_TRIGGER,,NO_CONTINGENCY,,,,,,,,f505506d-a889-4ef8-92d8-e22dac2234fa,2026-07-06 12:10:00+00:00,2026-07-06 15:40:00+00:00
TESTER-001,SRGridStrategyUser-000,BTC/USDT.SIM,SIM-1-3273,BTC/USDT.SIM-SRGridStrategyUser-000,SIM-001,T-8f63fa0513e75ebc-371913,LIMIT,SELL,0.058260,62371.48,GTC,,0.058260,MAKER,62371.48,0.0,['0.73000000 USDT'],FILLED,False,False,False,,NO_TRIGGER,,NO_CONTINGENCY,,,,,,,,ff5c841f-279c-45da-b010-10b58b6d2a0c,2026-07-06 13:05:00+00:00,2026-07-06 14:25:00+00:00
TESTER-001,SRGridStrategyUser-000,BTC/USDT.SIM,SIM-1-3274,BTC/USDT.SIM-SRGridStrategyUser-000,SIM-001,T-376f22b11110705c-371974,LIMIT,SELL,0.079672,62757.34,GTC,,0.079672,MAKER,62757.340000000004,0.0,['1.00000000 USDT'],FILLED,False,False,False,,NO_TRIGGER,,NO_CONTINGENCY,,,,,,,,4e22a860-c173-45e7-abbe-7708d36a625d,2026-07-06 13:05:00+00:00,2026-07-06 15:40:00+00:00
TESTER-001,SRGridStrategyUser-000,BTC/USDT.SIM,SIM-1-3277,BTC/USDT.SIM-SRGridStrategyUser-000,SIM-001,T-bccbbbb1ac02d5cf-372603,LIMIT,BUY,0.079344,63017.03,GTC,,0.079344,MAKER,63017.03,0.0,['1.00000000 USDT'],FILLED,False,False,False,,NO_TRIGGER,,NO_CONTINGENCY,,,,,,,,6edd3fa4-c4e6-4f8e-a1f3-6b84dbd40869,2026-07-07 04:10:00+00:00,2026-07-07 05:10:00+00:00
TESTER-001,SRGridStrategyUser-000,BTC/USDT.SIM,SIM-1-3278,BTC/USDT.SIM-SRGridStrategyUser-000,SIM-001,T-bccbbbb1ac02d5cf-372605,LIMIT,BUY,0.079572,62836.06,GTC,,0.079572,MAKER,62836.060000000005,0.0,['1.00000000 USDT'],FILLED,False,False,False,,NO_TRIGGER,,NO_CONTINGENCY,,,,,,,,2df6bc4e-b37c-4a69-b237-7db29881a16e,2026-07-07 04:10:00+00:00,2026-07-07 05:10:00+00:00
TESTER-001,SRGridStrategyUser-000,BTC/USDT.SIM,SIM-1-3279,BTC/USDT.SIM-SRGridStrategyUser-000,SIM-001,T-39404f31b964d719-372683,LIMIT,SELL,0.078890,63378.99,GTC,,0.078890,MAKER,63378.99,0.0,['1.00000000 USDT'],FILLED,False,False,False,,NO_TRIGGER,,NO_CONTINGENCY,,,,,,,,a0e48106-d805-4f9d-9b24-3eab2ec80b83,2026-07-07 04:10:00+00:00,2026-07-07 06:50:00+00:00
TESTER-001,SRGridStrategyUser-000,BTC/USDT.SIM,SIM-1-3280,BTC/USDT.SIM-SRGridStrategyUser-000,SIM-001,T-aedf8f1901c11dc2-372929,LIMIT,SELL,0.078666,63559.96,GTC,,0.078666,MAKER,63559.96000000001,0.0,['1.00000000 USDT'],FILLED,False,False,False,,NO_TRIGGER,,NO_CONTINGENCY,,,,,,,,588fdff1-0363-4b16-a5a5-a9fc84b4b0cb,2026-07-07 04:10:00+00:00,2026-07-07 12:05:00+00:00
TESTER-001,SRGridStrategyUser-000,BTC/USDT.SIM,SIM-1-3281,BTC/USDT.SIM-SRGridStrategyUser-000,SIM-001,T-39404f31b964d719-372684,LIMIT,SELL,0.078890,63378.99,GTC,,0.078890,MAKER,63378.99,0.0,['1.00000000 USDT'],FILLED,False,False,False,,NO_TRIGGER,,NO_CONTINGENCY,,,,,,,,a4a2d8c7-2d8b-4ef4-a0be-e22ecfdcbb2f,2026-07-07 05:10:00+00:00,2026-07-07 06:50:00+00:00
TESTER-001,SRGridStrategyUser-000,BTC/USDT.SIM,SIM-1-3282,BTC/USDT.SIM-SRGridStrategyUser-000,SIM-001,T-aedf8f1901c11dc2-372930,LIMIT,SELL,0.078666,63559.96,GTC,,0.078666,MAKER,63559.96000000001,0.0,['1.00000000 USDT'],FILLED,False,False,False,,NO_TRIGGER,,NO_CONTINGENCY,,,,,,,,5ad3f20e-e5bb-4a4a-b838-d2d286e91531,2026-07-07 05:10:00+00:00,2026-07-07 12:05:00+00:00
TESTER-001,SRGridStrategyUser-000,BTC/USDT.SIM,SIM-1-3283,BTC/USDT.SIM-SRGridStrategyUser-000,SIM-001,T-ab990c81903b8960-373363,LIMIT,BUY,0.078764,63481.12,GTC,,0.078764,MAKER,63481.12,0.0,['1.00000000 USDT'],FILLED,False,False,False,,NO_TRIGGER,,NO_CONTINGENCY,,,,,,,,84d03fcf-9e25-49cd-bee0-843fcf629dc6,2026-07-07 20:10:00+00:00,2026-07-07 21:15:00+00:00
TESTER-001,SRGridStrategyUser-000,BTC/USDT.SIM,SIM-1-3284,BTC/USDT.SIM-SRGridStrategyUser-000,SIM-001,T-2b5d0346f88fdfaf-373564,LIMIT,BUY,0.079134,63184.17,GTC,,0.079134,MAKER,63184.17,0.0,['1.00000000 USDT'],FILLED,False,False,False,,NO_TRIGGER,,NO_CONTINGENCY,,,,,,,,4bddd26b-199c-4029-bea8-00f17ec5de70,2026-07-07 20:10:00+00:00,2026-07-08 01:35:00+00:00
TESTER-001,SRGridStrategyUser-000,BTC/USDT.SIM,SIM-1-3285,BTC/USDT.SIM-SRGridStrategyUser-000,SIM-001,T-21b2e7d808fa5901-374090,LIMIT,BUY,0.080560,62065.47,GTC,,0.080560,MAKER,62065.469999999994,0.0,['1.00000000 USDT'],FILLED,False,False,False,,NO_TRIGGER,,NO_CONTINGENCY,,,,,,,,67c63c18-c77c-4d5d-84be-460d86692a2b,2026-07-08 12:10:00+00:00,2026-07-08 12:45:00+00:00
TESTER-001,SRGridStrategyUser-000,BTC/USDT.SIM,SIM-1-3286,BTC/USDT.SIM-SRGridStrategyUser-000,SIM-001,T-f6b1337ae1bb0523-374121,LIMIT,BUY,0.080892,61810.93,GTC,,0.080892,MAKER,61810.93000000001,0.0,['1.00000000 USDT'],FILLED,False,False,False,,NO_TRIGGER,,NO_CONTINGENCY,,,,,,,,de3ea46a-f8e2-4143-acfd-ecc02092b0bd,2026-07-08 12:10:00+00:00,2026-07-08 13:25:00+00:00
TESTER-001,SRGridStrategyUser-000,BTC/USDT.SIM,SIM-1-3287,BTC/USDT.SIM-SRGridStrategyUser-000,SIM-001,T-7a952e672ad83fe8-374660,LIMIT,SELL,0.079905,62574.55,GTC,,0.079905,MAKER,62574.55,0.0,['1.00000000 USDT'],FILLED,False,False,False,,NO_TRIGGER,,NO_CONTINGENCY,,,,,,,,69a562e1-8dd9-4c72-bf87-968e52c32821,2026-07-08 12:10:00+00:00,2026-07-09 01:05:00+00:00
TESTER-001,SRGridStrategyUser-000,BTC/USDT.SIM,SIM-1-3289,BTC/USDT.SIM-SRGridStrategyUser-000,SIM-001,T-7a952e672ad83fe8-374661,LIMIT,SELL,0.079905,62574.55,GTC,,0.079905,MAKER,62574.55,0.0,['1.00000000 USDT'],FILLED,False,False,False,,NO_TRIGGER,,NO_CONTINGENCY,,,,,,,,076a4c28-a218-49a1-bb7e-bba6bd4fe238,2026-07-08 12:45:00+00:00,2026-07-09 01:05:00+00:00
TESTER-001,SRGridStrategyUser-000,BTC/USDT.SIM,SIM-1-3291,BTC/USDT.SIM-SRGridStrategyUser-000,SIM-001,T-7a952e672ad83fe8-374662,LIMIT,SELL,0.079905,62574.55,GTC,,0.079905,MAKER,62574.55,0.0,['1.00000000 USDT'],FILLED,False,False,False,,NO_TRIGGER,,NO_CONTINGENCY,,,,,,,,6bb0c4eb-c769-4d54-8568-816f7e011b26,2026-07-08 13:25:00+00:00,2026-07-09 01:05:00+00:00
TESTER-001,SRGridStrategyUser-000,BTC/USDT.SIM,SIM-1-3295,BTC/USDT.SIM-SRGridStrategyUser-000,SIM-001,T-d38d2b79cea13d77-374827,LIMIT,SELL,0.080311,62257.69,GTC,,0.080311,MAKER,62257.689999999995,0.0,['1.00000000 USDT'],FILLED,False,False,False,,NO_TRIGGER,,NO_CONTINGENCY,,,,,,,,20ea89cf-2d58-4fb1-b1f3-338749790828,2026-07-09 04:10:00+00:00,2026-07-09 04:35:00+00:00
TESTER-001,SRGridStrategyUser-000,BTC/USDT.SIM,SIM-1-3296,BTC/USDT.SIM-SRGridStrategyUser-000,SIM-001,T-729a560986f7906c-374856,LIMIT,SELL,0.080021,62483.38,GTC,,0.080021,MAKER,62483.38,0.0,['1.00000000 USDT'],FILLED,False,False,False,,NO_TRIGGER,,NO_CONTINGENCY,,,,,,,,3a33bec3-741a-422f-826a-d38e5058c547,2026-07-09 04:10:00+00:00,2026-07-09 05:10:00+00:00
TESTER-001,SRGridStrategyUser-000,BTC/USDT.SIM,SIM-1-3301,BTC/USDT.SIM-SRGridStrategyUser-000,SIM-001,T-607255338c680d6d-375764,LIMIT,BUY,0.079373,62993.63,GTC,,0.079373,MAKER,62993.63,0.0,['1.00000000 USDT'],FILLED,False,False,False,,NO_TRIGGER,,NO_CONTINGENCY,,,,,,,,1f505c4f-85c6-449b-b725-b71c9075491d,2026-07-09 20:10:00+00:00,2026-07-10 00:30:00+00:00
TESTER-001,SRGridStrategyUser-000,BTC/USDT.SIM,SIM-1-3303,BTC/USDT.SIM-SRGridStrategyUser-000,SIM-001,T-a1c740054c7bc49a-376334,LIMIT,BUY,0.077767,64294.70,GTC,,0.077767,MAKER,64294.700000000004,0.0,['1.00000000 USDT'],FILLED,False,False,False,,NO_TRIGGER,,NO_CONTINGENCY,,,,,,,,a237a8a9-c948-4f5a-83c3-69b6cfcbfab1,2026-07-10 12:10:00+00:00,2026-07-10 12:55:00+00:00
TESTER-001,SRGridStrategyUser-000,BTC/USDT.SIM,SIM-1-3304,BTC/USDT.SIM-SRGridStrategyUser-000,SIM-001,T-ac46f7c328cb7076-376400,LIMIT,BUY,0.078068,64046.91,GTC,,0.078068,MAKER,64046.909999999996,0.0,['1.00000000 USDT'],FILLED,False,False,False,,NO_TRIGGER,,NO_CONTINGENCY,,,,,,,,4fd95654-74a1-4a72-9e09-60ec2a90e107,2026-07-10 12:10:00+00:00,2026-07-10 14:20:00+00:00
TESTER-001,SRGridStrategyUser-000,BTC/USDT.SIM,SIM-1-3305,BTC/USDT.SIM-SRGridStrategyUser-000,SIM-001,T-88c895ceddb14c57-377563,LIMIT,BUY,0.078098,64022.37,GTC,,0.078098,MAKER,64022.37,0.0,['1.00000000 USDT'],FILLED,False,False,False,,NO_TRIGGER,,NO_CONTINGENCY,,,,,,,,b477ff1e-1214-4412-a035-71cc1e4e7b55,2026-07-11 04:10:00+00:00,2026-07-11 15:35:00+00:00
TESTER-001,SRGridStrategyUser-000,BTC/USDT.SIM,SIM-1-3307,BTC/USDT.SIM-SRGridStrategyUser-000,SIM-001,T-793b303c498b1b64-377104,LIMIT,SELL,0.077862,64216.33,GTC,,0.077862,MAKER,64216.33,0.0,['1.00000000 USDT'],FILLED,False,False,False,,NO_TRIGGER,,NO_CONTINGENCY,,,,,,,,e7b4ba3f-6dca-449f-a4b4-f9ed049d1c06,2026-07-11 04:10:00+00:00,2026-07-11 05:30:00+00:00
TESTER-001,SRGridStrategyUser-000,BTC/USDT.SIM,SIM-1-3308,BTC/USDT.SIM-SRGridStrategyUser-000,SIM-001,T-2b86926bdf80958d-377504,LIMIT,SELL,0.077744,64313.32,GTC,,0.077744,MAKER,64313.31999999999,0.0,['1.00000000 USDT'],FILLED,False,False,False,,NO_TRIGGER,,NO_CONTINGENCY,,,,,,,,022a5902-f89a-497c-944b-69e10b28e14a,2026-07-11 04:10:00+00:00,2026-07-11 14:20:00+00:00
TESTER-001,SRGridStrategyUser-000,BTC/USDT.SIM,SIM-1-3309,BTC/USDT.SIM-SRGridStrategyUser-000,SIM-001,T-88c895ceddb14c57-377564,LIMIT,BUY,0.078098,64022.37,GTC,,0.078098,MAKER,64022.37,0.0,['1.00000000 USDT'],FILLED,False,False,False,,NO_TRIGGER,,NO_CONTINGENCY,,,,,,,,8b194e01-cd77-4a88-a539-b129f7f6d8d4,2026-07-11 05:30:00+00:00,2026-07-11 15:35:00+00:00
TESTER-001,SRGridStrategyUser-000,BTC/USDT.SIM,SIM-1-3311,BTC/USDT.SIM-SRGridStrategyUser-000,SIM-001,T-88c895ceddb14c57-377565,LIMIT,BUY,0.078098,64022.37,GTC,,0.078098,MAKER,64022.37,0.0,['1.00000000 USDT'],FILLED,False,False,False,,NO_TRIGGER,,NO_CONTINGENCY,,,,,,,,01e6ecf6-dc56-493f-8f04-5be055969d47,2026-07-11 14:20:00+00:00,2026-07-11 15:35:00+00:00
TESTER-001,SRGridStrategyUser-000,BTC/USDT.SIM,SIM-1-3313,BTC/USDT.SIM-SRGridStrategyUser-000,SIM-001,T-5da054d59feec159-377876,LIMIT,BUY,0.077825,64246.75,GTC,,0.077825,MAKER,64246.74999999999,0.0,['1.00000000 USDT'],FILLED,False,False,False,,NO_TRIGGER,,NO_CONTINGENCY,,,,,,,,8b9ca91d-0140-4c11-b19a-74255f5cf3c7,2026-07-11 20:10:00+00:00,2026-07-11 22:20:00+00:00
TESTER-001,SRGridStrategyUser-000,BTC/USDT.SIM,SIM-1-3314,BTC/USDT.SIM-SRGridStrategyUser-000,SIM-001,T-ff2a92e6f104ad56-377893,LIMIT,BUY,0.077919,64168.90,GTC,,0.077919,MAKER,64168.899999999994,0.0,['1.00000000 USDT'],FILLED,False,False,False,,NO_TRIGGER,,NO_CONTINGENCY,,,,,,,,e64c54c9-d101-4d0c-aa36-5730f83330cc,2026-07-11 20:10:00+00:00,2026-07-11 22:40:00+00:00
TESTER-001,SRGridStrategyUser-000,BTC/USDT.SIM,SIM-1-3315,BTC/USDT.SIM-SRGridStrategyUser-000,SIM-001,T-744595f048b23358-377799,LIMIT,SELL,0.077637,64402.47,GTC,,0.077637,MAKER,64402.47,0.0,['1.00000000 USDT'],FILLED,False,False,False,,NO_TRIGGER,,NO_CONTINGENCY,,,,,,,,7cbe2f5a-ddfa-4aab-b050-f961c46e3abc,2026-07-11 20:10:00+00:00,2026-07-11 20:40:00+00:00
TESTER-001,SRGridStrategyUser-000,BTC/USDT.SIM,SIM-1-3317,BTC/USDT.SIM-SRGridStrategyUser-000,SIM-001,T-5da054d59feec159-377877,LIMIT,BUY,0.077825,64246.75,GTC,,0.077825,MAKER,64246.74999999999,0.0,['1.00000000 USDT'],FILLED,False,False,False,,NO_TRIGGER,,NO_CONTINGENCY,,,,,,,,1d2feb17-420f-4b7b-a864-d4440a5af0d8,2026-07-11 20:40:00+00:00,2026-07-11 22:20:00+00:00
TESTER-001,SRGridStrategyUser-000,BTC/USDT.SIM,SIM-1-3318,BTC/USDT.SIM-SRGridStrategyUser-000,SIM-001,T-ff2a92e6f104ad56-377894,LIMIT,BUY,0.077919,64168.90,GTC,,0.077919,MAKER,64168.899999999994,0.0,['1.00000000 USDT'],FILLED,False,False,False,,NO_TRIGGER,,NO_CONTINGENCY,,,,,,,,ade6a55d-534a-4828-b192-5ff9f6f94258,2026-07-11 20:40:00+00:00,2026-07-11 22:40:00+00:00
TESTER-001,SRGridStrategyUser-000,BTC/USDT.SIM,SIM-1-3321,BTC/USDT.SIM-SRGridStrategyUser-000,SIM-001,T-693f35d401694597-378599,LIMIT,BUY,0.078145,63983.67,GTC,,0.078145,MAKER,63983.67,0.0,['1.00000000 USDT'],FILLED,False,False,False,,NO_TRIGGER,,NO_CONTINGENCY,,,,,,,,50fd4dd6-ca56-4634-9972-f6be94a7f0b9,2026-07-12 12:10:00+00:00,2026-07-12 14:10:00+00:00
TESTER-001,SRGridStrategyUser-000,BTC/USDT.SIM,SIM-1-3322,BTC/USDT.SIM-SRGridStrategyUser-000,SIM-001,T-b3e9ed4fd1bab23c-378957,LIMIT,BUY,0.078292,63863.85,GTC,,0.078292,MAKER,63863.85,0.0,['1.00000000 USDT'],FILLED,False,False,False,,NO_TRIGGER,,NO_CONTINGENCY,,,,,,,,de832a90-a7a8-4920-8001-51b4a9542a7d,2026-07-12 12:10:00+00:00,2026-07-12 22:00:00+00:00
TESTER-001,SRGridStrategyUser-000,BTC/USDT.SIM,SIM-1-3323,BTC/USDT.SIM-SRGridStrategyUser-000,SIM-001,T-c2b95a60e39b1e2c-378631,LIMIT,SELL,0.077853,64223.33,GTC,,0.077853,MAKER,64223.33,0.0,['1.00000000 USDT'],FILLED,False,False,False,,NO_TRIGGER,,NO_CONTINGENCY,,,,,,,,12fd7871-2683-459f-a8d2-03d139623bdb,2026-07-12 12:10:00+00:00,2026-07-12 14:50:00+00:00
TESTER-001,SRGridStrategyUser-000,BTC/USDT.SIM,SIM-1-3324,BTC/USDT.SIM-SRGridStrategyUser-000,SIM-001,T-18ef7ba2f1938163-379060,LIMIT,SELL,0.077708,64343.15,GTC,,0.077708,MAKER,64343.149999999994,0.0,['1.00000000 USDT'],FILLED,False,False,False,,NO_TRIGGER,,NO_CONTINGENCY,,,,,,,,939bcbb0-ae1e-4f0e-bac1-1c81efc5069f,2026-07-12 12:10:00+00:00,2026-07-13 00:15:00+00:00
TESTER-001,SRGridStrategyUser-000,BTC/USDT.SIM,SIM-1-3325,BTC/USDT.SIM-SRGridStrategyUser-000,SIM-001,T-c2b95a60e39b1e2c-378632,LIMIT,SELL,0.077853,64223.33,GTC,,0.077853,MAKER,64223.33,0.0,['1.00000000 USDT'],FILLED,False,False,False,,NO_TRIGGER,,NO_CONTINGENCY,,,,,,,,76352823-d409-41ed-b446-7f68fbf398b0,2026-07-12 14:10:00+00:00,2026-07-12 14:50:00+00:00
TESTER-001,SRGridStrategyUser-000,BTC/USDT.SIM,SIM-1-3326,BTC/USDT.SIM-SRGridStrategyUser-000,SIM-001,T-18ef7ba2f1938163-379061,LIMIT,SELL,0.077708,64343.15,GTC,,0.077708,MAKER,64343.149999999994,0.0,['1.00000000 USDT'],FILLED,False,False,False,,NO_TRIGGER,,NO_CONTINGENCY,,,,,,,,075e01f7-2988-4269-8045-0a65e0133b4a,2026-07-12 14:10:00+00:00,2026-07-13 00:15:00+00:00
TESTER-001,SRGridStrategyUser-000,BTC/USDT.SIM,SIM-1-3327,BTC/USDT.SIM-SRGridStrategyUser-000,SIM-001,T-b3e9ed4fd1bab23c-378958,LIMIT,BUY,0.078292,63863.85,GTC,,0.078292,MAKER,63863.85,0.0,['1.00000000 USDT'],FILLED,False,False,False,,NO_TRIGGER,,NO_CONTINGENCY,,,,,,,,4a2154cc-c912-4297-b1e7-491cf5890d47,2026-07-12 14:50:00+00:00,2026-07-12 22:00:00+00:00
TESTER-001,SRGridStrategyUser-000,BTC/USDT.SIM,SIM-1-3328,BTC/USDT.SIM-SRGridStrategyUser-000,SIM-001,T-18ef7ba2f1938163-379062,LIMIT,SELL,0.077708,64343.15,GTC,,0.077708,MAKER,64343.149999999994,0.0,['1.00000000 USDT'],FILLED,False,False,False,,NO_TRIGGER,,NO_CONTINGENCY,,,,,,,,f0e946c2-9fd7-4fd9-85c4-4621cc5b9bb6,2026-07-12 22:00:00+00:00,2026-07-13 00:15:00+00:00
TESTER-001,SRGridStrategyUser-000,BTC/USDT.SIM,SIM-1-3329,BTC/USDT.SIM-SRGridStrategyUser-000,SIM-001,T-18e7c8738e8c00b5-379676,LIMIT,BUY,0.080047,62463.19,GTC,,0.080047,MAKER,62463.19,0.0,['1.00000000 USDT'],FILLED,False,False,False,,NO_TRIGGER,,NO_CONTINGENCY,,,,,,,,d24d4ca5-073b-46a2-83df-13484690764b,2026-07-13 04:10:00+00:00,2026-07-13 13:20:00+00:00
TESTER-001,SRGridStrategyUser-000,BTC/USDT.SIM,SIM-1-3330,BTC/USDT.SIM-SRGridStrategyUser-000,SIM-001,T-4183f5b3fb861676-379722,LIMIT,BUY,0.016101,62108.40,GTC,,0.016101,MAKER,62108.4,0.0,['0.20000000 USDT'],FILLED,False,False,False,,NO_TRIGGER,,NO_CONTINGENCY,,,,,,,,d2fec0ad-14a3-4d4b-9169-1c73c7928d63,2026-07-13 04:10:00+00:00,2026-07-13 14:15:00+00:00
TESTER-001,SRGridStrategyUser-000,BTC/USDT.SIM,SIM-1-3331,BTC/USDT.SIM-SRGridStrategyUser-000,SIM-001,T-88ea072633946dad-379463,LIMIT,SELL,0.079148,63172.75,GTC,,0.079148,MAKER,63172.74999999999,0.0,['1.00000000 USDT'],FILLED,False,False,False,,NO_TRIGGER,,NO_CONTINGENCY,,,,,,,,13a04c58-8dea-437a-b3a5-0765eeae5a43,2026-07-13 04:10:00+00:00,2026-07-13 08:45:00+00:00
TESTER-001,SRGridStrategyUser-000,BTC/USDT.SIM,SIM-1-3333,BTC/USDT.SIM-SRGridStrategyUser-000,SIM-001,T-18e7c8738e8c00b5-379677,LIMIT,BUY,0.080047,62463.19,GTC,,0.080047,MAKER,62463.19,0.0,['1.00000000 USDT'],FILLED,False,False,False,,NO_TRIGGER,,NO_CONTINGENCY,,,,,,,,a78c27e4-84e2-48fc-89fe-83f1bf0e0af1,2026-07-13 08:45:00+00:00,2026-07-13 13:20:00+00:00
TESTER-001,SRGridStrategyUser-000,BTC/USDT.SIM,SIM-1-3334,BTC/USDT.SIM-SRGridStrategyUser-000,SIM-001,T-4183f5b3fb861676-379723,LIMIT,BUY,0.016295,62108.40,GTC,,0.016295,MAKER,62108.4,0.0,['0.20000000 USDT'],FILLED,False,False,False,,NO_TRIGGER,,NO_CONTINGENCY,,,,,,,,dadd24f8-301b-4f74-932f-5fa66dd8f3a3,2026-07-13 08:45:00+00:00,2026-07-13 14:15:00+00:00
TESTER-001,SRGridStrategyUser-000,BTC/USDT.SIM,SIM-1-3337,BTC/USDT.SIM-SRGridStrategyUser-000,SIM-001,T-20d6573acc8ba2b3-380024,LIMIT,BUY,0.080558,62067.01,GTC,,0.080558,MAKER,62067.01,0.0,['1.00000000 USDT'],FILLED,False,False,False,,NO_TRIGGER,,NO_CONTINGENCY,,,,,,,,4e68e7c0-55c4-4bc0-85ba-7887bb94fcbc,2026-07-13 20:10:00+00:00,2026-07-13 20:50:00+00:00
TESTER-001,SRGridStrategyUser-000,BTC/USDT.SIM,SIM-1-3338,BTC/USDT.SIM-SRGridStrategyUser-000,SIM-001,T-d8da1b4896da4d8e-380059,LIMIT,BUY,0.080760,61912.04,GTC,,0.080760,MAKER,61912.03999999999,0.0,['1.00000000 USDT'],FILLED,False,False,False,,NO_TRIGGER,,NO_CONTINGENCY,,,,,,,,c5cec72c-2606-4470-bfd7-dfe3fa3a38c2,2026-07-13 20:10:00+00:00,2026-07-13 21:35:00+00:00
TESTER-001,SRGridStrategyUser-000,BTC/USDT.SIM,SIM-1-3339,BTC/USDT.SIM-SRGridStrategyUser-000,SIM-001,T-9a89897dae549081-380183,LIMIT,SELL,0.080158,62376.95,GTC,,0.080158,MAKER,62376.950000000004,0.0,['1.00000000 USDT'],FILLED,False,False,False,,NO_TRIGGER,,NO_CONTINGENCY,,,,,,,,c4539b8a-f61f-4d2a-9cf8-0775ca0a48f1,2026-07-13 20:10:00+00:00,2026-07-14 00:10:00+00:00
TESTER-001,SRGridStrategyUser-000,BTC/USDT.SIM,SIM-1-3340,BTC/USDT.SIM-SRGridStrategyUser-000,SIM-001,T-9b684c88daa9ceba-380221,LIMIT,SELL,0.079959,62531.92,GTC,,0.079959,MAKER,62531.92,0.0,['1.00000000 USDT'],FILLED,False,False,False,,NO_TRIGGER,,NO_CONTINGENCY,,,,,,,,58456028-655c-44cb-93e4-c67b60717065,2026-07-13 20:10:00+00:00,2026-07-14 00:55:00+00:00
TESTER-001,SRGridStrategyUser-000,BTC/USDT.SIM,SIM-1-3341,BTC/USDT.SIM-SRGridStrategyUser-000,SIM-001,T-9a89897dae549081-380184,LIMIT,SELL,0.080158,62376.95,GTC,,0.080158,MAKER,62376.950000000004,0.0,['1.00000000 USDT'],FILLED,False,False,False,,NO_TRIGGER,,NO_CONTINGENCY,,,,,,,,8ae7471a-775f-4cdc-8742-d03d13227d14,2026-07-13 20:50:00+00:00,2026-07-14 00:10:00+00:00
TESTER-001,SRGridStrategyUser-000,BTC/USDT.SIM,SIM-1-3342,BTC/USDT.SIM-SRGridStrategyUser-000,SIM-001,T-9b684c88daa9ceba-380222,LIMIT,SELL,0.079959,62531.92,GTC,,0.079959,MAKER,62531.92,0.0,['1.00000000 USDT'],FILLED,False,False,False,,NO_TRIGGER,,NO_CONTINGENCY,,,,,,,,d93e0a6b-09d5-4cf6-84a9-1f7c24b9a9af,2026-07-13 20:50:00+00:00,2026-07-14 00:55:00+00:00
TESTER-001,SRGridStrategyUser-000,BTC/USDT.SIM,SIM-1-3343,BTC/USDT.SIM-SRGridStrategyUser-000,SIM-001,T-9a89897dae549081-380185,LIMIT,SELL,0.080158,62376.95,GTC,,0.080158,MAKER,62376.950000000004,0.0,['1.00000000 USDT'],FILLED,False,False,False,,NO_TRIGGER,,NO_CONTINGENCY,,,,,,,,fb653691-78cd-4670-92f0-2677f31fc4ce,2026-07-13 21:35:00+00:00,2026-07-14 00:10:00+00:00
TESTER-001,SRGridStrategyUser-000,BTC/USDT.SIM,SIM-1-3344,BTC/USDT.SIM-SRGridStrategyUser-000,SIM-001,T-9b684c88daa9ceba-380223,LIMIT,SELL,0.079959,62531.92,GTC,,0.079959,MAKER,62531.92,0.0,['1.00000000 USDT'],FILLED,False,False,False,,NO_TRIGGER,,NO_CONTINGENCY,,,,,,,,d0a4233e-6ee6-4248-b39f-0fae0d7641ea,2026-07-13 21:35:00+00:00,2026-07-14 00:55:00+00:00
TESTER-001,SRGridStrategyUser-000,BTC/USDT.SIM,SIM-1-3347,BTC/USDT.SIM-SRGridStrategyUser-000,SIM-001,T-f179004325d68833-380753,LIMIT,SELL,0.079370,62996.44,GTC,,0.079370,MAKER,62996.44000000001,0.0,['1.00000000 USDT'],FILLED,False,False,False,,NO_TRIGGER,,NO_CONTINGENCY,,,,,,,,d7703248-5edf-4a1f-b2a4-5ec318ec4ea7,2026-07-14 12:10:00+00:00,2026-07-14 12:20:00+00:00
TESTER-001,SRGridStrategyUser-000,BTC/USDT.SIM,SIM-1-3348,BTC/USDT.SIM-SRGridStrategyUser-000,SIM-001,T-dce9e05f28dac43c-380762,LIMIT,SELL,0.079189,63140.12,GTC,,0.079189,MAKER,63140.12000000001,0.0,['1.00000000 USDT'],FILLED,False,False,False,,NO_TRIGGER,,NO_CONTINGENCY,,,,,,,,21cef5c2-d24d-4e72-95ba-93984af9a4ef,2026-07-14 12:10:00+00:00,2026-07-14 12:30:00+00:00
TESTER-001,SRGridStrategyUser-000,BTC/USDT.SIM,SIM-1-3353,BTC/USDT.SIM-SRGridStrategyUser-000,SIM-001,T-4102dece45759b04-381539,LIMIT,BUY,0.077340,64649.63,GTC,,0.077340,MAKER,64649.63,0.0,['1.00000000 USDT'],FILLED,False,False,False,,NO_TRIGGER,,NO_CONTINGENCY,,,,,,,,a01747f3-d4c2-479c-a437-b60c5c1642f8,2026-07-15 04:10:00+00:00,2026-07-15 05:10:00+00:00
TESTER-001,SRGridStrategyUser-000,BTC/USDT.SIM,SIM-1-3355,BTC/USDT.SIM-SRGridStrategyUser-000,SIM-001,T-6f89fac8387be44f-382396,LIMIT,BUY,0.077195,64771.26,GTC,,0.077195,MAKER,64771.26,0.0,['1.00000000 USDT'],FILLED,False,False,False,,NO_TRIGGER,,NO_CONTINGENCY,,,,,,,,e690ef85-d7d5-48a1-abcb-24581d249df6,2026-07-15 20:10:00+00:00,2026-07-15 23:40:00+00:00
TESTER-001,SRGridStrategyUser-000,BTC/USDT.SIM,SIM-1-3356,BTC/USDT.SIM-SRGridStrategyUser-000,SIM-001,T-ad9e73451e141c18-382430,LIMIT,BUY,0.077406,64594.51,GTC,,0.077406,MAKER,64594.509999999995,0.0,['1.00000000 USDT'],FILLED,False,False,False,,NO_TRIGGER,,NO_CONTINGENCY,,,,,,,,fa237f9b-d32c-467f-b32c-3746edbc5a5c,2026-07-15 20:10:00+00:00,2026-07-16 00:25:00+00:00
TESTER-001,SRGridStrategyUser-000,BTC/USDT.SIM,SIM-1-3363,BTC/USDT.SIM-SRGridStrategyUser-000,SIM-001,T-99b46432127389a3-382998,LIMIT,BUY,0.078166,63966.62,GTC,,0.078166,MAKER,63966.62,0.0,['1.00000000 USDT'],FILLED,False,False,False,,NO_TRIGGER,,NO_CONTINGENCY,,,,,,,,2bf4127e-300c-4cf1-b489-9f7dd99c0c9a,2026-07-16 12:10:00+00:00,2026-07-16 12:40:00+00:00
TESTER-001,SRGridStrategyUser-000,BTC/USDT.SIM,SIM-1-3364,BTC/USDT.SIM-SRGridStrategyUser-000,SIM-001,T-5a084da2dfa5673a-383495,LIMIT,BUY,0.039926,63769.24,GTC,,0.039926,MAKER,63769.240000000005,0.0,['0.51000000 USDT'],FILLED,False,False,False,,NO_TRIGGER,,NO_CONTINGENCY,,,,,,,,769ac5aa-3159-4303-bef4-03518d44d326,2026-07-16 12:10:00+00:00,2026-07-16 23:20:00+00:00
TESTER-001,SRGridStrategyUser-000,BTC/USDT.SIM,SIM-1-3365,BTC/USDT.SIM-SRGridStrategyUser-000,SIM-001,T-567ea0f4f065c41d-383042,LIMIT,SELL,0.077686,64361.38,GTC,,0.077686,MAKER,64361.38,0.0,['1.00000000 USDT'],FILLED,False,False,False,,NO_TRIGGER,,NO_CONTINGENCY,,,,,,,,5213b0c9-d771-4d8f-be27-b6d3b9ac2d82,2026-07-16 12:10:00+00:00,2026-07-16 13:35:00+00:00
TESTER-001,SRGridStrategyUser-000,BTC/USDT.SIM,SIM-1-3366,BTC/USDT.SIM-SRGridStrategyUser-000,SIM-001,T-ad4603e6d9af9490-383067,LIMIT,SELL,0.077449,64558.76,GTC,,0.077449,MAKER,64558.759999999995,0.0,['1.00000000 USDT'],FILLED,False,False,False,,NO_TRIGGER,,NO_CONTINGENCY,,,,,,,,c17565f2-bfb9-4dfe-a98e-a38c4e502f95,2026-07-16 12:10:00+00:00,2026-07-16 14:05:00+00:00
TESTER-001,SRGridStrategyUser-000,BTC/USDT.SIM,SIM-1-3367,BTC/USDT.SIM-SRGridStrategyUser-000,SIM-001,T-567ea0f4f065c41d-383043,LIMIT,SELL,0.077686,64361.38,GTC,,0.077686,MAKER,64361.38,0.0,['1.00000000 USDT'],FILLED,False,False,False,,NO_TRIGGER,,NO_CONTINGENCY,,,,,,,,617d3263-d8e6-4176-8739-fbca7c174837,2026-07-16 12:40:00+00:00,2026-07-16 13:35:00+00:00
TESTER-001,SRGridStrategyUser-000,BTC/USDT.SIM,SIM-1-3368,BTC/USDT.SIM-SRGridStrategyUser-000,SIM-001,T-ad4603e6d9af9490-383068,LIMIT,SELL,0.077449,64558.76,GTC,,0.077449,MAKER,64558.759999999995,0.0,['1.00000000 USDT'],FILLED,False,False,False,,NO_TRIGGER,,NO_CONTINGENCY,,,,,,,,d1d3d503-cbf5-48c1-9082-41a7d7dd4e8e,2026-07-16 12:40:00+00:00,2026-07-16 14:05:00+00:00
TESTER-001,SRGridStrategyUser-000,BTC/USDT.SIM,SIM-1-3369,BTC/USDT.SIM-SRGridStrategyUser-000,SIM-001,T-5a084da2dfa5673a-383496,LIMIT,BUY,0.078408,63769.24,GTC,,0.078408,MAKER,63769.240000000005,0.0,['1.00000000 USDT'],FILLED,False,False,False,,NO_TRIGGER,,NO_CONTINGENCY,,,,,,,,ab6920af-5cf8-455a-8f77-16dcb40ef270,2026-07-16 13:35:00+00:00,2026-07-16 23:20:00+00:00
TESTER-001,SRGridStrategyUser-000,BTC/USDT.SIM,SIM-1-3370,BTC/USDT.SIM-SRGridStrategyUser-000,SIM-001,T-5a084da2dfa5673a-383497,LIMIT,BUY,0.078408,63769.24,GTC,,0.078408,MAKER,63769.240000000005,0.0,['1.00000000 USDT'],FILLED,False,False,False,,NO_TRIGGER,,NO_CONTINGENCY,,,,,,,,f2f4accb-b5b2-436d-a200-1301a5772ce4,2026-07-16 14:05:00+00:00,2026-07-16 23:20:00+00:00
TESTER-001,SRGridStrategyUser-000,BTC/USDT.SIM,SIM-1-3371,BTC/USDT.SIM-SRGridStrategyUser-000,SIM-001,T-6592f6573f6a2b20-383721,LIMIT,BUY,0.078920,63355.38,GTC,,0.078920,MAKER,63355.38,0.0,['1.00000000 USDT'],FILLED,False,False,False,,NO_TRIGGER,,NO_CONTINGENCY,,,,,,,,7c4ed236-eb26-45ba-97ab-420c4643b91e,2026-07-17 04:10:00+00:00,2026-07-17 04:15:00+00:00
TESTER-001,SRGridStrategyUser-000,BTC/USDT.SIM,SIM-1-3372,BTC/USDT.SIM-SRGridStrategyUser-000,SIM-001,T-646da376597c3beb-383773,LIMIT,BUY,0.079096,63214.33,GTC,,0.079096,MAKER,63214.33,0.0,['1.00000000 USDT'],FILLED,False,False,False,,NO_TRIGGER,,NO_CONTINGENCY,,,,,,,,b9eb992f-7912-4e68-8030-b3160aa08339,2026-07-17 04:10:00+00:00,2026-07-17 05:25:00+00:00
TESTER-001,SRGridStrategyUser-000,BTC/USDT.SIM,SIM-1-3373,BTC/USDT.SIM-SRGridStrategyUser-000,SIM-001,T-b179872006e1623c-384299,LIMIT,SELL,0.078570,63637.50,GTC,,0.078570,MAKER,63637.5,0.0,['1.00000000 USDT'],FILLED,False,False,False,,NO_TRIGGER,,NO_CONTINGENCY,,,,,,,,364d424b-3184-4896-80a3-45e07b1fde73,2026-07-17 04:10:00+00:00,2026-07-17 16:45:00+00:00
TESTER-001,SRGridStrategyUser-000,BTC/USDT.SIM,SIM-1-3374,BTC/USDT.SIM-SRGridStrategyUser-000,SIM-001,T-334dbc9b4c671b23-384318,LIMIT,SELL,0.078396,63778.55,GTC,,0.078396,MAKER,63778.55,0.0,['1.00000000 USDT'],FILLED,False,False,False,,NO_TRIGGER,,NO_CONTINGENCY,,,,,,,,e57630a1-9f2c-4af3-b398-a633b5d26337,2026-07-17 04:10:00+00:00,2026-07-17 17:05:00+00:00
TESTER-001,SRGridStrategyUser-000,BTC/USDT.SIM,SIM-1-3375,BTC/USDT.SIM-SRGridStrategyUser-000,SIM-001,T-b179872006e1623c-384300,LIMIT,SELL,0.078570,63637.50,GTC,,0.078570,MAKER,63637.5,0.0,['1.00000000 USDT'],FILLED,False,False,False,,NO_TRIGGER,,NO_CONTINGENCY,,,,,,,,fd8c38bb-6ffa-4733-9179-a6d408ad8470,2026-07-17 04:15:00+00:00,2026-07-17 16:45:00+00:00
TESTER-001,SRGridStrategyUser-000,BTC/USDT.SIM,SIM-1-3376,BTC/USDT.SIM-SRGridStrategyUser-000,SIM-001,T-334dbc9b4c671b23-384319,LIMIT,SELL,0.078396,63778.55,GTC,,0.078396,MAKER,63778.55,0.0,['1.00000000 USDT'],FILLED,False,False,False,,NO_TRIGGER,,NO_CONTINGENCY,,,,,,,,88a4c544-f14b-420d-ade5-2ed66b0b793a,2026-07-17 04:15:00+00:00,2026-07-17 17:05:00+00:00
TESTER-001,SRGridStrategyUser-000,BTC/USDT.SIM,SIM-1-3377,BTC/USDT.SIM-SRGridStrategyUser-000,SIM-001,T-b179872006e1623c-384301,LIMIT,SELL,0.078570,63637.50,GTC,,0.078570,MAKER,63637.5,0.0,['1.00000000 USDT'],FILLED,False,False,False,,NO_TRIGGER,,NO_CONTINGENCY,,,,,,,,e4f5b679-868f-4684-afaa-f3bb5a2b60cf,2026-07-17 05:25:00+00:00,2026-07-17 16:45:00+00:00
TESTER-001,SRGridStrategyUser-000,BTC/USDT.SIM,SIM-1-3378,BTC/USDT.SIM-SRGridStrategyUser-000,SIM-001,T-334dbc9b4c671b23-384320,LIMIT,SELL,0.078396,63778.55,GTC,,0.078396,MAKER,63778.55,0.0,['1.00000000 USDT'],FILLED,False,False,False,,NO_TRIGGER,,NO_CONTINGENCY,,,,,,,,c6869232-2d23-46f8-ac39-a8fac37043ff,2026-07-17 05:25:00+00:00,2026-07-17 17:05:00+00:00
TESTER-001,SRGridStrategyUser-000,BTC/USDT.SIM,SIM-1-3381,BTC/USDT.SIM-SRGridStrategyUser-000,SIM-001,T-6acff6dbc06e4d05-385184,LIMIT,BUY,0.078035,64073.52,GTC,,0.078035,MAKER,64073.52,0.0,['1.00000000 USDT'],FILLED,False,False,False,,NO_TRIGGER,,NO_CONTINGENCY,,,,,,,,06ad196e-b1c6-4e4c-8b7a-ee3feee1481a,2026-07-18 12:10:00+00:00,2026-07-18 12:20:00+00:00
TESTER-001,SRGridStrategyUser-000,BTC/USDT.SIM,SIM-1-3382,BTC/USDT.SIM-SRGridStrategyUser-000,SIM-001,T-8f92f0bc0eb93106-385221,LIMIT,BUY,0.078114,64009.05,GTC,,0.078114,MAKER,64009.049999999996,0.0,['1.00000000 USDT'],FILLED,False,False,False,,NO_TRIGGER,,NO_CONTINGENCY,,,,,,,,fe6bd8c9-6be0-47c9-bcf3-51e6287329c4,2026-07-18 12:10:00+00:00,2026-07-18 13:10:00+00:00
TESTER-001,SRGridStrategyUser-000,BTC/USDT.SIM,SIM-1-3383,BTC/USDT.SIM-SRGridStrategyUser-000,SIM-001,T-312697d3344ecf95-386136,LIMIT,BUY,0.077452,64556.18,GTC,,0.077452,MAKER,64556.18,0.0,['1.00000000 USDT'],FILLED,False,False,False,,NO_TRIGGER,,NO_CONTINGENCY,,,,,,,,f58cebe9-5409-423b-9480-2f38307bd6f4,2026-07-19 04:10:00+00:00,2026-07-19 09:15:00+00:00
TESTER-001,SRGridStrategyUser-000,BTC/USDT.SIM,SIM-1-3384,BTC/USDT.SIM-SRGridStrategyUser-000,SIM-001,T-173a0f1e593f15d1-386256,LIMIT,BUY,0.077557,64468.31,GTC,,0.077557,MAKER,64468.310000000005,0.0,['1.00000000 USDT'],FILLED,False,False,False,,NO_TRIGGER,,NO_CONTINGENCY,,,,,,,,1168d9b8-4590-4315-a47c-4f21b9cf7327,2026-07-19 04:10:00+00:00,2026-07-19 11:55:00+00:00
TESTER-001,SRGridStrategyUser-000,BTC/USDT.SIM,SIM-1-3385,BTC/USDT.SIM-SRGridStrategyUser-000,SIM-001,T-e5aa80300bda8b25-386698,LIMIT,BUY,0.077620,64416.36,GTC,,0.077620,MAKER,64416.35999999999,0.0,['1.00000000 USDT'],FILLED,False,False,False,,NO_TRIGGER,,NO_CONTINGENCY,,,,,,,,b75d2bc9-93ea-4312-bdca-fd7f4cacad96,2026-07-19 20:10:00+00:00,2026-07-19 21:35:00+00:00
TESTER-001,SRGridStrategyUser-000,BTC/USDT.SIM,SIM-1-3386,BTC/USDT.SIM-SRGridStrategyUser-000,SIM-001,T-08c2658e467fef35-387054,LIMIT,BUY,0.077727,64327.55,GTC,,0.077727,MAKER,64327.549999999996,0.0,['1.00000000 USDT'],FILLED,False,False,False,,NO_TRIGGER,,NO_CONTINGENCY,,,,,,,,4de276cb-6784-41f5-84da-3b74f54a79aa,2026-07-19 20:10:00+00:00,2026-07-20 05:10:00+00:00
TESTER-001,SRGridStrategyUser-000,BTC/USDT.SIM,SIM-1-3387,BTC/USDT.SIM-SRGridStrategyUser-000,SIM-001,T-2289c5a37c656c86-386718,LIMIT,SELL,0.077407,64593.98,GTC,,0.077407,MAKER,64593.98,0.0,['1.00000000 USDT'],FILLED,False,False,False,,NO_TRIGGER,,NO_CONTINGENCY,,,,,,,,adc0d4dd-c7a4-4305-a3b1-b2aa7481925e,2026-07-19 20:10:00+00:00,2026-07-19 22:00:00+00:00
TESTER-001,SRGridStrategyUser-000,BTC/USDT.SIM,SIM-1-3388,BTC/USDT.SIM-SRGridStrategyUser-000,SIM-001,T-61030427b4bb9139-386728,LIMIT,SELL,0.077300,64682.79,GTC,,0.077300,MAKER,64682.79,0.0,['1.00000000 USDT'],FILLED,False,False,False,,NO_TRIGGER,,NO_CONTINGENCY,,,,,,,,03bb7d04-9dd6-4105-933b-430040d8a00d,2026-07-19 20:10:00+00:00,2026-07-19 22:10:00+00:00
TESTER-001,SRGridStrategyUser-000,BTC/USDT.SIM,SIM-1-3389,BTC/USDT.SIM-SRGridStrategyUser-000,SIM-001,T-2289c5a37c656c86-386719,LIMIT,SELL,0.077407,64593.98,GTC,,0.077407,MAKER,64593.98,0.0,['1.00000000 USDT'],FILLED,False,False,False,,NO_TRIGGER,,NO_CONTINGENCY,,,,,,,,3f95544d-cc98-486a-b6d0-f5b663ac78f1,2026-07-19 21:35:00+00:00,2026-07-19 22:00:00+00:00
TESTER-001,SRGridStrategyUser-000,BTC/USDT.SIM,SIM-1-3390,BTC/USDT.SIM-SRGridStrategyUser-000,SIM-001,T-61030427b4bb9139-386729,LIMIT,SELL,0.077300,64682.79,GTC,,0.077300,MAKER,64682.79,0.0,['1.00000000 USDT'],FILLED,False,False,False,,NO_TRIGGER,,NO_CONTINGENCY,,,,,,,,4bee86f5-e849-41c5-868b-ba78c69b608c,2026-07-19 21:35:00+00:00,2026-07-19 22:10:00+00:00
TESTER-001,SRGridStrategyUser-000,BTC/USDT.SIM,SIM-1-3391,BTC/USDT.SIM-SRGridStrategyUser-000,SIM-001,T-08c2658e467fef35-387055,LIMIT,BUY,0.077727,64327.55,GTC,,0.077727,MAKER,64327.549999999996,0.0,['1.00000000 USDT'],FILLED,False,False,False,,NO_TRIGGER,,NO_CONTINGENCY,,,,,,,,21001e70-ca1c-4bc4-bba9-eef67d6fc6e6,2026-07-19 22:00:00+00:00,2026-07-20 05:10:00+00:00
TESTER-001,SRGridStrategyUser-000,BTC/USDT.SIM,SIM-1-3392,BTC/USDT.SIM-SRGridStrategyUser-000,SIM-001,T-08c2658e467fef35-387056,LIMIT,BUY,0.077727,64327.55,GTC,,0.077727,MAKER,64327.549999999996,0.0,['1.00000000 USDT'],FILLED,False,False,False,,NO_TRIGGER,,NO_CONTINGENCY,,,,,,,,ffbc079f-3942-4c63-8202-672448890122,2026-07-19 22:10:00+00:00,2026-07-20 05:10:00+00:00
TESTER-001,SRGridStrategyUser-000,BTC/USDT.SIM,SIM-1-3393,BTC/USDT.SIM-SRGridStrategyUser-000,SIM-001,T-3cadd427c973638f-387458,LIMIT,BUY,0.077631,64406.92,GTC,,0.077631,MAKER,64406.91999999999,0.0,['1.00000000 USDT'],FILLED,False,False,False,,NO_TRIGGER,,NO_CONTINGENCY,,,,,,,,90ff8153-0b44-4abb-b668-d7a9e3f844a3,2026-07-20 12:10:00+00:00,2026-07-20 13:45:00+00:00
TESTER-001,SRGridStrategyUser-000,BTC/USDT.SIM,SIM-1-3395,BTC/USDT.SIM-SRGridStrategyUser-000,SIM-001,T-b6339764734d7287-387547,LIMIT,SELL,0.076813,65093.08,GTC,,0.076813,MAKER,65093.08000000001,0.0,['1.00000000 USDT'],FILLED,False,False,False,,NO_TRIGGER,,NO_CONTINGENCY,,,,,,,,0bb028dd-7b9b-4e8e-80de-bdcc2a6c0b2c,2026-07-20 12:10:00+00:00,2026-07-20 15:40:00+00:00
TESTER-001,SRGridStrategyUser-000,BTC/USDT.SIM,SIM-1-3396,BTC/USDT.SIM-SRGridStrategyUser-000,SIM-001,T-17fbf282bfb0febf-387557,LIMIT,SELL,0.015282,65436.17,GTC,,0.015282,MAKER,65436.17,0.0,['0.20000000 USDT'],FILLED,False,False,False,,NO_TRIGGER,,NO_CONTINGENCY,,,,,,,,049bbfa6-394b-471e-a36a-3e6606e69c26,2026-07-20 12:10:00+00:00,2026-07-20 15:50:00+00:00
TESTER-001,SRGridStrategyUser-000,BTC/USDT.SIM,SIM-1-3397,BTC/USDT.SIM-SRGridStrategyUser-000,SIM-001,T-b6339764734d7287-387548,LIMIT,SELL,0.076813,65093.08,GTC,,0.076813,MAKER,65093.08000000001,0.0,['1.00000000 USDT'],FILLED,False,False,False,,NO_TRIGGER,,NO_CONTINGENCY,,,,,,,,04c39a2b-6719-4c2a-824a-d859da64977f,2026-07-20 13:45:00+00:00,2026-07-20 15:40:00+00:00
TESTER-001,SRGridStrategyUser-000,BTC/USDT.SIM,SIM-1-3398,BTC/USDT.SIM-SRGridStrategyUser-000,SIM-001,T-17fbf282bfb0febf-387558,LIMIT,SELL,0.016556,65436.17,GTC,,0.016556,MAKER,65436.17,0.0,['0.22000000 USDT'],FILLED,False,False,False,,NO_TRIGGER,,NO_CONTINGENCY,,,,,,,,16b433cb-19aa-46b2-9f73-e481af4243d2,2026-07-20 13:45:00+00:00,2026-07-20 15:50:00+00:00
TESTER-001,SRGridStrategyUser-000,BTC/USDT.SIM,SIM-1-3403,BTC/USDT.SIM-SRGridStrategyUser-000,SIM-001,T-4f046a9d34f6ab82-388189,LIMIT,SELL,0.075992,65796.64,GTC,,0.075992,MAKER,65796.64,0.0,['1.00000000 USDT'],FILLED,False,False,False,,NO_TRIGGER,,NO_CONTINGENCY,,,,,,,,baafc8c2-31d8-41ea-8308-89475637e22a,2026-07-21 04:10:00+00:00,2026-07-21 05:45:00+00:00
TESTER-001,SRGridStrategyUser-000,BTC/USDT.SIM,SIM-1-3404,BTC/USDT.SIM-SRGridStrategyUser-000,SIM-001,T-9a90dd92f24d47c1-388230,LIMIT,SELL,0.026622,65986.05,GTC,,0.026622,MAKER,65986.05,0.0,['0.35000000 USDT'],FILLED,False,False,False,,NO_TRIGGER,,NO_CONTINGENCY,,,,,,,,13b31449-c53f-4574-8075-78b04cdfa675,2026-07-21 04:10:00+00:00,2026-07-21 06:35:00+00:00
TESTER-001,SRGridStrategyUser-000,BTC/USDT.SIM,SIM-1-3409,BTC/USDT.SIM-SRGridStrategyUser-000,SIM-001,T-a29dcf21e5c4fd34-388961,LIMIT,BUY,0.075443,66275.29,GTC,,0.075443,MAKER,66275.29,0.0,['1.00000000 USDT'],FILLED,False,False,False,,NO_TRIGGER,,NO_CONTINGENCY,,,,,,,,5769f0d5-9a3b-4c77-9d21-c240b4d39dae,2026-07-21 20:10:00+00:00,2026-07-21 22:15:00+00:00
TESTER-001,SRGridStrategyUser-000,BTC/USDT.SIM,SIM-1-3410,BTC/USDT.SIM-SRGridStrategyUser-000,SIM-001,T-d186575d491a15e3-389283,LIMIT,BUY,0.075608,66130.42,GTC,,0.075608,MAKER,66130.42,0.0,['1.00000000 USDT'],FILLED,False,False,False,,NO_TRIGGER,,NO_CONTINGENCY,,,,,,,,13014e40-59da-4926-8cb9-0839d23cd590,2026-07-21 20:10:00+00:00,2026-07-22 05:15:00+00:00
TESTER-001,SRGridStrategyUser-000,BTC/USDT.SIM,SIM-1-3411,BTC/USDT.SIM-SRGridStrategyUser-000,SIM-001,T-70f50dd235b456d2-389619,LIMIT,BUY,0.076035,65759.08,GTC,,0.076035,MAKER,65759.07999999999,0.0,['1.00000000 USDT'],FILLED,False,False,False,,NO_TRIGGER,,NO_CONTINGENCY,,,,,,,,962bfd3f-79c6-4389-8b30-3c2d2efd7851,2026-07-22 12:10:00+00:00,2026-07-22 12:35:00+00:00
TESTER-001,SRGridStrategyUser-000,BTC/USDT.SIM,SIM-1-3412,BTC/USDT.SIM-SRGridStrategyUser-000,SIM-001,T-dff76395a04e4fc8-389635,LIMIT,BUY,0.076205,65612.17,GTC,,0.076205,MAKER,65612.17,0.0,['1.00000000 USDT'],FILLED,False,False,False,,NO_TRIGGER,,NO_CONTINGENCY,,,,,,,,39062160-810b-4c18-bf9c-bfa6b388b307,2026-07-22 12:10:00+00:00,2026-07-22 12:55:00+00:00
TESTER-001,SRGridStrategyUser-000,BTC/USDT.SIM,SIM-1-3413,BTC/USDT.SIM-SRGridStrategyUser-000,SIM-001,T-90b101a094029701-389689,LIMIT,SELL,0.075697,66052.90,GTC,,0.075697,MAKER,66052.9,0.0,['1.00000000 USDT'],FILLED,False,False,False,,NO_TRIGGER,,NO_CONTINGENCY,,,,,,,,ad072bd6-6712-4248-a82b-3ad7b78dcf4e,2026-07-22 12:10:00+00:00,2026-07-22 14:05:00+00:00
TESTER-001,SRGridStrategyUser-000,BTC/USDT.SIM,SIM-1-3414,BTC/USDT.SIM-SRGridStrategyUser-000,SIM-001,T-39f440b370ad32d4-389805,LIMIT,SELL,0.075529,66199.82,GTC,,0.075529,MAKER,66199.82,0.0,['1.00000000 USDT'],FILLED,False,False,False,,NO_TRIGGER,,NO_CONTINGENCY,,,,,,,,091ea3a4-e300-4063-a930-11ecbc29d156,2026-07-22 12:10:00+00:00,2026-07-22 16:30:00+00:00
TESTER-001,SRGridStrategyUser-000,BTC/USDT.SIM,SIM-1-3415,BTC/USDT.SIM-SRGridStrategyUser-000,SIM-001,T-90b101a094029701-389690,LIMIT,SELL,0.075697,66052.90,GTC,,0.075697,MAKER,66052.9,0.0,['1.00000000 USDT'],FILLED,False,False,False,,NO_TRIGGER,,NO_CONTINGENCY,,,,,,,,273cde4a-0c4f-45f3-8db7-f26363b71918,2026-07-22 12:35:00+00:00,2026-07-22 14:05:00+00:00
TESTER-001,SRGridStrategyUser-000,BTC/USDT.SIM,SIM-1-3416,BTC/USDT.SIM-SRGridStrategyUser-000,SIM-001,T-39f440b370ad32d4-389806,LIMIT,SELL,0.075529,66199.82,GTC,,0.075529,MAKER,66199.82,0.0,['1.00000000 USDT'],FILLED,False,False,False,,NO_TRIGGER,,NO_CONTINGENCY,,,,,,,,204d9aaa-c786-4391-b5b9-71ee73144466,2026-07-22 12:35:00+00:00,2026-07-22 16:30:00+00:00
TESTER-001,SRGridStrategyUser-000,BTC/USDT.SIM,SIM-1-3417,BTC/USDT.SIM-SRGridStrategyUser-000,SIM-001,T-90b101a094029701-389691,LIMIT,SELL,0.075697,66052.90,GTC,,0.075697,MAKER,66052.9,0.0,['1.00000000 USDT'],FILLED,False,False,False,,NO_TRIGGER,,NO_CONTINGENCY,,,,,,,,df1161cd-2a85-4f11-8aa7-b302c3074fac,2026-07-22 12:55:00+00:00,2026-07-22 14:05:00+00:00
TESTER-001,SRGridStrategyUser-000,BTC/USDT.SIM,SIM-1-3418,BTC/USDT.SIM-SRGridStrategyUser-000,SIM-001,T-39f440b370ad32d4-389807,LIMIT,SELL,0.075529,66199.82,GTC,,0.075529,MAKER,66199.82,0.0,['1.00000000 USDT'],FILLED,False,False,False,,NO_TRIGGER,,NO_CONTINGENCY,,,,,,,,66ac102a-024e-474d-b869-9f3c604f8386,2026-07-22 12:55:00+00:00,2026-07-22 16:30:00+00:00
TESTER-001,SRGridStrategyUser-000,BTC/USDT.SIM,SIM-1-3419,BTC/USDT.SIM-SRGridStrategyUser-000,SIM-001,T-6ffb1ab10eac22d3-390486,LIMIT,BUY,0.076310,65522.33,GTC,,0.076310,MAKER,65522.33,0.0,['1.00000000 USDT'],FILLED,False,False,False,,NO_TRIGGER,,NO_CONTINGENCY,,,,,,,,90638250-8550-4b31-bfce-516bbb80019a,2026-07-23 04:10:00+00:00,2026-07-23 07:10:00+00:00
TESTER-001,SRGridStrategyUser-000,BTC/USDT.SIM,SIM-1-3420,BTC/USDT.SIM-SRGridStrategyUser-000,SIM-001,T-6ffb1ab10eac22d3-390485,LIMIT,BUY,0.076485,65372.67,GTC,,0.076485,MAKER,65372.67,0.0,['1.00000000 USDT'],FILLED,False,False,False,,NO_TRIGGER,,NO_CONTINGENCY,,,,,,,,eb0de898-53f6-49c0-afbc-12bdda14c5c2,2026-07-23 04:10:00+00:00,2026-07-23 07:10:00+00:00
TESTER-001,SRGridStrategyUser-000,BTC/USDT.SIM,SIM-1-3421,BTC/USDT.SIM-SRGridStrategyUser-000,SIM-001,T-d5bc218b3e7ea467-391299,LIMIT,BUY,0.077093,64856.61,GTC,,0.077093,MAKER,64856.61000000001,0.0,['1.00000000 USDT'],FILLED,False,False,False,,NO_TRIGGER,,NO_CONTINGENCY,,,,,,,,9e936ba5-e5e4-43fc-b173-01498c2ae162,2026-07-23 20:10:00+00:00,2026-07-24 00:30:00+00:00
TESTER-001,SRGridStrategyUser-000,BTC/USDT.SIM,SIM-1-3423,BTC/USDT.SIM-SRGridStrategyUser-000,SIM-001,T-125994275f8407e7-391868,LIMIT,BUY,0.077044,64897.86,GTC,,0.077044,MAKER,64897.85999999999,0.0,['1.00000000 USDT'],FILLED,False,False,False,,NO_TRIGGER,,NO_CONTINGENCY,,,,,,,,35a588e2-eed2-4a70-9abd-68f8a0bc9b44,2026-07-24 12:10:00+00:00,2026-07-24 12:45:00+00:00
TESTER-001,SRGridStrategyUser-000,BTC/USDT.SIM,SIM-1-3424,BTC/USDT.SIM-SRGridStrategyUser-000,SIM-001,T-f6eae56c41902167-391881,LIMIT,BUY,0.077252,64723.09,GTC,,0.077252,MAKER,64723.090000000004,0.0,['1.00000000 USDT'],FILLED,False,False,False,,NO_TRIGGER,,NO_CONTINGENCY,,,,,,,,c9239fcc-f5c0-4ffa-9aa1-058a59dc5c2d,2026-07-24 12:10:00+00:00,2026-07-24 13:00:00+00:00
TESTER-001,SRGridStrategyUser-000,BTC/USDT.SIM,SIM-1-3425,BTC/USDT.SIM-SRGridStrategyUser-000,SIM-001,T-3d43ca3c582f0dc5-392646,LIMIT,BUY,0.078041,64068.76,GTC,,0.078041,MAKER,64068.76000000001,0.0,['1.00000000 USDT'],FILLED,False,False,False,,NO_TRIGGER,,NO_CONTINGENCY,,,,,,,,4f784303-0bcd-4ea5-98dc-3bb5c88a74a0,2026-07-25 04:10:00+00:00,2026-07-25 05:35:00+00:00
TESTER-001,SRGridStrategyUser-000,BTC/USDT.SIM,SIM-1-3426,BTC/USDT.SIM-SRGridStrategyUser-000,SIM-001,T-4b3ed5730bc4003f-392659,LIMIT,BUY,0.078115,64007.91,GTC,,0.078115,MAKER,64007.91,0.0,['1.00000000 USDT'],FILLED,False,False,False,,NO_TRIGGER,,NO_CONTINGENCY,,,,,,,,77c4bc79-542f-4c22-9730-f63b17a617bc,2026-07-25 04:10:00+00:00,2026-07-25 05:50:00+00:00
TESTER-001,SRGridStrategyUser-000,BTC/USDT.SIM,SIM-1-3427,BTC/USDT.SIM-SRGridStrategyUser-000,SIM-001,T-e1ea380a8687310f-392608,LIMIT,SELL,0.077893,64190.46,GTC,,0.077893,MAKER,64190.46000000001,0.0,['1.00000000 USDT'],FILLED,False,False,False,,NO_TRIGGER,,NO_CONTINGENCY,,,,,,,,92f92575-b544-46f4-94ae-558a950c5d8d,2026-07-25 04:10:00+00:00,2026-07-25 04:45:00+00:00
TESTER-001,SRGridStrategyUser-000,BTC/USDT.SIM,SIM-1-3428,BTC/USDT.SIM-SRGridStrategyUser-000,SIM-001,T-15cd7fb0f87a45dc-393028,LIMIT,SELL,0.077819,64251.31,GTC,,0.077819,MAKER,64251.31,0.0,['1.00000000 USDT'],FILLED,False,False,False,,NO_TRIGGER,,NO_CONTINGENCY,,,,,,,,42debbbf-f496-42df-aedb-0944e3562aea,2026-07-25 04:10:00+00:00,2026-07-25 13:45:00+00:00
TESTER-001,SRGridStrategyUser-000,BTC/USDT.SIM,SIM-1-3429,BTC/USDT.SIM-SRGridStrategyUser-000,SIM-001,T-3d43ca3c582f0dc5-392647,LIMIT,BUY,0.078041,64068.76,GTC,,0.078041,MAKER,64068.76000000001,0.0,['1.00000000 USDT'],FILLED,False,False,False,,NO_TRIGGER,,NO_CONTINGENCY,,,,,,,,e1820122-6c8c-4262-9007-d2cabda71325,2026-07-25 04:45:00+00:00,2026-07-25 05:35:00+00:00
TESTER-001,SRGridStrategyUser-000,BTC/USDT.SIM,SIM-1-3430,BTC/USDT.SIM-SRGridStrategyUser-000,SIM-001,T-4b3ed5730bc4003f-392660,LIMIT,BUY,0.078115,64007.91,GTC,,0.078115,MAKER,64007.91,0.0,['1.00000000 USDT'],FILLED,False,False,False,,NO_TRIGGER,,NO_CONTINGENCY,,,,,,,,ad61c5d4-b3bb-4667-8b8a-4de8c2affa90,2026-07-25 04:45:00+00:00,2026-07-25 05:50:00+00:00
TESTER-001,SRGridStrategyUser-000,BTC/USDT.SIM,SIM-1-3431,BTC/USDT.SIM-SRGridStrategyUser-000,SIM-001,T-15cd7fb0f87a45dc-393029,LIMIT,SELL,0.077819,64251.31,GTC,,0.077819,MAKER,64251.31,0.0,['1.00000000 USDT'],FILLED,False,False,False,,NO_TRIGGER,,NO_CONTINGENCY,,,,,,,,beee09de-f64a-4e68-9d03-b265ac530d8e,2026-07-25 05:35:00+00:00,2026-07-25 13:45:00+00:00
TESTER-001,SRGridStrategyUser-000,BTC/USDT.SIM,SIM-1-3432,BTC/USDT.SIM-SRGridStrategyUser-000,SIM-001,T-15cd7fb0f87a45dc-393030,LIMIT,SELL,0.077819,64251.31,GTC,,0.077819,MAKER,64251.31,0.0,['1.00000000 USDT'],FILLED,False,False,False,,NO_TRIGGER,,NO_CONTINGENCY,,,,,,,,64c7df6f-54da-4a41-b2f7-7f84f0dc0313,2026-07-25 05:50:00+00:00,2026-07-25 13:45:00+00:00
TESTER-001,SRGridStrategyUser-000,BTC/USDT.SIM,SIM-1-3433,BTC/USDT.SIM-SRGridStrategyUser-000,SIM-001,T-f9ebbc3d7814abe9-393332,LIMIT,BUY,0.077730,64324.98,GTC,,0.077730,MAKER,64324.979999999996,0.0,['1.00000000 USDT'],FILLED,False,False,False,,NO_TRIGGER,,NO_CONTINGENCY,,,,,,,,22d1d719-8edc-4eaf-9b3b-ecb8b890fbb4,2026-07-25 20:10:00+00:00,2026-07-25 20:35:00+00:00
TESTER-001,SRGridStrategyUser-000,BTC/USDT.SIM,SIM-1-3434,BTC/USDT.SIM-SRGridStrategyUser-000,SIM-001,T-d0a3705f36b6af3c-393360,LIMIT,BUY,0.077794,64271.94,GTC,,0.077794,MAKER,64271.939999999995,0.0,['1.00000000 USDT'],FILLED,False,False,False,,NO_TRIGGER,,NO_CONTINGENCY,,,,,,,,f06220a2-a51d-4eae-9704-234dcad01bb6,2026-07-25 20:10:00+00:00,2026-07-25 21:10:00+00:00
TESTER-001,SRGridStrategyUser-000,BTC/USDT.SIM,SIM-1-3435,BTC/USDT.SIM-SRGridStrategyUser-000,SIM-001,T-de40a323e9bbac06-393492,LIMIT,SELL,0.077602,64431.04,GTC,,0.077602,MAKER,64431.04,0.0,['1.00000000 USDT'],FILLED,False,False,False,,NO_TRIGGER,,NO_CONTINGENCY,,,,,,,,2153f57c-c9af-4e1a-9638-1604e478fc8b,2026-07-25 20:10:00+00:00,2026-07-26 00:05:00+00:00
TESTER-001,SRGridStrategyUser-000,BTC/USDT.SIM,SIM-1-3436,BTC/USDT.SIM-SRGridStrategyUser-000,SIM-001,T-97ba9fd7aa25a34c-393511,LIMIT,SELL,0.077539,64484.08,GTC,,0.077539,MAKER,64484.08,0.0,['1.00000000 USDT'],FILLED,False,False,False,,NO_TRIGGER,,NO_CONTINGENCY,,,,,,,,304bb84c-0918-4abb-a3b1-72c7e5ba59f0,2026-07-25 20:10:00+00:00,2026-07-26 00:25:00+00:00
TESTER-001,SRGridStrategyUser-000,BTC/USDT.SIM,SIM-1-3437,BTC/USDT.SIM-SRGridStrategyUser-000,SIM-001,T-de40a323e9bbac06-393493,LIMIT,SELL,0.077602,64431.04,GTC,,0.077602,MAKER,64431.04,0.0,['1.00000000 USDT'],FILLED,False,False,False,,NO_TRIGGER,,NO_CONTINGENCY,,,,,,,,2374b550-f8b4-4531-8876-323d945a789a,2026-07-25 20:35:00+00:00,2026-07-26 00:05:00+00:00
TESTER-001,SRGridStrategyUser-000,BTC/USDT.SIM,SIM-1-3438,BTC/USDT.SIM-SRGridStrategyUser-000,SIM-001,T-97ba9fd7aa25a34c-393512,LIMIT,SELL,0.077539,64484.08,GTC,,0.077539,MAKER,64484.08,0.0,['1.00000000 USDT'],FILLED,False,False,False,,NO_TRIGGER,,NO_CONTINGENCY,,,,,,,,78cef0c5-4fcf-473f-b0fd-0966935d51d5,2026-07-25 20:35:00+00:00,2026-07-26 00:25:00+00:00
TESTER-001,SRGridStrategyUser-000,BTC/USDT.SIM,SIM-1-3439,BTC/USDT.SIM-SRGridStrategyUser-000,SIM-001,T-de40a323e9bbac06-393494,LIMIT,SELL,0.077602,64431.04,GTC,,0.077602,MAKER,64431.04,0.0,['1.00000000 USDT'],FILLED,False,False,False,,NO_TRIGGER,,NO_CONTINGENCY,,,,,,,,560a70eb-ad66-460d-98b7-c2640de553d4,2026-07-25 21:10:00+00:00,2026-07-26 00:05:00+00:00
TESTER-001,SRGridStrategyUser-000,BTC/USDT.SIM,SIM-1-3440,BTC/USDT.SIM-SRGridStrategyUser-000,SIM-001,T-97ba9fd7aa25a34c-393513,LIMIT,SELL,0.077539,64484.08,GTC,,0.077539,MAKER,64484.08,0.0,['1.00000000 USDT'],FILLED,False,False,False,,NO_TRIGGER,,NO_CONTINGENCY,,,,,,,,c98209b4-72b1-430d-b4d2-16914bf9af54,2026-07-25 21:10:00+00:00,2026-07-26 00:25:00+00:00
TESTER-001,SRGridStrategyUser-000,BTC/USDT.SIM,SIM-1-3441,BTC/USDT.SIM-SRGridStrategyUser-000,SIM-001,T-be85c92903c92058-394048,LIMIT,BUY,0.077449,64558.56,GTC,,0.077449,MAKER,64558.56,0.0,['1.00000000 USDT'],FILLED,False,False,False,,NO_TRIGGER,,NO_CONTINGENCY,,,,,,,,3075b42e-b4b9-4986-9f6c-2409263cdcd1,2026-07-26 12:10:00+00:00,2026-07-26 12:15:00+00:00
TESTER-001,SRGridStrategyUser-000,BTC/USDT.SIM,SIM-1-3442,BTC/USDT.SIM-SRGridStrategyUser-000,SIM-001,T-40ad7db846da5992-394066,LIMIT,BUY,0.077510,64508.12,GTC,,0.077510,MAKER,64508.12000000001,0.0,['1.00000000 USDT'],FILLED,False,False,False,,NO_TRIGGER,,NO_CONTINGENCY,,,,,,,,64cc4d1f-d01e-4a58-bdec-ee08c6325cce,2026-07-26 12:10:00+00:00,2026-07-26 12:40:00+00:00
TESTER-001,SRGridStrategyUser-000,BTC/USDT.SIM,SIM-1-3443,BTC/USDT.SIM-SRGridStrategyUser-000,SIM-001,T-57764406f7675444-394963,LIMIT,BUY,0.076719,65172.69,GTC,,0.076719,MAKER,65172.69,0.0,['1.00000000 USDT'],FILLED,False,False,False,,NO_TRIGGER,,NO_CONTINGENCY,,,,,,,,0ed76d36-5e63-4051-b0a8-db6fb634b013,2026-07-27 04:10:00+00:00,2026-07-27 08:10:00+00:00
TESTER-001,SRGridStrategyUser-000,BTC/USDT.SIM,SIM-1-3444,BTC/USDT.SIM-SRGridStrategyUser-000,SIM-001,T-1e64d349b3e78706-395149,LIMIT,BUY,0.076891,65026.86,GTC,,0.076891,MAKER,65026.86,0.0,['1.00000000 USDT'],FILLED,False,False,False,,NO_TRIGGER,,NO_CONTINGENCY,,,,,,,,93b039fb-34c2-479b-b678-4fff38392e4b,2026-07-27 04:10:00+00:00,2026-07-27 12:20:00+00:00
TESTER-001,SRGridStrategyUser-000,BTC/USDT.SIM,SIM-1-3445,BTC/USDT.SIM-SRGridStrategyUser-000,SIM-001,T-f861c31b082d0c7e-395582,LIMIT,BUY,0.077169,64792.88,GTC,,0.077169,MAKER,64792.88,0.0,['1.00000000 USDT'],FILLED,False,False,False,,NO_TRIGGER,,NO_CONTINGENCY,,,,,,,,6ca59814-3c35-49bb-a993-2ed9f207e490,2026-07-27 20:10:00+00:00,2026-07-27 21:40:00+00:00
TESTER-001,SRGridStrategyUser-000,BTC/USDT.SIM,SIM-1-3446,BTC/USDT.SIM-SRGridStrategyUser-000,SIM-001,T-66d11bb54670f655-395618,LIMIT,BUY,0.077364,64629.47,GTC,,0.077364,MAKER,64629.469999999994,0.0,['1.00000000 USDT'],FILLED,False,False,False,,NO_TRIGGER,,NO_CONTINGENCY,,,,,,,,3815e0a0-f1e5-4425-9fe8-402df3de57bc,2026-07-27 20:10:00+00:00,2026-07-27 22:25:00+00:00
TESTER-001,SRGridStrategyUser-000,BTC/USDT.SIM,SIM-1-3453,BTC/USDT.SIM-SRGridStrategyUser-000,SIM-001,T-8552f0dda87cc5ca-396309,LIMIT,BUY,0.079089,63220.10,GTC,,0.079089,MAKER,63220.1,0.0,['1.00000000 USDT'],FILLED,False,False,False,,NO_TRIGGER,,NO_CONTINGENCY,,,,,,,,b411239e-7173-419b-88b1-ab0cf9d31696,2026-07-28 12:10:00+00:00,2026-07-28 13:30:00+00:00
TESTER-001,SRGridStrategyUser-000,BTC/USDT.SIM,SIM-1-3454,BTC/USDT.SIM-SRGridStrategyUser-000,SIM-001,T-e99df30a66724d13-396314,LIMIT,BUY,0.056718,63000.19,GTC,,0.056718,MAKER,63000.189999999995,0.0,['0.71000000 USDT'],FILLED,False,False,False,,NO_TRIGGER,,NO_CONTINGENCY,,,,,,,,8ebcb15e-d842-4bb0-a1a0-78e20bde128c,2026-07-28 12:10:00+00:00,2026-07-28 13:35:00+00:00
TESTER-001,SRGridStrategyUser-000,BTC/USDT.SIM,SIM-1-3455,BTC/USDT.SIM-SRGridStrategyUser-000,SIM-001,T-c1b676c88a2bb3b4-396397,LIMIT,SELL,0.078542,63659.92,GTC,,0.078542,MAKER,63659.92,0.0,['1.00000000 USDT'],FILLED,False,False,False,,NO_TRIGGER,,NO_CONTINGENCY,,,,,,,,09ac2443-1910-47d0-b19d-ff04c57e237e,2026-07-28 12:10:00+00:00,2026-07-28 15:20:00+00:00
TESTER-001,SRGridStrategyUser-000,BTC/USDT.SIM,SIM-1-3456,BTC/USDT.SIM-SRGridStrategyUser-000,SIM-001,T-c1b676c88a2bb3b4-396402,LIMIT,SELL,0.078272,63879.83,GTC,,0.078272,MAKER,63879.83,0.0,['1.00000000 USDT'],FILLED,False,False,False,,NO_TRIGGER,,NO_CONTINGENCY,,,,,,,,ca3e9ee0-e7dd-438a-a44b-3d04d38232a3,2026-07-28 12:10:00+00:00,2026-07-28 15:20:00+00:00
TESTER-001,SRGridStrategyUser-000,BTC/USDT.SIM,SIM-1-3457,BTC/USDT.SIM-SRGridStrategyUser-000,SIM-001,T-c1b676c88a2bb3b4-396398,LIMIT,SELL,0.078542,63659.92,GTC,,0.078542,MAKER,63659.92,0.0,['1.00000000 USDT'],FILLED,False,False,False,,NO_TRIGGER,,NO_CONTINGENCY,,,,,,,,6ac8e4d0-d1e1-43e4-9a9e-8c3c17396b2e,2026-07-28 13:30:00+00:00,2026-07-28 15:20:00+00:00
TESTER-001,SRGridStrategyUser-000,BTC/USDT.SIM,SIM-1-3458,BTC/USDT.SIM-SRGridStrategyUser-000,SIM-001,T-c1b676c88a2bb3b4-396403,LIMIT,SELL,0.078272,63879.83,GTC,,0.078272,MAKER,63879.83,0.0,['1.00000000 USDT'],FILLED,False,False,False,,NO_TRIGGER,,NO_CONTINGENCY,,,,,,,,93194720-c26a-4762-b78e-f9621fcb66be,2026-07-28 13:30:00+00:00,2026-07-28 15:20:00+00:00
TESTER-001,SRGridStrategyUser-000,BTC/USDT.SIM,SIM-1-3459,BTC/USDT.SIM-SRGridStrategyUser-000,SIM-001,T-c1b676c88a2bb3b4-396399,LIMIT,SELL,0.078542,63659.92,GTC,,0.078542,MAKER,63659.92,0.0,['1.00000000 USDT'],FILLED,False,False,False,,NO_TRIGGER,,NO_CONTINGENCY,,,,,,,,ac62e021-3bfb-4bfc-91d4-e2420137dde2,2026-07-28 13:35:00+00:00,2026-07-28 15:20:00+00:00
TESTER-001,SRGridStrategyUser-000,BTC/USDT.SIM,SIM-1-3460,BTC/USDT.SIM-SRGridStrategyUser-000,SIM-001,T-c1b676c88a2bb3b4-396404,LIMIT,SELL,0.078272,63879.83,GTC,,0.078272,MAKER,63879.83,0.0,['1.00000000 USDT'],FILLED,False,False,False,,NO_TRIGGER,,NO_CONTINGENCY,,,,,,,,ede3cc8e-ddfd-4412-b6c5-2647d3473a37,2026-07-28 13:35:00+00:00,2026-07-28 15:20:00+00:00
TESTER-001,SRGridStrategyUser-000,BTC/USDT.SIM,SIM-1-3461,BTC/USDT.SIM-SRGridStrategyUser-000,SIM-001,T-ef8601a209f48577-397723,LIMIT,BUY,0.078710,63524.51,GTC,,0.078710,MAKER,63524.509999999995,0.0,['1.00000000 USDT'],FILLED,False,False,False,,NO_TRIGGER,,NO_CONTINGENCY,,,,,,,,a5fac8e4-a47a-4295-8a60-cd25ec4f8c3f,2026-07-29 04:10:00+00:00,2026-07-29 19:45:00+00:00
TESTER-001,SRGridStrategyUser-000,BTC/USDT.SIM,SIM-1-3465,BTC/USDT.SIM-SRGridStrategyUser-000,SIM-001,T-84569298c4f999fc-398547,LIMIT,BUY,0.075690,64798.09,GTC,,0.075690,MAKER,64798.09,0.0,['0.98000000 USDT'],FILLED,False,False,False,,NO_TRIGGER,,NO_CONTINGENCY,,,,,,,,f698b16f-d24d-46ce-9aec-e12c2c787af3,2026-07-30 12:10:00+00:00,2026-07-30 13:30:00+00:00
TESTER-001,SRGridStrategyUser-000,BTC/USDT.SIM,SIM-1-3466,BTC/USDT.SIM-SRGridStrategyUser-000,SIM-001,T-0c5ac808cb1659b4-398620,LIMIT,BUY,0.077386,64611.21,GTC,,0.077386,MAKER,64611.21,0.0,['1.00000000 USDT'],FILLED,False,False,False,,NO_TRIGGER,,NO_CONTINGENCY,,,,,,,,218f9871-facb-40ce-a920-b35404ab14cb,2026-07-30 12:10:00+00:00,2026-07-30 15:00:00+00:00
TESTER-001,SRGridStrategyUser-000,BTC/USDT.SIM,SIM-1-3467,BTC/USDT.SIM-SRGridStrategyUser-000,SIM-001,T-88fb0fbddd7b0e7f-398559,LIMIT,SELL,0.076720,65171.87,GTC,,0.076720,MAKER,65171.869999999995,0.0,['1.00000000 USDT'],FILLED,False,False,False,,NO_TRIGGER,,NO_CONTINGENCY,,,,,,,,5058ca0a-3160-4aff-90e9-e252f490df8d,2026-07-30 12:10:00+00:00,2026-07-30 13:45:00+00:00
TESTER-001,SRGridStrategyUser-000,BTC/USDT.SIM,SIM-1-3468,BTC/USDT.SIM-SRGridStrategyUser-000,SIM-001,T-63512598188a38b5-399091,LIMIT,SELL,0.024841,65358.75,GTC,,0.024841,MAKER,65358.74999999999,0.0,['0.32000000 USDT'],FILLED,False,False,False,,NO_TRIGGER,,NO_CONTINGENCY,,,,,,,,73bff4c6-779c-4b73-bfd1-ee169acaa2be,2026-07-30 12:10:00+00:00,2026-07-31 01:10:00+00:00
TESTER-001,SRGridStrategyUser-000,BTC/USDT.SIM,SIM-1-3469,BTC/USDT.SIM-SRGridStrategyUser-000,SIM-001,T-88fb0fbddd7b0e7f-398560,LIMIT,SELL,0.076720,65171.87,GTC,,0.076720,MAKER,65171.869999999995,0.0,['1.00000000 USDT'],FILLED,False,False,False,,NO_TRIGGER,,NO_CONTINGENCY,,,,,,,,6c57efb3-debd-4565-87fe-f61b9bc84b8a,2026-07-30 13:30:00+00:00,2026-07-30 13:45:00+00:00
TESTER-001,SRGridStrategyUser-000,BTC/USDT.SIM,SIM-1-3470,BTC/USDT.SIM-SRGridStrategyUser-000,SIM-001,T-63512598188a38b5-399092,LIMIT,SELL,0.030845,65358.75,GTC,,0.030845,MAKER,65358.74999999999,0.0,['0.40000000 USDT'],FILLED,False,False,False,,NO_TRIGGER,,NO_CONTINGENCY,,,,,,,,57f23fdc-9522-4d2f-b2c3-2620c060a9f6,2026-07-30 13:30:00+00:00,2026-07-31 01:10:00+00:00
TESTER-001,SRGridStrategyUser-000,BTC/USDT.SIM,SIM-1-3471,BTC/USDT.SIM-SRGridStrategyUser-000,SIM-001,T-0c5ac808cb1659b4-398621,LIMIT,BUY,0.077386,64611.21,GTC,,0.077386,MAKER,64611.21,0.0,['1.00000000 USDT'],FILLED,False,False,False,,NO_TRIGGER,,NO_CONTINGENCY,,,,,,,,c4d8c0d9-36a9-41e9-8c41-dfc9d22109cc,2026-07-30 13:45:00+00:00,2026-07-30 15:00:00+00:00
TESTER-001,SRGridStrategyUser-000,BTC/USDT.SIM,SIM-1-3472,BTC/USDT.SIM-SRGridStrategyUser-000,SIM-001,T-63512598188a38b5-399093,LIMIT,SELL,0.076501,65358.75,GTC,,0.076501,MAKER,65358.74999999999,0.0,['1.00000000 USDT'],FILLED,False,False,False,,NO_TRIGGER,,NO_CONTINGENCY,,,,,,,,5277dafc-dfa8-48cf-8b0a-d2e540fc1bd6,2026-07-30 15:00:00+00:00,2026-07-31 01:10:00+00:00
TESTER-001,SRGridStrategyUser-000,BTC/USDT.SIM,SIM-1-3473,BTC/USDT.SIM-SRGridStrategyUser-000,SIM-001,T-cbb96120a804680a-399359,LIMIT,BUY,0.077910,64176.44,GTC,,0.077910,MAKER,64176.44000000001,0.0,['1.00000000 USDT'],FILLED,False,False,False,,NO_TRIGGER,,NO_CONTINGENCY,,,,,,,,a4f3fecf-e03d-41f8-953f-5f49a72ea7fb,2026-07-31 04:10:00+00:00,2026-07-31 07:00:00+00:00
TESTER-001,SRGridStrategyUser-000,BTC/USDT.SIM,SIM-1-3474,BTC/USDT.SIM-SRGridStrategyUser-000,SIM-001,T-87a0da75c4180999-399380,LIMIT,BUY,0.078146,63982.88,GTC,,0.078146,MAKER,63982.88,0.0,['1.00000000 USDT'],FILLED,False,False,False,,NO_TRIGGER,,NO_CONTINGENCY,,,,,,,,9b45fee2-bf84-495d-bbd2-7eefe47da6f8,2026-07-31 04:10:00+00:00,2026-07-31 07:30:00+00:00
TESTER-001,SRGridStrategyUser-000,BTC/USDT.SIM,SIM-1-3475,BTC/USDT.SIM-SRGridStrategyUser-000,SIM-001,T-0326b6c4d5b98447-400005,LIMIT,BUY,0.079505,62889.33,GTC,,0.079505,MAKER,62889.33,0.0,['1.00000000 USDT'],FILLED,False,False,False,,NO_TRIGGER,,NO_CONTINGENCY,,,,,,,,38bdff56-d850-4730-97d6-f3dfb363b412,2026-07-31 20:10:00+00:00,2026-07-31 21:00:00+00:00
TESTER-001,SRGridStrategyUser-000,BTC/USDT.SIM,SIM-1-3477,BTC/USDT.SIM-SRGridStrategyUser-000,SIM-001,T-1383110d9bb5187d-400372,LIMIT,SELL,0.079228,63109.35,GTC,,0.079228,MAKER,63109.35,0.0,['1.00000000 USDT'],FILLED,False,False,False,,NO_TRIGGER,,NO_CONTINGENCY,,,,,,,,87e533b0-f9fa-4e1b-9079-ce91eb740148,2026-07-31 20:10:00+00:00,2026-08-01 04:55:00+00:00
TESTER-001,SRGridStrategyUser-000,BTC/USDT.SIM,SIM-1-3479,BTC/USDT.SIM-SRGridStrategyUser-000,SIM-001,T-1383110d9bb5187d-400373,LIMIT,SELL,0.079228,63109.35,GTC,,0.079228,MAKER,63109.35,0.0,['1.00000000 USDT'],FILLED,False,False,False,,NO_TRIGGER,,NO_CONTINGENCY,,,,,,,,31b1516e-f8d7-491a-9373-af4883bb1ee3,2026-07-31 21:00:00+00:00,2026-08-01 04:55:00+00:00
TESTER-001,SRGridStrategyUser-000,BTC/USDT.SIM,SIM-1-3482,BTC/USDT.SIM-SRGridStrategyUser-000,SIM-001,T-61ee52b4573b5370-400767,LIMIT,BUY,0.079278,63069.46,GTC,,0.079278,MAKER,63069.46,0.0,['1.00000000 USDT'],FILLED,False,False,False,,NO_TRIGGER,,NO_CONTINGENCY,,,,,,,,80300945-bab6-4eda-abc1-76ccb342196d,2026-08-01 12:10:00+00:00,2026-08-01 13:45:00+00:00
TESTER-001,SRGridStrategyUser-000,BTC/USDT.SIM,SIM-1-3483,BTC/USDT.SIM-SRGridStrategyUser-000,SIM-001,T-4088ff08348a79a6-400857,LIMIT,BUY,0.079316,63039.09,GTC,,0.079316,MAKER,63039.090000000004,0.0,['1.00000000 USDT'],FILLED,False,False,False,,NO_TRIGGER,,NO_CONTINGENCY,,,,,,,,c482ec6b-6219-49df-8ae0-721d01bcd449,2026-08-01 12:10:00+00:00,2026-08-01 15:45:00+00:00
TESTER-001,SRGridStrategyUser-000,BTC/USDT.SIM,SIM-1-3484,BTC/USDT.SIM-SRGridStrategyUser-000,SIM-001,T-a83b8488975facca-401325,LIMIT,SELL,0.079201,63130.20,GTC,,0.079201,MAKER,63130.200000000004,0.0,['1.00000000 USDT'],FILLED,False,False,False,,NO_TRIGGER,,NO_CONTINGENCY,,,,,,,,4ebf6d52-48f0-40f7-98b8-cef2bb8d0482,2026-08-01 12:10:00+00:00,2026-08-02 02:05:00+00:00
TESTER-001,SRGridStrategyUser-000,BTC/USDT.SIM,SIM-1-3485,BTC/USDT.SIM-SRGridStrategyUser-000,SIM-001,T-a83b8488975facca-401330,LIMIT,SELL,0.079163,63160.57,GTC,,0.079163,MAKER,63160.57,0.0,['1.00000000 USDT'],FILLED,False,False,False,,NO_TRIGGER,,NO_CONTINGENCY,,,,,,,,2c664992-2af7-4e74-9eaa-ced8ab700766,2026-08-01 12:10:00+00:00,2026-08-02 02:05:00+00:00
TESTER-001,SRGridStrategyUser-000,BTC/USDT.SIM,SIM-1-3486,BTC/USDT.SIM-SRGridStrategyUser-000,SIM-001,T-a83b8488975facca-401326,LIMIT,SELL,0.079201,63130.20,GTC,,0.079201,MAKER,63130.200000000004,0.0,['1.00000000 USDT'],FILLED,False,False,False,,NO_TRIGGER,,NO_CONTINGENCY,,,,,,,,0f49c346-780b-44e2-8907-d70a678ef16d,2026-08-01 13:45:00+00:00,2026-08-02 02:05:00+00:00
TESTER-001,SRGridStrategyUser-000,BTC/USDT.SIM,SIM-1-3487,BTC/USDT.SIM-SRGridStrategyUser-000,SIM-001,T-a83b8488975facca-401331,LIMIT,SELL,0.079163,63160.57,GTC,,0.079163,MAKER,63160.57,0.0,['1.00000000 USDT'],FILLED,False,False,False,,NO_TRIGGER,,NO_CONTINGENCY,,,,,,,,d9d59685-292e-4a35-937a-2e466c396a68,2026-08-01 13:45:00+00:00,2026-08-02 02:05:00+00:00
TESTER-001,SRGridStrategyUser-000,BTC/USDT.SIM,SIM-1-3488,BTC/USDT.SIM-SRGridStrategyUser-000,SIM-001,T-a83b8488975facca-401327,LIMIT,SELL,0.079201,63130.20,GTC,,0.079201,MAKER,63130.200000000004,0.0,['1.00000000 USDT'],FILLED,False,False,False,,NO_TRIGGER,,NO_CONTINGENCY,,,,,,,,4b9f566a-8bd3-4ee0-9ae3-cc8cd31197c0,2026-08-01 15:45:00+00:00,2026-08-02 02:05:00+00:00
TESTER-001,SRGridStrategyUser-000,BTC/USDT.SIM,SIM-1-3489,BTC/USDT.SIM-SRGridStrategyUser-000,SIM-001,T-a83b8488975facca-401332,LIMIT,SELL,0.079163,63160.57,GTC,,0.079163,MAKER,63160.57,0.0,['1.00000000 USDT'],FILLED,False,False,False,,NO_TRIGGER,,NO_CONTINGENCY,,,,,,,,bdd600e2-cd35-4530-ae17-fa08d4caa20a,2026-08-01 15:45:00+00:00,2026-08-02 02:05:00+00:00
TESTER-001,SRGridStrategyUser-000,BTC/USDT.SIM,SIM-1-3490,BTC/USDT.SIM-SRGridStrategyUser-000,SIM-001,T-ab179b27681a0844-401490,LIMIT,BUY,0.078831,63426.51,GTC,,0.078831,MAKER,63426.509999999995,0.0,['1.00000000 USDT'],FILLED,False,False,False,,NO_TRIGGER,,NO_CONTINGENCY,,,,,,,,8ba92ceb-bf4d-467b-8931-ae11018f8566,2026-08-02 04:10:00+00:00,2026-08-02 05:40:00+00:00
TESTER-001,SRGridStrategyUser-000,BTC/USDT.SIM,SIM-1-3491,BTC/USDT.SIM-SRGridStrategyUser-000,SIM-001,T-2777396859567904-401618,LIMIT,BUY,0.078977,63309.86,GTC,,0.078977,MAKER,63309.85999999999,0.0,['1.00000000 USDT'],FILLED,False,False,False,,NO_TRIGGER,,NO_CONTINGENCY,,,,,,,,1333cc24-fcbc-41e5-a026-7ee9cf0808fd,2026-08-02 04:10:00+00:00,2026-08-02 08:35:00+00:00
TESTER-001,SRGridStrategyUser-000,BTC/USDT.SIM,SIM-1-3492,BTC/USDT.SIM-SRGridStrategyUser-000,SIM-001,T-76dd5a4243690b14-402240,LIMIT,BUY,0.078875,63391.82,GTC,,0.078875,MAKER,63391.82,0.0,['1.00000000 USDT'],FILLED,False,False,False,,NO_TRIGGER,,NO_CONTINGENCY,,,,,,,,38606a84-5d07-4761-a77c-fcdea5b53a0d,2026-08-02 20:10:00+00:00,2026-08-02 22:35:00+00:00
TESTER-001,SRGridStrategyUser-000,BTC/USDT.SIM,SIM-1-3493,BTC/USDT.SIM-SRGridStrategyUser-000,SIM-001,T-3f9c8463196fa6c7-402322,LIMIT,BUY,0.078962,63321.65,GTC,,0.078962,MAKER,63321.65,0.0,['1.00000000 USDT'],FILLED,False,False,False,,NO_TRIGGER,,NO_CONTINGENCY,,,,,,,,ca882e73-4b5e-4b81-8d38-cb0b50ad2f2d,2026-08-02 20:10:00+00:00,2026-08-03 00:25:00+00:00
TESTER-001,SRGridStrategyUser-000,BTC/USDT.SIM,SIM-1-3496,BTC/USDT.SIM-SRGridStrategyUser-000,SIM-001,T-cb9dd5b2ad73f346-402887,LIMIT,SELL,0.079706,62730.45,GTC,,0.079706,MAKER,62730.450000000004,0.0,['1.00000000 USDT'],FILLED,False,False,False,,NO_TRIGGER,,NO_CONTINGENCY,,,,,,,,91ca238c-9b3a-48a3-a6a6-21268ac82be0,2026-08-03 12:10:00+00:00,2026-08-03 12:40:00+00:00
TESTER-001,SRGridStrategyUser-000,BTC/USDT.SIM,SIM-1-3497,BTC/USDT.SIM-SRGridStrategyUser-000,SIM-001,T-a7575ce838381018-402916,LIMIT,SELL,0.079485,62905.31,GTC,,0.079485,MAKER,62905.31,0.0,['1.00000000 USDT'],FILLED,False,False,False,,NO_TRIGGER,,NO_CONTINGENCY,,,,,,,,40343801-d0d6-4cee-a7ae-d27c48bcf84c,2026-08-03 12:10:00+00:00,2026-08-03 13:15:00+00:00
TESTER-001,SRGridStrategyUser-000,BTC/USDT.SIM,SIM-1-3502,BTC/USDT.SIM-SRGridStrategyUser-000,SIM-001,T-fcade3ca70849dd0-403726,LIMIT,BUY,0.078509,63686.86,GTC,,0.078509,MAKER,63686.86,0.0,['1.00000000 USDT'],FILLED,False,False,False,,NO_TRIGGER,,NO_CONTINGENCY,,,,,,,,f1ce0ba1-1d20-4584-83bf-4be74fb0b454,2026-08-04 04:10:00+00:00,2026-08-04 06:45:00+00:00
TESTER-001,SRGridStrategyUser-000,BTC/USDT.SIM,SIM-1-3503,BTC/USDT.SIM-SRGridStrategyUser-000,SIM-001,T-5b9529823684dd14-403746,LIMIT,BUY,0.078651,63571.72,GTC,,0.078651,MAKER,63571.719999999994,0.0,['1.00000000 USDT'],FILLED,False,False,False,,NO_TRIGGER,,NO_CONTINGENCY,,,,,,,,3471c6a5-0afa-4c38-8885-9b27aad0b2c3,2026-08-04 04:10:00+00:00,2026-08-04 07:15:00+00:00
TESTER-001,SRGridStrategyUser-000,BTC/USDT.SIM,SIM-1-3504,BTC/USDT.SIM-SRGridStrategyUser-000,SIM-001,T-a1453629ddca4ea1-404543,LIMIT,BUY,0.078124,64000.83,GTC,,0.078124,MAKER,64000.829999999994,0.0,['1.00000000 USDT'],FILLED,False,False,False,,NO_TRIGGER,,NO_CONTINGENCY,,,,,,,,c666ab67-39c5-4431-a8e4-d6f0324b9763,2026-08-04 20:10:00+00:00,2026-08-05 00:45:00+00:00
TESTER-001,SRGridStrategyUser-000,BTC/USDT.SIM,SIM-1-3506,BTC/USDT.SIM-SRGridStrategyUser-000,SIM-001,T-0f214bb353a15596-404358,LIMIT,SELL,0.077700,64350.21,GTC,,0.077700,MAKER,64350.21000000001,0.0,['1.00000000 USDT'],FILLED,False,False,False,,NO_TRIGGER,,NO_CONTINGENCY,,,,,,,,4f66f669-23c9-4bbd-aee3-0e0029f868a5,2026-08-04 20:10:00+00:00,2026-08-04 20:40:00+00:00
TESTER-001,SRGridStrategyUser-000,BTC/USDT.SIM,SIM-1-3507,BTC/USDT.SIM-SRGridStrategyUser-000,SIM-001,T-d557db8ea7dc35a2-404475,LIMIT,SELL,0.069109,64524.90,GTC,,0.069109,MAKER,64524.899999999994,0.0,['0.89000000 USDT'],FILLED,False,False,False,,NO_TRIGGER,,NO_CONTINGENCY,,,,,,,,cac44b3f-713e-44c5-abe2-8522dc2a7b21,2026-08-04 20:10:00+00:00,2026-08-04 23:15:00+00:00
TESTER-001,SRGridStrategyUser-000,BTC/USDT.SIM,SIM-1-3508,BTC/USDT.SIM-SRGridStrategyUser-000,SIM-001,T-a1453629ddca4ea1-404544,LIMIT,BUY,0.078124,64000.83,GTC,,0.078124,MAKER,64000.829999999994,0.0,['1.00000000 USDT'],FILLED,False,False,False,,NO_TRIGGER,,NO_CONTINGENCY,,,,,,,,7f16bacd-7811-43e5-8b0d-40cf935a1994,2026-08-04 20:40:00+00:00,2026-08-05 00:45:00+00:00
TESTER-001,SRGridStrategyUser-000,BTC/USDT.SIM,SIM-1-3510,BTC/USDT.SIM-SRGridStrategyUser-000,SIM-001,T-a1453629ddca4ea1-404545,LIMIT,BUY,0.078124,64000.83,GTC,,0.078124,MAKER,64000.829999999994,0.0,['1.00000000 USDT'],FILLED,False,False,False,,NO_TRIGGER,,NO_CONTINGENCY,,,,,,,,87bde21a-d2e5-40b9-aa0d-3a74926a72cb,2026-08-04 23:15:00+00:00,2026-08-05 00:45:00+00:00
TESTER-001,SRGridStrategyUser-000,BTC/USDT.SIM,SIM-1-3512,BTC/USDT.SIM-SRGridStrategyUser-000,SIM-001,T-922378a8dd2e6758-405129,LIMIT,BUY,0.078015,64090.24,GTC,,0.078015,MAKER,64090.24,0.0,['1.00000000 USDT'],FILLED,False,False,False,,NO_TRIGGER,,NO_CONTINGENCY,,,,,,,,cf8e7aa8-7fab-4f93-a03f-befc9ffbe35c,2026-08-05 12:10:00+00:00,2026-08-05 13:30:00+00:00
TESTER-001,SRGridStrategyUser-000,BTC/USDT.SIM,SIM-1-3513,BTC/USDT.SIM-SRGridStrategyUser-000,SIM-001,T-922378a8dd2e6758-405132,LIMIT,BUY,0.078156,63974.47,GTC,,0.078156,MAKER,63974.47,0.0,['1.00000000 USDT'],FILLED,False,False,False,,NO_TRIGGER,,NO_CONTINGENCY,,,,,,,,f5c7ed5f-de21-409a-acd6-e76402e3f532,2026-08-05 12:10:00+00:00,2026-08-05 13:30:00+00:00
TESTER-001,SRGridStrategyUser-000,BTC/USDT.SIM,SIM-1-3514,BTC/USDT.SIM-SRGridStrategyUser-000,SIM-001,T-c188c42bf46daa1c-405070,LIMIT,SELL,0.077734,64321.76,GTC,,0.077734,MAKER,64321.76,0.0,['1.00000000 USDT'],FILLED,False,False,False,,NO_TRIGGER,,NO_CONTINGENCY,,,,,,,,d61f19b7-1df9-4461-806a-766fa7409256,2026-08-05 12:10:00+00:00,2026-08-05 12:15:00+00:00
TESTER-001,SRGridStrategyUser-000,BTC/USDT.SIM,SIM-1-3515,BTC/USDT.SIM-SRGridStrategyUser-000,SIM-001,T-c188c42bf46daa1c-405073,LIMIT,SELL,0.077595,64437.53,GTC,,0.077595,MAKER,64437.53,0.0,['1.00000000 USDT'],FILLED,False,False,False,,NO_TRIGGER,,NO_CONTINGENCY,,,,,,,,8a6b120d-8037-403a-9801-76c2d9cb2387,2026-08-05 12:10:00+00:00,2026-08-05 12:15:00+00:00
TESTER-001,SRGridStrategyUser-000,BTC/USDT.SIM,SIM-1-3516,BTC/USDT.SIM-SRGridStrategyUser-000,SIM-001,T-922378a8dd2e6758-405130,LIMIT,BUY,0.078015,64090.24,GTC,,0.078015,MAKER,64090.24,0.0,['1.00000000 USDT'],FILLED,False,False,False,,NO_TRIGGER,,NO_CONTINGENCY,,,,,,,,bb2e287d-f7a5-40e4-b926-c5f62f18785b,2026-08-05 12:15:00+00:00,2026-08-05 13:30:00+00:00
TESTER-001,SRGridStrategyUser-000,BTC/USDT.SIM,SIM-1-3517,BTC/USDT.SIM-SRGridStrategyUser-000,SIM-001,T-922378a8dd2e6758-405133,LIMIT,BUY,0.078156,63974.47,GTC,,0.078156,MAKER,63974.47,0.0,['1.00000000 USDT'],FILLED,False,False,False,,NO_TRIGGER,,NO_CONTINGENCY,,,,,,,,c0171a23-5d2e-4a85-8585-ae8ce7578985,2026-08-05 12:15:00+00:00,2026-08-05 13:30:00+00:00
TESTER-001,SRGridStrategyUser-000,BTC/USDT.SIM,SIM-1-3518,BTC/USDT.SIM-SRGridStrategyUser-000,SIM-001,T-750bd060a05359fe-406165,LIMIT,BUY,0.077533,64488.67,GTC,,0.077533,MAKER,64488.67,0.0,['1.00000000 USDT'],FILLED,False,False,False,,NO_TRIGGER,,NO_CONTINGENCY,,,,,,,,d1037d10-40bc-4977-93c5-41c8e5b76035,2026-08-06 04:10:00+00:00,2026-08-06 12:05:00+00:00
TESTER-001,SRGridStrategyUser-000,BTC/USDT.SIM,SIM-1-3519,BTC/USDT.SIM-SRGridStrategyUser-000,SIM-001,T-7a41bf7ef01d16f4-406205,LIMIT,BUY,0.077646,64394.73,GTC,,0.077646,MAKER,64394.729999999996,0.0,['1.00000000 USDT'],FILLED,False,False,False,,NO_TRIGGER,,NO_CONTINGENCY,,,,,,,,f280e4d3-3d14-4bd1-88b2-1f96c1035302,2026-08-06 04:10:00+00:00,2026-08-06 12:55:00+00:00
TESTER-001,SRGridStrategyUser-000,BTC/USDT.SIM,SIM-1-3520,BTC/USDT.SIM-SRGridStrategyUser-000,SIM-001,T-4352a07abd3f5dfd-405804,LIMIT,SELL,0.077308,64676.55,GTC,,0.077308,MAKER,64676.55,0.0,['1.00000000 USDT'],FILLED,False,False,False,,NO_TRIGGER,,NO_CONTINGENCY,,,,,,,,3bb550c0-7ccf-49d6-9c24-670c6589750c,2026-08-06 04:10:00+00:00,2026-08-06 04:20:00+00:00
TESTER-001,SRGridStrategyUser-000,BTC/USDT.SIM,SIM-1-3521,BTC/USDT.SIM-SRGridStrategyUser-000,SIM-001,T-4fecf191fffd85a1-405837,LIMIT,SELL,0.077196,64770.49,GTC,,0.077196,MAKER,64770.49,0.0,['1.00000000 USDT'],FILLED,False,False,False,,NO_TRIGGER,,NO_CONTINGENCY,,,,,,,,781f60bc-6ed7-4cff-b78d-eeafc29b0aa3,2026-08-06 04:10:00+00:00,2026-08-06 05:00:00+00:00
TESTER-001,SRGridStrategyUser-000,BTC/USDT.SIM,SIM-1-3522,BTC/USDT.SIM-SRGridStrategyUser-000,SIM-001,T-750bd060a05359fe-406166,LIMIT,BUY,0.077533,64488.67,GTC,,0.077533,MAKER,64488.67,0.0,['1.00000000 USDT'],FILLED,False,False,False,,NO_TRIGGER,,NO_CONTINGENCY,,,,,,,,0b0d1944-a6f7-4137-87b0-364e5f3c85df,2026-08-06 04:20:00+00:00,2026-08-06 12:05:00+00:00
TESTER-001,SRGridStrategyUser-000,BTC/USDT.SIM,SIM-1-3523,BTC/USDT.SIM-SRGridStrategyUser-000,SIM-001,T-7a41bf7ef01d16f4-406206,LIMIT,BUY,0.077646,64394.73,GTC,,0.077646,MAKER,64394.729999999996,0.0,['1.00000000 USDT'],FILLED,False,False,False,,NO_TRIGGER,,NO_CONTINGENCY,,,,,,,,27bcc059-a839-4a22-83f7-860898eb349e,2026-08-06 04:20:00+00:00,2026-08-06 12:55:00+00:00
TESTER-001,SRGridStrategyUser-000,BTC/USDT.SIM,SIM-1-3524,BTC/USDT.SIM-SRGridStrategyUser-000,SIM-001,T-750bd060a05359fe-406167,LIMIT,BUY,0.077533,64488.67,GTC,,0.077533,MAKER,64488.67,0.0,['1.00000000 USDT'],FILLED,False,False,False,,NO_TRIGGER,,NO_CONTINGENCY,,,,,,,,8f98a777-7754-4eae-ba32-62f85af95e3e,2026-08-06 05:00:00+00:00,2026-08-06 12:05:00+00:00
TESTER-001,SRGridStrategyUser-000,BTC/USDT.SIM,SIM-1-3525,BTC/USDT.SIM-SRGridStrategyUser-000,SIM-001,T-7a41bf7ef01d16f4-406207,LIMIT,BUY,0.077646,64394.73,GTC,,0.077646,MAKER,64394.729999999996,0.0,['1.00000000 USDT'],FILLED,False,False,False,,NO_TRIGGER,,NO_CONTINGENCY,,,,,,,,9570c4e9-0bb0-4072-a5ae-b9f743e20f56,2026-08-06 05:00:00+00:00,2026-08-06 12:55:00+00:00
TESTER-001,SRGridStrategyUser-000,BTC/USDT.SIM,SIM-1-3526,BTC/USDT.SIM-SRGridStrategyUser-000,SIM-001,T-46ab7949fa4acbe5-406607,LIMIT,BUY,0.077599,64434.10,GTC,,0.077599,MAKER,64434.1,0.0,['1.00000000 USDT'],FILLED,False,False,False,,NO_TRIGGER,,NO_CONTINGENCY,,,,,,,,74bd703c-b0d8-4425-a01f-5c7db9c772bb,2026-08-06 20:10:00+00:00,2026-08-06 21:35:00+00:00
TESTER-001,SRGridStrategyUser-000,BTC/USDT.SIM,SIM-1-3527,BTC/USDT.SIM-SRGridStrategyUser-000,SIM-001,T-6eff0c572b3a40bd-406643,LIMIT,BUY,0.077712,64340.52,GTC,,0.077712,MAKER,64340.52,0.0,['1.00000000 USDT'],FILLED,False,False,False,,NO_TRIGGER,,NO_CONTINGENCY,,,,,,,,5023d6b7-1633-43f5-bf49-4afb3bff0da9,2026-08-06 20:10:00+00:00,2026-08-06 22:20:00+00:00
