total,locked,free,currency,account_id,account_type,base_currency,margins,reported,info
100000.00000000,0.00000000,100000.00000000,USDT,SIM-001,MARGIN,USDT,[],True,{}
100000.00000000,0.00000000,100000.00000000,USDT,SIM-001,MARGIN,USDT,[],False,{}
100000.00000000,0.00000000,100000.00000000,USDT,SIM-001,MARGIN,USDT,[],False,{}
100000.00000000,0.00000000,100000.00000000,USDT,SIM-001,MARGIN,USDT,[],False,{}
100000.00000000,0.00000000,100000.00000000,USDT,SIM-001,MARGIN,USDT,[],False,{}
99999.00000000,0.00000000,99999.00000000,USDT,SIM-001,MARGIN,USDT,[],False,{}
99999.00000000,0.00000000,99999.00000000,USDT,SIM-001,MARGIN,USDT,[],False,{}
99999.00000000,0.00000000,99999.00000000,USDT,SIM-001,MARGIN,USDT,[],False,{}
99999.00000000,0.00000000,99999.00000000,USDT,SIM-001,MARGIN,USDT,[],False,{}
99999.00000000,0.00000000,99999.00000000,USDT,SIM-001,MARGIN,USDT,[],False,{}
99999.00000000,0.00000000,99999.00000000,USDT,SIM-001,MARGIN,USDT,[],False,{}
99999.00000000,0.00000000,99999.00000000,USDT,SIM-001,MARGIN,USDT,[],False,{}
99999.00000000,0.00000000,99999.00000000,USDT,SIM-001,MARGIN,USDT,[],False,{}
99999.00000000,0.00000000,99999.00000000,USDT,SIM-001,MARGIN,USDT,[],False,{}
100120.74000000,0.00000000,100120.74000000,USDT,SIM-001,MARGIN,USDT,[],False,{}
100120.74000000,0.00000000,100120.74000000,USDT,SIM-001,MARGIN,USDT,[],False,{}
100120.74000000,0.00000000,100120.74000000,USDT,SIM-001,MARGIN,USDT,[],False,{}
100120.74000000,0.00000000,100120.74000000,USDT,SIM-001,MARGIN,USDT,[],False,{}
100120.74000000,0.00000000,100120.74000000,USDT,SIM-001,MARGIN,USDT,[],False,{}
100119.74000000,0.00000000,100119.74000000,USDT,SIM-001,MARGIN,USDT,[],False,{}
100268.29000000,0.00000000,100268.29000000,USDT,SIM-001,MARGIN,USDT,[],False,{}
100268.29000000,0.00000000,100268.29000000,USDT,SIM-001,MARGIN,USDT,[],False,{}
100268.29000000,0.00000000,100268.29000000,USDT,SIM-001,MARGIN,USDT,[],False,{}
100267.29000000,0.00000000,100267.29000000,USDT,SIM-001,MARGIN,USDT,[],False,{}
100266.29000000,0.00000000,100266.29000000,USDT,SIM-001,MARGIN,USDT,[],False,{}
100266.29000000,0.00000000,100266.29000000,USDT,SIM-001,MARGIN,USDT,[],False,{}
100266.29000000,0.00000000,100266.29000000,USDT,SIM-001,MARGIN,USDT,[],False,{}
100266.29000000,0.00000000,100266.29000000,USDT,SIM-001,MARGIN,USDT,[],False,{}
100266.29000000,0.00000000,100266.29000000,USDT,SIM-001,MARGIN,USDT,[],False,{}
100266.29000000,0.00000000,100266.29000000,USDT,SIM-001,MARGIN,USDT,[],False,{}
100266.29000000,0.00000000,100266.29000000,USDT,SIM-001,MARGIN,USDT,[],False,{}
100266.29000000,0.00000000,100266.29000000,USDT,SIM-001,MARGIN,USDT,[],False,{}
100266.29000000,0.00000000,100266.29000000,USDT,SIM-001,MARGIN,USDT,[],False,{}
100265.29000000,0.00000000,100265.29000000,USDT,SIM-001,MARGIN,USDT,[],False,{}
100264.29000000,0.00000000,100264.29000000,USDT,SIM-001,MARGIN,USDT,[],False,{}
100264.29000000,0.00000000,100264.29000000,USDT,SIM-001,MARGIN,USDT,[],False,{}
100264.29000000,0.00000000,100264.29000000,USDT,SIM-001,MARGIN,USDT,[],False,{}
100264.29000000,0.00000000,100264.29000000,USDT,SIM-001,MARGIN,USDT,[],False,{}
98875.29000000,0.00000000,98875.29000000,USDT,SIM-001,MARGIN,USDT,[],False,{}
98875.29000000,0.00000000,98875.29000000,USDT,SIM-001,MARGIN,USDT,[],False,{}
98875.29000000,0.00000000,98875.29000000,USDT,SIM-001,MARGIN,USDT,[],False,{}
98875.29000000,0.00000000,98875.29000000,USDT,SIM-001,MARGIN,USDT,[],False,{}
98875.29000000,0.00000000,98875.29000000,USDT,SIM-001,MARGIN,USDT,[],False,{}
98874.29000000,0.00000000,98874.29000000,USDT,SIM-001,MARGIN,USDT,[],False,{}
98874.09000000,0.00000000,98874.09000000,USDT,SIM-001,MARGIN,USDT,[],False,{}
98874.09000000,0.00000000,98874.09000000,USDT,SIM-001,MARGIN,USDT,[],False,{}
98874.09000000,0.00000000,98874.09000000,USDT,SIM-001,MARGIN,USDT,[],False,{}
98874.09000000,0.00000000,98874.09000000,USDT,SIM-001,MARGIN,USDT,[],False,{}
98874.09000000,0.00000000,98874.09000000,USDT,SIM-001,MARGIN,USDT,[],False,{}
98874.09000000,0.00000000,98874.09000000,USDT,SIM-001,MARGIN,USDT,[],False,{}
98874.09000000,0.00000000,98874.09000000,USDT,SIM-001,MARGIN,USDT,[],False,{}
98874.09000000,0.00000000,98874.09000000,USDT,SIM-001,MARGIN,USDT,[],False,{}
98874.09000000,0.00000000,98874.09000000,USDT,SIM-001,MARGIN,USDT,[],False,{}
98874.09000000,0.00000000,98874.09000000,USDT,SIM-001,MARGIN,USDT,[],False,{}
98874.09000000,0.00000000,98874.09000000,USDT,SIM-001,MARGIN,USDT,[],False,{}
98874.09000000,0.00000000,98874.09000000,USDT,SIM-001,MARGIN,USDT,[],False,{}
98613.76000000,0.00000000,98613.76000000,USDT,SIM-001,MARGIN,USDT,[],False,{}
98613.76000000,0.00000000,98613.76000000,USDT,SIM-001,MARGIN,USDT,[],False,{}
98613.76000000,0.00000000,98613.76000000,USDT,SIM-001,MARGIN,USDT,[],False,{}
98613.76000000,0.00000000,98613.76000000,USDT,SIM-001,MARGIN,USDT,[],False,{}
98613.76000000,0.00000000,98613.76000000,USDT,SIM-001,MARGIN,USDT,[],False,{}
98612.76000000,0.00000000,98612.76000000,USDT,SIM-001,MARGIN,USDT,[],False,{}
98612.76000000,0.00000000,98612.76000000,USDT,SIM-001,MARGIN,USDT,[],False,{}
98612.76000000,0.00000000,98612.76000000,USDT,SIM-001,MARGIN,USDT,[],False,{}
98612.76000000,0.00000000,98612.76000000,USDT,SIM-001,MARGIN,USDT,[],False,{}
98612.76000000,0.00000000,98612.76000000,USDT,SIM-001,MARGIN,USDT,[],False,{}
98612.76000000,0.00000000,98612.76000000,USDT,SIM-001,MARGIN,USDT,[],False,{}
98612.76000000,0.00000000,98612.76000000,USDT,SIM-001,MARGIN,USDT,[],False,{}
98612.76000000,0.00000000,98612.76000000,USDT,SIM-001,MARGIN,USDT,[],False,{}
98612.76000000,0.00000000,98612.76000000,USDT,SIM-001,MARGIN,USDT,[],False,{}
98612.76000000,0.00000000,98612.76000000,USDT,SIM-001,MARGIN,USDT,[],False,{}
98612.76000000,0.00000000,98612.76000000,USDT,SIM-001,MARGIN,USDT,[],False,{}
98612.76000000,0.00000000,98612.76000000,USDT,SIM-001,MARGIN,USDT,[],False,{}
98611.76000000,0.00000000,98611.76000000,USDT,SIM-001,MARGIN,USDT,[],False,{}
98662.52000000,0.00000000,98662.52000000,USDT,SIM-001,MARGIN,USDT,[],False,{}
98850.42000000,0.00000000,98850.42000000,USDT,SIM-001,MARGIN,USDT,[],False,{}
98850.42000000,0.00000000,98850.42000000,USDT,SIM-001,MARGIN,USDT,[],False,{}
98850.42000000,0.00000000,98850.42000000,USDT,SIM-001,MARGIN,USDT,[],False,{}
98850.42000000,0.00000000,98850.42000000,USDT,SIM-001,MARGIN,USDT,[],False,{}
98850.42000000,0.00000000,98850.42000000,USDT,SIM-001,MARGIN,USDT,[],False,{}
98850.42000000,0.00000000,98850.42000000,USDT,SIM-001,MARGIN,USDT,[],False,{}
98850.22000000,0.00000000,98850.22000000,USDT,SIM-001,MARGIN,USDT,[],False,{}
98849.22000000,0.00000000,98849.22000000,USDT,SIM-001,MARGIN,USDT,[],False,{}
98849.22000000,0.00000000,98849.22000000,USDT,SIM-001,MARGIN,USDT,[],False,{}
98849.22000000,0.00000000,98849.22000000,USDT,SIM-001,MARGIN,USDT,[],False,{}
98849.22000000,0.00000000,98849.22000000,USDT,SIM-001,MARGIN,USDT,[],False,{}
98139.25000000,0.00000000,98139.25000000,USDT,SIM-001,MARGIN,USDT,[],False,{}
98139.25000000,0.00000000,98139.25000000,USDT,SIM-001,MARGIN,USDT,[],False,{}
98139.25000000,0.00000000,98139.25000000,USDT,SIM-001,MARGIN,USDT,[],False,{}
98139.25000000,0.00000000,98139.25000000,USDT,SIM-001,MARGIN,USDT,[],False,{}
98139.25000000,0.00000000,98139.25000000,USDT,SIM-001,MARGIN,USDT,[],False,{}
98139.25000000,0.00000000,98139.25000000,USDT,SIM-001,MARGIN,USDT,[],False,{}
98139.25000000,0.00000000,98139.25000000,USDT,SIM-001,MARGIN,USDT,[],False,{}
98139.25000000,0.00000000,98139.25000000,USDT,SIM-001,MARGIN,USDT,[],False,{}
98139.25000000,0.00000000,98139.25000000,USDT,SIM-001,MARGIN,USDT,[],False,{}
98139.25000000,0.00000000,98139.25000000,USDT,SIM-001,MARGIN,USDT,[],False,{}
98139.25000000,0.00000000,98139.25000000,USDT,SIM-001,MARGIN,USDT,[],False,{}
98139.25000000,0.00000000,98139.25000000,USDT,SIM-001,MARGIN,USDT,[],False,{}
98139.25000000,0.00000000,98139.25000000,USDT,SIM-001,MARGIN,USDT,[],False,{}
98138.25000000,0.00000000,98138.25000000,USDT,SIM-001,MARGIN,USDT,[],False,{}
98138.03000000,0.00000000,98138.03000000,USDT,SIM-001,MARGIN,USDT,[],False,{}
98138.03000000,0.00000000,98138.03000000,USDT,SIM-001,MARGIN,USDT,[],False,{}
98138.03000000,0.00000000,98138.03000000,USDT,SIM-001,MARGIN,USDT,[],False,{}
98138.03000000,0.00000000,98138.03000000,USDT,SIM-001,MARGIN,USDT,[],False,{}
97925.95000000,0.00000000,97925.95000000,USDT,SIM-001,MARGIN,USDT,[],False,{}
97925.95000000,0.00000000,97925.95000000,USDT,SIM-001,MARGIN,USDT,[],False,{}
97925.95000000,0.00000000,97925.95000000,USDT,SIM-001,MARGIN,USDT,[],False,{}
97925.95000000,0.00000000,97925.95000000,USDT,SIM-001,MARGIN,USDT,[],False,{}
97925.95000000,0.00000000,97925.95000000,USDT,SIM-001,MARGIN,USDT,[],False,{}
97924.95000000,0.00000000,97924.95000000,USDT,SIM-001,MARGIN,USDT,[],False,{}
97924.95000000,0.00000000,97924.95000000,USDT,SIM-001,MARGIN,USDT,[],False,{}
97924.95000000,0.00000000,97924.95000000,USDT,SIM-001,MARGIN,USDT,[],False,{}
97924.95000000,0.00000000,97924.95000000,USDT,SIM-001,MARGIN,USDT,[],False,{}
97924.95000000,0.00000000,97924.95000000,USDT,SIM-001,MARGIN,USDT,[],False,{}
97924.95000000,0.00000000,97924.95000000,USDT,SIM-001,MARGIN,USDT,[],False,{}
97924.95000000,0.00000000,97924.95000000,USDT,SIM-001,MARGIN,USDT,[],False,{}
97924.95000000,0.00000000,97924.95000000,USDT,SIM-001,MARGIN,USDT,[],False,{}
97924.95000000,0.00000000,97924.95000000,USDT,SIM-001,MARGIN,USDT,[],False,{}
97924.95000000,0.00000000,97924.95000000,USDT,SIM-001,MARGIN,USDT,[],False,{}
97924.95000000,0.00000000,97924.95000000,USDT,SIM-001,MARGIN,USDT,[],False,{}
97924.95000000,0.00000000,97924.95000000,USDT,SIM-001,MARGIN,USDT,[],False,{}
98184.92000000,0.00000000,98184.92000000,USDT,SIM-001,MARGIN,USDT,[],False,{}
98204.34000000,0.00000000,98204.34000000,USDT,SIM-001,MARGIN,USDT,[],False,{}
98204.34000000,0.00000000,98204.34000000,USDT,SIM-001,MARGIN,USDT,[],False,{}
98204.34000000,0.00000000,98204.34000000,USDT,SIM-001,MARGIN,USDT,[],False,{}
98204.34000000,0.00000000,98204.34000000,USDT,SIM-001,MARGIN,USDT,[],False,{}
98507.56000000,0.00000000,98507.56000000,USDT,SIM-001,MARGIN,USDT,[],False,{}
98507.56000000,0.00000000,98507.56000000,USDT,SIM-001,MARGIN,USDT,[],False,{}
98506.56000000,0.00000000,98506.56000000,USDT,SIM-001,MARGIN,USDT,[],False,{}
98506.56000000,0.00000000,98506.56000000,USDT,SIM-001,MARGIN,USDT,[],False,{}
98505.81000000,0.00000000,98505.81000000,USDT,SIM-001,MARGIN,USDT,[],False,{}
98504.81000000,0.00000000,98504.81000000,USDT,SIM-001,MARGIN,USDT,[],False,{}
98503.81000000,0.00000000,98503.81000000,USDT,SIM-001,MARGIN,USDT,[],False,{}
98503.81000000,0.00000000,98503.81000000,USDT,SIM-001,MARGIN,USDT,[],False,{}
98503.81000000,0.00000000,98503.81000000,USDT,SIM-001,MARGIN,USDT,[],False,{}
98503.81000000,0.00000000,98503.81000000,USDT,SIM-001,MARGIN,USDT,[],False,{}
98503.81000000,0.00000000,98503.81000000,USDT,SIM-001,MARGIN,USDT,[],False,{}
98864.13000000,0.00000000,98864.13000000,USDT,SIM-001,MARGIN,USDT,[],False,{}
98864.13000000,0.00000000,98864.13000000,USDT,SIM-001,MARGIN,USDT,[],False,{}
98864.13000000,0.00000000,98864.13000000,USDT,SIM-001,MARGIN,USDT,[],False,{}
98864.13000000,0.00000000,98864.13000000,USDT,SIM-001,MARGIN,USDT,[],False,{}
98864.13000000,0.00000000,98864.13000000,USDT,SIM-001,MARGIN,USDT,[],False,{}
98864.13000000,0.00000000,98864.13000000,USDT,SIM-001,MARGIN,USDT,[],False,{}
98864.13000000,0.00000000,98864.13000000,USDT,SIM-001,MARGIN,USDT,[],False,{}
98864.13000000,0.00000000,98864.13000000,USDT,SIM-001,MARGIN,USDT,[],False,{}
98863.56000000,0.00000000,98863.56000000,USDT,SIM-001,MARGIN,USDT,[],False,{}
98863.56000000,0.00000000,98863.56000000,USDT,SIM-001,MARGIN,USDT,[],False,{}
98863.56000000,0.00000000,98863.56000000,USDT,SIM-001,MARGIN,USDT,[],False,{}
98863.56000000,0.00000000,98863.56000000,USDT,SIM-001,MARGIN,USDT,[],False,{}
98862.56000000,0.00000000,98862.56000000,USDT,SIM-001,MARGIN,USDT,[],False,{}
98861.56000000,0.00000000,98861.56000000,USDT,SIM-001,MARGIN,USDT,[],False,{}
98861.56000000,0.00000000,98861.56000000,USDT,SIM-001,MARGIN,USDT,[],False,{}
98861.56000000,0.00000000,98861.56000000,USDT,SIM-001,MARGIN,USDT,[],False,{}
98861.56000000,0.00000000,98861.56000000,USDT,SIM-001,MARGIN,USDT,[],False,{}
98861.56000000,0.00000000,98861.56000000,USDT,SIM-001,MARGIN,USDT,[],False,{}
98861.56000000,0.00000000,98861.56000000,USDT,SIM-001,MARGIN,USDT,[],False,{}
98861.56000000,0.00000000,98861.56000000,USDT,SIM-001,MARGIN,USDT,[],False,{}
98861.56000000,0.00000000,98861.56000000,USDT,SIM-001,MARGIN,USDT,[],False,{}
98861.56000000,0.00000000,98861.56000000,USDT,SIM-001,MARGIN,USDT,[],False,{}
98860.56000000,0.00000000,98860.56000000,USDT,SIM-001,MARGIN,USDT,[],False,{}
98859.56000000,0.00000000,98859.56000000,USDT,SIM-001,MARGIN,USDT,[],False,{}
98859.56000000,0.00000000,98859.56000000,USDT,SIM-001,MARGIN,USDT,[],False,{}
98859.56000000,0.00000000,98859.56000000,USDT,SIM-001,MARGIN,USDT,[],False,{}
98859.56000000,0.00000000,98859.56000000,USDT,SIM-001,MARGIN,USDT,[],False,{}
98859.56000000,0.00000000,98859.56000000,USDT,SIM-001,MARGIN,USDT,[],False,{}
98859.56000000,0.00000000,98859.56000000,USDT,SIM-001,MARGIN,USDT,[],False,{}
98859.56000000,0.00000000,98859.56000000,USDT,SIM-001,MARGIN,USDT,[],False,{}
98858.56000000,0.00000000,98858.56000000,USDT,SIM-001,MARGIN,USDT,[],False,{}
98857.59000000,0.00000000,98857.59000000,USDT,SIM-001,MARGIN,USDT,[],False,{}
98857.59000000,0.00000000,98857.59000000,USDT,SIM-001,MARGIN,USDT,[],False,{}
98857.59000000,0.00000000,98857.59000000,USDT,SIM-001,MARGIN,USDT,[],False,{}
98951.81000000,0.00000000,98951.81000000,USDT,SIM-001,MARGIN,USDT,[],False,{}
99046.03000000,0.00000000,99046.03000000,USDT,SIM-001,MARGIN,USDT,[],False,{}
99046.03000000,0.00000000,99046.03000000,USDT,SIM-001,MARGIN,USDT,[],False,{}
99190.21000000,0.00000000,99190.21000000,USDT,SIM-001,MARGIN,USDT,[],False,{}
99334.39000000,0.00000000,99334.39000000,USDT,SIM-001,MARGIN,USDT,[],False,{}
99478.57000000,0.00000000,99478.57000000,USDT,SIM-001,MARGIN,USDT,[],False,{}
99478.57000000,0.00000000,99478.57000000,USDT,SIM-001,MARGIN,USDT,[],False,{}
99478.57000000,0.00000000,99478.57000000,USDT,SIM-001,MARGIN,USDT,[],False,{}
99478.57000000,0.00000000,99478.57000000,USDT,SIM-001,MARGIN,USDT,[],False,{}
99478.57000000,0.00000000,99478.57000000,USDT,SIM-001,MARGIN,USDT,[],False,{}
99607.01000000,0.00000000,99607.01000000,USDT,SIM-001,MARGIN,USDT,[],False,{}
99607.01000000,0.00000000,99607.01000000,USDT,SIM-001,MARGIN,USDT,[],False,{}
99607.01000000,0.00000000,99607.01000000,USDT,SIM-001,MARGIN,USDT,[],False,{}
99606.01000000,0.00000000,99606.01000000,USDT,SIM-001,MARGIN,USDT,[],False,{}
99605.01000000,0.00000000,99605.01000000,USDT,SIM-001,MARGIN,USDT,[],False,{}
99605.01000000,0.00000000,99605.01000000,USDT,SIM-001,MARGIN,USDT,[],False,{}
99605.01000000,0.00000000,99605.01000000,USDT,SIM-001,MARGIN,USDT,[],False,{}
99605.01000000,0.00000000,99605.01000000,USDT,SIM-001,MARGIN,USDT,[],False,{}
99605.01000000,0.00000000,99605.01000000,USDT,SIM-001,MARGIN,USDT,[],False,{}
99605.01000000,0.00000000,99605.01000000,USDT,SIM-001,MARGIN,USDT,[],False,{}
99605.01000000,0.00000000,99605.01000000,USDT,SIM-001,MARGIN,USDT,[],False,{}
99605.01000000,0.00000000,99605.01000000,USDT,SIM-001,MARGIN,USDT,[],False,{}
99605.01000000,0.00000000,99605.01000000,USDT,SIM-001,MARGIN,USDT,[],False,{}
99605.01000000,0.00000000,99605.01000000,USDT,SIM-001,MARGIN,USDT,[],False,{}
99605.01000000,0.00000000,99605.01000000,USDT,SIM-001,MARGIN,USDT,[],False,{}
99605.01000000,0.00000000,99605.01000000,USDT,SIM-001,MARGIN,USDT,[],False,{}
99604.01000000,0.00000000,99604.01000000,USDT,SIM-001,MARGIN,USDT,[],False,{}
99604.01000000,0.00000000,99604.01000000,USDT,SIM-001,MARGIN,USDT,[],False,{}
99604.01000000,0.00000000,99604.01000000,USDT,SIM-001,MARGIN,USDT,[],False,{}
99699.22000000,0.00000000,99699.22000000,USDT,SIM-001,MARGIN,USDT,[],False,{}
99794.43000000,0.00000000,99794.43000000,USDT,SIM-001,MARGIN,USDT,[],False,{}
99957.30000000,0.00000000,99957.30000000,USDT,SIM-001,MARGIN,USDT,[],False,{}
100120.17000000,0.00000000,100120.17000000,USDT,SIM-001,MARGIN,USDT,[],False,{}
100120.17000000,0.00000000,100120.17000000,USDT,SIM-001,MARGIN,USDT,[],False,{}
100120.17000000,0.00000000,100120.17000000,USDT,SIM-001,MARGIN,USDT,[],False,{}
100120.17000000,0.00000000,100120.17000000,USDT,SIM-001,MARGIN,USDT,[],False,{}
100120.17000000,0.00000000,100120.17000000,USDT,SIM-001,MARGIN,USDT,[],False,{}
100120.17000000,0.00000000,100120.17000000,USDT,SIM-001,MARGIN,USDT,[],False,{}
100120.17000000,0.00000000,100120.17000000,USDT,SIM-001,MARGIN,USDT,[],False,{}
100120.17000000,0.00000000,100120.17000000,USDT,SIM-001,MARGIN,USDT,[],False,{}
100268.25000000,0.00000000,100268.25000000,USDT,SIM-001,MARGIN,USDT,[],False,{}
100347.20000000,0.00000000,100347.20000000,USDT,SIM-001,MARGIN,USDT,[],False,{}
100347.20000000,0.00000000,100347.20000000,USDT,SIM-001,MARGIN,USDT,[],False,{}
100347.20000000,0.00000000,100347.20000000,USDT,SIM-001,MARGIN,USDT,[],False,{}
100347.20000000,0.00000000,100347.20000000,USDT,SIM-001,MARGIN,USDT,[],False,{}
100989.73000000,0.00000000,100989.73000000,USDT,SIM-001,MARGIN,USDT,[],False,{}
100989.73000000,0.00000000,100989.73000000,USDT,SIM-001,MARGIN,USDT,[],False,{}
100989.73000000,0.00000000,100989.73000000,USDT,SIM-001,MARGIN,USDT,[],False,{}
100989.73000000,0.00000000,100989.73000000,USDT,SIM-001,MARGIN,USDT,[],False,{}
100989.73000000,0.00000000,100989.73000000,USDT,SIM-001,MARGIN,USDT,[],False,{}
100988.73000000,0.00000000,100988.73000000,USDT,SIM-001,MARGIN,USDT,[],False,{}
100987.73000000,0.00000000,100987.73000000,USDT,SIM-001,MARGIN,USDT,[],False,{}
100987.73000000,0.00000000,100987.73000000,USDT,SIM-001,MARGIN,USDT,[],False,{}
100987.73000000,0.00000000,100987.73000000,USDT,SIM-001,MARGIN,USDT,[],False,{}
100987.73000000,0.00000000,100987.73000000,USDT,SIM-001,MARGIN,USDT,[],False,{}
100987.73000000,0.00000000,100987.73000000,USDT,SIM-001,MARGIN,USDT,[],False,{}
100987.73000000,0.00000000,100987.73000000,USDT,SIM-001,MARGIN,USDT,[],False,{}
100987.73000000,0.00000000,100987.73000000,USDT,SIM-001,MARGIN,USDT,[],False,{}
101061.52000000,0.00000000,101061.52000000,USDT,SIM-001,MARGIN,USDT,[],False,{}
101061.52000000,0.00000000,101061.52000000,USDT,SIM-001,MARGIN,USDT,[],False,{}
101097.56000000,0.00000000,101097.56000000,USDT,SIM-001,MARGIN,USDT,[],False,{}
101251.13000000,0.00000000,101251.13000000,USDT,SIM-001,MARGIN,USDT,[],False,{}
101251.13000000,0.00000000,101251.13000000,USDT,SIM-001,MARGIN,USDT,[],False,{}
101251.13000000,0.00000000,101251.13000000,USDT,SIM-001,MARGIN,USDT,[],False,{}
101251.13000000,0.00000000,101251.13000000,USDT,SIM-001,MARGIN,USDT,[],False,{}
101251.13000000,0.00000000,101251.13000000,USDT,SIM-001,MARGIN,USDT,[],False,{}
101245.11000000,0.00000000,101245.11000000,USDT,SIM-001,MARGIN,USDT,[],False,{}
101245.11000000,0.00000000,101245.11000000,USDT,SIM-001,MARGIN,USDT,[],False,{}
101245.11000000,0.00000000,101245.11000000,USDT,SIM-001,MARGIN,USDT,[],False,{}
101245.11000000,0.00000000,101245.11000000,USDT,SIM-001,MARGIN,USDT,[],False,{}
101245.11000000,0.00000000,101245.11000000,USDT,SIM-001,MARGIN,USDT,[],False,{}
101244.11000000,0.00000000,101244.11000000,USDT,SIM-001,MARGIN,USDT,[],False,{}
101243.11000000,0.00000000,101243.11000000,USDT,SIM-001,MARGIN,USDT,[],False,{}
101243.11000000,0.00000000,101243.11000000,USDT,SIM-001,MARGIN,USDT,[],False,{}
101243.11000000,0.00000000,101243.11000000,USDT,SIM-001,MARGIN,USDT,[],False,{}
101243.11000000,0.00000000,101243.11000000,USDT,SIM-001,MARGIN,USDT,[],False,{}
100794.36000000,0.00000000,100794.36000000,USDT,SIM-001,MARGIN,USDT,[],False,{}
100794.36000000,0.00000000,100794.36000000,USDT,SIM-001,MARGIN,USDT,[],False,{}
100794.36000000,0.00000000,100794.36000000,USDT,SIM-001,MARGIN,USDT,[],False,{}
100794.36000000,0.00000000,100794.36000000,USDT,SIM-001,MARGIN,USDT,[],False,{}
100794.36000000,0.00000000,100794.36000000,USDT,SIM-001,MARGIN,USDT,[],False,{}
100793.36000000,0.00000000,100793.36000000,USDT,SIM-001,MARGIN,USDT,[],False,{}
100999.30000000,0.00000000,100999.30000000,USDT,SIM-001,MARGIN,USDT,[],False,{}
100999.30000000,0.00000000,100999.30000000,USDT,SIM-001,MARGIN,USDT,[],False,{}
101011.70000000,0.00000000,101011.70000000,USDT,SIM-001,MARGIN,USDT,[],False,{}
101011.70000000,0.00000000,101011.70000000,USDT,SIM-001,MARGIN,USDT,[],False,{}
101010.70000000,0.00000000,101010.70000000,USDT,SIM-001,MARGIN,USDT,[],False,{}
101010.70000000,0.00000000,101010.70000000,USDT,SIM-001,MARGIN,USDT,[],False,{}
101010.70000000,0.00000000,101010.70000000,USDT,SIM-001,MARGIN,USDT,[],False,{}
101010.70000000,0.00000000,101010.70000000,USDT,SIM-001,MARGIN,USDT,[],False,{}
101010.70000000,0.00000000,101010.70000000,USDT,SIM-001,MARGIN,USDT,[],False,{}
101010.70000000,0.00000000,101010.70000000,USDT,SIM-001,MARGIN,USDT,[],False,{}
101010.70000000,0.00000000,101010.70000000,USDT,SIM-001,MARGIN,USDT,[],False,{}
101243.71000000,0.00000000,101243.71000000,USDT,SIM-001,MARGIN,USDT,[],False,{}
101243.71000000,0.00000000,101243.71000000,USDT,SIM-001,MARGIN,USDT,[],False,{}
101243.71000000,0.00000000,101243.71000000,USDT,SIM-001,MARGIN,USDT,[],False,{}
101243.71000000,0.00000000,101243.71000000,USDT,SIM-001,MARGIN,USDT,[],False,{}
101243.71000000,0.00000000,101243.71000000,USDT,SIM-001,MARGIN,USDT,[],False,{}
101242.71000000,0.00000000,101242.71000000,USDT,SIM-001,MARGIN,USDT,[],False,{}
101242.71000000,0.00000000,101242.71000000,USDT,SIM-001,MARGIN,USDT,[],False,{}
101242.71000000,0.00000000,101242.71000000,USDT,SIM-001,MARGIN,USDT,[],False,{}
101242.71000000,0.00000000,101242.71000000,USDT,SIM-001,MARGIN,USDT,[],False,{}
101242.71000000,0.00000000,101242.71000000,USDT,SIM-001,MARGIN,USDT,[],False,{}
101242.71000000,0.00000000,101242.71000000,USDT,SIM-001,MARGIN,USDT,[],False,{}
101242.71000000,0.00000000,101242.71000000,USDT,SIM-001,MARGIN,USDT,[],False,{}
101242.71000000,0.00000000,101242.71000000,USDT,SIM-001,MARGIN,USDT,[],False,{}
101242.71000000,0.00000000,101242.71000000,USDT,SIM-001,MARGIN,USDT,[],False,{}
101242.71000000,0.00000000,101242.71000000,USDT,SIM-001,MARGIN,USDT,[],False,{}
101242.71000000,0.00000000,101242.71000000,USDT,SIM-001,MARGIN,USDT,[],False,{}
101242.71000000,0.00000000,101242.71000000,USDT,SIM-001,MARGIN,USDT,[],False,{}
101291.58000000,0.00000000,101291.58000000,USDT,SIM-001,MARGIN,USDT,[],False,{}
101290.58000000,0.00000000,101290.58000000,USDT,SIM-001,MARGIN,USDT,[],False,{}
101289.58000000,0.00000000,101289.58000000,USDT,SIM-001,MARGIN,USDT,[],False,{}
101289.58000000,0.00000000,101289.58000000,USDT,SIM-001,MARGIN,USDT,[],False,{}
101289.58000000,0.00000000,101289.58000000,USDT,SIM-001,MARGIN,USDT,[],False,{}
101289.58000000,0.00000000,101289.58000000,USDT,SIM-001,MARGIN,USDT,[],False,{}
101289.58000000,0.00000000,101289.58000000,USDT,SIM-001,MARGIN,USDT,[],False,{}
101289.58000000,0.00000000,101289.58000000,USDT,SIM-001,MARGIN,USDT,[],False,{}
101357.98000000,0.00000000,101357.98000000,USDT,SIM-001,MARGIN,USDT,[],False,{}
101357.98000000,0.00000000,101357.98000000,USDT,SIM-001,MARGIN,USDT,[],False,{}
101357.98000000,0.00000000,101357.98000000,USDT,SIM-001,MARGIN,USDT,[],False,{}
101357.98000000,0.00000000,101357.98000000,USDT,SIM-001,MARGIN,USDT,[],False,{}
101357.98000000,0.00000000,101357.98000000,USDT,SIM-001,MARGIN,USDT,[],False,{}
101357.98000000,0.00000000,101357.98000000,USDT,SIM-001,MARGIN,USDT,[],False,{}
101357.98000000,0.00000000,101357.98000000,USDT,SIM-001,MARGIN,USDT,[],False,{}
101357.98000000,0.00000000,101357.98000000,USDT,SIM-001,MARGIN,USDT,[],False,{}
101357.98000000,0.00000000,101357.98000000,USDT,SIM-001,MARGIN,USDT,[],False,{}
101357.98000000,0.00000000,101357.98000000,USDT,SIM-001,MARGIN,USDT,[],False,{}
101357.98000000,0.00000000,101357.98000000,USDT,SIM-001,MARGIN,USDT,[],False,{}
101357.98000000,0.00000000,101357.98000000,USDT,SIM-001,MARGIN,USDT,[],False,{}
101357.98000000,0.00000000,101357.98000000,USDT,SIM-001,MARGIN,USDT,[],False,{}
101357.98000000,0.00000000,101357.98000000,USDT,SIM-001,MARGIN,USDT,[],False,{}
101356.98000000,0.00000000,101356.98000000,USDT,SIM-001,MARGIN,USDT,[],False,{}
101355.98000000,0.00000000,101355.98000000,USDT,SIM-001,MARGIN,USDT,[],False,{}
101435.65000000,0.00000000,101435.65000000,USDT,SIM-001,MARGIN,USDT,[],False,{}
101551.03000000,0.00000000,101551.03000000,USDT,SIM-001,MARGIN,USDT,[],False,{}
101551.03000000,0.00000000,101551.03000000,USDT,SIM-001,MARGIN,USDT,[],False,{}
101551.03000000,0.00000000,101551.03000000,USDT,SIM-001,MARGIN,USDT,[],False,{}
101551.03000000,0.00000000,101551.03000000,USDT,SIM-001,MARGIN,USDT,[],False,{}
101551.03000000,0.00000000,101551.03000000,USDT,SIM-001,MARGIN,USDT,[],False,{}
101789.10000000,0.00000000,101789.10000000,USDT,SIM-001,MARGIN,USDT,[],False,{}
101789.10000000,0.00000000,101789.10000000,USDT,SIM-001,MARGIN,USDT,[],False,{}
101789.10000000,0.00000000,101789.10000000,USDT,SIM-001,MARGIN,USDT,[],False,{}
101789.10000000,0.00000000,101789.10000000,USDT,SIM-001,MARGIN,USDT,[],False,{}
101789.10000000,0.00000000,101789.10000000,USDT,SIM-001,MARGIN,USDT,[],False,{}
101789.10000000,0.00000000,101789.10000000,USDT,SIM-001,MARGIN,USDT,[],False,{}
101789.10000000,0.00000000,101789.10000000,USDT,SIM-001,MARGIN,USDT,[],False,{}
101789.10000000,0.00000000,101789.10000000,USDT,SIM-001,MARGIN,USDT,[],False,{}
101789.10000000,0.00000000,101789.10000000,USDT,SIM-001,MARGIN,USDT,[],False,{}
101789.10000000,0.00000000,101789.10000000,USDT,SIM-001,MARGIN,USDT,[],False,{}
101788.56000000,0.00000000,101788.56000000,USDT,SIM-001,MARGIN,USDT,[],False,{}
101787.84000000,0.00000000,101787.84000000,USDT,SIM-001,MARGIN,USDT,[],False,{}
101936.18000000,0.00000000,101936.18000000,USDT,SIM-001,MARGIN,USDT,[],False,{}
101936.18000000,0.00000000,101936.18000000,USDT,SIM-001,MARGIN,USDT,[],False,{}
101936.18000000,0.00000000,101936.18000000,USDT,SIM-001,MARGIN,USDT,[],False,{}
101936.18000000,0.00000000,101936.18000000,USDT,SIM-001,MARGIN,USDT,[],False,{}
101936.18000000,0.00000000,101936.18000000,USDT,SIM-001,MARGIN,USDT,[],False,{}
101936.18000000,0.00000000,101936.18000000,USDT,SIM-001,MARGIN,USDT,[],False,{}
101936.18000000,0.00000000,101936.18000000,USDT,SIM-001,MARGIN,USDT,[],False,{}
101936.18000000,0.00000000,101936.18000000,USDT,SIM-001,MARGIN,USDT,[],False,{}
101936.18000000,0.00000000,101936.18000000,USDT,SIM-001,MARGIN,USDT,[],False,{}
101936.18000000,0.00000000,101936.18000000,USDT,SIM-001,MARGIN,USDT,[],False,{}
101935.18000000,0.00000000,101935.18000000,USDT,SIM-001,MARGIN,USDT,[],False,{}
101935.18000000,0.00000000,101935.18000000,USDT,SIM-001,MARGIN,USDT,[],False,{}
102048.29000000,0.00000000,102048.29000000,USDT,SIM-001,MARGIN,USDT,[],False,{}
102048.29000000,0.00000000,102048.29000000,USDT,SIM-001,MARGIN,USDT,[],False,{}
102080.19000000,0.00000000,102080.19000000,USDT,SIM-001,MARGIN,USDT,[],False,{}
102117.13000000,0.00000000,102117.13000000,USDT,SIM-001,MARGIN,USDT,[],False,{}
102117.13000000,0.00000000,102117.13000000,USDT,SIM-001,MARGIN,USDT,[],False,{}
102117.13000000,0.00000000,102117.13000000,USDT,SIM-001,MARGIN,USDT,[],False,{}
102117.13000000,0.00000000,102117.13000000,USDT,SIM-001,MARGIN,USDT,[],False,{}
102117.13000000,0.00000000,102117.13000000,USDT,SIM-001,MARGIN,USDT,[],False,{}
102117.13000000,0.00000000,102117.13000000,USDT,SIM-001,MARGIN,USDT,[],False,{}
102117.13000000,0.00000000,102117.13000000,USDT,SIM-001,MARGIN,USDT,[],False,{}
102117.13000000,0.00000000,102117.13000000,USDT,SIM-001,MARGIN,USDT,[],False,{}
102116.13000000,0.00000000,102116.13000000,USDT,SIM-001,MARGIN,USDT,[],False,{}
102116.13000000,0.00000000,102116.13000000,USDT,SIM-001,MARGIN,USDT,[],False,{}
102116.13000000,0.00000000,102116.13000000,USDT,SIM-001,MARGIN,USDT,[],False,{}
102254.66000000,0.00000000,102254.66000000,USDT,SIM-001,MARGIN,USDT,[],False,{}
102374.34000000,0.00000000,102374.34000000,USDT,SIM-001,MARGIN,USDT,[],False,{}
102374.34000000,0.00000000,102374.34000000,USDT,SIM-001,MARGIN,USDT,[],False,{}
102374.34000000,0.00000000,102374.34000000,USDT,SIM-001,MARGIN,USDT,[],False,{}
102374.34000000,0.00000000,102374.34000000,USDT,SIM-001,MARGIN,USDT,[],False,{}
102373.34000000,0.00000000,102373.34000000,USDT,SIM-001,MARGIN,USDT,[],False,{}
102372.34000000,0.00000000,102372.34000000,USDT,SIM-001,MARGIN,USDT,[],False,{}
102371.34000000,0.00000000,102371.34000000,USDT,SIM-001,MARGIN,USDT,[],False,{}
102370.34000000,0.00000000,102370.34000000,USDT,SIM-001,MARGIN,USDT,[],False,{}
102370.34000000,0.00000000,102370.34000000,USDT,SIM-001,MARGIN,USDT,[],False,{}
102370.34000000,0.00000000,102370.34000000,USDT,SIM-001,MARGIN,USDT,[],False,{}
102112.70000000,0.00000000,102112.70000000,USDT,SIM-001,MARGIN,USDT,[],False,{}
102112.70000000,0.00000000,102112.70000000,USDT,SIM-001,MARGIN,USDT,[],False,{}
102112.70000000,0.00000000,102112.70000000,USDT,SIM-001,MARGIN,USDT,[],False,{}
102112.70000000,0.00000000,102112.70000000,USDT,SIM-001,MARGIN,USDT,[],False,{}
102112.70000000,0.00000000,102112.70000000,USDT,SIM-001,MARGIN,USDT,[],False,{}
102112.70000000,0.00000000,102112.70000000,USDT,SIM-001,MARGIN,USDT,[],False,{}
102112.70000000,0.00000000,102112.70000000,USDT,SIM-001,MARGIN,USDT,[],False,{}
102112.70000000,0.00000000,102112.70000000,USDT,SIM-001,MARGIN,USDT,[],False,{}
102112.70000000,0.00000000,102112.70000000,USDT,SIM-001,MARGIN,USDT,[],False,{}
102112.70000000,0.00000000,102112.70000000,USDT,SIM-001,MARGIN,USDT,[],False,{}
102112.70000000,0.00000000,102112.70000000,USDT,SIM-001,MARGIN,USDT,[],False,{}
102112.70000000,0.00000000,102112.70000000,USDT,SIM-001,MARGIN,USDT,[],False,{}
102112.70000000,0.00000000,102112.70000000,USDT,SIM-001,MARGIN,USDT,[],False,{}
102111.70000000,0.00000000,102111.70000000,USDT,SIM-001,MARGIN,USDT,[],False,{}
102152.89000000,0.00000000,102152.89000000,USDT,SIM-001,MARGIN,USDT,[],False,{}
102152.43000000,0.00000000,102152.43000000,USDT,SIM-001,MARGIN,USDT,[],False,{}
102152.43000000,0.00000000,102152.43000000,USDT,SIM-001,MARGIN,USDT,[],False,{}
102234.75000000,0.00000000,102234.75000000,USDT,SIM-001,MARGIN,USDT,[],False,{}
102234.75000000,0.00000000,102234.75000000,USDT,SIM-001,MARGIN,USDT,[],False,{}
102234.75000000,0.00000000,102234.75000000,USDT,SIM-001,MARGIN,USDT,[],False,{}
102234.75000000,0.00000000,102234.75000000,USDT,SIM-001,MARGIN,USDT,[],False,{}
102234.75000000,0.00000000,102234.75000000,USDT,SIM-001,MARGIN,USDT,[],False,{}
102234.75000000,0.00000000,102234.75000000,USDT,SIM-001,MARGIN,USDT,[],False,{}
102233.75000000,0.00000000,102233.75000000,USDT,SIM-001,MARGIN,USDT,[],False,{}
102232.75000000,0.00000000,102232.75000000,USDT,SIM-001,MARGIN,USDT,[],False,{}
102232.75000000,0.00000000,102232.75000000,USDT,SIM-001,MARGIN,USDT,[],False,{}
102232.75000000,0.00000000,102232.75000000,USDT,SIM-001,MARGIN,USDT,[],False,{}
102232.75000000,0.00000000,102232.75000000,USDT,SIM-001,MARGIN,USDT,[],False,{}
102232.75000000,0.00000000,102232.75000000,USDT,SIM-001,MARGIN,USDT,[],False,{}
102232.75000000,0.00000000,102232.75000000,USDT,SIM-001,MARGIN,USDT,[],False,{}
102232.75000000,0.00000000,102232.75000000,USDT,SIM-001,MARGIN,USDT,[],False,{}
102279.92000000,0.00000000,102279.92000000,USDT,SIM-001,MARGIN,USDT,[],False,{}
102279.92000000,0.00000000,102279.92000000,USDT,SIM-001,MARGIN,USDT,[],False,{}
102352.96000000,0.00000000,102352.96000000,USDT,SIM-001,MARGIN,USDT,[],False,{}
102355.69000000,0.00000000,102355.69000000,USDT,SIM-001,MARGIN,USDT,[],False,{}
102355.69000000,0.00000000,102355.69000000,USDT,SIM-001,MARGIN,USDT,[],False,{}
102355.69000000,0.00000000,102355.69000000,USDT,SIM-001,MARGIN,USDT,[],False,{}
102355.69000000,0.00000000,102355.69000000,USDT,SIM-001,MARGIN,USDT,[],False,{}
102355.69000000,0.00000000,102355.69000000,USDT,SIM-001,MARGIN,USDT,[],False,{}
102355.69000000,0.00000000,102355.69000000,USDT,SIM-001,MARGIN,USDT,[],False,{}
102355.69000000,0.00000000,102355.69000000,USDT,SIM-001,MARGIN,USDT,[],False,{}
102355.69000000,0.00000000,102355.69000000,USDT,SIM-001,MARGIN,USDT,[],False,{}
102348.99000000,0.00000000,102348.99000000,USDT,SIM-001,MARGIN,USDT,[],False,{}
102348.99000000,0.00000000,102348.99000000,USDT,SIM-001,MARGIN,USDT,[],False,{}
102350.40000000,0.00000000,102350.40000000,USDT,SIM-001,MARGIN,USDT,[],False,{}
102350.40000000,0.00000000,102350.40000000,USDT,SIM-001,MARGIN,USDT,[],False,{}
102350.20000000,0.00000000,102350.20000000,USDT,SIM-001,MARGIN,USDT,[],False,{}
102350.20000000,0.00000000,102350.20000000,USDT,SIM-001,MARGIN,USDT,[],False,{}
102350.20000000,0.00000000,102350.20000000,USDT,SIM-001,MARGIN,USDT,[],False,{}
102350.20000000,0.00000000,102350.20000000,USDT,SIM-001,MARGIN,USDT,[],False,{}
102350.20000000,0.00000000,102350.20000000,USDT,SIM-001,MARGIN,USDT,[],False,{}
102350.20000000,0.00000000,102350.20000000,USDT,SIM-001,MARGIN,USDT,[],False,{}
102349.20000000,0.00000000,102349.20000000,USDT,SIM-001,MARGIN,USDT,[],False,{}
102349.20000000,0.00000000,102349.20000000,USDT,SIM-001,MARGIN,USDT,[],False,{}
102349.00000000,0.00000000,102349.00000000,USDT,SIM-001,MARGIN,USDT,[],False,{}
102348.00000000,0.00000000,102348.00000000,USDT,SIM-001,MARGIN,USDT,[],False,{}
102348.00000000,0.00000000,102348.00000000,USDT,SIM-001,MARGIN,USDT,[],False,{}
102348.00000000,0.00000000,102348.00000000,USDT,SIM-001,MARGIN,USDT,[],False,{}
102348.00000000,0.00000000,102348.00000000,USDT,SIM-001,MARGIN,USDT,[],False,{}
101548.72000000,0.00000000,101548.72000000,USDT,SIM-001,MARGIN,USDT,[],False,{}
101548.72000000,0.00000000,101548.72000000,USDT,SIM-001,MARGIN,USDT,[],False,{}
101548.72000000,0.00000000,101548.72000000,USDT,SIM-001,MARGIN,USDT,[],False,{}
101548.72000000,0.00000000,101548.72000000,USDT,SIM-001,MARGIN,USDT,[],False,{}
101548.72000000,0.00000000,101548.72000000,USDT,SIM-001,MARGIN,USDT,[],False,{}
101547.72000000,0.00000000,101547.72000000,USDT,SIM-001,MARGIN,USDT,[],False,{}
101681.29000000,0.00000000,101681.29000000,USDT,SIM-001,MARGIN,USDT,[],False,{}
101681.29000000,0.00000000,101681.29000000,USDT,SIM-001,MARGIN,USDT,[],False,{}
101680.59000000,0.00000000,101680.59000000,USDT,SIM-001,MARGIN,USDT,[],False,{}
101680.59000000,0.00000000,101680.59000000,USDT,SIM-001,MARGIN,USDT,[],False,{}
101680.59000000,0.00000000,101680.59000000,USDT,SIM-001,MARGIN,USDT,[],False,{}
101733.01000000,0.00000000,101733.01000000,USDT,SIM-001,MARGIN,USDT,[],False,{}
101880.64000000,0.00000000,101880.64000000,USDT,SIM-001,MARGIN,USDT,[],False,{}
101880.64000000,0.00000000,101880.64000000,USDT,SIM-001,MARGIN,USDT,[],False,{}
101879.64000000,0.00000000,101879.64000000,USDT,SIM-001,MARGIN,USDT,[],False,{}
101879.64000000,0.00000000,101879.64000000,USDT,SIM-001,MARGIN,USDT,[],False,{}
101531.56000000,0.00000000,101531.56000000,USDT,SIM-001,MARGIN,USDT,[],False,{}
101531.56000000,0.00000000,101531.56000000,USDT,SIM-001,MARGIN,USDT,[],False,{}
101531.56000000,0.00000000,101531.56000000,USDT,SIM-001,MARGIN,USDT,[],False,{}
101531.56000000,0.00000000,101531.56000000,USDT,SIM-001,MARGIN,USDT,[],False,{}
101531.56000000,0.00000000,101531.56000000,USDT,SIM-001,MARGIN,USDT,[],False,{}
101530.56000000,0.00000000,101530.56000000,USDT,SIM-001,MARGIN,USDT,[],False,{}
101530.36000000,0.00000000,101530.36000000,USDT,SIM-001,MARGIN,USDT,[],False,{}
101530.36000000,0.00000000,101530.36000000,USDT,SIM-001,MARGIN,USDT,[],False,{}
101530.36000000,0.00000000,101530.36000000,USDT,SIM-001,MARGIN,USDT,[],False,{}
101530.36000000,0.00000000,101530.36000000,USDT,SIM-001,MARGIN,USDT,[],False,{}
101530.36000000,0.00000000,101530.36000000,USDT,SIM-001,MARGIN,USDT,[],False,{}
101530.36000000,0.00000000,101530.36000000,USDT,SIM-001,MARGIN,USDT,[],False,{}
101530.36000000,0.00000000,101530.36000000,USDT,SIM-001,MARGIN,USDT,[],False,{}
101530.36000000,0.00000000,101530.36000000,USDT,SIM-001,MARGIN,USDT,[],False,{}
101530.36000000,0.00000000,101530.36000000,USDT,SIM-001,MARGIN,USDT,[],False,{}
101530.36000000,0.00000000,101530.36000000,USDT,SIM-001,MARGIN,USDT,[],False,{}
101530.36000000,0.00000000,101530.36000000,USDT,SIM-001,MARGIN,USDT,[],False,{}
101530.36000000,0.00000000,101530.36000000,USDT,SIM-001,MARGIN,USDT,[],False,{}
101530.36000000,0.00000000,101530.36000000,USDT,SIM-001,MARGIN,USDT,[],False,{}
101530.36000000,0.00000000,101530.36000000,USDT,SIM-001,MARGIN,USDT,[],False,{}
101530.36000000,0.00000000,101530.36000000,USDT,SIM-001,MARGIN,USDT,[],False,{}
101529.36000000,0.00000000,101529.36000000,USDT,SIM-001,MARGIN,USDT,[],False,{}
101529.15000000,0.00000000,101529.15000000,USDT,SIM-001,MARGIN,USDT,[],False,{}
101600.51000000,0.00000000,101600.51000000,USDT,SIM-001,MARGIN,USDT,[],False,{}
101708.45000000,0.00000000,101708.45000000,USDT,SIM-001,MARGIN,USDT,[],False,{}
101708.45000000,0.00000000,101708.45000000,USDT,SIM-001,MARGIN,USDT,[],False,{}
101708.45000000,0.00000000,101708.45000000,USDT,SIM-001,MARGIN,USDT,[],False,{}
101708.45000000,0.00000000,101708.45000000,USDT,SIM-001,MARGIN,USDT,[],False,{}
101708.45000000,0.00000000,101708.45000000,USDT,SIM-001,MARGIN,USDT,[],False,{}
101707.45000000,0.00000000,101707.45000000,USDT,SIM-001,MARGIN,USDT,[],False,{}
101707.45000000,0.00000000,101707.45000000,USDT,SIM-001,MARGIN,USDT,[],False,{}
101707.45000000,0.00000000,101707.45000000,USDT,SIM-001,MARGIN,USDT,[],False,{}
101848.71000000,0.00000000,101848.71000000,USDT,SIM-001,MARGIN,USDT,[],False,{}
101896.10000000,0.00000000,101896.10000000,USDT,SIM-001,MARGIN,USDT,[],False,{}
101896.10000000,0.00000000,101896.10000000,USDT,SIM-001,MARGIN,USDT,[],False,{}
101895.10000000,0.00000000,101895.10000000,USDT,SIM-001,MARGIN,USDT,[],False,{}
101894.10000000,0.00000000,101894.10000000,USDT,SIM-001,MARGIN,USDT,[],False,{}
101894.10000000,0.00000000,101894.10000000,USDT,SIM-001,MARGIN,USDT,[],False,{}
101894.10000000,0.00000000,101894.10000000,USDT,SIM-001,MARGIN,USDT,[],False,{}
101894.10000000,0.00000000,101894.10000000,USDT,SIM-001,MARGIN,USDT,[],False,{}
101894.10000000,0.00000000,101894.10000000,USDT,SIM-001,MARGIN,USDT,[],False,{}
101894.10000000,0.00000000,101894.10000000,USDT,SIM-001,MARGIN,USDT,[],False,{}
101979.33000000,0.00000000,101979.33000000,USDT,SIM-001,MARGIN,USDT,[],False,{}
101979.33000000,0.00000000,101979.33000000,USDT,SIM-001,MARGIN,USDT,[],False,{}
101979.33000000,0.00000000,101979.33000000,USDT,SIM-001,MARGIN,USDT,[],False,{}
101979.33000000,0.00000000,101979.33000000,USDT,SIM-001,MARGIN,USDT,[],False,{}
101978.33000000,0.00000000,101978.33000000,USDT,SIM-001,MARGIN,USDT,[],False,{}
101977.33000000,0.00000000,101977.33000000,USDT,SIM-001,MARGIN,USDT,[],False,{}
101977.13000000,0.00000000,101977.13000000,USDT,SIM-001,MARGIN,USDT,[],False,{}
101976.93000000,0.00000000,101976.93000000,USDT,SIM-001,MARGIN,USDT,[],False,{}
101976.93000000,0.00000000,101976.93000000,USDT,SIM-001,MARGIN,USDT,[],False,{}
101976.93000000,0.00000000,101976.93000000,USDT,SIM-001,MARGIN,USDT,[],False,{}
101976.93000000,0.00000000,101976.93000000,USDT,SIM-001,MARGIN,USDT,[],False,{}
101976.93000000,0.00000000,101976.93000000,USDT,SIM-001,MARGIN,USDT,[],False,{}
101976.93000000,0.00000000,101976.93000000,USDT,SIM-001,MARGIN,USDT,[],False,{}
101976.93000000,0.00000000,101976.93000000,USDT,SIM-001,MARGIN,USDT,[],False,{}
101976.93000000,0.00000000,101976.93000000,USDT,SIM-001,MARGIN,USDT,[],False,{}
101976.93000000,0.00000000,101976.93000000,USDT,SIM-001,MARGIN,USDT,[],False,{}
101976.93000000,0.00000000,101976.93000000,USDT,SIM-001,MARGIN,USDT,[],False,{}
101976.93000000,0.00000000,101976.93000000,USDT,SIM-001,MARGIN,USDT,[],False,{}
101976.93000000,0.00000000,101976.93000000,USDT,SIM-001,MARGIN,USDT,[],False,{}
100968.25000000,0.00000000,100968.25000000,USDT,SIM-001,MARGIN,USDT,[],False,{}
100968.25000000,0.00000000,100968.25000000,USDT,SIM-001,MARGIN,USDT,[],False,{}
100968.25000000,0.00000000,100968.25000000,USDT,SIM-001,MARGIN,USDT,[],False,{}
100968.25000000,0.00000000,100968.25000000,USDT,SIM-001,MARGIN,USDT,[],False,{}
100968.25000000,0.00000000,100968.25000000,USDT,SIM-001,MARGIN,USDT,[],False,{}
100967.25000000,0.00000000,100967.25000000,USDT,SIM-001,MARGIN,USDT,[],False,{}
100967.05000000,0.00000000,100967.05000000,USDT,SIM-001,MARGIN,USDT,[],False,{}
100967.05000000,0.00000000,100967.05000000,USDT,SIM-001,MARGIN,USDT,[],False,{}
100967.05000000,0.00000000,100967.05000000,USDT,SIM-001,MARGIN,USDT,[],False,{}
100967.05000000,0.00000000,100967.05000000,USDT,SIM-001,MARGIN,USDT,[],False,{}
100287.50000000,0.00000000,100287.50000000,USDT,SIM-001,MARGIN,USDT,[],False,{}
100287.50000000,0.00000000,100287.50000000,USDT,SIM-001,MARGIN,USDT,[],False,{}
100287.50000000,0.00000000,100287.50000000,USDT,SIM-001,MARGIN,USDT,[],False,{}
100287.50000000,0.00000000,100287.50000000,USDT,SIM-001,MARGIN,USDT,[],False,{}
100287.50000000,0.00000000,100287.50000000,USDT,SIM-001,MARGIN,USDT,[],False,{}
100286.50000000,0.00000000,100286.50000000,USDT,SIM-001,MARGIN,USDT,[],False,{}
100286.50000000,0.00000000,100286.50000000,USDT,SIM-001,MARGIN,USDT,[],False,{}
100286.50000000,0.00000000,100286.50000000,USDT,SIM-001,MARGIN,USDT,[],False,{}
100545.46000000,0.00000000,100545.46000000,USDT,SIM-001,MARGIN,USDT,[],False,{}
100545.46000000,0.00000000,100545.46000000,USDT,SIM-001,MARGIN,USDT,[],False,{}
100544.46000000,0.00000000,100544.46000000,USDT,SIM-001,MARGIN,USDT,[],False,{}
100544.46000000,0.00000000,100544.46000000,USDT,SIM-001,MARGIN,USDT,[],False,{}
100544.46000000,0.00000000,100544.46000000,USDT,SIM-001,MARGIN,USDT,[],False,{}
100544.46000000,0.00000000,100544.46000000,USDT,SIM-001,MARGIN,USDT,[],False,{}
100544.46000000,0.00000000,100544.46000000,USDT,SIM-001,MARGIN,USDT,[],False,{}
100544.46000000,0.00000000,100544.46000000,USDT,SIM-001,MARGIN,USDT,[],False,{}
100544.46000000,0.00000000,100544.46000000,USDT,SIM-001,MARGIN,USDT,[],False,{}
100544.46000000,0.00000000,100544.46000000,USDT,SIM-001,MARGIN,USDT,[],False,{}
100544.46000000,0.00000000,100544.46000000,USDT,SIM-001,MARGIN,USDT,[],False,{}
100544.46000000,0.00000000,100544.46000000,USDT,SIM-001,MARGIN,USDT,[],False,{}
100544.22000000,0.00000000,100544.22000000,USDT,SIM-001,MARGIN,USDT,[],False,{}
100543.22000000,0.00000000,100543.22000000,USDT,SIM-001,MARGIN,USDT,[],False,{}
100543.22000000,0.00000000,100543.22000000,USDT,SIM-001,MARGIN,USDT,[],False,{}
100543.22000000,0.00000000,100543.22000000,USDT,SIM-001,MARGIN,USDT,[],False,{}
100543.22000000,0.00000000,100543.22000000,USDT,SIM-001,MARGIN,USDT,[],False,{}
100389.04000000,0.00000000,100389.04000000,USDT,SIM-001,MARGIN,USDT,[],False,{}
100389.04000000,0.00000000,100389.04000000,USDT,SIM-001,MARGIN,USDT,[],False,{}
100389.04000000,0.00000000,100389.04000000,USDT,SIM-001,MARGIN,USDT,[],False,{}
100389.04000000,0.00000000,100389.04000000,USDT,SIM-001,MARGIN,USDT,[],False,{}
100389.04000000,0.00000000,100389.04000000,USDT,SIM-001,MARGIN,USDT,[],False,{}
100388.04000000,0.00000000,100388.04000000,USDT,SIM-001,MARGIN,USDT,[],False,{}
100388.04000000,0.00000000,100388.04000000,USDT,SIM-001,MARGIN,USDT,[],False,{}
100388.04000000,0.00000000,100388.04000000,USDT,SIM-001,MARGIN,USDT,[],False,{}
100387.04000000,0.00000000,100387.04000000,USDT,SIM-001,MARGIN,USDT,[],False,{}
100387.04000000,0.00000000,100387.04000000,USDT,SIM-001,MARGIN,USDT,[],False,{}
100387.04000000,0.00000000,100387.04000000,USDT,SIM-001,MARGIN,USDT,[],False,{}
100387.04000000,0.00000000,100387.04000000,USDT,SIM-001,MARGIN,USDT,[],False,{}
100387.04000000,0.00000000,100387.04000000,USDT,SIM-001,MARGIN,USDT,[],False,{}
100387.04000000,0.00000000,100387.04000000,USDT,SIM-001,MARGIN,USDT,[],False,{}
100387.04000000,0.00000000,100387.04000000,USDT,SIM-001,MARGIN,USDT,[],False,{}
100387.04000000,0.00000000,100387.04000000,USDT,SIM-001,MARGIN,USDT,[],False,{}
100387.04000000,0.00000000,100387.04000000,USDT,SIM-001,MARGIN,USDT,[],False,{}
100387.04000000,0.00000000,100387.04000000,USDT,SIM-001,MARGIN,USDT,[],False,{}
100387.04000000,0.00000000,100387.04000000,USDT,SIM-001,MARGIN,USDT,[],False,{}
100387.04000000,0.00000000,100387.04000000,USDT,SIM-001,MARGIN,USDT,[],False,{}
100387.04000000,0.00000000,100387.04000000,USDT,SIM-001,MARGIN,USDT,[],False,{}
100387.04000000,0.00000000,100387.04000000,USDT,SIM-001,MARGIN,USDT,[],False,{}
100387.04000000,0.00000000,100387.04000000,USDT,SIM-001,MARGIN,USDT,[],False,{}
100387.04000000,0.00000000,100387.04000000,USDT,SIM-001,MARGIN,USDT,[],False,{}
100387.04000000,0.00000000,100387.04000000,USDT,SIM-001,MARGIN,USDT,[],False,{}
100387.04000000,0.00000000,100387.04000000,USDT,SIM-001,MARGIN,USDT,[],False,{}
100387.04000000,0.00000000,100387.04000000,USDT,SIM-001,MARGIN,USDT,[],False,{}
100387.04000000,0.00000000,100387.04000000,USDT,SIM-001,MARGIN,USDT,[],False,{}
100387.04000000,0.00000000,100387.04000000,USDT,SIM-001,MARGIN,USDT,[],False,{}
100387.04000000,0.00000000,100387.04000000,USDT,SIM-001,MARGIN,USDT,[],False,{}
99974.12000000,0.00000000,99974.12000000,USDT,SIM-001,MARGIN,USDT,[],False,{}
99974.12000000,0.00000000,99974.12000000,USDT,SIM-001,MARGIN,USDT,[],False,{}
99974.12000000,0.00000000,99974.12000000,USDT,SIM-001,MARGIN,USDT,[],False,{}
99974.12000000,0.00000000,99974.12000000,USDT,SIM-001,MARGIN,USDT,[],False,{}
99974.12000000,0.00000000,99974.12000000,USDT,SIM-001,MARGIN,USDT,[],False,{}
99973.12000000,0.00000000,99973.12000000,USDT,SIM-001,MARGIN,USDT,[],False,{}
99972.92000000,0.00000000,99972.92000000,USDT,SIM-001,MARGIN,USDT,[],False,{}
99972.92000000,0.00000000,99972.92000000,USDT,SIM-001,MARGIN,USDT,[],False,{}
99972.92000000,0.00000000,99972.92000000,USDT,SIM-001,MARGIN,USDT,[],False,{}
99972.92000000,0.00000000,99972.92000000,USDT,SIM-001,MARGIN,USDT,[],False,{}
99470.08000000,0.00000000,99470.08000000,USDT,SIM-001,MARGIN,USDT,[],False,{}
99470.08000000,0.00000000,99470.08000000,USDT,SIM-001,MARGIN,USDT,[],False,{}
99470.08000000,0.00000000,99470.08000000,USDT,SIM-001,MARGIN,USDT,[],False,{}
99470.08000000,0.00000000,99470.08000000,USDT,SIM-001,MARGIN,USDT,[],False,{}
99470.08000000,0.00000000,99470.08000000,USDT,SIM-001,MARGIN,USDT,[],False,{}
99469.08000000,0.00000000,99469.08000000,USDT,SIM-001,MARGIN,USDT,[],False,{}
99468.88000000,0.00000000,99468.88000000,USDT,SIM-001,MARGIN,USDT,[],False,{}
99468.88000000,0.00000000,99468.88000000,USDT,SIM-001,MARGIN,USDT,[],False,{}
99468.88000000,0.00000000,99468.88000000,USDT,SIM-001,MARGIN,USDT,[],False,{}
99468.88000000,0.00000000,99468.88000000,USDT,SIM-001,MARGIN,USDT,[],False,{}
99321.27000000,0.00000000,99321.27000000,USDT,SIM-001,MARGIN,USDT,[],False,{}
99321.27000000,0.00000000,99321.27000000,USDT,SIM-001,MARGIN,USDT,[],False,{}
99321.27000000,0.00000000,99321.27000000,USDT,SIM-001,MARGIN,USDT,[],False,{}
99321.27000000,0.00000000,99321.27000000,USDT,SIM-001,MARGIN,USDT,[],False,{}
99321.27000000,0.00000000,99321.27000000,USDT,SIM-001,MARGIN,USDT,[],False,{}
99320.27000000,0.00000000,99320.27000000,USDT,SIM-001,MARGIN,USDT,[],False,{}
99521.42000000,0.00000000,99521.42000000,USDT,SIM-001,MARGIN,USDT,[],False,{}
99521.42000000,0.00000000,99521.42000000,USDT,SIM-001,MARGIN,USDT,[],False,{}
99520.42000000,0.00000000,99520.42000000,USDT,SIM-001,MARGIN,USDT,[],False,{}
99520.42000000,0.00000000,99520.42000000,USDT,SIM-001,MARGIN,USDT,[],False,{}
99520.42000000,0.00000000,99520.42000000,USDT,SIM-001,MARGIN,USDT,[],False,{}
99520.42000000,0.00000000,99520.42000000,USDT,SIM-001,MARGIN,USDT,[],False,{}
99520.42000000,0.00000000,99520.42000000,USDT,SIM-001,MARGIN,USDT,[],False,{}
99520.42000000,0.00000000,99520.42000000,USDT,SIM-001,MARGIN,USDT,[],False,{}
99520.42000000,0.00000000,99520.42000000,USDT,SIM-001,MARGIN,USDT,[],False,{}
99520.42000000,0.00000000,99520.42000000,USDT,SIM-001,MARGIN,USDT,[],False,{}
99520.42000000,0.00000000,99520.42000000,USDT,SIM-001,MARGIN,USDT,[],False,{}
99520.42000000,0.00000000,99520.42000000,USDT,SIM-001,MARGIN,USDT,[],False,{}
99681.24000000,0.00000000,99681.24000000,USDT,SIM-001,MARGIN,USDT,[],False,{}
99680.24000000,0.00000000,99680.24000000,USDT,SIM-001,MARGIN,USDT,[],False,{}
99679.24000000,0.00000000,99679.24000000,USDT,SIM-001,MARGIN,USDT,[],False,{}
99679.24000000,0.00000000,99679.24000000,USDT,SIM-001,MARGIN,USDT,[],False,{}
99679.24000000,0.00000000,99679.24000000,USDT,SIM-001,MARGIN,USDT,[],False,{}
99925.92000000,0.00000000,99925.92000000,USDT,SIM-001,MARGIN,USDT,[],False,{}
100172.60000000,0.00000000,100172.60000000,USDT,SIM-001,MARGIN,USDT,[],False,{}
100216.39000000,0.00000000,100216.39000000,USDT,SIM-001,MARGIN,USDT,[],False,{}
100216.39000000,0.00000000,100216.39000000,USDT,SIM-001,MARGIN,USDT,[],False,{}
100216.39000000,0.00000000,100216.39000000,USDT,SIM-001,MARGIN,USDT,[],False,{}
100216.39000000,0.00000000,100216.39000000,USDT,SIM-001,MARGIN,USDT,[],False,{}
100216.39000000,0.00000000,100216.39000000,USDT,SIM-001,MARGIN,USDT,[],False,{}
100216.39000000,0.00000000,100216.39000000,USDT,SIM-001,MARGIN,USDT,[],False,{}
100282.39000000,0.00000000,100282.39000000,USDT,SIM-001,MARGIN,USDT,[],False,{}
100282.39000000,0.00000000,100282.39000000,USDT,SIM-001,MARGIN,USDT,[],False,{}
100282.39000000,0.00000000,100282.39000000,USDT,SIM-001,MARGIN,USDT,[],False,{}
100282.39000000,0.00000000,100282.39000000,USDT,SIM-001,MARGIN,USDT,[],False,{}
100282.39000000,0.00000000,100282.39000000,USDT,SIM-001,MARGIN,USDT,[],False,{}
100282.39000000,0.00000000,100282.39000000,USDT,SIM-001,MARGIN,USDT,[],False,{}
100282.39000000,0.00000000,100282.39000000,USDT,SIM-001,MARGIN,USDT,[],False,{}
100282.39000000,0.00000000,100282.39000000,USDT,SIM-001,MARGIN,USDT,[],False,{}
100282.39000000,0.00000000,100282.39000000,USDT,SIM-001,MARGIN,USDT,[],False,{}
100282.39000000,0.00000000,100282.39000000,USDT,SIM-001,MARGIN,USDT,[],False,{}
100282.39000000,0.00000000,100282.39000000,USDT,SIM-001,MARGIN,USDT,[],False,{}
100282.39000000,0.00000000,100282.39000000,USDT,SIM-001,MARGIN,USDT,[],False,{}
100282.39000000,0.00000000,100282.39000000,USDT,SIM-001,MARGIN,USDT,[],False,{}
100282.39000000,0.00000000,100282.39000000,USDT,SIM-001,MARGIN,USDT,[],False,{}
100282.39000000,0.00000000,100282.39000000,USDT,SIM-001,MARGIN,USDT,[],False,{}
100294.23000000,0.00000000,100294.23000000,USDT,SIM-001,MARGIN,USDT,[],False,{}
100294.23000000,0.00000000,100294.23000000,USDT,SIM-001,MARGIN,USDT,[],False,{}
100294.23000000,0.00000000,100294.23000000,USDT,SIM-001,MARGIN,USDT,[],False,{}
100294.23000000,0.00000000,100294.23000000,USDT,SIM-001,MARGIN,USDT,[],False,{}
100294.03000000,0.00000000,100294.03000000,USDT,SIM-001,MARGIN,USDT,[],False,{}
100294.03000000,0.00000000,100294.03000000,USDT,SIM-001,MARGIN,USDT,[],False,{}
100294.03000000,0.00000000,100294.03000000,USDT,SIM-001,MARGIN,USDT,[],False,{}
100294.03000000,0.00000000,100294.03000000,USDT,SIM-001,MARGIN,USDT,[],False,{}
100294.03000000,0.00000000,100294.03000000,USDT,SIM-001,MARGIN,USDT,[],False,{}
100294.03000000,0.00000000,100294.03000000,USDT,SIM-001,MARGIN,USDT,[],False,{}
100294.03000000,0.00000000,100294.03000000,USDT,SIM-001,MARGIN,USDT,[],False,{}
100294.03000000,0.00000000,100294.03000000,USDT,SIM-001,MARGIN,USDT,[],False,{}
100294.03000000,0.00000000,100294.03000000,USDT,SIM-001,MARGIN,USDT,[],False,{}
100294.03000000,0.00000000,100294.03000000,USDT,SIM-001,MARGIN,USDT,[],False,{}
100294.03000000,0.00000000,100294.03000000,USDT,SIM-001,MARGIN,USDT,[],False,{}
100294.03000000,0.00000000,100294.03000000,USDT,SIM-001,MARGIN,USDT,[],False,{}
100294.03000000,0.00000000,100294.03000000,USDT,SIM-001,MARGIN,USDT,[],False,{}
100293.03000000,0.00000000,100293.03000000,USDT,SIM-001,MARGIN,USDT,[],False,{}
100292.03000000,0.00000000,100292.03000000,USDT,SIM-001,MARGIN,USDT,[],False,{}
100292.03000000,0.00000000,100292.03000000,USDT,SIM-001,MARGIN,USDT,[],False,{}
100292.03000000,0.00000000,100292.03000000,USDT,SIM-001,MARGIN,USDT,[],False,{}
100292.03000000,0.00000000,100292.03000000,USDT,SIM-001,MARGIN,USDT,[],False,{}
100292.03000000,0.00000000,100292.03000000,USDT,SIM-001,MARGIN,USDT,[],False,{}
100292.03000000,0.00000000,100292.03000000,USDT,SIM-001,MARGIN,USDT,[],False,{}
100292.03000000,0.00000000,100292.03000000,USDT,SIM-001,MARGIN,USDT,[],False,{}
100292.03000000,0.00000000,100292.03000000,USDT,SIM-001,MARGIN,USDT,[],False,{}
100292.03000000,0.00000000,100292.03000000,USDT,SIM-001,MARGIN,USDT,[],False,{}
100292.03000000,0.00000000,100292.03000000,USDT,SIM-001,MARGIN,USDT,[],False,{}
100292.03000000,0.00000000,100292.03000000,USDT,SIM-001,MARGIN,USDT,[],False,{}
100292.03000000,0.00000000,100292.03000000,USDT,SIM-001,MARGIN,USDT,[],False,{}
99383.04000000,0.00000000,99383.04000000,USDT,SIM-001,MARGIN,USDT,[],False,{}
99383.04000000,0.00000000,99383.04000000,USDT,SIM-001,MARGIN,USDT,[],False,{}
99383.04000000,0.00000000,99383.04000000,USDT,SIM-001,MARGIN,USDT,[],False,{}
99383.04000000,0.00000000,99383.04000000,USDT,SIM-001,MARGIN,USDT,[],False,{}
99383.04000000,0.00000000,99383.04000000,USDT,SIM-001,MARGIN,USDT,[],False,{}
99382.04000000,0.00000000,99382.04000000,USDT,SIM-001,MARGIN,USDT,[],False,{}
99381.84000000,0.00000000,99381.84000000,USDT,SIM-001,MARGIN,USDT,[],False,{}
99381.84000000,0.00000000,99381.84000000,USDT,SIM-001,MARGIN,USDT,[],False,{}
99381.84000000,0.00000000,99381.84000000,USDT,SIM-001,MARGIN,USDT,[],False,{}
99381.84000000,0.00000000,99381.84000000,USDT,SIM-001,MARGIN,USDT,[],False,{}
99381.84000000,0.00000000,99381.84000000,USDT,SIM-001,MARGIN,USDT,[],False,{}
99381.84000000,0.00000000,99381.84000000,USDT,SIM-001,MARGIN,USDT,[],False,{}
99381.84000000,0.00000000,99381.84000000,USDT,SIM-001,MARGIN,USDT,[],False,{}
99381.84000000,0.00000000,99381.84000000,USDT,SIM-001,MARGIN,USDT,[],False,{}
99381.84000000,0.00000000,99381.84000000,USDT,SIM-001,MARGIN,USDT,[],False,{}
99381.84000000,0.00000000,99381.84000000,USDT,SIM-001,MARGIN,USDT,[],False,{}
99381.84000000,0.00000000,99381.84000000,USDT,SIM-001,MARGIN,USDT,[],False,{}
99380.84000000,0.00000000,99380.84000000,USDT,SIM-001,MARGIN,USDT,[],False,{}
99379.84000000,0.00000000,99379.84000000,USDT,SIM-001,MARGIN,USDT,[],False,{}
99379.84000000,0.00000000,99379.84000000,USDT,SIM-001,MARGIN,USDT,[],False,{}
99379.84000000,0.00000000,99379.84000000,USDT,SIM-001,MARGIN,USDT,[],False,{}
99379.84000000,0.00000000,99379.84000000,USDT,SIM-001,MARGIN,USDT,[],False,{}
98519.99000000,0.00000000,98519.99000000,USDT,SIM-001,MARGIN,USDT,[],False,{}
98519.99000000,0.00000000,98519.99000000,USDT,SIM-001,MARGIN,USDT,[],False,{}
98519.99000000,0.00000000,98519.99000000,USDT,SIM-001,MARGIN,USDT,[],False,{}
98519.99000000,0.00000000,98519.99000000,USDT,SIM-001,MARGIN,USDT,[],False,{}
98519.99000000,0.00000000,98519.99000000,USDT,SIM-001,MARGIN,USDT,[],False,{}
98518.99000000,0.00000000,98518.99000000,USDT,SIM-001,MARGIN,USDT,[],False,{}
98518.47000000,0.00000000,98518.47000000,USDT,SIM-001,MARGIN,USDT,[],False,{}
98518.47000000,0.00000000,98518.47000000,USDT,SIM-001,MARGIN,USDT,[],False,{}
98518.47000000,0.00000000,98518.47000000,USDT,SIM-001,MARGIN,USDT,[],False,{}
98518.47000000,0.00000000,98518.47000000,USDT,SIM-001,MARGIN,USDT,[],False,{}
98518.47000000,0.00000000,98518.47000000,USDT,SIM-001,MARGIN,USDT,[],False,{}
98518.47000000,0.00000000,98518.47000000,USDT,SIM-001,MARGIN,USDT,[],False,{}
98518.47000000,0.00000000,98518.47000000,USDT,SIM-001,MARGIN,USDT,[],False,{}
98518.47000000,0.00000000,98518.47000000,USDT,SIM-001,MARGIN,USDT,[],False,{}
98151.41000000,0.00000000,98151.41000000,USDT,SIM-001,MARGIN,USDT,[],False,{}
98151.41000000,0.00000000,98151.41000000,USDT,SIM-001,MARGIN,USDT,[],False,{}
98151.41000000,0.00000000,98151.41000000,USDT,SIM-001,MARGIN,USDT,[],False,{}
98151.41000000,0.00000000,98151.41000000,USDT,SIM-001,MARGIN,USDT,[],False,{}
98151.41000000,0.00000000,98151.41000000,USDT,SIM-001,MARGIN,USDT,[],False,{}
98150.41000000,0.00000000,98150.41000000,USDT,SIM-001,MARGIN,USDT,[],False,{}
98149.41000000,0.00000000,98149.41000000,USDT,SIM-001,MARGIN,USDT,[],False,{}
98224.46000000,0.00000000,98224.46000000,USDT,SIM-001,MARGIN,USDT,[],False,{}
98326.76000000,0.00000000,98326.76000000,USDT,SIM-001,MARGIN,USDT,[],False,{}
98326.76000000,0.00000000,98326.76000000,USDT,SIM-001,MARGIN,USDT,[],False,{}
98326.76000000,0.00000000,98326.76000000,USDT,SIM-001,MARGIN,USDT,[],False,{}
98326.76000000,0.00000000,98326.76000000,USDT,SIM-001,MARGIN,USDT,[],False,{}
98326.76000000,0.00000000,98326.76000000,USDT,SIM-001,MARGIN,USDT,[],False,{}
98326.76000000,0.00000000,98326.76000000,USDT,SIM-001,MARGIN,USDT,[],False,{}
98329.82000000,0.00000000,98329.82000000,USDT,SIM-001,MARGIN,USDT,[],False,{}
98329.82000000,0.00000000,98329.82000000,USDT,SIM-001,MARGIN,USDT,[],False,{}
98329.82000000,0.00000000,98329.82000000,USDT,SIM-001,MARGIN,USDT,[],False,{}
98329.82000000,0.00000000,98329.82000000,USDT,SIM-001,MARGIN,USDT,[],False,{}
98329.82000000,0.00000000,98329.82000000,USDT,SIM-001,MARGIN,USDT,[],False,{}
98329.82000000,0.00000000,98329.82000000,USDT,SIM-001,MARGIN,USDT,[],False,{}
98482.12000000,0.00000000,98482.12000000,USDT,SIM-001,MARGIN,USDT,[],False,{}
98482.12000000,0.00000000,98482.12000000,USDT,SIM-001,MARGIN,USDT,[],False,{}
98481.12000000,0.00000000,98481.12000000,USDT,SIM-001,MARGIN,USDT,[],False,{}
98480.12000000,0.00000000,98480.12000000,USDT,SIM-001,MARGIN,USDT,[],False,{}
98479.12000000,0.00000000,98479.12000000,USDT,SIM-001,MARGIN,USDT,[],False,{}
98479.12000000,0.00000000,98479.12000000,USDT,SIM-001,MARGIN,USDT,[],False,{}
98479.12000000,0.00000000,98479.12000000,USDT,SIM-001,MARGIN,USDT,[],False,{}
98479.12000000,0.00000000,98479.12000000,USDT,SIM-001,MARGIN,USDT,[],False,{}
98479.12000000,0.00000000,98479.12000000,USDT,SIM-001,MARGIN,USDT,[],False,{}
98479.12000000,0.00000000,98479.12000000,USDT,SIM-001,MARGIN,USDT,[],False,{}
98479.12000000,0.00000000,98479.12000000,USDT,SIM-001,MARGIN,USDT,[],False,{}
98479.12000000,0.00000000,98479.12000000,USDT,SIM-001,MARGIN,USDT,[],False,{}
98479.12000000,0.00000000,98479.12000000,USDT,SIM-001,MARGIN,USDT,[],False,{}
98479.12000000,0.00000000,98479.12000000,USDT,SIM-001,MARGIN,USDT,[],False,{}
98478.12000000,0.00000000,98478.12000000,USDT,SIM-001,MARGIN,USDT,[],False,{}
98477.12000000,0.00000000,98477.12000000,USDT,SIM-001,MARGIN,USDT,[],False,{}
98477.12000000,0.00000000,98477.12000000,USDT,SIM-001,MARGIN,USDT,[],False,{}
98477.12000000,0.00000000,98477.12000000,USDT,SIM-001,MARGIN,USDT,[],False,{}
98477.12000000,0.00000000,98477.12000000,USDT,SIM-001,MARGIN,USDT,[],False,{}
98477.12000000,0.00000000,98477.12000000,USDT,SIM-001,MARGIN,USDT,[],False,{}
98477.12000000,0.00000000,98477.12000000,USDT,SIM-001,MARGIN,USDT,[],False,{}
98477.12000000,0.00000000,98477.12000000,USDT,SIM-001,MARGIN,USDT,[],False,{}
98477.12000000,0.00000000,98477.12000000,USDT,SIM-001,MARGIN,USDT,[],False,{}
98477.12000000,0.00000000,98477.12000000,USDT,SIM-001,MARGIN,USDT,[],False,{}
98477.12000000,0.00000000,98477.12000000,USDT,SIM-001,MARGIN,USDT,[],False,{}
98321.70000000,0.00000000,98321.70000000,USDT,SIM-001,MARGIN,USDT,[],False,{}
98321.70000000,0.00000000,98321.70000000,USDT,SIM-001,MARGIN,USDT,[],False,{}
98321.70000000,0.00000000,98321.70000000,USDT,SIM-001,MARGIN,USDT,[],False,{}
98321.70000000,0.00000000,98321.70000000,USDT,SIM-001,MARGIN,USDT,[],False,{}
98321.70000000,0.00000000,98321.70000000,USDT,SIM-001,MARGIN,USDT,[],False,{}
98321.25000000,0.00000000,98321.25000000,USDT,SIM-001,MARGIN,USDT,[],False,{}
98320.25000000,0.00000000,98320.25000000,USDT,SIM-001,MARGIN,USDT,[],False,{}
98320.25000000,0.00000000,98320.25000000,USDT,SIM-001,MARGIN,USDT,[],False,{}
98320.25000000,0.00000000,98320.25000000,USDT,SIM-001,MARGIN,USDT,[],False,{}
98454.40000000,0.00000000,98454.40000000,USDT,SIM-001,MARGIN,USDT,[],False,{}
98509.39000000,0.00000000,98509.39000000,USDT,SIM-001,MARGIN,USDT,[],False,{}
98509.39000000,0.00000000,98509.39000000,USDT,SIM-001,MARGIN,USDT,[],False,{}
98509.39000000,0.00000000,98509.39000000,USDT,SIM-001,MARGIN,USDT,[],False,{}
98508.39000000,0.00000000,98508.39000000,USDT,SIM-001,MARGIN,USDT,[],False,{}
98507.39000000,0.00000000,98507.39000000,USDT,SIM-001,MARGIN,USDT,[],False,{}
98506.39000000,0.00000000,98506.39000000,USDT,SIM-001,MARGIN,USDT,[],False,{}
98506.39000000,0.00000000,98506.39000000,USDT,SIM-001,MARGIN,USDT,[],False,{}
98506.39000000,0.00000000,98506.39000000,USDT,SIM-001,MARGIN,USDT,[],False,{}
98506.39000000,0.00000000,98506.39000000,USDT,SIM-001,MARGIN,USDT,[],False,{}
98506.39000000,0.00000000,98506.39000000,USDT,SIM-001,MARGIN,USDT,[],False,{}
98506.39000000,0.00000000,98506.39000000,USDT,SIM-001,MARGIN,USDT,[],False,{}
98506.39000000,0.00000000,98506.39000000,USDT,SIM-001,MARGIN,USDT,[],False,{}
98654.14000000,0.00000000,98654.14000000,USDT,SIM-001,MARGIN,USDT,[],False,{}
98801.89000000,0.00000000,98801.89000000,USDT,SIM-001,MARGIN,USDT,[],False,{}
98801.89000000,0.00000000,98801.89000000,USDT,SIM-001,MARGIN,USDT,[],False,{}
98801.89000000,0.00000000,98801.89000000,USDT,SIM-001,MARGIN,USDT,[],False,{}
98801.89000000,0.00000000,98801.89000000,USDT,SIM-001,MARGIN,USDT,[],False,{}
98801.89000000,0.00000000,98801.89000000,USDT,SIM-001,MARGIN,USDT,[],False,{}
98801.89000000,0.00000000,98801.89000000,USDT,SIM-001,MARGIN,USDT,[],False,{}
98801.89000000,0.00000000,98801.89000000,USDT,SIM-001,MARGIN,USDT,[],False,{}
98801.89000000,0.00000000,98801.89000000,USDT,SIM-001,MARGIN,USDT,[],False,{}
98801.89000000,0.00000000,98801.89000000,USDT,SIM-001,MARGIN,USDT,[],False,{}
98801.89000000,0.00000000,98801.89000000,USDT,SIM-001,MARGIN,USDT,[],False,{}
98801.89000000,0.00000000,98801.89000000,USDT,SIM-001,MARGIN,USDT,[],False,{}
98801.89000000,0.00000000,98801.89000000,USDT,SIM-001,MARGIN,USDT,[],False,{}
98801.89000000,0.00000000,98801.89000000,USDT,SIM-001,MARGIN,USDT,[],False,{}
98941.97000000,0.00000000,98941.97000000,USDT,SIM-001,MARGIN,USDT,[],False,{}
98941.97000000,0.00000000,98941.97000000,USDT,SIM-001,MARGIN,USDT,[],False,{}
98941.97000000,0.00000000,98941.97000000,USDT,SIM-001,MARGIN,USDT,[],False,{}
98940.97000000,0.00000000,98940.97000000,USDT,SIM-001,MARGIN,USDT,[],False,{}
98939.97000000,0.00000000,98939.97000000,USDT,SIM-001,MARGIN,USDT,[],False,{}
98938.97000000,0.00000000,98938.97000000,USDT,SIM-001,MARGIN,USDT,[],False,{}
98937.97000000,0.00000000,98937.97000000,USDT,SIM-001,MARGIN,USDT,[],False,{}
98937.97000000,0.00000000,98937.97000000,USDT,SIM-001,MARGIN,USDT,[],False,{}
98937.97000000,0.00000000,98937.97000000,USDT,SIM-001,MARGIN,USDT,[],False,{}
98937.97000000,0.00000000,98937.97000000,USDT,SIM-001,MARGIN,USDT,[],False,{}
98937.97000000,0.00000000,98937.97000000,USDT,SIM-001,MARGIN,USDT,[],False,{}
98937.97000000,0.00000000,98937.97000000,USDT,SIM-001,MARGIN,USDT,[],False,{}
98937.97000000,0.00000000,98937.97000000,USDT,SIM-001,MARGIN,USDT,[],False,{}
98937.97000000,0.00000000,98937.97000000,USDT,SIM-001,MARGIN,USDT,[],False,{}
99055.85000000,0.00000000,99055.85000000,USDT,SIM-001,MARGIN,USDT,[],False,{}
99055.85000000,0.00000000,99055.85000000,USDT,SIM-001,MARGIN,USDT,[],False,{}
99229.43000000,0.00000000,99229.43000000,USDT,SIM-001,MARGIN,USDT,[],False,{}
99403.01000000,0.00000000,99403.01000000,USDT,SIM-001,MARGIN,USDT,[],False,{}
99403.01000000,0.00000000,99403.01000000,USDT,SIM-001,MARGIN,USDT,[],False,{}
99403.01000000,0.00000000,99403.01000000,USDT,SIM-001,MARGIN,USDT,[],False,{}
99403.01000000,0.00000000,99403.01000000,USDT,SIM-001,MARGIN,USDT,[],False,{}
99403.01000000,0.00000000,99403.01000000,USDT,SIM-001,MARGIN,USDT,[],False,{}
99403.01000000,0.00000000,99403.01000000,USDT,SIM-001,MARGIN,USDT,[],False,{}
99403.01000000,0.00000000,99403.01000000,USDT,SIM-001,MARGIN,USDT,[],False,{}
99402.01000000,0.00000000,99402.01000000,USDT,SIM-001,MARGIN,USDT,[],False,{}
99401.01000000,0.00000000,99401.01000000,USDT,SIM-001,MARGIN,USDT,[],False,{}
99401.01000000,0.00000000,99401.01000000,USDT,SIM-001,MARGIN,USDT,[],False,{}
99401.01000000,0.00000000,99401.01000000,USDT,SIM-001,MARGIN,USDT,[],False,{}
99401.01000000,0.00000000,99401.01000000,USDT,SIM-001,MARGIN,USDT,[],False,{}
99401.01000000,0.00000000,99401.01000000,USDT,SIM-001,MARGIN,USDT,[],False,{}
99401.01000000,0.00000000,99401.01000000,USDT,SIM-001,MARGIN,USDT,[],False,{}
99401.01000000,0.00000000,99401.01000000,USDT,SIM-001,MARGIN,USDT,[],False,{}
99479.58000000,0.00000000,99479.58000000,USDT,SIM-001,MARGIN,USDT,[],False,{}
99577.75000000,0.00000000,99577.75000000,USDT,SIM-001,MARGIN,USDT,[],False,{}
99576.75000000,0.00000000,99576.75000000,USDT,SIM-001,MARGIN,USDT,[],False,{}
99576.75000000,0.00000000,99576.75000000,USDT,SIM-001,MARGIN,USDT,[],False,{}
99576.75000000,0.00000000,99576.75000000,USDT,SIM-001,MARGIN,USDT,[],False,{}
99575.75000000,0.00000000,99575.75000000,USDT,SIM-001,MARGIN,USDT,[],False,{}
99574.75000000,0.00000000,99574.75000000,USDT,SIM-001,MARGIN,USDT,[],False,{}
99573.75000000,0.00000000,99573.75000000,USDT,SIM-001,MARGIN,USDT,[],False,{}
99573.75000000,0.00000000,99573.75000000,USDT,SIM-001,MARGIN,USDT,[],False,{}
99573.75000000,0.00000000,99573.75000000,USDT,SIM-001,MARGIN,USDT,[],False,{}
99573.75000000,0.00000000,99573.75000000,USDT,SIM-001,MARGIN,USDT,[],False,{}
99573.75000000,0.00000000,99573.75000000,USDT,SIM-001,MARGIN,USDT,[],False,{}
99572.75000000,0.00000000,99572.75000000,USDT,SIM-001,MARGIN,USDT,[],False,{}
99572.75000000,0.00000000,99572.75000000,USDT,SIM-001,MARGIN,USDT,[],False,{}
99572.75000000,0.00000000,99572.75000000,USDT,SIM-001,MARGIN,USDT,[],False,{}
99572.75000000,0.00000000,99572.75000000,USDT,SIM-001,MARGIN,USDT,[],False,{}
99572.75000000,0.00000000,99572.75000000,USDT,SIM-001,MARGIN,USDT,[],False,{}
99572.75000000,0.00000000,99572.75000000,USDT,SIM-001,MARGIN,USDT,[],False,{}
99572.75000000,0.00000000,99572.75000000,USDT,SIM-001,MARGIN,USDT,[],False,{}
99572.75000000,0.00000000,99572.75000000,USDT,SIM-001,MARGIN,USDT,[],False,{}
99571.75000000,0.00000000,99571.75000000,USDT,SIM-001,MARGIN,USDT,[],False,{}
99571.75000000,0.00000000,99571.75000000,USDT,SIM-001,MARGIN,USDT,[],False,{}
99571.75000000,0.00000000,99571.75000000,USDT,SIM-001,MARGIN,USDT,[],False,{}
99552.11000000,0.00000000,99552.11000000,USDT,SIM-001,MARGIN,USDT,[],False,{}
99532.47000000,0.00000000,99532.47000000,USDT,SIM-001,MARGIN,USDT,[],False,{}
99532.47000000,0.00000000,99532.47000000,USDT,SIM-001,MARGIN,USDT,[],False,{}
99531.47000000,0.00000000,99531.47000000,USDT,SIM-001,MARGIN,USDT,[],False,{}
99530.47000000,0.00000000,99530.47000000,USDT,SIM-001,MARGIN,USDT,[],False,{}
99530.47000000,0.00000000,99530.47000000,USDT,SIM-001,MARGIN,USDT,[],False,{}
99530.47000000,0.00000000,99530.47000000,USDT,SIM-001,MARGIN,USDT,[],False,{}
99530.47000000,0.00000000,99530.47000000,USDT,SIM-001,MARGIN,USDT,[],False,{}
99530.47000000,0.00000000,99530.47000000,USDT,SIM-001,MARGIN,USDT,[],False,{}
99530.47000000,0.00000000,99530.47000000,USDT,SIM-001,MARGIN,USDT,[],False,{}
99530.47000000,0.00000000,99530.47000000,USDT,SIM-001,MARGIN,USDT,[],False,{}
99475.23000000,0.00000000,99475.23000000,USDT,SIM-001,MARGIN,USDT,[],False,{}
99475.23000000,0.00000000,99475.23000000,USDT,SIM-001,MARGIN,USDT,[],False,{}
99499.02000000,0.00000000,99499.02000000,USDT,SIM-001,MARGIN,USDT,[],False,{}
99522.81000000,0.00000000,99522.81000000,USDT,SIM-001,MARGIN,USDT,[],False,{}
99522.81000000,0.00000000,99522.81000000,USDT,SIM-001,MARGIN,USDT,[],False,{}
99522.81000000,0.00000000,99522.81000000,USDT,SIM-001,MARGIN,USDT,[],False,{}
99522.81000000,0.00000000,99522.81000000,USDT,SIM-001,MARGIN,USDT,[],False,{}
99604.49000000,0.00000000,99604.49000000,USDT,SIM-001,MARGIN,USDT,[],False,{}
99604.49000000,0.00000000,99604.49000000,USDT,SIM-001,MARGIN,USDT,[],False,{}
99604.49000000,0.00000000,99604.49000000,USDT,SIM-001,MARGIN,USDT,[],False,{}
99604.49000000,0.00000000,99604.49000000,USDT,SIM-001,MARGIN,USDT,[],False,{}
99604.49000000,0.00000000,99604.49000000,USDT,SIM-001,MARGIN,USDT,[],False,{}
99603.49000000,0.00000000,99603.49000000,USDT,SIM-001,MARGIN,USDT,[],False,{}
99603.49000000,0.00000000,99603.49000000,USDT,SIM-001,MARGIN,USDT,[],False,{}
99603.49000000,0.00000000,99603.49000000,USDT,SIM-001,MARGIN,USDT,[],False,{}
99730.51000000,0.00000000,99730.51000000,USDT,SIM-001,MARGIN,USDT,[],False,{}
99732.87000000,0.00000000,99732.87000000,USDT,SIM-001,MARGIN,USDT,[],False,{}
99732.87000000,0.00000000,99732.87000000,USDT,SIM-001,MARGIN,USDT,[],False,{}
99732.87000000,0.00000000,99732.87000000,USDT,SIM-001,MARGIN,USDT,[],False,{}
99732.87000000,0.00000000,99732.87000000,USDT,SIM-001,MARGIN,USDT,[],False,{}
99732.87000000,0.00000000,99732.87000000,USDT,SIM-001,MARGIN,USDT,[],False,{}
99732.87000000,0.00000000,99732.87000000,USDT,SIM-001,MARGIN,USDT,[],False,{}
99732.87000000,0.00000000,99732.87000000,USDT,SIM-001,MARGIN,USDT,[],False,{}
99732.87000000,0.00000000,99732.87000000,USDT,SIM-001,MARGIN,USDT,[],False,{}
99732.87000000,0.00000000,99732.87000000,USDT,SIM-001,MARGIN,USDT,[],False,{}
99732.87000000,0.00000000,99732.87000000,USDT,SIM-001,MARGIN,USDT,[],False,{}
99732.87000000,0.00000000,99732.87000000,USDT,SIM-001,MARGIN,USDT,[],False,{}
99731.87000000,0.00000000,99731.87000000,USDT,SIM-001,MARGIN,USDT,[],False,{}
99888.97000000,0.00000000,99888.97000000,USDT,SIM-001,MARGIN,USDT,[],False,{}
99888.97000000,0.00000000,99888.97000000,USDT,SIM-001,MARGIN,USDT,[],False,{}
99888.97000000,0.00000000,99888.97000000,USDT,SIM-001,MARGIN,USDT,[],False,{}
99888.22000000,0.00000000,99888.22000000,USDT,SIM-001,MARGIN,USDT,[],False,{}
99887.22000000,0.00000000,99887.22000000,USDT,SIM-001,MARGIN,USDT,[],False,{}
99887.22000000,0.00000000,99887.22000000,USDT,SIM-001,MARGIN,USDT,[],False,{}
99887.22000000,0.00000000,99887.22000000,USDT,SIM-001,MARGIN,USDT,[],False,{}
99887.22000000,0.00000000,99887.22000000,USDT,SIM-001,MARGIN,USDT,[],False,{}
99887.22000000,0.00000000,99887.22000000,USDT,SIM-001,MARGIN,USDT,[],False,{}
99887.22000000,0.00000000,99887.22000000,USDT,SIM-001,MARGIN,USDT,[],False,{}
99887.22000000,0.00000000,99887.22000000,USDT,SIM-001,MARGIN,USDT,[],False,{}
99967.88000000,0.00000000,99967.88000000,USDT,SIM-001,MARGIN,USDT,[],False,{}
99967.88000000,0.00000000,99967.88000000,USDT,SIM-001,MARGIN,USDT,[],False,{}
100122.03000000,0.00000000,100122.03000000,USDT,SIM-001,MARGIN,USDT,[],False,{}
100217.57000000,0.00000000,100217.57000000,USDT,SIM-001,MARGIN,USDT,[],False,{}
100217.57000000,0.00000000,100217.57000000,USDT,SIM-001,MARGIN,USDT,[],False,{}
100217.57000000,0.00000000,100217.57000000,USDT,SIM-001,MARGIN,USDT,[],False,{}
100217.57000000,0.00000000,100217.57000000,USDT,SIM-001,MARGIN,USDT,[],False,{}
100217.57000000,0.00000000,100217.57000000,USDT,SIM-001,MARGIN,USDT,[],False,{}
100217.57000000,0.00000000,100217.57000000,USDT,SIM-001,MARGIN,USDT,[],False,{}
100217.57000000,0.00000000,100217.57000000,USDT,SIM-001,MARGIN,USDT,[],False,{}
100217.57000000,0.00000000,100217.57000000,USDT,SIM-001,MARGIN,USDT,[],False,{}
100217.57000000,0.00000000,100217.57000000,USDT,SIM-001,MARGIN,USDT,[],False,{}
100217.57000000,0.00000000,100217.57000000,USDT,SIM-001,MARGIN,USDT,[],False,{}
100217.57000000,0.00000000,100217.57000000,USDT,SIM-001,MARGIN,USDT,[],False,{}
100217.57000000,0.00000000,100217.57000000,USDT,SIM-001,MARGIN,USDT,[],False,{}
100217.57000000,0.00000000,100217.57000000,USDT,SIM-001,MARGIN,USDT,[],False,{}
100217.57000000,0.00000000,100217.57000000,USDT,SIM-001,MARGIN,USDT,[],False,{}
100217.57000000,0.00000000,100217.57000000,USDT,SIM-001,MARGIN,USDT,[],False,{}
100217.57000000,0.00000000,100217.57000000,USDT,SIM-001,MARGIN,USDT,[],False,{}
100216.57000000,0.00000000,100216.57000000,USDT,SIM-001,MARGIN,USDT,[],False,{}
100316.77000000,0.00000000,100316.77000000,USDT,SIM-001,MARGIN,USDT,[],False,{}
100316.77000000,0.00000000,100316.77000000,USDT,SIM-001,MARGIN,USDT,[],False,{}
100380.11000000,0.00000000,100380.11000000,USDT,SIM-001,MARGIN,USDT,[],False,{}
100380.11000000,0.00000000,100380.11000000,USDT,SIM-001,MARGIN,USDT,[],False,{}
100379.11000000,0.00000000,100379.11000000,USDT,SIM-001,MARGIN,USDT,[],False,{}
100379.11000000,0.00000000,100379.11000000,USDT,SIM-001,MARGIN,USDT,[],False,{}
100379.11000000,0.00000000,100379.11000000,USDT,SIM-001,MARGIN,USDT,[],False,{}
100379.11000000,0.00000000,100379.11000000,USDT,SIM-001,MARGIN,USDT,[],False,{}
100379.11000000,0.00000000,100379.11000000,USDT,SIM-001,MARGIN,USDT,[],False,{}
100379.11000000,0.00000000,100379.11000000,USDT,SIM-001,MARGIN,USDT,[],False,{}
100379.11000000,0.00000000,100379.11000000,USDT,SIM-001,MARGIN,USDT,[],False,{}
100379.11000000,0.00000000,100379.11000000,USDT,SIM-001,MARGIN,USDT,[],False,{}
100378.11000000,0.00000000,100378.11000000,USDT,SIM-001,MARGIN,USDT,[],False,{}
100378.11000000,0.00000000,100378.11000000,USDT,SIM-001,MARGIN,USDT,[],False,{}
100378.11000000,0.00000000,100378.11000000,USDT,SIM-001,MARGIN,USDT,[],False,{}
100500.77000000,0.00000000,100500.77000000,USDT,SIM-001,MARGIN,USDT,[],False,{}
100623.43000000,0.00000000,100623.43000000,USDT,SIM-001,MARGIN,USDT,[],False,{}
100623.43000000,0.00000000,100623.43000000,USDT,SIM-001,MARGIN,USDT,[],False,{}
100622.59000000,0.00000000,100622.59000000,USDT,SIM-001,MARGIN,USDT,[],False,{}
100621.59000000,0.00000000,100621.59000000,USDT,SIM-001,MARGIN,USDT,[],False,{}
100621.59000000,0.00000000,100621.59000000,USDT,SIM-001,MARGIN,USDT,[],False,{}
100621.59000000,0.00000000,100621.59000000,USDT,SIM-001,MARGIN,USDT,[],False,{}
100621.59000000,0.00000000,100621.59000000,USDT,SIM-001,MARGIN,USDT,[],False,{}
100621.59000000,0.00000000,100621.59000000,USDT,SIM-001,MARGIN,USDT,[],False,{}
100621.59000000,0.00000000,100621.59000000,USDT,SIM-001,MARGIN,USDT,[],False,{}
100621.59000000,0.00000000,100621.59000000,USDT,SIM-001,MARGIN,USDT,[],False,{}
100621.59000000,0.00000000,100621.59000000,USDT,SIM-001,MARGIN,USDT,[],False,{}
100621.59000000,0.00000000,100621.59000000,USDT,SIM-001,MARGIN,USDT,[],False,{}
100621.59000000,0.00000000,100621.59000000,USDT,SIM-001,MARGIN,USDT,[],False,{}
100621.59000000,0.00000000,100621.59000000,USDT,SIM-001,MARGIN,USDT,[],False,{}
100797.89000000,0.00000000,100797.89000000,USDT,SIM-001,MARGIN,USDT,[],False,{}
100796.89000000,0.00000000,100796.89000000,USDT,SIM-001,MARGIN,USDT,[],False,{}
100935.14000000,0.00000000,100935.14000000,USDT,SIM-001,MARGIN,USDT,[],False,{}
100935.14000000,0.00000000,100935.14000000,USDT,SIM-001,MARGIN,USDT,[],False,{}
100935.14000000,0.00000000,100935.14000000,USDT,SIM-001,MARGIN,USDT,[],False,{}
100935.14000000,0.00000000,100935.14000000,USDT,SIM-001,MARGIN,USDT,[],False,{}
100935.14000000,0.00000000,100935.14000000,USDT,SIM-001,MARGIN,USDT,[],False,{}
100935.14000000,0.00000000,100935.14000000,USDT,SIM-001,MARGIN,USDT,[],False,{}
100934.14000000,0.00000000,100934.14000000,USDT,SIM-001,MARGIN,USDT,[],False,{}
100934.14000000,0.00000000,100934.14000000,USDT,SIM-001,MARGIN,USDT,[],False,{}
100934.14000000,0.00000000,100934.14000000,USDT,SIM-001,MARGIN,USDT,[],False,{}
100934.14000000,0.00000000,100934.14000000,USDT,SIM-001,MARGIN,USDT,[],False,{}
100934.14000000,0.00000000,100934.14000000,USDT,SIM-001,MARGIN,USDT,[],False,{}
100934.14000000,0.00000000,100934.14000000,USDT,SIM-001,MARGIN,USDT,[],False,{}
100934.14000000,0.00000000,100934.14000000,USDT,SIM-001,MARGIN,USDT,[],False,{}
100934.14000000,0.00000000,100934.14000000,USDT,SIM-001,MARGIN,USDT,[],False,{}
100934.14000000,0.00000000,100934.14000000,USDT,SIM-001,MARGIN,USDT,[],False,{}
100934.14000000,0.00000000,100934.14000000,USDT,SIM-001,MARGIN,USDT,[],False,{}
100934.14000000,0.00000000,100934.14000000,USDT,SIM-001,MARGIN,USDT,[],False,{}
100934.14000000,0.00000000,100934.14000000,USDT,SIM-001,MARGIN,USDT,[],False,{}
101074.58000000,0.00000000,101074.58000000,USDT,SIM-001,MARGIN,USDT,[],False,{}
101111.88000000,0.00000000,101111.88000000,USDT,SIM-001,MARGIN,USDT,[],False,{}
101111.88000000,0.00000000,101111.88000000,USDT,SIM-001,MARGIN,USDT,[],False,{}
101111.88000000,0.00000000,101111.88000000,USDT,SIM-001,MARGIN,USDT,[],False,{}
101111.88000000,0.00000000,101111.88000000,USDT,SIM-001,MARGIN,USDT,[],False,{}
101111.88000000,0.00000000,101111.88000000,USDT,SIM-001,MARGIN,USDT,[],False,{}
101111.88000000,0.00000000,101111.88000000,USDT,SIM-001,MARGIN,USDT,[],False,{}
101111.88000000,0.00000000,101111.88000000,USDT,SIM-001,MARGIN,USDT,[],False,{}
101110.88000000,0.00000000,101110.88000000,USDT,SIM-001,MARGIN,USDT,[],False,{}
101110.88000000,0.00000000,101110.88000000,USDT,SIM-001,MARGIN,USDT,[],False,{}
101110.88000000,0.00000000,101110.88000000,USDT,SIM-001,MARGIN,USDT,[],False,{}
101110.88000000,0.00000000,101110.88000000,USDT,SIM-001,MARGIN,USDT,[],False,{}
101110.88000000,0.00000000,101110.88000000,USDT,SIM-001,MARGIN,USDT,[],False,{}
101110.88000000,0.00000000,101110.88000000,USDT,SIM-001,MARGIN,USDT,[],False,{}
101110.88000000,0.00000000,101110.88000000,USDT,SIM-001,MARGIN,USDT,[],False,{}
101110.88000000,0.00000000,101110.88000000,USDT,SIM-001,MARGIN,USDT,[],False,{}
101287.00000000,0.00000000,101287.00000000,USDT,SIM-001,MARGIN,USDT,[],False,{}
101287.00000000,0.00000000,101287.00000000,USDT,SIM-001,MARGIN,USDT,[],False,{}
101330.60000000,0.00000000,101330.60000000,USDT,SIM-001,MARGIN,USDT,[],False,{}
101494.28000000,0.00000000,101494.28000000,USDT,SIM-001,MARGIN,USDT,[],False,{}
101494.28000000,0.00000000,101494.28000000,USDT,SIM-001,MARGIN,USDT,[],False,{}
101494.28000000,0.00000000,101494.28000000,USDT,SIM-001,MARGIN,USDT,[],False,{}
101494.28000000,0.00000000,101494.28000000,USDT,SIM-001,MARGIN,USDT,[],False,{}
101523.40000000,0.00000000,101523.40000000,USDT,SIM-001,MARGIN,USDT,[],False,{}
101523.40000000,0.00000000,101523.40000000,USDT,SIM-001,MARGIN,USDT,[],False,{}
101522.40000000,0.00000000,101522.40000000,USDT,SIM-001,MARGIN,USDT,[],False,{}
101521.40000000,0.00000000,101521.40000000,USDT,SIM-001,MARGIN,USDT,[],False,{}
101520.40000000,0.00000000,101520.40000000,USDT,SIM-001,MARGIN,USDT,[],False,{}
101520.40000000,0.00000000,101520.40000000,USDT,SIM-001,MARGIN,USDT,[],False,{}
101520.40000000,0.00000000,101520.40000000,USDT,SIM-001,MARGIN,USDT,[],False,{}
101520.40000000,0.00000000,101520.40000000,USDT,SIM-001,MARGIN,USDT,[],False,{}
101520.40000000,0.00000000,101520.40000000,USDT,SIM-001,MARGIN,USDT,[],False,{}
101654.39000000,0.00000000,101654.39000000,USDT,SIM-001,MARGIN,USDT,[],False,{}
101654.39000000,0.00000000,101654.39000000,USDT,SIM-001,MARGIN,USDT,[],False,{}
101654.39000000,0.00000000,101654.39000000,USDT,SIM-001,MARGIN,USDT,[],False,{}
101653.39000000,0.00000000,101653.39000000,USDT,SIM-001,MARGIN,USDT,[],False,{}
101652.39000000,0.00000000,101652.39000000,USDT,SIM-001,MARGIN,USDT,[],False,{}
101651.40000000,0.00000000,101651.40000000,USDT,SIM-001,MARGIN,USDT,[],False,{}
101650.40000000,0.00000000,101650.40000000,USDT,SIM-001,MARGIN,USDT,[],False,{}
101650.40000000,0.00000000,101650.40000000,USDT,SIM-001,MARGIN,USDT,[],False,{}
101650.40000000,0.00000000,101650.40000000,USDT,SIM-001,MARGIN,USDT,[],False,{}
101650.40000000,0.00000000,101650.40000000,USDT,SIM-001,MARGIN,USDT,[],False,{}
101650.40000000,0.00000000,101650.40000000,USDT,SIM-001,MARGIN,USDT,[],False,{}
101650.40000000,0.00000000,101650.40000000,USDT,SIM-001,MARGIN,USDT,[],False,{}
101688.99000000,0.00000000,101688.99000000,USDT,SIM-001,MARGIN,USDT,[],False,{}
101688.99000000,0.00000000,101688.99000000,USDT,SIM-001,MARGIN,USDT,[],False,{}
101688.99000000,0.00000000,101688.99000000,USDT,SIM-001,MARGIN,USDT,[],False,{}
101688.99000000,0.00000000,101688.99000000,USDT,SIM-001,MARGIN,USDT,[],False,{}
101688.99000000,0.00000000,101688.99000000,USDT,SIM-001,MARGIN,USDT,[],False,{}
101688.99000000,0.00000000,101688.99000000,USDT,SIM-001,MARGIN,USDT,[],False,{}
101688.99000000,0.00000000,101688.99000000,USDT,SIM-001,MARGIN,USDT,[],False,{}
101688.99000000,0.00000000,101688.99000000,USDT,SIM-001,MARGIN,USDT,[],False,{}
101710.29000000,0.00000000,101710.29000000,USDT,SIM-001,MARGIN,USDT,[],False,{}
101741.00000000,0.00000000,101741.00000000,USDT,SIM-001,MARGIN,USDT,[],False,{}
101740.00000000,0.00000000,101740.00000000,USDT,SIM-001,MARGIN,USDT,[],False,{}
101739.00000000,0.00000000,101739.00000000,USDT,SIM-001,MARGIN,USDT,[],False,{}
101739.00000000,0.00000000,101739.00000000,USDT,SIM-001,MARGIN,USDT,[],False,{}
101739.00000000,0.00000000,101739.00000000,USDT,SIM-001,MARGIN,USDT,[],False,{}
101739.00000000,0.00000000,101739.00000000,USDT,SIM-001,MARGIN,USDT,[],False,{}
101739.00000000,0.00000000,101739.00000000,USDT,SIM-001,MARGIN,USDT,[],False,{}
101779.65000000,0.00000000,101779.65000000,USDT,SIM-001,MARGIN,USDT,[],False,{}
101931.72000000,0.00000000,101931.72000000,USDT,SIM-001,MARGIN,USDT,[],False,{}
101931.72000000,0.00000000,101931.72000000,USDT,SIM-001,MARGIN,USDT,[],False,{}
101931.72000000,0.00000000,101931.72000000,USDT,SIM-001,MARGIN,USDT,[],False,{}
101931.72000000,0.00000000,101931.72000000,USDT,SIM-001,MARGIN,USDT,[],False,{}
104215.84000000,0.00000000,104215.84000000,USDT,SIM-001,MARGIN,USDT,[],False,{}
104215.84000000,0.00000000,104215.84000000,USDT,SIM-001,MARGIN,USDT,[],False,{}
104215.84000000,0.00000000,104215.84000000,USDT,SIM-001,MARGIN,USDT,[],False,{}
104215.84000000,0.00000000,104215.84000000,USDT,SIM-001,MARGIN,USDT,[],False,{}
104215.84000000,0.00000000,104215.84000000,USDT,SIM-001,MARGIN,USDT,[],False,{}
104214.84000000,0.00000000,104214.84000000,USDT,SIM-001,MARGIN,USDT,[],False,{}
104214.64000000,0.00000000,104214.64000000,USDT,SIM-001,MARGIN,USDT,[],False,{}
104214.64000000,0.00000000,104214.64000000,USDT,SIM-001,MARGIN,USDT,[],False,{}
104214.64000000,0.00000000,104214.64000000,USDT,SIM-001,MARGIN,USDT,[],False,{}
104332.01000000,0.00000000,104332.01000000,USDT,SIM-001,MARGIN,USDT,[],False,{}
104358.13000000,0.00000000,104358.13000000,USDT,SIM-001,MARGIN,USDT,[],False,{}
104358.13000000,0.00000000,104358.13000000,USDT,SIM-001,MARGIN,USDT,[],False,{}
104358.13000000,0.00000000,104358.13000000,USDT,SIM-001,MARGIN,USDT,[],False,{}
104357.13000000,0.00000000,104357.13000000,USDT,SIM-001,MARGIN,USDT,[],False,{}
104356.13000000,0.00000000,104356.13000000,USDT,SIM-001,MARGIN,USDT,[],False,{}
104355.13000000,0.00000000,104355.13000000,USDT,SIM-001,MARGIN,USDT,[],False,{}
104355.13000000,0.00000000,104355.13000000,USDT,SIM-001,MARGIN,USDT,[],False,{}
104355.13000000,0.00000000,104355.13000000,USDT,SIM-001,MARGIN,USDT,[],False,{}
104355.13000000,0.00000000,104355.13000000,USDT,SIM-001,MARGIN,USDT,[],False,{}
104355.13000000,0.00000000,104355.13000000,USDT,SIM-001,MARGIN,USDT,[],False,{}
104354.13000000,0.00000000,104354.13000000,USDT,SIM-001,MARGIN,USDT,[],False,{}
104353.13000000,0.00000000,104353.13000000,USDT,SIM-001,MARGIN,USDT,[],False,{}
104353.13000000,0.00000000,104353.13000000,USDT,SIM-001,MARGIN,USDT,[],False,{}
104353.13000000,0.00000000,104353.13000000,USDT,SIM-001,MARGIN,USDT,[],False,{}
104353.13000000,0.00000000,104353.13000000,USDT,SIM-001,MARGIN,USDT,[],False,{}
104353.13000000,0.00000000,104353.13000000,USDT,SIM-001,MARGIN,USDT,[],False,{}
104353.13000000,0.00000000,104353.13000000,USDT,SIM-001,MARGIN,USDT,[],False,{}
104353.13000000,0.00000000,104353.13000000,USDT,SIM-001,MARGIN,USDT,[],False,{}
104353.13000000,0.00000000,104353.13000000,USDT,SIM-001,MARGIN,USDT,[],False,{}
104353.13000000,0.00000000,104353.13000000,USDT,SIM-001,MARGIN,USDT,[],False,{}
104353.13000000,0.00000000,104353.13000000,USDT,SIM-001,MARGIN,USDT,[],False,{}
104353.13000000,0.00000000,104353.13000000,USDT,SIM-001,MARGIN,USDT,[],False,{}
104353.13000000,0.00000000,104353.13000000,USDT,SIM-001,MARGIN,USDT,[],False,{}
104009.60000000,0.00000000,104009.60000000,USDT,SIM-001,MARGIN,USDT,[],False,{}
104009.60000000,0.00000000,104009.60000000,USDT,SIM-001,MARGIN,USDT,[],False,{}
104009.60000000,0.00000000,104009.60000000,USDT,SIM-001,MARGIN,USDT,[],False,{}
104009.60000000,0.00000000,104009.60000000,USDT,SIM-001,MARGIN,USDT,[],False,{}
104009.60000000,0.00000000,104009.60000000,USDT,SIM-001,MARGIN,USDT,[],False,{}
104008.60000000,0.00000000,104008.60000000,USDT,SIM-001,MARGIN,USDT,[],False,{}
104008.60000000,0.00000000,104008.60000000,USDT,SIM-001,MARGIN,USDT,[],False,{}
104008.60000000,0.00000000,104008.60000000,USDT,SIM-001,MARGIN,USDT,[],False,{}
104008.60000000,0.00000000,104008.60000000,USDT,SIM-001,MARGIN,USDT,[],False,{}
104008.60000000,0.00000000,104008.60000000,USDT,SIM-001,MARGIN,USDT,[],False,{}
104008.60000000,0.00000000,104008.60000000,USDT,SIM-001,MARGIN,USDT,[],False,{}
104008.60000000,0.00000000,104008.60000000,USDT,SIM-001,MARGIN,USDT,[],False,{}
104008.60000000,0.00000000,104008.60000000,USDT,SIM-001,MARGIN,USDT,[],False,{}
104008.60000000,0.00000000,104008.60000000,USDT,SIM-001,MARGIN,USDT,[],False,{}
104008.60000000,0.00000000,104008.60000000,USDT,SIM-001,MARGIN,USDT,[],False,{}
104008.60000000,0.00000000,104008.60000000,USDT,SIM-001,MARGIN,USDT,[],False,{}
104078.48000000,0.00000000,104078.48000000,USDT,SIM-001,MARGIN,USDT,[],False,{}
104078.48000000,0.00000000,104078.48000000,USDT,SIM-001,MARGIN,USDT,[],False,{}
104078.48000000,0.00000000,104078.48000000,USDT,SIM-001,MARGIN,USDT,[],False,{}
104078.48000000,0.00000000,104078.48000000,USDT,SIM-001,MARGIN,USDT,[],False,{}
104078.48000000,0.00000000,104078.48000000,USDT,SIM-001,MARGIN,USDT,[],False,{}
104077.48000000,0.00000000,104077.48000000,USDT,SIM-001,MARGIN,USDT,[],False,{}
104076.68000000,0.00000000,104076.68000000,USDT,SIM-001,MARGIN,USDT,[],False,{}
104076.68000000,0.00000000,104076.68000000,USDT,SIM-001,MARGIN,USDT,[],False,{}
104076.68000000,0.00000000,104076.68000000,USDT,SIM-001,MARGIN,USDT,[],False,{}
104175.27000000,0.00000000,104175.27000000,USDT,SIM-001,MARGIN,USDT,[],False,{}
104257.36000000,0.00000000,104257.36000000,USDT,SIM-001,MARGIN,USDT,[],False,{}
104257.36000000,0.00000000,104257.36000000,USDT,SIM-001,MARGIN,USDT,[],False,{}
104256.89000000,0.00000000,104256.89000000,USDT,SIM-001,MARGIN,USDT,[],False,{}
104256.30000000,0.00000000,104256.30000000,USDT,SIM-001,MARGIN,USDT,[],False,{}
104256.30000000,0.00000000,104256.30000000,USDT,SIM-001,MARGIN,USDT,[],False,{}
104256.30000000,0.00000000,104256.30000000,USDT,SIM-001,MARGIN,USDT,[],False,{}
104256.30000000,0.00000000,104256.30000000,USDT,SIM-001,MARGIN,USDT,[],False,{}
104256.30000000,0.00000000,104256.30000000,USDT,SIM-001,MARGIN,USDT,[],False,{}
104256.30000000,0.00000000,104256.30000000,USDT,SIM-001,MARGIN,USDT,[],False,{}
104256.30000000,0.00000000,104256.30000000,USDT,SIM-001,MARGIN,USDT,[],False,{}
104392.48000000,0.00000000,104392.48000000,USDT,SIM-001,MARGIN,USDT,[],False,{}
104418.29000000,0.00000000,104418.29000000,USDT,SIM-001,MARGIN,USDT,[],False,{}
104418.29000000,0.00000000,104418.29000000,USDT,SIM-001,MARGIN,USDT,[],False,{}
104418.09000000,0.00000000,104418.09000000,USDT,SIM-001,MARGIN,USDT,[],False,{}
104417.88000000,0.00000000,104417.88000000,USDT,SIM-001,MARGIN,USDT,[],False,{}
104417.88000000,0.00000000,104417.88000000,USDT,SIM-001,MARGIN,USDT,[],False,{}
104417.88000000,0.00000000,104417.88000000,USDT,SIM-001,MARGIN,USDT,[],False,{}
104554.36000000,0.00000000,104554.36000000,USDT,SIM-001,MARGIN,USDT,[],False,{}
104587.04000000,0.00000000,104587.04000000,USDT,SIM-001,MARGIN,USDT,[],False,{}
104587.04000000,0.00000000,104587.04000000,USDT,SIM-001,MARGIN,USDT,[],False,{}
104587.04000000,0.00000000,104587.04000000,USDT,SIM-001,MARGIN,USDT,[],False,{}
104586.04000000,0.00000000,104586.04000000,USDT,SIM-001,MARGIN,USDT,[],False,{}
104585.04000000,0.00000000,104585.04000000,USDT,SIM-001,MARGIN,USDT,[],False,{}
104584.04000000,0.00000000,104584.04000000,USDT,SIM-001,MARGIN,USDT,[],False,{}
104584.04000000,0.00000000,104584.04000000,USDT,SIM-001,MARGIN,USDT,[],False,{}
104584.04000000,0.00000000,104584.04000000,USDT,SIM-001,MARGIN,USDT,[],False,{}
104584.04000000,0.00000000,104584.04000000,USDT,SIM-001,MARGIN,USDT,[],False,{}
104584.04000000,0.00000000,104584.04000000,USDT,SIM-001,MARGIN,USDT,[],False,{}
104583.84000000,0.00000000,104583.84000000,USDT,SIM-001,MARGIN,USDT,[],False,{}
104583.84000000,0.00000000,104583.84000000,USDT,SIM-001,MARGIN,USDT,[],False,{}
104583.84000000,0.00000000,104583.84000000,USDT,SIM-001,MARGIN,USDT,[],False,{}
104583.84000000,0.00000000,104583.84000000,USDT,SIM-001,MARGIN,USDT,[],False,{}
104583.84000000,0.00000000,104583.84000000,USDT,SIM-001,MARGIN,USDT,[],False,{}
104583.84000000,0.00000000,104583.84000000,USDT,SIM-001,MARGIN,USDT,[],False,{}
104583.84000000,0.00000000,104583.84000000,USDT,SIM-001,MARGIN,USDT,[],False,{}
104583.84000000,0.00000000,104583.84000000,USDT,SIM-001,MARGIN,USDT,[],False,{}
104583.84000000,0.00000000,104583.84000000,USDT,SIM-001,MARGIN,USDT,[],False,{}
104583.84000000,0.00000000,104583.84000000,USDT,SIM-001,MARGIN,USDT,[],False,{}
104583.84000000,0.00000000,104583.84000000,USDT,SIM-001,MARGIN,USDT,[],False,{}
104583.84000000,0.00000000,104583.84000000,USDT,SIM-001,MARGIN,USDT,[],False,{}
104582.84000000,0.00000000,104582.84000000,USDT,SIM-001,MARGIN,USDT,[],False,{}
104582.22000000,0.00000000,104582.22000000,USDT,SIM-001,MARGIN,USDT,[],False,{}
104582.22000000,0.00000000,104582.22000000,USDT,SIM-001,MARGIN,USDT,[],False,{}
104582.22000000,0.00000000,104582.22000000,USDT,SIM-001,MARGIN,USDT,[],False,{}
104582.22000000,0.00000000,104582.22000000,USDT,SIM-001,MARGIN,USDT,[],False,{}
104582.22000000,0.00000000,104582.22000000,USDT,SIM-001,MARGIN,USDT,[],False,{}
104582.22000000,0.00000000,104582.22000000,USDT,SIM-001,MARGIN,USDT,[],False,{}
104582.22000000,0.00000000,104582.22000000,USDT,SIM-001,MARGIN,USDT,[],False,{}
104582.88000000,0.00000000,104582.88000000,USDT,SIM-001,MARGIN,USDT,[],False,{}
104582.88000000,0.00000000,104582.88000000,USDT,SIM-001,MARGIN,USDT,[],False,{}
104582.88000000,0.00000000,104582.88000000,USDT,SIM-001,MARGIN,USDT,[],False,{}
104582.88000000,0.00000000,104582.88000000,USDT,SIM-001,MARGIN,USDT,[],False,{}
104582.88000000,0.00000000,104582.88000000,USDT,SIM-001,MARGIN,USDT,[],False,{}
104582.88000000,0.00000000,104582.88000000,USDT,SIM-001,MARGIN,USDT,[],False,{}
104582.88000000,0.00000000,104582.88000000,USDT,SIM-001,MARGIN,USDT,[],False,{}
104582.88000000,0.00000000,104582.88000000,USDT,SIM-001,MARGIN,USDT,[],False,{}
104582.88000000,0.00000000,104582.88000000,USDT,SIM-001,MARGIN,USDT,[],False,{}
104582.88000000,0.00000000,104582.88000000,USDT,SIM-001,MARGIN,USDT,[],False,{}
104634.04000000,0.00000000,104634.04000000,USDT,SIM-001,MARGIN,USDT,[],False,{}
104719.03000000,0.00000000,104719.03000000,USDT,SIM-001,MARGIN,USDT,[],False,{}
104718.33000000,0.00000000,104718.33000000,USDT,SIM-001,MARGIN,USDT,[],False,{}
104717.33000000,0.00000000,104717.33000000,USDT,SIM-001,MARGIN,USDT,[],False,{}
104717.33000000,0.00000000,104717.33000000,USDT,SIM-001,MARGIN,USDT,[],False,{}
104717.33000000,0.00000000,104717.33000000,USDT,SIM-001,MARGIN,USDT,[],False,{}
104717.33000000,0.00000000,104717.33000000,USDT,SIM-001,MARGIN,USDT,[],False,{}
104717.33000000,0.00000000,104717.33000000,USDT,SIM-001,MARGIN,USDT,[],False,{}
104716.33000000,0.00000000,104716.33000000,USDT,SIM-001,MARGIN,USDT,[],False,{}
104716.13000000,0.00000000,104716.13000000,USDT,SIM-001,MARGIN,USDT,[],False,{}
104716.13000000,0.00000000,104716.13000000,USDT,SIM-001,MARGIN,USDT,[],False,{}
104716.13000000,0.00000000,104716.13000000,USDT,SIM-001,MARGIN,USDT,[],False,{}
104716.13000000,0.00000000,104716.13000000,USDT,SIM-001,MARGIN,USDT,[],False,{}
104716.13000000,0.00000000,104716.13000000,USDT,SIM-001,MARGIN,USDT,[],False,{}
104716.13000000,0.00000000,104716.13000000,USDT,SIM-001,MARGIN,USDT,[],False,{}
104716.13000000,0.00000000,104716.13000000,USDT,SIM-001,MARGIN,USDT,[],False,{}
104643.10000000,0.00000000,104643.10000000,USDT,SIM-001,MARGIN,USDT,[],False,{}
104643.10000000,0.00000000,104643.10000000,USDT,SIM-001,MARGIN,USDT,[],False,{}
104643.10000000,0.00000000,104643.10000000,USDT,SIM-001,MARGIN,USDT,[],False,{}
104643.10000000,0.00000000,104643.10000000,USDT,SIM-001,MARGIN,USDT,[],False,{}
104643.10000000,0.00000000,104643.10000000,USDT,SIM-001,MARGIN,USDT,[],False,{}
104643.10000000,0.00000000,104643.10000000,USDT,SIM-001,MARGIN,USDT,[],False,{}
104643.10000000,0.00000000,104643.10000000,USDT,SIM-001,MARGIN,USDT,[],False,{}
104643.10000000,0.00000000,104643.10000000,USDT,SIM-001,MARGIN,USDT,[],False,{}
104643.10000000,0.00000000,104643.10000000,USDT,SIM-001,MARGIN,USDT,[],False,{}
104643.10000000,0.00000000,104643.10000000,USDT,SIM-001,MARGIN,USDT,[],False,{}
104643.10000000,0.00000000,104643.10000000,USDT,SIM-001,MARGIN,USDT,[],False,{}
104643.10000000,0.00000000,104643.10000000,USDT,SIM-001,MARGIN,USDT,[],False,{}
104643.10000000,0.00000000,104643.10000000,USDT,SIM-001,MARGIN,USDT,[],False,{}
104643.10000000,0.00000000,104643.10000000,USDT,SIM-001,MARGIN,USDT,[],False,{}
104539.72000000,0.00000000,104539.72000000,USDT,SIM-001,MARGIN,USDT,[],False,{}
104539.72000000,0.00000000,104539.72000000,USDT,SIM-001,MARGIN,USDT,[],False,{}
104539.72000000,0.00000000,104539.72000000,USDT,SIM-001,MARGIN,USDT,[],False,{}
104539.72000000,0.00000000,104539.72000000,USDT,SIM-001,MARGIN,USDT,[],False,{}
104539.72000000,0.00000000,104539.72000000,USDT,SIM-001,MARGIN,USDT,[],False,{}
104539.72000000,0.00000000,104539.72000000,USDT,SIM-001,MARGIN,USDT,[],False,{}
104539.72000000,0.00000000,104539.72000000,USDT,SIM-001,MARGIN,USDT,[],False,{}
104539.72000000,0.00000000,104539.72000000,USDT,SIM-001,MARGIN,USDT,[],False,{}
104485.45000000,0.00000000,104485.45000000,USDT,SIM-001,MARGIN,USDT,[],False,{}
104485.45000000,0.00000000,104485.45000000,USDT,SIM-001,MARGIN,USDT,[],False,{}
104483.42000000,0.00000000,104483.42000000,USDT,SIM-001,MARGIN,USDT,[],False,{}
104481.39000000,0.00000000,104481.39000000,USDT,SIM-001,MARGIN,USDT,[],False,{}
104481.39000000,0.00000000,104481.39000000,USDT,SIM-001,MARGIN,USDT,[],False,{}
104481.39000000,0.00000000,104481.39000000,USDT,SIM-001,MARGIN,USDT,[],False,{}
104481.39000000,0.00000000,104481.39000000,USDT,SIM-001,MARGIN,USDT,[],False,{}
104481.39000000,0.00000000,104481.39000000,USDT,SIM-001,MARGIN,USDT,[],False,{}
104481.39000000,0.00000000,104481.39000000,USDT,SIM-001,MARGIN,USDT,[],False,{}
104481.39000000,0.00000000,104481.39000000,USDT,SIM-001,MARGIN,USDT,[],False,{}
104480.39000000,0.00000000,104480.39000000,USDT,SIM-001,MARGIN,USDT,[],False,{}
104479.39000000,0.00000000,104479.39000000,USDT,SIM-001,MARGIN,USDT,[],False,{}
104479.39000000,0.00000000,104479.39000000,USDT,SIM-001,MARGIN,USDT,[],False,{}
104479.39000000,0.00000000,104479.39000000,USDT,SIM-001,MARGIN,USDT,[],False,{}
104479.39000000,0.00000000,104479.39000000,USDT,SIM-001,MARGIN,USDT,[],False,{}
103716.47000000,0.00000000,103716.47000000,USDT,SIM-001,MARGIN,USDT,[],False,{}
103716.47000000,0.00000000,103716.47000000,USDT,SIM-001,MARGIN,USDT,[],False,{}
103716.47000000,0.00000000,103716.47000000,USDT,SIM-001,MARGIN,USDT,[],False,{}
103716.47000000,0.00000000,103716.47000000,USDT,SIM-001,MARGIN,USDT,[],False,{}
103716.47000000,0.00000000,103716.47000000,USDT,SIM-001,MARGIN,USDT,[],False,{}
103715.47000000,0.00000000,103715.47000000,USDT,SIM-001,MARGIN,USDT,[],False,{}
103715.47000000,0.00000000,103715.47000000,USDT,SIM-001,MARGIN,USDT,[],False,{}
103715.47000000,0.00000000,103715.47000000,USDT,SIM-001,MARGIN,USDT,[],False,{}
103715.47000000,0.00000000,103715.47000000,USDT,SIM-001,MARGIN,USDT,[],False,{}
103715.47000000,0.00000000,103715.47000000,USDT,SIM-001,MARGIN,USDT,[],False,{}
103715.47000000,0.00000000,103715.47000000,USDT,SIM-001,MARGIN,USDT,[],False,{}
103715.47000000,0.00000000,103715.47000000,USDT,SIM-001,MARGIN,USDT,[],False,{}
103715.47000000,0.00000000,103715.47000000,USDT,SIM-001,MARGIN,USDT,[],False,{}
103714.47000000,0.00000000,103714.47000000,USDT,SIM-001,MARGIN,USDT,[],False,{}
103714.47000000,0.00000000,103714.47000000,USDT,SIM-001,MARGIN,USDT,[],False,{}
103714.47000000,0.00000000,103714.47000000,USDT,SIM-001,MARGIN,USDT,[],False,{}
103714.27000000,0.00000000,103714.27000000,USDT,SIM-001,MARGIN,USDT,[],False,{}
103714.27000000,0.00000000,103714.27000000,USDT,SIM-001,MARGIN,USDT,[],False,{}
103714.27000000,0.00000000,103714.27000000,USDT,SIM-001,MARGIN,USDT,[],False,{}
103714.27000000,0.00000000,103714.27000000,USDT,SIM-001,MARGIN,USDT,[],False,{}
103714.27000000,0.00000000,103714.27000000,USDT,SIM-001,MARGIN,USDT,[],False,{}
103714.27000000,0.00000000,103714.27000000,USDT,SIM-001,MARGIN,USDT,[],False,{}
103714.27000000,0.00000000,103714.27000000,USDT,SIM-001,MARGIN,USDT,[],False,{}
103714.27000000,0.00000000,103714.27000000,USDT,SIM-001,MARGIN,USDT,[],False,{}
103714.27000000,0.00000000,103714.27000000,USDT,SIM-001,MARGIN,USDT,[],False,{}
103714.27000000,0.00000000,103714.27000000,USDT,SIM-001,MARGIN,USDT,[],False,{}
103714.27000000,0.00000000,103714.27000000,USDT,SIM-001,MARGIN,USDT,[],False,{}
103714.27000000,0.00000000,103714.27000000,USDT,SIM-001,MARGIN,USDT,[],False,{}
103714.27000000,0.00000000,103714.27000000,USDT,SIM-001,MARGIN,USDT,[],False,{}
103713.48000000,0.00000000,103713.48000000,USDT,SIM-001,MARGIN,USDT,[],False,{}
103712.48000000,0.00000000,103712.48000000,USDT,SIM-001,MARGIN,USDT,[],False,{}
103712.48000000,0.00000000,103712.48000000,USDT,SIM-001,MARGIN,USDT,[],False,{}
103711.98000000,0.00000000,103711.98000000,USDT,SIM-001,MARGIN,USDT,[],False,{}
103710.98000000,0.00000000,103710.98000000,USDT,SIM-001,MARGIN,USDT,[],False,{}
103710.98000000,0.00000000,103710.98000000,USDT,SIM-001,MARGIN,USDT,[],False,{}
103710.98000000,0.00000000,103710.98000000,USDT,SIM-001,MARGIN,USDT,[],False,{}
103710.98000000,0.00000000,103710.98000000,USDT,SIM-001,MARGIN,USDT,[],False,{}
103710.98000000,0.00000000,103710.98000000,USDT,SIM-001,MARGIN,USDT,[],False,{}
103710.98000000,0.00000000,103710.98000000,USDT,SIM-001,MARGIN,USDT,[],False,{}
103709.98000000,0.00000000,103709.98000000,USDT,SIM-001,MARGIN,USDT,[],False,{}
103709.78000000,0.00000000,103709.78000000,USDT,SIM-001,MARGIN,USDT,[],False,{}
103709.78000000,0.00000000,103709.78000000,USDT,SIM-001,MARGIN,USDT,[],False,{}
103709.78000000,0.00000000,103709.78000000,USDT,SIM-001,MARGIN,USDT,[],False,{}
103709.78000000,0.00000000,103709.78000000,USDT,SIM-001,MARGIN,USDT,[],False,{}
103709.78000000,0.00000000,103709.78000000,USDT,SIM-001,MARGIN,USDT,[],False,{}
103709.78000000,0.00000000,103709.78000000,USDT,SIM-001,MARGIN,USDT,[],False,{}
103709.78000000,0.00000000,103709.78000000,USDT,SIM-001,MARGIN,USDT,[],False,{}
103709.78000000,0.00000000,103709.78000000,USDT,SIM-001,MARGIN,USDT,[],False,{}
102713.40000000,0.00000000,102713.40000000,USDT,SIM-001,MARGIN,USDT,[],False,{}
102713.40000000,0.00000000,102713.40000000,USDT,SIM-001,MARGIN,USDT,[],False,{}
102713.40000000,0.00000000,102713.40000000,USDT,SIM-001,MARGIN,USDT,[],False,{}
102713.40000000,0.00000000,102713.40000000,USDT,SIM-001,MARGIN,USDT,[],False,{}
102713.40000000,0.00000000,102713.40000000,USDT,SIM-001,MARGIN,USDT,[],False,{}
102712.40000000,0.00000000,102712.40000000,USDT,SIM-001,MARGIN,USDT,[],False,{}
102711.90000000,0.00000000,102711.90000000,USDT,SIM-001,MARGIN,USDT,[],False,{}
102824.54000000,0.00000000,102824.54000000,USDT,SIM-001,MARGIN,USDT,[],False,{}
102856.50000000,0.00000000,102856.50000000,USDT,SIM-001,MARGIN,USDT,[],False,{}
102856.50000000,0.00000000,102856.50000000,USDT,SIM-001,MARGIN,USDT,[],False,{}
102856.50000000,0.00000000,102856.50000000,USDT,SIM-001,MARGIN,USDT,[],False,{}
102856.50000000,0.00000000,102856.50000000,USDT,SIM-001,MARGIN,USDT,[],False,{}
102856.50000000,0.00000000,102856.50000000,USDT,SIM-001,MARGIN,USDT,[],False,{}
102886.52000000,0.00000000,102886.52000000,USDT,SIM-001,MARGIN,USDT,[],False,{}
102886.52000000,0.00000000,102886.52000000,USDT,SIM-001,MARGIN,USDT,[],False,{}
102886.52000000,0.00000000,102886.52000000,USDT,SIM-001,MARGIN,USDT,[],False,{}
102886.52000000,0.00000000,102886.52000000,USDT,SIM-001,MARGIN,USDT,[],False,{}
102886.52000000,0.00000000,102886.52000000,USDT,SIM-001,MARGIN,USDT,[],False,{}
102886.52000000,0.00000000,102886.52000000,USDT,SIM-001,MARGIN,USDT,[],False,{}
102886.52000000,0.00000000,102886.52000000,USDT,SIM-001,MARGIN,USDT,[],False,{}
102886.52000000,0.00000000,102886.52000000,USDT,SIM-001,MARGIN,USDT,[],False,{}
102886.52000000,0.00000000,102886.52000000,USDT,SIM-001,MARGIN,USDT,[],False,{}
102928.78000000,0.00000000,102928.78000000,USDT,SIM-001,MARGIN,USDT,[],False,{}
102928.78000000,0.00000000,102928.78000000,USDT,SIM-001,MARGIN,USDT,[],False,{}
102927.99000000,0.00000000,102927.99000000,USDT,SIM-001,MARGIN,USDT,[],False,{}
102927.99000000,0.00000000,102927.99000000,USDT,SIM-001,MARGIN,USDT,[],False,{}
102927.99000000,0.00000000,102927.99000000,USDT,SIM-001,MARGIN,USDT,[],False,{}
102927.99000000,0.00000000,102927.99000000,USDT,SIM-001,MARGIN,USDT,[],False,{}
102927.99000000,0.00000000,102927.99000000,USDT,SIM-001,MARGIN,USDT,[],False,{}
103177.72000000,0.00000000,103177.72000000,USDT,SIM-001,MARGIN,USDT,[],False,{}
103223.38000000,0.00000000,103223.38000000,USDT,SIM-001,MARGIN,USDT,[],False,{}
103223.38000000,0.00000000,103223.38000000,USDT,SIM-001,MARGIN,USDT,[],False,{}
103222.38000000,0.00000000,103222.38000000,USDT,SIM-001,MARGIN,USDT,[],False,{}
103222.38000000,0.00000000,103222.38000000,USDT,SIM-001,MARGIN,USDT,[],False,{}
103222.38000000,0.00000000,103222.38000000,USDT,SIM-001,MARGIN,USDT,[],False,{}
103222.38000000,0.00000000,103222.38000000,USDT,SIM-001,MARGIN,USDT,[],False,{}
103222.38000000,0.00000000,103222.38000000,USDT,SIM-001,MARGIN,USDT,[],False,{}
103222.38000000,0.00000000,103222.38000000,USDT,SIM-001,MARGIN,USDT,[],False,{}
103222.38000000,0.00000000,103222.38000000,USDT,SIM-001,MARGIN,USDT,[],False,{}
103222.38000000,0.00000000,103222.38000000,USDT,SIM-001,MARGIN,USDT,[],False,{}
103321.83000000,0.00000000,103321.83000000,USDT,SIM-001,MARGIN,USDT,[],False,{}
103321.83000000,0.00000000,103321.83000000,USDT,SIM-001,MARGIN,USDT,[],False,{}
103451.19000000,0.00000000,103451.19000000,USDT,SIM-001,MARGIN,USDT,[],False,{}
103451.19000000,0.00000000,103451.19000000,USDT,SIM-001,MARGIN,USDT,[],False,{}
103450.19000000,0.00000000,103450.19000000,USDT,SIM-001,MARGIN,USDT,[],False,{}
103450.19000000,0.00000000,103450.19000000,USDT,SIM-001,MARGIN,USDT,[],False,{}
103450.19000000,0.00000000,103450.19000000,USDT,SIM-001,MARGIN,USDT,[],False,{}
103450.19000000,0.00000000,103450.19000000,USDT,SIM-001,MARGIN,USDT,[],False,{}
103450.19000000,0.00000000,103450.19000000,USDT,SIM-001,MARGIN,USDT,[],False,{}
103645.11000000,0.00000000,103645.11000000,USDT,SIM-001,MARGIN,USDT,[],False,{}
103699.46000000,0.00000000,103699.46000000,USDT,SIM-001,MARGIN,USDT,[],False,{}
103699.46000000,0.00000000,103699.46000000,USDT,SIM-001,MARGIN,USDT,[],False,{}
103698.46000000,0.00000000,103698.46000000,USDT,SIM-001,MARGIN,USDT,[],False,{}
103698.46000000,0.00000000,103698.46000000,USDT,SIM-001,MARGIN,USDT,[],False,{}
103698.46000000,0.00000000,103698.46000000,USDT,SIM-001,MARGIN,USDT,[],False,{}
103698.46000000,0.00000000,103698.46000000,USDT,SIM-001,MARGIN,USDT,[],False,{}
103698.46000000,0.00000000,103698.46000000,USDT,SIM-001,MARGIN,USDT,[],False,{}
103698.46000000,0.00000000,103698.46000000,USDT,SIM-001,MARGIN,USDT,[],False,{}
103698.46000000,0.00000000,103698.46000000,USDT,SIM-001,MARGIN,USDT,[],False,{}
103698.46000000,0.00000000,103698.46000000,USDT,SIM-001,MARGIN,USDT,[],False,{}
103698.46000000,0.00000000,103698.46000000,USDT,SIM-001,MARGIN,USDT,[],False,{}
103698.46000000,0.00000000,103698.46000000,USDT,SIM-001,MARGIN,USDT,[],False,{}
103697.46000000,0.00000000,103697.46000000,USDT,SIM-001,MARGIN,USDT,[],False,{}
103697.26000000,0.00000000,103697.26000000,USDT,SIM-001,MARGIN,USDT,[],False,{}
103697.26000000,0.00000000,103697.26000000,USDT,SIM-001,MARGIN,USDT,[],False,{}
103697.26000000,0.00000000,103697.26000000,USDT,SIM-001,MARGIN,USDT,[],False,{}
103697.26000000,0.00000000,103697.26000000,USDT,SIM-001,MARGIN,USDT,[],False,{}
103697.26000000,0.00000000,103697.26000000,USDT,SIM-001,MARGIN,USDT,[],False,{}
103697.26000000,0.00000000,103697.26000000,USDT,SIM-001,MARGIN,USDT,[],False,{}
103697.26000000,0.00000000,103697.26000000,USDT,SIM-001,MARGIN,USDT,[],False,{}
103697.26000000,0.00000000,103697.26000000,USDT,SIM-001,MARGIN,USDT,[],False,{}
103697.26000000,0.00000000,103697.26000000,USDT,SIM-001,MARGIN,USDT,[],False,{}
103696.26000000,0.00000000,103696.26000000,USDT,SIM-001,MARGIN,USDT,[],False,{}
103696.06000000,0.00000000,103696.06000000,USDT,SIM-001,MARGIN,USDT,[],False,{}
103696.06000000,0.00000000,103696.06000000,USDT,SIM-001,MARGIN,USDT,[],False,{}
103696.06000000,0.00000000,103696.06000000,USDT,SIM-001,MARGIN,USDT,[],False,{}
103696.06000000,0.00000000,103696.06000000,USDT,SIM-001,MARGIN,USDT,[],False,{}
102379.26000000,0.00000000,102379.26000000,USDT,SIM-001,MARGIN,USDT,[],False,{}
102379.26000000,0.00000000,102379.26000000,USDT,SIM-001,MARGIN,USDT,[],False,{}
102379.26000000,0.00000000,102379.26000000,USDT,SIM-001,MARGIN,USDT,[],False,{}
102379.26000000,0.00000000,102379.26000000,USDT,SIM-001,MARGIN,USDT,[],False,{}
102379.26000000,0.00000000,102379.26000000,USDT,SIM-001,MARGIN,USDT,[],False,{}
102378.26000000,0.00000000,102378.26000000,USDT,SIM-001,MARGIN,USDT,[],False,{}
102378.06000000,0.00000000,102378.06000000,USDT,SIM-001,MARGIN,USDT,[],False,{}
102378.06000000,0.00000000,102378.06000000,USDT,SIM-001,MARGIN,USDT,[],False,{}
102378.06000000,0.00000000,102378.06000000,USDT,SIM-001,MARGIN,USDT,[],False,{}
102378.06000000,0.00000000,102378.06000000,USDT,SIM-001,MARGIN,USDT,[],False,{}
102121.44000000,0.00000000,102121.44000000,USDT,SIM-001,MARGIN,USDT,[],False,{}
102121.44000000,0.00000000,102121.44000000,USDT,SIM-001,MARGIN,USDT,[],False,{}
102121.44000000,0.00000000,102121.44000000,USDT,SIM-001,MARGIN,USDT,[],False,{}
102121.44000000,0.00000000,102121.44000000,USDT,SIM-001,MARGIN,USDT,[],False,{}
102121.44000000,0.00000000,102121.44000000,USDT,SIM-001,MARGIN,USDT,[],False,{}
102120.48000000,0.00000000,102120.48000000,USDT,SIM-001,MARGIN,USDT,[],False,{}
102120.48000000,0.00000000,102120.48000000,USDT,SIM-001,MARGIN,USDT,[],False,{}
102120.48000000,0.00000000,102120.48000000,USDT,SIM-001,MARGIN,USDT,[],False,{}
102119.48000000,0.00000000,102119.48000000,USDT,SIM-001,MARGIN,USDT,[],False,{}
102119.48000000,0.00000000,102119.48000000,USDT,SIM-001,MARGIN,USDT,[],False,{}
102119.48000000,0.00000000,102119.48000000,USDT,SIM-001,MARGIN,USDT,[],False,{}
102119.48000000,0.00000000,102119.48000000,USDT,SIM-001,MARGIN,USDT,[],False,{}
102119.48000000,0.00000000,102119.48000000,USDT,SIM-001,MARGIN,USDT,[],False,{}
102119.48000000,0.00000000,102119.48000000,USDT,SIM-001,MARGIN,USDT,[],False,{}
102119.48000000,0.00000000,102119.48000000,USDT,SIM-001,MARGIN,USDT,[],False,{}
102119.48000000,0.00000000,102119.48000000,USDT,SIM-001,MARGIN,USDT,[],False,{}
102119.48000000,0.00000000,102119.48000000,USDT,SIM-001,MARGIN,USDT,[],False,{}
102119.48000000,0.00000000,102119.48000000,USDT,SIM-001,MARGIN,USDT,[],False,{}
102119.48000000,0.00000000,102119.48000000,USDT,SIM-001,MARGIN,USDT,[],False,{}
102119.48000000,0.00000000,102119.48000000,USDT,SIM-001,MARGIN,USDT,[],False,{}
102119.48000000,0.00000000,102119.48000000,USDT,SIM-001,MARGIN,USDT,[],False,{}
102097.26000000,0.00000000,102097.26000000,USDT,SIM-001,MARGIN,USDT,[],False,{}
102148.12000000,0.00000000,102148.12000000,USDT,SIM-001,MARGIN,USDT,[],False,{}
102148.12000000,0.00000000,102148.12000000,USDT,SIM-001,MARGIN,USDT,[],False,{}
102148.12000000,0.00000000,102148.12000000,USDT,SIM-001,MARGIN,USDT,[],False,{}
102148.12000000,0.00000000,102148.12000000,USDT,SIM-001,MARGIN,USDT,[],False,{}
102186.45000000,0.00000000,102186.45000000,USDT,SIM-001,MARGIN,USDT,[],False,{}
102186.45000000,0.00000000,102186.45000000,USDT,SIM-001,MARGIN,USDT,[],False,{}
102186.45000000,0.00000000,102186.45000000,USDT,SIM-001,MARGIN,USDT,[],False,{}
102186.45000000,0.00000000,102186.45000000,USDT,SIM-001,MARGIN,USDT,[],False,{}
102186.45000000,0.00000000,102186.45000000,USDT,SIM-001,MARGIN,USDT,[],False,{}
102185.45000000,0.00000000,102185.45000000,USDT,SIM-001,MARGIN,USDT,[],False,{}
102185.45000000,0.00000000,102185.45000000,USDT,SIM-001,MARGIN,USDT,[],False,{}
102185.45000000,0.00000000,102185.45000000,USDT,SIM-001,MARGIN,USDT,[],False,{}
102184.45000000,0.00000000,102184.45000000,USDT,SIM-001,MARGIN,USDT,[],False,{}
102184.45000000,0.00000000,102184.45000000,USDT,SIM-001,MARGIN,USDT,[],False,{}
102184.45000000,0.00000000,102184.45000000,USDT,SIM-001,MARGIN,USDT,[],False,{}
102184.45000000,0.00000000,102184.45000000,USDT,SIM-001,MARGIN,USDT,[],False,{}
102184.45000000,0.00000000,102184.45000000,USDT,SIM-001,MARGIN,USDT,[],False,{}
102184.45000000,0.00000000,102184.45000000,USDT,SIM-001,MARGIN,USDT,[],False,{}
102184.45000000,0.00000000,102184.45000000,USDT,SIM-001,MARGIN,USDT,[],False,{}
102184.45000000,0.00000000,102184.45000000,USDT,SIM-001,MARGIN,USDT,[],False,{}
102184.45000000,0.00000000,102184.45000000,USDT,SIM-001,MARGIN,USDT,[],False,{}
102219.99000000,0.00000000,102219.99000000,USDT,SIM-001,MARGIN,USDT,[],False,{}
102219.99000000,0.00000000,102219.99000000,USDT,SIM-001,MARGIN,USDT,[],False,{}
102337.03000000,0.00000000,102337.03000000,USDT,SIM-001,MARGIN,USDT,[],False,{}
102339.77000000,0.00000000,102339.77000000,USDT,SIM-001,MARGIN,USDT,[],False,{}
102339.77000000,0.00000000,102339.77000000,USDT,SIM-001,MARGIN,USDT,[],False,{}
102339.77000000,0.00000000,102339.77000000,USDT,SIM-001,MARGIN,USDT,[],False,{}
102339.77000000,0.00000000,102339.77000000,USDT,SIM-001,MARGIN,USDT,[],False,{}
102339.77000000,0.00000000,102339.77000000,USDT,SIM-001,MARGIN,USDT,[],False,{}
102339.77000000,0.00000000,102339.77000000,USDT,SIM-001,MARGIN,USDT,[],False,{}
102339.77000000,0.00000000,102339.77000000,USDT,SIM-001,MARGIN,USDT,[],False,{}
102339.77000000,0.00000000,102339.77000000,USDT,SIM-001,MARGIN,USDT,[],False,{}
102577.27000000,0.00000000,102577.27000000,USDT,SIM-001,MARGIN,USDT,[],False,{}
102577.27000000,0.00000000,102577.27000000,USDT,SIM-001,MARGIN,USDT,[],False,{}
102576.27000000,0.00000000,102576.27000000,USDT,SIM-001,MARGIN,USDT,[],False,{}
102575.27000000,0.00000000,102575.27000000,USDT,SIM-001,MARGIN,USDT,[],False,{}
102574.27000000,0.00000000,102574.27000000,USDT,SIM-001,MARGIN,USDT,[],False,{}
102574.27000000,0.00000000,102574.27000000,USDT,SIM-001,MARGIN,USDT,[],False,{}
102574.27000000,0.00000000,102574.27000000,USDT,SIM-001,MARGIN,USDT,[],False,{}
102574.27000000,0.00000000,102574.27000000,USDT,SIM-001,MARGIN,USDT,[],False,{}
102574.27000000,0.00000000,102574.27000000,USDT,SIM-001,MARGIN,USDT,[],False,{}
102574.27000000,0.00000000,102574.27000000,USDT,SIM-001,MARGIN,USDT,[],False,{}
102574.27000000,0.00000000,102574.27000000,USDT,SIM-001,MARGIN,USDT,[],False,{}
102574.27000000,0.00000000,102574.27000000,USDT,SIM-001,MARGIN,USDT,[],False,{}
102574.27000000,0.00000000,102574.27000000,USDT,SIM-001,MARGIN,USDT,[],False,{}
102712.12000000,0.00000000,102712.12000000,USDT,SIM-001,MARGIN,USDT,[],False,{}
102910.94000000,0.00000000,102910.94000000,USDT,SIM-001,MARGIN,USDT,[],False,{}
102910.94000000,0.00000000,102910.94000000,USDT,SIM-001,MARGIN,USDT,[],False,{}
102910.94000000,0.00000000,102910.94000000,USDT,SIM-001,MARGIN,USDT,[],False,{}
102910.94000000,0.00000000,102910.94000000,USDT,SIM-001,MARGIN,USDT,[],False,{}
103464.99000000,0.00000000,103464.99000000,USDT,SIM-001,MARGIN,USDT,[],False,{}
103464.99000000,0.00000000,103464.99000000,USDT,SIM-001,MARGIN,USDT,[],False,{}
103464.99000000,0.00000000,103464.99000000,USDT,SIM-001,MARGIN,USDT,[],False,{}
103464.99000000,0.00000000,103464.99000000,USDT,SIM-001,MARGIN,USDT,[],False,{}
103464.99000000,0.00000000,103464.99000000,USDT,SIM-001,MARGIN,USDT,[],False,{}
103463.99000000,0.00000000,103463.99000000,USDT,SIM-001,MARGIN,USDT,[],False,{}
103636.05000000,0.00000000,103636.05000000,USDT,SIM-001,MARGIN,USDT,[],False,{}
103636.05000000,0.00000000,103636.05000000,USDT,SIM-001,MARGIN,USDT,[],False,{}
103636.05000000,0.00000000,103636.05000000,USDT,SIM-001,MARGIN,USDT,[],False,{}
103636.05000000,0.00000000,103636.05000000,USDT,SIM-001,MARGIN,USDT,[],False,{}
103644.36000000,0.00000000,103644.36000000,USDT,SIM-001,MARGIN,USDT,[],False,{}
103644.36000000,0.00000000,103644.36000000,USDT,SIM-001,MARGIN,USDT,[],False,{}
103643.36000000,0.00000000,103643.36000000,USDT,SIM-001,MARGIN,USDT,[],False,{}
103643.36000000,0.00000000,103643.36000000,USDT,SIM-001,MARGIN,USDT,[],False,{}
103643.36000000,0.00000000,103643.36000000,USDT,SIM-001,MARGIN,USDT,[],False,{}
103643.36000000,0.00000000,103643.36000000,USDT,SIM-001,MARGIN,USDT,[],False,{}
103643.36000000,0.00000000,103643.36000000,USDT,SIM-001,MARGIN,USDT,[],False,{}
103643.36000000,0.00000000,103643.36000000,USDT,SIM-001,MARGIN,USDT,[],False,{}
103643.36000000,0.00000000,103643.36000000,USDT,SIM-001,MARGIN,USDT,[],False,{}
103642.36000000,0.00000000,103642.36000000,USDT,SIM-001,MARGIN,USDT,[],False,{}
103642.16000000,0.00000000,103642.16000000,USDT,SIM-001,MARGIN,USDT,[],False,{}
103642.16000000,0.00000000,103642.16000000,USDT,SIM-001,MARGIN,USDT,[],False,{}
103642.16000000,0.00000000,103642.16000000,USDT,SIM-001,MARGIN,USDT,[],False,{}
103642.16000000,0.00000000,103642.16000000,USDT,SIM-001,MARGIN,USDT,[],False,{}
103642.16000000,0.00000000,103642.16000000,USDT,SIM-001,MARGIN,USDT,[],False,{}
103642.16000000,0.00000000,103642.16000000,USDT,SIM-001,MARGIN,USDT,[],False,{}
103642.16000000,0.00000000,103642.16000000,USDT,SIM-001,MARGIN,USDT,[],False,{}
103642.16000000,0.00000000,103642.16000000,USDT,SIM-001,MARGIN,USDT,[],False,{}
103161.37000000,0.00000000,103161.37000000,USDT,SIM-001,MARGIN,USDT,[],False,{}
103161.37000000,0.00000000,103161.37000000,USDT,SIM-001,MARGIN,USDT,[],False,{}
103161.37000000,0.00000000,103161.37000000,USDT,SIM-001,MARGIN,USDT,[],False,{}
103161.37000000,0.00000000,103161.37000000,USDT,SIM-001,MARGIN,USDT,[],False,{}
103161.37000000,0.00000000,103161.37000000,USDT,SIM-001,MARGIN,USDT,[],False,{}
103160.37000000,0.00000000,103160.37000000,USDT,SIM-001,MARGIN,USDT,[],False,{}
103159.37000000,0.00000000,103159.37000000,USDT,SIM-001,MARGIN,USDT,[],False,{}
103159.37000000,0.00000000,103159.37000000,USDT,SIM-001,MARGIN,USDT,[],False,{}
103159.37000000,0.00000000,103159.37000000,USDT,SIM-001,MARGIN,USDT,[],False,{}
103159.37000000,0.00000000,103159.37000000,USDT,SIM-001,MARGIN,USDT,[],False,{}
102874.53000000,0.00000000,102874.53000000,USDT,SIM-001,MARGIN,USDT,[],False,{}
102874.53000000,0.00000000,102874.53000000,USDT,SIM-001,MARGIN,USDT,[],False,{}
102874.53000000,0.00000000,102874.53000000,USDT,SIM-001,MARGIN,USDT,[],False,{}
102874.53000000,0.00000000,102874.53000000,USDT,SIM-001,MARGIN,USDT,[],False,{}
102874.53000000,0.00000000,102874.53000000,USDT,SIM-001,MARGIN,USDT,[],False,{}
102873.53000000,0.00000000,102873.53000000,USDT,SIM-001,MARGIN,USDT,[],False,{}
102873.33000000,0.00000000,102873.33000000,USDT,SIM-001,MARGIN,USDT,[],False,{}
102873.33000000,0.00000000,102873.33000000,USDT,SIM-001,MARGIN,USDT,[],False,{}
102873.33000000,0.00000000,102873.33000000,USDT,SIM-001,MARGIN,USDT,[],False,{}
102873.33000000,0.00000000,102873.33000000,USDT,SIM-001,MARGIN,USDT,[],False,{}
102873.33000000,0.00000000,102873.33000000,USDT,SIM-001,MARGIN,USDT,[],False,{}
102873.33000000,0.00000000,102873.33000000,USDT,SIM-001,MARGIN,USDT,[],False,{}
102873.33000000,0.00000000,102873.33000000,USDT,SIM-001,MARGIN,USDT,[],False,{}
102872.33000000,0.00000000,102872.33000000,USDT,SIM-001,MARGIN,USDT,[],False,{}
102871.33000000,0.00000000,102871.33000000,USDT,SIM-001,MARGIN,USDT,[],False,{}
102871.33000000,0.00000000,102871.33000000,USDT,SIM-001,MARGIN,USDT,[],False,{}
102871.33000000,0.00000000,102871.33000000,USDT,SIM-001,MARGIN,USDT,[],False,{}
102871.33000000,0.00000000,102871.33000000,USDT,SIM-001,MARGIN,USDT,[],False,{}
102238.02000000,0.00000000,102238.02000000,USDT,SIM-001,MARGIN,USDT,[],False,{}
102238.02000000,0.00000000,102238.02000000,USDT,SIM-001,MARGIN,USDT,[],False,{}
102238.02000000,0.00000000,102238.02000000,USDT,SIM-001,MARGIN,USDT,[],False,{}
102238.02000000,0.00000000,102238.02000000,USDT,SIM-001,MARGIN,USDT,[],False,{}
102238.02000000,0.00000000,102238.02000000,USDT,SIM-001,MARGIN,USDT,[],False,{}
102237.11000000,0.00000000,102237.11000000,USDT,SIM-001,MARGIN,USDT,[],False,{}
102236.11000000,0.00000000,102236.11000000,USDT,SIM-001,MARGIN,USDT,[],False,{}
102236.11000000,0.00000000,102236.11000000,USDT,SIM-001,MARGIN,USDT,[],False,{}
102236.11000000,0.00000000,102236.11000000,USDT,SIM-001,MARGIN,USDT,[],False,{}
102236.11000000,0.00000000,102236.11000000,USDT,SIM-001,MARGIN,USDT,[],False,{}
102026.47000000,0.00000000,102026.47000000,USDT,SIM-001,MARGIN,USDT,[],False,{}
102026.47000000,0.00000000,102026.47000000,USDT,SIM-001,MARGIN,USDT,[],False,{}
102026.47000000,0.00000000,102026.47000000,USDT,SIM-001,MARGIN,USDT,[],False,{}
102026.47000000,0.00000000,102026.47000000,USDT,SIM-001,MARGIN,USDT,[],False,{}
102026.47000000,0.00000000,102026.47000000,USDT,SIM-001,MARGIN,USDT,[],False,{}
102025.47000000,0.00000000,102025.47000000,USDT,SIM-001,MARGIN,USDT,[],False,{}
102025.47000000,0.00000000,102025.47000000,USDT,SIM-001,MARGIN,USDT,[],False,{}
102025.47000000,0.00000000,102025.47000000,USDT,SIM-001,MARGIN,USDT,[],False,{}
102025.47000000,0.00000000,102025.47000000,USDT,SIM-001,MARGIN,USDT,[],False,{}
102025.47000000,0.00000000,102025.47000000,USDT,SIM-001,MARGIN,USDT,[],False,{}
102025.47000000,0.00000000,102025.47000000,USDT,SIM-001,MARGIN,USDT,[],False,{}
102025.47000000,0.00000000,102025.47000000,USDT,SIM-001,MARGIN,USDT,[],False,{}
102025.47000000,0.00000000,102025.47000000,USDT,SIM-001,MARGIN,USDT,[],False,{}
102025.47000000,0.00000000,102025.47000000,USDT,SIM-001,MARGIN,USDT,[],False,{}
102025.47000000,0.00000000,102025.47000000,USDT,SIM-001,MARGIN,USDT,[],False,{}
102025.47000000,0.00000000,102025.47000000,USDT,SIM-001,MARGIN,USDT,[],False,{}
102025.47000000,0.00000000,102025.47000000,USDT,SIM-001,MARGIN,USDT,[],False,{}
102024.47000000,0.00000000,102024.47000000,USDT,SIM-001,MARGIN,USDT,[],False,{}
102024.47000000,0.00000000,102024.47000000,USDT,SIM-001,MARGIN,USDT,[],False,{}
102024.47000000,0.00000000,102024.47000000,USDT,SIM-001,MARGIN,USDT,[],False,{}
102024.27000000,0.00000000,102024.27000000,USDT,SIM-001,MARGIN,USDT,[],False,{}
102024.27000000,0.00000000,102024.27000000,USDT,SIM-001,MARGIN,USDT,[],False,{}
102024.27000000,0.00000000,102024.27000000,USDT,SIM-001,MARGIN,USDT,[],False,{}
102024.27000000,0.00000000,102024.27000000,USDT,SIM-001,MARGIN,USDT,[],False,{}
102024.27000000,0.00000000,102024.27000000,USDT,SIM-001,MARGIN,USDT,[],False,{}
102024.27000000,0.00000000,102024.27000000,USDT,SIM-001,MARGIN,USDT,[],False,{}
101319.61000000,0.00000000,101319.61000000,USDT,SIM-001,MARGIN,USDT,[],False,{}
101319.61000000,0.00000000,101319.61000000,USDT,SIM-001,MARGIN,USDT,[],False,{}
101319.61000000,0.00000000,101319.61000000,USDT,SIM-001,MARGIN,USDT,[],False,{}
101319.61000000,0.00000000,101319.61000000,USDT,SIM-001,MARGIN,USDT,[],False,{}
101319.61000000,0.00000000,101319.61000000,USDT,SIM-001,MARGIN,USDT,[],False,{}
101318.61000000,0.00000000,101318.61000000,USDT,SIM-001,MARGIN,USDT,[],False,{}
101318.61000000,0.00000000,101318.61000000,USDT,SIM-001,MARGIN,USDT,[],False,{}
101318.61000000,0.00000000,101318.61000000,USDT,SIM-001,MARGIN,USDT,[],False,{}
101443.18000000,0.00000000,101443.18000000,USDT,SIM-001,MARGIN,USDT,[],False,{}
101443.18000000,0.00000000,101443.18000000,USDT,SIM-001,MARGIN,USDT,[],False,{}
101442.18000000,0.00000000,101442.18000000,USDT,SIM-001,MARGIN,USDT,[],False,{}
101442.18000000,0.00000000,101442.18000000,USDT,SIM-001,MARGIN,USDT,[],False,{}
101442.18000000,0.00000000,101442.18000000,USDT,SIM-001,MARGIN,USDT,[],False,{}
101442.18000000,0.00000000,101442.18000000,USDT,SIM-001,MARGIN,USDT,[],False,{}
101442.18000000,0.00000000,101442.18000000,USDT,SIM-001,MARGIN,USDT,[],False,{}
101442.18000000,0.00000000,101442.18000000,USDT,SIM-001,MARGIN,USDT,[],False,{}
101442.18000000,0.00000000,101442.18000000,USDT,SIM-001,MARGIN,USDT,[],False,{}
101442.18000000,0.00000000,101442.18000000,USDT,SIM-001,MARGIN,USDT,[],False,{}
101442.18000000,0.00000000,101442.18000000,USDT,SIM-001,MARGIN,USDT,[],False,{}
101442.18000000,0.00000000,101442.18000000,USDT,SIM-001,MARGIN,USDT,[],False,{}
101441.18000000,0.00000000,101441.18000000,USDT,SIM-001,MARGIN,USDT,[],False,{}
101441.18000000,0.00000000,101441.18000000,USDT,SIM-001,MARGIN,USDT,[],False,{}
101441.18000000,0.00000000,101441.18000000,USDT,SIM-001,MARGIN,USDT,[],False,{}
101441.18000000,0.00000000,101441.18000000,USDT,SIM-001,MARGIN,USDT,[],False,{}
101441.18000000,0.00000000,101441.18000000,USDT,SIM-001,MARGIN,USDT,[],False,{}
101441.18000000,0.00000000,101441.18000000,USDT,SIM-001,MARGIN,USDT,[],False,{}
101441.18000000,0.00000000,101441.18000000,USDT,SIM-001,MARGIN,USDT,[],False,{}
101441.18000000,0.00000000,101441.18000000,USDT,SIM-001,MARGIN,USDT,[],False,{}
101441.18000000,0.00000000,101441.18000000,USDT,SIM-001,MARGIN,USDT,[],False,{}
101441.18000000,0.00000000,101441.18000000,USDT,SIM-001,MARGIN,USDT,[],False,{}
101441.18000000,0.00000000,101441.18000000,USDT,SIM-001,MARGIN,USDT,[],False,{}
101441.18000000,0.00000000,101441.18000000,USDT,SIM-001,MARGIN,USDT,[],False,{}
101497.10000000,0.00000000,101497.10000000,USDT,SIM-001,MARGIN,USDT,[],False,{}
101594.13000000,0.00000000,101594.13000000,USDT,SIM-001,MARGIN,USDT,[],False,{}
101594.13000000,0.00000000,101594.13000000,USDT,SIM-001,MARGIN,USDT,[],False,{}
101594.13000000,0.00000000,101594.13000000,USDT,SIM-001,MARGIN,USDT,[],False,{}
101594.13000000,0.00000000,101594.13000000,USDT,SIM-001,MARGIN,USDT,[],False,{}
101621.51000000,0.00000000,101621.51000000,USDT,SIM-001,MARGIN,USDT,[],False,{}
101621.51000000,0.00000000,101621.51000000,USDT,SIM-001,MARGIN,USDT,[],False,{}
101621.51000000,0.00000000,101621.51000000,USDT,SIM-001,MARGIN,USDT,[],False,{}
101621.51000000,0.00000000,101621.51000000,USDT,SIM-001,MARGIN,USDT,[],False,{}
101621.51000000,0.00000000,101621.51000000,USDT,SIM-001,MARGIN,USDT,[],False,{}
101620.51000000,0.00000000,101620.51000000,USDT,SIM-001,MARGIN,USDT,[],False,{}
101620.31000000,0.00000000,101620.31000000,USDT,SIM-001,MARGIN,USDT,[],False,{}
101620.31000000,0.00000000,101620.31000000,USDT,SIM-001,MARGIN,USDT,[],False,{}
101620.31000000,0.00000000,101620.31000000,USDT,SIM-001,MARGIN,USDT,[],False,{}
101620.31000000,0.00000000,101620.31000000,USDT,SIM-001,MARGIN,USDT,[],False,{}
101289.99000000,0.00000000,101289.99000000,USDT,SIM-001,MARGIN,USDT,[],False,{}
101289.99000000,0.00000000,101289.99000000,USDT,SIM-001,MARGIN,USDT,[],False,{}
101289.99000000,0.00000000,101289.99000000,USDT,SIM-001,MARGIN,USDT,[],False,{}
101289.99000000,0.00000000,101289.99000000,USDT,SIM-001,MARGIN,USDT,[],False,{}
101289.99000000,0.00000000,101289.99000000,USDT,SIM-001,MARGIN,USDT,[],False,{}
101288.99000000,0.00000000,101288.99000000,USDT,SIM-001,MARGIN,USDT,[],False,{}
101288.99000000,0.00000000,101288.99000000,USDT,SIM-001,MARGIN,USDT,[],False,{}
101288.99000000,0.00000000,101288.99000000,USDT,SIM-001,MARGIN,USDT,[],False,{}
101288.99000000,0.00000000,101288.99000000,USDT,SIM-001,MARGIN,USDT,[],False,{}
101288.99000000,0.00000000,101288.99000000,USDT,SIM-001,MARGIN,USDT,[],False,{}
101288.99000000,0.00000000,101288.99000000,USDT,SIM-001,MARGIN,USDT,[],False,{}
101288.99000000,0.00000000,101288.99000000,USDT,SIM-001,MARGIN,USDT,[],False,{}
101288.99000000,0.00000000,101288.99000000,USDT,SIM-001,MARGIN,USDT,[],False,{}
101288.99000000,0.00000000,101288.99000000,USDT,SIM-001,MARGIN,USDT,[],False,{}
101342.43000000,0.00000000,101342.43000000,USDT,SIM-001,MARGIN,USDT,[],False,{}
101342.43000000,0.00000000,101342.43000000,USDT,SIM-001,MARGIN,USDT,[],False,{}
101342.43000000,0.00000000,101342.43000000,USDT,SIM-001,MARGIN,USDT,[],False,{}
101342.43000000,0.00000000,101342.43000000,USDT,SIM-001,MARGIN,USDT,[],False,{}
101342.43000000,0.00000000,101342.43000000,USDT,SIM-001,MARGIN,USDT,[],False,{}
101341.43000000,0.00000000,101341.43000000,USDT,SIM-001,MARGIN,USDT,[],False,{}
101340.43000000,0.00000000,101340.43000000,USDT,SIM-001,MARGIN,USDT,[],False,{}
101340.43000000,0.00000000,101340.43000000,USDT,SIM-001,MARGIN,USDT,[],False,{}
101340.43000000,0.00000000,101340.43000000,USDT,SIM-001,MARGIN,USDT,[],False,{}
101340.43000000,0.00000000,101340.43000000,USDT,SIM-001,MARGIN,USDT,[],False,{}
101340.43000000,0.00000000,101340.43000000,USDT,SIM-001,MARGIN,USDT,[],False,{}
101340.43000000,0.00000000,101340.43000000,USDT,SIM-001,MARGIN,USDT,[],False,{}
101340.43000000,0.00000000,101340.43000000,USDT,SIM-001,MARGIN,USDT,[],False,{}
101340.43000000,0.00000000,101340.43000000,USDT,SIM-001,MARGIN,USDT,[],False,{}
101340.43000000,0.00000000,101340.43000000,USDT,SIM-001,MARGIN,USDT,[],False,{}
101340.43000000,0.00000000,101340.43000000,USDT,SIM-001,MARGIN,USDT,[],False,{}
101340.43000000,0.00000000,101340.43000000,USDT,SIM-001,MARGIN,USDT,[],False,{}
101340.43000000,0.00000000,101340.43000000,USDT,SIM-001,MARGIN,USDT,[],False,{}
101467.49000000,0.00000000,101467.49000000,USDT,SIM-001,MARGIN,USDT,[],False,{}
101467.49000000,0.00000000,101467.49000000,USDT,SIM-001,MARGIN,USDT,[],False,{}
101467.49000000,0.00000000,101467.49000000,USDT,SIM-001,MARGIN,USDT,[],False,{}
101467.49000000,0.00000000,101467.49000000,USDT,SIM-001,MARGIN,USDT,[],False,{}
101467.49000000,0.00000000,101467.49000000,USDT,SIM-001,MARGIN,USDT,[],False,{}
101466.49000000,0.00000000,101466.49000000,USDT,SIM-001,MARGIN,USDT,[],False,{}
101466.49000000,0.00000000,101466.49000000,USDT,SIM-001,MARGIN,USDT,[],False,{}
101466.49000000,0.00000000,101466.49000000,USDT,SIM-001,MARGIN,USDT,[],False,{}
101465.49000000,0.00000000,101465.49000000,USDT,SIM-001,MARGIN,USDT,[],False,{}
101465.49000000,0.00000000,101465.49000000,USDT,SIM-001,MARGIN,USDT,[],False,{}
101465.49000000,0.00000000,101465.49000000,USDT,SIM-001,MARGIN,USDT,[],False,{}
101465.49000000,0.00000000,101465.49000000,USDT,SIM-001,MARGIN,USDT,[],False,{}
101465.49000000,0.00000000,101465.49000000,USDT,SIM-001,MARGIN,USDT,[],False,{}
101465.49000000,0.00000000,101465.49000000,USDT,SIM-001,MARGIN,USDT,[],False,{}
101465.49000000,0.00000000,101465.49000000,USDT,SIM-001,MARGIN,USDT,[],False,{}
101465.49000000,0.00000000,101465.49000000,USDT,SIM-001,MARGIN,USDT,[],False,{}
101465.49000000,0.00000000,101465.49000000,USDT,SIM-001,MARGIN,USDT,[],False,{}
101465.49000000,0.00000000,101465.49000000,USDT,SIM-001,MARGIN,USDT,[],False,{}
101465.49000000,0.00000000,101465.49000000,USDT,SIM-001,MARGIN,USDT,[],False,{}
101465.49000000,0.00000000,101465.49000000,USDT,SIM-001,MARGIN,USDT,[],False,{}
101465.49000000,0.00000000,101465.49000000,USDT,SIM-001,MARGIN,USDT,[],False,{}
101749.42000000,0.00000000,101749.42000000,USDT,SIM-001,MARGIN,USDT,[],False,{}
101964.97000000,0.00000000,101964.97000000,USDT,SIM-001,MARGIN,USDT,[],False,{}
101964.97000000,0.00000000,101964.97000000,USDT,SIM-001,MARGIN,USDT,[],False,{}
101964.97000000,0.00000000,101964.97000000,USDT,SIM-001,MARGIN,USDT,[],False,{}
101964.97000000,0.00000000,101964.97000000,USDT,SIM-001,MARGIN,USDT,[],False,{}
102186.27000000,0.00000000,102186.27000000,USDT,SIM-001,MARGIN,USDT,[],False,{}
102186.27000000,0.00000000,102186.27000000,USDT,SIM-001,MARGIN,USDT,[],False,{}
102186.27000000,0.00000000,102186.27000000,USDT,SIM-001,MARGIN,USDT,[],False,{}
102186.27000000,0.00000000,102186.27000000,USDT,SIM-001,MARGIN,USDT,[],False,{}
102186.27000000,0.00000000,102186.27000000,USDT,SIM-001,MARGIN,USDT,[],False,{}
102185.27000000,0.00000000,102185.27000000,USDT,SIM-001,MARGIN,USDT,[],False,{}
102185.27000000,0.00000000,102185.27000000,USDT,SIM-001,MARGIN,USDT,[],False,{}
102185.27000000,0.00000000,102185.27000000,USDT,SIM-001,MARGIN,USDT,[],False,{}
102449.74000000,0.00000000,102449.74000000,USDT,SIM-001,MARGIN,USDT,[],False,{}
102449.74000000,0.00000000,102449.74000000,USDT,SIM-001,MARGIN,USDT,[],False,{}
102448.74000000,0.00000000,102448.74000000,USDT,SIM-001,MARGIN,USDT,[],False,{}
102447.74000000,0.00000000,102447.74000000,USDT,SIM-001,MARGIN,USDT,[],False,{}
102446.74000000,0.00000000,102446.74000000,USDT,SIM-001,MARGIN,USDT,[],False,{}
102446.74000000,0.00000000,102446.74000000,USDT,SIM-001,MARGIN,USDT,[],False,{}
102446.74000000,0.00000000,102446.74000000,USDT,SIM-001,MARGIN,USDT,[],False,{}
102446.74000000,0.00000000,102446.74000000,USDT,SIM-001,MARGIN,USDT,[],False,{}
102446.74000000,0.00000000,102446.74000000,USDT,SIM-001,MARGIN,USDT,[],False,{}
102446.74000000,0.00000000,102446.74000000,USDT,SIM-001,MARGIN,USDT,[],False,{}
102446.74000000,0.00000000,102446.74000000,USDT,SIM-001,MARGIN,USDT,[],False,{}
102446.74000000,0.00000000,102446.74000000,USDT,SIM-001,MARGIN,USDT,[],False,{}
102446.74000000,0.00000000,102446.74000000,USDT,SIM-001,MARGIN,USDT,[],False,{}
102446.74000000,0.00000000,102446.74000000,USDT,SIM-001,MARGIN,USDT,[],False,{}
102446.74000000,0.00000000,102446.74000000,USDT,SIM-001,MARGIN,USDT,[],False,{}
102130.53000000,0.00000000,102130.53000000,USDT,SIM-001,MARGIN,USDT,[],False,{}
102130.53000000,0.00000000,102130.53000000,USDT,SIM-001,MARGIN,USDT,[],False,{}
102130.53000000,0.00000000,102130.53000000,USDT,SIM-001,MARGIN,USDT,[],False,{}
102130.53000000,0.00000000,102130.53000000,USDT,SIM-001,MARGIN,USDT,[],False,{}
102130.53000000,0.00000000,102130.53000000,USDT,SIM-001,MARGIN,USDT,[],False,{}
102129.53000000,0.00000000,102129.53000000,USDT,SIM-001,MARGIN,USDT,[],False,{}
102129.53000000,0.00000000,102129.53000000,USDT,SIM-001,MARGIN,USDT,[],False,{}
102128.53000000,0.00000000,102128.53000000,USDT,SIM-001,MARGIN,USDT,[],False,{}
102127.53000000,0.00000000,102127.53000000,USDT,SIM-001,MARGIN,USDT,[],False,{}
102127.53000000,0.00000000,102127.53000000,USDT,SIM-001,MARGIN,USDT,[],False,{}
102127.53000000,0.00000000,102127.53000000,USDT,SIM-001,MARGIN,USDT,[],False,{}
102127.53000000,0.00000000,102127.53000000,USDT,SIM-001,MARGIN,USDT,[],False,{}
101920.45000000,0.00000000,101920.45000000,USDT,SIM-001,MARGIN,USDT,[],False,{}
101920.45000000,0.00000000,101920.45000000,USDT,SIM-001,MARGIN,USDT,[],False,{}
101920.45000000,0.00000000,101920.45000000,USDT,SIM-001,MARGIN,USDT,[],False,{}
101920.45000000,0.00000000,101920.45000000,USDT,SIM-001,MARGIN,USDT,[],False,{}
101920.45000000,0.00000000,101920.45000000,USDT,SIM-001,MARGIN,USDT,[],False,{}
101919.45000000,0.00000000,101919.45000000,USDT,SIM-001,MARGIN,USDT,[],False,{}
101919.45000000,0.00000000,101919.45000000,USDT,SIM-001,MARGIN,USDT,[],False,{}
101919.45000000,0.00000000,101919.45000000,USDT,SIM-001,MARGIN,USDT,[],False,{}
102143.07000000,0.00000000,102143.07000000,USDT,SIM-001,MARGIN,USDT,[],False,{}
102152.64000000,0.00000000,102152.64000000,USDT,SIM-001,MARGIN,USDT,[],False,{}
102152.64000000,0.00000000,102152.64000000,USDT,SIM-001,MARGIN,USDT,[],False,{}
102152.64000000,0.00000000,102152.64000000,USDT,SIM-001,MARGIN,USDT,[],False,{}
102472.72000000,0.00000000,102472.72000000,USDT,SIM-001,MARGIN,USDT,[],False,{}
102472.72000000,0.00000000,102472.72000000,USDT,SIM-001,MARGIN,USDT,[],False,{}
102471.72000000,0.00000000,102471.72000000,USDT,SIM-001,MARGIN,USDT,[],False,{}
102471.72000000,0.00000000,102471.72000000,USDT,SIM-001,MARGIN,USDT,[],False,{}
102471.72000000,0.00000000,102471.72000000,USDT,SIM-001,MARGIN,USDT,[],False,{}
102471.72000000,0.00000000,102471.72000000,USDT,SIM-001,MARGIN,USDT,[],False,{}
102471.72000000,0.00000000,102471.72000000,USDT,SIM-001,MARGIN,USDT,[],False,{}
102471.72000000,0.00000000,102471.72000000,USDT,SIM-001,MARGIN,USDT,[],False,{}
102471.72000000,0.00000000,102471.72000000,USDT,SIM-001,MARGIN,USDT,[],False,{}
102471.72000000,0.00000000,102471.72000000,USDT,SIM-001,MARGIN,USDT,[],False,{}
102471.72000000,0.00000000,102471.72000000,USDT,SIM-001,MARGIN,USDT,[],False,{}
102471.72000000,0.00000000,102471.72000000,USDT,SIM-001,MARGIN,USDT,[],False,{}
102471.72000000,0.00000000,102471.72000000,USDT,SIM-001,MARGIN,USDT,[],False,{}
102471.72000000,0.00000000,102471.72000000,USDT,SIM-001,MARGIN,USDT,[],False,{}
102471.72000000,0.00000000,102471.72000000,USDT,SIM-001,MARGIN,USDT,[],False,{}
102471.72000000,0.00000000,102471.72000000,USDT,SIM-001,MARGIN,USDT,[],False,{}
102361.99000000,0.00000000,102361.99000000,USDT,SIM-001,MARGIN,USDT,[],False,{}
102361.99000000,0.00000000,102361.99000000,USDT,SIM-001,MARGIN,USDT,[],False,{}
102361.99000000,0.00000000,102361.99000000,USDT,SIM-001,MARGIN,USDT,[],False,{}
102361.99000000,0.00000000,102361.99000000,USDT,SIM-001,MARGIN,USDT,[],False,{}
102361.99000000,0.00000000,102361.99000000,USDT,SIM-001,MARGIN,USDT,[],False,{}
102360.99000000,0.00000000,102360.99000000,USDT,SIM-001,MARGIN,USDT,[],False,{}
102360.79000000,0.00000000,102360.79000000,USDT,SIM-001,MARGIN,USDT,[],False,{}
102360.79000000,0.00000000,102360.79000000,USDT,SIM-001,MARGIN,USDT,[],False,{}
102360.79000000,0.00000000,102360.79000000,USDT,SIM-001,MARGIN,USDT,[],False,{}
102360.79000000,0.00000000,102360.79000000,USDT,SIM-001,MARGIN,USDT,[],False,{}
102360.79000000,0.00000000,102360.79000000,USDT,SIM-001,MARGIN,USDT,[],False,{}
102673.53000000,0.00000000,102673.53000000,USDT,SIM-001,MARGIN,USDT,[],False,{}
102760.48000000,0.00000000,102760.48000000,USDT,SIM-001,MARGIN,USDT,[],False,{}
102760.48000000,0.00000000,102760.48000000,USDT,SIM-001,MARGIN,USDT,[],False,{}
102759.48000000,0.00000000,102759.48000000,USDT,SIM-001,MARGIN,USDT,[],False,{}
102759.48000000,0.00000000,102759.48000000,USDT,SIM-001,MARGIN,USDT,[],False,{}
102759.48000000,0.00000000,102759.48000000,USDT,SIM-001,MARGIN,USDT,[],False,{}
102759.48000000,0.00000000,102759.48000000,USDT,SIM-001,MARGIN,USDT,[],False,{}
102759.48000000,0.00000000,102759.48000000,USDT,SIM-001,MARGIN,USDT,[],False,{}
102843.25000000,0.00000000,102843.25000000,USDT,SIM-001,MARGIN,USDT,[],False,{}
102843.25000000,0.00000000,102843.25000000,USDT,SIM-001,MARGIN,USDT,[],False,{}
102843.25000000,0.00000000,102843.25000000,USDT,SIM-001,MARGIN,USDT,[],False,{}
102843.25000000,0.00000000,102843.25000000,USDT,SIM-001,MARGIN,USDT,[],False,{}
102843.25000000,0.00000000,102843.25000000,USDT,SIM-001,MARGIN,USDT,[],False,{}
102842.25000000,0.00000000,102842.25000000,USDT,SIM-001,MARGIN,USDT,[],False,{}
102842.25000000,0.00000000,102842.25000000,USDT,SIM-001,MARGIN,USDT,[],False,{}
102842.25000000,0.00000000,102842.25000000,USDT,SIM-001,MARGIN,USDT,[],False,{}
103042.74000000,0.00000000,103042.74000000,USDT,SIM-001,MARGIN,USDT,[],False,{}
103042.74000000,0.00000000,103042.74000000,USDT,SIM-001,MARGIN,USDT,[],False,{}
103041.74000000,0.00000000,103041.74000000,USDT,SIM-001,MARGIN,USDT,[],False,{}
103041.74000000,0.00000000,103041.74000000,USDT,SIM-001,MARGIN,USDT,[],False,{}
103041.74000000,0.00000000,103041.74000000,USDT,SIM-001,MARGIN,USDT,[],False,{}
103041.74000000,0.00000000,103041.74000000,USDT,SIM-001,MARGIN,USDT,[],False,{}
103041.74000000,0.00000000,103041.74000000,USDT,SIM-001,MARGIN,USDT,[],False,{}
103041.74000000,0.00000000,103041.74000000,USDT,SIM-001,MARGIN,USDT,[],False,{}
103041.74000000,0.00000000,103041.74000000,USDT,SIM-001,MARGIN,USDT,[],False,{}
103041.74000000,0.00000000,103041.74000000,USDT,SIM-001,MARGIN,USDT,[],False,{}
103041.74000000,0.00000000,103041.74000000,USDT,SIM-001,MARGIN,USDT,[],False,{}
103041.74000000,0.00000000,103041.74000000,USDT,SIM-001,MARGIN,USDT,[],False,{}
103040.74000000,0.00000000,103040.74000000,USDT,SIM-001,MARGIN,USDT,[],False,{}
103039.74000000,0.00000000,103039.74000000,USDT,SIM-001,MARGIN,USDT,[],False,{}
103039.74000000,0.00000000,103039.74000000,USDT,SIM-001,MARGIN,USDT,[],False,{}
103039.74000000,0.00000000,103039.74000000,USDT,SIM-001,MARGIN,USDT,[],False,{}
103171.08000000,0.00000000,103171.08000000,USDT,SIM-001,MARGIN,USDT,[],False,{}
103302.42000000,0.00000000,103302.42000000,USDT,SIM-001,MARGIN,USDT,[],False,{}
103302.42000000,0.00000000,103302.42000000,USDT,SIM-001,MARGIN,USDT,[],False,{}
103302.42000000,0.00000000,103302.42000000,USDT,SIM-001,MARGIN,USDT,[],False,{}
103302.42000000,0.00000000,103302.42000000,USDT,SIM-001,MARGIN,USDT,[],False,{}
103302.42000000,0.00000000,103302.42000000,USDT,SIM-001,MARGIN,USDT,[],False,{}
103302.42000000,0.00000000,103302.42000000,USDT,SIM-001,MARGIN,USDT,[],False,{}
102817.14000000,0.00000000,102817.14000000,USDT,SIM-001,MARGIN,USDT,[],False,{}
102817.14000000,0.00000000,102817.14000000,USDT,SIM-001,MARGIN,USDT,[],False,{}
102817.14000000,0.00000000,102817.14000000,USDT,SIM-001,MARGIN,USDT,[],False,{}
102817.14000000,0.00000000,102817.14000000,USDT,SIM-001,MARGIN,USDT,[],False,{}
102817.14000000,0.00000000,102817.14000000,USDT,SIM-001,MARGIN,USDT,[],False,{}
102817.14000000,0.00000000,102817.14000000,USDT,SIM-001,MARGIN,USDT,[],False,{}
102817.14000000,0.00000000,102817.14000000,USDT,SIM-001,MARGIN,USDT,[],False,{}
102817.14000000,0.00000000,102817.14000000,USDT,SIM-001,MARGIN,USDT,[],False,{}
102817.14000000,0.00000000,102817.14000000,USDT,SIM-001,MARGIN,USDT,[],False,{}
102817.14000000,0.00000000,102817.14000000,USDT,SIM-001,MARGIN,USDT,[],False,{}
102817.14000000,0.00000000,102817.14000000,USDT,SIM-001,MARGIN,USDT,[],False,{}
102817.14000000,0.00000000,102817.14000000,USDT,SIM-001,MARGIN,USDT,[],False,{}
102817.14000000,0.00000000,102817.14000000,USDT,SIM-001,MARGIN,USDT,[],False,{}
102816.14000000,0.00000000,102816.14000000,USDT,SIM-001,MARGIN,USDT,[],False,{}
102816.14000000,0.00000000,102816.14000000,USDT,SIM-001,MARGIN,USDT,[],False,{}
102816.14000000,0.00000000,102816.14000000,USDT,SIM-001,MARGIN,USDT,[],False,{}
102815.14000000,0.00000000,102815.14000000,USDT,SIM-001,MARGIN,USDT,[],False,{}
102815.14000000,0.00000000,102815.14000000,USDT,SIM-001,MARGIN,USDT,[],False,{}
102815.14000000,0.00000000,102815.14000000,USDT,SIM-001,MARGIN,USDT,[],False,{}
102815.14000000,0.00000000,102815.14000000,USDT,SIM-001,MARGIN,USDT,[],False,{}
102815.14000000,0.00000000,102815.14000000,USDT,SIM-001,MARGIN,USDT,[],False,{}
102815.14000000,0.00000000,102815.14000000,USDT,SIM-001,MARGIN,USDT,[],False,{}
102815.14000000,0.00000000,102815.14000000,USDT,SIM-001,MARGIN,USDT,[],False,{}
102815.14000000,0.00000000,102815.14000000,USDT,SIM-001,MARGIN,USDT,[],False,{}
102815.14000000,0.00000000,102815.14000000,USDT,SIM-001,MARGIN,USDT,[],False,{}
102872.49000000,0.00000000,102872.49000000,USDT,SIM-001,MARGIN,USDT,[],False,{}
102872.49000000,0.00000000,102872.49000000,USDT,SIM-001,MARGIN,USDT,[],False,{}
102872.49000000,0.00000000,102872.49000000,USDT,SIM-001,MARGIN,USDT,[],False,{}
102872.49000000,0.00000000,102872.49000000,USDT,SIM-001,MARGIN,USDT,[],False,{}
102982.94000000,0.00000000,102982.94000000,USDT,SIM-001,MARGIN,USDT,[],False,{}
102985.81000000,0.00000000,102985.81000000,USDT,SIM-001,MARGIN,USDT,[],False,{}
102985.81000000,0.00000000,102985.81000000,USDT,SIM-001,MARGIN,USDT,[],False,{}
102985.81000000,0.00000000,102985.81000000,USDT,SIM-001,MARGIN,USDT,[],False,{}
102985.81000000,0.00000000,102985.81000000,USDT,SIM-001,MARGIN,USDT,[],False,{}
102985.81000000,0.00000000,102985.81000000,USDT,SIM-001,MARGIN,USDT,[],False,{}
102985.81000000,0.00000000,102985.81000000,USDT,SIM-001,MARGIN,USDT,[],False,{}
102985.81000000,0.00000000,102985.81000000,USDT,SIM-001,MARGIN,USDT,[],False,{}
102985.81000000,0.00000000,102985.81000000,USDT,SIM-001,MARGIN,USDT,[],False,{}
102985.81000000,0.00000000,102985.81000000,USDT,SIM-001,MARGIN,USDT,[],False,{}
102985.81000000,0.00000000,102985.81000000,USDT,SIM-001,MARGIN,USDT,[],False,{}
102985.81000000,0.00000000,102985.81000000,USDT,SIM-001,MARGIN,USDT,[],False,{}
102985.81000000,0.00000000,102985.81000000,USDT,SIM-001,MARGIN,USDT,[],False,{}
102985.81000000,0.00000000,102985.81000000,USDT,SIM-001,MARGIN,USDT,[],False,{}
102985.81000000,0.00000000,102985.81000000,USDT,SIM-001,MARGIN,USDT,[],False,{}
102985.81000000,0.00000000,102985.81000000,USDT,SIM-001,MARGIN,USDT,[],False,{}
102985.81000000,0.00000000,102985.81000000,USDT,SIM-001,MARGIN,USDT,[],False,{}
102985.81000000,0.00000000,102985.81000000,USDT,SIM-001,MARGIN,USDT,[],False,{}
102985.81000000,0.00000000,102985.81000000,USDT,SIM-001,MARGIN,USDT,[],False,{}
102985.81000000,0.00000000,102985.81000000,USDT,SIM-001,MARGIN,USDT,[],False,{}
102730.39000000,0.00000000,102730.39000000,USDT,SIM-001,MARGIN,USDT,[],False,{}
102730.39000000,0.00000000,102730.39000000,USDT,SIM-001,MARGIN,USDT,[],False,{}
102730.39000000,0.00000000,102730.39000000,USDT,SIM-001,MARGIN,USDT,[],False,{}
102730.39000000,0.00000000,102730.39000000,USDT,SIM-001,MARGIN,USDT,[],False,{}
102730.39000000,0.00000000,102730.39000000,USDT,SIM-001,MARGIN,USDT,[],False,{}
102729.39000000,0.00000000,102729.39000000,USDT,SIM-001,MARGIN,USDT,[],False,{}
102729.19000000,0.00000000,102729.19000000,USDT,SIM-001,MARGIN,USDT,[],False,{}
102729.19000000,0.00000000,102729.19000000,USDT,SIM-001,MARGIN,USDT,[],False,{}
102729.19000000,0.00000000,102729.19000000,USDT,SIM-001,MARGIN,USDT,[],False,{}
102729.19000000,0.00000000,102729.19000000,USDT,SIM-001,MARGIN,USDT,[],False,{}
102550.83000000,0.00000000,102550.83000000,USDT,SIM-001,MARGIN,USDT,[],False,{}
102550.83000000,0.00000000,102550.83000000,USDT,SIM-001,MARGIN,USDT,[],False,{}
102550.83000000,0.00000000,102550.83000000,USDT,SIM-001,MARGIN,USDT,[],False,{}
102550.83000000,0.00000000,102550.83000000,USDT,SIM-001,MARGIN,USDT,[],False,{}
102550.83000000,0.00000000,102550.83000000,USDT,SIM-001,MARGIN,USDT,[],False,{}
102550.83000000,0.00000000,102550.83000000,USDT,SIM-001,MARGIN,USDT,[],False,{}
102550.83000000,0.00000000,102550.83000000,USDT,SIM-001,MARGIN,USDT,[],False,{}
102550.35000000,0.00000000,102550.35000000,USDT,SIM-001,MARGIN,USDT,[],False,{}
102549.35000000,0.00000000,102549.35000000,USDT,SIM-001,MARGIN,USDT,[],False,{}
102549.35000000,0.00000000,102549.35000000,USDT,SIM-001,MARGIN,USDT,[],False,{}
102549.35000000,0.00000000,102549.35000000,USDT,SIM-001,MARGIN,USDT,[],False,{}
102549.35000000,0.00000000,102549.35000000,USDT,SIM-001,MARGIN,USDT,[],False,{}
102549.35000000,0.00000000,102549.35000000,USDT,SIM-001,MARGIN,USDT,[],False,{}
102549.35000000,0.00000000,102549.35000000,USDT,SIM-001,MARGIN,USDT,[],False,{}
102549.35000000,0.00000000,102549.35000000,USDT,SIM-001,MARGIN,USDT,[],False,{}
102549.35000000,0.00000000,102549.35000000,USDT,SIM-001,MARGIN,USDT,[],False,{}
102549.35000000,0.00000000,102549.35000000,USDT,SIM-001,MARGIN,USDT,[],False,{}
102549.35000000,0.00000000,102549.35000000,USDT,SIM-001,MARGIN,USDT,[],False,{}
102549.35000000,0.00000000,102549.35000000,USDT,SIM-001,MARGIN,USDT,[],False,{}
102617.91000000,0.00000000,102617.91000000,USDT,SIM-001,MARGIN,USDT,[],False,{}
102648.72000000,0.00000000,102648.72000000,USDT,SIM-001,MARGIN,USDT,[],False,{}
102648.72000000,0.00000000,102648.72000000,USDT,SIM-001,MARGIN,USDT,[],False,{}
102647.72000000,0.00000000,102647.72000000,USDT,SIM-001,MARGIN,USDT,[],False,{}
102646.72000000,0.00000000,102646.72000000,USDT,SIM-001,MARGIN,USDT,[],False,{}
102646.72000000,0.00000000,102646.72000000,USDT,SIM-001,MARGIN,USDT,[],False,{}
102646.72000000,0.00000000,102646.72000000,USDT,SIM-001,MARGIN,USDT,[],False,{}
102646.72000000,0.00000000,102646.72000000,USDT,SIM-001,MARGIN,USDT,[],False,{}
102646.72000000,0.00000000,102646.72000000,USDT,SIM-001,MARGIN,USDT,[],False,{}
102646.72000000,0.00000000,102646.72000000,USDT,SIM-001,MARGIN,USDT,[],False,{}
102646.72000000,0.00000000,102646.72000000,USDT,SIM-001,MARGIN,USDT,[],False,{}
102646.72000000,0.00000000,102646.72000000,USDT,SIM-001,MARGIN,USDT,[],False,{}
102646.72000000,0.00000000,102646.72000000,USDT,SIM-001,MARGIN,USDT,[],False,{}
102646.72000000,0.00000000,102646.72000000,USDT,SIM-001,MARGIN,USDT,[],False,{}
102646.72000000,0.00000000,102646.72000000,USDT,SIM-001,MARGIN,USDT,[],False,{}
102672.66000000,0.00000000,102672.66000000,USDT,SIM-001,MARGIN,USDT,[],False,{}
102773.02000000,0.00000000,102773.02000000,USDT,SIM-001,MARGIN,USDT,[],False,{}
102773.02000000,0.00000000,102773.02000000,USDT,SIM-001,MARGIN,USDT,[],False,{}
102773.02000000,0.00000000,102773.02000000,USDT,SIM-001,MARGIN,USDT,[],False,{}
102773.02000000,0.00000000,102773.02000000,USDT,SIM-001,MARGIN,USDT,[],False,{}
102773.02000000,0.00000000,102773.02000000,USDT,SIM-001,MARGIN,USDT,[],False,{}
102773.02000000,0.00000000,102773.02000000,USDT,SIM-001,MARGIN,USDT,[],False,{}
102773.02000000,0.00000000,102773.02000000,USDT,SIM-001,MARGIN,USDT,[],False,{}
102928.65000000,0.00000000,102928.65000000,USDT,SIM-001,MARGIN,USDT,[],False,{}
102928.65000000,0.00000000,102928.65000000,USDT,SIM-001,MARGIN,USDT,[],False,{}
102991.49000000,0.00000000,102991.49000000,USDT,SIM-001,MARGIN,USDT,[],False,{}
102991.49000000,0.00000000,102991.49000000,USDT,SIM-001,MARGIN,USDT,[],False,{}
102991.49000000,0.00000000,102991.49000000,USDT,SIM-001,MARGIN,USDT,[],False,{}
102991.49000000,0.00000000,102991.49000000,USDT,SIM-001,MARGIN,USDT,[],False,{}
102991.49000000,0.00000000,102991.49000000,USDT,SIM-001,MARGIN,USDT,[],False,{}
102991.49000000,0.00000000,102991.49000000,USDT,SIM-001,MARGIN,USDT,[],False,{}
102991.49000000,0.00000000,102991.49000000,USDT,SIM-001,MARGIN,USDT,[],False,{}
102991.49000000,0.00000000,102991.49000000,USDT,SIM-001,MARGIN,USDT,[],False,{}
102991.49000000,0.00000000,102991.49000000,USDT,SIM-001,MARGIN,USDT,[],False,{}
102991.49000000,0.00000000,102991.49000000,USDT,SIM-001,MARGIN,USDT,[],False,{}
103003.19000000,0.00000000,103003.19000000,USDT,SIM-001,MARGIN,USDT,[],False,{}
103003.19000000,0.00000000,103003.19000000,USDT,SIM-001,MARGIN,USDT,[],False,{}
103023.24000000,0.00000000,103023.24000000,USDT,SIM-001,MARGIN,USDT,[],False,{}
103023.24000000,0.00000000,103023.24000000,USDT,SIM-001,MARGIN,USDT,[],False,{}
103022.24000000,0.00000000,103022.24000000,USDT,SIM-001,MARGIN,USDT,[],False,{}
103022.24000000,0.00000000,103022.24000000,USDT,SIM-001,MARGIN,USDT,[],False,{}
103022.24000000,0.00000000,103022.24000000,USDT,SIM-001,MARGIN,USDT,[],False,{}
103022.24000000,0.00000000,103022.24000000,USDT,SIM-001,MARGIN,USDT,[],False,{}
103022.24000000,0.00000000,103022.24000000,USDT,SIM-001,MARGIN,USDT,[],False,{}
103022.24000000,0.00000000,103022.24000000,USDT,SIM-001,MARGIN,USDT,[],False,{}
103022.24000000,0.00000000,103022.24000000,USDT,SIM-001,MARGIN,USDT,[],False,{}
103022.24000000,0.00000000,103022.24000000,USDT,SIM-001,MARGIN,USDT,[],False,{}
103021.24000000,0.00000000,103021.24000000,USDT,SIM-001,MARGIN,USDT,[],False,{}
103021.24000000,0.00000000,103021.24000000,USDT,SIM-001,MARGIN,USDT,[],False,{}
103021.24000000,0.00000000,103021.24000000,USDT,SIM-001,MARGIN,USDT,[],False,{}
103020.85000000,0.00000000,103020.85000000,USDT,SIM-001,MARGIN,USDT,[],False,{}
103020.85000000,0.00000000,103020.85000000,USDT,SIM-001,MARGIN,USDT,[],False,{}
103020.85000000,0.00000000,103020.85000000,USDT,SIM-001,MARGIN,USDT,[],False,{}
103020.85000000,0.00000000,103020.85000000,USDT,SIM-001,MARGIN,USDT,[],False,{}
103020.85000000,0.00000000,103020.85000000,USDT,SIM-001,MARGIN,USDT,[],False,{}
103020.85000000,0.00000000,103020.85000000,USDT,SIM-001,MARGIN,USDT,[],False,{}
103020.85000000,0.00000000,103020.85000000,USDT,SIM-001,MARGIN,USDT,[],False,{}
103020.85000000,0.00000000,103020.85000000,USDT,SIM-001,MARGIN,USDT,[],False,{}
103020.85000000,0.00000000,103020.85000000,USDT,SIM-001,MARGIN,USDT,[],False,{}
103019.85000000,0.00000000,103019.85000000,USDT,SIM-001,MARGIN,USDT,[],False,{}
103019.20000000,0.00000000,103019.20000000,USDT,SIM-001,MARGIN,USDT,[],False,{}
103004.82000000,0.00000000,103004.82000000,USDT,SIM-001,MARGIN,USDT,[],False,{}
103004.82000000,0.00000000,103004.82000000,USDT,SIM-001,MARGIN,USDT,[],False,{}
103004.82000000,0.00000000,103004.82000000,USDT,SIM-001,MARGIN,USDT,[],False,{}
103004.82000000,0.00000000,103004.82000000,USDT,SIM-001,MARGIN,USDT,[],False,{}
103004.82000000,0.00000000,103004.82000000,USDT,SIM-001,MARGIN,USDT,[],False,{}
103004.82000000,0.00000000,103004.82000000,USDT,SIM-001,MARGIN,USDT,[],False,{}
103004.82000000,0.00000000,103004.82000000,USDT,SIM-001,MARGIN,USDT,[],False,{}
103004.82000000,0.00000000,103004.82000000,USDT,SIM-001,MARGIN,USDT,[],False,{}
103004.82000000,0.00000000,103004.82000000,USDT,SIM-001,MARGIN,USDT,[],False,{}
103004.82000000,0.00000000,103004.82000000,USDT,SIM-001,MARGIN,USDT,[],False,{}
103003.82000000,0.00000000,103003.82000000,USDT,SIM-001,MARGIN,USDT,[],False,{}
103003.62000000,0.00000000,103003.62000000,USDT,SIM-001,MARGIN,USDT,[],False,{}
103003.62000000,0.00000000,103003.62000000,USDT,SIM-001,MARGIN,USDT,[],False,{}
103003.62000000,0.00000000,103003.62000000,USDT,SIM-001,MARGIN,USDT,[],False,{}
103003.62000000,0.00000000,103003.62000000,USDT,SIM-001,MARGIN,USDT,[],False,{}
103003.62000000,0.00000000,103003.62000000,USDT,SIM-001,MARGIN,USDT,[],False,{}
103003.62000000,0.00000000,103003.62000000,USDT,SIM-001,MARGIN,USDT,[],False,{}
103003.62000000,0.00000000,103003.62000000,USDT,SIM-001,MARGIN,USDT,[],False,{}
103002.62000000,0.00000000,103002.62000000,USDT,SIM-001,MARGIN,USDT,[],False,{}
103002.62000000,0.00000000,103002.62000000,USDT,SIM-001,MARGIN,USDT,[],False,{}
103002.62000000,0.00000000,103002.62000000,USDT,SIM-001,MARGIN,USDT,[],False,{}
102888.65000000,0.00000000,102888.65000000,USDT,SIM-001,MARGIN,USDT,[],False,{}
102736.62000000,0.00000000,102736.62000000,USDT,SIM-001,MARGIN,USDT,[],False,{}
102736.62000000,0.00000000,102736.62000000,USDT,SIM-001,MARGIN,USDT,[],False,{}
102736.62000000,0.00000000,102736.62000000,USDT,SIM-001,MARGIN,USDT,[],False,{}
102736.62000000,0.00000000,102736.62000000,USDT,SIM-001,MARGIN,USDT,[],False,{}
102736.62000000,0.00000000,102736.62000000,USDT,SIM-001,MARGIN,USDT,[],False,{}
102736.62000000,0.00000000,102736.62000000,USDT,SIM-001,MARGIN,USDT,[],False,{}
102736.62000000,0.00000000,102736.62000000,USDT,SIM-001,MARGIN,USDT,[],False,{}
101354.23000000,0.00000000,101354.23000000,USDT,SIM-001,MARGIN,USDT,[],False,{}
101354.23000000,0.00000000,101354.23000000,USDT,SIM-001,MARGIN,USDT,[],False,{}
101354.23000000,0.00000000,101354.23000000,USDT,SIM-001,MARGIN,USDT,[],False,{}
101354.23000000,0.00000000,101354.23000000,USDT,SIM-001,MARGIN,USDT,[],False,{}
101354.23000000,0.00000000,101354.23000000,USDT,SIM-001,MARGIN,USDT,[],False,{}
101353.23000000,0.00000000,101353.23000000,USDT,SIM-001,MARGIN,USDT,[],False,{}
101353.23000000,0.00000000,101353.23000000,USDT,SIM-001,MARGIN,USDT,[],False,{}
101353.23000000,0.00000000,101353.23000000,USDT,SIM-001,MARGIN,USDT,[],False,{}
101499.71000000,0.00000000,101499.71000000,USDT,SIM-001,MARGIN,USDT,[],False,{}
101503.19000000,0.00000000,101503.19000000,USDT,SIM-001,MARGIN,USDT,[],False,{}
101503.19000000,0.00000000,101503.19000000,USDT,SIM-001,MARGIN,USDT,[],False,{}
101502.19000000,0.00000000,101502.19000000,USDT,SIM-001,MARGIN,USDT,[],False,{}
101501.19000000,0.00000000,101501.19000000,USDT,SIM-001,MARGIN,USDT,[],False,{}
101501.19000000,0.00000000,101501.19000000,USDT,SIM-001,MARGIN,USDT,[],False,{}
101501.19000000,0.00000000,101501.19000000,USDT,SIM-001,MARGIN,USDT,[],False,{}
101501.19000000,0.00000000,101501.19000000,USDT,SIM-001,MARGIN,USDT,[],False,{}
101501.19000000,0.00000000,101501.19000000,USDT,SIM-001,MARGIN,USDT,[],False,{}
101501.19000000,0.00000000,101501.19000000,USDT,SIM-001,MARGIN,USDT,[],False,{}
101521.35000000,0.00000000,101521.35000000,USDT,SIM-001,MARGIN,USDT,[],False,{}
101521.35000000,0.00000000,101521.35000000,USDT,SIM-001,MARGIN,USDT,[],False,{}
101647.04000000,0.00000000,101647.04000000,USDT,SIM-001,MARGIN,USDT,[],False,{}
101772.73000000,0.00000000,101772.73000000,USDT,SIM-001,MARGIN,USDT,[],False,{}
101772.73000000,0.00000000,101772.73000000,USDT,SIM-001,MARGIN,USDT,[],False,{}
101772.73000000,0.00000000,101772.73000000,USDT,SIM-001,MARGIN,USDT,[],False,{}
101772.73000000,0.00000000,101772.73000000,USDT,SIM-001,MARGIN,USDT,[],False,{}
101975.64000000,0.00000000,101975.64000000,USDT,SIM-001,MARGIN,USDT,[],False,{}
101975.64000000,0.00000000,101975.64000000,USDT,SIM-001,MARGIN,USDT,[],False,{}
101975.64000000,0.00000000,101975.64000000,USDT,SIM-001,MARGIN,USDT,[],False,{}
101975.64000000,0.00000000,101975.64000000,USDT,SIM-001,MARGIN,USDT,[],False,{}
101975.64000000,0.00000000,101975.64000000,USDT,SIM-001,MARGIN,USDT,[],False,{}
101974.90000000,0.00000000,101974.90000000,USDT,SIM-001,MARGIN,USDT,[],False,{}
101974.90000000,0.00000000,101974.90000000,USDT,SIM-001,MARGIN,USDT,[],False,{}
101974.90000000,0.00000000,101974.90000000,USDT,SIM-001,MARGIN,USDT,[],False,{}
101974.90000000,0.00000000,101974.90000000,USDT,SIM-001,MARGIN,USDT,[],False,{}
101974.90000000,0.00000000,101974.90000000,USDT,SIM-001,MARGIN,USDT,[],False,{}
101974.90000000,0.00000000,101974.90000000,USDT,SIM-001,MARGIN,USDT,[],False,{}
101974.90000000,0.00000000,101974.90000000,USDT,SIM-001,MARGIN,USDT,[],False,{}
101974.90000000,0.00000000,101974.90000000,USDT,SIM-001,MARGIN,USDT,[],False,{}
101974.90000000,0.00000000,101974.90000000,USDT,SIM-001,MARGIN,USDT,[],False,{}
101974.90000000,0.00000000,101974.90000000,USDT,SIM-001,MARGIN,USDT,[],False,{}
101974.90000000,0.00000000,101974.90000000,USDT,SIM-001,MARGIN,USDT,[],False,{}
101974.90000000,0.00000000,101974.90000000,USDT,SIM-001,MARGIN,USDT,[],False,{}
101973.90000000,0.00000000,101973.90000000,USDT,SIM-001,MARGIN,USDT,[],False,{}
101973.30000000,0.00000000,101973.30000000,USDT,SIM-001,MARGIN,USDT,[],False,{}
101973.30000000,0.00000000,101973.30000000,USDT,SIM-001,MARGIN,USDT,[],False,{}
101973.30000000,0.00000000,101973.30000000,USDT,SIM-001,MARGIN,USDT,[],False,{}
101973.30000000,0.00000000,101973.30000000,USDT,SIM-001,MARGIN,USDT,[],False,{}
101146.05000000,0.00000000,101146.05000000,USDT,SIM-001,MARGIN,USDT,[],False,{}
101146.05000000,0.00000000,101146.05000000,USDT,SIM-001,MARGIN,USDT,[],False,{}
101146.05000000,0.00000000,101146.05000000,USDT,SIM-001,MARGIN,USDT,[],False,{}
101146.05000000,0.00000000,101146.05000000,USDT,SIM-001,MARGIN,USDT,[],False,{}
101146.05000000,0.00000000,101146.05000000,USDT,SIM-001,MARGIN,USDT,[],False,{}
101145.05000000,0.00000000,101145.05000000,USDT,SIM-001,MARGIN,USDT,[],False,{}
101144.10000000,0.00000000,101144.10000000,USDT,SIM-001,MARGIN,USDT,[],False,{}
101144.10000000,0.00000000,101144.10000000,USDT,SIM-001,MARGIN,USDT,[],False,{}
101144.10000000,0.00000000,101144.10000000,USDT,SIM-001,MARGIN,USDT,[],False,{}
101144.10000000,0.00000000,101144.10000000,USDT,SIM-001,MARGIN,USDT,[],False,{}
100776.53000000,0.00000000,100776.53000000,USDT,SIM-001,MARGIN,USDT,[],False,{}
100776.53000000,0.00000000,100776.53000000,USDT,SIM-001,MARGIN,USDT,[],False,{}
100776.53000000,0.00000000,100776.53000000,USDT,SIM-001,MARGIN,USDT,[],False,{}
100776.53000000,0.00000000,100776.53000000,USDT,SIM-001,MARGIN,USDT,[],False,{}
100776.53000000,0.00000000,100776.53000000,USDT,SIM-001,MARGIN,USDT,[],False,{}
100775.53000000,0.00000000,100775.53000000,USDT,SIM-001,MARGIN,USDT,[],False,{}
100775.53000000,0.00000000,100775.53000000,USDT,SIM-001,MARGIN,USDT,[],False,{}
100775.53000000,0.00000000,100775.53000000,USDT,SIM-001,MARGIN,USDT,[],False,{}
100775.53000000,0.00000000,100775.53000000,USDT,SIM-001,MARGIN,USDT,[],False,{}
100990.48000000,0.00000000,100990.48000000,USDT,SIM-001,MARGIN,USDT,[],False,{}
100999.23000000,0.00000000,100999.23000000,USDT,SIM-001,MARGIN,USDT,[],False,{}
100999.23000000,0.00000000,100999.23000000,USDT,SIM-001,MARGIN,USDT,[],False,{}
100999.03000000,0.00000000,100999.03000000,USDT,SIM-001,MARGIN,USDT,[],False,{}
100998.83000000,0.00000000,100998.83000000,USDT,SIM-001,MARGIN,USDT,[],False,{}
100998.83000000,0.00000000,100998.83000000,USDT,SIM-001,MARGIN,USDT,[],False,{}
100998.83000000,0.00000000,100998.83000000,USDT,SIM-001,MARGIN,USDT,[],False,{}
100998.83000000,0.00000000,100998.83000000,USDT,SIM-001,MARGIN,USDT,[],False,{}
100998.83000000,0.00000000,100998.83000000,USDT,SIM-001,MARGIN,USDT,[],False,{}
100998.83000000,0.00000000,100998.83000000,USDT,SIM-001,MARGIN,USDT,[],False,{}
100998.83000000,0.00000000,100998.83000000,USDT,SIM-001,MARGIN,USDT,[],False,{}
100990.10000000,0.00000000,100990.10000000,USDT,SIM-001,MARGIN,USDT,[],False,{}
101012.04000000,0.00000000,101012.04000000,USDT,SIM-001,MARGIN,USDT,[],False,{}
101012.04000000,0.00000000,101012.04000000,USDT,SIM-001,MARGIN,USDT,[],False,{}
101012.04000000,0.00000000,101012.04000000,USDT,SIM-001,MARGIN,USDT,[],False,{}
101012.04000000,0.00000000,101012.04000000,USDT,SIM-001,MARGIN,USDT,[],False,{}
101118.19000000,0.00000000,101118.19000000,USDT,SIM-001,MARGIN,USDT,[],False,{}
101118.19000000,0.00000000,101118.19000000,USDT,SIM-001,MARGIN,USDT,[],False,{}
101117.19000000,0.00000000,101117.19000000,USDT,SIM-001,MARGIN,USDT,[],False,{}
101117.19000000,0.00000000,101117.19000000,USDT,SIM-001,MARGIN,USDT,[],False,{}
101117.19000000,0.00000000,101117.19000000,USDT,SIM-001,MARGIN,USDT,[],False,{}
101117.19000000,0.00000000,101117.19000000,USDT,SIM-001,MARGIN,USDT,[],False,{}
101117.19000000,0.00000000,101117.19000000,USDT,SIM-001,MARGIN,USDT,[],False,{}
101117.19000000,0.00000000,101117.19000000,USDT,SIM-001,MARGIN,USDT,[],False,{}
101109.09000000,0.00000000,101109.09000000,USDT,SIM-001,MARGIN,USDT,[],False,{}
101109.09000000,0.00000000,101109.09000000,USDT,SIM-001,MARGIN,USDT,[],False,{}
101109.09000000,0.00000000,101109.09000000,USDT,SIM-001,MARGIN,USDT,[],False,{}
101109.09000000,0.00000000,101109.09000000,USDT,SIM-001,MARGIN,USDT,[],False,{}
101109.09000000,0.00000000,101109.09000000,USDT,SIM-001,MARGIN,USDT,[],False,{}
101109.09000000,0.00000000,101109.09000000,USDT,SIM-001,MARGIN,USDT,[],False,{}
101109.09000000,0.00000000,101109.09000000,USDT,SIM-001,MARGIN,USDT,[],False,{}
101108.09000000,0.00000000,101108.09000000,USDT,SIM-001,MARGIN,USDT,[],False,{}
101107.09000000,0.00000000,101107.09000000,USDT,SIM-001,MARGIN,USDT,[],False,{}
101107.09000000,0.00000000,101107.09000000,USDT,SIM-001,MARGIN,USDT,[],False,{}
101106.09000000,0.00000000,101106.09000000,USDT,SIM-001,MARGIN,USDT,[],False,{}
101105.09000000,0.00000000,101105.09000000,USDT,SIM-001,MARGIN,USDT,[],False,{}
101104.09000000,0.00000000,101104.09000000,USDT,SIM-001,MARGIN,USDT,[],False,{}
101104.09000000,0.00000000,101104.09000000,USDT,SIM-001,MARGIN,USDT,[],False,{}
101104.09000000,0.00000000,101104.09000000,USDT,SIM-001,MARGIN,USDT,[],False,{}
101104.09000000,0.00000000,101104.09000000,USDT,SIM-001,MARGIN,USDT,[],False,{}
100721.50000000,0.00000000,100721.50000000,USDT,SIM-001,MARGIN,USDT,[],False,{}
100721.50000000,0.00000000,100721.50000000,USDT,SIM-001,MARGIN,USDT,[],False,{}
100721.50000000,0.00000000,100721.50000000,USDT,SIM-001,MARGIN,USDT,[],False,{}
100721.50000000,0.00000000,100721.50000000,USDT,SIM-001,MARGIN,USDT,[],False,{}
100721.50000000,0.00000000,100721.50000000,USDT,SIM-001,MARGIN,USDT,[],False,{}
100720.50000000,0.00000000,100720.50000000,USDT,SIM-001,MARGIN,USDT,[],False,{}
100720.50000000,0.00000000,100720.50000000,USDT,SIM-001,MARGIN,USDT,[],False,{}
100720.50000000,0.00000000,100720.50000000,USDT,SIM-001,MARGIN,USDT,[],False,{}
100720.50000000,0.00000000,100720.50000000,USDT,SIM-001,MARGIN,USDT,[],False,{}
100720.50000000,0.00000000,100720.50000000,USDT,SIM-001,MARGIN,USDT,[],False,{}
100726.87000000,0.00000000,100726.87000000,USDT,SIM-001,MARGIN,USDT,[],False,{}
100726.87000000,0.00000000,100726.87000000,USDT,SIM-001,MARGIN,USDT,[],False,{}
100726.87000000,0.00000000,100726.87000000,USDT,SIM-001,MARGIN,USDT,[],False,{}
100726.87000000,0.00000000,100726.87000000,USDT,SIM-001,MARGIN,USDT,[],False,{}
100726.87000000,0.00000000,100726.87000000,USDT,SIM-001,MARGIN,USDT,[],False,{}
100726.19000000,0.00000000,100726.19000000,USDT,SIM-001,MARGIN,USDT,[],False,{}
100726.19000000,0.00000000,100726.19000000,USDT,SIM-001,MARGIN,USDT,[],False,{}
100726.19000000,0.00000000,100726.19000000,USDT,SIM-001,MARGIN,USDT,[],False,{}
100725.19000000,0.00000000,100725.19000000,USDT,SIM-001,MARGIN,USDT,[],False,{}
100725.19000000,0.00000000,100725.19000000,USDT,SIM-001,MARGIN,USDT,[],False,{}
100725.19000000,0.00000000,100725.19000000,USDT,SIM-001,MARGIN,USDT,[],False,{}
101041.59000000,0.00000000,101041.59000000,USDT,SIM-001,MARGIN,USDT,[],False,{}
101223.78000000,0.00000000,101223.78000000,USDT,SIM-001,MARGIN,USDT,[],False,{}
101223.78000000,0.00000000,101223.78000000,USDT,SIM-001,MARGIN,USDT,[],False,{}
101222.78000000,0.00000000,101222.78000000,USDT,SIM-001,MARGIN,USDT,[],False,{}
101222.78000000,0.00000000,101222.78000000,USDT,SIM-001,MARGIN,USDT,[],False,{}
101222.78000000,0.00000000,101222.78000000,USDT,SIM-001,MARGIN,USDT,[],False,{}
101222.78000000,0.00000000,101222.78000000,USDT,SIM-001,MARGIN,USDT,[],False,{}
101222.78000000,0.00000000,101222.78000000,USDT,SIM-001,MARGIN,USDT,[],False,{}
101222.78000000,0.00000000,101222.78000000,USDT,SIM-001,MARGIN,USDT,[],False,{}
101222.78000000,0.00000000,101222.78000000,USDT,SIM-001,MARGIN,USDT,[],False,{}
101222.78000000,0.00000000,101222.78000000,USDT,SIM-001,MARGIN,USDT,[],False,{}
101455.25000000,0.00000000,101455.25000000,USDT,SIM-001,MARGIN,USDT,[],False,{}
101455.25000000,0.00000000,101455.25000000,USDT,SIM-001,MARGIN,USDT,[],False,{}
101455.25000000,0.00000000,101455.25000000,USDT,SIM-001,MARGIN,USDT,[],False,{}
101455.25000000,0.00000000,101455.25000000,USDT,SIM-001,MARGIN,USDT,[],False,{}
101455.25000000,0.00000000,101455.25000000,USDT,SIM-001,MARGIN,USDT,[],False,{}
101455.25000000,0.00000000,101455.25000000,USDT,SIM-001,MARGIN,USDT,[],False,{}
101455.25000000,0.00000000,101455.25000000,USDT,SIM-001,MARGIN,USDT,[],False,{}
101455.25000000,0.00000000,101455.25000000,USDT,SIM-001,MARGIN,USDT,[],False,{}
101455.25000000,0.00000000,101455.25000000,USDT,SIM-001,MARGIN,USDT,[],False,{}
101455.25000000,0.00000000,101455.25000000,USDT,SIM-001,MARGIN,USDT,[],False,{}
101455.25000000,0.00000000,101455.25000000,USDT,SIM-001,MARGIN,USDT,[],False,{}
101455.25000000,0.00000000,101455.25000000,USDT,SIM-001,MARGIN,USDT,[],False,{}
101454.35000000,0.00000000,101454.35000000,USDT,SIM-001,MARGIN,USDT,[],False,{}
101453.35000000,0.00000000,101453.35000000,USDT,SIM-001,MARGIN,USDT,[],False,{}
101453.35000000,0.00000000,101453.35000000,USDT,SIM-001,MARGIN,USDT,[],False,{}
101453.35000000,0.00000000,101453.35000000,USDT,SIM-001,MARGIN,USDT,[],False,{}
101453.35000000,0.00000000,101453.35000000,USDT,SIM-001,MARGIN,USDT,[],False,{}
101453.35000000,0.00000000,101453.35000000,USDT,SIM-001,MARGIN,USDT,[],False,{}
101725.65000000,0.00000000,101725.65000000,USDT,SIM-001,MARGIN,USDT,[],False,{}
101997.95000000,0.00000000,101997.95000000,USDT,SIM-001,MARGIN,USDT,[],False,{}
102136.47000000,0.00000000,102136.47000000,USDT,SIM-001,MARGIN,USDT,[],False,{}
102136.47000000,0.00000000,102136.47000000,USDT,SIM-001,MARGIN,USDT,[],False,{}
102136.27000000,0.00000000,102136.27000000,USDT,SIM-001,MARGIN,USDT,[],False,{}
102136.07000000,0.00000000,102136.07000000,USDT,SIM-001,MARGIN,USDT,[],False,{}
102135.87000000,0.00000000,102135.87000000,USDT,SIM-001,MARGIN,USDT,[],False,{}
102135.87000000,0.00000000,102135.87000000,USDT,SIM-001,MARGIN,USDT,[],False,{}
102135.87000000,0.00000000,102135.87000000,USDT,SIM-001,MARGIN,USDT,[],False,{}
102135.87000000,0.00000000,102135.87000000,USDT,SIM-001,MARGIN,USDT,[],False,{}
102135.87000000,0.00000000,102135.87000000,USDT,SIM-001,MARGIN,USDT,[],False,{}
102135.87000000,0.00000000,102135.87000000,USDT,SIM-001,MARGIN,USDT,[],False,{}
102135.87000000,0.00000000,102135.87000000,USDT,SIM-001,MARGIN,USDT,[],False,{}
102135.87000000,0.00000000,102135.87000000,USDT,SIM-001,MARGIN,USDT,[],False,{}
102135.87000000,0.00000000,102135.87000000,USDT,SIM-001,MARGIN,USDT,[],False,{}
102135.87000000,0.00000000,102135.87000000,USDT,SIM-001,MARGIN,USDT,[],False,{}
102053.31000000,0.00000000,102053.31000000,USDT,SIM-001,MARGIN,USDT,[],False,{}
102053.31000000,0.00000000,102053.31000000,USDT,SIM-001,MARGIN,USDT,[],False,{}
102053.31000000,0.00000000,102053.31000000,USDT,SIM-001,MARGIN,USDT,[],False,{}
102053.31000000,0.00000000,102053.31000000,USDT,SIM-001,MARGIN,USDT,[],False,{}
102053.31000000,0.00000000,102053.31000000,USDT,SIM-001,MARGIN,USDT,[],False,{}
102053.31000000,0.00000000,102053.31000000,USDT,SIM-001,MARGIN,USDT,[],False,{}
102053.31000000,0.00000000,102053.31000000,USDT,SIM-001,MARGIN,USDT,[],False,{}
102053.11000000,0.00000000,102053.11000000,USDT,SIM-001,MARGIN,USDT,[],False,{}
102052.90000000,0.00000000,102052.90000000,USDT,SIM-001,MARGIN,USDT,[],False,{}
102051.90000000,0.00000000,102051.90000000,USDT,SIM-001,MARGIN,USDT,[],False,{}
102050.90000000,0.00000000,102050.90000000,USDT,SIM-001,MARGIN,USDT,[],False,{}
102050.90000000,0.00000000,102050.90000000,USDT,SIM-001,MARGIN,USDT,[],False,{}
102050.90000000,0.00000000,102050.90000000,USDT,SIM-001,MARGIN,USDT,[],False,{}
102050.90000000,0.00000000,102050.90000000,USDT,SIM-001,MARGIN,USDT,[],False,{}
101544.69000000,0.00000000,101544.69000000,USDT,SIM-001,MARGIN,USDT,[],False,{}
101544.69000000,0.00000000,101544.69000000,USDT,SIM-001,MARGIN,USDT,[],False,{}
101544.69000000,0.00000000,101544.69000000,USDT,SIM-001,MARGIN,USDT,[],False,{}
101544.69000000,0.00000000,101544.69000000,USDT,SIM-001,MARGIN,USDT,[],False,{}
101544.69000000,0.00000000,101544.69000000,USDT,SIM-001,MARGIN,USDT,[],False,{}
101543.69000000,0.00000000,101543.69000000,USDT,SIM-001,MARGIN,USDT,[],False,{}
101542.69000000,0.00000000,101542.69000000,USDT,SIM-001,MARGIN,USDT,[],False,{}
101542.69000000,0.00000000,101542.69000000,USDT,SIM-001,MARGIN,USDT,[],False,{}
101542.69000000,0.00000000,101542.69000000,USDT,SIM-001,MARGIN,USDT,[],False,{}
101542.69000000,0.00000000,101542.69000000,USDT,SIM-001,MARGIN,USDT,[],False,{}
101542.69000000,0.00000000,101542.69000000,USDT,SIM-001,MARGIN,USDT,[],False,{}
101646.51000000,0.00000000,101646.51000000,USDT,SIM-001,MARGIN,USDT,[],False,{}
101750.33000000,0.00000000,101750.33000000,USDT,SIM-001,MARGIN,USDT,[],False,{}
101753.82000000,0.00000000,101753.82000000,USDT,SIM-001,MARGIN,USDT,[],False,{}
101753.82000000,0.00000000,101753.82000000,USDT,SIM-001,MARGIN,USDT,[],False,{}
101753.82000000,0.00000000,101753.82000000,USDT,SIM-001,MARGIN,USDT,[],False,{}
101753.82000000,0.00000000,101753.82000000,USDT,SIM-001,MARGIN,USDT,[],False,{}
101753.82000000,0.00000000,101753.82000000,USDT,SIM-001,MARGIN,USDT,[],False,{}
101753.82000000,0.00000000,101753.82000000,USDT,SIM-001,MARGIN,USDT,[],False,{}
101753.82000000,0.00000000,101753.82000000,USDT,SIM-001,MARGIN,USDT,[],False,{}
101753.82000000,0.00000000,101753.82000000,USDT,SIM-001,MARGIN,USDT,[],False,{}
101753.82000000,0.00000000,101753.82000000,USDT,SIM-001,MARGIN,USDT,[],False,{}
101963.20000000,0.00000000,101963.20000000,USDT,SIM-001,MARGIN,USDT,[],False,{}
101963.20000000,0.00000000,101963.20000000,USDT,SIM-001,MARGIN,USDT,[],False,{}
101963.00000000,0.00000000,101963.00000000,USDT,SIM-001,MARGIN,USDT,[],False,{}
101963.00000000,0.00000000,101963.00000000,USDT,SIM-001,MARGIN,USDT,[],False,{}
101963.00000000,0.00000000,101963.00000000,USDT,SIM-001,MARGIN,USDT,[],False,{}
101963.00000000,0.00000000,101963.00000000,USDT,SIM-001,MARGIN,USDT,[],False,{}
101963.00000000,0.00000000,101963.00000000,USDT,SIM-001,MARGIN,USDT,[],False,{}
101963.00000000,0.00000000,101963.00000000,USDT,SIM-001,MARGIN,USDT,[],False,{}
101963.00000000,0.00000000,101963.00000000,USDT,SIM-001,MARGIN,USDT,[],False,{}
101963.00000000,0.00000000,101963.00000000,USDT,SIM-001,MARGIN,USDT,[],False,{}
101912.08000000,0.00000000,101912.08000000,USDT,SIM-001,MARGIN,USDT,[],False,{}
101912.08000000,0.00000000,101912.08000000,USDT,SIM-001,MARGIN,USDT,[],False,{}
101912.08000000,0.00000000,101912.08000000,USDT,SIM-001,MARGIN,USDT,[],False,{}
101912.08000000,0.00000000,101912.08000000,USDT,SIM-001,MARGIN,USDT,[],False,{}
101912.08000000,0.00000000,101912.08000000,USDT,SIM-001,MARGIN,USDT,[],False,{}
101911.08000000,0.00000000,101911.08000000,USDT,SIM-001,MARGIN,USDT,[],False,{}
101910.08000000,0.00000000,101910.08000000,USDT,SIM-001,MARGIN,USDT,[],False,{}
101910.08000000,0.00000000,101910.08000000,USDT,SIM-001,MARGIN,USDT,[],False,{}
101910.08000000,0.00000000,101910.08000000,USDT,SIM-001,MARGIN,USDT,[],False,{}
101910.08000000,0.00000000,101910.08000000,USDT,SIM-001,MARGIN,USDT,[],False,{}
101910.08000000,0.00000000,101910.08000000,USDT,SIM-001,MARGIN,USDT,[],False,{}
101910.08000000,0.00000000,101910.08000000,USDT,SIM-001,MARGIN,USDT,[],False,{}
101910.08000000,0.00000000,101910.08000000,USDT,SIM-001,MARGIN,USDT,[],False,{}
101910.08000000,0.00000000,101910.08000000,USDT,SIM-001,MARGIN,USDT,[],False,{}
101818.69000000,0.00000000,101818.69000000,USDT,SIM-001,MARGIN,USDT,[],False,{}
101818.69000000,0.00000000,101818.69000000,USDT,SIM-001,MARGIN,USDT,[],False,{}
101818.69000000,0.00000000,101818.69000000,USDT,SIM-001,MARGIN,USDT,[],False,{}
101818.69000000,0.00000000,101818.69000000,USDT,SIM-001,MARGIN,USDT,[],False,{}
101818.69000000,0.00000000,101818.69000000,USDT,SIM-001,MARGIN,USDT,[],False,{}
101817.69000000,0.00000000,101817.69000000,USDT,SIM-001,MARGIN,USDT,[],False,{}
101817.69000000,0.00000000,101817.69000000,USDT,SIM-001,MARGIN,USDT,[],False,{}
101817.69000000,0.00000000,101817.69000000,USDT,SIM-001,MARGIN,USDT,[],False,{}
101979.77000000,0.00000000,101979.77000000,USDT,SIM-001,MARGIN,USDT,[],False,{}
101984.27000000,0.00000000,101984.27000000,USDT,SIM-001,MARGIN,USDT,[],False,{}
101984.27000000,0.00000000,101984.27000000,USDT,SIM-001,MARGIN,USDT,[],False,{}
101983.80000000,0.00000000,101983.80000000,USDT,SIM-001,MARGIN,USDT,[],False,{}
101983.20000000,0.00000000,101983.20000000,USDT,SIM-001,MARGIN,USDT,[],False,{}
101983.20000000,0.00000000,101983.20000000,USDT,SIM-001,MARGIN,USDT,[],False,{}
101983.20000000,0.00000000,101983.20000000,USDT,SIM-001,MARGIN,USDT,[],False,{}
101983.20000000,0.00000000,101983.20000000,USDT,SIM-001,MARGIN,USDT,[],False,{}
101983.20000000,0.00000000,101983.20000000,USDT,SIM-001,MARGIN,USDT,[],False,{}
101426.00000000,0.00000000,101426.00000000,USDT,SIM-001,MARGIN,USDT,[],False,{}
101426.00000000,0.00000000,101426.00000000,USDT,SIM-001,MARGIN,USDT,[],False,{}
101426.00000000,0.00000000,101426.00000000,USDT,SIM-001,MARGIN,USDT,[],False,{}
101426.00000000,0.00000000,101426.00000000,USDT,SIM-001,MARGIN,USDT,[],False,{}
101426.00000000,0.00000000,101426.00000000,USDT,SIM-001,MARGIN,USDT,[],False,{}
101425.00000000,0.00000000,101425.00000000,USDT,SIM-001,MARGIN,USDT,[],False,{}
101425.00000000,0.00000000,101425.00000000,USDT,SIM-001,MARGIN,USDT,[],False,{}
101425.00000000,0.00000000,101425.00000000,USDT,SIM-001,MARGIN,USDT,[],False,{}
101425.00000000,0.00000000,101425.00000000,USDT,SIM-001,MARGIN,USDT,[],False,{}
101425.00000000,0.00000000,101425.00000000,USDT,SIM-001,MARGIN,USDT,[],False,{}
101425.00000000,0.00000000,101425.00000000,USDT,SIM-001,MARGIN,USDT,[],False,{}
101425.00000000,0.00000000,101425.00000000,USDT,SIM-001,MARGIN,USDT,[],False,{}
101425.00000000,0.00000000,101425.00000000,USDT,SIM-001,MARGIN,USDT,[],False,{}
101424.00000000,0.00000000,101424.00000000,USDT,SIM-001,MARGIN,USDT,[],False,{}
101424.00000000,0.00000000,101424.00000000,USDT,SIM-001,MARGIN,USDT,[],False,{}
101424.00000000,0.00000000,101424.00000000,USDT,SIM-001,MARGIN,USDT,[],False,{}
101424.00000000,0.00000000,101424.00000000,USDT,SIM-001,MARGIN,USDT,[],False,{}
101586.01000000,0.00000000,101586.01000000,USDT,SIM-001,MARGIN,USDT,[],False,{}
101737.72000000,0.00000000,101737.72000000,USDT,SIM-001,MARGIN,USDT,[],False,{}
101737.72000000,0.00000000,101737.72000000,USDT,SIM-001,MARGIN,USDT,[],False,{}
101737.72000000,0.00000000,101737.72000000,USDT,SIM-001,MARGIN,USDT,[],False,{}
101737.72000000,0.00000000,101737.72000000,USDT,SIM-001,MARGIN,USDT,[],False,{}
101737.72000000,0.00000000,101737.72000000,USDT,SIM-001,MARGIN,USDT,[],False,{}
101737.72000000,0.00000000,101737.72000000,USDT,SIM-001,MARGIN,USDT,[],False,{}
101737.72000000,0.00000000,101737.72000000,USDT,SIM-001,MARGIN,USDT,[],False,{}
101737.72000000,0.00000000,101737.72000000,USDT,SIM-001,MARGIN,USDT,[],False,{}
101737.72000000,0.00000000,101737.72000000,USDT,SIM-001,MARGIN,USDT,[],False,{}
101737.72000000,0.00000000,101737.72000000,USDT,SIM-001,MARGIN,USDT,[],False,{}
101737.72000000,0.00000000,101737.72000000,USDT,SIM-001,MARGIN,USDT,[],False,{}
101737.72000000,0.00000000,101737.72000000,USDT,SIM-001,MARGIN,USDT,[],False,{}
101736.72000000,0.00000000,101736.72000000,USDT,SIM-001,MARGIN,USDT,[],False,{}
101736.10000000,0.00000000,101736.10000000,USDT,SIM-001,MARGIN,USDT,[],False,{}
101736.10000000,0.00000000,101736.10000000,USDT,SIM-001,MARGIN,USDT,[],False,{}
101736.10000000,0.00000000,101736.10000000,USDT,SIM-001,MARGIN,USDT,[],False,{}
101736.10000000,0.00000000,101736.10000000,USDT,SIM-001,MARGIN,USDT,[],False,{}
101697.93000000,0.00000000,101697.93000000,USDT,SIM-001,MARGIN,USDT,[],False,{}
101697.93000000,0.00000000,101697.93000000,USDT,SIM-001,MARGIN,USDT,[],False,{}
101697.93000000,0.00000000,101697.93000000,USDT,SIM-001,MARGIN,USDT,[],False,{}
101697.93000000,0.00000000,101697.93000000,USDT,SIM-001,MARGIN,USDT,[],False,{}
101697.93000000,0.00000000,101697.93000000,USDT,SIM-001,MARGIN,USDT,[],False,{}
101696.93000000,0.00000000,101696.93000000,USDT,SIM-001,MARGIN,USDT,[],False,{}
101695.93000000,0.00000000,101695.93000000,USDT,SIM-001,MARGIN,USDT,[],False,{}
101695.93000000,0.00000000,101695.93000000,USDT,SIM-001,MARGIN,USDT,[],False,{}
101695.93000000,0.00000000,101695.93000000,USDT,SIM-001,MARGIN,USDT,[],False,{}
101695.93000000,0.00000000,101695.93000000,USDT,SIM-001,MARGIN,USDT,[],False,{}
101695.93000000,0.00000000,101695.93000000,USDT,SIM-001,MARGIN,USDT,[],False,{}
101695.93000000,0.00000000,101695.93000000,USDT,SIM-001,MARGIN,USDT,[],False,{}
101695.93000000,0.00000000,101695.93000000,USDT,SIM-001,MARGIN,USDT,[],False,{}
101695.93000000,0.00000000,101695.93000000,USDT,SIM-001,MARGIN,USDT,[],False,{}
101695.93000000,0.00000000,101695.93000000,USDT,SIM-001,MARGIN,USDT,[],False,{}
101695.93000000,0.00000000,101695.93000000,USDT,SIM-001,MARGIN,USDT,[],False,{}
101695.93000000,0.00000000,101695.93000000,USDT,SIM-001,MARGIN,USDT,[],False,{}
101695.93000000,0.00000000,101695.93000000,USDT,SIM-001,MARGIN,USDT,[],False,{}
101695.93000000,0.00000000,101695.93000000,USDT,SIM-001,MARGIN,USDT,[],False,{}
101874.52000000,0.00000000,101874.52000000,USDT,SIM-001,MARGIN,USDT,[],False,{}
102040.66000000,0.00000000,102040.66000000,USDT,SIM-001,MARGIN,USDT,[],False,{}
102040.66000000,0.00000000,102040.66000000,USDT,SIM-001,MARGIN,USDT,[],False,{}
102040.46000000,0.00000000,102040.46000000,USDT,SIM-001,MARGIN,USDT,[],False,{}
102040.23000000,0.00000000,102040.23000000,USDT,SIM-001,MARGIN,USDT,[],False,{}
102040.23000000,0.00000000,102040.23000000,USDT,SIM-001,MARGIN,USDT,[],False,{}
102040.23000000,0.00000000,102040.23000000,USDT,SIM-001,MARGIN,USDT,[],False,{}
102040.23000000,0.00000000,102040.23000000,USDT,SIM-001,MARGIN,USDT,[],False,{}
102040.23000000,0.00000000,102040.23000000,USDT,SIM-001,MARGIN,USDT,[],False,{}
102184.12000000,0.00000000,102184.12000000,USDT,SIM-001,MARGIN,USDT,[],False,{}
102184.12000000,0.00000000,102184.12000000,USDT,SIM-001,MARGIN,USDT,[],False,{}
102183.12000000,0.00000000,102183.12000000,USDT,SIM-001,MARGIN,USDT,[],False,{}
102182.12000000,0.00000000,102182.12000000,USDT,SIM-001,MARGIN,USDT,[],False,{}
102182.12000000,0.00000000,102182.12000000,USDT,SIM-001,MARGIN,USDT,[],False,{}
102182.12000000,0.00000000,102182.12000000,USDT,SIM-001,MARGIN,USDT,[],False,{}
102182.12000000,0.00000000,102182.12000000,USDT,SIM-001,MARGIN,USDT,[],False,{}
102182.12000000,0.00000000,102182.12000000,USDT,SIM-001,MARGIN,USDT,[],False,{}
102182.12000000,0.00000000,102182.12000000,USDT,SIM-001,MARGIN,USDT,[],False,{}
102182.12000000,0.00000000,102182.12000000,USDT,SIM-001,MARGIN,USDT,[],False,{}
102182.12000000,0.00000000,102182.12000000,USDT,SIM-001,MARGIN,USDT,[],False,{}
102279.83000000,0.00000000,102279.83000000,USDT,SIM-001,MARGIN,USDT,[],False,{}
102279.83000000,0.00000000,102279.83000000,USDT,SIM-001,MARGIN,USDT,[],False,{}
102278.85000000,0.00000000,102278.85000000,USDT,SIM-001,MARGIN,USDT,[],False,{}
102277.85000000,0.00000000,102277.85000000,USDT,SIM-001,MARGIN,USDT,[],False,{}
102277.85000000,0.00000000,102277.85000000,USDT,SIM-001,MARGIN,USDT,[],False,{}
102277.85000000,0.00000000,102277.85000000,USDT,SIM-001,MARGIN,USDT,[],False,{}
102277.85000000,0.00000000,102277.85000000,USDT,SIM-001,MARGIN,USDT,[],False,{}
101669.12000000,0.00000000,101669.12000000,USDT,SIM-001,MARGIN,USDT,[],False,{}
101669.12000000,0.00000000,101669.12000000,USDT,SIM-001,MARGIN,USDT,[],False,{}
101669.12000000,0.00000000,101669.12000000,USDT,SIM-001,MARGIN,USDT,[],False,{}
101669.12000000,0.00000000,101669.12000000,USDT,SIM-001,MARGIN,USDT,[],False,{}
101669.12000000,0.00000000,101669.12000000,USDT,SIM-001,MARGIN,USDT,[],False,{}
101668.12000000,0.00000000,101668.12000000,USDT,SIM-001,MARGIN,USDT,[],False,{}
101667.12000000,0.00000000,101667.12000000,USDT,SIM-001,MARGIN,USDT,[],False,{}
101770.27000000,0.00000000,101770.27000000,USDT,SIM-001,MARGIN,USDT,[],False,{}
101840.62000000,0.00000000,101840.62000000,USDT,SIM-001,MARGIN,USDT,[],False,{}
101840.62000000,0.00000000,101840.62000000,USDT,SIM-001,MARGIN,USDT,[],False,{}
101840.62000000,0.00000000,101840.62000000,USDT,SIM-001,MARGIN,USDT,[],False,{}
101840.62000000,0.00000000,101840.62000000,USDT,SIM-001,MARGIN,USDT,[],False,{}
101840.62000000,0.00000000,101840.62000000,USDT,SIM-001,MARGIN,USDT,[],False,{}
101840.62000000,0.00000000,101840.62000000,USDT,SIM-001,MARGIN,USDT,[],False,{}
101837.55000000,0.00000000,101837.55000000,USDT,SIM-001,MARGIN,USDT,[],False,{}
101837.55000000,0.00000000,101837.55000000,USDT,SIM-001,MARGIN,USDT,[],False,{}
101836.55000000,0.00000000,101836.55000000,USDT,SIM-001,MARGIN,USDT,[],False,{}
101836.55000000,0.00000000,101836.55000000,USDT,SIM-001,MARGIN,USDT,[],False,{}
101836.55000000,0.00000000,101836.55000000,USDT,SIM-001,MARGIN,USDT,[],False,{}
101836.55000000,0.00000000,101836.55000000,USDT,SIM-001,MARGIN,USDT,[],False,{}
101836.55000000,0.00000000,101836.55000000,USDT,SIM-001,MARGIN,USDT,[],False,{}
101836.55000000,0.00000000,101836.55000000,USDT,SIM-001,MARGIN,USDT,[],False,{}
101836.55000000,0.00000000,101836.55000000,USDT,SIM-001,MARGIN,USDT,[],False,{}
101836.55000000,0.00000000,101836.55000000,USDT,SIM-001,MARGIN,USDT,[],False,{}
101836.55000000,0.00000000,101836.55000000,USDT,SIM-001,MARGIN,USDT,[],False,{}
101836.55000000,0.00000000,101836.55000000,USDT,SIM-001,MARGIN,USDT,[],False,{}
101836.55000000,0.00000000,101836.55000000,USDT,SIM-001,MARGIN,USDT,[],False,{}
101835.55000000,0.00000000,101835.55000000,USDT,SIM-001,MARGIN,USDT,[],False,{}
101834.55000000,0.00000000,101834.55000000,USDT,SIM-001,MARGIN,USDT,[],False,{}
101834.55000000,0.00000000,101834.55000000,USDT,SIM-001,MARGIN,USDT,[],False,{}
101834.55000000,0.00000000,101834.55000000,USDT,SIM-001,MARGIN,USDT,[],False,{}
101834.55000000,0.00000000,101834.55000000,USDT,SIM-001,MARGIN,USDT,[],False,{}
100305.29000000,0.00000000,100305.29000000,USDT,SIM-001,MARGIN,USDT,[],False,{}
100305.29000000,0.00000000,100305.29000000,USDT,SIM-001,MARGIN,USDT,[],False,{}
100305.29000000,0.00000000,100305.29000000,USDT,SIM-001,MARGIN,USDT,[],False,{}
100305.29000000,0.00000000,100305.29000000,USDT,SIM-001,MARGIN,USDT,[],False,{}
100305.29000000,0.00000000,100305.29000000,USDT,SIM-001,MARGIN,USDT,[],False,{}
100304.29000000,0.00000000,100304.29000000,USDT,SIM-001,MARGIN,USDT,[],False,{}
100304.29000000,0.00000000,100304.29000000,USDT,SIM-001,MARGIN,USDT,[],False,{}
100304.29000000,0.00000000,100304.29000000,USDT,SIM-001,MARGIN,USDT,[],False,{}
100475.82000000,0.00000000,100475.82000000,USDT,SIM-001,MARGIN,USDT,[],False,{}
100475.82000000,0.00000000,100475.82000000,USDT,SIM-001,MARGIN,USDT,[],False,{}
100474.82000000,0.00000000,100474.82000000,USDT,SIM-001,MARGIN,USDT,[],False,{}
100474.82000000,0.00000000,100474.82000000,USDT,SIM-001,MARGIN,USDT,[],False,{}
100474.82000000,0.00000000,100474.82000000,USDT,SIM-001,MARGIN,USDT,[],False,{}
100473.82000000,0.00000000,100473.82000000,USDT,SIM-001,MARGIN,USDT,[],False,{}
100472.82000000,0.00000000,100472.82000000,USDT,SIM-001,MARGIN,USDT,[],False,{}
100471.82000000,0.00000000,100471.82000000,USDT,SIM-001,MARGIN,USDT,[],False,{}
100471.82000000,0.00000000,100471.82000000,USDT,SIM-001,MARGIN,USDT,[],False,{}
100471.82000000,0.00000000,100471.82000000,USDT,SIM-001,MARGIN,USDT,[],False,{}
100471.82000000,0.00000000,100471.82000000,USDT,SIM-001,MARGIN,USDT,[],False,{}
100471.82000000,0.00000000,100471.82000000,USDT,SIM-001,MARGIN,USDT,[],False,{}
100471.82000000,0.00000000,100471.82000000,USDT,SIM-001,MARGIN,USDT,[],False,{}
100471.82000000,0.00000000,100471.82000000,USDT,SIM-001,MARGIN,USDT,[],False,{}
100471.82000000,0.00000000,100471.82000000,USDT,SIM-001,MARGIN,USDT,[],False,{}
100471.82000000,0.00000000,100471.82000000,USDT,SIM-001,MARGIN,USDT,[],False,{}
100681.44000000,0.00000000,100681.44000000,USDT,SIM-001,MARGIN,USDT,[],False,{}
100681.44000000,0.00000000,100681.44000000,USDT,SIM-001,MARGIN,USDT,[],False,{}
100681.44000000,0.00000000,100681.44000000,USDT,SIM-001,MARGIN,USDT,[],False,{}
100969.42000000,0.00000000,100969.42000000,USDT,SIM-001,MARGIN,USDT,[],False,{}
100969.42000000,0.00000000,100969.42000000,USDT,SIM-001,MARGIN,USDT,[],False,{}
100969.42000000,0.00000000,100969.42000000,USDT,SIM-001,MARGIN,USDT,[],False,{}
100969.42000000,0.00000000,100969.42000000,USDT,SIM-001,MARGIN,USDT,[],False,{}
100969.42000000,0.00000000,100969.42000000,USDT,SIM-001,MARGIN,USDT,[],False,{}
100969.42000000,0.00000000,100969.42000000,USDT,SIM-001,MARGIN,USDT,[],False,{}
102378.10000000,0.00000000,102378.10000000,USDT,SIM-001,MARGIN,USDT,[],False,{}
102378.10000000,0.00000000,102378.10000000,USDT,SIM-001,MARGIN,USDT,[],False,{}
102378.10000000,0.00000000,102378.10000000,USDT,SIM-001,MARGIN,USDT,[],False,{}
102378.10000000,0.00000000,102378.10000000,USDT,SIM-001,MARGIN,USDT,[],False,{}
102378.10000000,0.00000000,102378.10000000,USDT,SIM-001,MARGIN,USDT,[],False,{}
102377.10000000,0.00000000,102377.10000000,USDT,SIM-001,MARGIN,USDT,[],False,{}
102377.10000000,0.00000000,102377.10000000,USDT,SIM-001,MARGIN,USDT,[],False,{}
102377.10000000,0.00000000,102377.10000000,USDT,SIM-001,MARGIN,USDT,[],False,{}
102515.10000000,0.00000000,102515.10000000,USDT,SIM-001,MARGIN,USDT,[],False,{}
102518.08000000,0.00000000,102518.08000000,USDT,SIM-001,MARGIN,USDT,[],False,{}
102518.08000000,0.00000000,102518.08000000,USDT,SIM-001,MARGIN,USDT,[],False,{}
102518.08000000,0.00000000,102518.08000000,USDT,SIM-001,MARGIN,USDT,[],False,{}
102517.88000000,0.00000000,102517.88000000,USDT,SIM-001,MARGIN,USDT,[],False,{}
102517.68000000,0.00000000,102517.68000000,USDT,SIM-001,MARGIN,USDT,[],False,{}
102517.68000000,0.00000000,102517.68000000,USDT,SIM-001,MARGIN,USDT,[],False,{}
102517.68000000,0.00000000,102517.68000000,USDT,SIM-001,MARGIN,USDT,[],False,{}
102517.68000000,0.00000000,102517.68000000,USDT,SIM-001,MARGIN,USDT,[],False,{}
102517.68000000,0.00000000,102517.68000000,USDT,SIM-001,MARGIN,USDT,[],False,{}
102517.68000000,0.00000000,102517.68000000,USDT,SIM-001,MARGIN,USDT,[],False,{}
102517.68000000,0.00000000,102517.68000000,USDT,SIM-001,MARGIN,USDT,[],False,{}
102517.68000000,0.00000000,102517.68000000,USDT,SIM-001,MARGIN,USDT,[],False,{}
102517.68000000,0.00000000,102517.68000000,USDT,SIM-001,MARGIN,USDT,[],False,{}
102516.68000000,0.00000000,102516.68000000,USDT,SIM-001,MARGIN,USDT,[],False,{}
102516.68000000,0.00000000,102516.68000000,USDT,SIM-001,MARGIN,USDT,[],False,{}
102516.68000000,0.00000000,102516.68000000,USDT,SIM-001,MARGIN,USDT,[],False,{}
102516.68000000,0.00000000,102516.68000000,USDT,SIM-001,MARGIN,USDT,[],False,{}
102516.68000000,0.00000000,102516.68000000,USDT,SIM-001,MARGIN,USDT,[],False,{}
102101.97000000,0.00000000,102101.97000000,USDT,SIM-001,MARGIN,USDT,[],False,{}
102101.97000000,0.00000000,102101.97000000,USDT,SIM-001,MARGIN,USDT,[],False,{}
102101.97000000,0.00000000,102101.97000000,USDT,SIM-001,MARGIN,USDT,[],False,{}
102101.97000000,0.00000000,102101.97000000,USDT,SIM-001,MARGIN,USDT,[],False,{}
102101.97000000,0.00000000,102101.97000000,USDT,SIM-001,MARGIN,USDT,[],False,{}
102100.97000000,0.00000000,102100.97000000,USDT,SIM-001,MARGIN,USDT,[],False,{}
102265.28000000,0.00000000,102265.28000000,USDT,SIM-001,MARGIN,USDT,[],False,{}
102265.28000000,0.00000000,102265.28000000,USDT,SIM-001,MARGIN,USDT,[],False,{}
102265.28000000,0.00000000,102265.28000000,USDT,SIM-001,MARGIN,USDT,[],False,{}
102265.28000000,0.00000000,102265.28000000,USDT,SIM-001,MARGIN,USDT,[],False,{}
102264.28000000,0.00000000,102264.28000000,USDT,SIM-001,MARGIN,USDT,[],False,{}
102263.28000000,0.00000000,102263.28000000,USDT,SIM-001,MARGIN,USDT,[],False,{}
102262.28000000,0.00000000,102262.28000000,USDT,SIM-001,MARGIN,USDT,[],False,{}
102262.28000000,0.00000000,102262.28000000,USDT,SIM-001,MARGIN,USDT,[],False,{}
102262.28000000,0.00000000,102262.28000000,USDT,SIM-001,MARGIN,USDT,[],False,{}
102262.28000000,0.00000000,102262.28000000,USDT,SIM-001,MARGIN,USDT,[],False,{}
102262.28000000,0.00000000,102262.28000000,USDT,SIM-001,MARGIN,USDT,[],False,{}
102073.43000000,0.00000000,102073.43000000,USDT,SIM-001,MARGIN,USDT,[],False,{}
102073.43000000,0.00000000,102073.43000000,USDT,SIM-001,MARGIN,USDT,[],False,{}
102073.43000000,0.00000000,102073.43000000,USDT,SIM-001,MARGIN,USDT,[],False,{}
102073.43000000,0.00000000,102073.43000000,USDT,SIM-001,MARGIN,USDT,[],False,{}
102073.43000000,0.00000000,102073.43000000,USDT,SIM-001,MARGIN,USDT,[],False,{}
102072.43000000,0.00000000,102072.43000000,USDT,SIM-001,MARGIN,USDT,[],False,{}
102071.43000000,0.00000000,102071.43000000,USDT,SIM-001,MARGIN,USDT,[],False,{}
102071.43000000,0.00000000,102071.43000000,USDT,SIM-001,MARGIN,USDT,[],False,{}
102071.43000000,0.00000000,102071.43000000,USDT,SIM-001,MARGIN,USDT,[],False,{}
102071.43000000,0.00000000,102071.43000000,USDT,SIM-001,MARGIN,USDT,[],False,{}
102071.43000000,0.00000000,102071.43000000,USDT,SIM-001,MARGIN,USDT,[],False,{}
102071.43000000,0.00000000,102071.43000000,USDT,SIM-001,MARGIN,USDT,[],False,{}
102071.43000000,0.00000000,102071.43000000,USDT,SIM-001,MARGIN,USDT,[],False,{}
102071.43000000,0.00000000,102071.43000000,USDT,SIM-001,MARGIN,USDT,[],False,{}
102071.43000000,0.00000000,102071.43000000,USDT,SIM-001,MARGIN,USDT,[],False,{}
102071.43000000,0.00000000,102071.43000000,USDT,SIM-001,MARGIN,USDT,[],False,{}
102071.43000000,0.00000000,102071.43000000,USDT,SIM-001,MARGIN,USDT,[],False,{}
102071.43000000,0.00000000,102071.43000000,USDT,SIM-001,MARGIN,USDT,[],False,{}
102071.43000000,0.00000000,102071.43000000,USDT,SIM-001,MARGIN,USDT,[],False,{}
102071.43000000,0.00000000,102071.43000000,USDT,SIM-001,MARGIN,USDT,[],False,{}
102071.43000000,0.00000000,102071.43000000,USDT,SIM-001,MARGIN,USDT,[],False,{}
102204.33000000,0.00000000,102204.33000000,USDT,SIM-001,MARGIN,USDT,[],False,{}
102204.33000000,0.00000000,102204.33000000,USDT,SIM-001,MARGIN,USDT,[],False,{}
102204.33000000,0.00000000,102204.33000000,USDT,SIM-001,MARGIN,USDT,[],False,{}
102203.33000000,0.00000000,102203.33000000,USDT,SIM-001,MARGIN,USDT,[],False,{}
102202.33000000,0.00000000,102202.33000000,USDT,SIM-001,MARGIN,USDT,[],False,{}
102202.13000000,0.00000000,102202.13000000,USDT,SIM-001,MARGIN,USDT,[],False,{}
102201.93000000,0.00000000,102201.93000000,USDT,SIM-001,MARGIN,USDT,[],False,{}
102201.93000000,0.00000000,102201.93000000,USDT,SIM-001,MARGIN,USDT,[],False,{}
102525.07000000,0.00000000,102525.07000000,USDT,SIM-001,MARGIN,USDT,[],False,{}
102848.21000000,0.00000000,102848.21000000,USDT,SIM-001,MARGIN,USDT,[],False,{}
102848.21000000,0.00000000,102848.21000000,USDT,SIM-001,MARGIN,USDT,[],False,{}
102848.21000000,0.00000000,102848.21000000,USDT,SIM-001,MARGIN,USDT,[],False,{}
102848.21000000,0.00000000,102848.21000000,USDT,SIM-001,MARGIN,USDT,[],False,{}
102848.21000000,0.00000000,102848.21000000,USDT,SIM-001,MARGIN,USDT,[],False,{}
102847.21000000,0.00000000,102847.21000000,USDT,SIM-001,MARGIN,USDT,[],False,{}
102847.21000000,0.00000000,102847.21000000,USDT,SIM-001,MARGIN,USDT,[],False,{}
102847.21000000,0.00000000,102847.21000000,USDT,SIM-001,MARGIN,USDT,[],False,{}
102847.21000000,0.00000000,102847.21000000,USDT,SIM-001,MARGIN,USDT,[],False,{}
102847.21000000,0.00000000,102847.21000000,USDT,SIM-001,MARGIN,USDT,[],False,{}
102894.37000000,0.00000000,102894.37000000,USDT,SIM-001,MARGIN,USDT,[],False,{}
102894.37000000,0.00000000,102894.37000000,USDT,SIM-001,MARGIN,USDT,[],False,{}
102894.37000000,0.00000000,102894.37000000,USDT,SIM-001,MARGIN,USDT,[],False,{}
102894.37000000,0.00000000,102894.37000000,USDT,SIM-001,MARGIN,USDT,[],False,{}
102894.37000000,0.00000000,102894.37000000,USDT,SIM-001,MARGIN,USDT,[],False,{}
102893.37000000,0.00000000,102893.37000000,USDT,SIM-001,MARGIN,USDT,[],False,{}
102893.37000000,0.00000000,102893.37000000,USDT,SIM-001,MARGIN,USDT,[],False,{}
102893.37000000,0.00000000,102893.37000000,USDT,SIM-001,MARGIN,USDT,[],False,{}
103000.67000000,0.00000000,103000.67000000,USDT,SIM-001,MARGIN,USDT,[],False,{}
103002.07000000,0.00000000,103002.07000000,USDT,SIM-001,MARGIN,USDT,[],False,{}
103002.07000000,0.00000000,103002.07000000,USDT,SIM-001,MARGIN,USDT,[],False,{}
103002.07000000,0.00000000,103002.07000000,USDT,SIM-001,MARGIN,USDT,[],False,{}
103159.92000000,0.00000000,103159.92000000,USDT,SIM-001,MARGIN,USDT,[],False,{}
103159.92000000,0.00000000,103159.92000000,USDT,SIM-001,MARGIN,USDT,[],False,{}
103158.92000000,0.00000000,103158.92000000,USDT,SIM-001,MARGIN,USDT,[],False,{}
103158.92000000,0.00000000,103158.92000000,USDT,SIM-001,MARGIN,USDT,[],False,{}
103158.92000000,0.00000000,103158.92000000,USDT,SIM-001,MARGIN,USDT,[],False,{}
103158.92000000,0.00000000,103158.92000000,USDT,SIM-001,MARGIN,USDT,[],False,{}
103158.92000000,0.00000000,103158.92000000,USDT,SIM-001,MARGIN,USDT,[],False,{}
103158.92000000,0.00000000,103158.92000000,USDT,SIM-001,MARGIN,USDT,[],False,{}
103158.92000000,0.00000000,103158.92000000,USDT,SIM-001,MARGIN,USDT,[],False,{}
103158.92000000,0.00000000,103158.92000000,USDT,SIM-001,MARGIN,USDT,[],False,{}
103158.92000000,0.00000000,103158.92000000,USDT,SIM-001,MARGIN,USDT,[],False,{}
103421.40000000,0.00000000,103421.40000000,USDT,SIM-001,MARGIN,USDT,[],False,{}
103461.50000000,0.00000000,103461.50000000,USDT,SIM-001,MARGIN,USDT,[],False,{}
103461.50000000,0.00000000,103461.50000000,USDT,SIM-001,MARGIN,USDT,[],False,{}
103461.50000000,0.00000000,103461.50000000,USDT,SIM-001,MARGIN,USDT,[],False,{}
103461.50000000,0.00000000,103461.50000000,USDT,SIM-001,MARGIN,USDT,[],False,{}
103461.50000000,0.00000000,103461.50000000,USDT,SIM-001,MARGIN,USDT,[],False,{}
103461.50000000,0.00000000,103461.50000000,USDT,SIM-001,MARGIN,USDT,[],False,{}
103461.50000000,0.00000000,103461.50000000,USDT,SIM-001,MARGIN,USDT,[],False,{}
103461.50000000,0.00000000,103461.50000000,USDT,SIM-001,MARGIN,USDT,[],False,{}
103460.50000000,0.00000000,103460.50000000,USDT,SIM-001,MARGIN,USDT,[],False,{}
103460.50000000,0.00000000,103460.50000000,USDT,SIM-001,MARGIN,USDT,[],False,{}
103460.50000000,0.00000000,103460.50000000,USDT,SIM-001,MARGIN,USDT,[],False,{}
103460.30000000,0.00000000,103460.30000000,USDT,SIM-001,MARGIN,USDT,[],False,{}
103460.30000000,0.00000000,103460.30000000,USDT,SIM-001,MARGIN,USDT,[],False,{}
103460.30000000,0.00000000,103460.30000000,USDT,SIM-001,MARGIN,USDT,[],False,{}
103460.30000000,0.00000000,103460.30000000,USDT,SIM-001,MARGIN,USDT,[],False,{}
103460.30000000,0.00000000,103460.30000000,USDT,SIM-001,MARGIN,USDT,[],False,{}
103460.30000000,0.00000000,103460.30000000,USDT,SIM-001,MARGIN,USDT,[],False,{}
103460.30000000,0.00000000,103460.30000000,USDT,SIM-001,MARGIN,USDT,[],False,{}
103460.30000000,0.00000000,103460.30000000,USDT,SIM-001,MARGIN,USDT,[],False,{}
103460.30000000,0.00000000,103460.30000000,USDT,SIM-001,MARGIN,USDT,[],False,{}
103460.30000000,0.00000000,103460.30000000,USDT,SIM-001,MARGIN,USDT,[],False,{}
103421.88000000,0.00000000,103421.88000000,USDT,SIM-001,MARGIN,USDT,[],False,{}
103421.88000000,0.00000000,103421.88000000,USDT,SIM-001,MARGIN,USDT,[],False,{}
103421.88000000,0.00000000,103421.88000000,USDT,SIM-001,MARGIN,USDT,[],False,{}
103421.88000000,0.00000000,103421.88000000,USDT,SIM-001,MARGIN,USDT,[],False,{}
103421.88000000,0.00000000,103421.88000000,USDT,SIM-001,MARGIN,USDT,[],False,{}
103420.88000000,0.00000000,103420.88000000,USDT,SIM-001,MARGIN,USDT,[],False,{}
103420.88000000,0.00000000,103420.88000000,USDT,SIM-001,MARGIN,USDT,[],False,{}
103420.88000000,0.00000000,103420.88000000,USDT,SIM-001,MARGIN,USDT,[],False,{}
103420.88000000,0.00000000,103420.88000000,USDT,SIM-001,MARGIN,USDT,[],False,{}
103420.88000000,0.00000000,103420.88000000,USDT,SIM-001,MARGIN,USDT,[],False,{}
103420.88000000,0.00000000,103420.88000000,USDT,SIM-001,MARGIN,USDT,[],False,{}
103420.88000000,0.00000000,103420.88000000,USDT,SIM-001,MARGIN,USDT,[],False,{}
103420.88000000,0.00000000,103420.88000000,USDT,SIM-001,MARGIN,USDT,[],False,{}
103420.88000000,0.00000000,103420.88000000,USDT,SIM-001,MARGIN,USDT,[],False,{}
103432.35000000,0.00000000,103432.35000000,USDT,SIM-001,MARGIN,USDT,[],False,{}
103432.35000000,0.00000000,103432.35000000,USDT,SIM-001,MARGIN,USDT,[],False,{}
103432.35000000,0.00000000,103432.35000000,USDT,SIM-001,MARGIN,USDT,[],False,{}
103432.35000000,0.00000000,103432.35000000,USDT,SIM-001,MARGIN,USDT,[],False,{}
103432.35000000,0.00000000,103432.35000000,USDT,SIM-001,MARGIN,USDT,[],False,{}
103431.38000000,0.00000000,103431.38000000,USDT,SIM-001,MARGIN,USDT,[],False,{}
103430.38000000,0.00000000,103430.38000000,USDT,SIM-001,MARGIN,USDT,[],False,{}
103430.38000000,0.00000000,103430.38000000,USDT,SIM-001,MARGIN,USDT,[],False,{}
103430.38000000,0.00000000,103430.38000000,USDT,SIM-001,MARGIN,USDT,[],False,{}
103430.38000000,0.00000000,103430.38000000,USDT,SIM-001,MARGIN,USDT,[],False,{}
103430.38000000,0.00000000,103430.38000000,USDT,SIM-001,MARGIN,USDT,[],False,{}
103430.38000000,0.00000000,103430.38000000,USDT,SIM-001,MARGIN,USDT,[],False,{}
103430.38000000,0.00000000,103430.38000000,USDT,SIM-001,MARGIN,USDT,[],False,{}
103430.38000000,0.00000000,103430.38000000,USDT,SIM-001,MARGIN,USDT,[],False,{}
103430.38000000,0.00000000,103430.38000000,USDT,SIM-001,MARGIN,USDT,[],False,{}
103430.38000000,0.00000000,103430.38000000,USDT,SIM-001,MARGIN,USDT,[],False,{}
103430.38000000,0.00000000,103430.38000000,USDT,SIM-001,MARGIN,USDT,[],False,{}
103430.38000000,0.00000000,103430.38000000,USDT,SIM-001,MARGIN,USDT,[],False,{}
103430.38000000,0.00000000,103430.38000000,USDT,SIM-001,MARGIN,USDT,[],False,{}
103430.38000000,0.00000000,103430.38000000,USDT,SIM-001,MARGIN,USDT,[],False,{}
103430.38000000,0.00000000,103430.38000000,USDT,SIM-001,MARGIN,USDT,[],False,{}
103429.38000000,0.00000000,103429.38000000,USDT,SIM-001,MARGIN,USDT,[],False,{}
103554.34000000,0.00000000,103554.34000000,USDT,SIM-001,MARGIN,USDT,[],False,{}
103554.34000000,0.00000000,103554.34000000,USDT,SIM-001,MARGIN,USDT,[],False,{}
103706.94000000,0.00000000,103706.94000000,USDT,SIM-001,MARGIN,USDT,[],False,{}
103869.92000000,0.00000000,103869.92000000,USDT,SIM-001,MARGIN,USDT,[],False,{}
103869.92000000,0.00000000,103869.92000000,USDT,SIM-001,MARGIN,USDT,[],False,{}
103869.92000000,0.00000000,103869.92000000,USDT,SIM-001,MARGIN,USDT,[],False,{}
