ts_ns,equity
1735721700000000000,100000.0
1735723500000000000,100000.0
1735725300000000000,100000.0
1735727100000000000,100000.0
1735728900000000000,100000.0
1735730700000000000,100000.0
1735732500000000000,100000.0
1735734300000000000,100000.0
1735736100000000000,100000.0
1735737900000000000,100000.0
1735739700000000000,100000.0
1735741500000000000,100000.0
1735743300000000000,100000.0
1735745100000000000,100000.0
1735746900000000000,100000.0
1735748700000000000,100000.0
1735750500000000000,99999.0
1735752300000000000,99999.0
1735754100000000000,99998.20000000001
1735755900000000000,99998.20000000001
1735757700000000000,99998.20000000001
1735759500000000000,99998.20000000001
1735761300000000000,100149.86
1735763100000000000,100149.86
1735764900000000000,100149.86
1735766700000000000,100149.86
1735768500000000000,100149.86
1735770300000000000,100149.86
1735772100000000000,100149.86
1735773900000000000,100149.86
1735775700000000000,100149.86
1735777500000000000,100149.86
1735779300000000000,100149.86
1735781100000000000,100149.86
1735782900000000000,100149.86
1735784700000000000,100149.86
1735786500000000000,100149.86
1735788300000000000,100149.86
1735789800000000000,100149.86
1735790100000000000,100446.58
1735790400000000000,100446.58
1735790700000000000,100446.58
1735791000000000000,100446.58
1735791300000000000,100446.58
1735791600000000000,100446.58
1735791900000000000,100446.58
1735792200000000000,100446.58
1735792500000000000,100446.58
1735792800000000000,100446.58
1735793100000000000,100446.58
1735793400000000000,100446.58
1735793700000000000,100446.58
1735794000000000000,100446.58
1735794300000000000,100446.58
1735794600000000000,100446.58
1735794900000000000,100446.58
1735795200000000000,100446.58
1735795500000000000,100446.58
1735795800000000000,100446.58
1735796100000000000,100446.58
1735796400000000000,100446.58
1735796700000000000,100446.58
1735797000000000000,100446.58
1735797300000000000,100446.58
1735797600000000000,100446.58
1735797900000000000,100446.58
1735798200000000000,100446.58
1735798500000000000,100446.58
1735798800000000000,100446.58
1735799100000000000,100446.58
1735799400000000000,100446.58
1735799700000000000,100446.58
1735800000000000000,100446.58
1735800300000000000,100446.58
1735800600000000000,100446.58
1735800900000000000,100446.58
1735801200000000000,100446.58
1735801500000000000,100446.58
1735801800000000000,100446.58
1735802100000000000,100446.58
1735802400000000000,100446.58
1735802700000000000,100446.58
1735803000000000000,100446.58
1735803300000000000,100446.58
1735803600000000000,100446.58
1735803900000000000,100446.58
1735804200000000000,100446.58
1735804500000000000,100446.58
1735804800000000000,100446.58
1735805100000000000,100446.58
1735805400000000000,100446.58
1735805700000000000,100446.58
1735806000000000000,100446.58
1735806300000000000,100446.58
1735808100000000000,100446.58
1735809900000000000,100445.58
1735811700000000000,100445.58
1735813500000000000,100445.58
1735815300000000000,100445.58
1735817100000000000,100445.58
1735818900000000000,100445.58
1735820700000000000,100445.58
1735822500000000000,100445.58
1735824300000000000,100445.58
1735826100000000000,100444.58
1735827900000000000,100444.58
1735829700000000000,100444.58
1735831500000000000,100444.58
1735833300000000000,100444.58
1735835100000000000,100444.58
1735836900000000000,100444.58
1735838700000000000,100444.58
1735840500000000000,100444.58
1735842300000000000,100444.58
1735844100000000000,100444.58
1735845900000000000,100444.58
1735847700000000000,100444.58
1735849500000000000,100444.58
1735851300000000000,100444.58
1735853100000000000,100444.58
1735854900000000000,100444.58
1735856700000000000,100444.58
1735858500000000000,100444.58
1735860300000000000,100444.58
1735862100000000000,100444.58
1735863900000000000,100444.58
1735865700000000000,100444.58
1735867500000000000,100443.58
1735869300000000000,100443.58
1735871100000000000,100443.58
1735872900000000000,100443.58
1735874700000000000,100443.58
1735876500000000000,100443.58
1735878300000000000,100443.58
1735880100000000000,100443.58
1735881900000000000,100443.58
1735883700000000000,100443.58
1735885500000000000,100443.58
1735887300000000000,100406.04000000001
1735889100000000000,100406.04000000001
1735890900000000000,100406.04000000001
1735892700000000000,100406.04000000001
1735894500000000000,100434.11
1735896300000000000,100434.11
1735898100000000000,100434.11
1735899900000000000,100434.11
1735901100000000000,100434.11
1735901400000000000,100431.51
1735901700000000000,100431.51
1735902000000000000,100431.51
1735902300000000000,100431.51
1735902600000000000,100431.51
1735902900000000000,100431.51
1735903200000000000,100431.51
1735903500000000000,100431.51
1735903800000000000,100431.51
1735904100000000000,100431.51
1735904400000000000,100431.51
1735904700000000000,100431.51
1735905000000000000,100431.51
1735905300000000000,100431.51
1735905600000000000,100431.51
1735905900000000000,100431.51
1735906200000000000,100431.51
1735906500000000000,100431.51
1735906800000000000,100431.51
1735907100000000000,100431.51
1735907400000000000,100431.51
1735907700000000000,100431.51
1735908000000000000,100431.51
1735908900000000000,100431.51
1735910700000000000,100430.51
1735912500000000000,100430.51
1735914300000000000,100430.51
1735916100000000000,100429.51
1735917900000000000,100429.51
1735919700000000000,100429.51
1735921500000000000,100429.51
1735923300000000000,100429.51
1735925100000000000,100429.51
1735926900000000000,100429.51
1735928700000000000,100429.51
1735930500000000000,100429.51
1735932300000000000,100429.51
1735934100000000000,100429.51
1735935900000000000,100429.51
1735937700000000000,100429.51
1735939500000000000,100429.51
1735941300000000000,100429.51
1735943100000000000,100429.51
1735944900000000000,100429.51
1735946700000000000,100429.51
1735948500000000000,100429.51
1735950300000000000,100605.37
1735952100000000000,100605.37
1735953900000000000,100602.85
1735955700000000000,100602.85
1735957500000000000,100602.85
1735959300000000000,100602.85
1735961100000000000,100602.85
1735962900000000000,100602.85
1735964700000000000,100602.85
1735966500000000000,100602.85
1735968300000000000,100602.85
1735970100000000000,100602.85
1735971900000000000,100602.85
1735973700000000000,100601.84999999999
1735975500000000000,100601.84999999999
1735977300000000000,100601.84999999999
1735979100000000000,100601.84999999999
1735980900000000000,100601.84999999999
1735982700000000000,100601.84999999999
1735984500000000000,100601.65000000001
1735986300000000000,100601.65000000001
1735988100000000000,100601.65000000001
1735989900000000000,100601.65000000001
1735991700000000000,100601.65000000001
1735993500000000000,100601.65000000001
1735995300000000000,100601.65000000001
1735997100000000000,100601.65000000001
1735998900000000000,100601.65000000001
1736000700000000000,100601.65000000001
1736002500000000000,100601.65000000001
1736004300000000000,100601.65000000001
1736006100000000000,100601.65000000001
1736007900000000000,100601.65000000001
1736009700000000000,100601.65000000001
1736011500000000000,100601.65000000001
1736013300000000000,100639.96
1736015100000000000,100639.96
1736016900000000000,100639.96
1736018700000000000,100639.96
1736020500000000000,100639.96
1736022300000000000,100639.96
1736024100000000000,100639.96
1736025900000000000,100638.96
1736027700000000000,100638.96
1736029500000000000,100638.96
1736031300000000000,100638.96
1736033100000000000,100638.96
1736034900000000000,100779.44
1736036700000000000,100779.44
1736038500000000000,100779.44
1736040300000000000,100779.44
1736042100000000000,100779.44
1736043900000000000,100779.44
1736045700000000000,100779.44
1736047500000000000,100779.44
1736049300000000000,100779.44
1736051100000000000,100779.44
1736052900000000000,100779.44
1736054700000000000,100779.44
1736056500000000000,100779.44
1736058300000000000,100779.44
1736060100000000000,100779.44
1736061900000000000,100779.44
1736063700000000000,100779.44
1736065500000000000,100779.44
1736067300000000000,100779.44
1736069100000000000,100779.44
1736070900000000000,100779.44
1736072700000000000,100779.44
1736073900000000000,100779.44
1736074200000000000,100563.59
1736074500000000000,100563.59
1736074800000000000,100563.59
1736075100000000000,100563.59
1736075400000000000,100563.59
1736075700000000000,100563.59
1736076000000000000,100563.59
1736076300000000000,100563.59
1736076600000000000,100563.59
1736076900000000000,100563.59
1736077200000000000,100563.59
1736077500000000000,100563.59
1736077800000000000,100563.59
1736078100000000000,100563.59
1736078400000000000,100563.59
1736078700000000000,100563.59
1736079000000000000,100563.59
1736079300000000000,100563.59
1736079600000000000,100563.59
1736079900000000000,100563.59
1736080200000000000,100563.59
1736080500000000000,100563.59
1736080800000000000,100563.59
1736081100000000000,100563.59
1736081400000000000,100563.59
1736081700000000000,100563.59
1736082000000000000,100563.59
1736082300000000000,100563.59
1736082600000000000,100563.59
1736082900000000000,100563.59
1736083200000000000,100563.59
1736083500000000000,100563.59
1736083800000000000,100563.59
1736084100000000000,100563.59
1736084400000000000,100563.59
1736084700000000000,100563.59
1736085000000000000,100563.59
1736085300000000000,100563.59
1736085600000000000,100563.59
1736085900000000000,100563.59
1736086200000000000,100563.59
1736087100000000000,100563.59
1736088900000000000,100563.59
1736090700000000000,100563.59
1736092500000000000,100562.59
1736094300000000000,100562.59
1736096100000000000,100561.59
1736097900000000000,100561.59
1736099700000000000,100561.59
1736101500000000000,100561.59
1736103300000000000,100561.59
1736105100000000000,100561.59
1736106900000000000,100561.59
1736108700000000000,100561.59
1736110500000000000,100561.59
1736112300000000000,100561.59
1736114100000000000,100561.59
1736115900000000000,100561.59
1736117700000000000,100561.59
1736119500000000000,100561.59
1736121300000000000,100561.59
1736123100000000000,100561.59
1736124900000000000,100561.59
1736126700000000000,100561.59
1736128500000000000,100561.59
1736130300000000000,100561.59
1736132100000000000,100775.2
1736133900000000000,100775.2
1736135700000000000,100775.2
1736137500000000000,100775.2
1736139300000000000,100775.2
1736141100000000000,100775.2
1736142900000000000,100775.2
1736144700000000000,100775.2
1736146500000000000,100775.2
1736148300000000000,100964.17
1736150100000000000,100964.17
1736151900000000000,100969.57
1736153700000000000,100967.57
1736155500000000000,100967.57
1736157300000000000,100967.57
1736159100000000000,100967.57
1736160900000000000,100967.57
1736162700000000000,100967.57
1736164500000000000,100967.57
1736166300000000000,100967.57
1736168100000000000,100967.57
1736169900000000000,100967.57
1736171700000000000,100967.57
1736173500000000000,100967.57
1736175300000000000,100967.57
1736177100000000000,100967.57
1736178900000000000,100967.57
1736180700000000000,100967.57
1736182500000000000,100967.57
1736184300000000000,100967.57
1736186100000000000,100967.57
1736187900000000000,100967.57
1736189700000000000,100967.57
1736191500000000000,100967.57
1736193300000000000,100967.57
1736195100000000000,100967.57
1736196900000000000,101319.99
1736198700000000000,101319.99
1736200500000000000,101319.99
1736202300000000000,101319.99
1736204100000000000,101319.99
1736205900000000000,101319.99
1736207700000000000,101420.77
1736209500000000000,101504.87
1736211300000000000,101504.87
1736213100000000000,101504.87
1736214900000000000,101504.87
1736216700000000000,101504.87
1736218500000000000,101504.87
1736220300000000000,101504.87
1736222100000000000,101532.04
1736223900000000000,101532.04
1736225700000000000,101532.04
1736227500000000000,101532.04
1736229300000000000,101532.04
1736231100000000000,101529.04
1736232900000000000,101529.04
1736234700000000000,101529.04
1736236500000000000,101529.04
1736238300000000000,101529.04
1736240100000000000,101529.04
1736241900000000000,101529.04
1736243700000000000,101529.04
1736245500000000000,101529.04
1736247300000000000,101529.04
1736249100000000000,101529.04
1736250900000000000,101529.04
1736252700000000000,101529.04
1736254500000000000,101529.04
1736256300000000000,101529.04
1736258100000000000,101529.04
1736259900000000000,101529.04
1736261700000000000,101526.03
1736263500000000000,101526.03
1736265300000000000,101526.03
1736267100000000000,101526.03
1736268900000000000,101526.03
1736270700000000000,101526.03
1736272500000000000,101526.03
1736274300000000000,101526.03
1736276100000000000,101526.03
1736277900000000000,101526.03
1736279700000000000,101526.03
1736281500000000000,101526.03
1736283300000000000,101526.03
1736285100000000000,101526.03
1736286900000000000,101526.03
1736288700000000000,101526.03
1736290500000000000,101526.03
1736292300000000000,101526.03
1736294100000000000,101526.03
1736295900000000000,101526.03
1736297700000000000,101526.03
1736299500000000000,101526.03
1736301300000000000,101526.03
1736303100000000000,101526.03
1736304900000000000,101526.03
1736306700000000000,101526.03
1736308500000000000,101526.03
1736310300000000000,101568.6
1736312100000000000,101568.6
1736313900000000000,101568.6
1736315700000000000,101568.6
1736317500000000000,101568.6
1736319300000000000,101567.6
1736321100000000000,101566.59999999999
1736322900000000000,101566.59999999999
1736324700000000000,101566.59999999999
1736326500000000000,101566.59999999999
1736328300000000000,101566.59999999999
1736330100000000000,101566.59999999999
1736331900000000000,101566.59999999999
1736333700000000000,101566.59999999999
1736335500000000000,101566.59999999999
1736337300000000000,101566.59999999999
1736339100000000000,101566.59999999999
1736340900000000000,101566.59999999999
1736342700000000000,101566.59999999999
1736344500000000000,101566.59999999999
1736346300000000000,101566.59999999999
1736348100000000000,101566.59999999999
1736349900000000000,101566.59999999999
1736351700000000000,101566.59999999999
1736353500000000000,101566.59999999999
1736355300000000000,101566.59999999999
1736357100000000000,101566.59999999999
1736358900000000000,101566.59999999999
1736360700000000000,101566.59999999999
1736362500000000000,101566.59999999999
1736364300000000000,101566.59999999999
1736366100000000000,101566.59999999999
1736367900000000000,101566.59999999999
1736369700000000000,101566.59999999999
1736371500000000000,101566.59999999999
1736373300000000000,101566.59999999999
1736375100000000000,101566.59999999999
1736376900000000000,101348.53
1736378700000000000,101348.53
1736380500000000000,101177.69
1736382300000000000,101177.69
1736384100000000000,101177.69
1736385900000000000,101177.69
1736387700000000000,101177.69
1736389500000000000,101177.69
1736391300000000000,101177.69
1736393100000000000,101177.69
1736394900000000000,101177.69
1736396700000000000,101177.69
1736398500000000000,101177.69
1736400300000000000,101177.69
1736402100000000000,101177.69
1736403900000000000,101177.69
1736405700000000000,101177.69
1736407500000000000,101177.69
1736409300000000000,101177.69
1736411100000000000,101177.69
1736412900000000000,101177.69
1736414700000000000,101177.69
1736416500000000000,101177.69
1736418300000000000,101177.69
1736420100000000000,101177.69
1736421900000000000,101177.69
1736423700000000000,101177.69
1736425500000000000,101177.69
1736427300000000000,101177.69
1736429100000000000,101177.69
1736430900000000000,101177.69
1736432700000000000,101177.69
1736434500000000000,101177.69
1736436300000000000,101177.69
1736438100000000000,101177.69
1736439900000000000,101152.85
1736441700000000000,101170.56
1736443500000000000,101170.56
1736445300000000000,101170.56
1736447100000000000,101170.56
1736448900000000000,101170.56
1736450700000000000,101170.56
1736452500000000000,101170.56
1736454300000000000,101170.56
1736456100000000000,101170.56
1736457900000000000,101170.56
1736459700000000000,101170.56
1736461500000000000,101170.56
1736463300000000000,101170.56
1736465100000000000,101170.56
1736466900000000000,101170.56
1736468700000000000,101170.56
1736470500000000000,101170.56
1736472300000000000,101170.56
1736474100000000000,101170.56
1736475900000000000,101170.56
1736477700000000000,101170.56
1736479500000000000,101170.56
1736481300000000000,101170.56
1736483100000000000,101170.56
1736484900000000000,101170.56
1736486700000000000,101170.56
1736488500000000000,101170.56
1736490300000000000,101170.56
1736492100000000000,101170.56
1736493900000000000,101170.56
1736495700000000000,101169.56000000001
1736497500000000000,101169.56000000001
1736499300000000000,101168.56
1736501100000000000,101168.56
1736502900000000000,101168.56
1736504700000000000,101168.56
1736506500000000000,101168.56
1736508300000000000,101168.56
1736510100000000000,101168.56
1736511900000000000,101168.56
1736513700000000000,101168.56
1736515500000000000,101168.56
1736517300000000000,101168.56
1736519100000000000,101168.56
1736520900000000000,101168.56
1736522700000000000,101168.56
1736524500000000000,101168.56
1736526300000000000,101168.56
1736528100000000000,101432.55
1736529900000000000,101432.55
1736531700000000000,101432.55
1736533500000000000,101432.55
1736535300000000000,101432.55
1736537100000000000,101432.55
1736538900000000000,101432.55
1736540700000000000,101432.55
1736542500000000000,101432.55
1736544300000000000,101432.55
1736546100000000000,101432.55
1736547900000000000,101432.55
1736549700000000000,101432.55
1736551500000000000,101607.43000000001
1736553300000000000,101607.43000000001
1736555100000000000,101757.53
1736556900000000000,101757.53
1736557800000000000,101757.53
1736558100000000000,101747.41
1736558400000000000,101747.41
1736558700000000000,101747.41
1736559000000000000,101747.41
1736559300000000000,101747.41
1736559600000000000,101747.41
1736559900000000000,101747.41
1736560200000000000,101747.41
1736560500000000000,101747.41
1736560800000000000,101747.41
1736561100000000000,101747.41
1736561400000000000,101747.41
1736561700000000000,101747.41
1736562000000000000,101747.41
1736562300000000000,101747.41
1736562600000000000,101747.41
1736562900000000000,101747.41
1736563200000000000,101747.41
1736563500000000000,101747.41
1736563800000000000,101747.41
1736564100000000000,101747.41
1736564400000000000,101747.41
1736564700000000000,101747.41
1736565000000000000,101747.41
1736565300000000000,101747.41
1736565600000000000,101747.41
1736565900000000000,101747.41
1736566200000000000,101747.41
1736566500000000000,101747.41
1736566800000000000,101747.41
1736567100000000000,101747.41
1736567400000000000,101747.41
1736567700000000000,101747.41
1736568000000000000,101747.41
1736569500000000000,101747.41
1736571300000000000,101745.41
1736573100000000000,101745.41
1736574900000000000,101745.41
1736576700000000000,101745.41
1736578500000000000,101745.41
1736580300000000000,101745.41
1736582100000000000,101745.41
1736583900000000000,101745.41
1736585700000000000,101745.41
1736587500000000000,101745.41
1736589300000000000,101745.41
1736591100000000000,101745.41
1736592900000000000,101745.41
1736594700000000000,101745.41
1736596500000000000,101745.41
1736598300000000000,101745.41
1736600100000000000,101745.41
1736601900000000000,101745.41
1736603700000000000,101745.41
1736605500000000000,101745.41
1736607300000000000,101745.41
1736609100000000000,101745.41
1736610900000000000,101745.41
1736612700000000000,101745.41
1736614500000000000,101745.41
1736616300000000000,101745.41
1736618100000000000,101745.41
1736619900000000000,101745.41
1736621700000000000,101745.41
1736623500000000000,101942.08
1736625300000000000,101942.08
1736627100000000000,101942.08
1736628900000000000,101995.32
1736630700000000000,101999.45
1736632500000000000,101999.45
1736634300000000000,101999.45
1736636100000000000,101999.45
1736637900000000000,101999.45
1736639700000000000,101999.45
1736641500000000000,101999.45
1736643300000000000,101999.45
1736645100000000000,101999.45
1736646900000000000,101999.45
1736648700000000000,101999.45
1736650500000000000,101999.45
1736652300000000000,101999.45
1736654100000000000,101999.45
1736655900000000000,101999.45
1736657700000000000,101999.45
1736659500000000000,101999.45
1736661300000000000,101999.45
1736663100000000000,101999.45
1736664900000000000,101999.45
1736666700000000000,101999.45
1736668500000000000,101999.45
1736670300000000000,101999.45
1736672100000000000,101999.45
1736673900000000000,101999.45
1736675700000000000,101999.45
1736677500000000000,101999.45
1736679300000000000,101999.45
1736681100000000000,101999.45
1736682900000000000,101999.45
1736684700000000000,101999.45
1736686500000000000,101995.27
1736688300000000000,101995.27
1736690100000000000,101995.27
1736691900000000000,101997.45999999999
1736693700000000000,101997.45999999999
1736695500000000000,101995.68
1736697300000000000,101995.68
1736699100000000000,101995.68
1736700900000000000,101995.68
1736702700000000000,101995.68
1736704500000000000,101995.68
1736706300000000000,101995.68
1736708100000000000,101995.68
1736709900000000000,101995.68
1736711700000000000,101995.68
1736713500000000000,101995.68
1736715300000000000,101995.68
1736717100000000000,101995.68
1736718900000000000,102414.07
1736720700000000000,102414.07
1736722500000000000,102414.07
1736724300000000000,102414.07
1736725200000000000,102414.07
1736725500000000000,102541.15999999999
1736725800000000000,102541.15999999999
1736726100000000000,102541.15999999999
1736726400000000000,102541.15999999999
1736726700000000000,102541.15999999999
1736727000000000000,102541.15999999999
1736727300000000000,102541.15999999999
1736727600000000000,102541.15999999999
1736727900000000000,102541.15999999999
1736728200000000000,102541.15999999999
1736728500000000000,102541.15999999999
1736728800000000000,102541.15999999999
1736729100000000000,102541.15999999999
1736729400000000000,102541.15999999999
1736729700000000000,102541.15999999999
1736730000000000000,102541.15999999999
1736730300000000000,102541.15999999999
1736730600000000000,102541.15999999999
1736730900000000000,102541.15999999999
1736731200000000000,102541.15999999999
1736731500000000000,102541.15999999999
1736731800000000000,102541.15999999999
1736732100000000000,102541.15999999999
1736732400000000000,102541.15999999999
1736732700000000000,102541.15999999999
1736733000000000000,102541.15999999999
1736733300000000000,102541.15999999999
1736733600000000000,102541.15999999999
1736733900000000000,102541.15999999999
1736734200000000000,102541.15999999999
1736734500000000000,102541.15999999999
1736734800000000000,102541.15999999999
1736735100000000000,102541.15999999999
1736735400000000000,102541.15999999999
1736735700000000000,102541.15999999999
1736736000000000000,102541.15999999999
1736736300000000000,102541.15999999999
1736736600000000000,102541.15999999999
1736736900000000000,102541.15999999999
1736737200000000000,102541.15999999999
1736737500000000000,102541.15999999999
1736737800000000000,102541.15999999999
1736738100000000000,102541.15999999999
1736738400000000000,102541.15999999999
1736738700000000000,102541.15999999999
1736739000000000000,102541.15999999999
1736739300000000000,102541.15999999999
1736739600000000000,102541.15999999999
1736739900000000000,102541.15999999999
1736740200000000000,102541.15999999999
1736740500000000000,102541.15999999999
1736740800000000000,102541.15999999999
1736741100000000000,102541.15999999999
1736741400000000000,102541.15999999999
1736741700000000000,102541.15999999999
1736742000000000000,102541.15999999999
1736742300000000000,102541.15999999999
1736742600000000000,102541.15999999999
1736742900000000000,102541.15999999999
1736743200000000000,102541.15999999999
1736743500000000000,102541.15999999999
1736743800000000000,102541.15999999999
1736744100000000000,102541.15999999999
1736744400000000000,102541.15999999999
1736744700000000000,102541.15999999999
1736745000000000000,102541.15999999999
1736745300000000000,102541.15999999999
1736745600000000000,102541.15999999999
1736745900000000000,102541.15999999999
1736746200000000000,102541.15999999999
1736746500000000000,102541.15999999999
1736746800000000000,102541.15999999999
1736747100000000000,102541.15999999999
1736747700000000000,102541.15999999999
1736749500000000000,102541.15999999999
1736751300000000000,102540.16
1736753100000000000,102539.96
1736754900000000000,102539.96
1736756700000000000,102539.96
1736758500000000000,102539.96
1736760300000000000,102539.96
1736762100000000000,102539.96
1736763900000000000,102539.96
1736765700000000000,102539.96
1736767500000000000,102539.96
1736769300000000000,102539.96
1736771100000000000,102645.42
1736772900000000000,102645.42
1736774700000000000,102645.42
1736776500000000000,102642.42
1736778300000000000,102642.42
1736780100000000000,102642.42
1736781300000000000,102642.42
1736781600000000000,102406.20000000001
1736781900000000000,102406.20000000001
1736782200000000000,102406.20000000001
1736782500000000000,102406.20000000001
1736782800000000000,102406.20000000001
1736783100000000000,102406.20000000001
1736783400000000000,102406.20000000001
1736783700000000000,102406.20000000001
1736784000000000000,102406.20000000001
1736784300000000000,102406.20000000001
1736784600000000000,102406.20000000001
1736784900000000000,102406.20000000001
1736785200000000000,102406.20000000001
1736785500000000000,102406.20000000001
1736785800000000000,102406.20000000001
1736786100000000000,102406.20000000001
1736786400000000000,102406.20000000001
1736786700000000000,102406.20000000001
1736787000000000000,102406.20000000001
1736787300000000000,102406.20000000001
1736787600000000000,102406.20000000001
1736787900000000000,102406.20000000001
1736788200000000000,102406.20000000001
1736788500000000000,102406.20000000001
1736788800000000000,102406.20000000001
1736789100000000000,102406.20000000001
1736789400000000000,102406.20000000001
1736789700000000000,102406.20000000001
1736790000000000000,102406.20000000001
1736790300000000000,102406.20000000001
1736790600000000000,102406.20000000001
1736790900000000000,102406.20000000001
1736791200000000000,102406.20000000001
1736791500000000000,102406.20000000001
1736791800000000000,102406.20000000001
1736792100000000000,102406.20000000001
1736792400000000000,102406.20000000001
1736792700000000000,102406.20000000001
1736793000000000000,102406.20000000001
1736793300000000000,102406.20000000001
1736793600000000000,102406.20000000001
1736793900000000000,102406.20000000001
1736794200000000000,102406.20000000001
1736794500000000000,102406.20000000001
1736794800000000000,102406.20000000001
1736795100000000000,102406.20000000001
1736795400000000000,102406.20000000001
1736795700000000000,102406.20000000001
1736796000000000000,102406.20000000001
1736796300000000000,102406.20000000001
1736796600000000000,102406.20000000001
1736796900000000000,102406.20000000001
1736797200000000000,102406.20000000001
1736797500000000000,102406.20000000001
1736797800000000000,102406.20000000001
1736798100000000000,102406.20000000001
1736799900000000000,102405.2
1736801700000000000,102405.2
1736803500000000000,102483.94
1736805300000000000,102481.94
1736807100000000000,102481.94
1736808900000000000,102481.94
1736810700000000000,102481.94
1736812500000000000,102481.94
1736814300000000000,102481.94
1736816100000000000,102481.94
1736817900000000000,102481.94
1736819700000000000,102481.94
1736821500000000000,102481.94
1736823300000000000,102481.94
1736825100000000000,102481.94
1736826900000000000,102481.94
1736828700000000000,102481.94
1736830500000000000,102481.94
1736832300000000000,102481.94
1736834100000000000,102481.94
1736835900000000000,102481.94
1736837700000000000,102481.94
1736839500000000000,102481.94
1736841300000000000,102481.94
1736843100000000000,102481.94
1736844900000000000,102481.94
1736846700000000000,102481.94
1736848500000000000,102481.94
1736850300000000000,102481.94
1736852100000000000,102481.94
1736853900000000000,102481.94
1736855700000000000,102481.94
1736857500000000000,102481.94
1736859300000000000,102480.94
1736861100000000000,102480.94
1736862900000000000,102479.94
1736864700000000000,102479.94
1736866500000000000,102479.94
1736868300000000000,102479.94
1736870100000000000,102479.94
1736871900000000000,102479.94
1736873700000000000,102479.94
1736875500000000000,102479.94
1736877300000000000,102479.94
1736879100000000000,102479.94
1736880900000000000,102479.94
1736882700000000000,102479.94
1736884500000000000,102479.94
1736886300000000000,102479.94
1736888100000000000,102479.94
1736889900000000000,102479.94
1736891700000000000,102479.94
1736893500000000000,102479.94
1736895300000000000,102479.94
1736897100000000000,102479.94
1736898900000000000,102479.94
1736900700000000000,102479.94
1736902500000000000,102479.94
1736904300000000000,102479.94
1736906100000000000,102479.94
1736907900000000000,102479.94
1736909700000000000,102479.94
1736911500000000000,102479.94
1736913300000000000,102479.94
1736915100000000000,102479.94
1736916900000000000,102451.23999999999
1736918700000000000,102451.23999999999
1736920500000000000,102451.23999999999
1736922300000000000,102449.24
1736924100000000000,102448.09
1736925900000000000,102448.09
1736927700000000000,102448.09
1736929500000000000,102448.09
1736931300000000000,102448.09
1736933100000000000,102448.09
1736934900000000000,102448.09
1736936700000000000,102448.09
1736938500000000000,102448.09
1736940300000000000,102448.09
1736942100000000000,102448.09
1736943900000000000,102448.09
1736945700000000000,102448.09
1736947500000000000,102448.09
1736949300000000000,102448.09
1736951100000000000,102448.09
1736952900000000000,102448.09
1736954700000000000,102611.8
1736956500000000000,102611.8
1736958300000000000,102611.8
1736960100000000000,102611.8
1736961900000000000,102611.8
1736963700000000000,102611.8
1736965500000000000,102611.8
1736967300000000000,102611.8
1736969100000000000,102611.8
1736970900000000000,102611.8
1736972700000000000,102611.8
1736974500000000000,102692.26
1736976300000000000,102692.26
1736978100000000000,102692.26
1736979900000000000,102692.26
1736981700000000000,102692.26
1736983500000000000,102692.26
1736985300000000000,102690.26
1736987100000000000,102690.26
1736988900000000000,102690.26
1736990700000000000,102690.26
1736992500000000000,102690.26
1736994300000000000,102690.26
1736996100000000000,102690.26
1736997900000000000,102690.26
1736999700000000000,102690.26
1737001500000000000,102690.26
1737003300000000000,102975.66
1737005100000000000,102975.66
1737006900000000000,102975.66
1737008700000000000,102975.66
1737010500000000000,102975.66
1737012300000000000,102975.66
1737014100000000000,102975.66
1737015900000000000,102975.66
1737017700000000000,102975.66
1737019500000000000,102975.66
1737021300000000000,102975.66
1737023100000000000,102975.66
1737024900000000000,102975.66
1737026700000000000,102975.66
1737028500000000000,102975.66
1737030300000000000,102975.66
1737032100000000000,102975.66
1737033900000000000,102975.66
1737035700000000000,103177.34
1737037500000000000,103177.34
1737039300000000000,103177.34
1737041100000000000,103177.34
1737042900000000000,103177.34
1737044700000000000,103177.34
1737046500000000000,103177.34
1737048300000000000,103177.34
1737050100000000000,103177.34
1737051900000000000,103177.34
1737053700000000000,103177.34
1737055500000000000,103177.34
1737057300000000000,103177.34
1737059100000000000,103177.34
1737060900000000000,103177.34
1737062700000000000,103177.34
1737064500000000000,103171.51
1737066300000000000,103171.51
1737068100000000000,103171.51
1737069900000000000,103171.51
1737071700000000000,103171.51
1737073500000000000,103171.51
1737075300000000000,103171.51
1737077100000000000,103171.51
1737078900000000000,103171.51
1737080700000000000,103171.51
1737082500000000000,103171.51
1737084300000000000,103171.51
1737086100000000000,103171.51
1737087900000000000,103171.51
1737089700000000000,103171.51
1737091500000000000,103171.51
1737093300000000000,103246.39
1737095100000000000,103246.39
1737096900000000000,103358.72
1737098700000000000,103358.72
1737100500000000000,103358.72
1737102300000000000,103358.72
1737104100000000000,103358.72
1737105900000000000,103358.72
1737107700000000000,103358.72
1737109500000000000,103358.72
1737111300000000000,103358.72
1737113100000000000,103358.72
1737114900000000000,103358.72
1737116700000000000,103358.72
1737118500000000000,103358.72
1737120300000000000,103358.72
1737122100000000000,103358.72
1737123900000000000,103358.72
1737125700000000000,103358.72
1737127500000000000,103358.72
1737129300000000000,103358.72
1737131100000000000,103358.72
1737132900000000000,103358.72
1737134700000000000,103358.72
1737136500000000000,103358.72
1737138300000000000,103358.72
1737140100000000000,103358.72
1737141900000000000,103358.72
1737143700000000000,103358.72
1737145500000000000,103358.72
1737147300000000000,103358.72
1737149100000000000,103358.72
1737150900000000000,103358.72
1737152700000000000,103358.72
1737154500000000000,103358.72
1737156300000000000,103358.72
1737158100000000000,103358.72
1737159900000000000,103358.72
1737161700000000000,103358.72
1737163500000000000,103358.72
1737165300000000000,103358.72
1737167100000000000,103358.72
1737168900000000000,103358.72
1737170700000000000,103358.72
1737172500000000000,103358.72
1737174300000000000,103358.72
1737176100000000000,103358.72
1737177900000000000,103358.72
1737179700000000000,103358.72
1737181500000000000,103358.72
1737183300000000000,103358.72
1737185100000000000,103358.72
1737186900000000000,103358.72
1737188700000000000,103358.72
1737190500000000000,103358.72
1737192300000000000,103358.72
1737194100000000000,103358.72
1737195900000000000,103358.72
1737197700000000000,103358.72
1737199500000000000,103358.72
1737201300000000000,103358.72
1737203100000000000,103358.72
1737204900000000000,103358.72
1737206700000000000,103358.72
1737208500000000000,103358.72
1737210300000000000,103358.72
1737212100000000000,103358.72
1737213900000000000,103358.72
1737215700000000000,103358.72
1737217500000000000,103358.72
1737219300000000000,103358.72
1737221100000000000,103358.72
1737222900000000000,103358.72
1737224700000000000,103358.72
1737226500000000000,103358.72
1737228300000000000,103358.72
1737230100000000000,103358.72
1737231900000000000,103358.72
1737233700000000000,103358.72
1737235500000000000,103358.72
1737237300000000000,103358.72
1737239100000000000,103358.72
1737240900000000000,103358.72
1737242700000000000,103358.72
1737244500000000000,103358.72
1737246300000000000,103358.72
1737248100000000000,103358.72
1737249900000000000,103358.72
1737251700000000000,103385.87
1737253500000000000,103385.87
1737255300000000000,103385.87
1737257100000000000,103385.87
1737258900000000000,103385.87
1737260700000000000,103385.87
1737262500000000000,103384.87
1737264300000000000,103384.87
1737266100000000000,103384.87
1737267900000000000,103384.87
1737269700000000000,103384.87
1737271500000000000,103384.87
1737273300000000000,103384.87
1737275100000000000,103384.87
1737276900000000000,103384.87
1737278700000000000,103589.43000000001
1737280500000000000,103589.43000000001
1737282300000000000,103589.43000000001
1737284100000000000,103589.43000000001
1737285900000000000,103589.43000000001
1737287700000000000,103866.92
1737289500000000000,103866.92
1737291300000000000,103866.92
1737293100000000000,103866.92
1737294900000000000,103866.92
1737296700000000000,103866.92
1737298500000000000,103866.92
1737300300000000000,103866.92
1737302100000000000,103866.92
1737303900000000000,103866.92
1737305700000000000,103866.92
1737307500000000000,103866.92
1737309300000000000,103866.92
1737311100000000000,103866.92
1737312900000000000,103866.92
1737314700000000000,103866.92
1737316500000000000,103866.92
1737318300000000000,103866.92
1737320100000000000,103864.92000000001
1737321900000000000,103864.92000000001
1737323700000000000,103864.92000000001
1737325500000000000,103864.92000000001
1737327300000000000,103864.92000000001
1737329100000000000,103864.92000000001
1737330900000000000,103864.92000000001
1737332700000000000,103864.92000000001
1737334500000000000,103864.92000000001
1737336300000000000,103864.92000000001
1737338100000000000,103864.92000000001
1737339900000000000,103864.92000000001
1737341700000000000,103864.92000000001
1737343500000000000,103864.92000000001
1737345300000000000,103864.92000000001
1737347100000000000,103864.92000000001
1737348900000000000,103864.92000000001
1737350700000000000,103864.92000000001
1737352500000000000,103864.92000000001
1737354300000000000,103864.92000000001
1737356100000000000,103864.92000000001
1737357900000000000,103864.92000000001
1737359700000000000,103864.92000000001
1737361500000000000,103864.92000000001
1737363300000000000,103864.92000000001
1737365100000000000,103864.92000000001
1737366900000000000,103864.92000000001
1737368700000000000,103864.92000000001
1737370500000000000,104139.3
1737372300000000000,104139.3
1737374100000000000,104138.69
1737375900000000000,104138.69
1737377700000000000,104186.87
1737379500000000000,104186.87
1737381300000000000,104186.94
1737383100000000000,104186.94
1737384900000000000,104186.94
1737386700000000000,104186.94
1737388500000000000,104186.94
1737390300000000000,104186.94
1737392100000000000,104186.94
1737393900000000000,104186.94
1737395700000000000,104186.94
1737397500000000000,104186.94
1737399300000000000,104186.94
1737401100000000000,104186.94
1737402900000000000,104186.94
1737404700000000000,104186.94
1737406500000000000,104186.94
1737408300000000000,104186.94
1737410100000000000,104186.94
1737411900000000000,104186.94
1737413700000000000,104186.94
1737415500000000000,104186.94
1737417300000000000,104186.94
1737419100000000000,104186.94
1737420900000000000,104186.94
1737422700000000000,104186.94
1737424500000000000,104186.94
1737426300000000000,104186.94
1737428100000000000,104186.94
1737429900000000000,104186.94
1737431700000000000,104186.94
1737433500000000000,104186.94
1737435300000000000,104156.93000000001
1737437100000000000,104156.93000000001
1737438900000000000,104156.93000000001
1737440700000000000,104156.93000000001
1737442500000000000,104155.93
1737444300000000000,104155.93
1737446100000000000,104155.93
1737447900000000000,104155.93
1737449700000000000,104155.93
1737451500000000000,104155.93
1737453300000000000,104155.93
1737455100000000000,104155.93
1737456900000000000,104155.93
1737458700000000000,104155.93
1737460500000000000,104155.93
1737462300000000000,104155.93
1737464100000000000,104155.93
1737465900000000000,104155.93
1737467700000000000,104155.93
1737469500000000000,104255.0
1737471300000000000,104252.17
1737473100000000000,104252.17
1737474900000000000,104252.17
1737476700000000000,104252.17
1737478500000000000,104252.17
1737480300000000000,104252.17
1737482100000000000,104252.17
1737483900000000000,104252.17
1737485700000000000,104252.17
1737487500000000000,104252.17
1737489300000000000,104252.17
1737491100000000000,104252.17
1737492900000000000,104252.17
1737494700000000000,104282.71
1737496500000000000,104282.71
1737498300000000000,104282.71
1737500100000000000,104282.71
1737501900000000000,104282.71
1737503700000000000,104282.71
1737505500000000000,104282.71
1737507300000000000,104282.71
1737509100000000000,104282.71
1737510900000000000,104282.71
1737512700000000000,104282.71
1737514500000000000,104282.71
1737516300000000000,104282.71
1737518100000000000,104282.71
1737519900000000000,104282.71
1737521700000000000,104358.76
1737523500000000000,104358.76
1737525300000000000,104358.76
1737527100000000000,104358.76
1737528900000000000,104358.76
1737530700000000000,104358.76
1737532500000000000,104358.76
1737534300000000000,104358.76
1737535200000000000,104358.76
1737535500000000000,104766.32
1737535800000000000,104766.32
1737536100000000000,104766.32
1737536400000000000,104766.32
1737536700000000000,104766.32
1737537000000000000,104766.32
1737537300000000000,104766.32
1737537600000000000,104766.32
1737537900000000000,104766.32
1737538200000000000,104766.32
1737538500000000000,104766.32
1737538800000000000,104766.32
1737539100000000000,104766.32
1737539400000000000,104766.32
1737539700000000000,104766.32
1737540000000000000,104766.32
1737540300000000000,104766.32
1737540600000000000,104766.32
1737540900000000000,104766.32
1737541200000000000,104766.32
1737541500000000000,104766.32
1737541800000000000,104766.32
1737542100000000000,104766.32
1737542400000000000,104766.32
1737542700000000000,104766.32
1737543000000000000,104766.32
1737543300000000000,104766.32
1737543600000000000,104766.32
1737543900000000000,104766.32
1737544200000000000,104766.32
1737544500000000000,104766.32
1737544800000000000,104766.32
1737545100000000000,104766.32
1737545400000000000,104766.32
1737545700000000000,104766.32
1737546000000000000,104766.32
1737546300000000000,104766.32
1737546600000000000,104766.32
1737546900000000000,104766.32
1737547200000000000,104766.32
1737547500000000000,104766.32
1737547800000000000,104766.32
1737548100000000000,104766.32
1737548400000000000,104766.32
1737548700000000000,104766.32
1737549000000000000,104766.32
1737549300000000000,104766.32
1737549600000000000,104766.32
1737549900000000000,104766.32
1737550200000000000,104766.32
1737550500000000000,104766.32
1737550800000000000,104766.32
1737551100000000000,104766.32
1737551400000000000,104766.32
1737551700000000000,104766.32
1737552000000000000,104766.32
1737552300000000000,104766.32
1737552600000000000,104766.32
1737552900000000000,104766.32
1737553200000000000,104766.32
1737553500000000000,104766.32
1737553800000000000,104766.32
1737554100000000000,104766.32
1737554400000000000,104766.32
1737554700000000000,104766.32
1737555000000000000,104766.32
1737555300000000000,104766.32
1737555600000000000,104766.32
1737555900000000000,104766.32
1737556200000000000,104766.32
1737556500000000000,104766.32
1737556800000000000,104766.32
1737557100000000000,104766.32
1737557400000000000,104766.32
1737557700000000000,104766.32
1737558000000000000,104766.32
1737559500000000000,104766.32
1737561300000000000,104765.31999999999
1737563100000000000,104765.31999999999
1737564900000000000,104765.31999999999
1737566700000000000,104765.31999999999
1737568500000000000,104765.31999999999
1737570300000000000,104765.31999999999
1737572100000000000,104843.09000000001
1737573900000000000,104843.09000000001
1737575700000000000,104843.09000000001
1737577500000000000,104843.09000000001
1737579300000000000,104843.09000000001
1737581100000000000,104843.09000000001
1737582900000000000,104843.09000000001
1737584700000000000,104843.09000000001
1737586500000000000,104843.09000000001
1737588300000000000,104841.09000000001
1737590100000000000,104841.09000000001
1737591900000000000,104841.09000000001
1737593700000000000,104841.09000000001
1737595500000000000,104841.09000000001
1737597300000000000,104841.09000000001
1737599100000000000,104841.09000000001
1737600900000000000,104841.09000000001
1737602700000000000,104841.09000000001
1737604500000000000,104841.09000000001
1737606300000000000,104841.09000000001
1737608100000000000,104841.09000000001
1737609900000000000,104841.09000000001
1737611700000000000,104841.09000000001
1737613500000000000,104841.09000000001
1737615300000000000,104841.09000000001
1737617100000000000,104841.09000000001
1737618900000000000,104904.9
1737620700000000000,104904.9
1737622500000000000,104904.9
1737624300000000000,104904.9
1737626100000000000,104904.9
1737627900000000000,104904.9
1737629700000000000,104904.9
1737631500000000000,104904.9
1737633300000000000,105021.36
1737635100000000000,105021.36
1737636900000000000,105021.36
1737638700000000000,105021.36
1737640500000000000,105021.36
1737642300000000000,105021.36
1737644100000000000,105021.36
1737645900000000000,105021.36
1737647700000000000,105021.36
1737649500000000000,105021.36
1737651300000000000,105021.36
1737653100000000000,105021.36
1737654900000000000,105021.36
1737656700000000000,105021.36
1737658500000000000,105021.36
1737660300000000000,105021.36
1737662100000000000,105021.36
1737663900000000000,105021.36
1737665700000000000,105021.36
1737667500000000000,105021.36
1737669300000000000,105021.36
1737671100000000000,105021.36
1737672900000000000,105021.36
1737674700000000000,105020.36
1737676500000000000,105020.36
1737678300000000000,105020.36
1737680100000000000,105020.36
1737681900000000000,105020.36
1737683700000000000,105020.36
1737685500000000000,105019.36
1737687300000000000,105019.36
1737689100000000000,105019.36
1737690900000000000,105019.36
1737692700000000000,105019.36
1737694500000000000,105019.36
1737696300000000000,105019.36
1737698100000000000,105272.05
1737699900000000000,105272.05
1737701700000000000,105272.05
1737703500000000000,105272.05
1737705300000000000,105272.05
1737707100000000000,105272.05
1737708900000000000,105272.05
1737710700000000000,105272.05
1737712500000000000,105272.05
1737714300000000000,105272.05
1737716100000000000,105272.05
1737717900000000000,105272.05
1737719700000000000,105272.05
1737721500000000000,105272.05
1737723300000000000,105272.05
1737725100000000000,105272.05
1737726900000000000,105272.05
1737728700000000000,105272.05
1737730500000000000,105272.05
1737732300000000000,105272.05
1737734100000000000,105297.94
1737735900000000000,105297.94
1737737700000000000,105297.94
1737739500000000000,105297.94
1737741300000000000,105296.94
1737743100000000000,105296.94
1737744900000000000,105296.94
1737746700000000000,105296.94
1737748500000000000,105296.94
1737750300000000000,105296.94
1737752100000000000,105296.94
1737753900000000000,105296.94
1737755700000000000,105296.94
1737757500000000000,105296.94
1737758700000000000,105296.94
1737759000000000000,105016.98999999999
1737759300000000000,105016.98999999999
1737759600000000000,105016.98999999999
1737759900000000000,105016.98999999999
1737760200000000000,105016.98999999999
1737760500000000000,105016.98999999999
1737760800000000000,105016.98999999999
1737761100000000000,105016.98999999999
1737761400000000000,105016.98999999999
1737761700000000000,105016.98999999999
1737762000000000000,105016.98999999999
1737762300000000000,105016.98999999999
1737762600000000000,105016.98999999999
1737762900000000000,105016.98999999999
1737763200000000000,105016.98999999999
1737763500000000000,105016.98999999999
1737763800000000000,105016.98999999999
1737764100000000000,105016.98999999999
1737764400000000000,105016.98999999999
1737764700000000000,105016.98999999999
1737765000000000000,105016.98999999999
1737765300000000000,105016.98999999999
1737765600000000000,105016.98999999999
1737765900000000000,105016.98999999999
1737766200000000000,105016.98999999999
1737766500000000000,105016.98999999999
1737766800000000000,105016.98999999999
1737767100000000000,105016.98999999999
1737767400000000000,105016.98999999999
1737767700000000000,105016.98999999999
1737768000000000000,105016.98999999999
1737768300000000000,105016.98999999999
1737768600000000000,105016.98999999999
1737768900000000000,105016.98999999999
1737769200000000000,105016.98999999999
1737769500000000000,105016.98999999999
1737769800000000000,105016.98999999999
1737770100000000000,105016.98999999999
1737770400000000000,105016.98999999999
1737770700000000000,105016.98999999999
1737771000000000000,105016.98999999999
1737771300000000000,105016.98999999999
1737771900000000000,105016.98999999999
1737773700000000000,105016.98999999999
1737775500000000000,105016.17
1737777300000000000,105016.17
1737779100000000000,105016.17
1737780900000000000,105016.17
1737782700000000000,105016.17
1737784500000000000,105016.17
1737786300000000000,105016.17
1737788100000000000,105015.17
1737789900000000000,105015.17
1737791700000000000,105015.17
1737793500000000000,105015.17
1737795300000000000,105015.17
1737797100000000000,105015.17
1737798900000000000,105015.17
1737800700000000000,105015.17
1737802500000000000,105015.17
1737804300000000000,105015.17
1737806100000000000,105015.17
1737807900000000000,105015.17
1737809700000000000,105015.17
1737811500000000000,105015.17
1737813300000000000,105015.17
1737815100000000000,105015.17
1737816900000000000,105015.17
1737818700000000000,105015.17
1737820500000000000,105015.17
1737822300000000000,105015.17
1737824100000000000,105015.17
1737825900000000000,105015.17
1737827700000000000,105015.17
1737829500000000000,105015.17
1737831300000000000,104944.72
1737833100000000000,104944.72
1737834900000000000,104944.72
1737836700000000000,104944.72
1737838500000000000,104944.72
1737840300000000000,104916.7
1737842100000000000,104916.7
1737843900000000000,104916.7
1737845700000000000,104916.7
1737847500000000000,104916.7
1737849300000000000,104916.7
1737851100000000000,104916.7
1737852900000000000,104916.7
1737854700000000000,104916.7
1737856500000000000,104916.7
1737858300000000000,104916.7
1737860100000000000,104916.7
1737861900000000000,104935.09000000001
1737863700000000000,104935.09000000001
1737865500000000000,104935.09000000001
1737867300000000000,104935.09000000001
1737869100000000000,104935.09000000001
1737870900000000000,104935.09000000001
1737872700000000000,104935.09000000001
1737874500000000000,104935.09000000001
1737876300000000000,104935.09000000001
1737878100000000000,104935.09000000001
1737879900000000000,104935.09000000001
1737881700000000000,104935.09000000001
1737883500000000000,104935.09000000001
1737885300000000000,104935.09000000001
1737887100000000000,104935.09000000001
1737888900000000000,104935.09000000001
1737890700000000000,104934.09
1737892500000000000,104934.09
1737894300000000000,104934.09
1737896100000000000,104934.09
1737897900000000000,104933.09000000001
1737899700000000000,104933.09000000001
1737900900000000000,104933.09000000001
1737901200000000000,104999.37
1737901500000000000,104999.37
1737901800000000000,104999.37
1737902100000000000,104999.37
1737902400000000000,104999.37
1737902700000000000,104999.37
1737903000000000000,104999.37
1737903300000000000,104999.37
1737903600000000000,104999.37
1737903900000000000,104999.37
1737904200000000000,104999.37
1737904500000000000,104999.37
1737904800000000000,104999.37
1737905100000000000,104999.37
1737905400000000000,104999.37
1737905700000000000,104999.37
1737906000000000000,104999.37
1737906300000000000,104999.37
1737906600000000000,104999.37
1737906900000000000,104999.37
1737907200000000000,104999.37
1737907500000000000,104999.37
1737907800000000000,104999.37
1737908100000000000,104999.37
1737908400000000000,104999.37
1737908700000000000,104999.37
1737910500000000000,104999.37
1737912300000000000,104999.37
1737914100000000000,104999.37
1737915900000000000,104998.37000000001
1737917700000000000,104998.37000000001
1737919500000000000,104998.37000000001
1737921300000000000,104998.37000000001
1737923100000000000,104998.37000000001
1737924900000000000,104998.37000000001
1737926700000000000,104998.37000000001
1737928500000000000,104998.37000000001
1737930300000000000,104998.37000000001
1737932100000000000,104998.37000000001
1737933900000000000,104998.37000000001
1737935700000000000,104998.37000000001
1737937500000000000,104998.37000000001
1737939300000000000,104998.37000000001
1737941100000000000,104997.54
1737942900000000000,104997.54
1737944700000000000,104997.54
1737946500000000000,104997.54
1737948300000000000,104997.54
1737950100000000000,104997.54
1737951900000000000,104997.54
1737953700000000000,104997.54
1737955500000000000,104997.54
1737957300000000000,104997.54
1737959100000000000,104997.54
1737959700000000000,104997.54
1737960000000000000,104674.14
1737960300000000000,104674.14
1737960600000000000,104674.14
1737960900000000000,104674.14
1737961200000000000,104674.14
1737961500000000000,104674.14
1737961800000000000,104674.14
1737962100000000000,104674.14
1737962400000000000,104674.14
1737962700000000000,104674.14
1737963000000000000,104674.14
1737963300000000000,104674.14
1737963600000000000,104674.14
1737963900000000000,104674.14
1737964200000000000,104674.14
1737964500000000000,104674.14
1737964800000000000,104674.14
1737965100000000000,104674.14
1737965400000000000,104674.14
1737965700000000000,104674.14
1737966000000000000,104674.14
1737966300000000000,104674.14
1737966600000000000,104674.14
1737966900000000000,104674.14
1737967200000000000,104674.14
1737967500000000000,104674.14
1737967800000000000,104674.14
1737968100000000000,104674.14
1737968400000000000,104674.14
1737968700000000000,104674.14
1737969000000000000,104674.14
1737969300000000000,104674.14
1737969600000000000,104674.14
1737969900000000000,104674.14
1737970200000000000,104674.14
1737971700000000000,104674.14
1737973500000000000,104673.14
1737975300000000000,104672.14
1737977100000000000,104672.14
1737978900000000000,104672.14
1737980700000000000,104672.14
1737982500000000000,104672.14
1737984300000000000,104672.14
1737986100000000000,104672.14
1737987900000000000,104672.14
1737989700000000000,104672.14
1737991500000000000,104672.14
1737993300000000000,104672.14
1737995100000000000,104672.14
1737996900000000000,104672.14
1737998700000000000,104672.14
1738000500000000000,104672.14
1738002300000000000,104672.14
1738004100000000000,104672.14
1738005900000000000,104672.14
1738007700000000000,104672.14
1738009500000000000,104672.14
1738011300000000000,104672.14
1738013100000000000,104672.14
1738014900000000000,104672.14
1738016700000000000,104672.14
1738018500000000000,104672.14
1738020300000000000,104672.14
1738022100000000000,104672.14
1738023900000000000,104672.14
1738025700000000000,104672.14
1738027500000000000,104672.14
1738029300000000000,104672.14
1738031100000000000,104672.14
1738032900000000000,104672.14
1738034700000000000,104491.01000000001
1738036500000000000,104491.01000000001
1738038300000000000,104491.01000000001
1738040100000000000,104491.01000000001
1738041900000000000,104362.39
1738043700000000000,104362.39
1738045500000000000,104362.39
1738047300000000000,104362.39
1738049100000000000,104362.39
1738050900000000000,104362.39
1738052700000000000,104362.39
1738054500000000000,104362.39
1738056300000000000,104362.39
1738058100000000000,104362.39
1738059900000000000,104362.39
1738061700000000000,104362.39
1738063500000000000,104362.39
1738065300000000000,104362.39
1738067100000000000,104362.39
1738068900000000000,104367.26000000001
1738070700000000000,104367.26000000001
1738072500000000000,104367.26000000001
1738074300000000000,104366.66
1738076100000000000,104366.66
1738077900000000000,104366.66
1738079700000000000,104366.66
1738081500000000000,104366.66
1738083300000000000,104366.66
1738085100000000000,104366.66
1738086900000000000,104365.66
1738088700000000000,104365.66
1738090500000000000,104365.66
1738092300000000000,104365.66
1738094100000000000,104365.66
1738095900000000000,104365.66
1738097700000000000,104430.64
1738099500000000000,104563.90000000001
1738101300000000000,104563.90000000001
1738103100000000000,104563.90000000001
1738104900000000000,104563.90000000001
1738106700000000000,104563.90000000001
1738108500000000000,104563.90000000001
1738110300000000000,104563.90000000001
1738112100000000000,104563.90000000001
1738113900000000000,104563.90000000001
1738115700000000000,104563.90000000001
1738117500000000000,104563.90000000001
1738119300000000000,104563.90000000001
1738121100000000000,104563.90000000001
1738122900000000000,104563.90000000001
1738124700000000000,104563.90000000001
1738126500000000000,104563.90000000001
1738128300000000000,104563.90000000001
1738130100000000000,104563.90000000001
1738131900000000000,104563.90000000001
1738133700000000000,104563.90000000001
1738135500000000000,104563.90000000001
1738137300000000000,104563.90000000001
1738139100000000000,104563.90000000001
1738140900000000000,104563.90000000001
1738142700000000000,104563.90000000001
1738144500000000000,104563.90000000001
1738146300000000000,104563.90000000001
1738148100000000000,104669.79
1738149900000000000,104669.79
1738151700000000000,104669.59
1738153500000000000,104669.59
1738155300000000000,104669.59
1738157100000000000,104669.59
1738158900000000000,104669.59
1738160700000000000,104669.59
1738162500000000000,104669.59
1738164300000000000,104669.59
1738166100000000000,104669.59
1738167900000000000,104669.59
1738169700000000000,104669.59
1738171500000000000,104669.59
1738173300000000000,104669.59
1738175100000000000,104669.59
1738176900000000000,104669.59
1738178700000000000,104669.59
1738180500000000000,104669.59
1738182300000000000,104669.59
1738184100000000000,104669.59
1738185900000000000,104669.59
1738187700000000000,104669.59
1738189500000000000,104669.59
1738191300000000000,104669.59
1738193100000000000,104669.59
1738194900000000000,104669.59
1738196700000000000,104717.42
1738198500000000000,104717.42
1738200300000000000,104717.42
1738202100000000000,104717.42
1738203900000000000,104717.42
1738205700000000000,104717.42
1738207500000000000,104716.42
1738209300000000000,104716.42
1738211100000000000,104716.42
1738212900000000000,104897.1
1738214700000000000,104897.1
1738216500000000000,104897.1
1738218300000000000,104897.1
1738220100000000000,104897.1
1738221900000000000,104897.1
1738223700000000000,104897.1
1738225500000000000,104897.1
1738227300000000000,104897.1
1738229100000000000,104897.1
1738230900000000000,104897.1
1738232700000000000,104897.1
1738234500000000000,104897.1
1738236300000000000,104897.1
1738238100000000000,104897.1
1738239900000000000,104897.1
1738241700000000000,104897.1
1738243500000000000,104897.1
1738245300000000000,104897.1
1738247100000000000,104897.1
1738248900000000000,104897.1
1738250700000000000,104897.1
1738252500000000000,104897.1
1738254300000000000,104897.1
1738256100000000000,104897.1
1738257900000000000,104897.1
1738259700000000000,104897.1
1738261500000000000,104897.1
1738263300000000000,104992.71
1738265100000000000,104992.71
1738266900000000000,105053.34
1738268700000000000,105053.34
1738270500000000000,105053.34
1738272300000000000,105053.34
1738274100000000000,105085.31
1738275900000000000,105085.31
1738277700000000000,105085.31
1738279500000000000,105085.31
1738281300000000000,105085.31
1738283100000000000,105085.31
1738284900000000000,105085.31
1738286700000000000,105085.31
1738288500000000000,105085.31
1738290300000000000,105085.31
1738292100000000000,105082.31
1738293900000000000,105082.31
1738295700000000000,105082.31
1738297500000000000,105082.31
1738299300000000000,105082.31
1738301100000000000,105082.31
1738302900000000000,105082.31
1738304700000000000,105082.31
1738306500000000000,105082.31
1738308300000000000,105082.31
1738310100000000000,105082.31
1738311900000000000,105082.31
1738313700000000000,105082.31
1738315500000000000,105082.31
1738317300000000000,105082.31
1738319100000000000,105082.31
1738320900000000000,105082.31
1738322700000000000,105082.31
1738324500000000000,105082.31
1738326300000000000,105082.31
1738328100000000000,105082.31
1738329900000000000,105082.31
1738331700000000000,105082.31
1738333500000000000,105082.31
1738335300000000000,105082.31
1738337100000000000,105082.31
1738338900000000000,105082.31
1738340700000000000,105082.31
1738342500000000000,105082.31
1738344300000000000,105082.31
1738346100000000000,105082.31
1738347900000000000,105198.73999999999
1738349700000000000,105198.73999999999
1738351500000000000,105198.73999999999
1738353300000000000,105198.73999999999
1738355100000000000,105198.73999999999
1738356900000000000,105198.73999999999
1738358700000000000,105198.73999999999
1738360500000000000,105198.73999999999
1738362300000000000,105198.73999999999
1738364100000000000,105198.73999999999
1738365900000000000,105198.73999999999
1738367700000000000,105198.73999999999
1738369500000000000,105198.73999999999
1738371300000000000,105198.73999999999
1738373100000000000,105198.73999999999
1738374900000000000,105198.73999999999
1738376700000000000,105198.73999999999
1738378500000000000,105198.73999999999
1738380300000000000,105198.73999999999
1738382100000000000,105198.73999999999
1738383900000000000,105284.03
1738385700000000000,105334.37000000001
1738387500000000000,105334.37000000001
1738389300000000000,105334.37000000001
1738391100000000000,105334.37000000001
1738392900000000000,105334.37000000001
1738394700000000000,105334.37000000001
1738396500000000000,105334.37000000001
1738398300000000000,105334.37000000001
1738400100000000000,105334.37000000001
1738401900000000000,105334.37000000001
1738403700000000000,105334.37000000001
1738405500000000000,105334.37000000001
1738407300000000000,105334.37000000001
1738409100000000000,105334.37000000001
1738410900000000000,105334.37000000001
1738412700000000000,105334.37000000001
1738414500000000000,105334.37000000001
1738416300000000000,105334.37000000001
1738418100000000000,105334.37000000001
1738419900000000000,105334.37000000001
1738421700000000000,105334.37000000001
1738423500000000000,105334.37000000001
1738425300000000000,105334.37000000001
1738427100000000000,105334.37000000001
1738428900000000000,105334.37000000001
1738430700000000000,105334.37000000001
1738432500000000000,105334.37000000001
1738434300000000000,105330.42
1738436100000000000,105330.42
1738437900000000000,105330.42
1738439700000000000,105330.42
1738441500000000000,105330.42
1738443300000000000,105328.42
1738445100000000000,105328.01999999999
1738446900000000000,105328.01999999999
1738448700000000000,105328.01999999999
1738450500000000000,105328.01999999999
1738452300000000000,105328.01999999999
1738454100000000000,105328.01999999999
1738455900000000000,105328.01999999999
1738457700000000000,105328.01999999999
1738459500000000000,105328.01999999999
1738461300000000000,105328.01999999999
1738463100000000000,105328.01999999999
1738464900000000000,105328.01999999999
1738466700000000000,105328.01999999999
1738468500000000000,105328.01999999999
1738470300000000000,105328.01999999999
1738472100000000000,105328.01999999999
1738473900000000000,105328.01999999999
1738475700000000000,105328.01999999999
1738477500000000000,105328.01999999999
1738479300000000000,105542.7
1738481100000000000,105542.7
1738482900000000000,105542.7
1738484700000000000,105542.7
1738486500000000000,105542.7
1738488300000000000,105542.7
1738490100000000000,105542.7
1738491900000000000,105542.7
1738493700000000000,105542.7
1738495500000000000,105724.73999999999
1738497300000000000,105724.73999999999
1738499100000000000,105724.73999999999
1738500900000000000,105724.73999999999
1738502700000000000,105722.73999999999
1738504500000000000,105720.73999999999
1738506300000000000,105720.73999999999
1738508100000000000,105720.73999999999
1738509900000000000,105720.73999999999
1738511700000000000,105720.73999999999
1738513500000000000,105720.73999999999
1738515300000000000,105720.73999999999
1738517100000000000,105720.73999999999
1738518900000000000,105720.73999999999
1738520700000000000,105720.73999999999
1738522500000000000,105720.73999999999
1738524300000000000,105720.73999999999
1738526100000000000,105720.73999999999
1738527900000000000,105720.73999999999
1738529700000000000,105720.73999999999
1738531500000000000,105720.73999999999
1738533300000000000,105720.73999999999
1738535100000000000,105720.73999999999
1738536900000000000,105720.73999999999
1738538700000000000,105720.73999999999
1738540500000000000,105720.73999999999
1738542300000000000,105720.73999999999
1738544100000000000,105720.73999999999
1738545900000000000,105720.73999999999
1738547700000000000,105720.73999999999
1738549500000000000,105720.73999999999
1738551300000000000,105720.73999999999
1738553100000000000,105720.73999999999
1738554900000000000,105720.73999999999
1738556700000000000,105720.73999999999
1738558500000000000,105720.73999999999
1738560300000000000,105717.49
1738562100000000000,105717.49
1738563900000000000,105717.49
1738565700000000000,105717.49
1738567500000000000,105717.49
1738569300000000000,105717.49
1738571100000000000,105717.49
1738572900000000000,105717.49
1738574700000000000,105717.49
1738576500000000000,105717.49
1738578300000000000,105717.49
1738580100000000000,105717.49
1738581900000000000,105717.49
1738583700000000000,105717.49
1738585500000000000,105717.49
1738587300000000000,105717.49
1738589100000000000,105717.49
1738590900000000000,105717.49
1738592700000000000,105717.49
1738594500000000000,105717.49
1738596300000000000,105717.49
1738598100000000000,105717.49
1738599900000000000,105717.49
1738601700000000000,105715.49
1738603500000000000,105715.49
1738605300000000000,105715.49
1738607100000000000,105715.49
1738608900000000000,105715.49
1738610700000000000,105715.49
1738612500000000000,105715.49
1738614300000000000,105687.76
1738616100000000000,105687.76
1738617900000000000,105685.76
1738619700000000000,105685.36
1738621500000000000,105685.36
1738623300000000000,105685.36
1738625100000000000,105685.36
1738626900000000000,105685.36
1738628700000000000,105685.36
1738630500000000000,105685.36
1738632300000000000,105685.36
1738634100000000000,105685.36
1738635900000000000,105685.36
1738637700000000000,105685.36
1738639500000000000,105685.36
1738641300000000000,105685.36
1738643100000000000,105685.36
1738644900000000000,105814.81
1738646700000000000,105814.81
1738648500000000000,105814.81
1738650300000000000,105814.81
1738652100000000000,105814.81
1738653900000000000,105814.81
1738655700000000000,105814.81
1738657500000000000,105814.81
1738659300000000000,105814.81
1738661100000000000,105814.81
1738662900000000000,105814.81
1738664700000000000,105813.81
1738666500000000000,105813.81
1738668300000000000,105813.81
1738670100000000000,105813.81
1738671900000000000,105895.84999999999
1738673700000000000,105895.84999999999
1738675500000000000,105895.84999999999
1738677300000000000,105895.84999999999
1738679100000000000,105895.84999999999
1738680900000000000,106056.26999999999
1738682700000000000,106056.26999999999
1738684500000000000,106056.26999999999
1738686300000000000,106056.26999999999
1738688100000000000,106056.26999999999
1738689900000000000,106056.26999999999
1738691700000000000,106056.26999999999
1738693500000000000,106056.26999999999
1738695300000000000,106056.26999999999
1738697100000000000,106056.26999999999
1738698900000000000,106056.26999999999
1738700700000000000,106056.26999999999
1738702500000000000,106056.26999999999
1738704300000000000,106056.26999999999
1738706100000000000,106056.26999999999
1738707900000000000,106056.26999999999
1738709700000000000,106056.26999999999
1738711500000000000,106056.26999999999
1738713300000000000,106056.26999999999
1738715100000000000,106056.26999999999
1738716900000000000,106056.26999999999
1738718700000000000,106056.26999999999
1738720500000000000,106056.26999999999
1738722300000000000,106056.26999999999
1738724100000000000,106055.27
1738725900000000000,106055.27
1738727700000000000,106055.27
1738729500000000000,106054.29000000001
1738729800000000000,105734.71
1738730100000000000,105734.71
1738730400000000000,105734.71
1738730700000000000,105734.71
1738731000000000000,105734.71
1738731300000000000,105734.71
1738731600000000000,105734.71
1738731900000000000,105734.71
1738732200000000000,105734.71
1738732500000000000,105734.71
1738732800000000000,105734.71
1738733100000000000,105734.71
1738733400000000000,105734.71
1738733700000000000,105734.71
1738734000000000000,105734.71
1738734300000000000,105734.71
1738734600000000000,105734.71
1738734900000000000,105734.71
1738735200000000000,105734.71
1738735500000000000,105734.71
1738735800000000000,105734.71
1738736100000000000,105734.71
1738736400000000000,105734.71
1738736700000000000,105734.71
1738737000000000000,105734.71
1738737300000000000,105734.71
1738737600000000000,105734.71
1738737900000000000,105734.71
1738738200000000000,105734.71
1738738500000000000,105734.71
1738738800000000000,105734.71
1738739100000000000,105734.71
1738739400000000000,105734.71
1738739700000000000,105734.71
1738740000000000000,105734.71
1738740300000000000,105734.71
1738740600000000000,105734.71
1738740900000000000,105734.71
1738741200000000000,105734.71
1738741500000000000,105734.71
1738741800000000000,105734.71
1738742100000000000,105734.71
1738742400000000000,105734.71
1738742700000000000,105734.71
1738743000000000000,105734.71
1738743300000000000,105734.71
1738743600000000000,105734.71
1738743900000000000,105734.71
1738744200000000000,105734.71
1738744500000000000,105734.71
1738745700000000000,105734.71
1738747500000000000,105734.71
1738749300000000000,105733.70999999999
1738751100000000000,105732.71
1738752900000000000,105732.71
1738754700000000000,105732.71
1738756500000000000,105732.71
1738758300000000000,105732.71
1738760100000000000,105732.71
1738761900000000000,105732.71
1738763700000000000,105732.71
1738765500000000000,105732.71
1738767300000000000,105732.71
1738769100000000000,105732.71
1738770900000000000,105732.71
1738772700000000000,105732.71
1738774500000000000,105732.71
1738776300000000000,105732.71
1738778100000000000,105732.71
1738779900000000000,105732.71
1738781700000000000,105732.71
1738783500000000000,105732.71
1738785300000000000,105732.71
1738787100000000000,105732.71
1738788900000000000,105732.71
1738790700000000000,105732.71
1738792500000000000,105732.71
1738794300000000000,105732.71
1738796100000000000,105732.71
1738797900000000000,105732.71
1738799700000000000,105732.71
1738801500000000000,105732.71
1738803300000000000,105732.71
1738805100000000000,105471.73000000001
1738806900000000000,105471.73000000001
1738808700000000000,105471.73000000001
1738810500000000000,105471.73000000001
1738812300000000000,105471.73000000001
1738814100000000000,105471.73000000001
1738815900000000000,105471.73000000001
1738817700000000000,105471.73000000001
1738819500000000000,105471.73000000001
1738821300000000000,105471.73000000001
1738822500000000000,105471.73000000001
1738822800000000000,105471.78
1738823100000000000,105471.78
1738823400000000000,105471.78
1738823700000000000,105471.78
1738824000000000000,105471.78
1738824300000000000,105471.78
1738824600000000000,105471.78
1738824900000000000,105471.78
1738825200000000000,105471.78
1738825500000000000,105471.78
1738825800000000000,105471.78
1738826100000000000,105471.78
1738826400000000000,105471.78
1738826700000000000,105471.78
1738827000000000000,105471.78
1738827300000000000,105471.78
1738827600000000000,105471.78
1738827900000000000,105471.78
1738828200000000000,105471.78
1738828500000000000,105471.78
1738828800000000000,105471.78
1738829100000000000,105471.78
1738829400000000000,105471.78
1738829700000000000,105471.78
1738830000000000000,105471.78
1738830300000000000,105471.78
1738830600000000000,105471.78
1738830900000000000,105471.78
1738831200000000000,105471.78
1738831500000000000,105471.78
1738831800000000000,105471.78
1738832100000000000,105471.78
1738832400000000000,105471.78
1738832700000000000,105471.78
1738833000000000000,105471.78
1738833300000000000,105471.78
1738833600000000000,105471.78
1738833900000000000,105471.78
1738834200000000000,105471.78
1738834500000000000,105471.78
1738834800000000000,105471.78
1738835100000000000,105471.78
1738835400000000000,105471.78
1738835700000000000,105471.78
1738836000000000000,105471.78
1738836300000000000,105471.78
1738836600000000000,105471.78
1738836900000000000,105471.78
1738837500000000000,105471.78
1738839300000000000,105470.78
1738841100000000000,105470.78
1738842900000000000,105470.78
1738844700000000000,105470.78
1738846500000000000,105470.78
1738848300000000000,105470.78
1738850100000000000,105551.28
1738851900000000000,105551.28
1738853700000000000,105551.28
1738855500000000000,105551.28
1738857300000000000,105551.28
1738859100000000000,105551.28
1738860900000000000,105549.28
1738862700000000000,105549.28
1738864500000000000,105549.28
1738866300000000000,105549.28
1738868100000000000,105549.28
1738869900000000000,105549.28
1738871700000000000,105549.28
1738873500000000000,105549.28
1738875300000000000,105549.28
1738877100000000000,105549.28
1738878900000000000,105549.28
1738880700000000000,105549.28
1738882500000000000,105549.28
1738884300000000000,105549.28
1738886100000000000,105549.28
1738887900000000000,105549.28
1738889700000000000,105549.28
1738891500000000000,105549.28
1738893300000000000,105549.28
1738895100000000000,105549.28
1738896900000000000,105549.28
1738898700000000000,105549.28
1738900500000000000,105591.94
1738902300000000000,105591.94
1738904100000000000,105591.94
1738905900000000000,105591.94
1738907700000000000,105591.94
1738909500000000000,105591.94
1738911300000000000,105591.94
1738913100000000000,105591.94
1738914900000000000,105591.94
1738916700000000000,105591.94
1738918500000000000,105591.94
1738920300000000000,105591.94
1738922100000000000,105676.79000000001
1738923900000000000,105676.79000000001
1738925700000000000,105676.79000000001
1738927500000000000,105676.79000000001
1738929300000000000,105676.79000000001
1738931100000000000,105676.79000000001
1738932900000000000,105676.79000000001
1738934700000000000,105676.79000000001
1738936500000000000,105673.79
1738938300000000000,105673.79
1738940100000000000,105673.79
1738941900000000000,105673.79
1738943700000000000,105670.79000000001
1738945500000000000,105670.79000000001
1738947300000000000,105670.79000000001
1738949100000000000,105670.79000000001
1738950900000000000,105670.79000000001
1738952700000000000,105670.79000000001
1738954500000000000,105670.79000000001
1738956300000000000,105670.79000000001
1738958100000000000,105670.79000000001
1738959900000000000,105670.79000000001
1738961700000000000,105670.79000000001
1738963500000000000,105670.79000000001
1738965300000000000,105670.79000000001
1738967100000000000,105670.79000000001
1738968900000000000,105670.79000000001
1738970700000000000,105670.79000000001
1738972500000000000,105670.79000000001
1738974300000000000,105670.79000000001
1738976100000000000,105670.79000000001
1738977900000000000,105670.79000000001
1738979700000000000,105670.79000000001
1738981500000000000,105670.79000000001
1738983300000000000,105670.79000000001
1738985100000000000,105670.79000000001
1738986900000000000,105670.79000000001
1738988700000000000,105670.79000000001
1738990500000000000,105670.79000000001
1738992300000000000,105670.79000000001
1738994100000000000,105670.79000000001
1738995900000000000,105670.79000000001
1738997700000000000,105670.79000000001
1738999500000000000,105670.79000000001
1739001300000000000,105670.79000000001
1739003100000000000,105670.79000000001
1739004900000000000,105717.45999999999
1739006700000000000,105717.45999999999
1739008500000000000,105717.45999999999
1739010300000000000,105717.45999999999
1739012100000000000,105747.18000000001
1739013900000000000,105747.18000000001
1739015700000000000,105817.91
1739017500000000000,105817.91
1739019300000000000,105817.91
1739021100000000000,105817.91
1739022900000000000,105817.91
1739024700000000000,105817.91
1739026500000000000,105817.91
1739028300000000000,105817.91
1739030100000000000,105817.91
1739031900000000000,105817.91
1739033700000000000,105817.91
1739035500000000000,105817.91
1739037300000000000,105817.91
1739039100000000000,105817.91
1739040900000000000,105817.91
1739042700000000000,105817.91
1739044500000000000,105817.91
1739046300000000000,105817.91
1739048100000000000,105817.91
1739049900000000000,105817.91
1739051700000000000,105817.91
1739053500000000000,105817.91
1739055300000000000,105817.91
1739057100000000000,105817.91
1739058900000000000,105817.91
1739060700000000000,105817.91
1739062500000000000,105817.91
1739064300000000000,105817.91
1739066100000000000,105817.91
1739067900000000000,105817.91
1739069700000000000,105817.91
1739071500000000000,105817.91
1739073300000000000,105817.91
1739075100000000000,105817.91
1739076900000000000,105817.91
1739078700000000000,105817.91
1739080500000000000,105817.91
1739082300000000000,105817.91
1739084100000000000,105816.90999999999
1739085900000000000,105816.90999999999
1739087700000000000,105816.90999999999
1739089500000000000,105816.90999999999
1739091300000000000,105816.90999999999
1739093100000000000,105815.91
1739094900000000000,105815.91
1739096700000000000,105815.91
1739098500000000000,105815.91
1739100300000000000,105815.91
1739102100000000000,105815.91
1739103900000000000,105815.91
1739105700000000000,105815.91
1739107500000000000,105815.91
1739109300000000000,105815.91
1739111100000000000,105815.91
1739112900000000000,105815.91
1739114700000000000,105815.91
1739116500000000000,105815.91
1739118300000000000,105815.91
1739120100000000000,105815.91
1739121900000000000,105815.91
1739123700000000000,105815.91
1739125500000000000,105815.91
1739127300000000000,105888.98999999999
1739129100000000000,105888.98999999999
1739130900000000000,105886.98999999999
1739132700000000000,105886.98999999999
1739134500000000000,105886.98999999999
1739136300000000000,105886.98999999999
1739138100000000000,105886.98999999999
1739139900000000000,105886.98999999999
1739141700000000000,105886.98999999999
1739143500000000000,105886.98999999999
1739145300000000000,105886.98999999999
1739147100000000000,105886.98999999999
1739148900000000000,105886.98999999999
1739150700000000000,105886.98999999999
1739152500000000000,105886.98999999999
1739154300000000000,105886.98999999999
1739156100000000000,105886.98999999999
1739157900000000000,105886.98999999999
1739159700000000000,105886.98999999999
1739161500000000000,105886.98999999999
1739163300000000000,105886.98999999999
1739165100000000000,105886.98999999999
1739166900000000000,105886.98999999999
1739168700000000000,105886.98999999999
1739170500000000000,105886.98999999999
1739172300000000000,106047.02
1739174100000000000,106047.02
1739175900000000000,106047.02
1739177700000000000,106047.02
1739179500000000000,106047.02
1739181300000000000,106047.02
1739183100000000000,106047.02
1739184900000000000,106193.66
1739186700000000000,106193.66
1739188500000000000,106193.66
1739190300000000000,106193.66
1739192100000000000,106193.66
1739193900000000000,106193.66
1739195700000000000,106193.66
1739197500000000000,106193.66
1739199300000000000,106193.66
1739201100000000000,106193.66
1739202900000000000,106193.66
1739204700000000000,106191.66
1739206500000000000,106191.66
1739208300000000000,106189.66
1739210100000000000,106189.66
1739211900000000000,106189.66
1739213700000000000,106189.66
1739215500000000000,106189.66
1739217300000000000,106189.66
1739219100000000000,106189.66
1739220900000000000,106189.66
1739222700000000000,106189.66
1739224500000000000,106189.66
1739226300000000000,106189.66
1739228100000000000,106189.66
1739229900000000000,106189.66
1739231700000000000,106189.66
1739233500000000000,106189.66
1739235300000000000,106549.47
1739237100000000000,106549.47
1739238900000000000,106549.47
1739240700000000000,106549.47
1739242500000000000,106549.47
1739244300000000000,106773.54999999999
1739246100000000000,106773.54999999999
1739246400000000000,107735.0
1739246700000000000,107735.0
1739247000000000000,107735.0
1739247300000000000,107735.0
1739247600000000000,107735.0
1739247900000000000,107735.0
1739248200000000000,107735.0
1739248500000000000,107735.0
1739248800000000000,107735.0
1739249100000000000,107735.0
1739249400000000000,107735.0
1739249700000000000,107735.0
1739250000000000000,107735.0
1739250300000000000,107735.0
1739250600000000000,107735.0
1739250900000000000,107735.0
1739251200000000000,107735.0
1739251500000000000,107735.0
1739251800000000000,107735.0
1739252100000000000,107735.0
1739252400000000000,107735.0
1739252700000000000,107735.0
1739253000000000000,107735.0
1739253300000000000,107735.0
1739253600000000000,107735.0
1739253900000000000,107735.0
1739254200000000000,107735.0
1739254500000000000,107735.0
1739254800000000000,107735.0
1739255100000000000,107735.0
1739255400000000000,107735.0
1739255700000000000,107735.0
1739256000000000000,107735.0
1739256300000000000,107735.0
1739256600000000000,107735.0
1739256900000000000,107735.0
1739257200000000000,107735.0
1739257500000000000,107735.0
1739257800000000000,107735.0
1739258100000000000,107735.0
1739258400000000000,107735.0
1739258700000000000,107735.0
1739259000000000000,107735.0
1739259300000000000,107735.0
1739259600000000000,107735.0
1739259900000000000,107735.0
1739260200000000000,107735.0
1739260500000000000,107735.0
1739260800000000000,107735.0
1739261100000000000,107735.0
1739261400000000000,107735.0
1739261700000000000,107735.0
1739262000000000000,107735.0
1739262300000000000,107735.0
1739264100000000000,107734.0
1739265900000000000,107734.0
1739267700000000000,107734.0
1739269500000000000,107734.0
1739271300000000000,107793.92
1739273100000000000,107793.92
1739274900000000000,107793.92
1739276700000000000,107793.92
1739278500000000000,107793.92
1739280300000000000,107793.92
1739282100000000000,107793.92
1739283900000000000,107791.92
1739285700000000000,107791.92
1739287500000000000,107791.92
1739289300000000000,107791.92
1739291100000000000,107791.92
1739292900000000000,107791.92
1739294700000000000,107791.92
1739296500000000000,107791.92
1739298300000000000,107791.92
1739300100000000000,107791.92
1739301900000000000,107791.92
1739303700000000000,107791.92
1739305500000000000,107791.92
1739307300000000000,107791.92
1739309100000000000,107791.92
1739310900000000000,107791.92
1739312700000000000,107791.92
1739314500000000000,107791.92
1739316300000000000,107791.92
1739318100000000000,107791.92
1739319900000000000,108127.23
1739321700000000000,108127.23
1739323500000000000,108127.23
1739325300000000000,108127.23
1739327100000000000,108126.23
1739328900000000000,108126.23
1739330700000000000,108126.23
1739332500000000000,108126.23
1739334300000000000,108126.23
1739336100000000000,108126.23
1739337900000000000,108244.84
1739339700000000000,108244.84
1739341500000000000,108244.84
1739343300000000000,108244.84
1739345100000000000,108244.84
1739346900000000000,108244.84
1739348700000000000,108244.84
1739350500000000000,108244.84
1739352300000000000,108244.84
1739354100000000000,108244.84
1739355900000000000,108244.84
1739357700000000000,108244.84
1739359500000000000,108244.84
1739361300000000000,108244.84
1739363100000000000,108386.12
1739364900000000000,108386.12
1739366700000000000,108386.12
1739368500000000000,108386.12
1739370300000000000,108386.12
1739372100000000000,108386.12
1739373900000000000,108386.12
1739375700000000000,108386.12
1739377500000000000,108386.12
1739379300000000000,108386.12
1739381100000000000,108399.04
1739382900000000000,108399.04
1739384700000000000,108405.68
1739386500000000000,108405.68
1739388300000000000,108405.68
1739390100000000000,108405.68
1739391900000000000,108405.68
1739393700000000000,108405.68
1739395500000000000,108405.68
1739397300000000000,108405.68
1739399100000000000,108405.68
1739400900000000000,108405.68
1739402700000000000,108405.68
1739404500000000000,108405.68
1739406300000000000,108405.68
1739408100000000000,108405.68
1739409900000000000,108405.68
1739411700000000000,108405.68
1739413500000000000,108405.68
1739415300000000000,108405.68
1739417100000000000,108405.68
1739418900000000000,108405.68
1739420700000000000,108405.68
1739422500000000000,108405.68
1739424300000000000,108405.68
1739426100000000000,108405.68
1739427900000000000,108405.68
1739429700000000000,108405.68
1739431500000000000,108405.68
1739433300000000000,108405.68
1739435100000000000,108405.68
1739436900000000000,108405.68
1739438700000000000,108405.68
1739440500000000000,108405.68
1739442300000000000,108404.68
1739444100000000000,108404.68
1739445900000000000,108403.68
1739447700000000000,108403.68
1739449500000000000,108403.68
1739451300000000000,108403.68
1739453100000000000,108403.68
1739454900000000000,108403.68
1739456700000000000,108403.68
1739458500000000000,108403.68
1739460300000000000,108403.68
1739462100000000000,108403.68
1739463900000000000,108403.68
1739465700000000000,108403.68
1739467500000000000,108403.68
1739469300000000000,108403.68
1739471100000000000,108403.68
1739472900000000000,108403.68
1739474700000000000,108403.68
1739476500000000000,108403.68
1739478300000000000,108403.68
1739480100000000000,108403.68
1739481900000000000,108403.68
1739483700000000000,108403.68
1739485500000000000,108403.68
1739487300000000000,108403.68
1739489100000000000,108403.68
1739490900000000000,108403.68
1739492700000000000,108403.68
1739494500000000000,108403.68
1739496300000000000,108403.68
1739498100000000000,108402.68000000001
1739499900000000000,108402.68000000001
1739501700000000000,108402.68000000001
1739503500000000000,108402.68000000001
1739505300000000000,108402.68000000001
1739507100000000000,108402.68000000001
1739508900000000000,108458.68000000001
1739510700000000000,108458.68000000001
1739512500000000000,108458.68000000001
1739514300000000000,108456.68
1739516100000000000,108456.68
1739517900000000000,108456.68
1739519700000000000,108456.68
1739521500000000000,108456.68
1739523300000000000,108456.68
1739525100000000000,108456.68
1739526900000000000,108456.68
1739528700000000000,108456.68
1739530500000000000,108456.68
1739532300000000000,108456.68
1739534100000000000,108456.68
1739535900000000000,108456.68
1739537700000000000,108456.68
1739539500000000000,108456.68
1739541300000000000,108456.68
1739543100000000000,108456.68
1739544900000000000,108456.68
1739546700000000000,108456.68
1739548500000000000,108456.68
1739550300000000000,108456.68
1739552100000000000,108455.68
1739553900000000000,108455.68
1739555700000000000,108455.68
1739557500000000000,108455.68
1739559300000000000,108454.68000000001
1739561100000000000,108454.68000000001
1739562900000000000,108454.68000000001
1739564700000000000,108454.68000000001
1739566500000000000,108454.68000000001
1739568300000000000,108454.68000000001
1739570100000000000,108454.68000000001
1739571900000000000,108454.68000000001
1739573700000000000,108454.68000000001
1739575500000000000,108454.68000000001
1739577300000000000,108454.68000000001
1739579100000000000,108454.68000000001
1739580900000000000,108454.68000000001
1739582700000000000,108454.68000000001
1739584500000000000,108454.68000000001
1739586300000000000,108454.68000000001
1739588100000000000,108454.68000000001
1739589900000000000,108454.68000000001
1739591700000000000,108734.46
1739593500000000000,108734.46
1739595300000000000,108734.46
1739597100000000000,108734.46
1739598900000000000,108734.46
1739600700000000000,108734.46
1739602500000000000,108734.46
1739604300000000000,108734.46
1739606100000000000,109118.8
1739607900000000000,109118.8
1739609700000000000,109118.8
1739611500000000000,109123.05
1739613300000000000,109122.05
1739615100000000000,109122.05
1739616900000000000,109122.05
1739618700000000000,109122.05
1739620500000000000,109122.05
1739622300000000000,109122.05
1739624100000000000,109122.05
1739625900000000000,109122.05
1739627700000000000,109122.05
1739629500000000000,109122.05
1739631300000000000,109122.05
1739633100000000000,109122.05
1739634900000000000,109122.05
1739636700000000000,109122.05
1739638500000000000,109122.05
1739640300000000000,109122.05
1739642100000000000,109122.05
1739643900000000000,109122.05
1739645700000000000,109122.05
1739647500000000000,109122.05
1739649300000000000,109122.05
1739651100000000000,109122.05
1739652900000000000,109122.05
1739654700000000000,109122.05
1739656500000000000,109122.05
1739658300000000000,109122.05
1739660100000000000,109122.05
1739661900000000000,109122.05
1739663700000000000,109122.05
1739665500000000000,109122.05
1739667300000000000,109135.2
1739669100000000000,109162.5
1739670900000000000,109162.5
1739672700000000000,109162.5
1739674500000000000,109162.5
1739676300000000000,109162.5
1739678100000000000,109207.07999999999
1739679900000000000,109207.07999999999
1739681700000000000,109207.07999999999
1739683500000000000,109207.07999999999
1739685300000000000,109207.07999999999
1739687100000000000,109207.07999999999
1739688900000000000,109207.07999999999
1739690700000000000,109207.07999999999
1739692500000000000,109207.07999999999
1739694300000000000,109207.07999999999
1739696100000000000,109207.07999999999
1739697900000000000,109207.07999999999
1739699700000000000,109207.07999999999
1739701500000000000,109207.07999999999
1739703300000000000,109207.07999999999
1739705100000000000,109207.07999999999
1739706900000000000,109207.07999999999
1739708700000000000,109207.07999999999
1739710500000000000,109207.07999999999
1739712300000000000,109207.07999999999
1739714100000000000,109207.07999999999
1739715900000000000,109207.07999999999
1739717700000000000,109207.07999999999
1739719500000000000,109207.07999999999
1739721300000000000,109207.07999999999
1739723100000000000,109207.07999999999
1739724900000000000,109207.07999999999
1739726700000000000,109207.07999999999
1739728500000000000,109320.26
1739730300000000000,109320.26
1739732100000000000,109318.26
1739733900000000000,109318.26
1739735700000000000,109318.26
1739737500000000000,109318.26
1739739300000000000,109318.26
1739741100000000000,109318.26
1739742900000000000,109318.26
1739744700000000000,109318.26
1739746500000000000,109318.26
1739748300000000000,109318.26
1739750100000000000,109318.26
1739751900000000000,109318.26
1739753700000000000,109318.26
1739755500000000000,109318.26
1739757300000000000,109318.26
1739759100000000000,109318.26
1739760900000000000,109318.26
1739762700000000000,109318.26
1739764500000000000,109318.26
1739766300000000000,109318.26
1739768100000000000,109318.26
1739769900000000000,109318.26
1739771700000000000,109318.26
1739773500000000000,109318.26
1739775300000000000,109318.26
1739777100000000000,109318.26
1739778900000000000,109318.26
1739780700000000000,109318.26
1739782500000000000,109317.26000000001
1739784300000000000,109317.26000000001
1739786100000000000,109317.26000000001
1739787900000000000,109317.26000000001
1739789700000000000,109317.26000000001
1739791500000000000,109317.26000000001
1739793300000000000,109317.26000000001
1739795100000000000,109317.06
1739796900000000000,109317.06
1739798700000000000,109317.06
1739800500000000000,109317.06
1739802300000000000,109317.06
1739804100000000000,109317.06
1739805900000000000,109317.06
1739807700000000000,109317.06
1739809500000000000,109317.06
1739811300000000000,109317.06
1739813100000000000,109317.06
1739814900000000000,109317.06
1739816700000000000,109317.06
1739818500000000000,109317.06
1739820300000000000,109317.06
1739822100000000000,109317.06
1739823900000000000,109317.06
1739825700000000000,109317.06
1739827500000000000,109317.06
1739829300000000000,109317.06
1739831100000000000,109317.06
1739832900000000000,109317.06
1739834700000000000,109317.06
1739836500000000000,109317.06
1739838300000000000,109317.06
1739840100000000000,109316.06
1739841900000000000,109316.06
1739843700000000000,109316.06
1739845500000000000,109316.06
1739847300000000000,109316.06
1739849100000000000,109316.06
1739850900000000000,109346.68000000001
1739852700000000000,109346.68000000001
1739854500000000000,109346.68000000001
1739856300000000000,109346.68000000001
1739858100000000000,109346.68000000001
1739859900000000000,109346.68000000001
1739861700000000000,109346.68000000001
1739863500000000000,109345.11
1739865300000000000,109345.11
1739867100000000000,109345.11
1739868900000000000,109345.11
1739870700000000000,109345.11
1739872500000000000,109345.11
1739874300000000000,109345.11
1739876100000000000,109345.11
1739877900000000000,109345.11
1739879700000000000,109345.11
1739881500000000000,109345.11
1739883300000000000,109345.11
1739885100000000000,109603.35
1739886900000000000,109603.35
1739888700000000000,109603.35
1739890500000000000,109603.35
1739892300000000000,109603.35
1739894100000000000,109603.35
1739895900000000000,109603.35
1739897700000000000,109603.35
1739899500000000000,109603.35
1739901300000000000,109700.55
1739903100000000000,109698.55
1739904900000000000,109698.55
1739906700000000000,109698.55
1739908500000000000,109698.55
1739910300000000000,109698.55
1739912100000000000,109698.55
1739913900000000000,109698.55
1739915700000000000,109698.55
1739917500000000000,109698.55
1739919300000000000,109698.55
1739921100000000000,109698.55
1739922900000000000,109698.55
1739924700000000000,109698.55
1739926500000000000,109698.55
1739928300000000000,109698.55
1739930100000000000,109698.55
1739931900000000000,109698.55
1739933700000000000,109698.55
1739935500000000000,109698.55
1739937300000000000,109698.55
1739939100000000000,109698.55
1739940900000000000,109698.55
1739942700000000000,109698.55
1739944500000000000,109698.55
1739946300000000000,109698.55
1739948100000000000,109698.55
1739949900000000000,109698.55
1739951700000000000,109698.55
1739953500000000000,109698.55
1739955300000000000,109698.55
1739957100000000000,109729.48
1739958900000000000,109729.48
1739960700000000000,109729.48
1739962500000000000,109729.48
1739964300000000000,109729.48
1739966100000000000,109729.48
1739967900000000000,109729.48
1739969700000000000,109729.48
1739971500000000000,109729.48
1739973300000000000,109729.48
1739975100000000000,109805.02
1739976900000000000,109805.02
1739978700000000000,109805.02
1739980500000000000,109805.02
1739982300000000000,109805.02
1739984100000000000,109805.02
1739985900000000000,109805.02
1739987700000000000,109805.02
1739989500000000000,109805.02
1739991300000000000,109805.02
1739993100000000000,109805.02
1739994900000000000,109805.02
1739996700000000000,109805.02
1739998500000000000,109805.02
1740000300000000000,109805.02
1740002100000000000,109805.02
1740003900000000000,109805.02
1740005700000000000,109805.02
1740007500000000000,109805.02
1740009300000000000,109805.02
1740011100000000000,109805.02
1740012900000000000,109805.02
1740014700000000000,109805.02
1740016500000000000,109805.02
1740018300000000000,109805.02
1740020100000000000,109805.02
1740021900000000000,109873.33
1740023700000000000,109873.33
1740025500000000000,109893.04
1740027300000000000,109893.04
1740029100000000000,109893.04
1740030900000000000,109893.04
1740032700000000000,109893.04
1740034500000000000,109893.04
1740036300000000000,109893.04
1740038100000000000,109986.25
1740039900000000000,109986.25
1740041700000000000,109986.25
1740043500000000000,109986.25
1740045300000000000,109986.25
1740047100000000000,109986.25
1740048900000000000,109986.25
1740050700000000000,109986.25
1740052500000000000,109986.25
1740054300000000000,109985.65000000001
1740056100000000000,109985.65000000001
1740057900000000000,109985.65000000001
1740059700000000000,109985.65000000001
1740061500000000000,109985.65000000001
1740063300000000000,109985.65000000001
1740065100000000000,109985.65000000001
1740066900000000000,109985.65000000001
1740068700000000000,109985.65000000001
1740070500000000000,109985.65000000001
1740072300000000000,109985.65000000001
1740074100000000000,109984.65
1740075900000000000,109983.65000000001
1740077700000000000,109983.65000000001
1740079500000000000,109983.65000000001
1740081300000000000,109983.65000000001
1740083100000000000,109983.65000000001
1740084900000000000,109983.65000000001
1740086700000000000,109983.65000000001
1740088500000000000,109983.65000000001
1740090300000000000,109983.65000000001
1740092100000000000,109983.65000000001
1740093900000000000,109983.65000000001
1740095700000000000,109983.65000000001
1740097500000000000,109983.65000000001
1740099300000000000,109983.65000000001
1740101100000000000,109983.65000000001
1740102900000000000,109983.65000000001
1740104700000000000,109983.65000000001
1740106500000000000,109983.65000000001
1740108300000000000,109983.65000000001
1740110100000000000,109983.65000000001
1740111900000000000,109983.65000000001
1740113700000000000,110523.77
1740115500000000000,110523.77
1740117300000000000,110523.77
1740119100000000000,110523.77
1740120900000000000,110523.77
1740122700000000000,110523.77
1740124500000000000,110523.77
1740126300000000000,110523.77
1740128100000000000,110523.77
1740129900000000000,110523.77
1740131700000000000,110522.77
1740133500000000000,110522.77
1740135300000000000,110522.77
1740137100000000000,110522.77
1740138900000000000,110522.77
1740140700000000000,110522.77
1740142500000000000,110756.05
1740144300000000000,110756.05
1740146100000000000,110756.05
1740147900000000000,110756.05
1740149700000000000,110756.05
1740151500000000000,110756.05
1740153300000000000,110756.05
1740155100000000000,110756.05
1740156900000000000,110756.05
1740158700000000000,110756.05
1740160500000000000,110756.05
1740162300000000000,110756.05
1740164100000000000,110756.05
1740165900000000000,110756.05
1740167700000000000,110756.05
1740169500000000000,110756.05
1740171300000000000,110756.05
1740173100000000000,110756.05
1740174900000000000,110756.05
1740176700000000000,110756.05
1740178500000000000,110756.05
1740180300000000000,110756.05
1740182100000000000,110878.95
1740183900000000000,110878.95
1740185700000000000,110877.95
1740187500000000000,110877.75
1740189300000000000,110877.75
1740191100000000000,110877.75
1740192900000000000,110877.75
1740194700000000000,110877.75
1740196500000000000,110877.75
1740198300000000000,110877.75
1740200100000000000,110877.75
1740201900000000000,110877.75
1740203700000000000,110877.75
1740205500000000000,110877.75
1740207300000000000,110877.75
1740209100000000000,111030.83
1740210900000000000,111030.83
1740212700000000000,111030.83
1740214500000000000,111030.83
1740216300000000000,111030.83
1740218100000000000,111030.83
1740219900000000000,111030.83
1740221700000000000,111030.83
1740223500000000000,111030.83
1740225300000000000,111030.83
1740227100000000000,111030.83
1740228900000000000,111030.83
1740230700000000000,111030.83
1740232500000000000,111030.83
1740234300000000000,111030.83
1740236100000000000,111030.83
1740237900000000000,111030.83
1740239700000000000,111030.83
1740241500000000000,111030.83
1740243300000000000,111030.83
1740245100000000000,111030.83
1740246900000000000,111030.83
1740248700000000000,111030.83
1740250500000000000,111029.83
1740252300000000000,111029.83
1740254100000000000,111029.83
1740255900000000000,111029.83
1740257700000000000,111029.83
1740259500000000000,111029.83
1740261300000000000,111029.83
1740263100000000000,111029.83
1740264900000000000,111029.83
1740266700000000000,111029.83
1740268500000000000,111029.83
1740270300000000000,111029.83
1740272100000000000,111029.83
1740273900000000000,111029.83
1740275700000000000,111029.83
1740277500000000000,111029.83
1740279300000000000,111029.83
1740281100000000000,111143.99
1740282900000000000,111143.99
1740284700000000000,111143.99
1740286500000000000,111143.99
1740288300000000000,111143.99
1740290100000000000,111143.99
1740291900000000000,111143.99
1740293700000000000,111143.99
1740295500000000000,111143.99
1740297300000000000,111214.7
1740299100000000000,111214.7
1740300900000000000,111214.7
1740302700000000000,111222.69
1740304500000000000,111222.69
1740306300000000000,111266.78
1740308100000000000,111266.78
1740309900000000000,111266.78
1740311700000000000,111266.78
1740313500000000000,111266.78
1740315300000000000,111266.78
1740317100000000000,111266.78
1740318900000000000,111266.78
1740320700000000000,111266.78
1740322500000000000,111266.78
1740324300000000000,111266.78
1740326100000000000,111266.78
1740327900000000000,111266.78
1740329700000000000,111266.78
1740331500000000000,111266.78
1740333300000000000,111266.78
1740335100000000000,111266.78
1740336900000000000,111266.78
1740338700000000000,111266.78
1740340500000000000,111266.78
1740342300000000000,111266.78
1740344100000000000,111266.78
1740345900000000000,111266.78
1740347700000000000,111266.78
1740349500000000000,111266.78
1740351300000000000,111266.78
1740353100000000000,111266.78
1740354900000000000,111266.78
1740356700000000000,111266.78
1740358500000000000,111266.78
1740360300000000000,111265.78
1740362100000000000,111265.78
1740363900000000000,111265.78
1740365700000000000,111327.22
1740367500000000000,111327.22
1740369300000000000,111327.22
1740371100000000000,111327.22
1740372900000000000,111327.22
1740374700000000000,111327.22
1740376500000000000,111327.22
1740378300000000000,111325.22
1740380100000000000,111325.22
1740381900000000000,111325.22
1740383700000000000,111325.22
1740385500000000000,111325.22
1740387300000000000,111325.22
1740389100000000000,111325.22
1740390900000000000,111325.22
1740392700000000000,111325.22
1740394500000000000,111325.22
1740396300000000000,111325.22
1740398100000000000,111325.22
1740399900000000000,111325.22
1740401700000000000,111325.22
1740403500000000000,111325.22
1740405300000000000,111325.22
1740407100000000000,111325.22
1740408900000000000,111325.22
1740410700000000000,111325.22
1740412500000000000,111325.22
1740414300000000000,111325.22
1740416100000000000,111325.22
1740417900000000000,111325.22
1740419700000000000,111311.67
1740421500000000000,111311.67
1740423300000000000,111311.67
1740425100000000000,111311.67
1740426900000000000,111311.67
1740428700000000000,111309.67
1740430500000000000,111309.67
1740432300000000000,111309.67
1740434100000000000,111445.20999999999
1740435900000000000,111445.20999999999
1740437700000000000,111445.20999999999
1740439500000000000,111445.20999999999
1740441300000000000,111445.20999999999
1740443100000000000,111445.20999999999
1740444900000000000,111445.20999999999
1740446700000000000,111445.20999999999
1740448500000000000,111445.20999999999
1740450300000000000,111445.20999999999
1740452100000000000,111445.20999999999
1740453900000000000,111445.20999999999
1740455700000000000,111445.20999999999
1740457500000000000,111445.20999999999
1740459300000000000,111445.20999999999
1740461100000000000,111445.20999999999
1740462900000000000,111445.20999999999
1740464700000000000,111445.20999999999
1740466500000000000,111445.20999999999
1740468300000000000,111445.20999999999
1740470100000000000,111445.20999999999
1740471900000000000,111445.20999999999
1740473700000000000,111445.20999999999
1740475500000000000,111445.20999999999
1740477300000000000,111547.7
1740479100000000000,111547.7
1740480900000000000,111547.7
1740482700000000000,111547.7
1740484500000000000,111547.7
1740486300000000000,111545.7
1740488100000000000,111545.7
1740489900000000000,111545.7
1740491700000000000,111545.7
1740493500000000000,111545.7
1740495300000000000,111545.7
1740497100000000000,111545.7
1740498900000000000,111545.7
1740500700000000000,111545.7
1740502500000000000,111545.7
1740504300000000000,111545.7
1740506100000000000,111545.7
1740507900000000000,111543.7
1740509700000000000,111543.7
1740511500000000000,111543.7
1740513300000000000,111543.7
1740515100000000000,111543.7
1740516900000000000,111543.7
1740518700000000000,111543.7
1740520500000000000,111543.7
1740522300000000000,111543.7
1740524100000000000,111543.7
1740525900000000000,111870.36
1740527700000000000,111870.36
1740529500000000000,111870.36
1740531300000000000,112048.45000000001
1740533100000000000,112048.45000000001
1740534900000000000,112048.45000000001
1740536700000000000,112048.45000000001
1740538500000000000,112048.45000000001
1740540300000000000,112046.45000000001
1740542100000000000,112046.45000000001
1740543900000000000,112046.45000000001
1740545700000000000,112044.45000000001
1740547500000000000,112044.45000000001
1740549300000000000,112044.45000000001
1740551100000000000,112044.45000000001
1740552900000000000,112044.45000000001
1740554700000000000,112044.45000000001
1740556500000000000,112044.45000000001
1740558300000000000,112044.45000000001
1740560100000000000,112044.45000000001
1740561900000000000,112044.45000000001
1740563700000000000,112044.45000000001
1740565500000000000,112044.45000000001
1740567300000000000,112044.45000000001
1740569100000000000,112044.45000000001
1740570900000000000,112044.45000000001
1740572700000000000,112044.45000000001
1740574500000000000,112044.45000000001
1740576300000000000,112044.45000000001
1740578100000000000,112044.45000000001
1740579900000000000,112044.45000000001
1740581700000000000,112044.45000000001
1740583500000000000,112044.45000000001
1740585300000000000,112044.45000000001
1740587100000000000,112044.45000000001
1740588900000000000,112044.45000000001
1740590700000000000,112044.45000000001
1740592500000000000,112044.45000000001
1740594300000000000,112044.45000000001
1740596100000000000,112044.45000000001
1740597900000000000,112044.45000000001
1740599700000000000,112044.45000000001
1740601500000000000,112099.19
1740603300000000000,112099.19
1740605100000000000,112099.19
1740606900000000000,112099.19
1740608700000000000,112099.19
1740610500000000000,112099.19
1740612300000000000,112097.19
1740614100000000000,112097.19
1740615900000000000,112097.19
1740617700000000000,112097.19
1740619500000000000,112097.19
1740621300000000000,112095.22
1740623100000000000,112095.22
1740624900000000000,112095.22
1740626700000000000,112095.22
1740628500000000000,112095.22
1740630300000000000,112095.22
1740632100000000000,112095.22
1740633900000000000,112095.22
1740635700000000000,112095.22
1740637500000000000,112095.22
1740639300000000000,112095.22
1740641100000000000,112095.22
1740642900000000000,112095.22
1740644700000000000,112095.22
1740646500000000000,112095.22
1740648300000000000,112095.22
1740650100000000000,112095.22
1740651900000000000,112095.22
1740653700000000000,112095.22
1740655500000000000,112095.22
1740657300000000000,112095.22
1740659100000000000,112095.22
1740660900000000000,112095.22
1740662700000000000,112095.22
1740664500000000000,112095.22
1740666300000000000,112095.22
1740668100000000000,112095.22
1740669900000000000,112095.22
1740671700000000000,112095.22
1740673500000000000,112095.22
1740675300000000000,112095.22
1740677100000000000,112095.22
1740678900000000000,112095.22
1740680700000000000,112095.22
1740682500000000000,112095.22
1740684300000000000,112095.22
1740686100000000000,112095.22
1740687900000000000,112095.22
1740689700000000000,112054.72
1740691500000000000,112054.72
1740693300000000000,112054.72
1740695100000000000,112054.72
1740696900000000000,112054.72
1740698700000000000,112045.45999999999
1740700500000000000,112045.45999999999
1740702300000000000,112045.45999999999
1740704100000000000,112045.45999999999
1740705900000000000,112045.45999999999
1740707700000000000,112045.45999999999
1740709500000000000,112045.45999999999
1740711300000000000,112045.45999999999
1740713100000000000,112045.45999999999
1740714900000000000,112045.45999999999
1740716700000000000,112045.45999999999
1740718500000000000,112045.45999999999
1740720300000000000,112045.45999999999
1740722100000000000,112045.45999999999
1740723900000000000,112045.45999999999
1740725700000000000,112045.45999999999
1740727500000000000,112045.45999999999
1740729300000000000,112045.45999999999
1740731100000000000,112045.45999999999
1740732900000000000,112045.45999999999
1740734700000000000,112045.45999999999
1740736500000000000,112045.45999999999
1740738300000000000,112045.45999999999
1740740100000000000,112045.45999999999
1740741900000000000,112045.45999999999
1740743700000000000,112045.45999999999
1740745500000000000,112045.45999999999
1740747300000000000,112045.45999999999
1740749100000000000,112045.45999999999
1740750900000000000,112045.45999999999
1740752700000000000,112045.45999999999
1740754500000000000,112045.45999999999
1740756300000000000,112045.45999999999
1740758100000000000,112045.45999999999
1740759900000000000,112045.45999999999
1740761700000000000,112045.45999999999
1740763500000000000,112045.45999999999
1740765300000000000,112045.45999999999
1740767100000000000,112045.45999999999
1740768900000000000,112045.45999999999
1740770700000000000,112046.48
1740772500000000000,112046.48
1740774300000000000,112046.48
1740776100000000000,112046.48
1740777900000000000,112046.48
1740779700000000000,112046.48
1740781500000000000,112046.48
1740783300000000000,112046.48
1740785100000000000,112046.48
1740786900000000000,112046.48
1740788700000000000,112046.48
1740790500000000000,112089.36
1740792300000000000,112089.36
1740794100000000000,112089.36
1740795900000000000,112089.36
1740797700000000000,112089.36
1740799500000000000,112089.36
1740801300000000000,112089.36
1740803100000000000,112089.36
1740804900000000000,112089.36
1740806700000000000,112089.36
1740808500000000000,112089.36
1740810300000000000,112089.36
1740812100000000000,112089.36
1740813900000000000,112089.36
1740815700000000000,112089.36
1740817500000000000,112089.36
1740819300000000000,112089.36
1740821100000000000,112088.36
1740822900000000000,112088.36
1740824700000000000,112088.36
1740826500000000000,112088.36
1740828300000000000,112088.36
1740830100000000000,112088.36
1740831900000000000,112202.72
1740833700000000000,112277.59
1740835500000000000,112277.59
1740837300000000000,112277.59
1740839100000000000,112277.59
1740840900000000000,112277.59
1740842700000000000,112277.59
1740844500000000000,112277.59
1740846300000000000,112277.59
1740847500000000000,112277.59
1740847800000000000,112691.62
1740848100000000000,112691.62
1740848400000000000,112691.62
1740848700000000000,112691.62
1740849000000000000,112691.62
1740849300000000000,112691.62
1740849600000000000,112691.62
1740849900000000000,112691.62
1740850200000000000,112691.62
1740850500000000000,112691.62
1740850800000000000,112691.62
1740851100000000000,112691.62
1740851400000000000,112691.62
1740851700000000000,112691.62
1740852000000000000,112691.62
1740852300000000000,112691.62
1740852600000000000,112691.62
1740852900000000000,112691.62
1740853200000000000,112691.62
1740853500000000000,112691.62
1740853800000000000,112691.62
1740854100000000000,112691.62
1740854400000000000,112691.62
1740854700000000000,112691.62
1740855000000000000,112691.62
1740855300000000000,112691.62
1740855600000000000,112691.62
1740855900000000000,112691.62
1740856200000000000,112691.62
1740856500000000000,112691.62
1740856800000000000,112691.62
1740857100000000000,112691.62
1740857400000000000,112691.62
1740857700000000000,112691.62
1740858000000000000,112691.62
1740858300000000000,112691.62
1740858600000000000,112691.62
1740858900000000000,112691.62
1740859200000000000,112691.62
1740859500000000000,112691.62
1740859800000000000,112691.62
1740860700000000000,112691.62
1740862500000000000,112691.62
1740864300000000000,112691.62
1740866100000000000,112690.62000000001
1740867900000000000,112690.62000000001
1740869700000000000,112690.62000000001
1740871500000000000,112690.62000000001
1740873300000000000,112689.62
1740875100000000000,112689.62
1740876900000000000,112689.62
1740878700000000000,112689.62
1740880500000000000,112689.62
1740882300000000000,112689.62
1740884100000000000,112689.62
1740885900000000000,112689.62
1740887700000000000,112689.62
1740889500000000000,112689.62
1740891300000000000,112689.62
1740893100000000000,112689.62
1740894900000000000,112689.62
1740896700000000000,112689.62
1740898500000000000,112689.62
1740900300000000000,112689.62
1740902100000000000,112689.62
1740903900000000000,112689.62
1740905700000000000,112689.62
1740907500000000000,112689.62
1740909300000000000,112689.62
1740911100000000000,112689.62
1740912900000000000,112689.62
1740914700000000000,112689.62
1740916500000000000,112689.62
1740918300000000000,112689.62
1740920100000000000,112689.62
1740921900000000000,112677.0
1740923700000000000,112677.0
1740925500000000000,112677.0
1740927300000000000,112677.0
1740929100000000000,112677.0
1740930900000000000,112677.0
1740932700000000000,112677.0
1740934500000000000,112707.68
1740936300000000000,112707.68
1740938100000000000,112707.68
1740939900000000000,112707.68
1740941700000000000,112707.68
1740943500000000000,112707.68
1740945300000000000,112707.68
1740947100000000000,112707.68
1740948900000000000,112707.68
1740950700000000000,112707.68
1740952500000000000,112707.68
1740954300000000000,112705.2
1740956100000000000,112705.2
1740957900000000000,112705.2
1740959700000000000,112705.2
1740961500000000000,112705.2
1740963300000000000,112705.2
1740965100000000000,112703.91
1740965400000000000,112557.51
1740965700000000000,112557.51
1740966000000000000,112557.51
1740966300000000000,112557.51
1740966600000000000,112557.51
1740966900000000000,112557.51
1740967200000000000,112557.51
1740967500000000000,112557.51
1740967800000000000,112557.51
1740968100000000000,112557.51
1740968400000000000,112557.51
1740968700000000000,112557.51
1740969000000000000,112557.51
1740969300000000000,112557.51
1740969600000000000,112557.51
1740969900000000000,112557.51
1740970200000000000,112557.51
1740970500000000000,112557.51
1740970800000000000,112557.51
1740971100000000000,112557.51
1740971400000000000,112557.51
1740971700000000000,112557.51
1740972000000000000,112557.51
1740972300000000000,112557.51
1740972600000000000,112557.51
1740972900000000000,112557.51
1740973200000000000,112557.51
1740973500000000000,112557.51
1740973800000000000,112557.51
1740974100000000000,112557.51
1740974400000000000,112557.51
1740974700000000000,112557.51
1740975900000000000,112557.51
1740977700000000000,112556.51
1740979500000000000,112556.51
1740981300000000000,112556.51
1740983100000000000,112556.51
1740984900000000000,112633.41
1740986700000000000,112633.41
1740988500000000000,112633.41
1740990300000000000,112633.41
1740992100000000000,112633.41
1740993900000000000,112633.41
1740995700000000000,112633.41
1740997500000000000,112633.41
1740999300000000000,112633.41
1741001100000000000,112633.41
1741002900000000000,112633.41
1741004700000000000,112633.41
1741006500000000000,112633.41
1741008300000000000,112633.41
1741010100000000000,112633.41
1741011900000000000,112633.41
1741013700000000000,112633.41
1741015500000000000,112633.41
1741017300000000000,112633.0
1741019100000000000,112633.0
1741020900000000000,112633.0
1741022700000000000,112633.0
1741024500000000000,112633.0
1741026300000000000,112633.0
1741028100000000000,112633.0
1741029900000000000,112633.0
1741031700000000000,112633.0
1741033500000000000,112633.0
1741035300000000000,112632.0
1741037100000000000,112632.0
1741038900000000000,112632.0
1741040700000000000,112632.0
1741042500000000000,112632.0
1741044300000000000,112631.8
1741046100000000000,112631.8
1741047900000000000,112631.8
1741049700000000000,112631.8
1741051500000000000,112631.8
1741053300000000000,112631.8
1741055100000000000,112631.8
1741056900000000000,112797.31
1741058700000000000,112797.31
1741060500000000000,112797.31
1741062300000000000,112797.31
1741064100000000000,112797.31
1741065900000000000,112794.31
1741067700000000000,112794.31
1741069500000000000,112794.31
1741071300000000000,112794.31
1741073100000000000,112794.31
1741073400000000000,112623.29
1741073700000000000,112623.29
1741074000000000000,112623.29
1741074300000000000,112623.29
1741074600000000000,112623.29
1741074900000000000,112623.29
1741075200000000000,112623.29
1741075500000000000,112623.29
1741075800000000000,112623.29
1741076100000000000,112623.29
1741076400000000000,112623.29
1741076700000000000,112623.29
1741077000000000000,112623.29
1741077300000000000,112623.29
1741077600000000000,112623.29
1741077900000000000,112623.29
1741078200000000000,112623.29
1741078500000000000,112623.29
1741078800000000000,112623.29
1741079100000000000,112623.29
1741079400000000000,112623.29
1741079700000000000,112623.29
1741080000000000000,112623.29
1741080300000000000,112623.29
1741080600000000000,112623.29
1741080900000000000,112623.29
1741081200000000000,112623.29
1741081500000000000,112623.29
1741081800000000000,112623.29
1741082100000000000,112623.29
1741082400000000000,112623.29
1741082700000000000,112623.29
1741083000000000000,112623.29
1741083300000000000,112623.29
1741083600000000000,112623.29
1741083900000000000,112623.29
1741084200000000000,112623.29
1741084500000000000,112623.29
1741084800000000000,112623.29
1741085100000000000,112623.29
1741085400000000000,112623.29
1741085700000000000,112623.29
1741086000000000000,112623.29
1741086300000000000,112623.29
1741086600000000000,112623.29
1741086900000000000,112623.29
1741087200000000000,112623.29
1741087500000000000,112623.29
1741087800000000000,112623.29
1741089300000000000,112622.29000000001
1741091100000000000,112622.09
1741092900000000000,112622.09
1741094700000000000,112622.09
1741096500000000000,112622.09
1741098300000000000,112622.09
1741100100000000000,112622.09
1741101900000000000,112622.09
1741103700000000000,112622.09
1741105500000000000,112622.09
1741107300000000000,112622.09
1741109100000000000,112622.09
1741110900000000000,112622.09
1741112700000000000,112622.09
1741114500000000000,112622.09
1741116300000000000,112622.09
1741118100000000000,112622.09
1741119900000000000,112728.98999999999
1741121700000000000,112728.98999999999
1741123500000000000,112728.98999999999
1741125300000000000,112725.99
1741127100000000000,112725.99
1741128900000000000,112725.99
1741130700000000000,112725.99
1741132500000000000,112725.99
1741134300000000000,112725.99
1741136100000000000,112725.99
1741137900000000000,112725.99
1741139700000000000,112725.99
1741141500000000000,112725.99
1741143300000000000,112725.99
1741145100000000000,112725.99
1741146900000000000,112725.99
1741148700000000000,112725.99
1741150500000000000,112725.99
1741152300000000000,112725.99
1741154100000000000,112725.99
1741155900000000000,112725.99
1741157700000000000,112725.99
1741159500000000000,112725.99
1741161300000000000,112725.99
1741163100000000000,112725.99
1741164900000000000,112725.99
1741166700000000000,112725.99
1741168500000000000,112725.99
1741170300000000000,112716.58
1741172100000000000,112716.58
1741173900000000000,112750.55
1741175700000000000,112750.55
1741177500000000000,112750.55
1741179300000000000,112750.55
1741181100000000000,112750.55
1741182900000000000,112750.55
1741184700000000000,112750.55
1741186500000000000,112750.55
1741188300000000000,112750.55
1741190100000000000,112750.55
1741191900000000000,112750.55
1741193700000000000,112750.55
1741195500000000000,112750.55
1741197300000000000,112750.55
1741199100000000000,112750.55
1741200900000000000,112750.55
1741202700000000000,112750.55
1741204500000000000,112750.55
1741206300000000000,112749.54999999999
1741208100000000000,112748.55
1741209900000000000,112748.55
1741211700000000000,112748.55
1741213500000000000,112748.55
1741215300000000000,112748.55
1741217100000000000,112748.55
1741218900000000000,112748.55
1741220700000000000,112748.55
1741222500000000000,112748.55
1741224300000000000,112861.95
1741226100000000000,112861.95
1741227900000000000,112861.95
1741229700000000000,112861.95
1741231500000000000,112861.95
1741233300000000000,112861.95
1741235100000000000,112861.95
1741236900000000000,112861.95
1741238700000000000,112861.95
1741240500000000000,112861.95
1741242300000000000,112861.95
1741244100000000000,112861.95
1741245900000000000,112861.95
1741247700000000000,112861.95
1741249500000000000,112861.95
1741251300000000000,112861.95
1741253100000000000,112861.95
1741254900000000000,112861.95
1741256700000000000,112861.95
1741258500000000000,112861.95
1741260300000000000,112861.95
1741262100000000000,112861.95
1741263900000000000,112861.95
1741265700000000000,112860.95
1741267500000000000,112860.95
1741269300000000000,112860.95
1741271100000000000,112860.95
1741272900000000000,112860.95
1741274700000000000,112860.95
1741276500000000000,112860.95
1741278300000000000,112860.95
1741280100000000000,112903.79
1741281900000000000,112947.95
1741283700000000000,112947.95
1741285500000000000,112947.95
1741287300000000000,112947.95
1741289100000000000,112947.95
1741290900000000000,112947.95
1741292700000000000,112947.95
1741294500000000000,112947.95
1741296300000000000,112947.95
1741298100000000000,112947.95
1741299900000000000,112947.95
1741301700000000000,112947.95
1741303500000000000,112947.95
1741305300000000000,112947.95
1741307100000000000,112947.95
1741308900000000000,112947.95
1741310700000000000,112947.95
1741312500000000000,112947.95
1741314300000000000,112947.95
1741316100000000000,112947.95
1741317900000000000,112947.95
1741319700000000000,112947.95
1741321500000000000,113003.83
1741323300000000000,113003.83
1741325100000000000,113003.83
1741326900000000000,113030.9
1741328700000000000,113030.9
1741330500000000000,113030.9
1741332300000000000,113030.9
1741334100000000000,113030.9
1741335900000000000,113030.9
1741337700000000000,113030.9
1741339500000000000,113030.9
1741341300000000000,113030.9
1741343100000000000,113030.9
1741344900000000000,113030.9
1741346700000000000,113030.9
1741348500000000000,113030.9
1741350300000000000,113030.9
1741352100000000000,113030.9
1741353900000000000,113117.53
1741355700000000000,113117.53
1741357500000000000,113117.53
1741359300000000000,113117.53
1741361100000000000,113117.53
1741362900000000000,113117.53
1741364700000000000,113117.53
1741366500000000000,113117.53
1741368300000000000,113117.53
1741370100000000000,113117.53
1741371900000000000,113117.53
1741373700000000000,113117.53
1741375500000000000,113117.53
1741377300000000000,113117.53
1741379100000000000,113117.53
1741380900000000000,113116.53
1741382700000000000,113116.53
1741384500000000000,113116.53
1741386300000000000,113115.53
1741388100000000000,113115.53
1741389900000000000,113115.53
1741391700000000000,113115.53
1741393500000000000,113115.53
1741395300000000000,113115.53
1741397100000000000,113115.53
1741398900000000000,113115.53
1741400700000000000,113115.53
1741402500000000000,113115.53
1741404300000000000,113115.53
1741406100000000000,113115.53
1741407900000000000,113115.53
1741409700000000000,113115.53
1741411500000000000,113115.53
1741413300000000000,113505.37999999999
1741415100000000000,113505.37999999999
1741416900000000000,113505.37999999999
1741418700000000000,113505.37999999999
1741420500000000000,113505.37999999999
1741422300000000000,113505.37999999999
1741424100000000000,113505.37999999999
1741425900000000000,113505.37999999999
1741427700000000000,113505.37999999999
1741429500000000000,113505.37999999999
1741431300000000000,113505.37999999999
1741433100000000000,113505.37999999999
1741434900000000000,113505.37999999999
1741436700000000000,113505.37999999999
1741438500000000000,113567.28
1741440300000000000,113567.28
1741442100000000000,113567.28
1741443900000000000,113567.28
1741445700000000000,113565.28
1741447500000000000,113565.28
1741449300000000000,113565.28
1741451100000000000,113565.28
1741452900000000000,113565.28
1741454700000000000,113565.28
1741456500000000000,113565.28
1741458300000000000,113565.28
1741460100000000000,113565.28
1741461900000000000,113565.28
1741463700000000000,113565.28
1741465500000000000,113565.28
1741467300000000000,113565.28
1741469100000000000,113565.28
1741470900000000000,113565.28
1741472700000000000,113565.28
1741474500000000000,113565.28
1741476300000000000,113565.28
1741478100000000000,113565.28
1741479900000000000,113565.28
1741481700000000000,113565.28
1741483500000000000,113565.28
1741485300000000000,113565.28
1741487100000000000,113565.28
1741488900000000000,113565.28
1741490700000000000,113565.28
1741492500000000000,113565.28
1741494300000000000,113565.28
1741496100000000000,113564.28000000001
1741497900000000000,113564.28000000001
1741499700000000000,113564.28000000001
1741501500000000000,113564.28000000001
1741503300000000000,113564.28000000001
1741505100000000000,113564.28000000001
1741506900000000000,113564.28000000001
1741508700000000000,113564.28000000001
1741510500000000000,113564.28000000001
1741512300000000000,113564.28000000001
1741514100000000000,113564.28000000001
1741515900000000000,113564.28000000001
1741517700000000000,113663.78
1741519500000000000,113663.78
1741521300000000000,113663.78
1741523100000000000,113663.78
1741524900000000000,113663.78
1741526700000000000,113663.78
1741528500000000000,113663.78
1741530300000000000,113663.78
1741532100000000000,113663.78
1741533900000000000,113663.78
1741535700000000000,113663.78
1741537500000000000,113663.78
1741539300000000000,113663.78
1741541100000000000,113663.78
1741542900000000000,113663.78
1741544700000000000,113663.78
1741546500000000000,113663.78
1741548300000000000,113663.78
1741550100000000000,113663.78
1741551900000000000,113662.78
1741553700000000000,113662.78
1741555500000000000,113662.58
1741557300000000000,113662.58
1741559100000000000,113662.58
1741560900000000000,113745.02
1741562700000000000,113745.02
1741564500000000000,113745.02
1741566300000000000,113745.02
1741568100000000000,113745.02
1741569900000000000,113745.02
1741571700000000000,113745.02
1741573500000000000,113745.02
1741575300000000000,113745.02
1741577100000000000,113745.02
1741578900000000000,113745.02
1741580700000000000,113745.02
1741582500000000000,113745.02
1741584300000000000,113745.02
1741586100000000000,113745.02
1741587900000000000,113745.02
1741589700000000000,113745.02
1741591500000000000,113745.02
1741593300000000000,113745.02
1741595100000000000,113745.02
1741596900000000000,113745.02
1741598700000000000,113745.02
1741600500000000000,113745.02
1741602300000000000,113745.02
1741604100000000000,113745.02
1741605900000000000,113745.02
1741607700000000000,113745.02
1741609500000000000,113745.02
1741611300000000000,113745.02
1741613100000000000,113745.02
1741614900000000000,113745.02
1741616700000000000,113745.02
1741618500000000000,113745.02
1741620300000000000,113745.02
1741622100000000000,113745.02
1741623900000000000,113745.02
1741625700000000000,113745.02
1741627500000000000,113772.89
1741629300000000000,113772.89
1741631100000000000,113772.89
1741632900000000000,113772.89
1741634700000000000,113772.89
1741636500000000000,113772.89
1741638300000000000,113772.89
1741640100000000000,113772.89
1741641900000000000,113772.89
1741643700000000000,113772.89
1741645500000000000,113772.89
1741647300000000000,113772.89
1741649100000000000,113772.89
1741650900000000000,113772.89
1741652700000000000,113772.89
1741654500000000000,113772.89
1741656300000000000,113772.89
1741658100000000000,113772.89
1741659900000000000,113772.89
1741661700000000000,113772.89
1741663500000000000,113772.89
1741665300000000000,113772.89
1741667100000000000,113798.38
1741668900000000000,113798.38
1741670700000000000,113798.38
1741672500000000000,113798.38
1741674300000000000,113798.38
1741676100000000000,113798.38
1741677900000000000,113798.38
1741679700000000000,113798.38
1741681500000000000,113798.38
1741683300000000000,113798.38
1741685100000000000,113798.38
1741686900000000000,113798.38
1741688700000000000,113798.38
