ts_ns,equity
1735811700000000000,99999.39
1735813500000000000,99997.52
1735815300000000000,99996.41
1735817100000000000,99996.41
1735818900000000000,100146.42
1735820700000000000,100140.06
1735822500000000000,100140.06
1735824300000000000,100140.06
1735826100000000000,100140.06
1735827900000000000,100140.06
1735829700000000000,100140.06
1735831500000000000,100140.06
1735833300000000000,100140.06
1735835100000000000,100543.2
1735836900000000000,100543.2
1735838700000000000,100543.2
1735840500000000000,100589.06999999999
1735842300000000000,100589.06999999999
1735844100000000000,100589.06999999999
1735845900000000000,100589.06999999999
1735847700000000000,100645.2
1735849500000000000,100645.2
1735851300000000000,100645.2
1735853100000000000,100645.2
1735854900000000000,100645.2
1735856700000000000,100645.2
1735858500000000000,100645.2
1735860300000000000,100645.2
1735862100000000000,100645.2
1735863900000000000,100645.2
1735865700000000000,100645.2
1735867500000000000,100645.2
1735869300000000000,100518.73999999999
1735871100000000000,100518.73999999999
1735872900000000000,100518.73999999999
1735874700000000000,100459.0
1735876500000000000,100384.36
1735878300000000000,100384.36
1735880100000000000,100384.36
1735881900000000000,100384.36
1735883700000000000,100384.36
1735885500000000000,100384.36
1735887300000000000,100384.36
1735889100000000000,100384.36
1735890900000000000,100384.36
1735892700000000000,100384.36
1735894500000000000,100384.36
1735896300000000000,100384.36
1735898100000000000,100105.36
1735899900000000000,99983.01000000001
1735901700000000000,99980.12000000001
1735903500000000000,99980.12000000001
1735905300000000000,99980.12000000001
1735907100000000000,99979.37999999999
1735908900000000000,99979.37999999999
1735910700000000000,99979.37999999999
1735912500000000000,99979.37999999999
1735914300000000000,99979.37999999999
1735916100000000000,99979.37999999999
1735917900000000000,99979.37999999999
1735919700000000000,99979.37999999999
1735921500000000000,99979.37999999999
1735923300000000000,99979.37999999999
1735925100000000000,99979.37999999999
1735926900000000000,99159.93
1735928700000000000,99159.93
1735930500000000000,99159.93
1735932300000000000,99159.93
1735934100000000000,99159.93
1735935900000000000,99159.93
1735937700000000000,99159.93
1735939500000000000,99159.93
1735941300000000000,99159.93
1735943100000000000,99159.93
1735944900000000000,99159.93
1735946700000000000,99159.93
1735948500000000000,99159.93
1735950300000000000,99159.93
1735952100000000000,99159.93
1735953900000000000,99159.93
1735955700000000000,98360.85
1735957500000000000,98360.85
1735959300000000000,98360.85
1735961100000000000,98360.85
1735962900000000000,98360.85
1735964700000000000,98360.85
1735966500000000000,98360.85
1735968300000000000,98360.85
1735970100000000000,98360.85
1735971900000000000,98360.85
1735973700000000000,98360.85
1735975500000000000,98360.85
1735977300000000000,98360.85
1735979100000000000,98360.85
1735980900000000000,98360.85
1735982700000000000,98360.85
1735984500000000000,96434.69
1735986300000000000,96434.69
1735988100000000000,96434.69
1735989900000000000,96434.69
1735991700000000000,96434.69
1735993500000000000,96434.69
1735995300000000000,96434.69
1735997100000000000,96434.69
1735998900000000000,96434.69
1736000700000000000,96434.69
1736002500000000000,96434.69
1736004300000000000,96434.69
1736006100000000000,96434.69
1736007900000000000,96434.69
1736009700000000000,96434.69
1736011500000000000,96434.69
1736013300000000000,94505.1
1736015100000000000,93937.79
1736016900000000000,92774.5
1736018700000000000,92774.5
1736020500000000000,92774.5
1736022300000000000,92774.5
1736024100000000000,92774.5
1736025900000000000,92774.5
1736027700000000000,92774.5
1736029500000000000,92774.5
1736031300000000000,92774.5
1736033100000000000,92774.5
1736034900000000000,92774.5
1736036700000000000,92774.5
1736038500000000000,92774.5
1736040300000000000,92774.5
1736042100000000000,92786.09999999999
1736043900000000000,92786.09999999999
1736045700000000000,92786.09999999999
1736047500000000000,92786.09999999999
1736049300000000000,92786.09999999999
1736051100000000000,92786.09999999999
1736052900000000000,92786.09999999999
1736054700000000000,92786.09999999999
1736056500000000000,92786.09999999999
1736058300000000000,92786.09999999999
1736060100000000000,92786.09999999999
1736061900000000000,92786.09999999999
1736063700000000000,92786.09999999999
1736065500000000000,92786.09999999999
1736067300000000000,92786.09999999999
1736069100000000000,92786.09999999999
1736070900000000000,93032.03
1736072700000000000,93032.03
1736074500000000000,93070.48
1736076300000000000,93070.48
1736078100000000000,93070.48
1736079900000000000,93070.48
1736081700000000000,93070.48
1736083500000000000,93070.48
1736085300000000000,93070.48
1736087100000000000,93070.48
1736088900000000000,93070.48
1736090700000000000,93070.48
1736092500000000000,93070.48
1736094300000000000,93070.48
1736096100000000000,93070.48
1736097900000000000,93070.48
1736099700000000000,93082.73999999999
1736101500000000000,93106.62000000001
1736103300000000000,93102.20000000001
1736105100000000000,93102.20000000001
1736106900000000000,93102.20000000001
1736108700000000000,93102.20000000001
1736110500000000000,93102.20000000001
1736112300000000000,93102.20000000001
1736114100000000000,93102.20000000001
1736115900000000000,93102.20000000001
1736117700000000000,93102.20000000001
1736119500000000000,93102.20000000001
1736121300000000000,93102.20000000001
1736123100000000000,93102.20000000001
1736124900000000000,93102.20000000001
1736126700000000000,93102.20000000001
1736128500000000000,93102.20000000001
1736130300000000000,92743.23
1736132100000000000,92581.37999999999
1736133900000000000,92440.44
1736135700000000000,92440.44
1736137500000000000,92440.44
1736139300000000000,92440.44
1736141100000000000,92440.44
1736142900000000000,92440.44
1736144700000000000,92440.44
1736146500000000000,92440.44
1736148300000000000,92440.44
1736150100000000000,92440.44
1736151900000000000,92440.44
1736153700000000000,92440.44
1736155500000000000,92440.44
1736157300000000000,92438.56999999999
1736159100000000000,92435.62999999999
1736160900000000000,92435.62999999999
1736162700000000000,92435.62999999999
1736164500000000000,92435.62999999999
1736166300000000000,92435.62999999999
1736168100000000000,92435.62999999999
1736169900000000000,92435.62999999999
1736171700000000000,92435.62999999999
1736173500000000000,92435.62999999999
1736175300000000000,92435.62999999999
1736177100000000000,92435.62999999999
1736178900000000000,92435.62999999999
1736180700000000000,92435.62999999999
1736182500000000000,92435.62999999999
1736184300000000000,92435.62999999999
1736186100000000000,91940.90999999999
1736187900000000000,91940.90999999999
1736189700000000000,91940.90999999999
1736191500000000000,91710.84000000001
1736193300000000000,91647.18000000001
1736195100000000000,91647.18000000001
1736196900000000000,91647.18000000001
1736198700000000000,91647.18000000001
1736200500000000000,91647.18000000001
1736202300000000000,91647.18000000001
1736204100000000000,91647.18000000001
1736205900000000000,91647.18000000001
1736207700000000000,91647.18000000001
1736209500000000000,91647.18000000001
1736211300000000000,91647.18000000001
1736213100000000000,91647.18000000001
1736214900000000000,91611.84999999999
1736216700000000000,91635.83
1736218500000000000,91635.23
1736220300000000000,91635.23
1736222100000000000,91635.23
1736223900000000000,91635.23
1736225700000000000,91635.23
1736227500000000000,91635.23
1736229300000000000,91635.23
1736231100000000000,91635.23
1736232900000000000,91635.23
1736234700000000000,91635.23
1736236500000000000,91635.23
1736238300000000000,91635.23
1736240100000000000,91635.23
1736241900000000000,91635.23
1736243700000000000,91595.57
1736245500000000000,91531.89
1736247300000000000,91531.89
1736249100000000000,91531.89
1736250900000000000,91531.89
1736252700000000000,91531.89
1736254500000000000,91531.89
1736256300000000000,91531.89
1736258100000000000,91531.89
1736259900000000000,91531.89
1736261700000000000,91531.89
1736263500000000000,91531.89
1736265300000000000,91531.89
1736267100000000000,91531.89
1736268900000000000,91531.89
1736270700000000000,91531.89
1736272500000000000,91527.67
1736274300000000000,91537.06
1736276100000000000,91537.06
1736277900000000000,91535.25
1736279700000000000,91535.25
1736281500000000000,91535.25
1736283300000000000,91535.25
1736285100000000000,91535.25
1736286900000000000,91535.25
1736288700000000000,91535.25
1736290500000000000,91535.25
1736292300000000000,92180.64
1736294100000000000,92174.87
1736295900000000000,92174.87
1736297700000000000,92174.87
1736299500000000000,92174.87
1736301300000000000,92031.39
1736303100000000000,92032.62000000001
1736304900000000000,92032.62000000001
1736306700000000000,92032.62000000001
1736308500000000000,92032.62000000001
1736310300000000000,92032.62000000001
1736312100000000000,92032.62000000001
1736313900000000000,92032.62000000001
1736315700000000000,92032.62000000001
1736317500000000000,92032.62000000001
1736319300000000000,92032.62000000001
1736321100000000000,92032.62000000001
1736322900000000000,92032.62000000001
1736324700000000000,92032.62000000001
1736326500000000000,92032.62000000001
1736328300000000000,92032.62000000001
1736330100000000000,92209.88
1736331900000000000,92209.88
1736333700000000000,92209.88
1736335500000000000,92209.88
1736337300000000000,92209.88
1736339100000000000,92209.88
1736340900000000000,92405.82
1736342700000000000,92405.82
1736344500000000000,92405.82
1736346300000000000,92405.82
1736348100000000000,92405.82
1736349900000000000,92405.82
1736351700000000000,92405.82
1736353500000000000,92405.82
1736355300000000000,92405.82
1736357100000000000,92405.82
1736358900000000000,92591.64
1736360700000000000,92591.64
1736362500000000000,92665.45999999999
1736364300000000000,92751.76
1736366100000000000,92751.76
1736367900000000000,92751.76
1736369700000000000,92744.79000000001
1736371500000000000,92744.79000000001
1736373300000000000,92744.79000000001
1736375100000000000,92744.79000000001
1736376900000000000,92744.79000000001
1736378700000000000,92744.79000000001
1736380500000000000,92744.79000000001
1736382300000000000,92744.79000000001
1736384100000000000,92744.79000000001
1736385900000000000,92744.79000000001
1736387700000000000,92657.28
1736389500000000000,92642.09
1736391300000000000,92634.78
1736393100000000000,92634.78
1736394900000000000,92634.78
1736396700000000000,92634.78
1736398500000000000,92634.78
1736400300000000000,92634.78
1736402100000000000,92634.78
1736403900000000000,92634.78
1736405700000000000,92634.78
1736407500000000000,92634.78
1736409300000000000,92634.78
1736411100000000000,92634.78
1736412900000000000,92634.78
1736414700000000000,92634.78
1736416500000000000,92601.79999999999
1736418300000000000,92564.43
1736420100000000000,92564.43
1736421900000000000,92564.43
1736423700000000000,92615.94
1736425500000000000,92615.94
1736427300000000000,92615.94
1736429100000000000,92613.03
1736430900000000000,92613.03
1736432700000000000,92613.03
1736434500000000000,92613.03
1736436300000000000,92613.03
1736438100000000000,92613.03
1736439900000000000,92613.03
1736441700000000000,92613.03
1736443500000000000,92613.03
1736445300000000000,92586.66
1736447100000000000,92568.32
1736448900000000000,92565.31999999999
1736450700000000000,92577.78
1736452500000000000,92603.35
1736454300000000000,92628.28000000001
1736456100000000000,92628.28000000001
1736457900000000000,92628.28000000001
1736459700000000000,92628.28000000001
1736461500000000000,92628.28000000001
1736463300000000000,92628.28000000001
1736465100000000000,92628.28000000001
1736466900000000000,92628.28000000001
1736468700000000000,92628.28000000001
1736470500000000000,92628.28000000001
1736472300000000000,92628.28000000001
1736474100000000000,92666.12
1736475900000000000,92697.48
1736477700000000000,92702.93000000001
1736479500000000000,92773.05
1736481300000000000,92773.05
1736483100000000000,92773.05
1736484900000000000,92773.05
1736486700000000000,92907.78
1736488500000000000,92898.09999999999
1736490300000000000,92893.56000000001
1736492100000000000,92893.56000000001
1736493900000000000,92893.56000000001
1736495700000000000,92893.56000000001
1736497500000000000,92893.56000000001
1736499300000000000,92893.56000000001
1736501100000000000,92893.56000000001
1736502900000000000,92920.14
1736504700000000000,93002.43
1736506500000000000,93002.43
1736508300000000000,93002.43
1736510100000000000,93055.69
1736511900000000000,93181.95
1736513700000000000,93181.95
1736515500000000000,93181.95
1736517300000000000,93181.95
1736519100000000000,93181.95
1736520900000000000,93181.95
1736522700000000000,93181.95
1736524500000000000,93181.95
1736526300000000000,93181.95
1736528100000000000,93181.95
1736529900000000000,93181.95
1736531700000000000,93181.95
1736533500000000000,93374.83
1736535300000000000,93374.83
1736537100000000000,93374.83
1736538900000000000,93495.98000000001
1736540700000000000,93581.70999999999
1736542500000000000,93581.70999999999
1736544300000000000,93581.70999999999
1736546100000000000,93581.70999999999
1736547900000000000,93581.70999999999
1736549700000000000,93581.70999999999
1736551500000000000,93581.70999999999
1736553300000000000,93581.70999999999
1736555100000000000,93581.70999999999
1736556900000000000,93581.70999999999
1736558700000000000,93581.70999999999
1736560500000000000,94199.0
1736562300000000000,94199.0
1736564100000000000,94348.89
1736565900000000000,94348.89
1736567700000000000,94348.89
1736569500000000000,94348.89
1736571300000000000,94348.89
1736573100000000000,94348.89
1736574900000000000,94348.89
1736576700000000000,94358.4
1736578500000000000,94358.4
1736580300000000000,94358.4
1736582100000000000,94358.4
1736583900000000000,94358.4
1736585700000000000,94358.4
1736587500000000000,94358.4
1736589300000000000,94999.75
1736591100000000000,95484.49
1736592900000000000,95484.49
1736594700000000000,95484.49
1736596500000000000,95484.49
1736598300000000000,95484.49
1736600100000000000,95484.49
1736601900000000000,95484.49
1736603700000000000,95484.49
1736605500000000000,95484.49
1736607300000000000,95484.49
1736609100000000000,95484.49
1736610900000000000,95484.49
1736612700000000000,95484.49
1736614500000000000,95484.49
1736616300000000000,95484.49
1736618100000000000,95523.62
1736619900000000000,95697.77
1736621700000000000,95695.7
1736623500000000000,95692.81
1736625300000000000,95692.81
1736627100000000000,95692.81
1736628900000000000,95692.81
1736630700000000000,95692.81
1736632500000000000,95692.81
1736634300000000000,95692.81
1736636100000000000,95692.81
1736637900000000000,95692.81
1736639700000000000,95692.81
1736641500000000000,95692.81
1736643300000000000,95692.81
1736645100000000000,95692.81
1736646900000000000,95589.5
1736648700000000000,95505.12
1736650500000000000,95333.15
1736652300000000000,95292.47
1736654100000000000,95292.47
1736655900000000000,95292.47
1736657700000000000,95292.47
1736659500000000000,95292.47
1736661300000000000,95292.47
1736663100000000000,95292.47
1736664900000000000,95292.47
1736666700000000000,95292.47
1736668500000000000,95292.47
1736670300000000000,95292.47
1736672100000000000,95292.47
1736673900000000000,95292.47
1736675700000000000,95291.32
1736677500000000000,95785.76
1736679300000000000,95785.76
1736681100000000000,95859.01000000001
1736682900000000000,95960.89
1736684700000000000,95960.89
1736686500000000000,95960.89
1736688300000000000,95960.89
1736690100000000000,95960.89
1736691900000000000,95960.89
1736693700000000000,95960.89
1736695500000000000,95960.89
1736697300000000000,95960.89
1736699100000000000,95960.89
1736700900000000000,95960.89
1736702700000000000,95960.89
1736704500000000000,96105.61
1736706300000000000,96198.28
1736708100000000000,96198.28
1736709900000000000,96198.28
1736711700000000000,96198.28
1736713500000000000,96198.28
1736715300000000000,96198.28
1736717100000000000,96198.28
1736718900000000000,96198.28
1736720700000000000,96198.28
1736722500000000000,96198.28
1736724300000000000,96198.28
1736726100000000000,96198.28
1736727900000000000,96198.28
1736729700000000000,96198.28
1736731500000000000,96198.28
1736733300000000000,96037.75
1736735100000000000,95982.75
1736736900000000000,95982.75
1736738700000000000,96072.29000000001
1736740500000000000,96072.29000000001
1736742300000000000,96072.29000000001
1736744100000000000,96072.29000000001
1736745900000000000,96072.29000000001
1736747700000000000,96072.29000000001
1736749500000000000,96072.29000000001
1736751300000000000,96072.29000000001
1736753100000000000,96072.29000000001
1736754900000000000,96072.29000000001
1736756700000000000,96072.29000000001
1736758500000000000,96072.29000000001
1736760300000000000,96072.29000000001
1736762100000000000,96081.57
1736763900000000000,96079.78
1736765700000000000,96077.14
1736767500000000000,96077.14
1736769300000000000,96077.14
1736771100000000000,96077.14
1736772900000000000,96077.14
1736774700000000000,96077.14
1736776500000000000,96077.14
1736778300000000000,96077.14
1736780100000000000,96077.14
1736781900000000000,96077.14
1736783700000000000,96077.14
1736785500000000000,96077.14
1736787300000000000,96077.14
1736789100000000000,96077.14
1736790900000000000,94886.49
1736792700000000000,94886.49
1736794500000000000,94886.49
1736796300000000000,94886.49
1736798100000000000,94886.49
1736799900000000000,94886.49
1736801700000000000,94886.49
1736803500000000000,94886.49
1736805300000000000,94886.49
1736807100000000000,94886.49
1736808900000000000,94886.49
1736810700000000000,94487.03
1736812500000000000,94487.03
1736814300000000000,94487.03
1736816100000000000,94487.03
1736817900000000000,94487.03
1736819700000000000,93923.20999999999
1736821500000000000,93921.41
1736823300000000000,93921.41
1736825100000000000,93921.41
1736826900000000000,94038.5
1736828700000000000,94038.5
1736830500000000000,94038.5
1736832300000000000,94038.5
1736834100000000000,94038.5
1736835900000000000,94038.5
1736837700000000000,94038.5
1736839500000000000,94038.5
1736841300000000000,94038.5
1736843100000000000,94038.5
1736844900000000000,94038.5
1736846700000000000,94038.5
1736848500000000000,94031.52
1736850300000000000,94139.36
1736852100000000000,94136.88
1736853900000000000,94501.6
1736855700000000000,94501.6
1736857500000000000,94501.6
1736859300000000000,94501.6
1736861100000000000,94501.6
1736862900000000000,94501.6
1736864700000000000,94501.6
1736866500000000000,94501.6
1736868300000000000,94501.6
1736870100000000000,94501.6
1736871900000000000,94501.6
1736873700000000000,94501.6
1736875500000000000,94501.6
1736877300000000000,95455.28
1736879100000000000,95455.28
1736880900000000000,95455.28
1736882700000000000,95455.28
1736884500000000000,95455.28
1736886300000000000,95455.28
1736888100000000000,95455.28
1736889900000000000,95455.28
1736891700000000000,95455.28
1736893500000000000,95455.28
1736895300000000000,95455.28
1736897100000000000,95455.28
1736898900000000000,95455.28
1736900700000000000,95455.28
1736902500000000000,95455.28
1736904300000000000,95455.28
1736906100000000000,95377.69
1736907900000000000,95377.69
1736909700000000000,95377.69
1736911500000000000,95377.69
1736913300000000000,95377.69
1736915100000000000,95377.69
1736916900000000000,95377.69
1736918700000000000,95377.69
1736920500000000000,95377.69
1736922300000000000,95377.69
1736924100000000000,95377.69
1736925900000000000,95377.69
1736927700000000000,95377.69
1736929500000000000,95377.69
1736931300000000000,95377.69
1736933100000000000,95377.69
1736934900000000000,95376.79000000001
1736936700000000000,95735.23999999999
1736938500000000000,95735.23999999999
1736940300000000000,95735.23999999999
1736942100000000000,95735.23999999999
1736943900000000000,95735.23999999999
1736945700000000000,95735.23999999999
1736947500000000000,95735.23999999999
1736949300000000000,95735.23999999999
1736951100000000000,95735.23999999999
1736952900000000000,95735.23999999999
1736954700000000000,95735.23999999999
1736956500000000000,95735.23999999999
1736958300000000000,95735.23999999999
1736960100000000000,95735.23999999999
1736961900000000000,95735.23999999999
1736963700000000000,94919.58
1736965500000000000,94950.49
1736967300000000000,94948.49
1736969100000000000,94948.49
1736970900000000000,94948.49
1736972700000000000,94948.49
1736974500000000000,94948.49
1736976300000000000,94948.49
1736978100000000000,94948.49
1736979900000000000,94948.49
1736981700000000000,94948.49
1736983500000000000,94948.49
1736985300000000000,94948.49
1736987100000000000,94948.49
1736988900000000000,94948.49
1736990700000000000,94948.49
1736992500000000000,95508.15000000001
1736994300000000000,95502.55
1736996100000000000,95502.55
1736997900000000000,95502.55
1736999700000000000,95502.55
1737001500000000000,95502.55
1737003300000000000,95502.55
1737005100000000000,95502.55
1737006900000000000,95502.55
1737008700000000000,95502.55
1737010500000000000,95502.55
1737012300000000000,95502.55
1737014100000000000,95502.55
1737015900000000000,95502.55
1737017700000000000,95502.55
1737019500000000000,95502.55
1737021300000000000,95502.55
1737023100000000000,95502.55
1737024900000000000,95502.55
1737026700000000000,95502.55
1737028500000000000,95502.55
1737030300000000000,95502.55
1737032100000000000,95502.55
1737033900000000000,95522.51
1737035700000000000,95554.56
1737037500000000000,95554.56
1737039300000000000,95554.56
1737041100000000000,95554.56
1737042900000000000,95554.56
1737044700000000000,95595.05
1737046500000000000,95595.05
1737048300000000000,95628.32
1737050100000000000,95548.98999999999
1737051900000000000,95544.98999999999
1737053700000000000,95544.98999999999
1737055500000000000,95544.98999999999
1737057300000000000,95544.98999999999
1737059100000000000,95544.98999999999
1737060900000000000,95544.98999999999
1737062700000000000,95544.98999999999
1737064500000000000,95544.98999999999
1737066300000000000,95544.98999999999
1737068100000000000,95544.98999999999
1737069900000000000,95544.98999999999
1737071700000000000,95544.98999999999
1737073500000000000,95544.98999999999
1737075300000000000,95544.98999999999
1737077100000000000,95544.98999999999
1737078900000000000,95136.26999999999
1737080700000000000,95003.11
1737082500000000000,95003.11
1737084300000000000,95003.11
1737086100000000000,95003.11
1737087900000000000,95003.11
1737089700000000000,94924.71
1737091500000000000,94923.96
1737093300000000000,94923.96
1737095100000000000,94923.96
1737096900000000000,94923.96
1737098700000000000,94923.96
1737100500000000000,94923.96
1737102300000000000,94923.96
1737104100000000000,94923.96
1737105900000000000,94923.96
1737107700000000000,94933.67
1737109500000000000,94961.09000000001
1737111300000000000,94958.09
1737113100000000000,94958.09
1737114900000000000,94958.09
1737116700000000000,94958.09
1737118500000000000,94958.09
1737120300000000000,94958.09
1737122100000000000,94958.09
1737123900000000000,95881.86
1737125700000000000,95970.48
1737127500000000000,95970.48
1737129300000000000,95970.48
1737131100000000000,95970.48
1737132900000000000,95970.48
1737134700000000000,95970.48
1737136500000000000,95970.48
1737138300000000000,95970.48
1737140100000000000,95970.48
1737141900000000000,96108.84
1737143700000000000,96108.84
1737145500000000000,96108.84
1737147300000000000,96108.84
1737149100000000000,96108.84
1737150900000000000,96108.84
1737152700000000000,96108.84
1737154500000000000,96108.84
1737156300000000000,96108.84
1737158100000000000,96108.84
1737159900000000000,96108.84
1737161700000000000,96108.84
1737163500000000000,96108.84
1737165300000000000,96289.0
1737167100000000000,96428.19
1737168900000000000,96428.19
1737170700000000000,96428.19
1737172500000000000,96428.19
1737174300000000000,96428.19
1737176100000000000,96428.19
1737177900000000000,96428.19
1737179700000000000,96428.19
1737181500000000000,96428.19
1737183300000000000,96428.19
1737185100000000000,96428.19
1737186900000000000,96428.19
1737188700000000000,96428.19
1737190500000000000,96428.19
1737192300000000000,96428.19
1737194100000000000,96276.04
1737195900000000000,96276.04
1737197700000000000,96276.04
1737199500000000000,96276.04
1737201300000000000,96276.04
1737203100000000000,96276.04
1737204900000000000,96276.04
1737206700000000000,96276.04
1737208500000000000,96276.04
1737210300000000000,96276.04
1737212100000000000,96276.04
1737213900000000000,96276.04
1737215700000000000,96276.04
1737217500000000000,96276.04
1737219300000000000,96276.04
1737221100000000000,96276.04
1737222900000000000,96244.64
1737224700000000000,96244.64
1737226500000000000,96244.64
1737228300000000000,96244.64
1737230100000000000,96244.64
1737231900000000000,96244.64
1737233700000000000,96244.64
1737235500000000000,96244.64
1737237300000000000,96244.64
1737239100000000000,96244.64
1737240900000000000,96244.64
1737242700000000000,96244.64
1737244500000000000,96244.64
1737246300000000000,96244.64
1737248100000000000,96244.64
1737249900000000000,96244.64
1737251700000000000,95264.71
1737253500000000000,95264.71
1737255300000000000,95264.71
1737257100000000000,95264.71
1737258900000000000,95264.71
1737260700000000000,95153.61
1737262500000000000,95153.61
1737264300000000000,95153.61
1737266100000000000,95153.61
1737267900000000000,95153.61
1737269700000000000,95153.61
1737271500000000000,95153.61
1737273300000000000,95153.61
1737275100000000000,95153.61
1737276900000000000,95153.61
1737278700000000000,95153.61
1737280500000000000,95216.98999999999
1737282300000000000,95216.98999999999
1737284100000000000,95215.25
1737285900000000000,95215.25
1737287700000000000,95215.25
1737289500000000000,95215.25
1737291300000000000,95215.25
1737293100000000000,95215.25
1737294900000000000,95215.25
1737296700000000000,95215.25
1737298500000000000,95215.25
1737300300000000000,95215.25
1737302100000000000,95215.25
1737303900000000000,95215.25
1737305700000000000,95215.25
1737307500000000000,95215.25
1737309300000000000,95533.65000000001
1737311100000000000,95533.65000000001
1737312900000000000,95601.53
1737314700000000000,95600.79000000001
1737316500000000000,95600.79000000001
1737318300000000000,95600.79000000001
1737320100000000000,95600.79000000001
1737321900000000000,95600.79000000001
1737323700000000000,95600.79000000001
1737325500000000000,95600.79000000001
1737327300000000000,95600.79000000001
1737329100000000000,95600.79000000001
1737330900000000000,95600.79000000001
1737332700000000000,95600.79000000001
1737334500000000000,95600.79000000001
1737336300000000000,95600.79000000001
1737338100000000000,95620.01999999999
1737339900000000000,95620.01999999999
1737341700000000000,95618.47
1737343500000000000,95618.47
1737345300000000000,95618.47
1737347100000000000,95617.1
1737348900000000000,95617.1
1737350700000000000,95617.1
1737352500000000000,95617.1
1737354300000000000,95617.1
1737356100000000000,95617.1
1737357900000000000,95617.1
1737359700000000000,95835.86
1737361500000000000,95835.86
1737363300000000000,95959.07999999999
1737365100000000000,95959.07999999999
1737366900000000000,96168.36
1737368700000000000,96187.37
1737370500000000000,96187.37
1737372300000000000,96187.37
1737374100000000000,96187.37
1737375900000000000,96187.37
1737377700000000000,96187.37
1737379500000000000,96186.37000000001
1737381300000000000,96186.37000000001
1737383100000000000,96186.37000000001
1737384900000000000,96186.37000000001
1737386700000000000,96186.37000000001
1737388500000000000,96186.37000000001
1737390300000000000,96186.37000000001
1737392100000000000,96186.37000000001
1737393900000000000,96186.37000000001
1737395700000000000,96159.07999999999
1737397500000000000,96101.93
1737399300000000000,96101.93
1737401100000000000,96101.93
1737402900000000000,96101.93
1737404700000000000,96101.93
1737406500000000000,96101.93
1737408300000000000,96101.93
1737410100000000000,96101.93
1737411900000000000,96101.93
1737413700000000000,96101.93
1737415500000000000,96101.93
1737417300000000000,96101.93
1737419100000000000,96101.93
1737420900000000000,96101.93
1737422700000000000,96101.93
1737424500000000000,96083.45
1737426300000000000,96083.45
1737428100000000000,96083.45
1737429900000000000,96083.45
1737431700000000000,96083.45
1737433500000000000,96083.45
1737435300000000000,96083.45
1737437100000000000,96083.45
1737438900000000000,96083.45
1737440700000000000,96083.45
1737442500000000000,96083.45
1737444300000000000,96083.45
1737446100000000000,96083.45
1737447900000000000,96083.45
1737449700000000000,96083.45
1737451500000000000,96083.45
1737453300000000000,94892.94
1737455100000000000,94804.22
1737456900000000000,94802.22
1737458700000000000,94802.22
1737460500000000000,94802.22
1737462300000000000,94802.22
1737464100000000000,94802.22
1737465900000000000,94802.22
1737467700000000000,94802.22
1737469500000000000,94802.22
1737471300000000000,94802.22
1737473100000000000,94802.22
1737474900000000000,94802.22
1737476700000000000,94802.22
1737478500000000000,94802.22
1737480300000000000,94802.22
1737482100000000000,94630.17
1737483900000000000,94630.17
1737485700000000000,94630.17
1737487500000000000,94630.17
1737489300000000000,94630.17
1737491100000000000,94630.17
1737492900000000000,94630.17
1737494700000000000,94630.17
1737496500000000000,94630.17
1737498300000000000,94630.17
1737500100000000000,94630.17
1737501900000000000,94630.17
1737503700000000000,94630.17
1737505500000000000,94630.17
1737507300000000000,94630.17
1737509100000000000,94630.17
1737510900000000000,94629.17
1737512700000000000,94629.17
1737514500000000000,94629.17
1737516300000000000,94629.17
1737518100000000000,94629.17
1737519900000000000,94629.17
1737521700000000000,94629.17
1737523500000000000,94629.17
1737525300000000000,94629.17
1737527100000000000,94629.17
1737528900000000000,94629.17
1737530700000000000,94629.17
1737532500000000000,94629.17
1737534300000000000,94629.17
1737536100000000000,94629.17
1737537900000000000,94629.17
1737539700000000000,94323.74
1737541500000000000,94323.74
1737543300000000000,94323.74
1737545100000000000,94323.74
1737546900000000000,94323.74
1737548700000000000,94323.74
1737550500000000000,94323.74
1737552300000000000,93571.07999999999
1737554100000000000,93571.07999999999
1737555900000000000,93571.07999999999
1737557700000000000,93571.07999999999
1737559500000000000,93571.07999999999
1737561300000000000,93571.07999999999
1737563100000000000,93571.07999999999
1737564900000000000,93571.07999999999
1737566700000000000,93571.07999999999
1737568500000000000,93910.13
1737570300000000000,93910.13
1737572100000000000,93910.13
1737573900000000000,93910.13
1737575700000000000,93910.13
1737577500000000000,93910.13
1737579300000000000,93910.13
1737581100000000000,93910.13
1737582900000000000,93910.13
1737584700000000000,93910.13
1737586500000000000,93910.13
1737588300000000000,93910.13
1737590100000000000,93910.13
1737591900000000000,93910.13
1737593700000000000,93910.13
1737595500000000000,93910.13
1737597300000000000,94492.85
1737599100000000000,94492.85
1737600900000000000,94615.17
1737602700000000000,94615.17
1737604500000000000,94615.17
1737606300000000000,94800.38
1737608100000000000,94800.38
1737609900000000000,94800.38
1737611700000000000,94800.38
1737613500000000000,94800.38
1737615300000000000,94800.38
1737617100000000000,94800.38
1737618900000000000,94800.38
1737620700000000000,94800.38
1737622500000000000,94800.38
1737624300000000000,94800.38
1737626100000000000,94806.04000000001
1737627900000000000,94862.75
1737629700000000000,94860.96
1737631500000000000,95287.6
1737633300000000000,95287.6
1737635100000000000,95287.6
1737636900000000000,95287.6
1737638700000000000,95287.6
1737640500000000000,95287.6
1737642300000000000,95287.6
1737644100000000000,95287.6
1737645900000000000,95287.6
1737647700000000000,95287.6
1737649500000000000,95287.6
1737651300000000000,95287.6
1737653100000000000,95287.6
1737654900000000000,95301.45999999999
1737656700000000000,95398.46
1737658500000000000,95398.46
1737660300000000000,95398.46
1737662100000000000,95398.46
1737663900000000000,95398.46
1737665700000000000,95398.46
1737667500000000000,95398.46
1737669300000000000,95398.46
1737671100000000000,95398.46
1737672900000000000,95398.46
1737674700000000000,95398.46
1737676500000000000,95398.46
1737678300000000000,95398.46
1737680100000000000,95398.46
1737681900000000000,95398.46
1737683700000000000,95398.46
1737685500000000000,95398.46
1737687300000000000,95398.46
1737689100000000000,95398.46
1737690900000000000,95398.46
1737692700000000000,95398.46
1737694500000000000,95398.46
1737696300000000000,95398.46
1737698100000000000,95398.46
1737699900000000000,95398.46
1737701700000000000,95398.46
1737703500000000000,95398.46
1737705300000000000,95398.46
1737707100000000000,95398.46
1737708900000000000,95398.46
1737710700000000000,95398.46
1737712500000000000,95355.19
1737714300000000000,95156.12000000001
1737716100000000000,95156.12000000001
1737717900000000000,95156.12000000001
1737719700000000000,95156.12000000001
1737721500000000000,95110.73999999999
1737723300000000000,95110.73999999999
1737725100000000000,95110.73999999999
1737726900000000000,95110.73999999999
1737728700000000000,95110.73999999999
1737730500000000000,95110.73999999999
1737732300000000000,95110.73999999999
1737734100000000000,95110.73999999999
1737735900000000000,95110.73999999999
1737737700000000000,95110.73999999999
1737739500000000000,95110.73999999999
1737741300000000000,95196.78
1737743100000000000,95203.64
1737744900000000000,95259.73000000001
1737746700000000000,95259.73000000001
1737748500000000000,95259.73000000001
1737750300000000000,95259.73000000001
1737752100000000000,95259.73000000001
1737753900000000000,95259.73000000001
1737755700000000000,95259.73000000001
1737757500000000000,95259.73000000001
1737759300000000000,95259.73000000001
1737761100000000000,95259.73000000001
1737762900000000000,95259.73000000001
1737764700000000000,95259.73000000001
1737766500000000000,95259.73000000001
1737768300000000000,95259.73000000001
1737770100000000000,95259.73000000001
1737771900000000000,95258.65
1737773700000000000,95254.65
1737775500000000000,95254.65
1737777300000000000,95606.09
1737779100000000000,95603.69
1737780900000000000,95603.69
1737782700000000000,95603.69
1737784500000000000,95603.69
1737786300000000000,95603.69
1737788100000000000,95603.69
1737789900000000000,95603.69
1737791700000000000,95603.69
1737793500000000000,95603.69
1737795300000000000,95603.69
1737797100000000000,95603.69
1737798900000000000,95598.33
1737800700000000000,95645.79
1737802500000000000,95656.93000000001
1737804300000000000,95656.93000000001
1737806100000000000,95656.93000000001
1737807900000000000,95656.93000000001
1737809700000000000,95656.93000000001
1737811500000000000,95656.93000000001
1737813300000000000,95656.93000000001
1737815100000000000,95656.93000000001
1737816900000000000,95677.77
1737818700000000000,95677.77
1737820500000000000,95677.77
1737822300000000000,95677.77
1737824100000000000,95677.77
1737825900000000000,95677.77
1737827700000000000,95676.67
1737829500000000000,95945.39
1737831300000000000,96161.58
1737833100000000000,96161.58
1737834900000000000,96161.58
1737836700000000000,96161.58
1737838500000000000,96161.58
1737840300000000000,96161.58
1737842100000000000,96161.58
1737843900000000000,96161.58
1737845700000000000,96161.58
1737847500000000000,96161.58
1737849300000000000,96752.78
1737851100000000000,97439.33
1737852900000000000,97439.33
1737854700000000000,97439.33
1737856500000000000,97513.65000000001
1737858300000000000,97511.65000000001
1737860100000000000,97509.72
1737861900000000000,97509.72
1737863700000000000,97509.72
1737865500000000000,97509.72
1737867300000000000,97509.72
1737869100000000000,97509.72
1737870900000000000,97509.72
1737872700000000000,97509.72
1737874500000000000,97509.72
1737876300000000000,97509.72
1737878100000000000,97509.72
1737879900000000000,97509.72
1737881700000000000,97509.72
1737883500000000000,97509.72
1737885300000000000,97509.72
1737887100000000000,96422.26
1737888900000000000,96422.26
1737890700000000000,96422.26
1737892500000000000,96422.26
1737894300000000000,96422.26
1737896100000000000,96422.26
1737897900000000000,96422.26
1737899700000000000,96422.26
1737901500000000000,96422.26
1737903300000000000,96422.26
1737905100000000000,96422.26
1737906900000000000,96422.26
1737908700000000000,96422.26
1737910500000000000,96422.26
1737912300000000000,96422.26
1737914100000000000,96369.23
1737915900000000000,96253.06
1737917700000000000,96247.07999999999
1737919500000000000,96247.07999999999
1737921300000000000,96247.07999999999
1737923100000000000,96247.07999999999
1737924900000000000,96247.07999999999
1737926700000000000,96605.62999999999
1737928500000000000,96843.49
1737930300000000000,96843.49
1737932100000000000,96843.49
1737933900000000000,96843.49
1737935700000000000,96843.49
1737937500000000000,96843.49
1737939300000000000,96843.49
1737941100000000000,96843.49
1737942900000000000,96935.54999999999
1737944700000000000,96931.7
1737946500000000000,96930.21
1737948300000000000,96927.13
1737950100000000000,96927.13
1737951900000000000,96927.13
1737953700000000000,96927.13
1737955500000000000,96927.13
1737957300000000000,96927.13
1737959100000000000,96927.13
1737960900000000000,96927.13
1737962700000000000,96927.13
1737964500000000000,96927.13
1737966300000000000,96927.13
1737968100000000000,96927.13
1737969900000000000,96927.13
1737971700000000000,96923.61
1737973500000000000,96923.61
1737975300000000000,97122.96
1737977100000000000,97187.75
1737978900000000000,97187.75
1737980700000000000,97187.75
1737982500000000000,97187.75
1737984300000000000,97187.75
1737986100000000000,97187.75
1737987900000000000,97187.75
1737989700000000000,97187.75
1737991500000000000,97187.75
1737993300000000000,97187.75
1737995100000000000,97187.75
1737996900000000000,97187.75
1737998700000000000,97187.75
1738000500000000000,97187.75
1738002300000000000,97187.75
1738004100000000000,97187.75
1738005900000000000,97187.75
1738007700000000000,97187.75
1738009500000000000,97187.75
1738011300000000000,97187.75
1738013100000000000,97187.75
1738014900000000000,97187.75
1738016700000000000,97187.75
1738018500000000000,97187.75
1738020300000000000,97187.75
1738022100000000000,97187.75
1738023900000000000,97187.75
1738025700000000000,97187.75
1738027500000000000,97187.75
1738029300000000000,97421.43000000001
1738031100000000000,97700.69
1738032900000000000,97700.69
1738034700000000000,97700.69
1738036500000000000,97700.69
1738038300000000000,97700.69
1738040100000000000,97700.69
1738041900000000000,97700.69
1738043700000000000,97700.69
1738045500000000000,97700.69
1738047300000000000,97700.69
1738049100000000000,97700.69
1738050900000000000,97700.69
1738052700000000000,97700.69
1738054500000000000,97700.69
1738056300000000000,97700.69
1738058100000000000,98145.47
1738059900000000000,98145.47
1738061700000000000,98145.47
1738063500000000000,98145.47
1738065300000000000,98199.45999999999
1738067100000000000,98199.45999999999
1738068900000000000,98199.45999999999
1738070700000000000,98199.45999999999
1738072500000000000,98199.45999999999
1738074300000000000,98199.45999999999
1738076100000000000,98199.45999999999
1738077900000000000,98199.45999999999
1738079700000000000,98258.81
1738081500000000000,98255.96
1738083300000000000,98255.96
1738085100000000000,98253.03
1738086900000000000,98281.95999999999
1738088700000000000,98463.6
1738090500000000000,98536.26
1738092300000000000,98536.26
1738094100000000000,98536.26
1738095900000000000,98536.26
1738097700000000000,98536.26
1738099500000000000,98536.26
1738101300000000000,98536.26
1738103100000000000,98536.26
1738104900000000000,98536.26
1738106700000000000,98536.26
1738108500000000000,98536.26
1738110300000000000,98536.26
1738112100000000000,98536.26
1738113900000000000,98536.26
1738115700000000000,98521.09000000001
1738117500000000000,98554.04000000001
1738119300000000000,98547.45999999999
1738121100000000000,98547.45999999999
1738122900000000000,99008.89
1738124700000000000,99008.89
1738126500000000000,99008.89
1738128300000000000,99008.89
1738130100000000000,99008.89
1738131900000000000,99008.89
1738133700000000000,99008.89
1738135500000000000,99008.89
1738137300000000000,99008.89
1738139100000000000,99008.89
1738140900000000000,99008.89
1738142700000000000,99008.89
1738144500000000000,98928.42
1738146300000000000,98928.42
1738148100000000000,98745.54999999999
1738149900000000000,98745.54999999999
1738151700000000000,98745.54999999999
1738153500000000000,98745.54999999999
1738155300000000000,98745.54999999999
1738157100000000000,98745.54999999999
1738158900000000000,98745.54999999999
1738160700000000000,98745.54999999999
1738162500000000000,98745.54999999999
1738164300000000000,98745.54999999999
1738166100000000000,98745.54999999999
1738167900000000000,98745.54999999999
1738169700000000000,98745.54999999999
1738171500000000000,98745.54999999999
1738173300000000000,98618.39
1738175100000000000,98615.70999999999
1738176900000000000,98614.68000000001
1738178700000000000,98668.17
1738180500000000000,98668.17
1738182300000000000,98668.17
1738184100000000000,98668.17
1738185900000000000,98668.17
1738187700000000000,98668.17
1738189500000000000,98668.17
1738191300000000000,98668.17
1738193100000000000,98668.17
1738194900000000000,98786.18
1738196700000000000,98786.18
1738198500000000000,98786.18
1738200300000000000,98786.18
1738202100000000000,98754.71
1738203900000000000,98754.71
1738205700000000000,98753.79
1738207500000000000,98791.92
1738209300000000000,98791.92
1738211100000000000,98791.92
1738212900000000000,98844.78
1738214700000000000,98844.78
1738216500000000000,98844.78
1738218300000000000,98844.78
1738220100000000000,98844.78
1738221900000000000,98844.78
1738223700000000000,98844.78
1738225500000000000,98844.78
1738227300000000000,98844.78
1738229100000000000,98844.78
1738230900000000000,98863.25
1738232700000000000,98861.29
1738234500000000000,98861.29
1738236300000000000,98861.29
1738238100000000000,98861.29
1738239900000000000,98861.29
1738241700000000000,98861.29
1738243500000000000,98861.29
1738245300000000000,98861.29
1738247100000000000,98861.29
1738248900000000000,98861.29
1738250700000000000,98861.29
1738252500000000000,98861.29
1738254300000000000,98861.29
1738256100000000000,98861.29
1738257900000000000,98861.29
1738259700000000000,98124.92000000001
1738261500000000000,98124.92000000001
1738263300000000000,98124.92000000001
1738265100000000000,98124.67
1738266900000000000,98124.46
1738268700000000000,98124.46
1738270500000000000,98124.46
1738272300000000000,98124.46
1738274100000000000,98124.46
1738275900000000000,98124.46
1738277700000000000,98124.46
1738279500000000000,98124.46
1738281300000000000,98124.46
1738283100000000000,98124.46
1738284900000000000,98124.46
1738286700000000000,98124.46
1738288500000000000,98111.2
1738290300000000000,98100.42
1738292100000000000,98100.42
1738293900000000000,98158.61
1738295700000000000,98227.12
1738297500000000000,98223.41
1738299300000000000,98219.49
1738301100000000000,98219.49
1738302900000000000,98219.49
1738304700000000000,98219.49
1738306500000000000,98219.49
1738308300000000000,98219.49
1738310100000000000,98219.49
1738311900000000000,98219.49
1738313700000000000,98219.49
1738315500000000000,98219.49
1738317300000000000,97962.58
1738319100000000000,97729.97
1738320900000000000,97729.97
1738322700000000000,97518.52
1738324500000000000,97518.52
1738326300000000000,97518.52
1738328100000000000,97518.52
1738329900000000000,97518.52
1738331700000000000,97518.52
1738333500000000000,97518.52
1738335300000000000,97518.52
1738337100000000000,97518.52
1738338900000000000,97518.52
1738340700000000000,97518.52
1738342500000000000,97518.52
1738344300000000000,97518.52
1738346100000000000,96803.6
1738347900000000000,96803.6
1738349700000000000,96803.6
1738351500000000000,96803.6
1738353300000000000,96803.6
1738355100000000000,96803.6
1738356900000000000,96803.6
1738358700000000000,96803.6
1738360500000000000,96803.6
1738362300000000000,96803.6
1738364100000000000,96803.6
1738365900000000000,96803.6
1738367700000000000,96803.6
1738369500000000000,96803.6
1738371300000000000,96803.6
1738373100000000000,96803.6
1738374900000000000,95215.53
1738376700000000000,94872.16
1738378500000000000,94872.16
1738380300000000000,94872.16
1738382100000000000,94872.16
1738383900000000000,94872.16
1738385700000000000,94872.16
1738387500000000000,94872.16
1738389300000000000,94872.16
1738391100000000000,94872.16
1738392900000000000,94872.16
1738394700000000000,94872.16
1738396500000000000,94872.16
1738398300000000000,94872.16
1738400100000000000,94872.16
1738401900000000000,94872.16
1738403700000000000,94823.17
1738405500000000000,94817.88
1738407300000000000,94985.42
1738409100000000000,94985.42
1738410900000000000,94985.42
1738412700000000000,94985.42
1738414500000000000,94985.42
1738416300000000000,94985.42
1738418100000000000,94985.42
1738419900000000000,94985.42
1738421700000000000,94985.42
1738423500000000000,94985.42
1738425300000000000,94985.42
1738427100000000000,94985.42
1738428900000000000,94985.42
1738430700000000000,94985.42
1738432500000000000,95048.64
1738434300000000000,95048.64
1738436100000000000,95475.32
1738437900000000000,95475.32
1738439700000000000,95474.3
1738441500000000000,95474.3
1738443300000000000,95474.3
1738445100000000000,95474.3
1738446900000000000,95474.3
1738448700000000000,95474.3
1738450500000000000,95474.3
1738452300000000000,95474.3
1738454100000000000,95474.3
1738455900000000000,95474.3
1738457700000000000,95474.3
1738459500000000000,95474.3
1738461300000000000,95365.41
1738463100000000000,95362.89
1738464900000000000,95362.89
1738466700000000000,95362.89
1738468500000000000,95362.89
1738470300000000000,95362.89
1738472100000000000,95362.89
1738473900000000000,95362.89
1738475700000000000,95362.89
1738477500000000000,95362.89
1738479300000000000,95382.69
1738481100000000000,95398.48
1738482900000000000,95398.48
1738484700000000000,95398.48
1738486500000000000,95398.48
1738488300000000000,95398.48
1738490100000000000,95609.61
1738491900000000000,95637.05
1738493700000000000,95654.46
1738495500000000000,95654.46
1738497300000000000,95654.46
1738499100000000000,95654.46
1738500900000000000,95654.46
1738502700000000000,95654.46
1738504500000000000,95654.46
1738506300000000000,95654.46
1738508100000000000,95654.46
1738509900000000000,95654.46
1738511700000000000,95654.46
1738513500000000000,95654.46
1738515300000000000,95654.46
1738517100000000000,95654.46
1738518900000000000,94526.08
1738520700000000000,94526.08
1738522500000000000,94380.90999999999
1738524300000000000,94380.90999999999
1738526100000000000,94380.90999999999
1738527900000000000,94380.90999999999
1738529700000000000,94380.90999999999
1738531500000000000,94380.90999999999
1738533300000000000,94380.90999999999
1738535100000000000,94380.90999999999
1738536900000000000,94380.90999999999
1738538700000000000,94380.90999999999
1738540500000000000,94380.90999999999
1738542300000000000,94380.90999999999
1738544100000000000,94380.90999999999
1738545900000000000,94380.90999999999
1738547700000000000,94362.29000000001
1738549500000000000,94345.08
1738551300000000000,94350.81
1738553100000000000,94347.31
1738554900000000000,94331.96
1738556700000000000,94331.96
1738558500000000000,95602.09999999999
1738560300000000000,95602.09999999999
1738562100000000000,95602.09999999999
1738563900000000000,95602.09999999999
1738565700000000000,95602.09999999999
1738567500000000000,95602.09999999999
1738569300000000000,95602.09999999999
1738571100000000000,95602.09999999999
1738572900000000000,95602.09999999999
1738574700000000000,95602.09999999999
1738576500000000000,96266.26999999999
1738578300000000000,96317.22
1738580100000000000,96317.22
1738581900000000000,96317.22
1738583700000000000,96317.22
1738585500000000000,96317.22
1738587300000000000,96317.22
1738589100000000000,96317.22
1738590900000000000,96317.22
1738592700000000000,96317.22
1738594500000000000,96317.22
1738596300000000000,96317.22
1738598100000000000,96317.22
1738599900000000000,96317.22
1738601700000000000,96317.22
1738603500000000000,96317.22
1738605300000000000,96258.54000000001
1738607100000000000,96251.54
1738608900000000000,96249.54
1738610700000000000,96249.54
1738612500000000000,96249.54
1738614300000000000,96249.54
1738616100000000000,96249.54
1738617900000000000,96249.54
1738619700000000000,96249.54
1738621500000000000,96249.54
1738623300000000000,96249.54
1738625100000000000,96249.54
1738626900000000000,96249.54
1738628700000000000,96249.54
1738630500000000000,96249.54
1738632300000000000,96249.54
1738634100000000000,96241.57
1738635900000000000,96110.06
1738637700000000000,96102.62000000001
1738639500000000000,96102.62000000001
1738641300000000000,96102.62000000001
1738643100000000000,96099.0
1738644900000000000,96095.77
1738646700000000000,96095.77
1738648500000000000,96095.77
1738650300000000000,96095.77
1738652100000000000,96095.77
1738653900000000000,96095.77
1738655700000000000,96095.77
1738657500000000000,96095.77
1738659300000000000,96095.77
1738661100000000000,96095.77
1738662900000000000,95979.33
1738664700000000000,95968.47
1738666500000000000,95968.47
1738668300000000000,95968.47
1738670100000000000,95968.47
1738671900000000000,95968.47
1738673700000000000,95968.47
1738675500000000000,95968.47
1738677300000000000,95968.47
1738679100000000000,95968.47
1738680900000000000,95968.47
1738682700000000000,95968.47
1738684500000000000,95968.47
1738686300000000000,95968.47
1738688100000000000,95968.47
1738689900000000000,95968.47
1738691700000000000,96697.19
1738693500000000000,96697.19
1738695300000000000,96697.19
1738697100000000000,96697.19
1738698900000000000,96697.19
1738700700000000000,96697.19
1738702500000000000,96697.19
1738704300000000000,96697.19
1738706100000000000,96697.19
1738707900000000000,96697.19
1738709700000000000,96697.19
1738711500000000000,96697.19
1738713300000000000,96697.19
1738715100000000000,96697.19
1738716900000000000,96697.19
1738718700000000000,96697.19
1738720500000000000,96697.19
1738722300000000000,97044.4
1738724100000000000,97427.81
1738725900000000000,97427.81
1738727700000000000,97427.81
1738729500000000000,98180.98
1738731300000000000,98180.98
1738733100000000000,98180.98
1738734900000000000,98180.98
1738736700000000000,98180.98
1738738500000000000,98175.65000000001
1738740300000000000,98175.65000000001
1738742100000000000,98175.65000000001
1738743900000000000,98175.65000000001
1738745700000000000,98175.65000000001
1738747500000000000,98175.65000000001
1738749300000000000,98428.83
1738751100000000000,98428.83
1738752900000000000,98428.83
1738754700000000000,98428.83
1738756500000000000,98428.83
1738758300000000000,98428.83
1738760100000000000,98428.83
1738761900000000000,98428.83
1738763700000000000,98428.83
1738765500000000000,98428.83
1738767300000000000,98428.83
1738769100000000000,98428.83
1738770900000000000,98428.83
1738772700000000000,98428.83
1738774500000000000,98428.83
1738776300000000000,98428.83
1738778100000000000,99492.19
1738779900000000000,99657.28
1738781700000000000,99752.48
1738783500000000000,99752.48
1738785300000000000,99752.48
1738787100000000000,99752.48
1738788900000000000,99752.48
1738790700000000000,99752.48
1738792500000000000,99752.48
1738794300000000000,99752.48
1738796100000000000,99752.48
1738797900000000000,99752.48
1738799700000000000,99752.48
1738801500000000000,99752.48
1738803300000000000,99752.48
1738805100000000000,99752.48
1738806900000000000,100585.70999999999
1738808700000000000,100598.78
1738810500000000000,100598.78
1738812300000000000,100598.78
1738814100000000000,100598.78
1738815900000000000,100598.78
1738817700000000000,100598.78
1738819500000000000,100598.78
1738821300000000000,100598.78
1738823100000000000,100598.78
1738824900000000000,100598.78
1738826700000000000,100598.78
1738828500000000000,100598.78
1738830300000000000,100598.78
1738832100000000000,100598.78
1738833900000000000,100598.78
1738835700000000000,99847.35
1738837500000000000,99847.35
1738839300000000000,99847.35
1738841100000000000,99847.35
1738842900000000000,99847.35
1738844700000000000,99847.35
1738846500000000000,99847.35
1738848300000000000,99847.35
1738850100000000000,99847.35
1738851900000000000,99847.35
1738853700000000000,99847.35
1738855500000000000,99847.35
1738857300000000000,99847.35
1738859100000000000,99847.35
1738860900000000000,99847.35
1738862700000000000,99847.35
1738864500000000000,100141.23
1738866300000000000,100140.67
1738868100000000000,100295.2
1738869900000000000,100295.2
1738871700000000000,100295.2
1738873500000000000,100295.2
1738875300000000000,100295.2
1738877100000000000,100295.2
1738878900000000000,100295.2
1738880700000000000,100295.2
1738882500000000000,100295.2
1738884300000000000,100295.2
1738886100000000000,100295.2
1738887900000000000,100295.2
1738889700000000000,100295.2
1738891500000000000,100295.2
1738893300000000000,100510.25
1738895100000000000,100508.25
1738896900000000000,100678.86
1738898700000000000,100678.86
1738900500000000000,100678.86
1738902300000000000,100678.86
1738904100000000000,100678.86
1738905900000000000,100678.86
1738907700000000000,100678.86
1738909500000000000,100678.86
1738911300000000000,100678.86
1738913100000000000,100678.86
1738914900000000000,100678.86
1738916700000000000,100678.86
1738918500000000000,100678.86
1738920300000000000,100678.86
1738922100000000000,100786.84000000001
1738923900000000000,100946.39
1738925700000000000,100973.65000000001
1738927500000000000,101184.04
1738929300000000000,101176.45000000001
1738931100000000000,101176.45000000001
1738932900000000000,101176.45000000001
1738934700000000000,101176.45000000001
1738936500000000000,101176.45000000001
1738938300000000000,101176.45000000001
1738940100000000000,101176.45000000001
1738941900000000000,101176.45000000001
1738943700000000000,101176.45000000001
1738945500000000000,101176.45000000001
1738947300000000000,101176.45000000001
1738949100000000000,101176.45000000001
1738950900000000000,100980.28000000001
1738952700000000000,100980.28000000001
1738954500000000000,100980.28000000001
1738956300000000000,100980.28000000001
1738958100000000000,100980.28000000001
1738959900000000000,100871.99
1738961700000000000,100871.99
1738963500000000000,100871.99
1738965300000000000,100695.62999999999
1738967100000000000,100626.83
1738968900000000000,100626.83
1738970700000000000,100626.83
1738972500000000000,100626.83
1738974300000000000,100626.83
1738976100000000000,100626.83
1738977900000000000,100626.83
1738979700000000000,100793.62999999999
1738981500000000000,100886.59
1738983300000000000,100886.59
1738985100000000000,100886.59
1738986900000000000,100886.59
1738988700000000000,100886.59
1738990500000000000,100886.59
1738992300000000000,100886.59
1738994100000000000,100886.59
1738995900000000000,100886.59
1738997700000000000,100886.59
1738999500000000000,100886.59
1739001300000000000,100886.59
1739003100000000000,100886.59
1739004900000000000,100886.59
1739006700000000000,100886.59
1739008500000000000,100886.59
1739010300000000000,100886.59
1739012100000000000,100886.59
1739013900000000000,100886.59
1739015700000000000,100886.59
1739017500000000000,100886.59
1739019300000000000,100886.59
1739021100000000000,100886.59
1739022900000000000,100886.59
1739024700000000000,100886.59
1739026500000000000,100886.59
1739028300000000000,100886.59
1739030100000000000,100886.59
1739031900000000000,100886.59
1739033700000000000,100886.59
1739035500000000000,100886.59
1739037300000000000,100864.61
1739039100000000000,100864.61
1739040900000000000,100864.61
1739042700000000000,100864.61
1739044500000000000,100864.61
1739046300000000000,100864.61
1739048100000000000,100864.61
1739049900000000000,100864.61
1739051700000000000,100864.61
1739053500000000000,100864.61
1739055300000000000,100864.61
1739057100000000000,100864.61
1739058900000000000,100864.61
1739060700000000000,100864.61
1739062500000000000,100864.61
1739064300000000000,100864.61
1739066100000000000,100235.14
1739067900000000000,100235.14
1739069700000000000,100235.14
1739071500000000000,100235.14
1739073300000000000,100235.14
1739075100000000000,100235.14
1739076900000000000,100235.14
1739078700000000000,100235.14
1739080500000000000,100235.14
1739082300000000000,100235.14
1739084100000000000,100235.14
1739085900000000000,100235.14
1739087700000000000,100235.14
1739089500000000000,100235.14
1739091300000000000,100235.14
1739093100000000000,100235.14
1739094900000000000,98550.36
1739096700000000000,98550.36
1739098500000000000,98309.56000000001
1739100300000000000,98308.76000000001
1739102100000000000,98308.76000000001
1739103900000000000,98308.76000000001
1739105700000000000,98308.76000000001
1739107500000000000,98308.76000000001
1739109300000000000,98308.76000000001
1739111100000000000,98308.76000000001
1739112900000000000,98308.76000000001
1739114700000000000,98308.76000000001
1739116500000000000,98308.76000000001
1739118300000000000,98308.76000000001
1739120100000000000,98308.76000000001
1739121900000000000,98308.76000000001
1739123700000000000,98237.2
1739125500000000000,98255.42
1739127300000000000,98252.34
1739129100000000000,98251.23
1739130900000000000,98251.23
1739132700000000000,98251.23
1739134500000000000,98422.26
1739136300000000000,98415.77
1739138100000000000,98409.65000000001
1739139900000000000,98409.65000000001
1739141700000000000,98409.65000000001
1739143500000000000,98409.65000000001
1739145300000000000,98409.65000000001
1739147100000000000,98409.65000000001
1739148900000000000,98409.65000000001
1739150700000000000,98409.65000000001
1739152500000000000,98718.3
1739154300000000000,99639.20999999999
1739156100000000000,99639.20999999999
1739157900000000000,99639.20999999999
1739159700000000000,99639.20999999999
1739161500000000000,99639.20999999999
1739163300000000000,99639.20999999999
1739165100000000000,99639.20999999999
1739166900000000000,99639.20999999999
1739168700000000000,99639.20999999999
1739170500000000000,99639.20999999999
1739172300000000000,99639.20999999999
1739174100000000000,99639.20999999999
1739175900000000000,99639.20999999999
1739177700000000000,99639.20999999999
1739179500000000000,99639.20999999999
1739181300000000000,100833.11
1739183100000000000,101072.09999999999
1739184900000000000,101072.09999999999
1739186700000000000,101072.09999999999
1739188500000000000,101072.09999999999
1739190300000000000,101072.09999999999
1739192100000000000,101072.09999999999
1739193900000000000,101072.09999999999
1739195700000000000,101072.09999999999
1739197500000000000,101072.09999999999
1739199300000000000,101072.09999999999
1739201100000000000,101072.09999999999
1739202900000000000,101072.09999999999
1739204700000000000,101072.09999999999
1739206500000000000,101328.76000000001
1739208300000000000,101328.76000000001
1739210100000000000,101630.77
1739211900000000000,101626.95
1739213700000000000,102584.63
1739215500000000000,102584.63
1739217300000000000,102584.63
1739219100000000000,102584.63
1739220900000000000,102594.59
1739222700000000000,102594.59
1739224500000000000,102594.59
1739226300000000000,102594.59
1739228100000000000,102594.59
1739229900000000000,102594.59
1739231700000000000,102594.59
1739233500000000000,102594.59
1739235300000000000,102594.59
1739237100000000000,102594.59
1739238900000000000,102594.59
1739240700000000000,102594.59
1739242500000000000,102594.59
1739244300000000000,102594.59
1739246100000000000,102594.59
1739247900000000000,102720.01
1739249700000000000,102720.01
1739251500000000000,102720.01
1739253300000000000,102720.01
1739255100000000000,102720.01
1739256900000000000,102720.01
1739258700000000000,102720.01
1739260500000000000,102720.01
1739262300000000000,102720.01
1739264100000000000,102720.01
1739265900000000000,102720.01
1739267700000000000,102928.46
1739269500000000000,102928.46
1739271300000000000,102928.46
1739273100000000000,102928.46
1739274900000000000,103097.15999999999
1739276700000000000,103097.15999999999
1739278500000000000,103097.15999999999
1739280300000000000,103097.15999999999
1739282100000000000,103097.15999999999
1739283900000000000,103097.15999999999
1739285700000000000,103097.15999999999
1739287500000000000,103097.15999999999
1739289300000000000,103097.15999999999
1739291100000000000,103097.15999999999
1739292900000000000,103097.15999999999
1739294700000000000,103097.15999999999
1739296500000000000,103125.04
1739298300000000000,103120.53
1739300100000000000,103116.63
1739301900000000000,103116.63
1739303700000000000,103116.63
1739305500000000000,103116.63
1739307300000000000,103116.63
1739309100000000000,103116.63
1739310900000000000,103116.63
1739312700000000000,103116.63
1739314500000000000,103116.63
1739316300000000000,103116.63
1739318100000000000,103116.63
1739319900000000000,103116.63
1739321700000000000,103116.63
1739323500000000000,103116.63
1739325300000000000,102922.18
1739327100000000000,102922.18
1739328900000000000,102922.18
1739330700000000000,102922.18
1739332500000000000,102922.18
1739334300000000000,102922.18
1739336100000000000,102922.18
1739337900000000000,102922.18
1739339700000000000,102922.18
1739341500000000000,102922.18
1739343300000000000,102922.18
1739345100000000000,102922.18
1739346900000000000,102922.18
1739348700000000000,102922.18
1739350500000000000,102922.18
1739352300000000000,102922.18
1739354100000000000,102685.1
1739355900000000000,102685.1
1739357700000000000,102685.1
1739359500000000000,102685.1
1739361300000000000,102685.1
1739363100000000000,102685.1
1739364900000000000,102685.1
1739366700000000000,102685.1
1739368500000000000,102685.1
1739370300000000000,102685.1
1739372100000000000,102685.1
1739373900000000000,102685.1
1739375700000000000,102685.1
1739377500000000000,102685.1
1739379300000000000,102685.1
1739381100000000000,102685.1
1739382900000000000,101388.45000000001
1739384700000000000,100877.87
1739386500000000000,100843.78
1739388300000000000,100843.78
1739390100000000000,100843.78
1739391900000000000,100843.78
1739393700000000000,100843.78
1739395500000000000,100843.78
1739397300000000000,100843.78
1739399100000000000,100843.78
1739400900000000000,100843.78
1739402700000000000,100843.78
1739404500000000000,100843.78
1739406300000000000,100843.78
1739408100000000000,100843.78
1739409900000000000,100843.78
1739411700000000000,100944.54000000001
1739413500000000000,101013.47
1739415300000000000,101008.14
1739417100000000000,101008.14
1739418900000000000,101008.14
1739420700000000000,101008.14
1739422500000000000,101008.14
1739424300000000000,101008.14
1739426100000000000,101008.14
1739427900000000000,101008.14
1739429700000000000,101008.14
1739431500000000000,101008.14
1739433300000000000,101008.14
1739435100000000000,101008.14
1739436900000000000,101008.14
1739438700000000000,101008.14
1739440500000000000,101010.24
1739442300000000000,101027.79
1739444100000000000,101152.79000000001
1739445900000000000,101152.79000000001
1739447700000000000,101152.79000000001
1739449500000000000,101152.79000000001
1739451300000000000,101152.79000000001
1739453100000000000,101152.79000000001
1739454900000000000,101152.79000000001
1739456700000000000,101152.79000000001
1739458500000000000,101152.79000000001
1739460300000000000,101152.79000000001
1739462100000000000,101152.79000000001
1739463900000000000,101152.79000000001
1739465700000000000,101152.79000000001
1739467500000000000,101152.79000000001
1739469300000000000,101020.21
1739471100000000000,100985.83
1739472900000000000,100985.83
1739474700000000000,100985.83
1739476500000000000,100985.83
1739478300000000000,100985.83
1739480100000000000,100985.83
1739481900000000000,100985.83
1739483700000000000,100985.83
1739485500000000000,100985.83
1739487300000000000,100984.83
1739489100000000000,100984.83
1739490900000000000,100984.83
1739492700000000000,100984.83
1739494500000000000,100984.83
1739496300000000000,100984.83
1739498100000000000,100949.28
1739499900000000000,100912.11
1739501700000000000,100912.11
1739503500000000000,100912.11
1739505300000000000,101004.09999999999
1739507100000000000,101002.09999999999
1739508900000000000,101002.09999999999
1739510700000000000,101002.09999999999
1739512500000000000,101002.09999999999
1739514300000000000,101002.09999999999
1739516100000000000,101002.09999999999
1739517900000000000,101002.09999999999
1739519700000000000,101002.09999999999
1739521500000000000,101002.09999999999
1739523300000000000,101002.09999999999
1739525100000000000,101002.09999999999
1739526900000000000,101071.83
1739528700000000000,101071.83
1739530500000000000,101070.49
1739532300000000000,101070.49
1739534100000000000,101070.49
1739535900000000000,101070.49
1739537700000000000,101070.49
1739539500000000000,101070.49
1739541300000000000,101070.49
1739543100000000000,101070.49
1739544900000000000,101070.49
1739546700000000000,101070.49
1739548500000000000,101070.49
1739550300000000000,101070.49
1739552100000000000,101070.49
1739553900000000000,101070.49
1739555700000000000,101070.49
1739557500000000000,100976.01
1739559300000000000,100895.7
1739561100000000000,100895.7
1739562900000000000,100895.7
1739564700000000000,100895.7
1739566500000000000,100895.7
1739568300000000000,100895.7
1739570100000000000,100826.15000000001
1739571900000000000,100772.36
1739573700000000000,100772.36
1739575500000000000,100772.36
1739577300000000000,100772.36
1739579100000000000,100772.36
1739580900000000000,100772.36
1739582700000000000,100772.36
1739584500000000000,100611.57
1739586300000000000,100604.38
1739588100000000000,100604.38
1739589900000000000,100604.38
1739591700000000000,100604.38
1739593500000000000,100604.38
1739595300000000000,100604.38
1739597100000000000,100604.38
1739598900000000000,100604.38
1739600700000000000,100604.38
1739602500000000000,100604.38
1739604300000000000,100604.38
1739606100000000000,100604.38
1739607900000000000,100604.38
1739609700000000000,100604.38
1739611500000000000,100604.38
1739613300000000000,100583.57
1739615100000000000,100627.16
1739616900000000000,100715.64
1739618700000000000,100715.64
1739620500000000000,100715.64
1739622300000000000,100715.64
1739624100000000000,100715.64
1739625900000000000,100715.64
1739627700000000000,100715.64
1739629500000000000,100715.64
1739631300000000000,100715.64
1739633100000000000,100715.64
1739634900000000000,100715.64
1739636700000000000,100715.64
1739638500000000000,100715.64
1739640300000000000,100715.64
1739642100000000000,100638.79000000001
1739643900000000000,100676.73
1739645700000000000,100676.73
1739647500000000000,100676.73
1739649300000000000,100676.73
1739651100000000000,100676.73
1739652900000000000,100676.73
1739654700000000000,100676.73
1739656500000000000,100676.73
1739658300000000000,100676.73
1739660100000000000,100676.73
1739661900000000000,100676.73
1739663700000000000,100676.73
1739665500000000000,100676.73
1739667300000000000,100676.73
1739669100000000000,100676.73
1739670900000000000,100676.73
1739672700000000000,100688.3
1739674500000000000,100686.37000000001
1739676300000000000,100686.37000000001
1739678100000000000,100686.37000000001
1739679900000000000,100686.37000000001
1739681700000000000,100684.37000000001
1739683500000000000,100684.37000000001
1739685300000000000,100684.37000000001
1739687100000000000,100684.37000000001
1739688900000000000,100684.37000000001
1739690700000000000,100684.37000000001
1739692500000000000,100684.37000000001
1739694300000000000,100684.37000000001
1739696100000000000,100684.37000000001
1739697900000000000,100684.37000000001
1739699700000000000,100605.94
1739701500000000000,100611.06
1739703300000000000,100611.06
1739705100000000000,100611.06
1739706900000000000,100640.76000000001
1739708700000000000,100640.76000000001
1739710500000000000,100640.76000000001
1739712300000000000,100640.76000000001
1739714100000000000,100640.76000000001
1739715900000000000,100640.76000000001
1739717700000000000,100640.76000000001
1739719500000000000,100640.76000000001
1739721300000000000,100640.76000000001
1739723100000000000,100640.76000000001
1739724900000000000,100640.76000000001
1739726700000000000,100640.76000000001
1739728500000000000,100696.23
1739730300000000000,100767.23999999999
1739732100000000000,100781.29
1739733900000000000,100781.29
1739735700000000000,100781.29
1739737500000000000,100781.29
1739739300000000000,100781.29
1739741100000000000,100781.29
1739742900000000000,100781.29
1739744700000000000,100781.29
1739746500000000000,100781.29
1739748300000000000,100781.29
1739750100000000000,100781.29
1739751900000000000,100781.29
1739753700000000000,100781.29
1739755500000000000,100781.29
1739757300000000000,100565.49
1739759100000000000,100280.76000000001
1739760900000000000,100280.76000000001
1739762700000000000,100280.76000000001
1739764500000000000,100280.76000000001
1739766300000000000,100280.76000000001
1739768100000000000,100280.76000000001
1739769900000000000,100280.76000000001
1739771700000000000,100280.76000000001
1739773500000000000,100280.76000000001
1739775300000000000,100280.76000000001
1739777100000000000,100280.76000000001
1739778900000000000,100280.76000000001
1739780700000000000,100280.76000000001
1739782500000000000,100280.76000000001
1739784300000000000,100280.76000000001
1739786100000000000,100586.68000000001
1739787900000000000,100605.73000000001
1739789700000000000,100605.73000000001
1739791500000000000,100605.73000000001
1739793300000000000,100605.73000000001
1739795100000000000,100605.73000000001
1739796900000000000,100605.73000000001
1739798700000000000,100633.7
1739800500000000000,100628.09
1739802300000000000,100628.09
1739804100000000000,100628.09
1739805900000000000,100628.09
1739807700000000000,100620.26
1739809500000000000,100620.26
1739811300000000000,100620.26
1739813100000000000,100620.26
1739814900000000000,100424.47
1739816700000000000,100424.47
1739818500000000000,100424.47
1739820300000000000,100424.47
1739822100000000000,100424.47
1739823900000000000,100407.06999999999
1739825700000000000,100407.06999999999
1739827500000000000,100407.06999999999
1739829300000000000,100407.06999999999
1739831100000000000,100407.06999999999
1739832900000000000,100411.44
1739834700000000000,100411.44
1739836500000000000,100411.44
1739838300000000000,100411.44
1739840100000000000,100411.44
1739841900000000000,100411.44
1739843700000000000,100411.44
1739845500000000000,100411.44
1739847300000000000,100411.44
1739849100000000000,100411.44
1739850900000000000,100411.44
1739852700000000000,100411.44
1739854500000000000,100411.44
1739856300000000000,100411.44
1739858100000000000,100411.44
1739859900000000000,100411.44
1739861700000000000,100559.45
1739863500000000000,100559.45
1739865300000000000,100559.45
1739867100000000000,100559.45
1739868900000000000,100559.45
1739870700000000000,100559.45
1739872500000000000,100951.75
1739874300000000000,100951.75
1739876100000000000,100951.75
1739877900000000000,100951.75
1739879700000000000,101135.71999999999
1739881500000000000,101135.71999999999
1739883300000000000,101135.71999999999
1739885100000000000,101135.71999999999
1739886900000000000,101135.71999999999
1739888700000000000,101135.71999999999
1739890500000000000,101135.71999999999
1739892300000000000,101135.71999999999
1739894100000000000,101135.71999999999
1739895900000000000,101135.71999999999
1739897700000000000,101135.71999999999
1739899500000000000,101135.71999999999
1739901300000000000,102315.68
1739903100000000000,102315.68
1739904900000000000,102315.68
1739906700000000000,102315.68
1739908500000000000,102315.68
1739910300000000000,102315.68
1739912100000000000,102315.68
1739913900000000000,102315.68
1739915700000000000,102315.68
1739917500000000000,102315.68
1739919300000000000,102315.68
1739921100000000000,102315.68
1739922900000000000,102315.68
1739924700000000000,102315.68
1739926500000000000,102315.68
1739928300000000000,102315.68
1739930100000000000,102283.4
1739931900000000000,102207.75
1739933700000000000,102207.75
1739935500000000000,102207.75
1739937300000000000,102206.58
1739939100000000000,102206.58
1739940900000000000,102206.58
1739942700000000000,102206.58
1739944500000000000,102206.58
1739946300000000000,102206.58
1739948100000000000,102206.58
1739949900000000000,102206.58
1739951700000000000,102206.58
1739953500000000000,102206.58
1739955300000000000,102206.58
1739957100000000000,102206.58
1739958900000000000,101329.69
1739960700000000000,101329.69
1739962500000000000,101329.69
1739964300000000000,101329.69
1739966100000000000,101329.69
1739967900000000000,101329.69
1739969700000000000,101329.69
1739971500000000000,101329.69
1739973300000000000,101329.69
1739975100000000000,101329.69
1739976900000000000,101329.69
1739978700000000000,101329.69
1739980500000000000,101329.69
1739982300000000000,101329.69
1739984100000000000,101329.69
1739985900000000000,101329.69
1739987700000000000,101154.8
1739989500000000000,101154.8
1739991300000000000,100326.49
1739993100000000000,100326.49
1739994900000000000,100326.49
1739996700000000000,100326.49
1739998500000000000,100326.49
1740000300000000000,100326.49
1740002100000000000,100326.49
1740003900000000000,100326.49
1740005700000000000,100326.49
1740007500000000000,100326.49
1740009300000000000,100326.49
1740011100000000000,100326.49
1740012900000000000,100326.49
1740014700000000000,100326.49
1740016500000000000,100097.7
1740018300000000000,99320.18
1740020100000000000,99320.18
1740021900000000000,99319.18000000001
1740023700000000000,99318.18
1740025500000000000,99318.18
1740027300000000000,99318.18
1740029100000000000,99318.18
1740030900000000000,99318.18
1740032700000000000,99318.18
1740034500000000000,99318.18
1740036300000000000,99318.18
1740038100000000000,99318.18
1740039900000000000,99318.18
1740041700000000000,99318.18
1740043500000000000,99318.18
1740045300000000000,99173.72
1740047100000000000,98846.12
1740048900000000000,98846.12
1740050700000000000,98846.12
1740052500000000000,98846.12
1740054300000000000,98846.12
1740056100000000000,98846.12
1740057900000000000,98846.12
1740059700000000000,98846.12
1740061500000000000,98846.12
1740063300000000000,98846.12
1740065100000000000,98846.12
1740066900000000000,98846.12
1740068700000000000,98846.12
1740070500000000000,98846.12
1740072300000000000,98846.12
1740074100000000000,98843.95
1740075900000000000,98839.13
1740077700000000000,98991.14
1740079500000000000,98991.14
1740081300000000000,98980.87
1740083100000000000,98980.87
1740084900000000000,98980.87
1740086700000000000,98980.87
1740088500000000000,98980.87
1740090300000000000,98980.87
1740092100000000000,98980.87
1740093900000000000,98980.87
1740095700000000000,98980.87
1740097500000000000,98980.87
1740099300000000000,98980.87
1740101100000000000,98980.87
1740102900000000000,98684.58
1740104700000000000,98684.58
1740106500000000000,98552.25
1740108300000000000,98513.81
1740110100000000000,98513.81
1740111900000000000,98513.81
1740113700000000000,98513.81
1740115500000000000,98513.81
1740117300000000000,98513.81
1740119100000000000,98513.81
1740120900000000000,98513.81
1740122700000000000,98513.81
1740124500000000000,98513.81
1740126300000000000,98513.81
1740128100000000000,98513.81
1740129900000000000,98513.81
1740131700000000000,98470.14
1740133500000000000,98470.14
1740135300000000000,98470.14
1740137100000000000,98470.14
1740138900000000000,98470.14
1740140700000000000,98470.14
1740142500000000000,98470.14
1740144300000000000,98468.31
1740146100000000000,98466.31
1740147900000000000,98466.31
1740149700000000000,98466.31
1740151500000000000,98466.31
1740153300000000000,98466.31
1740155100000000000,98466.31
1740156900000000000,98466.31
1740158700000000000,98466.31
1740160500000000000,98294.32
1740162300000000000,98294.32
1740164100000000000,98294.32
1740165900000000000,98294.32
1740167700000000000,98294.32
1740169500000000000,98294.32
1740171300000000000,98294.32
1740173100000000000,98294.32
1740174900000000000,98294.32
1740176700000000000,98294.32
1740178500000000000,98294.32
1740180300000000000,98294.32
1740182100000000000,98294.32
1740183900000000000,98294.32
1740185700000000000,98294.32
1740187500000000000,98294.32
1740189300000000000,98287.4
1740191100000000000,97967.42
1740192900000000000,97967.42
1740194700000000000,97967.42
1740196500000000000,97967.42
1740198300000000000,97967.42
1740200100000000000,97967.42
1740201900000000000,97967.42
1740203700000000000,97967.42
1740205500000000000,97967.42
1740207300000000000,97967.42
1740209100000000000,97967.42
1740210900000000000,97967.42
1740212700000000000,97967.42
1740214500000000000,97967.42
1740216300000000000,97967.42
1740218100000000000,97308.01
1740219900000000000,97304.01
1740221700000000000,97304.01
1740223500000000000,97304.01
1740225300000000000,97304.01
1740227100000000000,97304.01
1740228900000000000,97304.01
1740230700000000000,97304.01
1740232500000000000,97304.01
1740234300000000000,97304.01
1740236100000000000,97304.01
1740237900000000000,97304.01
1740239700000000000,97304.01
1740241500000000000,97304.01
1740243300000000000,97304.01
1740245100000000000,97304.01
1740246900000000000,96756.87
1740248700000000000,96756.87
1740250500000000000,96756.87
1740252300000000000,96756.87
1740254100000000000,96756.87
1740255900000000000,96756.87
1740257700000000000,96756.87
1740259500000000000,96756.87
1740261300000000000,96756.87
1740263100000000000,96756.87
1740264900000000000,96756.87
1740266700000000000,96756.87
1740268500000000000,96756.87
1740270300000000000,96756.87
1740272100000000000,96756.87
1740273900000000000,96756.87
1740275700000000000,94759.02
1740277500000000000,94011.56
1740279300000000000,94011.56
1740281100000000000,94011.56
1740282900000000000,94011.56
1740284700000000000,94011.56
1740286500000000000,94011.56
1740288300000000000,94011.56
1740290100000000000,94011.56
1740291900000000000,94011.56
1740293700000000000,94011.56
1740295500000000000,94011.56
1740297300000000000,94011.56
1740299100000000000,94011.56
1740300900000000000,94011.56
1740302700000000000,94011.56
1740304500000000000,93700.94
1740306300000000000,93700.94
1740308100000000000,93700.94
1740309900000000000,93700.94
1740311700000000000,93700.94
1740313500000000000,93700.94
1740315300000000000,93700.94
1740317100000000000,93700.94
1740318900000000000,93700.94
1740320700000000000,93700.94
1740322500000000000,93700.94
1740324300000000000,93700.94
1740326100000000000,93700.94
1740327900000000000,93700.94
1740329700000000000,93700.94
1740331500000000000,93700.94
1740333300000000000,93574.73999999999
1740335100000000000,93302.48
1740336900000000000,93302.48
1740338700000000000,93302.48
1740340500000000000,93302.48
1740342300000000000,93302.48
1740344100000000000,93302.48
1740345900000000000,93302.48
1740347700000000000,93302.48
1740349500000000000,93302.48
1740351300000000000,93302.48
1740353100000000000,93099.22
1740354900000000000,93099.22
1740356700000000000,93099.22
1740358500000000000,93099.22
1740360300000000000,93099.22
1740362100000000000,93026.06
1740363900000000000,93020.22
1740365700000000000,93156.42
1740367500000000000,93156.42
1740369300000000000,93156.42
1740371100000000000,93156.42
1740372900000000000,93156.42
1740374700000000000,93156.42
1740376500000000000,93156.42
1740378300000000000,93156.42
1740380100000000000,93156.42
1740381900000000000,93156.42
1740383700000000000,93156.42
1740385500000000000,93156.42
1740387300000000000,93156.42
1740389100000000000,93156.42
1740390900000000000,93234.09999999999
1740392700000000000,93234.09999999999
1740394500000000000,93329.76
1740396300000000000,93329.76
1740398100000000000,93555.0
1740399900000000000,93599.96
1740401700000000000,93633.74
1740403500000000000,93633.74
1740405300000000000,93633.74
1740407100000000000,93633.74
1740408900000000000,93633.74
1740410700000000000,93633.74
1740412500000000000,93633.74
1740414300000000000,93633.74
1740416100000000000,93633.74
1740417900000000000,93633.74
1740419700000000000,93960.95
1740421500000000000,93960.95
1740423300000000000,93960.95
1740425100000000000,93960.95
1740426900000000000,93960.95
1740428700000000000,93960.95
1740430500000000000,93960.95
1740432300000000000,93960.95
1740434100000000000,93960.95
1740435900000000000,93960.95
1740437700000000000,93960.95
1740439500000000000,93960.95
1740441300000000000,93960.95
1740443100000000000,93960.95
1740444900000000000,93960.95
1740446700000000000,93960.95
1740448500000000000,94359.26000000001
1740450300000000000,94359.26000000001
1740452100000000000,94359.26000000001
1740453900000000000,94359.26000000001
1740455700000000000,94359.26000000001
1740457500000000000,94359.26000000001
1740459300000000000,94398.8
1740461100000000000,94398.8
1740462900000000000,94398.8
1740464700000000000,94398.8
1740466500000000000,94398.8
1740468300000000000,94398.8
1740470100000000000,94398.8
1740471900000000000,94398.8
1740473700000000000,94398.8
1740475500000000000,94398.8
1740477300000000000,94464.13
1740479100000000000,94637.13
1740480900000000000,94637.13
1740482700000000000,94637.13
1740484500000000000,94637.13
1740486300000000000,94637.13
1740488100000000000,94631.65000000001
1740489900000000000,94631.65000000001
1740491700000000000,94631.65000000001
1740493500000000000,94631.65000000001
1740495300000000000,94631.65000000001
1740497100000000000,94631.65000000001
1740498900000000000,94631.65000000001
1740500700000000000,94631.65000000001
1740502500000000000,94631.65000000001
1740504300000000000,94631.65000000001
1740506100000000000,93298.72
1740507900000000000,93298.72
1740509700000000000,93298.72
1740511500000000000,93298.72
1740513300000000000,93298.72
1740515100000000000,93298.72
1740516900000000000,93298.72
1740518700000000000,93298.72
1740520500000000000,93298.72
1740522300000000000,93298.72
1740524100000000000,93298.72
1740525900000000000,93298.72
1740527700000000000,93298.72
1740529500000000000,93298.72
1740531300000000000,93298.72
1740533100000000000,93298.72
1740534900000000000,93298.72
1740536700000000000,92731.83
1740538500000000000,92174.8
1740540300000000000,92174.8
1740542100000000000,92174.8
1740543900000000000,92174.8
1740545700000000000,92174.8
1740547500000000000,92174.8
1740549300000000000,92174.8
1740551100000000000,92174.8
1740552900000000000,92174.8
1740554700000000000,92174.8
1740556500000000000,92174.8
1740558300000000000,92174.8
1740560100000000000,92174.8
1740561900000000000,92174.8
1740563700000000000,91856.38
1740565500000000000,91860.83
1740567300000000000,91859.22
1740569100000000000,91859.22
1740570900000000000,91859.22
1740572700000000000,91859.22
1740574500000000000,91859.22
1740576300000000000,91859.22
1740578100000000000,91859.22
1740579900000000000,91859.22
1740581700000000000,91859.22
1740583500000000000,91859.22
1740585300000000000,91859.22
1740587100000000000,91859.22
1740588900000000000,91859.22
1740590700000000000,91859.22
1740592500000000000,91859.22
1740594300000000000,91531.84999999999
1740596100000000000,90977.1
1740597900000000000,90977.1
1740599700000000000,90977.1
1740601500000000000,90977.1
1740603300000000000,90977.1
1740605100000000000,90977.1
1740606900000000000,90977.1
1740608700000000000,90977.1
1740610500000000000,90977.1
1740612300000000000,90977.1
1740614100000000000,90977.1
1740615900000000000,90977.1
1740617700000000000,90977.1
1740619500000000000,90977.1
1740621300000000000,90564.90999999999
1740623100000000000,90562.90999999999
1740624900000000000,90562.90999999999
1740626700000000000,90562.90999999999
1740628500000000000,90562.90999999999
1740630300000000000,90562.90999999999
1740632100000000000,90562.90999999999
1740633900000000000,90562.90999999999
1740635700000000000,90562.90999999999
1740637500000000000,90562.90999999999
1740639300000000000,90562.90999999999
1740641100000000000,90562.90999999999
1740642900000000000,90562.90999999999
1740644700000000000,90562.90999999999
1740646500000000000,90562.90999999999
1740648300000000000,90562.90999999999
1740650100000000000,89650.54000000001
1740651900000000000,89650.01
1740653700000000000,89650.01
1740655500000000000,89650.01
1740657300000000000,89679.8
1740659100000000000,89678.09
1740660900000000000,89678.09
1740662700000000000,89678.09
1740664500000000000,89678.09
1740666300000000000,89678.09
1740668100000000000,89678.09
1740669900000000000,89678.09
1740671700000000000,89678.09
1740673500000000000,89678.09
1740675300000000000,89678.09
1740677100000000000,89678.09
1740678900000000000,89848.54000000001
1740680700000000000,89848.54000000001
1740682500000000000,89848.54000000001
1740684300000000000,89848.54000000001
1740686100000000000,89848.54000000001
1740687900000000000,89848.54000000001
1740689700000000000,89848.54000000001
1740691500000000000,89848.54000000001
1740693300000000000,89848.54000000001
1740695100000000000,89848.54000000001
1740696900000000000,89848.54000000001
1740698700000000000,89848.54000000001
1740700500000000000,89848.54000000001
1740702300000000000,89848.54000000001
1740704100000000000,89848.54000000001
1740705900000000000,89848.54000000001
1740707700000000000,89660.53
1740709500000000000,89593.34
1740711300000000000,89593.34
1740713100000000000,89593.34
1740714900000000000,89593.34
1740716700000000000,89593.34
1740718500000000000,89593.34
1740720300000000000,89593.34
1740722100000000000,89593.34
1740723900000000000,89593.34
1740725700000000000,89593.34
1740727500000000000,89593.34
1740729300000000000,89489.45
1740731100000000000,89481.75
1740732900000000000,89481.75
1740734700000000000,89481.75
1740736500000000000,89351.89
1740738300000000000,89351.89
1740740100000000000,89351.89
1740741900000000000,89351.89
1740743700000000000,89351.89
1740745500000000000,89351.89
1740747300000000000,89351.89
1740749100000000000,89351.89
1740750900000000000,89351.89
1740752700000000000,89351.89
1740754500000000000,89351.89
1740756300000000000,89351.89
1740758100000000000,89351.89
1740759900000000000,89351.89
1740761700000000000,89351.89
1740763500000000000,89351.89
1740765300000000000,89351.89
1740767100000000000,89203.06999999999
1740768900000000000,89203.06999999999
1740770700000000000,89203.06999999999
1740772500000000000,89203.06999999999
1740774300000000000,89203.06999999999
1740776100000000000,89203.06999999999
1740777900000000000,89203.06999999999
1740779700000000000,89203.06999999999
1740781500000000000,89203.06999999999
1740783300000000000,89203.06999999999
1740785100000000000,89203.06999999999
1740786900000000000,89203.06999999999
1740788700000000000,89203.06999999999
1740790500000000000,89203.06999999999
1740792300000000000,89203.06999999999
1740794100000000000,88732.08
1740795900000000000,88811.75
1740797700000000000,88811.75
1740799500000000000,88833.18000000001
1740801300000000000,89022.14
1740803100000000000,89022.14
1740804900000000000,89022.14
1740806700000000000,89022.14
1740808500000000000,89022.14
1740810300000000000,89022.14
1740812100000000000,89022.14
1740813900000000000,89087.25
1740815700000000000,89087.25
1740817500000000000,89087.25
1740819300000000000,89087.25
1740821100000000000,89087.25
1740822900000000000,88747.37
1740824700000000000,88613.23
1740826500000000000,88613.23
1740828300000000000,88613.23
1740830100000000000,88613.23
1740831900000000000,88613.23
1740833700000000000,88613.23
1740835500000000000,88613.23
1740837300000000000,88613.23
1740839100000000000,88613.23
1740840900000000000,88613.23
1740842700000000000,88613.23
1740844500000000000,88613.23
1740846300000000000,88613.23
1740848100000000000,88613.23
1740849900000000000,88613.23
1740851700000000000,88676.7
1740853500000000000,88692.86
1740855300000000000,88690.86
1740857100000000000,88690.86
1740858900000000000,89116.8
1740860700000000000,89116.8
1740862500000000000,89116.8
1740864300000000000,89116.8
1740866100000000000,89116.8
1740867900000000000,89116.8
1740869700000000000,89116.8
1740871500000000000,89116.8
1740873300000000000,89116.8
1740875100000000000,89116.8
1740876900000000000,89116.8
1740878700000000000,89116.8
1740880500000000000,89549.90000000001
1740882300000000000,89549.90000000001
1740884100000000000,89835.4
1740885900000000000,89835.4
1740887700000000000,89835.4
1740889500000000000,89835.4
1740891300000000000,89835.4
1740893100000000000,89835.4
1740894900000000000,89835.4
1740896700000000000,89835.4
1740898500000000000,89835.4
1740900300000000000,89835.4
1740902100000000000,89835.4
1740903900000000000,89835.4
1740905700000000000,89835.4
1740907500000000000,89835.4
1740909300000000000,89819.45
1740911100000000000,89819.45
1740912900000000000,89819.45
1740914700000000000,89819.45
1740916500000000000,89819.45
1740918300000000000,89819.45
1740920100000000000,89819.45
1740921900000000000,89819.45
1740923700000000000,89819.45
1740925500000000000,89819.45
1740927300000000000,89819.45
1740929100000000000,89819.45
1740930900000000000,89819.45
1740932700000000000,89819.45
1740934500000000000,89819.45
1740936300000000000,89864.01
1740938100000000000,89862.01
1740939900000000000,89862.01
1740941700000000000,89862.01
1740943500000000000,89862.01
1740945300000000000,89862.01
1740947100000000000,89862.01
1740948900000000000,89862.01
1740950700000000000,89862.01
1740952500000000000,89862.01
1740954300000000000,89862.01
1740956100000000000,89862.01
1740957900000000000,89862.01
1740959700000000000,89862.01
1740961500000000000,89862.01
1740963300000000000,89862.01
1740965100000000000,89862.01
1740966900000000000,89240.28000000001
1740968700000000000,89235.61
1740970500000000000,89235.61
1740972300000000000,89235.61
1740974100000000000,89235.61
1740975900000000000,89235.61
1740977700000000000,89235.61
1740979500000000000,89235.61
1740981300000000000,89235.61
1740983100000000000,89235.61
1740984900000000000,89235.61
1740986700000000000,89235.61
1740988500000000000,89235.61
1740990300000000000,89235.61
1740992100000000000,89235.61
1740993900000000000,89235.61
1740995700000000000,88086.52
1740997500000000000,88086.52
1740999300000000000,88086.52
1741001100000000000,88086.52
1741002900000000000,88086.52
1741004700000000000,88086.52
1741006500000000000,88086.52
1741008300000000000,88086.52
1741010100000000000,87771.35
1741011900000000000,87771.35
1741013700000000000,87771.35
1741015500000000000,87771.35
1741017300000000000,87771.35
1741019100000000000,87771.35
1741020900000000000,87771.35
1741022700000000000,87771.35
1741024500000000000,87400.0
1741026300000000000,85919.68
1741028100000000000,85919.68
1741029900000000000,85919.68
1741031700000000000,85919.68
1741033500000000000,85919.68
1741035300000000000,85919.68
1741037100000000000,85919.68
1741038900000000000,85919.68
1741040700000000000,85919.68
1741042500000000000,85915.61
1741044300000000000,85915.61
1741046100000000000,85915.61
1741047900000000000,85915.61
1741049700000000000,85915.61
1741051500000000000,85915.61
1741053300000000000,85915.61
1741055100000000000,85986.16
1741056900000000000,85986.16
1741058700000000000,85986.16
1741060500000000000,85986.16
1741062300000000000,85986.16
1741064100000000000,85986.16
1741065900000000000,85986.16
1741067700000000000,85986.16
1741069500000000000,85986.16
1741071300000000000,85986.16
1741073100000000000,85986.16
1741074900000000000,85986.16
1741076700000000000,85986.16
1741078500000000000,85986.16
1741080300000000000,85986.16
1741082100000000000,85606.83
1741083900000000000,85604.83
1741085700000000000,85604.83
1741087500000000000,85604.83
1741089300000000000,85604.83
1741091100000000000,85604.83
1741092900000000000,85604.83
1741094700000000000,85604.83
1741096500000000000,85604.83
1741098300000000000,85604.83
1741100100000000000,85604.83
1741101900000000000,85604.83
1741103700000000000,85604.83
1741105500000000000,85604.83
1741107300000000000,85604.83
1741109100000000000,85604.83
1741110900000000000,86077.79999999999
1741112700000000000,86077.79999999999
1741114500000000000,86077.79999999999
1741116300000000000,86100.73
1741118100000000000,86100.73
1741119900000000000,86100.73
1741121700000000000,86100.73
1741123500000000000,86100.73
1741125300000000000,86100.73
1741127100000000000,86100.73
1741128900000000000,86100.73
1741130700000000000,86100.73
1741132500000000000,86100.73
1741134300000000000,86100.73
1741136100000000000,86100.73
1741137900000000000,86100.73
1741139700000000000,86094.68000000001
1741141500000000000,86094.68000000001
1741143300000000000,86117.08
1741145100000000000,86117.08
1741146900000000000,86117.08
1741148700000000000,86117.08
1741150500000000000,86117.08
1741152300000000000,86120.94
1741154100000000000,86120.94
1741155900000000000,86120.94
1741157700000000000,86120.94
1741159500000000000,86120.94
1741161300000000000,86120.94
1741163100000000000,86120.94
1741164900000000000,86120.94
1741166700000000000,86120.94
1741168500000000000,86314.73999999999
1741170300000000000,86312.73999999999
1741172100000000000,86308.73999999999
1741173900000000000,86308.73999999999
1741175700000000000,86308.73999999999
1741177500000000000,86308.73999999999
1741179300000000000,86308.73999999999
1741181100000000000,86308.73999999999
1741182900000000000,86308.73999999999
1741184700000000000,86308.73999999999
1741186500000000000,86308.73999999999
1741188300000000000,86308.73999999999
1741190100000000000,86308.73999999999
1741191900000000000,86308.73999999999
1741193700000000000,86308.73999999999
1741195500000000000,86308.73999999999
1741197300000000000,86174.69
1741199100000000000,86174.69
1741200900000000000,86174.69
1741202700000000000,86174.69
1741204500000000000,86174.69
1741206300000000000,86174.69
1741208100000000000,86174.69
1741209900000000000,86174.69
1741211700000000000,86134.95
1741213500000000000,86106.7
1741215300000000000,86106.7
1741217100000000000,86106.7
1741218900000000000,86106.7
1741220700000000000,86093.43000000001
1741222500000000000,86093.43000000001
1741224300000000000,86093.43000000001
1741226100000000000,86060.98999999999
1741227900000000000,86059.59
1741229700000000000,86123.56
1741231500000000000,86105.44
1741233300000000000,86102.17
1741235100000000000,86102.17
1741236900000000000,86102.17
1741238700000000000,86102.17
1741240500000000000,86102.17
1741242300000000000,86102.17
1741244100000000000,86102.17
1741245900000000000,86102.17
1741247700000000000,86102.17
1741249500000000000,86102.17
1741251300000000000,86102.17
1741253100000000000,86102.17
1741254900000000000,86028.68
1741256700000000000,85985.25
1741258500000000000,85971.18000000001
1741260300000000000,85971.18000000001
1741262100000000000,85971.18000000001
1741263900000000000,85978.98
1741265700000000000,85978.98
1741267500000000000,85978.98
1741269300000000000,85978.98
1741271100000000000,85978.98
1741272900000000000,85978.98
1741274700000000000,85978.98
1741276500000000000,85978.98
1741278300000000000,85978.98
1741280100000000000,85978.98
1741281900000000000,85978.98
1741283700000000000,85978.98
1741285500000000000,85978.98
1741287300000000000,86289.48
1741289100000000000,86289.48
1741290900000000000,86289.48
1741292700000000000,86289.48
1741294500000000000,86289.48
1741296300000000000,86289.48
1741298100000000000,86289.48
1741299900000000000,86289.48
1741301700000000000,86289.48
1741303500000000000,86289.48
1741305300000000000,86289.48
1741307100000000000,86289.48
1741308900000000000,86289.48
1741310700000000000,86289.48
1741312500000000000,86608.77
1741314300000000000,86608.77
1741316100000000000,86655.17
1741317900000000000,86822.41
1741319700000000000,86822.41
1741321500000000000,86822.41
1741323300000000000,86822.41
1741325100000000000,86822.41
1741326900000000000,86822.41
1741328700000000000,86822.41
1741330500000000000,86822.41
1741332300000000000,86822.41
1741334100000000000,86822.41
1741335900000000000,86822.41
1741337700000000000,86822.41
1741339500000000000,86822.41
1741341300000000000,86978.7
1741343100000000000,86978.7
1741344900000000000,87418.14
1741346700000000000,87417.62
1741348500000000000,87527.35
1741350300000000000,87527.35
1741352100000000000,87520.51999999999
1741353900000000000,87520.51999999999
1741355700000000000,87520.51999999999
1741357500000000000,87520.51999999999
1741359300000000000,87520.51999999999
1741361100000000000,87520.51999999999
1741362900000000000,87520.51999999999
1741364700000000000,87520.51999999999
1741366500000000000,87520.51999999999
1741368300000000000,87520.51999999999
1741370100000000000,87484.85
1741371900000000000,87109.76
1741373700000000000,87109.76
1741375500000000000,86959.45
1741377300000000000,86959.45
1741379100000000000,86959.45
1741380900000000000,86959.45
1741382700000000000,86959.45
1741384500000000000,86959.45
1741386300000000000,86959.45
1741388100000000000,86959.45
1741389900000000000,86959.45
1741391700000000000,86959.45
1741393500000000000,86959.45
1741395300000000000,86959.45
1741397100000000000,86959.45
1741398900000000000,86707.05
1741400700000000000,86450.07
1741402500000000000,86450.07
1741404300000000000,86450.07
1741406100000000000,86450.07
1741407900000000000,86450.07
1741409700000000000,85785.48
1741411500000000000,85785.48
1741413300000000000,85785.48
1741415100000000000,85785.48
1741416900000000000,85785.48
1741418700000000000,85785.48
1741420500000000000,85785.48
1741422300000000000,85785.48
1741424100000000000,85785.48
1741425900000000000,85785.48
1741427700000000000,85469.56000000001
1741429500000000000,85436.95
1741431300000000000,85436.95
1741433100000000000,85436.95
1741434900000000000,85436.95
1741436700000000000,85436.95
1741438500000000000,85436.95
1741440300000000000,85436.95
1741442100000000000,85436.95
1741443900000000000,85436.95
1741445700000000000,85436.95
1741447500000000000,85436.95
1741449300000000000,85436.95
1741451100000000000,85436.95
1741452900000000000,85436.95
1741454700000000000,85436.95
1741456500000000000,85084.2
1741458300000000000,84909.67
1741460100000000000,84904.23
1741461900000000000,84904.23
1741463700000000000,84904.23
1741465500000000000,84904.23
1741467300000000000,85275.75
1741469100000000000,85275.75
1741470900000000000,85275.75
1741472700000000000,85275.75
1741474500000000000,85275.75
1741476300000000000,85275.75
1741478100000000000,85275.75
1741479900000000000,85275.75
1741481700000000000,85275.75
1741483500000000000,85275.75
1741485300000000000,85176.04
1741487100000000000,85133.19
1741488900000000000,85182.34999999999
1741490700000000000,85182.34999999999
1741492500000000000,85182.34999999999
1741494300000000000,85182.34999999999
1741496100000000000,85182.34999999999
1741497900000000000,85182.34999999999
1741499700000000000,85182.34999999999
1741501500000000000,85182.34999999999
1741503300000000000,85182.34999999999
1741505100000000000,85182.34999999999
1741506900000000000,85182.34999999999
1741508700000000000,85182.34999999999
1741510500000000000,85182.34999999999
1741512300000000000,85182.34999999999
1741514100000000000,84839.15
1741515900000000000,84839.15
1741517700000000000,84839.15
1741519500000000000,84839.15
1741521300000000000,84839.15
1741523100000000000,84839.15
1741524900000000000,84839.15
1741526700000000000,84839.15
1741528500000000000,84839.15
1741530300000000000,84839.15
1741532100000000000,84839.15
1741533900000000000,84839.15
1741535700000000000,84839.15
1741537500000000000,84839.15
1741539300000000000,84839.15
1741541100000000000,84839.15
1741542900000000000,84838.16
1741544700000000000,84813.52
1741546500000000000,84813.52
1741548300000000000,84813.52
1741550100000000000,84813.52
1741551900000000000,84813.52
1741553700000000000,84813.52
1741555500000000000,84813.52
1741557300000000000,84813.52
1741559100000000000,84813.52
1741560900000000000,84813.52
1741562700000000000,84813.52
1741564500000000000,84813.52
1741566300000000000,84813.52
1741568100000000000,84813.52
1741569900000000000,84813.52
1741571700000000000,84816.53
1741573500000000000,85011.11
1741575300000000000,85011.11
1741577100000000000,85011.11
1741578900000000000,85011.11
1741580700000000000,85011.11
1741582500000000000,85011.11
1741584300000000000,85011.11
1741586100000000000,85011.11
1741587900000000000,85011.11
1741589700000000000,85011.11
1741591500000000000,85011.11
1741593300000000000,85011.11
1741595100000000000,85011.11
1741596900000000000,85011.11
1741598700000000000,85011.11
1741600500000000000,85004.95
1741602300000000000,85003.7
1741604100000000000,85002.36
1741605900000000000,85002.36
1741607700000000000,85002.36
1741609500000000000,85040.33
1741611300000000000,85053.90000000001
1741613100000000000,85053.90000000001
1741614900000000000,85053.90000000001
1741616700000000000,85053.90000000001
1741618500000000000,85053.90000000001
1741620300000000000,85053.90000000001
1741622100000000000,85053.90000000001
1741623900000000000,85053.90000000001
1741625700000000000,85053.90000000001
1741627500000000000,85053.90000000001
1741629300000000000,84957.05
1741631100000000000,84726.88
1741632900000000000,84726.88
1741634700000000000,84726.88
1741636500000000000,84726.88
1741638300000000000,84726.88
1741640100000000000,84726.88
1741641900000000000,84726.88
1741643700000000000,84726.88
1741645500000000000,84726.88
1741647300000000000,84726.88
1741649100000000000,84726.88
1741650900000000000,84726.88
1741652700000000000,84726.88
1741654500000000000,84726.88
1741656300000000000,84726.88
1741658100000000000,84726.88
1741659900000000000,84560.47
1741661700000000000,84302.34999999999
1741663500000000000,84302.34999999999
1741665300000000000,84302.34999999999
1741667100000000000,84302.34999999999
1741668900000000000,84302.34999999999
1741670700000000000,84302.34999999999
1741672500000000000,84302.34999999999
1741674300000000000,84302.34999999999
1741676100000000000,84302.34999999999
1741677900000000000,84302.34999999999
1741679700000000000,84302.34999999999
1741681500000000000,84302.34999999999
1741683300000000000,84302.34999999999
1741685100000000000,84302.34999999999
1741686900000000000,84302.34999999999
1741688700000000000,84205.98000000001
