i,equity
0,100000.0
1,100003.87629926093
2,100014.88400012725
3,100034.36888114263
4,100049.92941114913
5,100020.65922774303
6,100009.27389231088
7,100034.16768949064
8,100051.48928034508
9,100073.13256866961
10,100094.03328251294
11,100094.10816202602
12,100094.01288838133
13,100093.99797706744
14,100094.32107193542
15,100094.67835652526
16,100094.79393718662
17,100094.79393718662
18,100094.79393718662
19,100094.79393718662
20,100094.79393718662
21,100094.79393718662
22,100094.79393718662
23,100094.79393718662
24,100094.79393718662
25,100094.79393718662
26,100094.79393718662
27,100094.79393718662
28,100094.79393718662
29,100094.79393718662
30,100094.33304471923
31,100130.85454987851
32,100099.3447068294
33,100098.4795423325
34,100067.15040926555
35,100072.76371254546
36,100085.11000484764
37,100075.17747023578
38,100095.4335844981
39,100101.26651347498
40,100082.15452690383
41,100119.48312384675
42,100089.78950730574
43,100089.78950730574
44,100089.78950730574
45,100089.78950730574
46,100089.78950730574
47,100089.78950730574
48,100089.78950730574
49,100089.78950730574
50,100089.78950730574
51,100089.78950730574
52,100089.78950730574
53,100089.78950730574
54,100089.78950730574
55,100089.78950730574
56,100089.78950730574
57,100089.78950730574
58,100089.78950730574
59,100089.78950730574
60,100089.78950730574
61,100089.78950730574
62,100089.78950730574
63,100089.78950730574
64,100089.78950730574
65,100089.78950730574
66,100089.78950730574
67,100089.78950730574
68,100089.78950730574
69,100089.78950730574
70,100089.78950730574
71,100112.39545918388
72,100129.67263012566
73,100105.23725768694
74,100124.17673514764
75,100103.29142568045
76,100089.77416006
77,100105.941156357
78,100141.01629613782
79,100165.35581613955
80,100165.31590069587
81,100155.48885998926
82,100161.73998494109
83,100147.81058566371
84,100182.37173763872
85,100192.96994517256
86,100193.00665901027
87,100193.25137650139
88,100193.01196050002
89,100193.26191706788
90,100193.03924377896
91,100192.99076298186
92,100192.80012188465
93,100192.9630834217
94,100192.78340421528
95,100193.19155009177
96,100193.0429910468
97,100192.82854390975
98,100192.52867506503
99,100185.25952728835
100,100196.58922798325
101,100171.77941661149
102,100163.52527742184
103,100163.52527742184
104,100163.52527742184
105,100163.52527742184
106,100163.52527742184
107,100163.52527742184
108,100163.52527742184
109,100163.52527742184
110,100163.52527742184
111,100163.52527742184
112,100163.52527742184
113,100163.52527742184
114,100163.52527742184
115,100163.52527742184
116,100163.52527742184
117,100163.52527742184
118,100163.52527742184
119,100163.52527742184
120,100163.52527742184
121,100163.52527742184
122,100163.52527742184
123,100163.52527742184
124,100163.52527742184
125,100163.52527742184
126,100163.52527742184
127,100163.52527742184
128,100163.52527742184
129,100163.52527742184
130,100163.52527742184
131,100163.52527742184
132,100163.52527742184
133,100163.52527742184
134,100163.52527742184
135,100163.52527742184
136,100163.52527742184
137,100163.52527742184
138,100163.52527742184
139,100163.52527742184
140,100163.52527742184
141,100163.52527742184
142,100163.52527742184
143,100163.52527742184
144,100163.52527742184
145,100163.52527742184
146,100163.52527742184
147,100163.52527742184
148,100163.52527742184
149,100163.52527742184
150,100163.52527742184
151,100163.52527742184
152,100163.52527742184
153,100163.52527742184
154,100163.52527742184
155,100163.52527742184
156,100163.52527742184
157,100163.52527742184
158,100163.52527742184
159,100163.52527742184
160,100163.52527742184
161,100163.52527742184
162,100163.52527742184
163,100163.52527742184
164,100163.52527742184
165,100163.52527742184
166,100163.52527742184
167,100163.52527742184
168,100163.52527742184
169,100163.52527742184
170,100163.52527742184
171,100163.52527742184
172,100163.52527742184
173,100163.52527742184
174,100163.52527742184
175,100163.52527742184
176,100163.52527742184
177,100163.52527742184
178,100163.52527742184
179,100163.52527742184
180,100163.52527742184
181,100163.52527742184
182,100163.52527742184
183,100163.52527742184
184,100163.52527742184
185,100163.52527742184
186,100163.52527742184
187,100163.52527742184
188,100163.52527742184
189,100163.52527742184
190,100163.52527742184
191,100163.52527742184
192,100163.52527742184
193,100163.52527742184
194,100163.52527742184
195,100163.52527742184
196,100163.52527742184
197,100147.31814048006
198,100149.48153588676
199,100158.09102123049
200,100164.0321914217
201,100163.27190413781
202,100178.16024855639
203,100162.87552480477
204,100166.48587065212
205,100185.28183749378
206,100216.13008145224
207,100233.30397648369
208,100240.04456118107
209,100242.32103350613
210,100247.28819759563
211,100252.6732416344
212,100253.71409722754
213,100246.51455807463
214,100254.86493640665
215,100265.36393510072
216,100268.09721572831
217,100268.57356355422
218,100273.24439085642
219,100273.24439085642
220,100273.24439085642
221,100273.24439085642
222,100273.24439085642
223,100273.24439085642
224,100273.24439085642
225,100273.24439085642
226,100273.24439085642
227,100273.24439085642
228,100273.24439085642
229,100273.24439085642
230,100273.24439085642
231,100273.24439085642
232,100273.24439085642
233,100273.24439085642
234,100273.24439085642
235,100273.24439085642
236,100273.24439085642
237,100273.24439085642
238,100273.24439085642
239,100273.24439085642
240,100273.24439085642
241,100273.24439085642
242,100273.24439085642
243,100273.24439085642
244,100264.56821615054
245,100237.3354155398
246,100239.30447934088
247,100246.02495137768
248,100230.71704859461
249,100191.75472867834
250,100164.63162250452
251,100124.35182521168
252,100076.73518984533
253,100047.68869769205
254,100025.13353557666
255,100025.13353557666
256,100025.13353557666
257,100025.13353557666
258,100025.13353557666
259,100025.13353557666
260,100025.13353557666
261,100025.13353557666
262,100025.13353557666
263,100025.13353557666
264,100025.13353557666
265,100025.13353557666
266,100025.13353557666
267,100025.13353557666
268,100025.13353557666
269,100025.13353557666
270,100025.13353557666
271,100025.13353557666
272,100025.13353557666
273,100025.13353557666
274,100025.13353557666
275,100025.13353557666
276,100025.13353557666
277,100025.13353557666
278,100025.13353557666
279,100025.13353557666
280,100025.13353557666
281,100025.13353557666
282,100025.13353557666
283,100025.13353557666
284,100025.13353557666
285,100025.13353557666
286,100025.13353557666
287,100025.13353557666
288,100025.13353557666
289,100025.13353557666
290,100025.13353557666
291,100025.13353557666
292,100025.13353557666
293,100025.13353557666
294,100025.13353557666
295,100025.13353557666
296,100025.13353557666
297,100025.13353557666
298,100025.13353557666
299,100025.13353557666
300,100025.13353557666
301,100025.13353557666
302,100025.13353557666
303,100025.13353557666
304,100025.13353557666
305,100025.13353557666
306,100025.13353557666
307,100025.13353557666
308,100025.13353557666
309,100025.13353557666
310,100025.13353557666
311,100025.13353557666
312,100025.13353557666
313,100025.13353557666
314,100025.13353557666
315,100025.13353557666
316,100025.13353557666
317,100025.13353557666
318,100025.13353557666
319,100025.13353557666
320,100025.13353557666
321,100025.13353557666
322,100025.13353557666
323,100025.13353557666
324,100025.13353557666
325,100025.13353557666
326,100025.13353557666
327,100025.13353557666
328,100025.13353557666
329,100025.13353557666
330,100025.13353557666
331,100025.13353557666
332,100025.13353557666
333,100025.13353557666
334,100025.13353557666
335,100025.13353557666
336,100025.13353557666
337,100025.13353557666
338,100025.13353557666
339,100025.13353557666
340,100025.13353557666
341,100025.13353557666
342,100025.13353557666
343,100025.13353557666
344,100025.13353557666
345,100025.13353557666
346,100025.13353557666
347,100025.13353557666
348,100025.13353557666
349,100025.13353557666
350,100025.13353557666
351,100025.13353557666
352,100025.13353557666
353,100025.13353557666
354,100025.13353557666
355,100025.13353557666
356,100025.13353557666
357,100025.13353557666
358,100024.0074847513
359,100029.82820395094
360,99992.9771394537
361,99981.82515997076
362,99997.7925226237
363,99993.77799614385
364,100035.01454726023
365,100083.5461555749
366,100092.37033012105
367,100113.18475948871
368,100128.82503331309
369,100109.83082827425
370,100084.09809202478
371,100032.27349924648
372,100096.01275365823
373,100066.705763202
374,100097.50479314238
375,100072.86748642336
376,100056.79835736046
377,100055.85536797323
378,100025.87194668276
379,100004.23760029711
380,99981.21482136857
381,99917.88090537228
382,99929.55953122448
383,99938.55060261104
384,99899.31061299145
385,99909.59418067608
386,99913.31629829571
387,99871.91408260498
388,99859.8725018253
389,99827.13006250453
390,99808.63151592687
391,99750.90024693735
392,99750.90024693735
393,99750.90024693735
394,99750.90024693735
395,99750.90024693735
396,99750.90024693735
397,99750.90024693735
398,99750.90024693735
399,99750.90024693735
400,99750.90024693735
401,99750.90024693735
402,99750.90024693735
403,99750.90024693735
404,99750.90024693735
405,99750.90024693735
406,99750.90024693735
407,99750.90024693735
408,99750.90024693735
409,99750.90024693735
410,99750.90024693735
411,99750.90024693735
412,99750.90024693735
413,99750.90024693735
414,99750.90024693735
415,99750.90024693735
416,99750.90024693735
417,99750.90024693735
418,99750.90024693735
419,99750.90024693735
420,99750.90024693735
421,99750.90024693735
422,99750.90024693735
423,99750.90024693735
424,99750.90024693735
425,99750.90024693735
426,99750.90024693735
427,99750.90024693735
428,99750.90024693735
429,99750.90024693735
430,99750.90024693735
431,99750.90024693735
432,99750.90024693735
433,99750.90024693735
434,99750.90024693735
435,99750.90024693735
436,99750.90024693735
437,99750.90024693735
438,99750.90024693735
439,99750.90024693735
440,99750.90024693735
441,99750.90024693735
442,99750.90024693735
443,99750.90024693735
444,99750.90024693735
445,99750.90024693735
446,99750.90024693735
447,99750.90024693735
448,99750.90024693735
449,99750.90024693735
450,99750.90024693735
451,99750.90024693735
452,99750.90024693735
453,99750.90024693735
454,99750.90024693735
455,99750.90024693735
456,99750.90024693735
457,99750.90024693735
458,99750.90024693735
459,99750.90024693735
460,99750.90024693735
461,99750.90024693735
462,99750.90024693735
463,99750.90024693735
464,99750.90024693735
465,99750.90024693735
466,99750.90024693735
467,99750.90024693735
468,99750.90024693735
469,99750.90024693735
470,99750.90024693735
471,99750.90024693735
472,99750.90024693735
473,99750.90024693735
474,99750.90024693735
475,99750.90024693735
476,99750.90024693735
477,99750.90024693735
478,99750.90024693735
479,99750.90024693735
480,99750.90024693735
481,99750.90024693735
482,99750.90024693735
483,99750.90024693735
484,99750.90024693735
485,99750.90024693735
486,99750.90024693735
487,99750.90024693735
488,99750.90024693735
489,99750.90024693735
490,99750.90024693735
491,99750.90024693735
492,99750.90024693735
493,99750.90024693735
494,99750.90024693735
495,99750.90024693735
496,99750.90024693735
497,99750.90024693735
498,99750.90024693735
499,99750.90024693735
500,99750.90024693735
501,99750.90024693735
502,99750.90024693735
503,99750.90024693735
504,99750.90024693735
505,99750.90024693735
506,99750.90024693735
507,99750.90024693735
508,99750.90024693735
509,99750.90024693735
510,99750.90024693735
511,99750.90024693735
512,99750.90024693735
513,99750.90024693735
514,99750.90024693735
515,99750.90024693735
516,99750.90024693735
517,99750.90024693735
518,99750.90024693735
519,99750.90024693735
520,99750.90024693735
521,99750.90024693735
522,99750.90024693735
523,99750.90024693735
524,99750.90024693735
525,99750.90024693735
526,99750.90024693735
527,99750.90024693735
528,99750.90024693735
529,99750.90024693735
530,99750.90024693735
531,99750.90024693735
532,99750.90024693735
533,99750.90024693735
534,99750.90024693735
535,99750.90024693735
536,99750.90024693735
537,99750.90024693735
538,99750.90024693735
539,99750.90024693735
540,99750.90024693735
541,99750.90024693735
542,99750.90024693735
543,99750.90024693735
544,99750.90024693735
545,99750.90024693735
546,99750.90024693735
547,99750.90024693735
548,99750.90024693735
549,99750.90024693735
550,99750.90024693735
551,99750.90024693735
552,99750.90024693735
553,99750.90024693735
554,99750.90024693735
555,99750.90024693735
556,99750.90024693735
557,99750.90024693735
558,99750.90024693735
559,99750.90024693735
560,99750.90024693735
561,99750.90024693735
562,99750.90024693735
563,99750.90024693735
564,99750.90024693735
565,99750.90024693735
566,99750.90024693735
567,99750.90024693735
568,99750.90024693735
569,99750.90024693735
570,99750.90024693735
571,99750.90024693735
572,99750.90024693735
573,99750.90024693735
574,99750.90024693735
575,99750.90024693735
576,99750.90024693735
577,99750.90024693735
578,99750.90024693735
579,99750.90024693735
580,99750.90024693735
581,99750.90024693735
582,99750.90024693735
583,99750.90024693735
584,99750.90024693735
585,99750.90024693735
586,99750.90024693735
587,99750.90024693735
588,99750.90024693735
589,99750.90024693735
590,99750.90024693735
591,99750.90024693735
592,99750.90024693735
593,99750.90024693735
594,99750.90024693735
595,99750.90024693735
596,99750.90024693735
597,99750.90024693735
598,99750.90024693735
599,99750.90024693735
600,99750.90024693735
601,99750.90024693735
602,99750.90024693735
603,99750.90024693735
604,99750.90024693735
605,99750.90024693735
606,99750.90024693735
607,99750.90024693735
608,99751.42963291469
609,99748.82259146236
610,99736.32196261703
611,99745.2899116388
612,99762.33357937654
613,99760.37837229997
614,99750.68184168798
615,99761.35690355526
616,99764.64314821252
617,99758.37781847967
618,99764.79978241998
619,99794.44747037148
620,99780.93201615776
621,99774.42875153848
622,99797.7451557939
623,99807.74448804276
624,99807.86649835903
625,99785.65363965552
626,99805.61148293404
627,99794.84691841126
628,99786.8159832066
629,99794.35230267719
630,99763.40544056443
631,99749.06590186496
632,99753.00233037546
633,99729.86401016149
634,99741.67217050496
635,99776.93529086429
636,99792.93404200111
637,99813.19055476914
638,99808.8408583281
639,99817.36221398166
640,99816.19924910652
641,99819.67995237774
642,99809.76681712676
643,99813.07154081987
644,99810.29404429345
645,99803.62687081168
646,99807.74285831093
647,99807.88437798854
648,99811.13278165394
649,99814.685589396
650,99813.75405196245
651,99811.28567795038
652,99816.41144718279
653,99818.3412034608
654,99797.06136871953
655,99799.23381812885
656,99786.01935429241
657,99786.01935429241
658,99786.01935429241
659,99786.01935429241
660,99786.01935429241
661,99786.01935429241
662,99786.01935429241
663,99786.01935429241
664,99786.01935429241
665,99786.01935429241
666,99786.01935429241
667,99786.01935429241
668,99786.01935429241
669,99786.01935429241
670,99786.01935429241
671,99786.01935429241
672,99786.01935429241
673,99786.01935429241
674,99786.01935429241
675,99786.01935429241
676,99786.01935429241
677,99786.01935429241
678,99786.01935429241
679,99786.01935429241
680,99786.01935429241
681,99786.01935429241
682,99786.01935429241
683,99786.01935429241
684,99786.01935429241
685,99786.01935429241
686,99786.01935429241
687,99786.01935429241
688,99786.01935429241
689,99786.01935429241
690,99786.01935429241
691,99786.01935429241
692,99786.01935429241
693,99786.01935429241
694,99786.01935429241
695,99786.01935429241
696,99786.01935429241
697,99786.01935429241
698,99786.01935429241
699,99786.01935429241
700,99786.01935429241
701,99786.01935429241
702,99786.01935429241
703,99786.01935429241
704,99786.01935429241
705,99786.01935429241
706,99786.01935429241
707,99786.01935429241
708,99786.01935429241
709,99786.01935429241
710,99786.01935429241
711,99786.01935429241
712,99786.01935429241
713,99786.01935429241
714,99786.01935429241
715,99786.01935429241
716,99786.01935429241
717,99786.01935429241
718,99786.01935429241
719,99786.01935429241
720,99786.01935429241
721,99786.01935429241
722,99786.01935429241
723,99786.01935429241
724,99786.01935429241
725,99786.01935429241
726,99786.01935429241
727,99786.01935429241
728,99786.01935429241
729,99786.01935429241
730,99786.01935429241
731,99786.01935429241
732,99786.01935429241
733,99786.01935429241
734,99786.01935429241
735,99786.01935429241
736,99786.01935429241
737,99786.01935429241
738,99786.01935429241
739,99786.01935429241
740,99786.01935429241
741,99786.01935429241
742,99786.01935429241
743,99786.01935429241
744,99786.01935429241
745,99786.01935429241
746,99786.01935429241
747,99786.01935429241
748,99786.01935429241
749,99786.01935429241
750,99786.01935429241
751,99786.01935429241
752,99786.01935429241
753,99786.01935429241
754,99786.01935429241
755,99786.01935429241
756,99786.01935429241
757,99786.01935429241
758,99786.01935429241
759,99786.01935429241
760,99786.01935429241
761,99786.01935429241
762,99786.01935429241
763,99786.01935429241
764,99786.01935429241
765,99786.01935429241
766,99786.01935429241
767,99786.01935429241
768,99786.01935429241
769,99786.01935429241
770,99786.01935429241
771,99786.01935429241
772,99786.01935429241
773,99786.01935429241
774,99786.01935429241
775,99786.01935429241
776,99786.01935429241
777,99786.01935429241
778,99786.01935429241
779,99786.01935429241
780,99786.01935429241
781,99786.01935429241
782,99786.01935429241
783,99786.01935429241
784,99786.01935429241
785,99786.01935429241
786,99786.01935429241
787,99786.01935429241
788,99786.01935429241
789,99786.01935429241
790,99786.01935429241
791,99786.01935429241
792,99786.01935429241
793,99786.01935429241
794,99786.01935429241
795,99786.01935429241
796,99786.01935429241
797,99786.01935429241
798,99786.01935429241
799,99786.01935429241
800,99786.01935429241
801,99786.01935429241
802,99786.01935429241
803,99786.01935429241
804,99786.01935429241
805,99786.01935429241
806,99786.01935429241
807,99786.01935429241
808,99786.01935429241
809,99786.01935429241
810,99786.01935429241
811,99786.01935429241
812,99786.01935429241
813,99786.01935429241
814,99786.01935429241
815,99786.01935429241
816,99786.01935429241
817,99786.01935429241
818,99786.01935429241
819,99786.01935429241
820,99786.01935429241
821,99786.01935429241
822,99786.01935429241
823,99786.01935429241
824,99786.01935429241
825,99770.3906323044
826,99760.34816222423
827,99761.24778977629
828,99801.94636298082
829,99806.08861004096
830,99786.7315752844
831,99753.28147715297
832,99783.19606546534
833,99862.07472367694
834,99899.72948458385
835,99933.63905261495
836,99908.10004977441
837,99902.82232899219
838,99904.84178305078
839,99911.86354333958
840,99914.37229721116
841,99915.79790737857
842,99903.91279211405
843,99898.01776246201
844,99909.31124251259
845,99888.36026606009
846,99905.07566005283
847,99907.10619309566
848,99919.22142402056
849,99920.53328672372
850,99920.53328672372
851,99920.53328672372
852,99920.53328672372
853,99920.53328672372
854,99920.53328672372
855,99920.53328672372
856,99920.53328672372
857,99920.53328672372
858,99920.53328672372
859,99920.53328672372
860,99920.53328672372
861,99920.53328672372
862,99920.53328672372
863,99920.53328672372
864,99920.53328672372
865,99920.53328672372
866,99920.53328672372
867,99920.53328672372
868,99920.53328672372
869,99920.53328672372
870,99920.53328672372
871,99920.53328672372
872,99920.53328672372
873,99920.53328672372
874,99920.53328672372
875,99920.53328672372
876,99920.53328672372
877,99920.53328672372
878,99920.53328672372
879,99920.53328672372
880,99920.53328672372
881,99920.53328672372
882,99920.53328672372
883,99920.53328672372
884,99920.53328672372
885,99920.53328672372
886,99920.53328672372
887,99920.53328672372
888,99920.53328672372
889,99920.53328672372
890,99920.53328672372
891,99920.53328672372
892,99920.53328672372
893,99920.53328672372
894,99920.53328672372
895,99920.53328672372
896,99920.53328672372
897,99920.53328672372
898,99920.53328672372
899,99920.53328672372
900,99920.53328672372
901,99920.53328672372
902,99920.53328672372
903,99920.53328672372
904,99920.53328672372
905,99918.79487400239
906,99912.2394903715
907,99909.44652663892
908,99908.50078562461
909,99897.88342502793
910,99894.44715478615
911,99887.45354375771
912,99888.77961240875
913,99861.7140609908
914,99814.49643652758
915,99857.16520193162
916,99934.7184335114
917,99957.58896879718
918,99898.98473801416
919,99954.01445189893
920,99893.00906078293
921,99904.06792984343
922,99885.16335500764
923,99935.10656184876
924,99980.76792081377
925,99938.33661518774
926,99971.45854539075
927,99959.98509436435
928,99910.49723895882
929,99873.80899455566
930,99881.4736705955
931,99873.44577484787
932,99830.51998758884
933,99873.27798068114
934,99824.16611226863
935,99857.12182585684
936,99853.09596327007
937,99828.93450614954
938,99802.54674471128
939,99850.0412822647
940,99832.24329794884
941,99814.38226485364
942,99810.08496207655
943,99842.38019123452
944,99794.36327558223
945,99792.58570849882
946,99764.52457676335
947,99675.97005659179
948,99633.21846966384
949,99622.99208698653
950,99622.99208698653
951,99622.99208698653
952,99622.99208698653
953,99622.99208698653
954,99622.99208698653
955,99622.99208698653
956,99622.99208698653
957,99622.99208698653
958,99622.99208698653
959,99622.99208698653
960,99622.99208698653
961,99622.99208698653
962,99622.99208698653
963,99622.99208698653
964,99622.99208698653
965,99622.99208698653
966,99622.99208698653
967,99622.99208698653
968,99622.99208698653
969,99622.99208698653
970,99622.99208698653
971,99622.99208698653
972,99622.99208698653
973,99622.99208698653
974,99622.99208698653
975,99622.99208698653
976,99622.99208698653
977,99622.99208698653
978,99622.99208698653
979,99622.99208698653
980,99622.99208698653
981,99622.99208698653
982,99622.99208698653
983,99622.99208698653
984,99622.99208698653
985,99622.99208698653
986,99622.99208698653
987,99622.99208698653
988,99622.99208698653
989,99622.99208698653
990,99622.99208698653
991,99622.99208698653
992,99622.99208698653
993,99622.99208698653
994,99622.99208698653
995,99622.99208698653
996,99622.99208698653
997,99622.99208698653
998,99622.99208698653
999,99622.99208698653
1000,99622.909139936
1001,99627.49592668976
1002,99622.37928280872
1003,99621.48694167877
1004,99627.96123953472
1005,99634.77069837849
1006,99630.39533929274
1007,99638.40064139417
1008,99648.8845727209
1009,99643.22801627516
1010,99656.74160630853
1011,99658.55271830662
1012,99667.90205188147
1013,99661.56457133766
1014,99656.12122492696
1015,99664.62934395242
1016,99670.19658220962
1017,99679.57867892987
1018,99673.62255789738
1019,99668.11520259627
1020,99665.58650359594
1021,99664.16386022957
1022,99664.03413470338
1023,99663.41308357521
1024,99658.53440557007
1025,99653.58754583888
1026,99682.70690983917
1027,99660.14854948614
1028,99655.95184536738
1029,99629.86111195199
1030,99655.59574132114
1031,99611.26711239389
1032,99567.83193311353
1033,99566.42463791103
1034,99588.98643862508
1035,99553.66086842307
1036,99556.34579586089
1037,99510.39189637438
1038,99467.07765898434
1039,99474.21455311643
1040,99404.71387818996
1041,99404.71387818996
1042,99404.71387818996
1043,99404.71387818996
1044,99404.71387818996
1045,99404.71387818996
1046,99404.71387818996
1047,99404.71387818996
1048,99404.71387818996
1049,99404.71387818996
1050,99404.71387818996
1051,99404.71387818996
1052,99404.71387818996
1053,99404.71387818996
1054,99404.71387818996
1055,99404.71387818996
1056,99404.71387818996
1057,99404.71387818996
1058,99404.71387818996
1059,99404.71387818996
1060,99404.71387818996
1061,99404.71387818996
1062,99404.71387818996
1063,99404.71387818996
1064,99404.71387818996
1065,99404.71387818996
1066,99404.71387818996
1067,99404.71387818996
1068,99404.71387818996
1069,99404.71387818996
1070,99404.71387818996
1071,99404.71387818996
1072,99404.71387818996
1073,99404.71387818996
1074,99404.71387818996
1075,99404.71387818996
1076,99404.71387818996
1077,99404.71387818996
1078,99404.71387818996
1079,99404.71387818996
1080,99404.71387818996
1081,99404.71387818996
1082,99404.71387818996
1083,99404.71387818996
1084,99404.71387818996
1085,99404.71387818996
1086,99404.71387818996
1087,99404.71387818996
1088,99404.71387818996
1089,99404.71387818996
1090,99404.71387818996
1091,99404.71387818996
1092,99404.71387818996
1093,99404.71387818996
1094,99404.71387818996
1095,99404.71387818996
1096,99404.71387818996
1097,99404.71387818996
1098,99404.71387818996
1099,99404.71387818996
1100,99404.71387818996
1101,99404.71387818996
1102,99404.71387818996
1103,99404.71387818996
1104,99404.71387818996
1105,99404.71387818996
1106,99404.71387818996
1107,99404.71387818996
1108,99404.71387818996
1109,99404.71387818996
1110,99404.71387818996
1111,99404.71387818996
1112,99404.71387818996
1113,99404.71387818996
1114,99404.71387818996
1115,99404.71387818996
1116,99404.71387818996
1117,99404.71387818996
1118,99404.71387818996
1119,99404.71387818996
1120,99404.71387818996
1121,99404.71387818996
1122,99404.71387818996
1123,99404.71387818996
1124,99404.71387818996
1125,99404.71387818996
1126,99404.71387818996
1127,99404.71387818996
1128,99404.71387818996
1129,99404.71387818996
1130,99404.71387818996
1131,99404.71387818996
1132,99404.71387818996
1133,99404.71387818996
1134,99404.71387818996
1135,99404.71387818996
1136,99404.71387818996
1137,99404.67941356187
1138,99400.01537712432
1139,99412.2653189109
1140,99404.72740593133
1141,99393.11796760712
1142,99386.04103659603
1143,99392.42546157388
1144,99395.74663228203
1145,99382.76293191446
1146,99337.14751855274
1147,99362.10661235562
1148,99366.26924612194
1149,99345.63487454962
1150,99320.07914868547
1151,99329.35752676158
1152,99413.76569890068
1153,99413.30675968197
1154,99548.59715092315
1155,99530.91729227145
1156,99575.83314094145
1157,99548.12882821044
1158,99532.65868128533
1159,99563.71802323512
1160,99607.76972935136
1161,99575.0566438117
1162,99625.36822051406
1163,99620.5208269984
1164,99604.75778694249
1165,99604.75778694249
1166,99604.75778694249
1167,99604.75778694249
1168,99604.75778694249
1169,99604.75778694249
1170,99604.75778694249
1171,99604.75778694249
1172,99604.75778694249
1173,99604.75778694249
1174,99604.75778694249
1175,99604.75778694249
1176,99604.75778694249
1177,99604.75778694249
1178,99604.75778694249
1179,99604.75778694249
1180,99604.75778694249
1181,99638.61828578629
1182,99645.92949150199
1183,99652.80566735409
1184,99664.04807240765
1185,99658.06392223823
1186,99655.13512400472
1187,99666.60331553407
1188,99648.22330716117
1189,99636.17350786187
1190,99651.36871216045
1191,99634.67719162609
1192,99647.67744207109
1193,99660.88524479963
1194,99699.97859518492
1195,99699.96170492357
1196,99699.83692992397
1197,99699.52898561308
1198,99699.015646183
1199,99698.96575571163
1200,99698.86690570695
1201,99699.1862912332
1202,99699.62125877979
1203,99699.70214414642
1204,99699.54648090576
1205,99699.66487817351
1206,99699.81120728883
1207,99699.79752127717
1208,99699.73665489793
1209,99699.66109242475
1210,99699.6960744785
1211,99699.66539147307
1212,99699.65361672574
1213,99699.83020405268
1214,99699.72390029834
1215,99699.60638161207
1216,99699.55927277863
1217,99699.69143514556
1218,99699.34039127723
1219,99699.37296546441
1220,99699.30745469664
1221,99699.46989009409
1222,99699.65663468328
1223,99699.6752987656
1224,99699.60142760066
1225,99699.61046721505
1226,99699.5217288122
1227,99699.65329672626
1228,99699.53470950694
1229,99699.35345955561
1230,99699.84408508627
1231,99700.05749614812
1232,99699.95192696605
1233,99699.75933580394
1234,99699.86640946861
1235,99699.87883955939
1236,99699.62183272424
1237,99699.13860378836
1238,99699.11458711009
1239,99699.30980809248
1240,99699.02902748108
1241,99698.96347753037
1242,99698.98354354336
1243,99699.16724845974
1244,99699.5089008885
1245,99699.66385308636
1246,99699.26914805414
1247,99699.22290352009
1248,99699.26651568494
1249,99699.34334074149
1250,99699.46849551397
1251,99699.72611954698
1252,99699.78179618971
1253,99699.8393204717
1254,99699.7792824493
1255,99699.7127175103
1256,99699.98462947638
1257,99699.87093737804
1258,99700.1486435252
1259,99674.49070569898
1260,99687.98152589888
1261,99691.09823852986
1262,99680.3439019679
1263,99722.8722427255
1264,99722.71052520194
1265,99698.5391708957
1266,99712.12722651538
1267,99712.05527776045
1268,99745.92854431472
1269,99736.80342087225
1270,99703.18448454117
1271,99696.27502885384
1272,99703.26111822738
1273,99670.36693434381
1274,99621.4347503948
1275,99652.45690490522
1276,99652.45690490522
1277,99652.45690490522
1278,99652.45690490522
1279,99652.45690490522
1280,99652.45690490522
1281,99652.45690490522
1282,99652.45690490522
1283,99652.45690490522
1284,99652.45690490522
1285,99652.45690490522
1286,99652.45690490522
1287,99652.45690490522
1288,99652.45690490522
1289,99652.45690490522
1290,99652.45690490522
1291,99652.45690490522
1292,99652.45690490522
1293,99652.45690490522
1294,99644.78590114643
1295,99676.13704924926
1296,99712.53108200533
1297,99738.86326521427
1298,99702.32463840183
1299,99711.28227491911
1300,99705.54800755734
1301,99680.59629017723
1302,99668.5834727688
1303,99698.22191575778
1304,99639.28383556586
1305,99605.77320402142
1306,99580.32780505106
1307,99536.01046850868
1308,99533.9537801127
1309,99542.70965725723
1310,99518.2798107958
1311,99518.2798107958
1312,99518.2798107958
1313,99518.2798107958
1314,99518.2798107958
1315,99518.2798107958
1316,99518.2798107958
1317,99518.2798107958
1318,99518.2798107958
1319,99518.2798107958
1320,99518.2798107958
1321,99518.2798107958
1322,99518.2798107958
1323,99518.2798107958
1324,99518.2798107958
1325,99518.2798107958
1326,99518.2798107958
1327,99518.2798107958
1328,99518.2798107958
1329,99518.2798107958
1330,99518.2798107958
1331,99518.2798107958
1332,99518.2798107958
1333,99518.2798107958
1334,99518.2798107958
1335,99518.2798107958
1336,99518.2798107958
1337,99518.2798107958
1338,99518.2798107958
1339,99518.2798107958
1340,99518.2798107958
1341,99518.2798107958
1342,99518.2798107958
1343,99518.2798107958
1344,99518.2798107958
1345,99518.2798107958
1346,99518.2798107958
1347,99518.2798107958
1348,99518.2798107958
1349,99518.2798107958
1350,99518.2798107958
1351,99518.2798107958
1352,99518.2798107958
1353,99518.2798107958
1354,99518.2798107958
1355,99518.2798107958
1356,99518.2798107958
1357,99518.2798107958
1358,99518.2798107958
1359,99518.2798107958
1360,99518.2798107958
1361,99518.2798107958
1362,99518.2798107958
1363,99518.2798107958
1364,99518.2798107958
1365,99518.2798107958
1366,99518.2798107958
1367,99518.2798107958
1368,99518.2798107958
1369,99518.2798107958
1370,99518.2798107958
1371,99518.2798107958
1372,99518.2798107958
1373,99518.2798107958
1374,99518.2798107958
1375,99518.2798107958
1376,99518.2798107958
1377,99518.2798107958
1378,99518.2798107958
1379,99518.2798107958
1380,99518.2798107958
1381,99518.2798107958
1382,99518.2798107958
1383,99518.2798107958
1384,99518.2798107958
1385,99518.2798107958
1386,99518.2798107958
1387,99518.2798107958
1388,99518.2798107958
1389,99518.2798107958
1390,99518.2798107958
1391,99518.2798107958
1392,99516.55577618846
1393,99515.54259596013
1394,99495.33687830652
1395,99543.83736317465
1396,99532.7441046289
1397,99545.29690960149
1398,99531.68353888078
1399,99557.92723370568
1400,99570.96249342094
1401,99590.39801096421
1402,99568.79950385168
1403,99590.62205014007
1404,99600.00936301227
1405,99589.94221876345
1406,99615.7828084201
1407,99617.82927477725
1408,99616.90773291152
1409,99616.85116511073
1410,99615.05697544561
1411,99614.30064355815
1412,99614.33909619326
1413,99613.20939859473
1414,99604.00378056472
1415,99570.52615172695
1416,99567.85749678084
1417,99567.85749678084
1418,99567.85749678084
1419,99567.85749678084
1420,99567.85749678084
1421,99567.85749678084
1422,99567.85749678084
1423,99567.85749678084
1424,99567.85749678084
1425,99567.85749678084
1426,99567.85749678084
1427,99567.85749678084
1428,99567.85749678084
1429,99567.85749678084
1430,99567.85749678084
1431,99567.85749678084
1432,99567.85749678084
1433,99567.85749678084
1434,99567.85749678084
1435,99567.85749678084
1436,99567.85749678084
1437,99567.85749678084
1438,99567.85749678084
1439,99567.85749678084
1440,99567.85749678084
1441,99567.85749678084
1442,99567.85749678084
1443,99567.85749678084
1444,99567.85749678084
1445,99567.85749678084
1446,99568.87304258838
1447,99595.59878607876
1448,99584.80635681667
1449,99570.14549246283
1450,99583.42013921966
1451,99568.37749625123
1452,99548.52296601154
1453,99531.51198128148
1454,99531.51198128148
1455,99531.51198128148
1456,99531.51198128148
1457,99531.51198128148
1458,99531.51198128148
1459,99531.51198128148
1460,99531.51198128148
1461,99531.51198128148
1462,99531.51198128148
1463,99531.51198128148
1464,99531.51198128148
1465,99531.51198128148
1466,99531.51198128148
1467,99531.51198128148
1468,99531.51198128148
1469,99531.51198128148
1470,99531.51198128148
1471,99531.51198128148
1472,99531.51198128148
1473,99531.51198128148
1474,99531.51198128148
1475,99531.51198128148
1476,99531.51198128148
1477,99531.51198128148
1478,99531.51198128148
1479,99531.51198128148
1480,99531.51198128148
1481,99531.51198128148
1482,99531.51198128148
1483,99531.51198128148
1484,99531.51198128148
1485,99531.51198128148
1486,99531.51198128148
1487,99531.51198128148
1488,99531.51198128148
1489,99531.51198128148
1490,99531.51198128148
1491,99531.51198128148
1492,99531.51198128148
1493,99531.51198128148
1494,99531.51198128148
1495,99531.51198128148
1496,99531.51198128148
1497,99531.51198128148
1498,99531.51198128148
1499,99531.51198128148
1500,99531.51198128148
1501,99531.51198128148
1502,99531.51198128148
1503,99531.51198128148
1504,99531.51198128148
1505,99531.51198128148
1506,99531.51198128148
1507,99531.51198128148
1508,99531.51198128148
1509,99531.51198128148
1510,99531.51198128148
1511,99531.51198128148
1512,99531.51198128148
1513,99531.51198128148
1514,99531.51198128148
1515,99531.51198128148
1516,99531.51198128148
1517,99531.51198128148
1518,99531.51198128148
1519,99531.51198128148
1520,99531.51198128148
1521,99531.51198128148
1522,99531.51198128148
1523,99531.51198128148
1524,99531.51198128148
1525,99531.51198128148
1526,99531.51198128148
1527,99531.51198128148
1528,99531.51198128148
1529,99531.51198128148
1530,99531.51198128148
1531,99531.51198128148
1532,99531.51198128148
1533,99531.51198128148
1534,99531.51198128148
1535,99531.51198128148
1536,99531.51198128148
1537,99531.51198128148
1538,99531.51198128148
1539,99531.51198128148
1540,99531.51198128148
1541,99531.51198128148
1542,99531.51198128148
1543,99531.51198128148
1544,99531.51198128148
1545,99531.51198128148
1546,99531.51198128148
1547,99531.51198128148
1548,99531.51198128148
1549,99531.51198128148
1550,99531.51198128148
1551,99531.51198128148
1552,99531.51198128148
1553,99531.51198128148
1554,99531.51198128148
1555,99531.51198128148
1556,99531.51198128148
1557,99531.51198128148
1558,99531.51198128148
1559,99531.51198128148
1560,99531.51198128148
1561,99531.51198128148
1562,99531.51198128148
1563,99531.51198128148
1564,99532.97992274268
1565,99531.15240099277
1566,99529.8253023108
1567,99542.10733395019
1568,99535.96712881078
1569,99528.70110157903
1570,99531.42785690389
1571,99532.8738299401
1572,99536.18791285064
1573,99529.91360692627
1574,99524.34557292562
1575,99515.35222067033
1576,99515.35222067033
1577,99515.35222067033
1578,99515.35222067033
1579,99515.35222067033
1580,99515.35222067033
1581,99515.35222067033
1582,99515.35222067033
1583,99515.35222067033
1584,99515.35222067033
1585,99515.35222067033
1586,99515.35222067033
1587,99515.35222067033
1588,99515.35222067033
1589,99515.35222067033
1590,99515.35222067033
1591,99515.35222067033
1592,99515.35222067033
1593,99515.35222067033
1594,99515.35222067033
1595,99515.35222067033
1596,99515.35222067033
1597,99515.35222067033
1598,99515.35222067033
1599,99515.35222067033
1600,99515.35222067033
1601,99515.35222067033
1602,99515.35222067033
1603,99515.35222067033
1604,99515.35222067033
1605,99515.35222067033
1606,99515.35222067033
1607,99515.35222067033
1608,99515.35222067033
1609,99515.35222067033
1610,99515.35222067033
1611,99515.35222067033
1612,99515.35222067033
1613,99515.35222067033
1614,99515.35222067033
1615,99515.35222067033
1616,99515.35222067033
1617,99515.35222067033
1618,99515.35222067033
1619,99515.35222067033
1620,99515.35222067033
1621,99515.35222067033
1622,99515.35222067033
1623,99515.35222067033
1624,99515.35222067033
1625,99515.35222067033
1626,99515.35222067033
1627,99515.35222067033
1628,99515.35222067033
1629,99515.35222067033
1630,99515.35222067033
1631,99515.35222067033
1632,99515.35222067033
1633,99515.35222067033
1634,99515.35222067033
1635,99515.35222067033
1636,99515.35222067033
1637,99515.35222067033
1638,99515.35222067033
1639,99515.35222067033
1640,99515.35222067033
1641,99515.35222067033
1642,99515.35222067033
1643,99515.35222067033
1644,99515.35222067033
1645,99515.35222067033
1646,99515.35222067033
1647,99515.35222067033
1648,99515.35222067033
1649,99515.35222067033
1650,99515.35222067033
1651,99515.35222067033
1652,99515.35222067033
1653,99515.35222067033
1654,99501.15131435415
1655,99506.5150860466
1656,99490.02077714818
1657,99489.94459461972
1658,99462.82876695375
1659,99456.73668143082
1660,99446.02322299012
1661,99453.3640885081
1662,99489.0500674398
1663,99471.45290037911
1664,99471.45290037911
1665,99471.45290037911
1666,99471.45290037911
1667,99471.45290037911
1668,99471.45290037911
1669,99471.45290037911
1670,99471.45290037911
1671,99471.45290037911
1672,99471.45290037911
1673,99471.45290037911
1674,99471.45290037911
1675,99471.45290037911
1676,99471.45290037911
1677,99471.45290037911
1678,99471.45290037911
1679,99471.45290037911
1680,99471.45290037911
1681,99471.45290037911
1682,99471.45290037911
1683,99471.45290037911
1684,99471.45290037911
1685,99471.45290037911
1686,99471.45290037911
1687,99471.45290037911
1688,99471.45290037911
1689,99471.45290037911
1690,99471.45290037911
1691,99471.45290037911
1692,99471.45290037911
1693,99471.45290037911
1694,99471.45290037911
1695,99471.45290037911
1696,99471.45290037911
1697,99471.45290037911
1698,99471.45290037911
1699,99471.45290037911
1700,99471.45290037911
1701,99471.45290037911
1702,99471.45290037911
1703,99471.45290037911
1704,99471.45290037911
1705,99471.45290037911
1706,99471.45290037911
1707,99471.45290037911
1708,99471.45290037911
1709,99471.45290037911
1710,99471.45290037911
1711,99471.45290037911
1712,99471.45290037911
1713,99471.45290037911
1714,99471.45290037911
1715,99471.45290037911
1716,99471.45290037911
1717,99471.45290037911
1718,99471.45290037911
1719,99471.45290037911
1720,99471.45290037911
1721,99471.45290037911
1722,99471.45290037911
1723,99471.45290037911
1724,99471.45290037911
1725,99471.45290037911
1726,99471.45290037911
1727,99471.45290037911
1728,99471.45290037911
1729,99471.45290037911
1730,99471.45290037911
1731,99471.45290037911
1732,99471.45290037911
1733,99471.45290037911
1734,99471.45290037911
1735,99471.45290037911
1736,99471.45290037911
1737,99471.45290037911
1738,99471.45290037911
1739,99471.45290037911
1740,99471.45290037911
1741,99471.45290037911
1742,99471.45290037911
1743,99471.45290037911
1744,99471.45290037911
1745,99471.45290037911
1746,99471.45290037911
1747,99471.45290037911
1748,99471.45290037911
1749,99471.45290037911
1750,99471.45290037911
1751,99471.45290037911
1752,99471.45290037911
1753,99471.45290037911
1754,99471.45290037911
1755,99471.45290037911
1756,99471.45290037911
1757,99471.45290037911
1758,99471.45290037911
1759,99471.45290037911
1760,99471.45290037911
1761,99471.45290037911
1762,99471.45290037911
1763,99471.45290037911
1764,99471.45290037911
1765,99471.45290037911
1766,99471.45290037911
1767,99471.75889045847
1768,99475.0561661555
1769,99488.7072465693
1770,99487.55813532688
1771,99497.74558137787
1772,99510.51064170667
1773,99482.29046543759
1774,99496.7532058773
1775,99482.10958713973
1776,99477.9818455486
1777,99488.57353037225
1778,99461.09182030258
1779,99446.1678698882
1780,99476.78609922715
1781,99445.03696813332
1782,99461.8685376087
1783,99462.0518393423
1784,99453.78148029873
1785,99460.6849764118
1786,99414.64744250767
1787,99414.62747998934
1788,99384.541765439
1789,99399.1781550673
1790,99398.51019648416
1791,99390.65985569128
1792,99399.47058924985
1793,99398.02017439567
1794,99417.44385942678
1795,99417.44385942678
1796,99417.44385942678
1797,99417.44385942678
1798,99417.44385942678
1799,99417.44385942678
1800,99417.44385942678
1801,99417.44385942678
1802,99417.44385942678
1803,99417.44385942678
1804,99417.44385942678
1805,99417.44385942678
1806,99417.44385942678
1807,99417.44385942678
1808,99417.44385942678
1809,99417.44385942678
1810,99417.44385942678
1811,99417.44385942678
1812,99417.44385942678
1813,99417.44385942678
1814,99417.44385942678
1815,99417.44385942678
1816,99412.0647888335
1817,99392.50909251382
1818,99368.67983502269
1819,99387.00956320025
1820,99363.3987496378
1821,99375.49440783446
1822,99353.6266100032
1823,99371.57717980444
1824,99342.74727647859
1825,99342.81126808804
1826,99304.32612354959
1827,99358.6935679477
1828,99347.09009953546
1829,99346.76828222547
1830,99352.24382836546
1831,99334.98386821183
1832,99337.89655710591
1833,99342.95749560781
1834,99378.7797877987
1835,99413.30938317023
1836,99386.26884059607
1837,99403.59594611186
1838,99385.76051470498
1839,99371.2592180051
1840,99302.93769644397
1841,99305.67113953932
1842,99315.43424097203
1843,99349.87331298226
1844,99368.57401217252
1845,99373.63500431555
1846,99388.1566999743
1847,99362.13710604912
1848,99363.27129206725
1849,99385.03748135307
1850,99414.71687181435
1851,99397.55998994333
1852,99407.76912255681
1853,99468.82573942335
1854,99425.37340292157
1855,99495.20010297513
1856,99516.18230299166
1857,99538.83990499211
1858,99551.84186624797
1859,99563.4503895722
1860,99588.91248198929
1861,99599.0404129781
1862,99585.2218212277
1863,99577.42918741224
1864,99588.58298176409
1865,99553.41265361305
1866,99563.04375638595
1867,99563.04375638595
1868,99563.04375638595
1869,99563.04375638595
1870,99563.04375638595
1871,99563.04375638595
1872,99563.04375638595
1873,99563.04375638595
1874,99563.04375638595
1875,99563.04375638595
1876,99563.04375638595
1877,99563.04375638595
1878,99563.04375638595
1879,99563.04375638595
1880,99563.04375638595
1881,99563.04375638595
1882,99563.04375638595
1883,99563.04375638595
1884,99563.04375638595
1885,99563.04375638595
1886,99563.04375638595
1887,99563.04375638595
1888,99563.04375638595
1889,99563.04375638595
1890,99563.04375638595
1891,99563.04375638595
1892,99563.04375638595
1893,99563.04375638595
1894,99563.04375638595
1895,99563.04375638595
1896,99563.04375638595
1897,99563.04375638595
1898,99563.04375638595
1899,99563.04375638595
1900,99563.04375638595
1901,99563.04375638595
1902,99563.04375638595
1903,99563.04375638595
1904,99563.04375638595
1905,99563.04375638595
1906,99563.04375638595
1907,99563.04375638595
1908,99563.04375638595
1909,99563.04375638595
1910,99563.04375638595
1911,99563.04375638595
1912,99563.04375638595
1913,99563.04375638595
1914,99563.04375638595
1915,99563.04375638595
1916,99563.04375638595
1917,99563.04375638595
1918,99563.04375638595
1919,99563.04375638595
1920,99563.04375638595
1921,99563.04375638595
1922,99563.04375638595
1923,99563.04375638595
1924,99554.43110532673
1925,99545.96887166589
1926,99545.96887166589
1927,99545.96887166589
1928,99545.96887166589
1929,99545.96887166589
1930,99545.96887166589
1931,99545.96887166589
1932,99545.96887166589
1933,99545.96887166589
1934,99545.96887166589
1935,99545.96887166589
1936,99545.96887166589
1937,99545.96887166589
1938,99545.96887166589
1939,99545.96887166589
1940,99545.96887166589
1941,99545.96887166589
1942,99545.96887166589
1943,99545.96887166589
1944,99545.96887166589
1945,99545.96887166589
1946,99545.96887166589
1947,99545.96887166589
1948,99545.96887166589
1949,99545.96887166589
1950,99545.96887166589
1951,99545.96887166589
1952,99545.96887166589
1953,99545.96887166589
1954,99545.96887166589
1955,99545.96887166589
1956,99545.96887166589
1957,99545.96887166589
1958,99545.96887166589
1959,99545.96887166589
1960,99545.96887166589
1961,99545.96887166589
1962,99545.96887166589
1963,99545.96887166589
1964,99545.96887166589
1965,99545.96887166589
1966,99545.96887166589
1967,99545.96887166589
1968,99545.96887166589
1969,99545.96887166589
1970,99545.96887166589
1971,99545.96887166589
1972,99545.96887166589
1973,99545.96887166589
1974,99545.96887166589
1975,99545.96887166589
1976,99545.96887166589
1977,99545.96887166589
1978,99545.96887166589
1979,99545.96887166589
1980,99545.96887166589
1981,99545.96887166589
1982,99545.96887166589
1983,99545.96887166589
1984,99545.96887166589
1985,99545.96887166589
1986,99545.96887166589
1987,99545.96887166589
1988,99545.96887166589
1989,99545.96887166589
1990,99545.96887166589
1991,99545.96887166589
1992,99545.96887166589
1993,99545.96887166589
1994,99545.96887166589
1995,99545.96887166589
1996,99545.96887166589
1997,99545.96887166589
1998,99545.96887166589
1999,99545.96887166589
2000,99545.96887166589
2001,99545.96887166589
2002,99545.96887166589
2003,99545.96887166589
2004,99545.96887166589
2005,99545.96887166589
2006,99545.96887166589
2007,99545.96887166589
2008,99545.96887166589
2009,99564.36364230522
2010,99549.50376843236
2011,99526.81866022726
2012,99511.32810611748
2013,99540.64420369267
2014,99529.32229216472
2015,99537.88205191151
2016,99533.7261089494
2017,99549.59764840531
2018,99521.58860942649
2019,99527.11623955377
2020,99522.12461087236
2021,99534.69815553697
2022,99561.02042863281
2023,99553.49618091065
2024,99512.75931467253
2025,99436.91870834613
2026,99417.11508397217
2027,99453.95592451468
2028,99493.76509827685
2029,99499.0370646897
2030,99498.7730946432
2031,99534.9641107474
2032,99517.5199763475
2033,99517.5199763475
2034,99517.5199763475
2035,99517.5199763475
2036,99517.5199763475
2037,99517.5199763475
2038,99517.5199763475
2039,99517.5199763475
2040,99517.5199763475
2041,99517.5199763475
2042,99517.5199763475
2043,99517.5199763475
2044,99517.5199763475
2045,99517.5199763475
2046,99517.5199763475
2047,99517.5199763475
2048,99517.5199763475
2049,99517.5199763475
2050,99517.5199763475
2051,99517.5199763475
2052,99517.5199763475
2053,99517.5199763475
2054,99517.5199763475
2055,99517.5199763475
2056,99517.5199763475
2057,99517.5199763475
2058,99517.5199763475
2059,99517.5199763475
2060,99517.5199763475
2061,99517.5199763475
2062,99517.5199763475
2063,99517.5199763475
2064,99517.5199763475
2065,99517.5199763475
2066,99517.5199763475
2067,99517.5199763475
2068,99517.5199763475
2069,99517.5199763475
2070,99517.5199763475
2071,99517.5199763475
2072,99517.5199763475
2073,99517.5199763475
2074,99517.5199763475
2075,99517.5199763475
2076,99517.5199763475
2077,99517.5199763475
2078,99517.5199763475
2079,99517.5199763475
2080,99517.5199763475
2081,99517.5199763475
2082,99517.5199763475
2083,99517.5199763475
2084,99517.5199763475
2085,99517.5199763475
2086,99517.5199763475
2087,99517.5199763475
2088,99517.5199763475
2089,99517.5199763475
2090,99517.5199763475
2091,99517.5199763475
2092,99517.5199763475
2093,99517.5199763475
2094,99517.5199763475
2095,99517.5199763475
2096,99517.5199763475
2097,99517.5199763475
2098,99517.5199763475
2099,99517.5199763475
2100,99517.5199763475
2101,99517.5199763475
2102,99517.5199763475
2103,99517.5199763475
2104,99517.5199763475
2105,99517.5199763475
2106,99517.5199763475
2107,99517.5199763475
2108,99517.5199763475
2109,99517.5199763475
2110,99517.5199763475
2111,99517.5199763475
2112,99517.5199763475
2113,99517.5199763475
2114,99517.5199763475
2115,99517.5199763475
2116,99517.5199763475
2117,99517.5199763475
2118,99517.5199763475
2119,99517.5199763475
2120,99517.5199763475
2121,99517.5199763475
2122,99517.5199763475
2123,99517.5199763475
2124,99517.5199763475
2125,99517.5199763475
2126,99517.5199763475
2127,99517.5199763475
2128,99517.5199763475
2129,99517.5199763475
2130,99517.5199763475
2131,99517.5199763475
2132,99517.5199763475
2133,99517.5199763475
2134,99517.5199763475
2135,99517.5199763475
2136,99517.5199763475
2137,99517.5199763475
2138,99517.5199763475
2139,99517.5199763475
2140,99517.5199763475
2141,99517.5199763475
2142,99517.5199763475
2143,99517.5199763475
2144,99517.5199763475
2145,99517.5199763475
2146,99517.5199763475
2147,99517.5199763475
2148,99517.5199763475
2149,99517.5199763475
2150,99517.5199763475
2151,99517.5199763475
2152,99517.5199763475
2153,99517.5199763475
2154,99517.5199763475
2155,99517.6186109426
2156,99515.35877829093
2157,99503.00598490301
2158,99518.65622295512
2159,99520.48259766655
2160,99512.50375457076
2161,99516.46193503308
2162,99522.5494758034
2163,99528.20930086545
2164,99546.43642390492
2165,99536.43272254565
2166,99530.59120920778
2167,99487.91795298792
2168,99482.18165584939
2169,99482.18165584939
2170,99482.18165584939
2171,99482.18165584939
2172,99482.18165584939
2173,99482.18165584939
2174,99482.18165584939
2175,99482.18165584939
2176,99482.18165584939
2177,99482.18165584939
2178,99482.18165584939
2179,99482.18165584939
2180,99482.18165584939
2181,99482.18165584939
2182,99482.18165584939
2183,99482.18165584939
2184,99482.18165584939
2185,99482.18165584939
2186,99482.18165584939
2187,99482.18165584939
2188,99482.18165584939
2189,99482.18165584939
2190,99482.18165584939
2191,99482.18165584939
2192,99482.18165584939
2193,99482.18165584939
2194,99482.18165584939
2195,99482.18165584939
2196,99482.18165584939
2197,99482.18165584939
2198,99482.18165584939
2199,99482.18165584939
2200,99482.18165584939
2201,99482.18165584939
2202,99482.18165584939
2203,99482.18165584939
2204,99482.18165584939
2205,99482.18165584939
2206,99482.18165584939
2207,99482.18165584939
2208,99482.18165584939
2209,99482.18165584939
2210,99482.18165584939
2211,99482.18165584939
2212,99482.18165584939
2213,99482.18165584939
2214,99482.18165584939
2215,99482.18165584939
2216,99482.18165584939
2217,99482.18165584939
2218,99482.18165584939
2219,99482.18165584939
2220,99482.18165584939
2221,99482.18165584939
2222,99482.18165584939
2223,99482.18165584939
2224,99482.18165584939
2225,99482.18165584939
2226,99478.25461576966
2227,99473.67400002749
2228,99481.63114044446
2229,99472.09683226269
2230,99475.12078208235
2231,99493.85833565658
2232,99484.66338544735
2233,99471.88375090342
2234,99473.9810073424
2235,99488.91078274863
2236,99484.8718689364
2237,99491.39091426806
2238,99505.4202178855
2239,99509.72543545821
2240,99525.6286229053
2241,99538.83902248219
2242,99547.56956131876
2243,99554.32063997128
2244,99546.26490411989
2245,99535.34296982885
2246,99530.14492890128
2247,99545.25677991574
2248,99543.59069097911
2249,99541.67757283231
2250,99546.48205250979
2251,99554.19249436585
2252,99542.81104697351
2253,99543.35779136645
2254,99553.06057967819
2255,99552.71112993747
2256,99549.405421872
2257,99537.905568452
2258,99545.98045508258
2259,99542.12175249244
2260,99541.3040400889
2261,99574.87534735781
2262,99579.45262077132
2263,99574.35162282098
2264,99577.18626142263
2265,99575.43002389502
2266,99563.06336300282
2267,99541.6795438446
2268,99499.93172721931
2269,99451.89180303378
2270,99434.43225928761
2271,99400.2273952972
2272,99380.88653040149
2273,99411.56773040663
2274,99426.29019878202
2275,99428.14682079408
2276,99443.01154471701
2277,99442.08273175704
2278,99442.08273175704
2279,99442.08273175704
2280,99442.08273175704
2281,99442.08273175704
2282,99442.08273175704
2283,99442.08273175704
2284,99442.08273175704
2285,99442.08273175704
2286,99442.08273175704
2287,99442.08273175704
2288,99442.08273175704
2289,99442.08273175704
2290,99442.08273175704
2291,99442.08273175704
2292,99442.08273175704
2293,99442.08273175704
2294,99442.08273175704
2295,99442.08273175704
2296,99442.08273175704
2297,99442.08273175704
2298,99442.08273175704
2299,99442.08273175704
2300,99442.08273175704
2301,99442.08273175704
2302,99442.08273175704
2303,99442.08273175704
2304,99442.08273175704
2305,99442.08273175704
2306,99442.08273175704
2307,99442.08273175704
2308,99442.08273175704
2309,99442.08273175704
2310,99442.08273175704
2311,99442.08273175704
2312,99442.08273175704
2313,99442.08273175704
2314,99442.08273175704
2315,99442.08273175704
2316,99442.08273175704
2317,99442.08273175704
2318,99442.08273175704
2319,99442.08273175704
2320,99442.08273175704
2321,99442.08273175704
2322,99442.08273175704
2323,99442.08273175704
2324,99442.08273175704
2325,99442.08273175704
2326,99442.08273175704
2327,99442.08273175704
2328,99442.08273175704
2329,99442.08273175704
2330,99442.08273175704
2331,99442.08273175704
2332,99442.08273175704
2333,99442.08273175704
2334,99442.08273175704
2335,99442.08273175704
2336,99442.08273175704
2337,99442.08273175704
2338,99442.08273175704
2339,99442.08273175704
2340,99442.08273175704
2341,99442.08273175704
2342,99442.08273175704
2343,99442.08273175704
2344,99442.08273175704
2345,99442.08273175704
2346,99442.08273175704
2347,99442.08273175704
2348,99442.08273175704
2349,99442.08273175704
2350,99442.08273175704
2351,99442.08273175704
2352,99442.08273175704
2353,99442.08273175704
2354,99442.08273175704
2355,99442.08273175704
2356,99442.08273175704
2357,99442.08273175704
2358,99442.08273175704
2359,99442.08273175704
2360,99442.08273175704
2361,99442.08273175704
2362,99442.08273175704
2363,99447.12836450618
2364,99447.35042740032
2365,99457.28573422205
2366,99462.15931739064
2367,99459.16734261153
2368,99466.11238286295
2369,99480.30044864611
2370,99472.7747765765
2371,99463.94561961791
2372,99472.02295925713
2373,99472.84613814391
2374,99464.69768666227
2375,99471.38941022872
2376,99483.8113728748
2377,99485.05941412879
2378,99478.90114003535
2379,99476.6496341136
2380,99469.84262356942
2381,99457.82766552364
2382,99454.88543476838
2383,99423.3963200646
2384,99392.70460034237
2385,99437.52647702141
2386,99418.72226413981
2387,99398.35073546147
2388,99407.80557712725
2389,99422.57896245595
2390,99418.74849441464
2391,99403.11358894917
2392,99412.48282953106
2393,99428.64378585035
2394,99400.48715796552
2395,99357.02215881912
2396,99334.75061067744
2397,99377.043444187
2398,99377.043444187
2399,99377.043444187
2400,99377.043444187
2401,99377.043444187
2402,99377.043444187
2403,99377.043444187
2404,99377.043444187
2405,99377.043444187
2406,99377.043444187
2407,99377.043444187
2408,99377.043444187
2409,99377.043444187
2410,99377.043444187
2411,99377.043444187
2412,99377.043444187
2413,99377.043444187
2414,99377.043444187
2415,99377.043444187
2416,99377.043444187
2417,99377.043444187
2418,99377.043444187
2419,99377.043444187
2420,99377.043444187
2421,99377.043444187
2422,99377.043444187
2423,99377.043444187
2424,99377.043444187
2425,99377.043444187
2426,99377.043444187
2427,99377.043444187
2428,99377.043444187
2429,99377.043444187
2430,99377.043444187
2431,99377.043444187
2432,99377.043444187
2433,99377.043444187
2434,99377.043444187
2435,99377.043444187
2436,99377.043444187
2437,99377.043444187
2438,99377.043444187
2439,99365.58898770215
2440,99378.4997918045
2441,99370.31865327229
2442,99381.7311472079
2443,99365.52799767222
2444,99389.56538046549
2445,99400.08040341653
2446,99403.34570871956
2447,99432.51689153677
2448,99443.57134941626
2449,99462.88673146947
2450,99446.78153428862
2451,99426.02889331954
2452,99427.62699198279
2453,99432.44550173037
2454,99444.66658868361
2455,99435.67567904043
2456,99440.4749994889
2457,99437.39611671597
2458,99426.27805017556
2459,99418.37557669177
2460,99417.8339543155
2461,99417.31530398242
2462,99417.2192759635
2463,99416.74183688172
2464,99411.55084119758
2465,99411.71713396345
2466,99411.57271385875
2467,99421.46454839992
2468,99428.26240271596
2469,99420.38693053788
2470,99405.03269140986
2471,99418.24681624133
2472,99417.07687990449
2473,99416.741684561
2474,99414.76997588335
2475,99423.77575152564
2476,99429.21624113231
2477,99428.91416594136
2478,99424.95617470103
2479,99431.71817446448
2480,99427.87014563096
2481,99433.89748533367
2482,99448.73226911547
2483,99451.6155912276
2484,99459.68591129952
2485,99454.77032201213
2486,99472.48528084607
2487,99470.41277820745
2488,99482.03756079613
2489,99477.46449045051
2490,99477.46449045051
2491,99477.46449045051
2492,99477.46449045051
2493,99477.46449045051
2494,99477.46449045051
2495,99477.46449045051
2496,99477.46449045051
2497,99477.46449045051
2498,99477.46449045051
2499,99477.46449045051
2500,99477.46449045051
2501,99477.46449045051
2502,99477.46449045051
2503,99477.46449045051
2504,99477.46449045051
2505,99477.46449045051
2506,99477.46449045051
2507,99477.46449045051
2508,99477.46449045051
2509,99477.46449045051
2510,99477.46449045051
2511,99477.46449045051
2512,99477.46449045051
2513,99477.46449045051
2514,99477.46449045051
2515,99477.46449045051
2516,99477.46449045051
2517,99477.46449045051
2518,99477.46449045051
2519,99477.46449045051
2520,99477.46449045051
2521,99477.46449045051
2522,99477.46449045051
2523,99477.46449045051
2524,99477.46449045051
2525,99477.46449045051
2526,99477.46449045051
2527,99477.46449045051
2528,99477.46449045051
2529,99477.46449045051
2530,99477.46449045051
2531,99491.26623794323
2532,99512.62107431174
2533,99489.87231536722
2534,99485.0144576563
2535,99498.549148787
2536,99481.46637158774
2537,99528.05024843676
2538,99577.16830012565
2539,99577.35836402224
2540,99577.12286274356
2541,99577.27443298962
2542,99578.02516365383
2543,99578.34666669296
2544,99578.0782104089
2545,99578.14518125098
2546,99577.78068174238
2547,99577.99000672126
2548,99578.03893162897
2549,99578.42868410087
2550,99578.45499811895
2551,99578.45382133915
2552,99578.18682735099
2553,99578.29562163645
2554,99577.79111838758
2555,99578.10030108174
2556,99578.16842252765
2557,99577.31812368067
2558,99577.86966174075
2559,99577.19992746299
2560,99577.14709010547
2561,99576.80072699915
2562,99576.62137380692
2563,99576.62352491684
2564,99550.80166671424
2565,99558.82127074871
2566,99563.67155613564
2567,99590.42410136266
2568,99606.96092382638
2569,99606.87208514697
2570,99614.1739720536
2571,99610.34295960859
2572,99606.74245833658
2573,99591.1731558622
2574,99604.44218731874
2575,99616.66323952295
2576,99635.97295105745
2577,99638.45075520167
2578,99650.04078992263
2579,99654.0330849126
2580,99649.23420928852
2581,99625.63692134396
2582,99649.91901830901
2583,99670.7731513193
2584,99694.4220315876
2585,99682.19883732314
2586,99676.86504597781
2587,99676.8285318463
2588,99697.28941735615
2589,99712.83982012788
2590,99717.53149118942
2591,99710.84689629184
2592,99729.43863476817
2593,99726.1914550807
2594,99704.09268817508
2595,99686.17009500829
2596,99686.17009500829
2597,99686.17009500829
2598,99686.17009500829
2599,99686.17009500829
2600,99686.17009500829
2601,99686.17009500829
2602,99686.17009500829
2603,99686.17009500829
2604,99686.17009500829
2605,99686.17009500829
2606,99686.17009500829
2607,99686.17009500829
2608,99686.17009500829
2609,99686.17009500829
2610,99686.17009500829
2611,99686.17009500829
2612,99686.17009500829
2613,99686.17009500829
2614,99686.17009500829
2615,99686.17009500829
2616,99686.17009500829
2617,99686.17009500829
2618,99686.17009500829
2619,99686.17009500829
2620,99686.17009500829
2621,99686.17009500829
2622,99686.17009500829
2623,99686.17009500829
2624,99686.17009500829
2625,99686.17009500829
2626,99686.17009500829
2627,99686.17009500829
2628,99686.17009500829
2629,99686.17009500829
2630,99686.17009500829
2631,99686.17009500829
2632,99686.06509497456
2633,99685.8275310831
2634,99677.9909932827
2635,99690.8859356412
2636,99695.68587449282
2637,99681.82339307026
2638,99658.61338837231
2639,99650.28752032151
2640,99660.04183477694
2641,99601.0853017829
2642,99644.64057198343
2643,99613.7300366388
2644,99613.95019282933
2645,99613.95019282933
2646,99613.95019282933
2647,99613.95019282933
2648,99613.95019282933
2649,99613.95019282933
2650,99613.95019282933
2651,99613.95019282933
2652,99613.95019282933
2653,99613.95019282933
2654,99613.95019282933
2655,99613.95019282933
2656,99613.95019282933
2657,99613.95019282933
2658,99613.95019282933
2659,99613.95019282933
2660,99613.95019282933
2661,99613.95019282933
2662,99613.95019282933
2663,99613.95019282933
2664,99613.95019282933
2665,99613.95019282933
2666,99613.95019282933
2667,99613.95019282933
2668,99613.95019282933
2669,99613.95019282933
2670,99613.95019282933
2671,99613.95019282933
2672,99613.95019282933
2673,99613.95019282933
2674,99613.95019282933
2675,99613.95019282933
2676,99613.95019282933
2677,99613.95019282933
2678,99613.95019282933
2679,99613.95019282933
2680,99613.95019282933
2681,99613.95019282933
2682,99613.95019282933
2683,99613.95019282933
2684,99613.95019282933
2685,99613.95019282933
2686,99613.95019282933
2687,99613.95019282933
2688,99613.95019282933
2689,99613.95019282933
2690,99613.95019282933
2691,99613.95019282933
2692,99613.95019282933
2693,99613.95019282933
2694,99613.95019282933
2695,99613.95019282933
2696,99613.95019282933
2697,99613.95019282933
2698,99613.95019282933
2699,99613.95019282933
2700,99613.95019282933
2701,99613.95019282933
2702,99613.95019282933
2703,99613.95019282933
2704,99613.95019282933
2705,99613.95019282933
2706,99613.95019282933
2707,99613.95019282933
2708,99613.95019282933
2709,99613.95019282933
2710,99613.95019282933
2711,99613.95019282933
2712,99613.95019282933
2713,99613.95019282933
2714,99613.95019282933
2715,99613.95019282933
2716,99613.95019282933
2717,99613.95019282933
2718,99613.95019282933
2719,99613.95019282933
2720,99613.95019282933
2721,99613.95019282933
2722,99613.95019282933
2723,99613.95019282933
2724,99613.95019282933
2725,99613.95019282933
2726,99613.95019282933
2727,99613.95019282933
2728,99613.95019282933
2729,99613.95019282933
2730,99613.95019282933
2731,99613.95019282933
2732,99613.95019282933
2733,99613.95019282933
2734,99613.95019282933
2735,99613.95019282933
2736,99613.95019282933
2737,99604.68445864042
2738,99579.75400769313
2739,99555.11932101422
2740,99518.06373937585
2741,99566.35538393207
2742,99549.49532405127
2743,99562.64699328541
2744,99533.205879043
2745,99514.65505181954
2746,99573.43545236604
2747,99560.80722820805
2748,99510.9082586504
2749,99478.27064859723
2750,99506.00650745837
2751,99489.26201442034
2752,99481.20231836957
2753,99462.31296012222
2754,99462.31296012222
2755,99462.31296012222
2756,99462.31296012222
2757,99462.31296012222
2758,99462.31296012222
2759,99462.31296012222
2760,99462.31296012222
2761,99462.31296012222
2762,99462.31296012222
2763,99462.31296012222
2764,99462.31296012222
2765,99462.31296012222
2766,99462.31296012222
2767,99462.31296012222
2768,99462.31296012222
2769,99462.31296012222
2770,99462.31296012222
2771,99462.31296012222
2772,99462.31296012222
2773,99462.31296012222
2774,99462.31296012222
2775,99462.31296012222
2776,99462.31296012222
2777,99462.31296012222
2778,99462.31296012222
2779,99462.31296012222
2780,99462.31296012222
2781,99462.31296012222
2782,99462.31296012222
2783,99462.31296012222
2784,99462.31296012222
2785,99462.31296012222
2786,99462.31296012222
2787,99462.31296012222
2788,99462.31296012222
2789,99462.31296012222
2790,99462.31296012222
2791,99462.31296012222
2792,99462.31296012222
2793,99462.31296012222
2794,99462.31296012222
2795,99462.31296012222
2796,99462.31296012222
2797,99462.31296012222
2798,99462.31296012222
2799,99462.31296012222
2800,99462.31296012222
2801,99462.31296012222
2802,99462.31296012222
2803,99462.31296012222
2804,99472.7208846853
2805,99470.82351130614
2806,99467.98428817787
2807,99472.61554279641
2808,99470.11067525498
2809,99452.94117545671
2810,99442.2540541974
2811,99446.02696709658
2812,99426.32339472744
2813,99417.95700923492
2814,99461.65760373982
2815,99469.85376803523
2816,99476.84111704201
2817,99519.88852344669
2818,99528.05990006997
2819,99542.92659125794
2820,99569.39227990333
2821,99552.23942449183
2822,99539.87182318182
2823,99523.33967473746
2824,99528.85970282115
2825,99514.03038722
2826,99564.01417410445
2827,99567.61825427668
2828,99550.08623932944
2829,99578.80909567491
2830,99550.78068770458
2831,99551.72665197571
2832,99549.61940970512
2833,99581.78066060253
2834,99614.79812552688
2835,99611.6092539331
2836,99608.59673154411
2837,99608.01376389748
2838,99610.18471561905
2839,99609.12684702693
2840,99610.82022039188
2841,99616.23590179256
2842,99616.23590179256
2843,99616.23590179256
2844,99616.23590179256
2845,99616.23590179256
2846,99616.23590179256
2847,99616.23590179256
2848,99616.23590179256
2849,99616.23590179256
2850,99616.23590179256
2851,99616.23590179256
2852,99616.23590179256
2853,99616.23590179256
2854,99616.23590179256
2855,99616.23590179256
2856,99616.23590179256
2857,99616.23590179256
2858,99616.23590179256
2859,99616.23590179256
2860,99616.23590179256
2861,99616.23590179256
2862,99616.23590179256
2863,99616.23590179256
2864,99616.23590179256
2865,99616.23590179256
2866,99616.23590179256
2867,99616.23590179256
2868,99616.23590179256
2869,99616.23590179256
2870,99616.23590179256
2871,99616.23590179256
2872,99616.23590179256
2873,99616.23590179256
2874,99616.23590179256
2875,99616.23590179256
2876,99616.23590179256
2877,99616.23590179256
2878,99616.23590179256
2879,99616.23590179256
2880,99616.23590179256
2881,99616.23590179256
2882,99616.23590179256
2883,99616.23590179256
2884,99616.23590179256
2885,99616.23590179256
2886,99616.23590179256
2887,99616.23590179256
2888,99616.23590179256
2889,99616.23590179256
2890,99616.23590179256
2891,99616.23590179256
2892,99616.23590179256
2893,99616.23590179256
2894,99616.23590179256
2895,99616.23590179256
2896,99616.23590179256
2897,99616.23590179256
2898,99616.23590179256
2899,99616.23590179256
2900,99616.23590179256
2901,99616.23590179256
2902,99616.23590179256
2903,99616.23590179256
2904,99616.23590179256
2905,99616.23590179256
2906,99616.23590179256
2907,99616.23590179256
2908,99616.23590179256
2909,99616.23590179256
2910,99616.23590179256
2911,99616.23590179256
2912,99616.23590179256
2913,99616.23590179256
2914,99616.23590179256
2915,99616.23590179256
2916,99616.23590179256
2917,99616.23590179256
2918,99616.23590179256
2919,99616.23590179256
2920,99616.23590179256
2921,99616.23590179256
2922,99616.23590179256
2923,99616.23590179256
2924,99616.23590179256
2925,99616.23590179256
2926,99616.23590179256
2927,99616.23590179256
2928,99616.23590179256
2929,99616.23590179256
2930,99616.23590179256
2931,99616.23590179256
2932,99616.23590179256
2933,99616.23590179256
2934,99616.23590179256
2935,99616.23590179256
2936,99616.23590179256
2937,99616.23590179256
2938,99616.23590179256
2939,99616.23590179256
2940,99616.23590179256
2941,99616.23590179256
2942,99616.23590179256
2943,99616.50727745409
2944,99616.24544471614
2945,99608.73537764658
2946,99614.09643667472
2947,99609.0135436172
2948,99606.0096865942
2949,99619.82059692529
2950,99636.19293651557
2951,99633.44573133683
2952,99626.55387536857
2953,99626.55387536857
2954,99626.55387536857
2955,99626.55387536857
2956,99626.55387536857
2957,99626.55387536857
2958,99626.55387536857
2959,99626.55387536857
2960,99626.55387536857
2961,99626.55387536857
2962,99626.55387536857
2963,99626.55387536857
2964,99626.55387536857
2965,99626.55387536857
2966,99626.55387536857
2967,99626.55387536857
2968,99626.55387536857
2969,99626.55387536857
2970,99626.55387536857
2971,99626.55387536857
2972,99626.55387536857
2973,99626.55387536857
2974,99626.55387536857
2975,99626.55387536857
2976,99626.55387536857
2977,99626.55387536857
2978,99626.55387536857
2979,99626.55387536857
2980,99626.55387536857
2981,99626.55387536857
2982,99626.55387536857
2983,99626.55387536857
2984,99626.55387536857
2985,99626.55387536857
2986,99626.55387536857
2987,99626.55387536857
2988,99626.55387536857
2989,99626.55387536857
2990,99626.55387536857
2991,99626.55387536857
2992,99626.55387536857
2993,99626.55387536857
2994,99626.55387536857
2995,99626.55387536857
2996,99626.55387536857
2997,99626.55387536857
2998,99626.55387536857
2999,99626.55387536857
3000,99626.55387536857
3001,99626.55387536857
3002,99626.55387536857
3003,99626.55387536857
3004,99626.55387536857
3005,99626.55387536857
3006,99620.77799436543
3007,99611.02008855199
3008,99617.69763275157
3009,99622.12713691308
3010,99624.34988985487
3011,99621.48050877788
3012,99617.42117627585
3013,99620.86975990432
3014,99620.48638356621
3015,99629.99493390734
3016,99630.49146258287
3017,99618.47128493503
3018,99613.23389219117
3019,99598.92617151212
3020,99590.37716289332
3021,99539.84331878918
3022,99580.7471695748
3023,99615.3005226358
3024,99660.94162457198
3025,99662.15560676534
3026,99657.7853061425
3027,99638.6518098217
3028,99608.84645772487
3029,99612.80997035255
3030,99638.21567595656
3031,99595.62903399339
3032,99578.18223030795
3033,99562.0446596606
3034,99596.72205874538
3035,99566.57534030662
3036,99625.24372504294
3037,99655.20932333969
3038,99628.66328006484
3039,99634.7615646939
3040,99662.96651895775
3041,99668.24664361472
3042,99589.58143277364
3043,99596.38916068827
3044,99521.0155048974
3045,99573.5682982723
3046,99571.07056411257
3047,99527.29568410883
3048,99525.03699619962
3049,99592.77774730805
3050,99599.31913423394
3051,99567.52468595478
3052,99584.24236022239
3053,99544.67993012597
3054,99491.50362966579
3055,99504.39585342885
3056,99481.01987748373
3057,99502.19153127974
3058,99502.67987853996
3059,99476.7195499074
3060,99450.73152493754
3061,99457.33159899976
3062,99459.20869251213
3063,99432.83380369184
3064,99409.94888165798
3065,99409.94888165798
3066,99409.94888165798
3067,99409.94888165798
3068,99409.94888165798
3069,99409.94888165798
3070,99409.94888165798
3071,99409.94888165798
3072,99409.94888165798
3073,99409.94888165798
3074,99409.94888165798
3075,99409.94888165798
3076,99409.94888165798
3077,99409.94888165798
3078,99409.94888165798
3079,99409.94888165798
3080,99409.94888165798
3081,99409.94888165798
3082,99409.94888165798
3083,99409.94888165798
3084,99409.94888165798
3085,99409.94888165798
3086,99409.94888165798
3087,99409.94888165798
3088,99409.94888165798
3089,99409.94888165798
3090,99409.94888165798
3091,99409.94888165798
3092,99409.94888165798
3093,99418.48035752219
3094,99435.62759956464
3095,99417.10395231993
3096,99406.74480538759
3097,99432.88622496209
3098,99440.04968471001
3099,99449.13477306363
3100,99419.15733629747
3101,99422.03204134232
3102,99417.7608112668
3103,99424.70563424651
3104,99432.91408368554
3105,99416.75288113253
3106,99394.33777533217
3107,99384.70212573392
3108,99386.93917941545
3109,99394.76312935057
3110,99417.45557509513
3111,99427.15965667028
3112,99447.13075533694
3113,99415.14430766202
3114,99417.78560519143
3115,99431.07269918002
3116,99425.35129103891
3117,99463.89115173287
3118,99469.95885461374
3119,99460.678405221
3120,99467.10509089468
3121,99469.39648938285
3122,99474.92141161581
3123,99431.90575506605
3124,99438.87416897721
3125,99437.529095569
3126,99454.31549535811
3127,99469.96685864357
3128,99482.1465561352
3129,99433.13917869731
3130,99444.11628090704
3131,99435.57187074209
3132,99422.23057860469
3133,99395.65500575207
3134,99384.30178461605
3135,99398.0930293317
3136,99391.0570028555
3137,99388.71497651818
3138,99381.54510538073
3139,99336.41824343831
3140,99330.8865366259
3141,99370.7135261979
3142,99335.3215457652
3143,99349.03210452496
3144,99331.42419098289
3145,99285.52945859723
3146,99261.94192596368
3147,99272.5728110672
3148,99189.33364609242
3149,99196.94290126598
3150,99196.94290126598
3151,99196.94290126598
3152,99196.94290126598
3153,99196.94290126598
3154,99196.94290126598
3155,99196.94290126598
3156,99196.94290126598
3157,99196.94290126598
3158,99196.94290126598
3159,99196.94290126598
3160,99196.94290126598
3161,99196.94290126598
3162,99196.94290126598
3163,99196.94290126598
3164,99196.94290126598
3165,99196.94290126598
3166,99196.94290126598
3167,99196.94290126598
3168,99196.94290126598
3169,99196.94290126598
3170,99196.94290126598
3171,99196.94290126598
3172,99196.94290126598
3173,99196.94290126598
3174,99196.94290126598
3175,99196.94290126598
3176,99196.94290126598
3177,99196.94290126598
3178,99196.94290126598
3179,99196.94290126598
3180,99196.94290126598
3181,99196.94290126598
3182,99196.94290126598
3183,99196.94290126598
3184,99196.94290126598
3185,99196.94290126598
3186,99196.94290126598
3187,99196.94290126598
3188,99196.94290126598
3189,99196.94290126598
3190,99196.94290126598
3191,99196.94290126598
3192,99196.94290126598
3193,99196.94290126598
3194,99196.94290126598
3195,99196.94290126598
3196,99196.94290126598
3197,99196.94290126598
3198,99196.94290126598
3199,99191.58823068585
3200,99185.06223255799
3201,99190.72281686719
3202,99195.79200451604
3203,99192.25237490499
3204,99203.08653927065
3205,99202.48040840999
3206,99188.5321754042
3207,99195.23312630564
3208,99184.02349315964
3209,99186.78685189718
3210,99203.00444777982
3211,99207.94357386064
3212,99206.73197680016
3213,99212.1377771027
3214,99210.42772975909
3215,99201.3786391947
3216,99208.85307030375
3217,99194.13883840678
3218,99187.19238259459
3219,99197.42258311048
3220,99194.58980138661
3221,99178.63448394598
3222,99188.84713696034
3223,99202.56901670562
3224,99205.9441411913
3225,99193.82553310014
3226,99180.96979653458
3227,99179.38766068479
3228,99125.98089779673
3229,99060.25758772713
3230,99059.03706586345
3231,99059.03706586345
3232,99059.03706586345
3233,99059.03706586345
3234,99059.03706586345
3235,99059.03706586345
3236,99059.03706586345
3237,99059.03706586345
3238,99059.03706586345
3239,99059.03706586345
3240,99059.03706586345
3241,99059.03706586345
3242,99059.03706586345
3243,99059.03706586345
3244,99059.03706586345
3245,99059.03706586345
3246,99059.03706586345
3247,99059.03706586345
3248,99059.03706586345
3249,99059.03706586345
3250,99059.03706586345
3251,99059.03706586345
3252,99059.03706586345
3253,99059.03706586345
3254,99059.03706586345
3255,99059.03706586345
3256,99059.03706586345
3257,99059.03706586345
3258,99059.03706586345
3259,99059.03706586345
3260,99059.03706586345
3261,99059.03706586345
3262,99059.03706586345
3263,99059.03706586345
3264,99059.03706586345
3265,99059.03706586345
3266,99059.03706586345
3267,99059.03706586345
3268,99059.03706586345
3269,99059.03706586345
3270,99059.03706586345
3271,99059.03706586345
3272,99059.03706586345
3273,99059.03706586345
3274,99059.03706586345
3275,99059.03706586345
3276,99059.03706586345
3277,99059.03706586345
3278,99059.03706586345
3279,99059.03706586345
3280,99059.03706586345
3281,99059.03706586345
3282,99059.03706586345
3283,99059.03706586345
3284,99059.03706586345
3285,99059.03706586345
3286,99059.03706586345
3287,99059.03706586345
3288,99059.03706586345
3289,99059.03706586345
3290,99059.03706586345
3291,99059.03706586345
3292,99059.03706586345
3293,99059.03706586345
3294,99059.03706586345
3295,99059.03706586345
3296,99059.03706586345
3297,99059.03706586345
3298,99059.03706586345
3299,99059.03706586345
3300,99059.03706586345
3301,99059.03706586345
3302,99059.03706586345
3303,99059.03706586345
3304,99059.03706586345
3305,99059.03706586345
3306,99059.03706586345
3307,99059.03706586345
3308,99059.03706586345
3309,99059.03706586345
3310,99059.03706586345
3311,99059.03706586345
3312,99059.03706586345
3313,99059.03706586345
3314,99059.03706586345
3315,99059.03706586345
3316,99059.03706586345
3317,99059.03706586345
3318,99059.03706586345
3319,99059.03706586345
3320,99059.03706586345
3321,99059.03706586345
3322,99059.03706586345
3323,99059.03706586345
3324,99059.03706586345
3325,99059.03706586345
3326,99059.03706586345
3327,99059.03706586345
3328,99059.03706586345
3329,99059.03706586345
3330,99059.03706586345
3331,99059.03706586345
3332,99059.03706586345
3333,99059.03706586345
3334,99059.03706586345
3335,99059.03706586345
3336,99059.03706586345
3337,99020.81473005822
3338,99036.86998524719
3339,98989.80284902558
3340,98905.55342513052
3341,98969.52052506836
3342,98972.4072415256
3343,98972.4072415256
3344,98972.4072415256
3345,98972.4072415256
3346,98972.4072415256
3347,98972.4072415256
3348,98972.4072415256
3349,98972.4072415256
3350,98972.4072415256
3351,98972.4072415256
3352,98972.4072415256
3353,98972.4072415256
3354,98972.4072415256
3355,98972.4072415256
3356,98972.4072415256
3357,98972.4072415256
3358,98972.4072415256
3359,98972.4072415256
3360,98972.4072415256
3361,98972.4072415256
3362,98972.4072415256
3363,98972.4072415256
3364,98972.4072415256
3365,98972.4072415256
3366,98972.4072415256
3367,98972.4072415256
3368,98972.4072415256
3369,98972.4072415256
3370,98972.4072415256
3371,98972.4072415256
3372,98972.4072415256
3373,98972.4072415256
3374,98972.4072415256
3375,98972.4072415256
3376,98972.4072415256
3377,98972.4072415256
3378,98972.4072415256
3379,98972.4072415256
3380,98972.4072415256
3381,98972.4072415256
3382,98972.4072415256
3383,98972.4072415256
3384,98972.4072415256
3385,98972.4072415256
3386,98972.4072415256
3387,98972.4072415256
3388,98972.4072415256
3389,98972.4072415256
3390,98972.4072415256
3391,98972.4072415256
3392,98972.4072415256
3393,98972.4072415256
3394,98972.4072415256
3395,98972.4072415256
3396,98972.4072415256
3397,98972.4072415256
3398,98972.4072415256
3399,98972.4072415256
3400,98972.4072415256
3401,98972.4072415256
3402,98964.82335058764
3403,98927.46140663087
3404,98879.24933763481
3405,98871.4948539908
3406,98885.85909255683
3407,98885.85909255683
3408,98885.85909255683
3409,98885.85909255683
3410,98885.85909255683
3411,98885.85909255683
3412,98885.85909255683
3413,98885.85909255683
3414,98885.85909255683
3415,98885.85909255683
3416,98885.85909255683
3417,98885.85909255683
3418,98885.85909255683
3419,98885.85909255683
3420,98885.85909255683
3421,98885.85909255683
3422,98885.85909255683
3423,98885.85909255683
3424,98885.85909255683
3425,98885.85909255683
3426,98885.85909255683
3427,98885.85909255683
3428,98885.85909255683
3429,98885.85909255683
3430,98885.85909255683
3431,98885.85909255683
3432,98885.85909255683
3433,98885.85909255683
3434,98885.85909255683
3435,98885.85909255683
3436,98885.85909255683
3437,98885.85909255683
3438,98885.85909255683
3439,98885.85909255683
3440,98885.85909255683
3441,98885.85909255683
3442,98885.85909255683
3443,98885.85909255683
3444,98885.85909255683
3445,98885.85909255683
3446,98885.85909255683
3447,98885.85909255683
3448,98885.85909255683
3449,98885.85909255683
3450,98885.85909255683
3451,98885.85909255683
3452,98885.85909255683
3453,98885.85909255683
3454,98885.85909255683
3455,98885.85909255683
3456,98885.85909255683
3457,98885.85909255683
3458,98885.85909255683
3459,98885.85909255683
3460,98885.85909255683
3461,98885.85909255683
3462,98885.85909255683
3463,98885.85909255683
3464,98885.85909255683
3465,98885.85909255683
3466,98885.85909255683
3467,98885.85909255683
3468,98885.85909255683
3469,98885.85909255683
3470,98885.85909255683
3471,98885.85909255683
3472,98885.85909255683
3473,98885.85909255683
3474,98885.85909255683
3475,98885.85909255683
3476,98885.85909255683
3477,98885.85909255683
3478,98885.85909255683
3479,98885.85909255683
3480,98885.85909255683
3481,98885.85909255683
3482,98885.85909255683
3483,98885.85909255683
3484,98885.85909255683
3485,98885.85909255683
3486,98885.85909255683
3487,98885.85909255683
3488,98885.85909255683
3489,98885.85909255683
3490,98885.85909255683
3491,98885.85909255683
3492,98885.85909255683
3493,98885.85909255683
3494,98885.85909255683
3495,98885.85909255683
3496,98885.85909255683
3497,98885.85909255683
3498,98885.85909255683
3499,98885.85909255683
3500,98885.85909255683
3501,98885.85909255683
3502,98885.85909255683
3503,98885.85909255683
3504,98885.85909255683
3505,98885.85909255683
3506,98883.72393414713
3507,98875.73241134665
3508,98849.94816797346
3509,98798.68850282034
3510,98788.89116846482
3511,98772.602182266
3512,98704.84542303642
3513,98658.22247678535
3514,98673.8919048117
3515,98737.71112226405
3516,98788.75533567065
3517,98760.67866174172
3518,98723.01412713417
3519,98729.28618982312
3520,98751.37191316784
3521,98688.98129532467
3522,98637.73375905589
3523,98608.9819419463
3524,98560.50012531903
3525,98551.52848823582
3526,98551.52848823582
3527,98551.52848823582
3528,98551.52848823582
3529,98551.52848823582
3530,98551.52848823582
3531,98551.52848823582
3532,98551.52848823582
3533,98551.52848823582
3534,98551.52848823582
3535,98551.52848823582
3536,98551.52848823582
3537,98551.52848823582
3538,98551.52848823582
3539,98551.52848823582
3540,98551.52848823582
3541,98551.52848823582
3542,98551.52848823582
3543,98551.52848823582
3544,98551.52848823582
3545,98551.52848823582
3546,98551.52848823582
3547,98551.52848823582
3548,98551.52848823582
3549,98551.52848823582
3550,98551.52848823582
3551,98551.50635488135
3552,98551.59864100767
3553,98560.18241875502
3554,98561.22631842854
3555,98564.02846678773
3556,98544.25839111305
3557,98528.60166866092
3558,98535.99063322232
3559,98531.06853146541
3560,98541.10796997316
3561,98541.10796997316
3562,98541.10796997316
3563,98541.10796997316
3564,98541.10796997316
3565,98541.10796997316
3566,98541.10796997316
3567,98541.10796997316
3568,98541.10796997316
3569,98541.10796997316
3570,98541.10796997316
3571,98541.10796997316
3572,98541.10796997316
3573,98541.10796997316
3574,98541.10796997316
3575,98541.10796997316
3576,98541.10796997316
3577,98541.10796997316
3578,98541.10796997316
3579,98541.10796997316
3580,98541.10796997316
3581,98541.10796997316
3582,98541.10796997316
3583,98541.10796997316
3584,98541.10796997316
3585,98563.20119782096
3586,98547.76771479458
3587,98573.983745614
3588,98585.01049171128
3589,98587.10716845997
3590,98593.5870505924
3591,98596.3418154659
3592,98593.12429808156
3593,98591.2618271603
3594,98591.87962532112
3595,98591.03656483632
3596,98588.642286159
3597,98584.01690726934
3598,98564.74330420676
3599,98548.80414093319
3600,98572.64958350846
3601,98608.75457878376
3602,98591.43465612234
3603,98603.26083169275
3604,98628.90128195596
3605,98675.77613028158
3606,98667.81952731736
3607,98634.98687595574
3608,98609.50216009577
3609,98664.5323062097
3610,98665.79525189387
3611,98626.55418458888
3612,98653.3317968738
3613,98687.37017813725
3614,98698.33690419958
3615,98699.3637817045
3616,98679.92456769275
3617,98640.73895699102
3618,98692.918643381
3619,98691.36949273251
3620,98733.90087495855
3621,98723.42260427191
3622,98736.74966917228
3623,98742.20598693403
3624,98740.109346164
3625,98684.3147995674
3626,98718.18221766093
3627,98698.450022426
3628,98708.0297374281
3629,98705.72741956204
3630,98760.04846881644
3631,98733.08255248462
3632,98728.1385980686
3633,98728.75343881
3634,98729.89632593619
3635,98737.91337453687
3636,98732.57751003819
3637,98728.83414004436
3638,98724.78449186373
3639,98712.77289760772
3640,98713.6276944556
3641,98698.8249851619
3642,98685.85408563582
3643,98701.16770714652
3644,98700.09863003272
3645,98698.31721826289
3646,98712.88893162338
3647,98727.07702524336
3648,98724.94747798203
3649,98725.26619782294
3650,98724.09741278885
3651,98714.7788820036
3652,98715.28804631268
3653,98702.75930923746
3654,98705.86766088664
3655,98698.05675149384
3656,98707.99812554651
3657,98697.16552794528
3658,98707.47121980185
3659,98705.76004333257
3660,98689.48028601926
3661,98680.60139623024
3662,98698.72474576099
3663,98689.25548955695
3664,98697.57389434848
3665,98690.87331912287
3666,98694.86827331116
3667,98690.23390778531
3668,98690.46093852441
3669,98683.71479935621
3670,98686.22434507107
3671,98693.33939401673
3672,98708.3546215442
3673,98721.26856245814
3674,98724.36938215871
3675,98719.7040117964
3676,98730.61672884344
3677,98735.77311248907
3678,98750.32049601807
3679,98755.40932136336
3680,98767.96707112074
3681,98772.68844302325
3682,98769.07821938847
3683,98743.89091195627
3684,98732.62537618952
3685,98740.8340569265
3686,98731.2586262962
3687,98745.6309680998
3688,98755.2480139338
3689,98755.2480139338
3690,98755.2480139338
3691,98755.2480139338
3692,98755.2480139338
3693,98755.2480139338
3694,98755.2480139338
3695,98755.2480139338
3696,98755.2480139338
3697,98755.2480139338
3698,98755.2480139338
3699,98755.2480139338
3700,98755.2480139338
3701,98755.2480139338
3702,98755.2480139338
3703,98755.2480139338
3704,98755.2480139338
3705,98755.2480139338
3706,98755.2480139338
3707,98755.2480139338
3708,98755.2480139338
3709,98755.2480139338
3710,98755.2480139338
3711,98755.2480139338
3712,98755.2480139338
3713,98755.2480139338
3714,98755.2480139338
3715,98755.2480139338
3716,98755.2480139338
3717,98765.81881848925
3718,98772.52007997222
3719,98758.39587949926
3720,98772.81416778547
3721,98782.33073841452
3722,98805.39899034276
3723,98793.4624284031
3724,98790.11724561136
3725,98799.43113136418
3726,98800.470284963
3727,98832.63993942701
3728,98826.09723808624
3729,98821.10299904628
3730,98801.81362743897
3731,98801.81362743897
3732,98801.81362743897
3733,98801.81362743897
3734,98801.81362743897
3735,98801.81362743897
3736,98801.81362743897
3737,98801.81362743897
3738,98801.81362743897
3739,98801.81362743897
3740,98801.81362743897
3741,98801.81362743897
3742,98801.81362743897
3743,98801.81362743897
3744,98801.81362743897
3745,98801.81362743897
3746,98801.81362743897
3747,98801.81362743897
3748,98801.81362743897
3749,98801.81362743897
3750,98801.81362743897
3751,98801.81362743897
3752,98801.81362743897
3753,98801.81362743897
3754,98801.81362743897
3755,98801.81362743897
3756,98801.81362743897
3757,98801.81362743897
3758,98801.81362743897
3759,98801.81362743897
3760,98801.81362743897
3761,98801.81362743897
3762,98801.81362743897
3763,98801.81362743897
3764,98801.81362743897
3765,98801.81362743897
3766,98801.81362743897
3767,98801.81362743897
3768,98801.81362743897
3769,98801.81362743897
3770,98801.81362743897
3771,98801.81362743897
3772,98799.05713332657
3773,98818.90917185797
3774,98827.85025388321
3775,98838.34414250683
3776,98826.81975977375
3777,98819.6715875458
3778,98805.01389861449
3779,98801.46595406781
3780,98797.23649172175
3781,98815.02372395982
3782,98793.05108270251
3783,98791.71985020155
3784,98811.61590983573
3785,98817.77115014038
3786,98818.53102884344
3787,98804.80792518749
3788,98808.0358269808
3789,98785.79207719512
3790,98792.08843788705
3791,98802.96620612388
3792,98784.7248126058
3793,98781.36534966264
3794,98800.4944786119
3795,98805.19287046553
3796,98828.59316775146
3797,98855.86284390041
3798,98852.01399573975
3799,98869.19937613222
3800,98879.21329157207
3801,98894.0065227256
3802,98897.5154486066
3803,98901.80506282528
3804,98900.0977897707
3805,98898.3684126864
3806,98897.24903298481
3807,98896.37559811493
3808,98901.08846828512
3809,98900.77071057179
3810,98906.20212101174
3811,98907.469786201
3812,98893.54117736699
3813,98891.28089768335
3814,98896.06304111684
3815,98893.51114503194
3816,98889.51443880271
3817,98889.58589969986
3818,98894.77356805855
3819,98886.07210766216
3820,98876.1841405467
3821,98874.43899072705
3822,98883.02337001394
3823,98885.28904268557
3824,98886.3896411545
3825,98891.97963881172
3826,98887.99395467697
3827,98894.52075948309
3828,98899.00122921448
3829,98902.75604683642
3830,98899.62104577232
3831,98897.86953452694
3832,98898.4550516929
3833,98895.67124772203
3834,98898.34525175861
3835,98899.04999418807
3836,98912.02826966507
3837,98909.26575104291
3838,98897.96908192615
3839,98912.18519416693
3840,98859.02195697553
3841,98863.77494540424
3842,98879.92766473233
3843,98868.54849245507
3844,98921.90481718523
3845,98899.49459021511
3846,98891.8423960893
3847,98896.70841415647
3848,98918.01098897995
3849,98936.38364658468
3850,99028.86933137817
3851,99025.2240135318
3852,98977.68262698797
3853,98939.9667690905
3854,98944.40686775114
3855,98935.34582038724
3856,98880.85679229573
3857,98841.40389765312
3858,98815.70599947641
3859,98783.58844717855
3860,98783.58844717855
3861,98783.58844717855
3862,98783.58844717855
3863,98783.58844717855
3864,98783.58844717855
3865,98783.58844717855
3866,98783.58844717855
3867,98783.58844717855
3868,98783.58844717855
3869,98783.58844717855
3870,98783.58844717855
3871,98783.58844717855
3872,98783.58844717855
3873,98783.58844717855
3874,98783.58844717855
3875,98783.58844717855
3876,98783.58844717855
3877,98783.58844717855
3878,98783.58844717855
3879,98783.58844717855
3880,98783.58844717855
3881,98783.58844717855
3882,98783.58844717855
3883,98783.58844717855
3884,98783.58844717855
3885,98783.58844717855
3886,98783.58844717855
3887,98783.58844717855
3888,98783.58844717855
3889,98783.58844717855
3890,98783.58844717855
3891,98783.58844717855
3892,98783.58844717855
3893,98783.58844717855
3894,98783.58844717855
3895,98783.58844717855
3896,98783.58844717855
3897,98783.58844717855
3898,98783.58844717855
3899,98783.58844717855
3900,98783.58844717855
3901,98783.58844717855
3902,98783.58844717855
3903,98783.58844717855
3904,98783.58844717855
3905,98783.58844717855
3906,98783.58844717855
3907,98783.58844717855
3908,98783.58844717855
3909,98783.58844717855
3910,98783.58844717855
3911,98783.58844717855
3912,98783.58844717855
3913,98783.58844717855
3914,98783.58844717855
3915,98783.58844717855
3916,98783.58844717855
3917,98783.58844717855
3918,98783.58844717855
3919,98783.58844717855
3920,98783.58844717855
3921,98783.58844717855
3922,98783.58844717855
3923,98783.58844717855
3924,98783.58844717855
3925,98783.58844717855
3926,98783.58844717855
3927,98783.58844717855
3928,98783.58844717855
3929,98783.58844717855
3930,98783.58844717855
3931,98783.58844717855
3932,98783.58844717855
3933,98783.58844717855
3934,98783.58844717855
3935,98783.58844717855
3936,98783.58844717855
3937,98783.58844717855
3938,98783.58844717855
3939,98783.58844717855
3940,98783.58844717855
3941,98783.58844717855
3942,98783.58844717855
3943,98783.58844717855
3944,98783.58844717855
3945,98783.58844717855
3946,98783.58844717855
3947,98783.58844717855
3948,98783.58844717855
3949,98783.58844717855
3950,98783.58844717855
3951,98783.58844717855
3952,98783.58844717855
3953,98783.58844717855
3954,98783.58844717855
3955,98783.58844717855
3956,98783.58844717855
3957,98783.58844717855
3958,98783.58844717855
3959,98783.58844717855
3960,98783.58844717855
3961,98783.58844717855
3962,98783.58844717855
3963,98783.58844717855
3964,98783.58844717855
3965,98783.58844717855
3966,98783.58844717855
3967,98783.58844717855
3968,98783.58844717855
3969,98783.58844717855
3970,98783.58844717855
3971,98783.58844717855
3972,98783.58844717855
3973,98783.88648259877
3974,98779.74366593827
3975,98784.57357498305
3976,98784.5116484575
3977,98768.47398076089
3978,98738.366653396
3979,98742.19716726452
3980,98739.78644636569
3981,98731.94224681602
3982,98754.128159323
3983,98743.95691470905
3984,98753.8162311063
3985,98747.00608455579
3986,98768.54588495595
3987,98790.8456100471
3988,98786.27900166505
3989,98787.63521104972
3990,98781.06877842353
3991,98785.72648075073
3992,98742.38665850119
3993,98736.95077031088
3994,98735.70966223565
3995,98717.35529390053
3996,98664.98743931661
3997,98664.29893978486
3998,98679.26216074321
3999,98696.35570421779
4000,98696.35570421779
4001,98696.35570421779
4002,98696.35570421779
4003,98696.35570421779
4004,98696.35570421779
4005,98696.35570421779
4006,98696.35570421779
4007,98696.35570421779
4008,98696.35570421779
4009,98696.35570421779
4010,98696.35570421779
4011,98696.35570421779
4012,98696.35570421779
4013,98696.35570421779
4014,98696.35570421779
4015,98696.35570421779
4016,98696.35570421779
4017,98696.35570421779
4018,98696.35570421779
4019,98696.35570421779
4020,98696.35570421779
4021,98696.35570421779
4022,98696.35570421779
4023,98696.35570421779
4024,98696.35570421779
4025,98696.35570421779
4026,98696.35570421779
4027,98696.35570421779
4028,98696.35570421779
4029,98696.35570421779
4030,98696.35570421779
4031,98696.35570421779
4032,98696.35570421779
4033,98696.35570421779
4034,98696.35570421779
4035,98696.35570421779
4036,98696.35570421779
4037,98696.35570421779
4038,98696.35570421779
4039,98696.35570421779
4040,98696.35570421779
4041,98696.35570421779
4042,98696.35570421779
4043,98696.35570421779
4044,98696.35570421779
4045,98696.35570421779
4046,98696.35570421779
4047,98696.35570421779
4048,98696.35570421779
4049,98696.35570421779
4050,98696.35570421779
4051,98696.35570421779
4052,98696.35570421779
4053,98696.35570421779
4054,98696.35570421779
4055,98696.35570421779
4056,98696.35570421779
4057,98696.35570421779
4058,98696.35570421779
4059,98696.35570421779
4060,98696.35570421779
4061,98696.35570421779
4062,98696.35570421779
4063,98696.35570421779
4064,98696.35570421779
4065,98696.35570421779
4066,98696.35570421779
4067,98696.35570421779
4068,98696.35570421779
4069,98696.35570421779
4070,98696.35570421779
4071,98696.35570421779
4072,98696.35570421779
4073,98696.35570421779
4074,98696.35570421779
4075,98696.35570421779
4076,98696.35570421779
4077,98696.35570421779
4078,98696.35570421779
4079,98696.35570421779
4080,98696.35570421779
4081,98696.35570421779
4082,98696.35570421779
4083,98696.35570421779
4084,98696.35570421779
4085,98696.35570421779
4086,98696.35570421779
4087,98696.35570421779
4088,98696.35570421779
4089,98696.35570421779
4090,98696.35570421779
4091,98696.35570421779
4092,98696.35570421779
4093,98696.35570421779
4094,98696.35570421779
4095,98696.35570421779
4096,98696.35570421779
4097,98696.35570421779
4098,98696.35570421779
4099,98696.35570421779
4100,98696.35570421779
4101,98696.35570421779
4102,98687.81821633819
4103,98659.44720189503
4104,98693.78552799183
4105,98704.18181114674
4106,98696.81531968554
4107,98700.85492235099
4108,98676.93929750017
4109,98670.74587904093
4110,98670.74587904093
4111,98670.74587904093
4112,98670.74587904093
4113,98670.74587904093
4114,98670.74587904093
4115,98670.74587904093
4116,98670.74587904093
4117,98670.74587904093
4118,98670.74587904093
4119,98670.74587904093
4120,98670.74587904093
4121,98670.74587904093
4122,98670.74587904093
4123,98670.74587904093
4124,98670.74587904093
4125,98670.74587904093
4126,98670.74587904093
4127,98670.74587904093
4128,98670.74587904093
4129,98670.74587904093
4130,98670.74587904093
4131,98670.74587904093
4132,98670.74587904093
4133,98670.74587904093
4134,98670.74587904093
4135,98670.74587904093
4136,98670.74587904093
4137,98670.74587904093
4138,98670.74587904093
4139,98670.74587904093
4140,98670.74587904093
4141,98670.74587904093
4142,98661.32158710483
4143,98652.92274113608
4144,98667.80214845759
4145,98663.05393128401
4146,98648.21871117603
4147,98647.64515086071
4148,98676.38378126189
4149,98692.42482691872
4150,98692.71666829388
4151,98707.5782962842
4152,98712.62473701879
4153,98739.29435204343
4154,98736.29331724027
4155,98727.17312211914
4156,98766.76490870748
4157,98766.76490870748
4158,98766.76490870748
4159,98766.76490870748
4160,98766.76490870748
4161,98766.76490870748
4162,98766.76490870748
4163,98766.76490870748
4164,98766.76490870748
4165,98766.76490870748
4166,98766.76490870748
4167,98766.76490870748
4168,98766.76490870748
4169,98766.76490870748
4170,98766.76490870748
4171,98766.76490870748
4172,98766.76490870748
4173,98766.76490870748
4174,98766.76490870748
4175,98766.76490870748
4176,98766.76490870748
4177,98766.76490870748
4178,98766.76490870748
4179,98766.76490870748
4180,98766.76490870748
4181,98766.76490870748
4182,98766.76490870748
4183,98766.76490870748
4184,98766.76490870748
4185,98766.76490870748
4186,98766.76490870748
4187,98766.76490870748
4188,98766.76490870748
4189,98766.76490870748
4190,98766.76490870748
4191,98766.76490870748
4192,98766.76490870748
4193,98766.76490870748
4194,98766.76490870748
4195,98766.76490870748
4196,98766.76490870748
4197,98766.76490870748
4198,98766.76490870748
4199,98766.76490870748
4200,98766.76490870748
4201,98766.76490870748
4202,98766.76490870748
4203,98766.76490870748
4204,98766.76490870748
4205,98766.76490870748
4206,98766.76490870748
4207,98766.76490870748
4208,98766.76490870748
4209,98766.76490870748
4210,98766.76490870748
4211,98766.76490870748
4212,98766.76490870748
4213,98766.76490870748
4214,98766.76490870748
4215,98766.76490870748
4216,98766.76490870748
4217,98766.76490870748
4218,98766.76490870748
4219,98766.76490870748
4220,98766.76490870748
4221,98768.22683501814
4222,98744.01669759405
4223,98713.17274209803
4224,98713.82551849344
4225,98678.83103699224
4226,98702.96916970449
4227,98719.58173394106
4228,98709.54275605148
4229,98688.85658793931
4230,98673.544092041
4231,98691.64384834316
4232,98660.18868760247
4233,98661.31363734555
4234,98706.5949879799
4235,98756.1343742082
4236,98806.44812713352
4237,98821.79799069848
4238,98857.12923349615
4239,98826.59914802124
4240,98801.950255574
4241,98837.27579654274
4242,98855.2896240149
4243,98861.36199914133
4244,98801.12230639633
4245,98768.6818423584
4246,98794.13452906992
4247,98751.10763899633
4248,98725.8418551249
4249,98700.90173329617
4250,98683.67217529514
4251,98722.90925123634
4252,98728.09605105936
4253,98756.0327149729
4254,98726.82335517382
4255,98699.89575695594
4256,98700.76793867609
4257,98646.45553611494
4258,98679.34551291403
4259,98718.83184922351
4260,98742.33528111089
4261,98747.99801852048
4262,98767.11925042563
4263,98769.77773647472
4264,98768.35624309607
4265,98762.86184849686
4266,98768.50153968399
4267,98744.35031411453
4268,98734.31275873576
4269,98728.65251171975
4270,98790.07733164527
4271,98768.55989014929
4272,98736.40817964324
4273,98734.97065712807
4274,98676.31985046602
4275,98720.214404177
4276,98719.60296134376
4277,98751.91989224433
4278,98743.79360238055
4279,98722.39706139607
4280,98755.64311721073
4281,98721.91638837592
4282,98711.14854333877
4283,98658.18330994734
4284,98576.9254650025
4285,98549.66870309174
4286,98545.03194719985
4287,98518.00561266874
4288,98522.32021262715
4289,98505.68687739059
4290,98505.68687739059
4291,98505.68687739059
4292,98505.68687739059
4293,98505.68687739059
4294,98505.68687739059
4295,98505.68687739059
4296,98505.68687739059
4297,98505.68687739059
4298,98505.68687739059
4299,98505.68687739059
4300,98505.68687739059
4301,98505.68687739059
4302,98505.68687739059
4303,98505.68687739059
4304,98505.68687739059
4305,98505.68687739059
4306,98505.68687739059
4307,98505.68687739059
4308,98505.68687739059
4309,98505.68687739059
4310,98505.68687739059
4311,98505.68687739059
4312,98505.68687739059
4313,98505.68687739059
4314,98505.68687739059
4315,98505.68687739059
4316,98505.68687739059
4317,98505.68687739059
4318,98505.68687739059
4319,98505.68687739059
4320,98505.68687739059
4321,98505.68687739059
4322,98505.68687739059
4323,98505.68687739059
4324,98505.68687739059
4325,98505.68687739059
4326,98505.68687739059
4327,98505.68687739059
4328,98483.299685999
4329,98513.52659541143
4330,98539.91754938899
4331,98569.4435403171
4332,98573.7733411479
4333,98564.32978487259
4334,98546.01235964613
4335,98567.16057230254
4336,98537.0874352167
4337,98539.58271618398
4338,98567.54579875307
4339,98569.70001952146
4340,98583.89553469689
4341,98547.69272559977
4342,98542.39610148106
4343,98546.64440503245
4344,98554.29022808957
4345,98557.02649318361
4346,98554.08161999146
4347,98553.46201492033
4348,98553.32550001025
4349,98545.31639614278
4350,98538.05508385506
4351,98541.38367818895
4352,98546.66250163414
4353,98528.13233189187
4354,98532.14917087412
4355,98536.11168146228
4356,98542.41476319512
4357,98552.41452597771
4358,98554.31081401772
4359,98552.56367266137
4360,98550.31174561243
4361,98564.22152452434
4362,98568.30112075369
4363,98564.54633754175
4364,98571.01815154651
4365,98573.64538773142
4366,98560.54695179025
4367,98550.50819706378
4368,98561.76538302077
4369,98594.46492645596
4370,98593.25614349887
4371,98567.12155716699
4372,98583.02800569378
4373,98557.42913595
4374,98547.5262172485
4375,98524.99864467526
4376,98533.49163613215
4377,98534.44739966626
4378,98534.44739966626
4379,98534.44739966626
4380,98534.44739966626
4381,98534.44739966626
4382,98534.44739966626
4383,98534.44739966626
4384,98534.44739966626
4385,98534.44739966626
4386,98534.44739966626
4387,98534.44739966626
4388,98534.44739966626
4389,98534.44739966626
4390,98534.44739966626
4391,98534.44739966626
4392,98534.44739966626
4393,98534.44739966626
4394,98534.44739966626
4395,98534.44739966626
4396,98534.44739966626
4397,98534.44739966626
4398,98534.44739966626
4399,98534.44739966626
4400,98534.44739966626
4401,98534.44739966626
4402,98534.44739966626
4403,98534.44739966626
4404,98534.44739966626
4405,98534.44739966626
4406,98534.44739966626
4407,98534.44739966626
4408,98534.44739966626
4409,98534.44739966626
4410,98534.44739966626
4411,98534.44739966626
4412,98534.44739966626
4413,98534.44739966626
4414,98534.44739966626
4415,98534.44739966626
4416,98534.44739966626
4417,98534.44739966626
4418,98534.44739966626
4419,98534.44739966626
4420,98534.44739966626
4421,98534.44739966626
4422,98534.44739966626
4423,98534.44739966626
4424,98534.44739966626
4425,98534.44739966626
4426,98534.44739966626
4427,98534.44739966626
4428,98534.44739966626
4429,98534.44739966626
4430,98534.44739966626
4431,98534.44739966626
4432,98534.44739966626
4433,98534.44739966626
4434,98534.44739966626
4435,98534.44739966626
4436,98534.44739966626
4437,98534.44739966626
4438,98534.44739966626
4439,98534.44739966626
4440,98534.44739966626
4441,98534.44739966626
4442,98534.44739966626
4443,98534.44739966626
4444,98534.44739966626
4445,98534.44739966626
4446,98534.44739966626
4447,98534.44739966626
4448,98534.44739966626
4449,98534.44739966626
4450,98534.44739966626
4451,98534.44739966626
4452,98534.44739966626
4453,98534.44739966626
4454,98534.44739966626
4455,98534.44739966626
4456,98534.44739966626
4457,98534.44739966626
4458,98534.44739966626
4459,98527.35079106779
4460,98495.1080058567
4461,98498.94545878402
4462,98518.67185084922
4463,98511.11261644744
4464,98495.53952544158
4465,98519.43466303796
4466,98511.51545049247
4467,98540.72562764591
4468,98518.0321895212
4469,98544.39279905542
4470,98577.40268695289
4471,98601.56673027753
4472,98613.24630445738
4473,98614.48272293505
4474,98637.18734566023
4475,98636.77752998195
4476,98657.88701333725
4477,98657.36388112302
4478,98639.51762143604
4479,98633.21547187222
4480,98621.6380224378
4481,98624.08222769552
4482,98624.08222769552
4483,98624.08222769552
4484,98624.08222769552
4485,98624.08222769552
4486,98624.08222769552
4487,98624.08222769552
4488,98624.08222769552
4489,98624.08222769552
4490,98624.08222769552
4491,98624.08222769552
4492,98624.08222769552
4493,98624.08222769552
4494,98624.08222769552
4495,98624.08222769552
4496,98624.08222769552
4497,98624.08222769552
4498,98624.08222769552
4499,98624.08222769552
4500,98624.08222769552
4501,98624.08222769552
4502,98624.08222769552
4503,98624.08222769552
4504,98624.08222769552
4505,98624.08222769552
4506,98624.08222769552
4507,98624.08222769552
4508,98624.08222769552
4509,98624.08222769552
4510,98624.08222769552
4511,98624.08222769552
4512,98624.08222769552
4513,98624.08222769552
4514,98624.08222769552
4515,98624.08222769552
4516,98624.08222769552
4517,98624.08222769552
4518,98624.08222769552
4519,98624.08222769552
4520,98624.08222769552
4521,98624.08222769552
4522,98624.08222769552
4523,98624.08222769552
4524,98624.08222769552
4525,98624.08222769552
4526,98624.08222769552
4527,98624.08222769552
4528,98624.08222769552
4529,98624.08222769552
4530,98624.08222769552
4531,98624.08222769552
4532,98624.08222769552
4533,98624.08222769552
4534,98624.08222769552
4535,98624.08222769552
4536,98624.08222769552
4537,98624.08222769552
4538,98624.08222769552
4539,98624.08222769552
4540,98624.08222769552
4541,98624.08222769552
4542,98624.08222769552
4543,98624.08222769552
4544,98624.08222769552
4545,98652.266484619
4546,98658.46024041898
4547,98620.12505552251
4548,98597.73533273692
4549,98624.34786378258
4550,98614.55229177265
4551,98580.76535709506
4552,98570.08064628922
4553,98576.27389708727
4554,98495.6416811593
4555,98531.62785094972
4556,98534.95857346746
4557,98525.67917434635
4558,98525.67917434635
4559,98525.67917434635
4560,98525.67917434635
4561,98525.67917434635
4562,98525.67917434635
4563,98525.67917434635
4564,98525.67917434635
4565,98525.67917434635
4566,98525.67917434635
4567,98525.67917434635
4568,98525.67917434635
4569,98525.67917434635
4570,98525.67917434635
4571,98525.67917434635
4572,98525.67917434635
4573,98525.67917434635
4574,98525.67917434635
4575,98525.67917434635
4576,98525.67917434635
4577,98525.67917434635
4578,98525.67917434635
4579,98525.67917434635
4580,98525.67917434635
4581,98525.67917434635
4582,98525.67917434635
4583,98525.67917434635
4584,98525.67917434635
4585,98525.67917434635
4586,98525.67917434635
4587,98525.67917434635
4588,98525.67917434635
4589,98525.67917434635
4590,98525.67917434635
4591,98525.67917434635
4592,98525.67917434635
4593,98525.67917434635
4594,98525.67917434635
4595,98525.67917434635
4596,98525.67917434635
4597,98525.67917434635
4598,98525.67917434635
4599,98525.67917434635
4600,98525.67917434635
4601,98525.67917434635
4602,98525.67917434635
4603,98525.67917434635
4604,98525.67917434635
4605,98525.67917434635
4606,98525.67917434635
4607,98525.67917434635
4608,98523.20789505515
4609,98520.08383943028
4610,98518.17783236149
4611,98517.65464564195
4612,98507.73438312895
4613,98492.53972062738
4614,98493.09385062342
4615,98499.85542425199
4616,98479.28438092039
4617,98482.58491022636
4618,98469.29509366288
4619,98469.29509366288
4620,98469.29509366288
4621,98469.29509366288
4622,98469.29509366288
4623,98469.29509366288
4624,98469.29509366288
4625,98469.29509366288
4626,98469.29509366288
4627,98469.29509366288
4628,98469.29509366288
4629,98469.29509366288
4630,98469.29509366288
4631,98469.29509366288
4632,98469.29509366288
4633,98469.29509366288
4634,98469.29509366288
4635,98469.29509366288
4636,98469.29509366288
4637,98469.29509366288
4638,98469.29509366288
4639,98469.29509366288
4640,98469.29509366288
4641,98469.29509366288
4642,98469.29509366288
4643,98469.29509366288
4644,98469.29509366288
4645,98469.29509366288
4646,98469.29509366288
4647,98469.29509366288
4648,98469.29509366288
4649,98469.29509366288
4650,98469.29509366288
4651,98469.29509366288
4652,98469.29509366288
4653,98469.29509366288
4654,98469.29509366288
4655,98469.29509366288
4656,98469.29509366288
4657,98469.29509366288
4658,98469.29509366288
4659,98469.29509366288
4660,98469.29509366288
4661,98469.29509366288
4662,98469.29509366288
4663,98469.29509366288
4664,98469.29509366288
4665,98469.29509366288
4666,98469.29509366288
4667,98469.29509366288
4668,98469.29509366288
4669,98469.29509366288
4670,98469.29509366288
4671,98469.29509366288
4672,98469.29509366288
4673,98469.29509366288
4674,98474.37011204376
4675,98480.47645520582
4676,98481.60614239115
4677,98484.65827565748
4678,98493.36130399382
4679,98500.99649224279
4680,98495.79406447482
4681,98500.61954211514
4682,98494.55662569267
4683,98494.55662569267
4684,98494.55662569267
4685,98494.55662569267
4686,98494.55662569267
4687,98494.55662569267
4688,98494.55662569267
4689,98494.55662569267
4690,98494.55662569267
4691,98494.55662569267
4692,98494.55662569267
4693,98494.55662569267
4694,98494.55662569267
4695,98494.55662569267
4696,98494.55662569267
4697,98494.55662569267
4698,98494.55662569267
4699,98494.55662569267
4700,98494.55662569267
4701,98494.55662569267
4702,98494.55662569267
4703,98494.55662569267
4704,98494.55662569267
4705,98494.55662569267
4706,98494.55662569267
4707,98494.55662569267
4708,98487.45243222843
4709,98503.27154014258
4710,98504.91559108249
4711,98506.37951158515
4712,98519.40013190234
4713,98526.40457713966
4714,98542.15379692511
4715,98555.09139247157
4716,98555.04977246746
4717,98555.19315264656
4718,98555.18441646408
4719,98555.45544762381
4720,98555.2994816093
4721,98555.03499205582
4722,98555.45184149258
4723,98554.36699373201
4724,98548.16219692635
4725,98581.76736771516
4726,98572.6544394384
4727,98557.12195709787
4728,98576.91852318805
4729,98543.9548739321
4730,98559.63545871682
4731,98555.36362781555
4732,98557.2728116319
4733,98539.35296336858
4734,98539.35296336858
4735,98539.35296336858
4736,98539.35296336858
4737,98539.35296336858
4738,98539.35296336858
4739,98539.35296336858
4740,98539.35296336858
4741,98539.35296336858
4742,98539.35296336858
4743,98539.35296336858
4744,98539.35296336858
4745,98539.35296336858
4746,98539.35296336858
4747,98539.35296336858
4748,98539.35296336858
4749,98539.35296336858
4750,98539.35296336858
4751,98539.35296336858
4752,98539.35296336858
4753,98539.35296336858
4754,98539.35296336858
4755,98539.35296336858
4756,98539.35296336858
4757,98539.35296336858
4758,98539.35296336858
4759,98539.35296336858
4760,98539.35296336858
4761,98539.35296336858
4762,98539.35296336858
4763,98539.35296336858
4764,98539.35296336858
4765,98539.35296336858
4766,98539.35296336858
4767,98539.35296336858
4768,98539.35296336858
4769,98539.35296336858
4770,98539.35296336858
4771,98539.35296336858
4772,98539.35296336858
4773,98532.97434908582
4774,98518.38829028871
4775,98513.4077069849
4776,98519.71126588226
4777,98506.82911679226
4778,98489.90869751752
4779,98505.13581341408
4780,98486.86280521727
4781,98478.16559897893
4782,98483.10949844054
4783,98475.10763855558
4784,98472.98609700489
4785,98477.45644829114
4786,98477.45644829114
4787,98477.45644829114
4788,98477.45644829114
4789,98477.45644829114
4790,98477.45644829114
4791,98477.45644829114
4792,98477.45644829114
4793,98477.45644829114
4794,98477.45644829114
4795,98477.45644829114
4796,98477.45644829114
4797,98477.45644829114
4798,98477.45644829114
4799,98477.45644829114
4800,98477.45644829114
4801,98477.45644829114
4802,98477.45644829114
4803,98477.45644829114
4804,98477.45644829114
4805,98477.45644829114
4806,98477.45644829114
4807,98477.45644829114
4808,98477.45644829114
4809,98477.45644829114
4810,98477.45644829114
4811,98477.45644829114
4812,98477.45644829114
4813,98470.31812177398
4814,98433.0200380699
4815,98370.11614104547
4816,98398.56918633972
4817,98347.81606530336
4818,98371.31662506338
4819,98422.07709357236
4820,98425.92751359644
4821,98476.35473991116
4822,98476.35473991116
4823,98476.35473991116
4824,98476.35473991116
4825,98476.35473991116
4826,98476.35473991116
4827,98476.35473991116
4828,98476.35473991116
4829,98476.35473991116
4830,98476.35473991116
4831,98476.35473991116
4832,98476.35473991116
4833,98476.35473991116
4834,98476.35473991116
4835,98476.35473991116
4836,98476.35473991116
4837,98476.35473991116
4838,98476.35473991116
4839,98476.35473991116
4840,98476.35473991116
4841,98476.35473991116
4842,98476.35473991116
4843,98476.35473991116
4844,98476.35473991116
4845,98476.35473991116
4846,98476.35473991116
4847,98476.35473991116
4848,98476.35473991116
4849,98476.35473991116
4850,98476.35473991116
4851,98476.35473991116
4852,98476.35473991116
4853,98476.35473991116
4854,98476.35473991116
4855,98476.35473991116
4856,98476.35473991116
4857,98476.35473991116
4858,98476.35473991116
4859,98476.35473991116
4860,98476.35473991116
4861,98476.35473991116
4862,98476.35473991116
4863,98476.35473991116
4864,98476.35473991116
4865,98476.35473991116
4866,98476.35473991116
4867,98476.35473991116
4868,98476.35473991116
4869,98476.35473991116
4870,98476.35473991116
4871,98476.35473991116
4872,98476.35473991116
4873,98476.35473991116
4874,98476.35473991116
4875,98476.35473991116
4876,98476.35473991116
4877,98476.35473991116
4878,98476.35473991116
4879,98476.35473991116
4880,98476.35473991116
4881,98476.35473991116
4882,98476.35473991116
4883,98476.35473991116
4884,98476.35473991116
4885,98476.35473991116
4886,98476.35473991116
4887,98476.35473991116
4888,98476.35473991116
4889,98476.35473991116
4890,98476.35473991116
4891,98476.35473991116
4892,98476.35473991116
4893,98476.35473991116
4894,98476.35473991116
4895,98476.35473991116
4896,98476.35473991116
4897,98476.35473991116
4898,98476.35473991116
4899,98476.35473991116
4900,98476.35473991116
4901,98476.35473991116
4902,98476.35473991116
4903,98476.35473991116
4904,98476.35473991116
4905,98476.35473991116
4906,98476.35473991116
4907,98476.35473991116
4908,98476.35473991116
4909,98476.35473991116
4910,98476.35473991116
4911,98476.35473991116
4912,98476.35473991116
4913,98476.35473991116
4914,98476.35473991116
4915,98476.35473991116
4916,98476.35473991116
4917,98476.35473991116
4918,98476.35473991116
4919,98476.35473991116
4920,98476.35473991116
4921,98476.35473991116
4922,98476.35473991116
4923,98476.35473991116
4924,98476.35473991116
4925,98476.35473991116
4926,98476.35473991116
4927,98476.35473991116
4928,98476.35473991116
4929,98476.35473991116
4930,98476.35473991116
4931,98476.35473991116
4932,98476.35473991116
4933,98476.35473991116
4934,98476.35473991116
4935,98476.35473991116
4936,98476.35473991116
4937,98476.35473991116
4938,98476.35473991116
4939,98476.35473991116
4940,98476.79436504972
4941,98486.47244978277
4942,98492.56791246755
4943,98491.9400674075
4944,98471.2950182439
4945,98481.64856983612
4946,98469.37412181485
4947,98489.92805621037
4948,98453.66855720698
4949,98473.36158144707
4950,98499.83106239843
4951,98472.02791357455
4952,98454.31034049347
4953,98472.74960227765
4954,98470.52604272295
4955,98496.64561728582
4956,98518.6541541548
4957,98506.27786910509
4958,98466.30438221525
4959,98491.80200792527
4960,98484.39654511478
4961,98464.99958352628
4962,98449.06855826506
4963,98428.3855464271
4964,98434.45808359623
4965,98412.27298781318
4966,98375.93249868588
4967,98442.36887665723
4968,98501.01252282405
4969,98490.54357972734
4970,98481.43864267904
4971,98526.8479994125
4972,98562.74670498476
4973,98616.06971512748
4974,98563.61759242656
4975,98567.21059757027
4976,98637.39746693119
4977,98613.5200010659
4978,98639.93567700784
4979,98610.54366244123
4980,98619.13821880212
4981,98614.0788197802
4982,98660.99195552178
4983,98618.52666304393
4984,98595.26224036784
4985,98567.46292840294
4986,98610.46769686573
4987,98668.89143624235
4988,98627.96163606741
4989,98626.64841377664
4990,98588.14903854975
4991,98615.57465363653
4992,98594.50864848027
4993,98630.09352365044
4994,98630.09352365044
4995,98630.09352365044
4996,98630.09352365044
4997,98630.09352365044
4998,98630.09352365044
4999,98630.09352365044
5000,98630.09352365044
5001,98630.09352365044
5002,98630.09352365044
5003,98630.09352365044
5004,98630.09352365044
5005,98630.09352365044
5006,98630.09352365044
5007,98630.09352365044
5008,98630.09352365044
5009,98630.09352365044
5010,98630.09352365044
5011,98630.09352365044
5012,98630.09352365044
5013,98630.09352365044
5014,98630.09352365044
5015,98630.09352365044
5016,98630.09352365044
5017,98630.09352365044
5018,98630.09352365044
5019,98630.09352365044
5020,98630.09352365044
5021,98630.09352365044
5022,98630.09352365044
5023,98630.09352365044
5024,98630.09352365044
5025,98630.09352365044
5026,98630.09352365044
5027,98630.09352365044
5028,98630.09352365044
5029,98630.09352365044
5030,98630.09352365044
5031,98630.09352365044
5032,98630.09352365044
5033,98630.09352365044
5034,98630.09352365044
5035,98630.09352365044
5036,98630.09352365044
5037,98630.09352365044
5038,98630.09352365044
5039,98630.09352365044
5040,98630.09352365044
5041,98630.09352365044
5042,98630.09352365044
5043,98630.09352365044
5044,98630.09352365044
5045,98630.09352365044
5046,98630.09352365044
5047,98630.09352365044
5048,98630.09352365044
5049,98630.09352365044
5050,98630.09352365044
5051,98630.09352365044
5052,98630.09352365044
5053,98630.09352365044
5054,98630.09352365044
5055,98630.09352365044
5056,98630.09352365044
5057,98630.09352365044
5058,98630.09352365044
5059,98630.09352365044
5060,98630.09352365044
5061,98630.09352365044
5062,98630.09352365044
5063,98630.09352365044
5064,98630.09352365044
5065,98630.09352365044
5066,98630.09352365044
5067,98630.09352365044
5068,98630.09352365044
5069,98630.09352365044
5070,98630.09352365044
5071,98630.09352365044
5072,98630.09352365044
5073,98630.09352365044
5074,98630.09352365044
5075,98630.09352365044
5076,98630.09352365044
5077,98630.09352365044
5078,98630.09352365044
5079,98630.09352365044
5080,98630.09352365044
5081,98630.09352365044
5082,98630.09352365044
5083,98630.09352365044
5084,98630.09352365044
5085,98630.09352365044
5086,98630.09352365044
5087,98630.09352365044
5088,98630.09352365044
5089,98630.09352365044
5090,98630.09352365044
5091,98630.09352365044
5092,98630.09352365044
5093,98630.09352365044
5094,98630.09352365044
5095,98630.09352365044
5096,98630.09352365044
5097,98630.09352365044
5098,98630.09352365044
5099,98630.09352365044
5100,98630.09352365044
5101,98630.09352365044
5102,98630.09352365044
5103,98630.09352365044
5104,98630.09352365044
5105,98630.09352365044
5106,98630.09352365044
5107,98630.09352365044
5108,98630.09352365044
5109,98630.09352365044
5110,98630.09352365044
5111,98630.09352365044
5112,98630.09352365044
5113,98630.09352365044
5114,98630.09352365044
5115,98630.09352365044
5116,98630.09352365044
5117,98630.09352365044
5118,98630.09352365044
5119,98630.09352365044
5120,98630.09352365044
5121,98630.09352365044
5122,98630.09352365044
5123,98630.09352365044
5124,98630.09352365044
5125,98630.09352365044
5126,98630.09352365044
5127,98630.09352365044
5128,98630.09352365044
5129,98630.09352365044
5130,98630.09352365044
5131,98630.09352365044
5132,98630.09352365044
5133,98630.09352365044
5134,98630.09352365044
5135,98630.09352365044
5136,98630.09352365044
5137,98630.09352365044
5138,98630.09352365044
5139,98630.09352365044
5140,98630.09352365044
5141,98630.09352365044
5142,98630.09352365044
5143,98630.09352365044
5144,98630.09352365044
5145,98630.09352365044
5146,98630.09352365044
5147,98630.09352365044
5148,98630.09352365044
5149,98630.09352365044
5150,98630.09352365044
5151,98630.09352365044
5152,98630.09352365044
5153,98630.09352365044
5154,98630.09352365044
5155,98630.09352365044
5156,98630.09352365044
5157,98630.09352365044
5158,98630.09352365044
5159,98630.09352365044
5160,98630.09352365044
5161,98630.09352365044
5162,98630.09352365044
5163,98630.09352365044
5164,98630.09352365044
5165,98630.09352365044
5166,98630.09352365044
5167,98630.09352365044
5168,98630.09352365044
5169,98630.09352365044
5170,98630.09352365044
5171,98630.09352365044
5172,98630.09352365044
5173,98630.09352365044
5174,98630.09352365044
5175,98630.09352365044
5176,98630.09352365044
5177,98630.09352365044
5178,98630.09352365044
5179,98630.09352365044
5180,98630.09352365044
5181,98630.09352365044
5182,98630.09352365044
5183,98630.09352365044
5184,98630.09352365044
5185,98630.09352365044
5186,98630.09352365044
5187,98630.09352365044
5188,98630.09352365044
5189,98630.09352365044
5190,98630.09352365044
5191,98630.09352365044
5192,98630.09352365044
5193,98630.09352365044
5194,98630.09352365044
5195,98630.09352365044
5196,98630.09352365044
5197,98635.31047930746
5198,98639.60431452337
5199,98634.0971316097
5200,98640.39617562084
5201,98635.00083528856
5202,98635.71451240119
5203,98647.4207520112
5204,98645.54364558663
5205,98645.54364558663
5206,98645.54364558663
5207,98645.54364558663
5208,98645.54364558663
5209,98645.54364558663
5210,98645.54364558663
5211,98645.54364558663
5212,98645.54364558663
5213,98645.54364558663
5214,98645.54364558663
5215,98645.54364558663
5216,98645.54364558663
5217,98645.54364558663
5218,98645.54364558663
5219,98645.54364558663
5220,98645.54364558663
5221,98645.54364558663
5222,98645.54364558663
5223,98645.54364558663
5224,98645.54364558663
5225,98645.54364558663
5226,98645.54364558663
5227,98645.54364558663
5228,98645.54364558663
5229,98635.77467182912
5230,98638.84638887776
5231,98638.60887226969
5232,98615.79493617461
5233,98591.89814968483
5234,98565.29399811487
5235,98608.9169922139
5236,98602.5994334562
5237,98612.65253795282
5238,98619.88788406085
5239,98631.12742257875
5240,98582.99078822535
5241,98584.4721387185
5242,98581.36325398675
5243,98598.26315940447
5244,98597.5978994106
5245,98632.82779112036
5246,98661.41673309183
5247,98639.93314796843
5248,98678.33369259407
5249,98658.78462100541
5250,98662.60317140666
5251,98632.30913073527
5252,98622.3565988772
5253,98636.20470088632
5254,98601.03090903004
5255,98571.20252450267
5256,98591.9036030906
5257,98622.82421358557
5258,98649.36925767505
5259,98675.14076345136
5260,98673.91564916159
5261,98697.00674013492
5262,98718.4766042113
5263,98679.81390792134
5264,98674.32562865752
5265,98693.99129560914
5266,98683.68379101649
5267,98679.15332749204
5268,98690.70183837239
5269,98746.94652896824
5270,98764.46879574348
5271,98779.54583171158
5272,98766.5741021746
5273,98782.82706485325
5274,98804.11859838215
5275,98763.28035252875
5276,98752.14327331274
5277,98699.29123940802
5278,98660.08485829816
5279,98622.2429271601
5280,98608.2289205487
5281,98607.44302530366
5282,98630.46957413359
5283,98535.37887670833
5284,98505.9382084976
5285,98464.32255348351
5286,98405.92050280426
5287,98450.03148168256
5288,98451.42307374303
5289,98450.75672515263
5290,98460.3124156407
5291,98497.47992672253
5292,98561.84499812427
5293,98538.64423111985
5294,98538.64423111985
5295,98538.64423111985
5296,98538.64423111985
5297,98538.64423111985
5298,98538.64423111985
5299,98538.64423111985
5300,98538.64423111985
5301,98538.64423111985
5302,98538.64423111985
5303,98538.64423111985
5304,98538.64423111985
5305,98538.64423111985
5306,98538.64423111985
5307,98538.64423111985
5308,98538.64423111985
5309,98538.64423111985
5310,98538.64423111985
5311,98538.64423111985
5312,98538.64423111985
5313,98538.64423111985
5314,98538.64423111985
5315,98569.43768086021
5316,98589.46992279883
5317,98580.79250396544
5318,98577.7932708998
5319,98594.5724917501
5320,98577.52689584704
5321,98550.11515280486
5322,98571.36222445345
5323,98608.29095772497
5324,98610.81707929388
5325,98611.47666902428
5326,98606.45065046453
5327,98607.77139906285
5328,98610.69990535054
5329,98607.79464666075
5330,98607.47797254194
5331,98609.65532271522
5332,98603.6129944602
5333,98608.02902662303
5334,98610.60547921126
5335,98607.73441340425
5336,98610.51429018346
5337,98600.8338259827
5338,98608.13285095022
5339,98600.58780643751
5340,98605.9568046773
5341,98612.24769222876
5342,98611.37381886353
5343,98606.43967646676
5344,98602.2843442263
5345,98608.83047400216
5346,98614.85867432383
5347,98597.7221024762
5348,98597.57899647314
5349,98604.15788978638
5350,98600.09767997128
5351,98599.31139171358
5352,98566.47357249208
5353,98569.62712220379
5354,98585.24634706537
5355,98541.72286319247
5356,98554.32561690031
5357,98556.03306344611
5358,98607.87399850381
5359,98593.7857277706
5360,98588.73131000795
5361,98613.72809288545
5362,98584.13546704288
5363,98588.08237679652
5364,98606.48885957095
5365,98601.4596565534
5366,98624.28766040404
5367,98665.85248755883
5368,98699.30548479645
5369,98701.1688909259
5370,98677.94296317679
5371,98672.45311357667
5372,98653.11111839068
5373,98661.71608000023
5374,98702.01822557831
5375,98699.06740195103
5376,98645.5593872273
5377,98662.37528536019
5378,98661.6754263061
5379,98659.30769472776
5380,98619.48431891215
5381,98584.41441873251
5382,98585.2919986552
5383,98569.63930609566
5384,98498.87545916451
5385,98542.47898259824
5386,98633.1781070341
5387,98665.52300822959
5388,98709.36464171506
5389,98743.00690401896
5390,98744.46243390805
5391,98675.48350343943
5392,98688.85199086649
5393,98726.02611532454
5394,98734.9929240951
5395,98728.34296553645
5396,98710.31939792343
5397,98726.17293066328
5398,98758.0920369369
5399,98796.74414518585
5400,98875.41596565147
5401,98802.04265386284
5402,98839.63152053933
5403,98815.71911024886
5404,98815.77363337338
5405,98823.8776160357
5406,98830.30471621567
5407,98820.6192467747
5408,98820.6192467747
5409,98820.6192467747
5410,98820.6192467747
5411,98820.6192467747
5412,98820.6192467747
5413,98820.6192467747
5414,98820.6192467747
5415,98820.6192467747
5416,98820.6192467747
5417,98820.6192467747
5418,98820.6192467747
5419,98820.6192467747
5420,98820.6192467747
5421,98820.6192467747
5422,98820.6192467747
5423,98820.6192467747
5424,98820.6192467747
5425,98820.6192467747
5426,98820.6192467747
5427,98820.6192467747
5428,98820.6192467747
5429,98820.6192467747
5430,98820.6192467747
5431,98820.6192467747
5432,98820.6192467747
5433,98820.6192467747
5434,98820.6192467747
5435,98820.6192467747
5436,98820.6192467747
5437,98820.6192467747
5438,98820.6192467747
5439,98820.6192467747
5440,98820.6192467747
5441,98820.6192467747
5442,98820.6192467747
5443,98820.6192467747
5444,98839.32557333799
5445,98825.96740426861
5446,98819.3547984754
5447,98822.2270128725
5448,98825.00874989032
5449,98836.50690525735
5450,98853.42257852983
5451,98828.48151256381
5452,98800.20015624614
5453,98824.35608396029
5454,98851.39641223032
5455,98849.45141363727
5456,98871.77016451825
5457,98868.63369208467
5458,98858.61409189881
5459,98892.4030004937
5460,98860.81035351058
5461,98857.88049655178
5462,98868.36368164515
5463,98890.36774359606
5464,98916.58318260059
5465,98916.64808730978
5466,98916.64933186451
5467,98916.54329806437
5468,98916.51213876178
5469,98916.50868642285
5470,98916.30891270238
5471,98912.10129503069
5472,98898.07037336774
5473,98911.52476227212
5474,98899.02017512977
5475,98898.39360897955
5476,98898.39360897955
5477,98898.39360897955
5478,98898.39360897955
5479,98898.39360897955
5480,98898.39360897955
5481,98898.39360897955
5482,98898.39360897955
5483,98898.39360897955
5484,98898.39360897955
5485,98898.39360897955
5486,98898.39360897955
5487,98898.39360897955
5488,98898.39360897955
5489,98898.39360897955
5490,98898.39360897955
5491,98898.39360897955
5492,98898.39360897955
5493,98898.39360897955
5494,98898.39360897955
5495,98898.39360897955
5496,98898.39360897955
5497,98898.39360897955
5498,98898.39360897955
5499,98898.39360897955
5500,98898.39360897955
5501,98898.39360897955
5502,98898.39360897955
5503,98898.39360897955
5504,98898.39360897955
5505,98898.39360897955
5506,98898.39360897955
5507,98898.39360897955
5508,98898.39360897955
5509,98898.39360897955
5510,98898.39360897955
5511,98898.39360897955
5512,98898.39360897955
5513,98898.39360897955
5514,98903.53960022725
5515,98891.22372954027
5516,98864.40755070421
5517,98874.14340855487
5518,98873.03762878067
5519,98825.50836123379
5520,98857.73918313919
5521,98875.01187819733
5522,98901.04420361633
5523,98865.33241686522
5524,98840.01507811177
5525,98860.53444057188
5526,98850.61202601314
5527,98853.1800577469
5528,98881.85587075078
5529,98928.31036382687
5530,98922.79078687605
5531,98869.49094905735
5532,98857.16428795525
5533,98822.30146897299
5534,98741.46007135634
5535,98760.11289221003
5536,98790.19228413417
5537,98784.20718412419
5538,98830.16908909862
5539,98834.09933772338
5540,98812.0201978558
5541,98815.47695825665
5542,98805.17714817445
5543,98780.61476043821
5544,98794.88153803855
5545,98806.50890409222
5546,98828.41447433119
5547,98805.28343064974
5548,98849.41534718337
5549,98854.94807521583
5550,98853.62176350191
5551,98808.27449636771
5552,98818.70145999485
5553,98834.9087056216
5554,98788.64456441629
5555,98764.09497378516
5556,98696.35336046094
5557,98717.5210412427
5558,98652.03882439838
5559,98712.43270565484
5560,98749.82941690467
5561,98774.11976975508
5562,98774.11976975508
5563,98774.11976975508
5564,98774.11976975508
5565,98774.11976975508
5566,98774.11976975508
5567,98774.11976975508
5568,98774.11976975508
5569,98774.11976975508
5570,98774.11976975508
5571,98774.11976975508
5572,98774.11976975508
5573,98774.11976975508
5574,98774.11976975508
5575,98774.11976975508
5576,98774.11976975508
5577,98774.11976975508
5578,98774.11976975508
5579,98774.11976975508
5580,98774.11976975508
5581,98774.11976975508
5582,98774.11976975508
5583,98774.11976975508
5584,98774.11976975508
5585,98774.11976975508
5586,98774.11976975508
5587,98774.11976975508
5588,98774.11976975508
5589,98774.11976975508
5590,98774.11976975508
5591,98774.11976975508
5592,98774.11976975508
5593,98774.11976975508
5594,98774.11976975508
5595,98774.11976975508
5596,98774.11976975508
5597,98774.11976975508
5598,98774.11976975508
5599,98774.11976975508
5600,98774.11976975508
5601,98774.11976975508
5602,98774.11976975508
5603,98774.11976975508
5604,98774.11976975508
5605,98774.11976975508
5606,98774.11976975508
5607,98774.11976975508
5608,98774.11976975508
5609,98774.11976975508
5610,98774.11976975508
5611,98774.11976975508
5612,98774.11976975508
5613,98774.11976975508
5614,98774.11976975508
5615,98774.11976975508
5616,98774.11976975508
5617,98774.11976975508
5618,98774.11976975508
5619,98774.11976975508
5620,98780.95365800716
5621,98781.424771243
5622,98770.76239541802
5623,98765.09635454844
5624,98764.83163445925
5625,98773.28270547318
5626,98780.68334396089
5627,98787.9800224571
5628,98787.9800224571
5629,98787.9800224571
5630,98787.9800224571
5631,98787.9800224571
5632,98787.9800224571
5633,98787.9800224571
5634,98787.9800224571
5635,98787.9800224571
5636,98787.9800224571
5637,98787.9800224571
5638,98787.9800224571
5639,98787.9800224571
5640,98787.9800224571
5641,98787.9800224571
5642,98787.9800224571
5643,98787.9800224571
5644,98787.9800224571
5645,98787.9800224571
5646,98787.9800224571
5647,98787.9800224571
5648,98787.9800224571
5649,98787.9800224571
5650,98787.9800224571
5651,98787.9800224571
5652,98787.9800224571
5653,98787.9800224571
5654,98787.9800224571
5655,98787.9800224571
5656,98787.9800224571
5657,98787.9800224571
5658,98787.9800224571
5659,98787.9800224571
5660,98787.9800224571
5661,98787.9800224571
5662,98787.9800224571
5663,98787.9800224571
5664,98787.9800224571
5665,98787.9800224571
5666,98787.9800224571
5667,98787.9800224571
5668,98787.9800224571
5669,98787.9800224571
5670,98787.9800224571
5671,98787.9800224571
5672,98787.9800224571
5673,98787.9800224571
5674,98787.9800224571
5675,98787.9800224571
5676,98787.9800224571
5677,98787.9800224571
5678,98787.73394684705
5679,98786.0313438206
5680,98778.24597115307
5681,98776.85664307284
5682,98785.63428563895
5683,98759.11440988991
5684,98722.29813015254
5685,98755.77502272346
5686,98787.74899113871
5687,98778.62028667187
5688,98803.43610407428
5689,98759.52811760365
5690,98711.04987050507
5691,98698.73972262416
5692,98739.07337249293
5693,98714.80984352416
5694,98784.45294021524
5695,98782.96757587377
5696,98803.19128149484
5697,98809.2645816322
5698,98787.80075117495
5699,98791.9391870392
5700,98822.14325678987
5701,98805.24211655906
5702,98788.81107134922
5703,98836.45350623204
5704,98856.50577227547
5705,98910.73548303632
5706,98868.45508796797
5707,98857.04044726648
5708,98865.66072503143
5709,98862.2388158997
5710,98903.12394787188
5711,98866.8088975626
5712,98959.39801987854
5713,98925.67705130801
5714,98926.96283414755
5715,98931.44026793091
5716,98906.38529327555
5717,98913.79706693099
5718,98909.53441378263
5719,98929.02914163138
5720,98933.79865222254
5721,98922.16257201122
5722,98922.16257201122
5723,98922.16257201122
5724,98922.16257201122
5725,98922.16257201122
5726,98922.16257201122
5727,98922.16257201122
5728,98922.16257201122
5729,98922.16257201122
5730,98922.16257201122
5731,98922.16257201122
5732,98922.16257201122
5733,98922.16257201122
5734,98922.16257201122
5735,98922.16257201122
5736,98922.16257201122
5737,98922.16257201122
5738,98922.16257201122
5739,98922.16257201122
5740,98922.16257201122
5741,98922.16257201122
5742,98922.16257201122
5743,98922.16257201122
5744,98922.16257201122
5745,98922.16257201122
5746,98922.16257201122
5747,98922.16257201122
5748,98922.16257201122
5749,98922.16257201122
5750,98922.16257201122
5751,98922.16257201122
5752,98922.16257201122
5753,98922.16257201122
5754,98922.16257201122
5755,98922.16257201122
5756,98922.16257201122
5757,98922.16257201122
5758,98922.16257201122
5759,98922.16257201122
5760,98922.16257201122
5761,98922.16257201122
5762,98922.16257201122
5763,98922.16257201122
5764,98922.16257201122
5765,98922.16257201122
5766,98922.16257201122
5767,98922.16257201122
5768,98922.16257201122
5769,98922.16257201122
5770,98922.16257201122
5771,98922.16257201122
5772,98922.16257201122
5773,98922.16257201122
5774,98922.16257201122
5775,98922.16257201122
5776,98922.16257201122
5777,98922.16257201122
5778,98922.16257201122
5779,98922.16257201122
5780,98922.16257201122
5781,98922.16257201122
5782,98922.16257201122
5783,98922.16257201122
5784,98922.16257201122
5785,98922.16257201122
5786,98922.16257201122
5787,98922.16257201122
5788,98922.16257201122
5789,98922.16257201122
5790,98922.16257201122
5791,98922.16257201122
5792,98922.16257201122
5793,98922.16257201122
5794,98922.16257201122
5795,98922.16257201122
5796,98922.16257201122
5797,98922.16257201122
5798,98922.16257201122
5799,98922.16257201122
5800,98922.16257201122
5801,98922.16257201122
5802,98922.16257201122
5803,98922.16257201122
5804,98922.16257201122
5805,98922.16257201122
5806,98922.16257201122
5807,98922.16257201122
5808,98922.16257201122
5809,98922.16257201122
5810,98922.16257201122
5811,98922.16257201122
5812,98922.16257201122
5813,98922.16257201122
5814,98922.16257201122
5815,98922.16257201122
5816,98922.16257201122
5817,98922.16257201122
5818,98922.16257201122
5819,98922.16257201122
5820,98922.16257201122
5821,98922.16257201122
5822,98922.16257201122
5823,98922.16257201122
5824,98922.16257201122
5825,98922.16257201122
5826,98922.16257201122
5827,98919.16260422065
5828,98910.23507621845
5829,98905.74912144593
5830,98925.53194340115
5831,98919.05678360345
5832,98917.4007304279
5833,98919.89252883682
5834,98917.8980985826
5835,98918.09181412256
5836,98918.09181412256
5837,98918.09181412256
5838,98918.09181412256
5839,98918.09181412256
5840,98918.09181412256
5841,98918.09181412256
5842,98918.09181412256
5843,98918.09181412256
5844,98918.09181412256
5845,98918.09181412256
5846,98918.09181412256
5847,98918.09181412256
5848,98918.09181412256
5849,98918.09181412256
5850,98918.09181412256
5851,98918.09181412256
5852,98918.09181412256
5853,98918.09181412256
5854,98918.09181412256
5855,98920.27731075886
5856,98917.30433788907
5857,98913.32420895052
5858,98922.11563113471
5859,98915.63623383542
5860,98917.42047981279
5861,98904.47505808483
5862,98909.54459766383
5863,98911.54153961464
5864,98917.69386598698
5865,98927.17448474022
5866,98922.52358722944
5867,98914.84508094183
5868,98910.70161719332
5869,98907.83962112453
5870,98904.1200113009
5871,98902.86575397194
5872,98902.70760995573
5873,98905.80326327644
5874,98910.06341263663
5875,98903.5306002343
5876,98909.67195213967
5877,98912.73273343712
5878,98906.41914225294
5879,98904.53273394899
5880,98906.80455810105
5881,98890.2281201456
5882,98895.98368711089
5883,98901.20504099419
5884,98871.09868181407
5885,98859.29890640367
5886,98932.02226206701
5887,98924.75004463652
5888,98959.54564831726
5889,98943.00676989857
5890,98931.38766697062
5891,98888.64908555023
5892,98872.27950570735
5893,98902.61562866208
5894,98897.84890806588
5895,98866.81392048426
5896,98877.32351476005
5897,98865.88731514735
5898,98876.94991942577
5899,98835.23089897631
5900,98814.96987496792
5901,98786.33277657158
5902,98743.65933908375
5903,98711.39008841543
5904,98717.2213476689
5905,98701.51120713426
5906,98701.51120713426
5907,98701.51120713426
5908,98701.51120713426
5909,98701.51120713426
5910,98701.51120713426
5911,98701.51120713426
5912,98701.51120713426
5913,98701.51120713426
5914,98701.51120713426
5915,98701.51120713426
5916,98701.51120713426
5917,98701.51120713426
5918,98701.51120713426
5919,98701.51120713426
5920,98701.51120713426
5921,98701.51120713426
5922,98701.51120713426
5923,98701.51120713426
5924,98701.51120713426
5925,98701.51120713426
5926,98701.51120713426
5927,98701.51120713426
5928,98701.51120713426
5929,98701.51120713426
5930,98701.51120713426
5931,98701.51120713426
5932,98701.51120713426
5933,98701.51120713426
5934,98701.51120713426
5935,98701.51120713426
5936,98701.51120713426
5937,98701.51120713426
5938,98701.51120713426
5939,98701.51120713426
5940,98701.51120713426
5941,98701.51120713426
5942,98701.51120713426
5943,98701.51120713426
5944,98701.51120713426
5945,98701.51120713426
5946,98701.51120713426
5947,98701.51120713426
5948,98701.51120713426
5949,98701.51120713426
5950,98701.51120713426
5951,98701.51120713426
5952,98701.51120713426
5953,98701.51120713426
5954,98701.51120713426
5955,98701.51120713426
5956,98701.51120713426
5957,98701.51120713426
5958,98701.51120713426
5959,98701.51120713426
5960,98701.51120713426
5961,98701.51120713426
5962,98701.51120713426
5963,98701.51120713426
5964,98701.51120713426
5965,98701.51120713426
5966,98701.51120713426
5967,98701.51120713426
5968,98701.51120713426
5969,98701.51120713426
5970,98701.51120713426
5971,98701.51120713426
5972,98701.51120713426
5973,98701.51120713426
5974,98701.51120713426
5975,98701.51120713426
5976,98701.51120713426
5977,98701.51120713426
5978,98701.51120713426
5979,98701.51120713426
5980,98701.51120713426
5981,98701.51120713426
5982,98701.51120713426
5983,98701.51120713426
5984,98701.51120713426
5985,98701.51120713426
5986,98701.51120713426
5987,98701.51120713426
5988,98701.51120713426
5989,98701.51120713426
5990,98701.51120713426
5991,98701.51120713426
5992,98701.51120713426
5993,98701.51120713426
5994,98701.51120713426
5995,98701.51120713426
5996,98701.51120713426
5997,98701.51120713426
5998,98701.51120713426
5999,98701.51120713426
6000,98701.51120713426
6001,98701.51120713426
6002,98701.51120713426
6003,98701.51120713426
6004,98701.51120713426
6005,98701.51120713426
6006,98701.51120713426
6007,98701.51120713426
6008,98701.51120713426
6009,98701.51120713426
6010,98701.51120713426
6011,98701.51120713426
6012,98701.51120713426
6013,98701.51120713426
6014,98701.51120713426
6015,98701.51120713426
6016,98701.51120713426
6017,98701.51120713426
6018,98701.51120713426
6019,98701.51120713426
6020,98701.51120713426
6021,98701.51120713426
6022,98701.51120713426
6023,98701.51120713426
6024,98701.51120713426
6025,98701.51120713426
6026,98701.51120713426
6027,98701.51120713426
6028,98701.51120713426
6029,98701.51120713426
6030,98701.51120713426
6031,98701.51120713426
6032,98701.51120713426
6033,98701.51120713426
6034,98701.51120713426
6035,98701.51120713426
6036,98701.51120713426
6037,98701.51120713426
6038,98701.51120713426
6039,98701.51120713426
6040,98701.51120713426
6041,98701.51120713426
6042,98701.51120713426
6043,98701.51120713426
6044,98701.51120713426
6045,98701.51120713426
6046,98700.07668403226
6047,98697.16302187854
6048,98680.85950996978
6049,98695.9804472362
6050,98743.42126592329
6051,98724.22970220103
6052,98751.04923297622
6053,98749.30506533998
6054,98776.59172404162
6055,98795.23880215778
6056,98802.35209926848
6057,98790.99510692441
6058,98788.74550340585
6059,98787.33669454462
6060,98783.47683589681
6061,98777.06031911641
6062,98772.95882296388
6063,98771.67004567337
6064,98775.57364675326
6065,98767.96867391585
6066,98793.5294811432
6067,98788.43568141681
6068,98806.68061850173
6069,98798.40068009711
6070,98791.67766965253
6071,98785.12139117965
6072,98759.19385813018
6073,98740.42249883641
6074,98718.15492407022
6075,98718.15492407022
6076,98718.15492407022
6077,98718.15492407022
6078,98718.15492407022
6079,98718.15492407022
6080,98718.15492407022
6081,98718.15492407022
6082,98718.15492407022
6083,98718.15492407022
6084,98718.15492407022
6085,98718.15492407022
6086,98718.15492407022
6087,98718.15492407022
6088,98718.15492407022
6089,98718.15492407022
6090,98718.15492407022
6091,98718.15492407022
6092,98718.15492407022
6093,98718.15492407022
6094,98718.15492407022
6095,98718.15492407022
6096,98718.15492407022
6097,98718.15492407022
6098,98718.15492407022
6099,98718.15492407022
6100,98718.15492407022
6101,98718.15492407022
6102,98718.15492407022
6103,98718.15492407022
6104,98718.15492407022
6105,98718.15492407022
6106,98718.15492407022
6107,98718.15492407022
6108,98718.15492407022
6109,98718.15492407022
6110,98718.15492407022
6111,98718.15492407022
6112,98718.15492407022
6113,98718.15492407022
6114,98718.15492407022
6115,98718.15492407022
6116,98735.10188903096
6117,98711.59733803793
6118,98712.34916070722
6119,98689.63996912831
6120,98707.4490326126
6121,98656.76688510258
6122,98669.43088709189
6123,98636.23697296843
6124,98620.24019763555
6125,98582.47691028689
6126,98559.34998183299
6127,98554.42848221931
6128,98589.77599021088
6129,98513.0603868279
6130,98483.00728474694
6131,98493.51958417254
6132,98473.56789147957
6133,98473.56789147957
6134,98473.56789147957
6135,98473.56789147957
6136,98473.56789147957
6137,98473.56789147957
6138,98473.56789147957
6139,98473.56789147957
6140,98473.56789147957
6141,98473.56789147957
6142,98473.56789147957
6143,98473.56789147957
6144,98473.56789147957
6145,98473.56789147957
6146,98473.56789147957
6147,98473.56789147957
6148,98473.56789147957
6149,98473.56789147957
6150,98473.56789147957
6151,98473.56789147957
6152,98473.56789147957
6153,98473.56789147957
6154,98473.56789147957
6155,98473.56789147957
6156,98473.56789147957
6157,98473.56789147957
6158,98473.56789147957
6159,98473.56789147957
6160,98473.56789147957
6161,98473.56789147957
6162,98473.56789147957
6163,98473.56789147957
6164,98473.56789147957
6165,98473.56789147957
6166,98473.56789147957
6167,98473.56789147957
6168,98473.56789147957
6169,98473.56789147957
6170,98473.56789147957
6171,98473.56789147957
6172,98473.56789147957
6173,98473.56789147957
6174,98473.56789147957
6175,98473.56789147957
6176,98473.56789147957
6177,98473.56789147957
6178,98473.56789147957
6179,98473.56789147957
6180,98473.56789147957
6181,98473.56789147957
6182,98473.56789147957
6183,98473.56789147957
6184,98473.56789147957
6185,98473.56789147957
6186,98473.56789147957
6187,98473.56789147957
6188,98473.56789147957
6189,98473.56789147957
6190,98473.56789147957
6191,98473.56789147957
6192,98471.59154120063
6193,98479.45961308597
6194,98491.160646544
6195,98500.12503244467
6196,98494.35606747474
6197,98487.4959675112
6198,98451.81263688997
6199,98453.25760429638
6200,98427.40927177877
6201,98409.86063208772
6202,98385.74129594886
6203,98408.89940700808
6204,98408.89940700808
6205,98408.89940700808
6206,98408.89940700808
6207,98408.89940700808
6208,98408.89940700808
6209,98408.89940700808
6210,98408.89940700808
6211,98408.89940700808
6212,98408.89940700808
6213,98408.89940700808
6214,98408.89940700808
6215,98408.89940700808
6216,98408.89940700808
6217,98408.89940700808
6218,98408.89940700808
6219,98408.89940700808
6220,98408.89940700808
6221,98408.89940700808
6222,98408.89940700808
6223,98408.89940700808
6224,98408.89940700808
6225,98408.89940700808
6226,98408.89940700808
6227,98406.34562257688
6228,98385.43562173143
6229,98359.17631208639
6230,98396.07710928541
6231,98396.07710928541
6232,98396.07710928541
6233,98396.07710928541
6234,98396.07710928541
6235,98396.07710928541
6236,98396.07710928541
6237,98396.07710928541
6238,98396.07710928541
6239,98396.07710928541
6240,98396.07710928541
6241,98396.07710928541
6242,98396.07710928541
6243,98396.07710928541
6244,98396.07710928541
6245,98396.07710928541
6246,98396.07710928541
6247,98396.07710928541
6248,98396.07710928541
6249,98396.07710928541
6250,98396.07710928541
6251,98396.07710928541
6252,98396.07710928541
6253,98396.07710928541
6254,98396.07710928541
6255,98396.07710928541
6256,98396.07710928541
6257,98396.07710928541
6258,98396.07710928541
6259,98396.07710928541
6260,98396.07710928541
6261,98396.07710928541
6262,98396.07710928541
6263,98396.07710928541
6264,98396.07710928541
6265,98396.07710928541
6266,98396.07710928541
6267,98396.07710928541
6268,98396.07710928541
6269,98396.07710928541
6270,98396.07710928541
6271,98396.07710928541
6272,98396.07710928541
6273,98396.07710928541
6274,98396.07710928541
6275,98396.07710928541
6276,98396.07710928541
6277,98396.07710928541
6278,98396.07710928541
6279,98396.07710928541
6280,98396.07710928541
6281,98396.07710928541
6282,98396.07710928541
6283,98396.07710928541
6284,98396.07710928541
6285,98396.07710928541
6286,98396.07710928541
6287,98396.07710928541
6288,98396.07710928541
6289,98396.07710928541
6290,98396.07710928541
6291,98396.07710928541
6292,98396.07710928541
6293,98396.07710928541
6294,98396.07710928541
6295,98396.07710928541
6296,98396.07710928541
6297,98396.07710928541
6298,98396.07710928541
6299,98396.07710928541
6300,98396.07710928541
6301,98396.07710928541
6302,98396.07710928541
6303,98396.07710928541
6304,98396.07710928541
6305,98396.07710928541
6306,98396.07710928541
6307,98396.07710928541
6308,98396.07710928541
6309,98396.07710928541
6310,98396.07710928541
6311,98396.07710928541
6312,98396.07710928541
6313,98396.07710928541
6314,98396.07710928541
6315,98396.07710928541
6316,98396.07710928541
6317,98396.07710928541
6318,98396.07710928541
6319,98396.07710928541
6320,98390.17374530707
6321,98386.56975674385
6322,98403.34818520428
6323,98420.91331590612
6324,98396.36225994644
6325,98393.51967676057
6326,98393.47728109457
6327,98382.01007605602
6328,98406.55992128474
6329,98390.30486946148
6330,98380.59206916334
6331,98380.59206916334
6332,98380.59206916334
6333,98380.59206916334
6334,98380.59206916334
6335,98380.59206916334
6336,98380.59206916334
6337,98380.59206916334
6338,98380.59206916334
6339,98380.59206916334
6340,98380.59206916334
6341,98380.59206916334
6342,98380.59206916334
6343,98380.59206916334
6344,98393.33119553704
6345,98385.77537280736
6346,98423.36494293409
6347,98459.36990716263
6348,98460.08348666741
6349,98440.29661335665
6350,98437.33951097843
6351,98448.55069943883
6352,98448.17784370217
6353,98453.81353600824
6354,98457.11027456322
6355,98451.3130505118
6356,98450.42140303875
6357,98458.53123914242
6358,98469.53826611994
6359,98467.85570326616
6360,98483.95026321922
6361,98483.78068173198
6362,98494.39724807811
6363,98492.10200305724
6364,98476.95910898813
6365,98479.74464682203
6366,98477.93964255776
6367,98465.66195033384
6368,98466.78983364439
6369,98479.60248996395
6370,98483.45094692057
6371,98471.7148230044
6372,98464.29115684598
6373,98462.93233854837
6374,98449.385675059
6375,98455.20408846528
6376,98485.7105597226
6377,98467.112565495
6378,98442.3923130963
6379,98453.70985262832
6380,98463.35383157816
6381,98465.95278145601
6382,98472.92133889179
6383,98455.08094810476
6384,98444.89922868498
6385,98457.51529056985
6386,98462.31803413878
6387,98485.26841608598
6388,98483.24216200263
6389,98486.51097190184
6390,98471.21393627269
6391,98449.73497009621
6392,98441.30106809677
6393,98444.21573457243
6394,98495.5575043963
6395,98464.9343817988
6396,98417.44569762504
6397,98417.50060193038
6398,98421.046561454
6399,98432.07912028798
6400,98442.33916660248
6401,98415.07501522797
6402,98406.04975678028
6403,98426.14859868174
6404,98440.12636844545
6405,98426.51992132781
6406,98468.66577484728
6407,98485.19836071815
6408,98451.90358869387
6409,98477.41064246514
6410,98452.47782176253
6411,98493.56447751599
6412,98446.91059966704
6413,98472.49908714634
6414,98445.45454302894
6415,98417.61229102664
6416,98370.82025402313
6417,98363.71388898611
6418,98378.08093865591
6419,98438.45700768003
6420,98444.17148451792
6421,98415.38197004783
6422,98454.74026167476
6423,98464.59489264061
6424,98502.01492439596
6425,98478.83105406017
6426,98432.4213319618
6427,98423.31735825753
6428,98387.80132745599
6429,98361.40174306002
6430,98409.35623381964
6431,98418.56201056646
6432,98394.70339917808
6433,98420.56153701241
6434,98367.38333633688
6435,98368.40155472531
6436,98382.27344540006
6437,98364.81127459423
6438,98401.8603978906
6439,98405.79482112042
6440,98405.79482112042
6441,98405.79482112042
6442,98405.79482112042
6443,98405.79482112042
6444,98405.79482112042
6445,98405.79482112042
6446,98405.79482112042
6447,98405.79482112042
6448,98405.79482112042
6449,98405.79482112042
6450,98405.79482112042
6451,98405.79482112042
6452,98405.79482112042
6453,98405.79482112042
6454,98405.79482112042
6455,98405.79482112042
6456,98405.79482112042
6457,98405.79482112042
6458,98405.79482112042
6459,98405.79482112042
6460,98405.79482112042
6461,98405.79482112042
6462,98405.79482112042
6463,98405.79482112042
6464,98405.79482112042
6465,98405.79482112042
6466,98405.79482112042
6467,98405.79482112042
6468,98405.79482112042
6469,98405.79482112042
6470,98405.79482112042
6471,98405.79482112042
6472,98405.79482112042
6473,98405.79482112042
6474,98405.79482112042
6475,98405.79482112042
6476,98405.79482112042
6477,98405.79482112042
6478,98405.79482112042
6479,98405.79482112042
6480,98437.67032812933
6481,98468.21974616563
6482,98473.34507539163
6483,98473.75913148247
6484,98475.15104867781
6485,98474.05377723467
6486,98477.31401187497
6487,98474.93541081883
6488,98475.20573576992
6489,98469.71792263331
6490,98462.81252316768
6491,98463.34445096443
6492,98469.24002388466
6493,98462.78829834686
6494,98473.32467809155
6495,98488.61722535576
6496,98476.25742634434
6497,98496.51154612843
6498,98518.25693270628
6499,98518.72551254938
6500,98488.00494652973
6501,98475.71423105223
6502,98471.0604360469
6503,98471.0604360469
6504,98471.0604360469
6505,98471.0604360469
6506,98471.0604360469
6507,98471.0604360469
6508,98471.0604360469
6509,98471.0604360469
6510,98471.0604360469
6511,98471.0604360469
6512,98471.0604360469
6513,98471.0604360469
6514,98471.0604360469
6515,98471.0604360469
6516,98471.0604360469
6517,98471.0604360469
6518,98471.0604360469
6519,98471.0604360469
6520,98471.0604360469
6521,98471.0604360469
6522,98471.0604360469
6523,98471.0604360469
6524,98471.0604360469
6525,98471.0604360469
6526,98471.0604360469
6527,98471.0604360469
6528,98471.0604360469
6529,98471.0604360469
6530,98471.0604360469
6531,98471.0604360469
6532,98471.0604360469
6533,98471.0604360469
6534,98474.92083375921
6535,98466.90993871416
6536,98479.3482588694
6537,98486.46727221058
6538,98477.0717146798
6539,98468.93828379345
6540,98467.2236632622
6541,98451.57159840762
6542,98399.68348562004
6543,98399.68348562004
6544,98399.68348562004
6545,98399.68348562004
6546,98399.68348562004
6547,98399.68348562004
6548,98399.68348562004
6549,98399.68348562004
6550,98399.68348562004
6551,98399.68348562004
6552,98399.68348562004
6553,98399.68348562004
6554,98399.68348562004
6555,98399.68348562004
6556,98399.68348562004
6557,98399.68348562004
6558,98399.68348562004
6559,98399.68348562004
6560,98399.68348562004
6561,98399.68348562004
6562,98399.68348562004
6563,98399.68348562004
6564,98399.68348562004
6565,98399.68348562004
6566,98399.68348562004
6567,98399.68348562004
6568,98399.68348562004
6569,98399.68348562004
6570,98399.68348562004
6571,98399.68348562004
6572,98399.68348562004
6573,98399.68348562004
6574,98399.68348562004
6575,98399.68348562004
6576,98399.68348562004
6577,98399.68348562004
6578,98399.68348562004
6579,98399.68348562004
6580,98399.68348562004
6581,98399.68348562004
6582,98399.68348562004
6583,98399.68348562004
6584,98399.68348562004
6585,98399.68348562004
6586,98399.68348562004
6587,98399.68348562004
6588,98399.68348562004
6589,98399.68348562004
6590,98399.68348562004
6591,98399.68348562004
6592,98399.68348562004
6593,98399.68348562004
6594,98396.7732502168
6595,98414.70375463575
6596,98407.97234520693
6597,98403.60998554836
6598,98383.5743711072
6599,98399.76666865134
6600,98412.81634677862
6601,98399.01319006368
6602,98400.95599000216
6603,98400.56562140414
6604,98401.31975044547
6605,98401.31975044547
6606,98401.31975044547
6607,98401.31975044547
6608,98401.31975044547
6609,98401.31975044547
6610,98401.31975044547
6611,98401.31975044547
6612,98401.31975044547
6613,98401.31975044547
6614,98401.31975044547
6615,98401.31975044547
6616,98401.31975044547
6617,98401.31975044547
6618,98401.31975044547
6619,98401.31975044547
6620,98401.31975044547
6621,98401.31975044547
6622,98401.31975044547
6623,98401.31975044547
6624,98401.31975044547
6625,98401.31975044547
6626,98401.31975044547
6627,98401.31975044547
6628,98401.31975044547
6629,98399.38986632117
6630,98404.68014564655
6631,98422.60695449896
6632,98431.11884481648
6633,98431.87555076106
6634,98422.80002475592
6635,98437.01019990451
6636,98435.34485956944
6637,98423.03996769282
6638,98407.16868885935
6639,98404.18722135347
6640,98429.30445917168
6641,98403.86896747893
6642,98432.22191659894
6643,98462.55373992653
6644,98465.99202478536
6645,98463.80504210795
6646,98444.30924211406
6647,98436.788586142
6648,98400.91787956175
6649,98342.6319160839
6650,98321.82998335602
6651,98339.82840726343
6652,98300.49119177315
6653,98300.49119177315
6654,98300.49119177315
6655,98300.49119177315
6656,98300.49119177315
6657,98300.49119177315
6658,98300.49119177315
6659,98300.49119177315
6660,98300.49119177315
6661,98300.49119177315
6662,98300.49119177315
6663,98300.49119177315
6664,98300.49119177315
6665,98300.49119177315
6666,98300.49119177315
6667,98300.49119177315
6668,98300.49119177315
6669,98300.49119177315
6670,98300.49119177315
6671,98300.49119177315
6672,98300.49119177315
6673,98300.49119177315
6674,98300.49119177315
6675,98300.49119177315
6676,98300.49119177315
6677,98300.49119177315
6678,98300.49119177315
6679,98300.49119177315
6680,98300.49119177315
6681,98300.49119177315
6682,98300.49119177315
6683,98300.49119177315
6684,98300.49119177315
6685,98300.49119177315
6686,98300.49119177315
6687,98300.49119177315
6688,98300.49119177315
6689,98300.49119177315
6690,98300.49119177315
6691,98300.49119177315
6692,98300.49119177315
6693,98300.49119177315
6694,98300.49119177315
6695,98300.49119177315
6696,98300.49119177315
6697,98300.49119177315
6698,98300.49119177315
6699,98300.49119177315
6700,98300.49119177315
6701,98300.49119177315
6702,98300.49119177315
6703,98300.49119177315
6704,98300.49119177315
6705,98300.49119177315
6706,98300.49119177315
6707,98300.49119177315
6708,98300.49119177315
6709,98300.49119177315
6710,98300.49119177315
6711,98300.49119177315
6712,98300.49119177315
6713,98300.49119177315
6714,98300.49119177315
6715,98300.49119177315
6716,98300.49119177315
6717,98300.49119177315
6718,98300.49119177315
6719,98300.49119177315
6720,98300.49119177315
6721,98300.49119177315
6722,98300.49119177315
6723,98300.49119177315
6724,98300.49119177315
6725,98300.49119177315
6726,98300.49119177315
6727,98300.49119177315
6728,98300.49119177315
6729,98300.49119177315
6730,98300.49119177315
6731,98300.49119177315
6732,98300.49119177315
6733,98300.49119177315
6734,98300.49119177315
6735,98300.49119177315
6736,98300.49119177315
6737,98300.49119177315
6738,98300.49119177315
6739,98300.49119177315
6740,98300.49119177315
6741,98300.49119177315
6742,98300.49119177315
6743,98300.49119177315
6744,98300.49119177315
6745,98300.49119177315
6746,98300.49119177315
6747,98300.49119177315
6748,98300.49119177315
6749,98300.49119177315
6750,98300.49119177315
6751,98300.49119177315
6752,98300.49119177315
6753,98300.49119177315
6754,98300.49119177315
6755,98300.49119177315
6756,98300.49119177315
6757,98300.49119177315
6758,98300.49119177315
6759,98300.49119177315
6760,98300.49119177315
6761,98300.49119177315
6762,98300.49119177315
6763,98300.49119177315
6764,98300.49119177315
6765,98300.49119177315
6766,98300.49119177315
6767,98300.49119177315
6768,98300.49119177315
6769,98300.49119177315
6770,98300.49119177315
6771,98300.49119177315
6772,98300.49119177315
6773,98300.49119177315
6774,98300.49119177315
6775,98300.49119177315
6776,98300.49119177315
6777,98300.49119177315
6778,98300.49119177315
6779,98300.49119177315
6780,98300.49119177315
6781,98300.49119177315
6782,98300.49119177315
6783,98300.49119177315
6784,98300.49119177315
6785,98300.49119177315
6786,98300.49119177315
6787,98300.49119177315
6788,98300.49119177315
6789,98300.49119177315
6790,98300.49119177315
6791,98300.49119177315
6792,98300.49119177315
6793,98300.49119177315
6794,98300.49119177315
6795,98300.49119177315
6796,98300.49119177315
6797,98300.49119177315
6798,98300.49119177315
6799,98300.49119177315
6800,98300.49119177315
6801,98300.49119177315
6802,98300.49119177315
6803,98300.49119177315
6804,98300.49119177315
6805,98300.49119177315
6806,98300.49119177315
6807,98300.49119177315
6808,98300.49119177315
6809,98300.49119177315
6810,98300.49119177315
6811,98300.49119177315
6812,98300.49119177315
6813,98300.49119177315
6814,98300.49119177315
6815,98300.49119177315
6816,98300.49119177315
6817,98300.49119177315
6818,98300.49119177315
6819,98300.49119177315
6820,98300.49119177315
6821,98300.49119177315
6822,98300.49119177315
6823,98300.49119177315
6824,98300.49119177315
6825,98300.49119177315
6826,98300.49119177315
6827,98300.49119177315
6828,98300.49119177315
6829,98300.49119177315
6830,98300.49119177315
6831,98300.49119177315
6832,98300.49119177315
6833,98300.49119177315
6834,98300.49119177315
6835,98300.49119177315
6836,98300.49119177315
6837,98300.49119177315
6838,98300.49119177315
6839,98300.49119177315
6840,98300.49119177315
6841,98300.49119177315
6842,98300.49119177315
6843,98300.49119177315
6844,98300.49119177315
6845,98300.49119177315
6846,98300.49119177315
6847,98300.49119177315
6848,98300.49119177315
6849,98300.49119177315
6850,98300.49119177315
6851,98300.49119177315
6852,98300.49119177315
6853,98300.49119177315
6854,98300.49119177315
6855,98300.49119177315
6856,98300.49119177315
6857,98300.49119177315
6858,98300.49119177315
6859,98300.49119177315
6860,98300.49119177315
6861,98300.49119177315
6862,98300.49119177315
6863,98300.49119177315
6864,98300.49119177315
6865,98300.49119177315
6866,98300.49119177315
6867,98300.49119177315
6868,98300.49119177315
6869,98300.49119177315
6870,98300.49119177315
6871,98300.49119177315
6872,98300.49119177315
6873,98300.66898802944
6874,98309.18654561255
6875,98321.0770001407
6876,98329.50831688459
6877,98331.39462780833
6878,98323.12577942226
6879,98317.30226189717
6880,98323.87426473394
6881,98328.35546239337
6882,98325.18061489191
6883,98337.31442930327
6884,98325.68820424846
6885,98319.5980213485
6886,98326.4208734911
6887,98333.47151654479
6888,98327.79580691674
6889,98342.07003836492
6890,98348.7255984826
6891,98342.77345627219
6892,98336.60334029801
6893,98330.59845070855
6894,98301.62983908904
6895,98311.78910628382
6896,98305.54894910235
6897,98327.55801031561
6898,98309.48075952478
6899,98283.1045772522
6900,98255.28932781829
6901,98271.51221578542
6902,98309.76290818832
6903,98314.46161434561
6904,98254.11388389245
6905,98254.11388389245
6906,98254.11388389245
6907,98254.11388389245
6908,98254.11388389245
6909,98254.11388389245
6910,98254.11388389245
6911,98254.11388389245
6912,98254.11388389245
6913,98254.11388389245
6914,98254.11388389245
6915,98254.11388389245
6916,98254.11388389245
6917,98254.11388389245
6918,98254.11388389245
6919,98254.11388389245
6920,98254.11388389245
6921,98254.11388389245
6922,98254.11388389245
6923,98254.11388389245
6924,98254.11388389245
6925,98254.11388389245
6926,98254.11388389245
6927,98254.11388389245
6928,98254.11388389245
6929,98254.11388389245
6930,98254.11388389245
6931,98254.11388389245
6932,98254.11388389245
6933,98254.11388389245
6934,98254.11388389245
6935,98254.11388389245
6936,98254.11388389245
6937,98254.11388389245
6938,98254.11388389245
6939,98254.11388389245
6940,98254.11388389245
6941,98254.11388389245
6942,98254.11388389245
6943,98254.11388389245
6944,98254.11388389245
6945,98254.11388389245
6946,98254.11388389245
6947,98254.11388389245
6948,98254.11388389245
6949,98254.11388389245
6950,98254.11388389245
6951,98254.11388389245
6952,98254.11388389245
6953,98254.11388389245
6954,98254.11388389245
6955,98254.11388389245
6956,98254.11388389245
6957,98254.11388389245
6958,98254.11388389245
6959,98254.11388389245
6960,98254.11388389245
6961,98254.11388389245
6962,98254.11388389245
6963,98254.11388389245
6964,98254.11388389245
6965,98270.3113771058
6966,98243.65150843233
6967,98224.81296424041
6968,98206.33368609007
6969,98206.15984988796
6970,98204.10468273488
6971,98225.05259877145
6972,98221.13733514734
6973,98214.05300885432
6974,98178.05120169895
6975,98196.90925741759
6976,98167.26966495406
6977,98167.26966495406
6978,98167.26966495406
6979,98167.26966495406
6980,98167.26966495406
6981,98167.26966495406
6982,98167.26966495406
6983,98167.26966495406
6984,98167.26966495406
6985,98167.26966495406
6986,98167.26966495406
6987,98167.26966495406
6988,98167.26966495406
6989,98167.26966495406
6990,98167.26966495406
6991,98167.26966495406
6992,98167.26966495406
6993,98167.26966495406
6994,98167.26966495406
6995,98167.26966495406
6996,98167.26966495406
6997,98167.26966495406
6998,98167.26966495406
6999,98167.26966495406
7000,98167.26966495406
7001,98167.26966495406
7002,98167.26966495406
7003,98167.26966495406
7004,98167.26966495406
7005,98167.26966495406
7006,98167.26966495406
7007,98167.26966495406
7008,98167.26966495406
7009,98167.26966495406
7010,98167.26966495406
7011,98167.26966495406
7012,98167.26966495406
7013,98167.26966495406
7014,98167.26966495406
7015,98167.26966495406
7016,98167.26966495406
7017,98167.26966495406
7018,98167.26966495406
7019,98167.26966495406
7020,98167.26966495406
7021,98167.26966495406
7022,98167.26966495406
7023,98143.71162725455
7024,98123.15465325514
7025,98151.2744387009
7026,98133.01530907642
7027,98090.01700117775
7028,98091.84499402028
7029,98082.41199233031
7030,98093.40033300863
7031,98053.51519182567
7032,98024.81225570713
7033,98007.95341686635
7034,98007.95341686635
7035,98007.95341686635
7036,98007.95341686635
7037,98007.95341686635
7038,98007.95341686635
7039,98007.95341686635
7040,98007.95341686635
7041,98007.95341686635
7042,98007.95341686635
7043,98007.95341686635
7044,98007.95341686635
7045,98007.95341686635
7046,98007.95341686635
7047,98007.95341686635
7048,98007.95341686635
7049,98007.95341686635
7050,98007.95341686635
7051,98007.95341686635
7052,98007.95341686635
7053,98007.95341686635
7054,98007.95341686635
7055,98007.95341686635
7056,98007.95341686635
7057,98007.95341686635
7058,98007.95341686635
7059,98007.95341686635
7060,98014.81169932726
7061,98013.94690257609
7062,98006.68794743685
7063,98005.09076611123
7064,98017.17789628134
7065,98017.17789628134
7066,98017.17789628134
7067,98017.17789628134
7068,98017.17789628134
7069,98017.17789628134
7070,98017.17789628134
7071,98017.17789628134
7072,98017.17789628134
7073,98017.17789628134
7074,98017.17789628134
7075,98017.17789628134
7076,98017.17789628134
7077,98017.17789628134
7078,98017.17789628134
7079,98017.17789628134
7080,98017.17789628134
7081,98017.17789628134
7082,98017.17789628134
7083,98017.17789628134
7084,98017.17789628134
7085,98017.17789628134
7086,98017.17789628134
7087,98017.17789628134
7088,98017.17789628134
7089,98017.17789628134
7090,98017.17789628134
7091,98017.17789628134
7092,98017.17789628134
7093,98017.17789628134
7094,98017.17789628134
7095,98017.17789628134
7096,98017.17789628134
7097,98017.17789628134
7098,98017.17789628134
7099,98017.17789628134
7100,98017.17789628134
7101,98017.17789628134
7102,98017.17789628134
7103,98017.17789628134
7104,98017.17789628134
7105,98017.17789628134
7106,98017.17789628134
7107,98017.17789628134
7108,98017.17789628134
7109,98017.17789628134
7110,98017.17789628134
7111,98017.17789628134
7112,98017.17789628134
7113,98017.17789628134
7114,98017.17789628134
7115,98017.17789628134
7116,98017.17789628134
7117,98017.17789628134
7118,98017.17789628134
7119,98017.17789628134
7120,98017.17789628134
7121,98017.17789628134
7122,98017.17789628134
7123,98017.17789628134
7124,98017.17789628134
7125,98017.17789628134
7126,98017.17789628134
7127,98017.17789628134
7128,98017.17789628134
7129,98017.17789628134
7130,98017.17789628134
7131,98017.17789628134
7132,98017.17789628134
7133,98001.84042175535
7134,97984.29149226975
7135,97948.48234294573
7136,97944.15543355794
7137,97962.94130420366
7138,97943.36037090125
7139,97943.36037090125
7140,97943.36037090125
7141,97943.36037090125
7142,97943.36037090125
7143,97943.36037090125
7144,97943.36037090125
7145,97943.36037090125
7146,97943.36037090125
7147,97943.36037090125
7148,97943.36037090125
7149,97943.36037090125
7150,97943.36037090125
7151,97943.36037090125
7152,97943.36037090125
7153,97943.36037090125
7154,97943.36037090125
7155,97943.36037090125
7156,97943.36037090125
7157,97943.36037090125
7158,97943.36037090125
7159,97943.36037090125
7160,97943.36037090125
7161,97943.36037090125
7162,97943.36037090125
7163,97943.36037090125
7164,97943.36037090125
7165,97943.36037090125
7166,97943.36037090125
7167,97943.36037090125
7168,97943.36037090125
7169,97943.36037090125
7170,97943.36037090125
7171,97943.36037090125
7172,97943.36037090125
7173,97943.36037090125
7174,97943.36037090125
7175,97943.36037090125
7176,97943.36037090125
7177,97943.36037090125
7178,97943.36037090125
7179,97943.36037090125
7180,97943.36037090125
7181,97943.36037090125
7182,97943.36037090125
7183,97943.36037090125
7184,97943.36037090125
7185,97943.36037090125
7186,97943.36037090125
7187,97943.36037090125
7188,97943.36037090125
7189,97943.36037090125
7190,97943.36037090125
7191,97943.36037090125
7192,97943.36037090125
7193,97943.36037090125
7194,97943.36037090125
7195,97943.36037090125
7196,97943.36037090125
7197,97943.36037090125
7198,97943.36037090125
7199,97943.36037090125
7200,97943.36037090125
7201,97943.36037090125
7202,97943.36037090125
7203,97952.59929895232
7204,97941.84465901963
7205,97938.49506412573
7206,97952.61600413072
7207,97938.23656368892
7208,97922.77526766906
7209,97950.47582957192
7210,97961.91204231334
7211,97940.62580803834
7212,97955.672265794
7213,97939.79039632865
7214,97937.44195957792
7215,97936.62948572823
7216,97930.9524579508
7217,97923.87942632641
7218,97895.89616962727
7219,97948.34952628067
7220,97911.19347358296
7221,97926.1888197888
7222,97883.04287077648
7223,97907.83586176102
7224,97907.83586176102
7225,97907.83586176102
7226,97907.83586176102
7227,97907.83586176102
7228,97907.83586176102
7229,97907.83586176102
7230,97907.83586176102
7231,97907.83586176102
7232,97907.83586176102
7233,97907.83586176102
7234,97907.83586176102
7235,97907.83586176102
7236,97907.83586176102
7237,97907.83586176102
7238,97907.83586176102
7239,97907.83586176102
7240,97907.83586176102
7241,97907.83586176102
7242,97907.83586176102
7243,97907.83586176102
7244,97907.83586176102
7245,97907.83586176102
7246,97907.83586176102
7247,97907.83586176102
7248,97907.83586176102
7249,97907.83586176102
7250,97907.83586176102
7251,97907.83586176102
7252,97907.83586176102
7253,97907.83586176102
7254,97907.83586176102
7255,97907.83586176102
7256,97907.83586176102
7257,97907.83586176102
7258,97907.83586176102
7259,97907.83586176102
7260,97907.83586176102
7261,97907.83586176102
7262,97907.83586176102
7263,97907.83586176102
7264,97907.83586176102
7265,97907.83586176102
7266,97907.83586176102
7267,97907.83586176102
7268,97907.83586176102
7269,97907.83586176102
7270,97907.83586176102
7271,97907.83586176102
7272,97907.83586176102
7273,97907.83586176102
7274,97931.98068618907
7275,97937.6418858845
7276,97950.24298554982
7277,97945.20865160436
7278,97946.35299592857
7279,97982.80873340581
7280,97986.73832565815
7281,97995.85721204322
7282,98005.39536217558
7283,98013.75648445469
7284,98006.84441592253
7285,98006.38734322754
7286,98012.4222841178
7287,98009.53161382272
7288,98017.68879162821
7289,98014.28750305295
7290,98023.0311518881
7291,98068.27451895537
7292,98074.62620303781
7293,98079.99533062949
7294,98055.55394307003
7295,98066.9036841984
7296,98062.7413109281
7297,98034.58697575728
7298,98022.51034849508
7299,98025.51456985211
7300,98023.46403477505
7301,98015.4677337533
7302,98034.93504768847
7303,98005.94448527531
7304,97984.47420770726
7305,97937.01311275829
7306,97903.79982741686
7307,97871.08117303699
7308,97851.09558617858
7309,97851.09558617858
7310,97851.09558617858
7311,97851.09558617858
7312,97851.09558617858
7313,97851.09558617858
7314,97851.09558617858
7315,97851.09558617858
7316,97851.09558617858
7317,97851.09558617858
7318,97851.09558617858
7319,97851.09558617858
7320,97851.09558617858
7321,97851.09558617858
7322,97851.09558617858
7323,97851.09558617858
7324,97851.09558617858
7325,97851.09558617858
7326,97851.09558617858
7327,97851.09558617858
7328,97851.09558617858
7329,97851.09558617858
7330,97851.09558617858
7331,97851.09558617858
7332,97851.09558617858
7333,97851.09558617858
7334,97851.09558617858
7335,97851.09558617858
7336,97851.09558617858
7337,97851.09558617858
7338,97851.09558617858
7339,97851.09558617858
7340,97851.09558617858
7341,97851.09558617858
7342,97851.09558617858
7343,97851.09558617858
7344,97851.09558617858
7345,97851.09558617858
7346,97851.09558617858
7347,97851.09558617858
7348,97851.09558617858
7349,97851.09558617858
7350,97851.09558617858
7351,97851.09558617858
7352,97851.09558617858
7353,97851.09558617858
7354,97851.09558617858
7355,97851.09558617858
7356,97851.09558617858
7357,97851.09558617858
7358,97851.09558617858
7359,97851.09558617858
7360,97851.09558617858
7361,97851.09558617858
7362,97851.09558617858
7363,97851.09558617858
7364,97851.09558617858
7365,97851.09558617858
7366,97851.09558617858
7367,97851.09558617858
7368,97851.09558617858
7369,97851.09558617858
7370,97851.09558617858
7371,97851.09558617858
7372,97851.09558617858
7373,97851.09558617858
7374,97851.09558617858
7375,97851.09558617858
7376,97851.09558617858
7377,97851.09558617858
7378,97851.09558617858
7379,97851.09558617858
7380,97851.09558617858
7381,97851.09558617858
7382,97851.09558617858
7383,97851.09558617858
7384,97851.09558617858
7385,97851.09558617858
7386,97851.09558617858
7387,97851.09558617858
7388,97851.09558617858
7389,97851.09558617858
7390,97851.09558617858
7391,97851.09558617858
7392,97851.09558617858
7393,97851.09558617858
7394,97851.09558617858
7395,97851.09558617858
7396,97851.09558617858
7397,97851.09558617858
7398,97851.09558617858
7399,97851.09558617858
7400,97851.09558617858
7401,97851.09558617858
7402,97851.09558617858
7403,97851.09558617858
7404,97851.09558617858
7405,97851.09558617858
7406,97851.09558617858
7407,97851.09558617858
7408,97851.09558617858
7409,97851.09558617858
7410,97851.09558617858
7411,97851.09558617858
7412,97851.09558617858
7413,97851.09558617858
7414,97851.09558617858
7415,97851.09558617858
7416,97851.09558617858
7417,97851.09558617858
7418,97851.09558617858
7419,97846.50182447575
7420,97848.4999511594
7421,97846.1328358647
7422,97861.75803871534
7423,97863.15110314777
7424,97874.32203457657
7425,97888.62520684599
7426,97889.95655668572
7427,97889.48230831735
7428,97890.12632046205
7429,97890.05092792965
7430,97888.63377282459
7431,97888.52783021188
7432,97888.03495297371
7433,97889.34739631748
7434,97890.58364206555
7435,97890.34782252215
7436,97890.08318968596
7437,97887.79416021208
7438,97887.89072315107
7439,97887.89072315107
7440,97887.89072315107
7441,97887.89072315107
7442,97887.89072315107
7443,97887.89072315107
7444,97887.89072315107
7445,97887.89072315107
7446,97887.89072315107
7447,97887.89072315107
7448,97887.89072315107
7449,97887.89072315107
7450,97887.89072315107
7451,97907.146226095
7452,97914.63649198021
7453,97927.0090501301
7454,97926.31882712501
7455,97924.23832213577
7456,97928.73028968416
7457,97932.0836845507
7458,97932.0836845507
7459,97932.0836845507
7460,97932.0836845507
7461,97932.0836845507
7462,97932.0836845507
7463,97932.0836845507
7464,97932.0836845507
7465,97932.0836845507
7466,97932.0836845507
7467,97932.0836845507
7468,97932.0836845507
7469,97932.0836845507
7470,97932.0836845507
7471,97932.0836845507
7472,97932.0836845507
7473,97932.0836845507
7474,97932.0836845507
7475,97932.0836845507
7476,97932.0836845507
7477,97932.0836845507
7478,97932.0836845507
7479,97932.0836845507
7480,97932.0836845507
7481,97932.0836845507
7482,97932.0836845507
7483,97932.0836845507
7484,97932.0836845507
7485,97932.0836845507
7486,97932.0836845507
7487,97932.0836845507
7488,97932.0836845507
7489,97932.0836845507
7490,97932.0836845507
7491,97932.0836845507
7492,97932.0836845507
7493,97932.0836845507
7494,97932.0836845507
7495,97932.0836845507
7496,97932.0836845507
7497,97932.0836845507
7498,97932.0836845507
7499,97932.0836845507
7500,97932.0836845507
7501,97932.0836845507
7502,97932.0836845507
7503,97932.0836845507
7504,97932.0836845507
7505,97932.0836845507
7506,97932.0836845507
7507,97932.0836845507
7508,97932.0836845507
7509,97932.0836845507
7510,97932.0836845507
7511,97932.0836845507
7512,97932.0836845507
7513,97932.0836845507
7514,97932.0836845507
7515,97932.0836845507
7516,97932.0836845507
7517,97932.0836845507
7518,97932.0836845507
7519,97932.0836845507
7520,97932.0836845507
7521,97932.0836845507
7522,97932.0836845507
7523,97932.0836845507
7524,97932.0836845507
7525,97932.0836845507
7526,97932.0836845507
7527,97932.0836845507
7528,97932.0836845507
7529,97932.0836845507
7530,97932.0836845507
7531,97932.0836845507
7532,97932.0836845507
7533,97932.0836845507
7534,97932.0836845507
7535,97932.0836845507
7536,97932.0836845507
7537,97932.0836845507
7538,97932.0836845507
7539,97932.0836845507
7540,97932.0836845507
7541,97932.0836845507
7542,97932.0836845507
7543,97932.0836845507
7544,97932.0836845507
7545,97932.0836845507
7546,97932.0836845507
7547,97932.0836845507
7548,97932.0836845507
7549,97932.0836845507
7550,97932.0836845507
7551,97932.0836845507
7552,97932.0836845507
7553,97932.0836845507
7554,97932.0836845507
7555,97932.0836845507
7556,97932.0836845507
7557,97932.0836845507
7558,97932.0836845507
7559,97932.0836845507
7560,97932.0836845507
7561,97932.0836845507
7562,97932.0836845507
7563,97932.0836845507
7564,97932.0836845507
7565,97932.0836845507
7566,97932.0836845507
7567,97932.0836845507
7568,97932.0836845507
7569,97932.0836845507
7570,97932.0836845507
7571,97932.0836845507
7572,97932.0836845507
7573,97932.0836845507
7574,97932.0836845507
7575,97932.0836845507
7576,97932.0836845507
7577,97932.0836845507
7578,97932.0836845507
7579,97932.0836845507
7580,97932.0836845507
7581,97932.0836845507
7582,97932.0836845507
7583,97932.0836845507
7584,97932.0836845507
7585,97932.0836845507
7586,97932.0836845507
7587,97932.0836845507
7588,97932.0836845507
7589,97932.0836845507
7590,97932.0836845507
7591,97932.0836845507
7592,97932.0836845507
7593,97932.0836845507
7594,97932.0836845507
7595,97932.0836845507
7596,97932.0836845507
7597,97932.0836845507
7598,97932.0836845507
7599,97932.0836845507
7600,97932.0836845507
7601,97932.0836845507
7602,97932.0836845507
7603,97932.0836845507
7604,97932.0836845507
7605,97932.0836845507
7606,97932.0836845507
7607,97932.0836845507
7608,97932.0836845507
7609,97932.0836845507
7610,97932.0836845507
7611,97932.0836845507
7612,97932.0836845507
7613,97932.0836845507
7614,97932.0836845507
7615,97932.0836845507
7616,97932.0836845507
7617,97932.0836845507
7618,97932.0836845507
7619,97932.0836845507
7620,97932.0836845507
7621,97932.0836845507
7622,97932.0836845507
7623,97932.0836845507
7624,97932.0836845507
7625,97932.0836845507
7626,97932.0836845507
7627,97932.0836845507
7628,97932.0836845507
7629,97932.0836845507
7630,97932.0836845507
7631,97932.0836845507
7632,97932.0836845507
7633,97932.0836845507
7634,97932.0836845507
7635,97932.0836845507
7636,97932.0836845507
7637,97947.8998898167
7638,97953.55308409767
7639,97993.25004968268
7640,98004.6010547385
7641,98001.83532280618
7642,98001.167025704
7643,98001.79812680256
7644,98001.39847420197
7645,98000.98311568331
7646,97998.92124608633
7647,97997.2406300948
7648,97996.53305919819
7649,97998.7682258181
7650,98000.99775165578
7651,98000.88095915243
7652,98003.63013396296
7653,98003.63013396296
7654,98003.63013396296
7655,98003.63013396296
7656,98003.63013396296
7657,98003.63013396296
7658,98003.63013396296
7659,98003.63013396296
7660,98003.63013396296
7661,98003.63013396296
7662,98003.63013396296
7663,98003.63013396296
7664,98003.63013396296
7665,98003.63013396296
7666,98003.63013396296
7667,98003.63013396296
7668,98003.63013396296
7669,98003.63013396296
7670,98001.15622739935
7671,98001.98454259128
7672,98009.8005079976
7673,97980.50428319802
7674,97984.82387084214
7675,97991.79769050161
7676,98004.6151340529
7677,98014.13139910693
7678,98024.20634489284
7679,98037.73781775364
7680,98043.03893331668
7681,98033.61713447959
7682,98005.9532869929
7683,98041.5444557238
7684,98043.65760326666
7685,98028.30037050706
7686,98016.44379727378
7687,98030.63171810795
7688,98036.6721368279
7689,98054.9727878793
7690,98087.17450291471
7691,98079.59644498726
7692,98083.86567132024
7693,98095.86620604836
7694,98099.51862971348
7695,98091.600547923
7696,98096.92847043536
7697,98092.7318222426
7698,98087.63346755883
7699,98096.65487734917
7700,98094.80250964192
7701,98098.06442253731
7702,98091.98111200836
7703,98086.9321709394
7704,98091.82711128358
7705,98097.45125860741
7706,98101.67648411349
7707,98107.50007622039
7708,98102.96884415168
7709,98105.98952645152
7710,98112.97265525209
7711,98116.99032893723
7712,98116.36150547642
7713,98118.92492045641
7714,98115.39246734728
7715,98106.83989104566
7716,98101.76196393001
7717,98100.62677629762
7718,98100.77266247054
7719,98092.15239620142
7720,98083.32166396221
7721,98081.09777385327
7722,98080.72617160431
7723,98080.51264166812
7724,98080.82851946352
7725,98084.59375841172
7726,98083.94614524874
7727,98078.97249619392
7728,98074.90241158803
7729,98052.17577906247
7730,98064.83950241978
7731,98055.62317858821
7732,98065.38353625144
7733,98060.37197341262
7734,98060.37197341262
7735,98060.37197341262
7736,98060.37197341262
7737,98060.37197341262
7738,98060.37197341262
7739,98060.37197341262
7740,98060.37197341262
7741,98060.37197341262
7742,98060.37197341262
7743,98060.37197341262
7744,98060.37197341262
7745,98060.37197341262
7746,98060.37197341262
7747,98060.37197341262
7748,98060.37197341262
7749,98060.37197341262
7750,98060.37197341262
7751,98060.37197341262
7752,98060.37197341262
7753,98060.37197341262
7754,98060.37197341262
7755,98060.37197341262
7756,98060.37197341262
7757,98060.37197341262
7758,98060.37197341262
7759,98060.37197341262
7760,98060.37197341262
7761,98060.37197341262
7762,98060.37197341262
7763,98060.37197341262
7764,98060.37197341262
7765,98060.37197341262
7766,98060.37197341262
7767,98060.37197341262
7768,98060.37197341262
7769,98060.37197341262
7770,98060.37197341262
7771,98060.37197341262
7772,98060.37197341262
7773,98060.37197341262
7774,98060.37197341262
7775,98060.37197341262
7776,98060.37197341262
7777,98060.37197341262
7778,98060.37197341262
7779,98060.37197341262
7780,98060.37197341262
7781,98060.37197341262
7782,98060.37197341262
7783,98060.37197341262
7784,98060.37197341262
7785,98060.37197341262
7786,98060.37197341262
7787,98060.37197341262
7788,98060.37197341262
7789,98060.37197341262
7790,98060.37197341262
7791,98060.37197341262
7792,98060.37197341262
7793,98060.37197341262
7794,98060.37197341262
7795,98060.37197341262
7796,98060.37197341262
7797,98060.37197341262
7798,98060.37197341262
7799,98060.37197341262
7800,98060.37197341262
7801,98060.37197341262
7802,98060.37197341262
7803,98060.37197341262
7804,98060.37197341262
7805,98060.37197341262
7806,98060.37197341262
7807,98060.37197341262
7808,98060.37197341262
7809,98060.37197341262
7810,98060.37197341262
7811,98060.37197341262
7812,98060.37197341262
7813,98060.37197341262
7814,98060.37197341262
7815,98060.37197341262
7816,98060.37197341262
7817,98060.37197341262
7818,98060.37197341262
7819,98060.37197341262
7820,98060.37197341262
7821,98060.37197341262
7822,98060.37197341262
7823,98060.37197341262
7824,98060.37197341262
7825,98060.37197341262
7826,98060.37197341262
7827,98058.2677358263
7828,98064.83684206493
7829,98060.65576450097
7830,98061.38343212352
7831,98060.82184979621
7832,98047.8100932006
7833,98079.0728738887
7834,98101.9318464251
7835,98105.87292812006
7836,98084.77921278308
7837,98103.40400719322
7838,98109.4502812315
7839,98118.88767756413
7840,98118.88767756413
7841,98118.88767756413
7842,98118.88767756413
7843,98118.88767756413
7844,98118.88767756413
7845,98118.88767756413
7846,98118.88767756413
7847,98118.88767756413
7848,98118.88767756413
7849,98118.88767756413
7850,98118.88767756413
7851,98118.88767756413
7852,98118.88767756413
7853,98118.88767756413
7854,98118.88767756413
7855,98118.88767756413
7856,98118.88767756413
7857,98118.88767756413
7858,98118.88767756413
7859,98118.88767756413
7860,98118.88767756413
7861,98118.88767756413
7862,98118.88767756413
7863,98118.88767756413
7864,98118.88767756413
7865,98118.88767756413
7866,98118.88767756413
7867,98118.88767756413
7868,98118.88767756413
7869,98118.88767756413
7870,98118.88767756413
7871,98118.88767756413
7872,98118.88767756413
7873,98118.88767756413
7874,98118.88767756413
7875,98115.06215781278
7876,98141.40926919944
7877,98142.96853409929
7878,98134.21406620897
7879,98145.89873485317
7880,98153.37557636909
7881,98165.71544009907
7882,98189.74403950262
7883,98182.43050620063
7884,98186.08659302477
7885,98203.8631544992
7886,98221.09805289812
7887,98188.13915109262
7888,98206.68302442529
7889,98199.5916075622
7890,98200.33246411588
7891,98198.72877290261
7892,98203.04562774669
7893,98198.53837632026
7894,98204.26412487583
7895,98208.32944415844
7896,98236.74511473354
7897,98227.66902054366
7898,98233.17334396647
7899,98238.35939949256
7900,98238.35939949256
7901,98238.35939949256
7902,98238.35939949256
7903,98238.35939949256
7904,98238.35939949256
7905,98238.35939949256
7906,98238.35939949256
7907,98238.35939949256
7908,98238.35939949256
7909,98238.35939949256
7910,98238.35939949256
7911,98238.35939949256
7912,98238.35939949256
7913,98238.35939949256
7914,98238.35939949256
7915,98238.35939949256
7916,98238.35939949256
7917,98238.35939949256
7918,98238.35939949256
7919,98238.35939949256
7920,98238.35939949256
7921,98238.35939949256
7922,98238.35939949256
7923,98238.35939949256
7924,98238.35939949256
7925,98238.35939949256
7926,98238.35939949256
7927,98238.35939949256
7928,98238.35939949256
7929,98238.35939949256
7930,98238.35939949256
7931,98238.35939949256
7932,98238.35939949256
7933,98238.35939949256
7934,98238.35939949256
7935,98238.35939949256
7936,98238.35939949256
7937,98238.35939949256
7938,98238.35939949256
7939,98238.35939949256
7940,98238.35939949256
7941,98238.35939949256
7942,98238.35939949256
7943,98238.35939949256
7944,98238.35939949256
7945,98238.35939949256
7946,98238.35939949256
7947,98238.35939949256
7948,98238.35939949256
7949,98238.35939949256
7950,98238.35939949256
7951,98238.35939949256
7952,98238.35939949256
7953,98238.35939949256
7954,98238.35939949256
7955,98238.35939949256
7956,98238.35939949256
7957,98238.35939949256
7958,98238.35939949256
7959,98238.35939949256
7960,98238.35939949256
7961,98238.35939949256
7962,98238.35939949256
7963,98238.35939949256
7964,98238.35939949256
7965,98238.35939949256
7966,98238.35939949256
7967,98235.93775616409
7968,98224.22925422939
7969,98211.60746165505
7970,98200.31206839716
7971,98172.31291801362
7972,98137.27971821892
7973,98154.13565187877
7974,98144.18060610877
7975,98098.07740475058
7976,98065.84931372893
7977,98107.00171305808
7978,98115.73719398573
7979,98103.55790235379
7980,98131.69993690246
7981,98149.07096871767
7982,98133.29306755314
7983,98048.00139329064
7984,98049.8988925163
7985,98058.18958960453
7986,98072.89820427776
7987,98081.81396738657
7988,98058.318606078
7989,98067.1999390654
7990,98045.407116254
7991,97967.65572932594
7992,97935.25824702771
7993,97895.3491491084
7994,97895.3491491084
7995,97895.3491491084
7996,97895.3491491084
7997,97895.3491491084
7998,97895.3491491084
7999,97895.3491491084
8000,97895.3491491084
8001,97895.3491491084
8002,97895.3491491084
8003,97895.3491491084
8004,97895.3491491084
8005,97895.3491491084
8006,97895.3491491084
8007,97895.3491491084
8008,97895.3491491084
8009,97895.3491491084
8010,97895.3491491084
8011,97895.3491491084
8012,97895.3491491084
8013,97895.3491491084
8014,97895.3491491084
8015,97895.3491491084
8016,97895.3491491084
8017,97895.3491491084
8018,97895.3491491084
8019,97895.3491491084
8020,97895.3491491084
8021,97895.3491491084
8022,97895.3491491084
8023,97895.3491491084
8024,97895.3491491084
8025,97895.3491491084
8026,97895.3491491084
8027,97895.3491491084
8028,97895.3491491084
8029,97895.3491491084
8030,97895.3491491084
8031,97887.92282851986
8032,97889.05769518217
8033,97888.91621187526
8034,97902.76544308543
8035,97875.8893651908
8036,97881.12472839345
8037,97883.2084294213
8038,97882.63169881896
8039,97846.58099299912
8040,97831.34618099079
8041,97866.18006881292
8042,97820.91798943444
8043,97770.41655083031
8044,97845.66519125274
8045,97869.79408846203
8046,97853.85638678141
8047,97842.32981939922
8048,97849.27278374955
8049,97849.27278374955
8050,97849.27278374955
8051,97849.27278374955
8052,97849.27278374955
8053,97849.27278374955
8054,97849.27278374955
8055,97849.27278374955
8056,97849.27278374955
8057,97849.27278374955
8058,97849.27278374955
8059,97849.27278374955
8060,97849.27278374955
8061,97849.27278374955
8062,97849.27278374955
8063,97849.27278374955
8064,97849.27278374955
8065,97849.27278374955
8066,97849.27278374955
8067,97849.27278374955
8068,97849.27278374955
8069,97849.27278374955
8070,97849.27278374955
8071,97849.27278374955
8072,97849.27278374955
8073,97849.27278374955
8074,97849.27278374955
8075,97849.27278374955
8076,97849.27278374955
8077,97849.27278374955
8078,97849.27278374955
8079,97849.27278374955
8080,97849.27278374955
8081,97849.27278374955
8082,97849.27278374955
8083,97849.27278374955
8084,97849.27278374955
8085,97849.27278374955
8086,97849.27278374955
8087,97849.27278374955
8088,97855.84694787716
8089,97856.1991966818
8090,97843.86327265974
8091,97856.48180360028
8092,97856.33888965959
8093,97862.13532806614
8094,97885.21494939268
8095,97893.24356653923
8096,97902.29469766353
8097,97905.89439633265
8098,97915.77282693321
8099,97919.17273854393
8100,97906.32759140838
8101,97897.44039542197
8102,97891.87271165698
8103,97893.16587264885
8104,97893.16587264885
8105,97893.16587264885
8106,97893.16587264885
8107,97893.16587264885
8108,97893.16587264885
8109,97893.16587264885
8110,97893.16587264885
8111,97893.16587264885
8112,97893.16587264885
8113,97893.16587264885
8114,97893.16587264885
8115,97893.16587264885
8116,97893.16587264885
8117,97893.16587264885
8118,97893.16587264885
8119,97893.16587264885
8120,97893.16587264885
8121,97893.16587264885
8122,97891.92062459422
8123,97902.78398707134
8124,97920.75921760236
8125,97923.76141198598
8126,97931.91278906107
8127,97940.59105545236
8128,97935.02127875655
8129,97949.07702110705
8130,97955.43312731216
8131,97963.69758850234
8132,97962.94063491044
8133,97957.5925842455
8134,97974.70521655922
8135,97990.38655912777
8136,97971.78470397578
8137,97968.7616275392
8138,97975.18541642529
8139,97984.56615166768
8140,97976.14491926495
8141,97980.68734608567
8142,97985.18443026664
8143,97989.7114800741
8144,97996.38422025692
8145,97993.7655522702
8146,97997.46721194209
8147,98014.07198369502
8148,98014.86090255574
8149,98018.4684668161
8150,98017.73933938702
8151,98002.04124426695
8152,97997.44522718742
8153,98001.93841888274
8154,97942.08707815893
8155,97993.57779128198
8156,97998.19499331512
8157,97998.19499331512
8158,97998.19499331512
8159,97998.19499331512
8160,97998.19499331512
8161,97998.19499331512
8162,97998.19499331512
8163,97998.19499331512
8164,97998.19499331512
8165,97998.19499331512
8166,97998.19499331512
8167,97998.19499331512
8168,97998.19499331512
8169,97998.19499331512
8170,97998.19499331512
8171,97998.19499331512
8172,97998.19499331512
8173,97998.19499331512
8174,97998.19499331512
8175,97998.19499331512
8176,97998.19499331512
8177,97998.19499331512
8178,97998.19499331512
8179,97998.19499331512
8180,97998.19499331512
8181,97998.19499331512
8182,97998.19499331512
8183,97998.19499331512
8184,97998.19499331512
8185,97998.19499331512
8186,97998.19499331512
8187,97998.19499331512
8188,97998.19499331512
8189,97998.19499331512
8190,97998.19499331512
8191,97998.19499331512
8192,97970.20333144238
8193,98026.71066874733
8194,98028.4567672237
8195,98062.67945098503
8196,98063.80292512613
8197,98063.94850117364
8198,98064.09666677639
8199,98064.38701724133
8200,98064.23656274247
8201,98064.41157447468
8202,98064.78217890699
8203,98065.05002420774
8204,98063.28461129239
8205,98063.20355845509
8206,98063.13967681091
8207,98065.5959511261
8208,98049.2582123985
8209,98068.62666061774
8210,98059.8931070441
8211,98063.6973678653
8212,98085.08935577371
8213,98079.15874376362
8214,98084.7390926203
8215,98086.90762655485
8216,98081.7432742993
8217,98116.54759319691
8218,98097.18299557189
8219,98096.18342527383
8220,98091.06011753071
8221,98080.18340079155
8222,98059.83981639837
8223,98054.23986911216
8224,98050.82593619905
8225,98051.13181574558
8226,98060.36933510286
8227,98049.59945794701
8228,98057.74074638663
8229,98048.41634628297
8230,98058.21374801306
8231,98031.55370877101
8232,98038.41806849073
8233,98056.89928719295
8234,98099.24771706964
8235,98076.30412333578
8236,98088.34134467837
8237,98114.9924908938
8238,98104.87139128578
8239,98126.30415999361
8240,98139.58872911551
8241,98124.73219334961
8242,98126.92586137714
8243,98030.91522409022
8244,97983.50283948926
8245,98032.55730476826
8246,98034.58116192844
8247,98045.3818675055
8248,98058.3273087726
8249,98085.32254188297
8250,98113.15936613473
8251,98139.98768230155
8252,98141.80548975705
8253,98141.80548975705
8254,98141.80548975705
8255,98141.80548975705
8256,98141.80548975705
8257,98141.80548975705
8258,98141.80548975705
8259,98141.80548975705
8260,98141.80548975705
8261,98141.80548975705
8262,98141.80548975705
8263,98135.42167303116
8264,98156.44378721177
8265,98132.09258454305
8266,98135.96847949343
8267,98125.93643767142
8268,98097.24084421736
8269,98099.6637122652
8270,98134.07134195798
8271,98139.96869956743
8272,98165.26118793944
8273,98158.3191128899
8274,98164.04099772117
8275,98139.59520471665
8276,98079.25040537324
8277,98085.88792028684
8278,98021.72805089847
8279,98021.72805089847
8280,98021.72805089847
8281,98021.72805089847
8282,98021.72805089847
8283,98021.72805089847
8284,98021.72805089847
8285,98021.72805089847
8286,98021.72805089847
8287,98021.72805089847
8288,98021.72805089847
8289,98021.72805089847
8290,98021.72805089847
8291,98021.72805089847
8292,98021.72805089847
8293,98021.72805089847
8294,98021.72805089847
8295,98021.72805089847
8296,98021.72805089847
8297,98021.72805089847
8298,98021.72805089847
8299,98021.72805089847
8300,98021.72805089847
8301,98021.72805089847
8302,98021.72805089847
8303,98021.72805089847
8304,98021.72805089847
8305,98021.72805089847
8306,98021.72805089847
8307,98021.72805089847
8308,98021.72805089847
8309,98021.72805089847
8310,98021.72805089847
8311,98021.72805089847
8312,98021.72805089847
8313,98021.72805089847
8314,98021.72805089847
8315,98021.72805089847
8316,98021.72805089847
8317,98021.72805089847
8318,98021.72805089847
8319,98021.72805089847
8320,98021.72805089847
8321,98021.72805089847
8322,98021.72805089847
8323,98021.72805089847
8324,98021.72805089847
8325,98021.72805089847
8326,98021.72805089847
8327,98021.72805089847
8328,98021.72805089847
8329,98021.72805089847
8330,98021.72805089847
8331,98047.64538618254
8332,98033.42569411431
8333,98048.58052824815
8334,98068.06548247187
8335,98065.10453396535
8336,98063.34754371518
8337,98077.84248599385
8338,98073.79790671254
8339,98061.61991099054
8340,98053.48512293844
8341,98054.07390018263
8342,98084.47530544037
8343,98053.18122051378
8344,98054.43732304295
8345,98046.08327427592
8346,98036.39402816532
8347,98025.26774831688
8348,98050.2988103913
8349,98050.2988103913
8350,98050.2988103913
8351,98050.2988103913
8352,98050.2988103913
8353,98050.2988103913
8354,98050.2988103913
8355,98050.2988103913
8356,98050.2988103913
8357,98050.2988103913
8358,98050.2988103913
8359,98050.2988103913
8360,98050.2988103913
8361,98050.2988103913
8362,98050.2988103913
8363,98069.76974472734
8364,98046.72404591939
8365,98068.61602676287
8366,98058.13009414526
8367,98061.27977595746
8368,98066.3904720619
8369,98084.65970624523
8370,98093.67537601315
8371,98093.71377469166
8372,98091.27094038785
8373,98085.51434157875
8374,98085.9045629316
8375,98085.9045629316
8376,98085.9045629316
8377,98085.9045629316
8378,98085.9045629316
8379,98085.9045629316
8380,98085.9045629316
8381,98085.9045629316
8382,98085.9045629316
8383,98085.9045629316
8384,98085.9045629316
8385,98085.9045629316
8386,98085.9045629316
8387,98085.9045629316
8388,98085.9045629316
8389,98085.9045629316
8390,98085.9045629316
8391,98085.9045629316
8392,98085.9045629316
8393,98085.9045629316
8394,98085.9045629316
8395,98085.9045629316
8396,98085.9045629316
8397,98085.9045629316
8398,98085.9045629316
8399,98085.9045629316
8400,98085.9045629316
8401,98085.9045629316
8402,98085.9045629316
8403,98085.9045629316
8404,98085.9045629316
8405,98085.9045629316
8406,98085.9045629316
8407,98085.9045629316
8408,98085.9045629316
8409,98085.9045629316
8410,98085.9045629316
8411,98085.9045629316
8412,98085.9045629316
8413,98085.9045629316
8414,98085.9045629316
8415,98085.9045629316
8416,98085.9045629316
8417,98085.9045629316
8418,98085.9045629316
8419,98085.9045629316
8420,98085.9045629316
8421,98085.9045629316
8422,98085.9045629316
8423,98085.9045629316
8424,98085.9045629316
8425,98085.9045629316
8426,98085.9045629316
8427,98125.9005302936
8428,98134.70575820685
8429,98132.92813350867
8430,98122.11591140839
8431,98186.23516515939
8432,98173.63140128435
8433,98185.60541209772
8434,98191.9989245762
8435,98183.41818938046
8436,98196.65400062726
8437,98185.00180111003
8438,98181.59203600335
8439,98201.31953248027
8440,98236.67222749125
8441,98230.99957801272
8442,98207.36129020213
8443,98202.8987495081
8444,98202.30416346833
8445,98232.502997112
8446,98217.1378970699
8447,98223.00906182441
8448,98243.48568249145
8449,98230.39777541604
8450,98228.5136569195
8451,98209.47122698312
8452,98270.60098889424
8453,98269.06945358207
8454,98253.27415976212
8455,98297.24143859648
8456,98313.44677684564
8457,98292.38654742956
8458,98257.27704296296
8459,98252.93811035571
8460,98222.62363033253
8461,98208.18185121147
8462,98216.54240896013
8463,98240.90875512928
8464,98284.65926186893
8465,98288.60446490359
8466,98246.79004814837
8467,98247.53726941042
8468,98251.17739533135
8469,98252.90733943968
8470,98317.3676912055
8471,98304.85404559884
8472,98312.57939811329
8473,98310.27496710118
8474,98309.86454962166
8475,98316.72090866347
8476,98315.61913687871
8477,98315.61913687871
8478,98315.61913687871
8479,98315.61913687871
8480,98315.61913687871
8481,98315.61913687871
8482,98315.61913687871
8483,98315.61913687871
8484,98315.61913687871
8485,98315.61913687871
8486,98315.61913687871
8487,98315.61913687871
8488,98315.61913687871
8489,98315.61913687871
8490,98315.61913687871
8491,98315.61913687871
8492,98315.61913687871
8493,98315.61913687871
8494,98315.61913687871
8495,98315.61913687871
8496,98315.61913687871
8497,98315.61913687871
8498,98315.61913687871
8499,98315.61913687871
8500,98315.61913687871
8501,98315.61913687871
8502,98315.61913687871
8503,98315.61913687871
8504,98315.61913687871
8505,98315.61913687871
8506,98315.61913687871
8507,98315.61913687871
8508,98315.61913687871
8509,98336.88909357745
8510,98312.01654126067
8511,98308.44379750884
8512,98309.98769969633
8513,98307.13548561354
8514,98318.87358223903
8515,98340.49303057164
8516,98343.90440681903
8517,98354.67084408931
8518,98349.11565593017
8519,98346.98155949336
8520,98338.50884707416
8521,98321.41090150064
8522,98321.41090150064
8523,98321.41090150064
8524,98321.41090150064
8525,98321.41090150064
8526,98321.41090150064
8527,98321.41090150064
8528,98321.41090150064
8529,98321.41090150064
8530,98321.41090150064
8531,98321.41090150064
8532,98321.41090150064
8533,98321.41090150064
8534,98321.41090150064
8535,98321.41090150064
8536,98321.41090150064
8537,98321.41090150064
8538,98321.41090150064
8539,98321.41090150064
8540,98321.41090150064
8541,98321.41090150064
8542,98321.41090150064
8543,98321.41090150064
8544,98321.41090150064
8545,98321.41090150064
8546,98321.41090150064
8547,98321.41090150064
8548,98321.41090150064
8549,98321.41090150064
8550,98321.41090150064
8551,98321.41090150064
8552,98321.41090150064
8553,98321.41090150064
8554,98321.41090150064
8555,98321.41090150064
8556,98321.41090150064
8557,98321.41090150064
8558,98321.41090150064
8559,98321.41090150064
8560,98321.41090150064
8561,98321.41090150064
8562,98321.41090150064
8563,98321.41090150064
8564,98321.41090150064
8565,98321.41090150064
8566,98321.41090150064
8567,98321.41090150064
8568,98321.41090150064
8569,98321.41090150064
8570,98321.41090150064
8571,98321.41090150064
8572,98321.41090150064
8573,98321.41090150064
8574,98321.41090150064
8575,98321.41090150064
8576,98321.41090150064
8577,98321.41090150064
8578,98321.41090150064
8579,98321.41090150064
8580,98321.41090150064
8581,98313.79299027694
8582,98329.13910149355
8583,98310.52144492898
8584,98309.1921862679
8585,98293.54925567613
8586,98312.66487447509
8587,98308.13727309332
8588,98322.94188521846
8589,98315.06815750615
8590,98302.13778924312
8591,98286.41119292719
8592,98258.48301226718
8593,98209.503621711
8594,98229.63976218006
8595,98276.22676816038
8596,98292.58281020062
8597,98343.58158978977
8598,98297.8031349303
8599,98282.6287295431
8600,98284.75521733737
8601,98361.1184814787
8602,98378.2817005524
8603,98371.28852237774
8604,98332.61183150852
8605,98341.0181611796
8606,98329.83817665877
8607,98327.16776146487
8608,98345.04441670932
8609,98332.93603506552
8610,98265.05783602913
8611,98294.11055398587
8612,98309.13459358773
8613,98352.077460846
8614,98344.33916447514
8615,98320.597148768
8616,98334.9377637954
8617,98301.74306077845
8618,98341.19226675911
8619,98360.40777807387
8620,98372.49833996368
8621,98376.76555836797
8622,98440.53980486009
8623,98438.77372590615
8624,98410.6556198753
8625,98386.38465875162
8626,98378.5763211964
8627,98383.56236269954
8628,98450.47359284306
8629,98469.7148581457
8630,98446.81877874002
8631,98438.02244575004
8632,98438.88422229994
8633,98439.29538181685
8634,98383.43846368336
8635,98427.47212531485
8636,98409.48055301001
8637,98398.74094523305
8638,98405.20574037492
8639,98442.01124196505
8640,98437.31866712647
8641,98435.19514303924
8642,98421.5650803219
8643,98412.31620408325
8644,98365.99991982375
8645,98363.07730658256
8646,98399.48033633911
8647,98409.88700162781
8648,98331.78166948826
8649,98343.85369525457
8650,98333.1296755834
8651,98318.60044286292
8652,98366.39349710228
8653,98313.45906171625
8654,98337.52914112629
8655,98339.81959449509
8656,98328.37437345684
8657,98276.70900668866
8658,98279.3033217668
8659,98258.58389653965
8660,98213.84976729385
8661,98279.59391333935
8662,98251.8355511081
8663,98315.09950345007
8664,98382.41844529053
8665,98353.33912137852
8666,98319.69855047263
8667,98302.39521777024
8668,98321.24384009138
8669,98364.97038346603
8670,98325.55364000498
8671,98363.30119173424
8672,98418.31429065946
8673,98439.6055898851
8674,98448.09913891212
8675,98413.83844723277
8676,98401.06981936867
8677,98387.096420039
8678,98394.51744349627
8679,98365.56824869504
8680,98367.9647347379
8681,98345.92560931557
8682,98341.9114673377
8683,98349.06717423414
8684,98335.0649395071
8685,98345.9162492567
8686,98380.87782511552
8687,98410.64637382845
8688,98405.7319915085
8689,98387.06979745606
8690,98394.72387373632
8691,98364.84982015444
8692,98404.07863583292
8693,98444.05378426176
8694,98471.64836082274
8695,98472.27621795189
8696,98398.00479361301
8697,98405.53348595108
8698,98389.41856183263
8699,98411.41626263152
8700,98384.02669504558
8701,98328.04249069213
8702,98325.61588502034
8703,98298.48247161445
8704,98234.38622893541
8705,98207.31049459442
8706,98207.66564873965
8707,98224.08779087591
8708,98221.52103039534
8709,98205.15820761402
8710,98215.12545667462
8711,98221.34275845785
8712,98245.62711200542
8713,98279.25611663132
8714,98266.73776939731
8715,98258.24370826848
8716,98320.50976685152
8717,98313.75245386218
8718,98405.34375310566
8719,98429.70480922525
8720,98418.43533650972
8721,98423.98236369167
8722,98412.6477421036
8723,98448.55368911382
8724,98442.04166993078
8725,98436.02939801238
8726,98427.31169665657
8727,98443.86709371602
8728,98440.1089672166
8729,98433.41785876395
8730,98430.36043543793
8731,98425.38945607354
8732,98434.51894123363
8733,98430.68540174232
8734,98425.35007228095
8735,98433.51895188385
8736,98419.16050967346
8737,98428.16213870836
8738,98428.69082510244
8739,98419.76083659672
8740,98427.1715184834
8741,98436.58778909194
8742,98432.87696848538
8743,98421.39126286002
8744,98387.90625145068
8745,98387.90625145068
8746,98387.90625145068
8747,98387.90625145068
8748,98387.90625145068
8749,98387.90625145068
8750,98387.90625145068
8751,98387.90625145068
8752,98387.90625145068
8753,98387.90625145068
8754,98387.90625145068
8755,98387.90625145068
8756,98387.90625145068
8757,98387.90625145068
8758,98387.90625145068
8759,98387.90625145068
8760,98387.90625145068
8761,98387.90625145068
8762,98387.90625145068
8763,98387.90625145068
8764,98387.90625145068
8765,98387.90625145068
8766,98387.90625145068
8767,98387.90625145068
8768,98387.90625145068
8769,98387.90625145068
8770,98387.90625145068
8771,98387.90625145068
8772,98387.90625145068
8773,98387.90625145068
8774,98387.90625145068
8775,98387.90625145068
8776,98387.90625145068
8777,98387.90625145068
8778,98371.53009906736
8779,98381.31717728396
8780,98362.95473167748
8781,98367.26651142123
8782,98325.81107631058
8783,98307.79764530428
8784,98310.28279424367
8785,98267.75212232806
8786,98267.75212232806
8787,98267.75212232806
8788,98267.75212232806
8789,98267.75212232806
8790,98267.75212232806
8791,98267.75212232806
8792,98267.75212232806
8793,98267.75212232806
8794,98267.75212232806
8795,98267.75212232806
8796,98267.75212232806
8797,98267.75212232806
8798,98267.75212232806
8799,98267.75212232806
8800,98267.75212232806
8801,98267.75212232806
8802,98267.75212232806
8803,98267.75212232806
8804,98267.75212232806
8805,98267.75212232806
8806,98267.75212232806
8807,98267.75212232806
8808,98267.75212232806
8809,98267.75212232806
8810,98267.75212232806
8811,98267.75212232806
8812,98267.75212232806
8813,98267.75212232806
8814,98267.75212232806
8815,98267.75212232806
8816,98267.75212232806
8817,98267.75212232806
8818,98267.75212232806
8819,98267.75212232806
8820,98267.75212232806
8821,98267.75212232806
8822,98267.75212232806
8823,98267.75212232806
8824,98267.75212232806
8825,98267.75212232806
8826,98267.75212232806
8827,98267.75212232806
8828,98267.75212232806
8829,98267.75212232806
8830,98267.75212232806
8831,98267.75212232806
8832,98267.75212232806
8833,98248.60468066884
8834,98232.59416775595
8835,98230.66220572786
8836,98213.00151148648
8837,98261.27885994439
8838,98233.94017845279
8839,98297.09801941812
8840,98284.19147790616
8841,98339.98473013776
8842,98386.81846348048
8843,98359.6836788097
8844,98415.78430839597
8845,98400.03299740328
8846,98357.06425855232
8847,98392.90825369357
8848,98383.18338324098
8849,98372.27776590321
8850,98413.64391774945
8851,98384.53679506773
8852,98382.39388782835
8853,98379.19919002726
8854,98372.49407733757
8855,98383.13292759002
8856,98375.89560964592
8857,98379.41538684147
8858,98380.46041454458
8859,98384.52665448615
8860,98389.51949693236
8861,98384.87405723621
8862,98387.39866813905
8863,98387.39866813905
8864,98387.39866813905
8865,98387.39866813905
8866,98387.39866813905
8867,98387.39866813905
8868,98387.39866813905
8869,98387.39866813905
8870,98387.39866813905
8871,98387.39866813905
8872,98387.39866813905
8873,98387.39866813905
8874,98387.39866813905
8875,98387.39866813905
8876,98387.39866813905
8877,98387.39866813905
8878,98387.39866813905
8879,98387.39866813905
8880,98387.39866813905
8881,98387.39866813905
8882,98387.39866813905
8883,98387.39866813905
8884,98387.39866813905
8885,98387.39866813905
8886,98387.39866813905
8887,98387.39866813905
8888,98387.39866813905
8889,98387.39866813905
8890,98387.39866813905
8891,98387.39866813905
8892,98387.39866813905
8893,98387.39866813905
8894,98387.39866813905
8895,98387.39866813905
8896,98387.39866813905
8897,98387.39866813905
8898,98387.39866813905
8899,98387.39866813905
8900,98387.39866813905
8901,98387.39866813905
8902,98387.39866813905
8903,98387.39866813905
8904,98387.39866813905
8905,98387.39866813905
8906,98387.39866813905
8907,98387.39866813905
8908,98387.39866813905
8909,98387.39866813905
8910,98387.39866813905
8911,98387.39866813905
8912,98387.39866813905
8913,98387.39866813905
8914,98387.39866813905
8915,98387.39866813905
8916,98387.39866813905
8917,98387.39866813905
8918,98387.39866813905
8919,98387.39866813905
8920,98387.39866813905
8921,98387.39866813905
8922,98375.39194340407
8923,98354.20358296963
8924,98352.1337146747
8925,98347.80287074836
8926,98331.71176285188
8927,98340.67754280075
8928,98350.9328678544
8929,98357.34754905441
8930,98325.48954710111
8931,98325.25205974693
8932,98331.60621816541
8933,98246.91485186401
8934,98276.63868981515
8935,98265.08482097353
8936,98265.08482097353
8937,98265.08482097353
8938,98265.08482097353
8939,98265.08482097353
8940,98265.08482097353
8941,98265.08482097353
8942,98265.08482097353
8943,98265.08482097353
8944,98265.08482097353
8945,98265.08482097353
8946,98265.08482097353
8947,98265.08482097353
8948,98265.08482097353
8949,98265.08482097353
8950,98265.08482097353
8951,98265.08482097353
8952,98265.08482097353
8953,98265.08482097353
8954,98265.08482097353
8955,98265.08482097353
8956,98265.08482097353
8957,98265.08482097353
8958,98265.08482097353
8959,98265.08482097353
8960,98265.08482097353
8961,98265.08482097353
8962,98265.08482097353
8963,98265.08482097353
8964,98265.08482097353
8965,98265.08482097353
8966,98265.08482097353
8967,98258.08136916929
8968,98257.41214677761
8969,98250.13556439092
8970,98235.87328413835
8971,98254.97642250758
8972,98218.99899533055
8973,98201.11132187348
8974,98184.03368431106
8975,98156.9034095884
8976,98124.98034124971
8977,98074.94552110306
8978,98076.78405310615
8979,98076.78405310615
8980,98076.78405310615
8981,98076.78405310615
8982,98076.78405310615
8983,98076.78405310615
8984,98076.78405310615
8985,98076.78405310615
8986,98076.78405310615
8987,98076.78405310615
8988,98076.78405310615
8989,98076.78405310615
8990,98076.78405310615
8991,98076.78405310615
8992,98076.78405310615
8993,98076.78405310615
8994,98076.78405310615
8995,98076.78405310615
8996,98076.78405310615
8997,98076.78405310615
8998,98076.78405310615
8999,98076.78405310615
9000,98076.78405310615
9001,98076.78405310615
9002,98076.78405310615
9003,98076.78405310615
9004,98076.78405310615
9005,98076.78405310615
9006,98076.78405310615
9007,98076.78405310615
9008,98076.78405310615
9009,98076.78405310615
9010,98076.78405310615
9011,98076.78405310615
9012,98076.78405310615
9013,98076.78405310615
9014,98076.78405310615
9015,98076.78405310615
9016,98076.78405310615
9017,98076.78405310615
9018,98076.78405310615
9019,98076.78405310615
9020,98076.78405310615
9021,98076.78405310615
9022,98076.78405310615
9023,98076.78405310615
9024,98076.78405310615
9025,98076.78405310615
9026,98076.78405310615
9027,98076.78405310615
9028,98076.78405310615
9029,98076.78405310615
9030,98076.78405310615
9031,98076.78405310615
9032,98076.78405310615
9033,98076.78405310615
9034,98076.78405310615
9035,98076.78405310615
9036,98076.78405310615
9037,98076.78405310615
9038,98076.78405310615
9039,98076.78405310615
9040,98076.96020268915
9041,98077.49692691899
9042,98077.58065009178
9043,98082.34685668399
9044,98075.31884549445
9045,98074.75525504994
9046,98078.88919763024
9047,98077.59474769646
9048,98070.26954159456
9049,98071.03148228665
9050,98076.0278870939
9051,98074.47177288662
9052,98070.11967113349
9053,98088.82611483068
9054,98086.9730327514
9055,98095.31887156726
9056,98089.44181435861
9057,98111.81983844358
9058,98112.76050274822
9059,98112.76050274822
9060,98112.76050274822
9061,98112.76050274822
9062,98112.76050274822
9063,98112.76050274822
9064,98112.76050274822
9065,98112.76050274822
9066,98112.76050274822
9067,98112.76050274822
9068,98112.76050274822
9069,98109.80755667621
9070,98105.77433365886
9071,98112.62621415097
9072,98115.23568956301
9073,98121.52995691888
9074,98143.07956000266
9075,98157.62116343188
9076,98154.19446267193
9077,98152.68458750681
9078,98152.7889450133
9079,98149.41781206845
9080,98149.744193044
9081,98150.23186499577
9082,98150.65779212554
9083,98152.31564532066
9084,98154.44599301602
9085,98151.62829990573
9086,98152.44182788997
9087,98153.6241316819
9088,98151.4118108387
9089,98154.43266696834
9090,98155.47312768598
9091,98145.35112566187
9092,98150.8148829917
9093,98150.8148829917
9094,98150.8148829917
9095,98150.8148829917
9096,98150.8148829917
9097,98150.8148829917
9098,98150.8148829917
9099,98150.8148829917
9100,98150.8148829917
9101,98150.8148829917
9102,98150.8148829917
9103,98150.8148829917
9104,98150.8148829917
9105,98150.8148829917
9106,98150.8148829917
9107,98150.8148829917
9108,98150.8148829917
9109,98150.8148829917
9110,98150.8148829917
9111,98150.8148829917
9112,98150.8148829917
9113,98150.8148829917
9114,98150.8148829917
9115,98150.8148829917
9116,98150.8148829917
9117,98150.8148829917
9118,98150.8148829917
9119,98150.8148829917
9120,98150.8148829917
9121,98150.8148829917
9122,98150.8148829917
9123,98150.8148829917
9124,98150.8148829917
9125,98150.8148829917
9126,98150.8148829917
9127,98150.8148829917
9128,98150.8148829917
9129,98150.8148829917
9130,98150.8148829917
9131,98150.8148829917
9132,98150.8148829917
9133,98150.8148829917
9134,98150.8148829917
9135,98150.8148829917
9136,98150.8148829917
9137,98150.8148829917
9138,98150.8148829917
9139,98150.8148829917
9140,98150.8148829917
9141,98150.8148829917
9142,98150.8148829917
9143,98150.8148829917
9144,98150.8148829917
9145,98150.8148829917
9146,98150.8148829917
9147,98150.8148829917
9148,98150.8148829917
9149,98150.8148829917
9150,98150.8148829917
9151,98150.8148829917
9152,98150.8148829917
9153,98150.8148829917
9154,98150.8148829917
9155,98150.8148829917
9156,98150.8148829917
9157,98150.8148829917
9158,98150.8148829917
9159,98150.8148829917
9160,98150.8148829917
9161,98150.8148829917
9162,98150.8148829917
9163,98150.8148829917
9164,98150.8148829917
9165,98150.8148829917
9166,98150.8148829917
9167,98150.8148829917
9168,98150.8148829917
9169,98150.8148829917
9170,98150.8148829917
9171,98150.8148829917
9172,98150.8148829917
9173,98150.8148829917
9174,98150.8148829917
9175,98150.8148829917
9176,98150.8148829917
9177,98150.8148829917
9178,98150.8148829917
9179,98150.8148829917
9180,98150.8148829917
9181,98150.8148829917
9182,98150.8148829917
9183,98150.8148829917
9184,98150.8148829917
9185,98147.64246324642
9186,98148.71645798038
9187,98151.96361886268
9188,98149.75856102511
9189,98125.94989130742
9190,98147.26971632185
9191,98162.39549746971
9192,98171.5341389906
9193,98166.3791027017
9194,98162.51948286848
9195,98153.25816142838
9196,98165.30609897959
9197,98164.04434812973
9198,98172.08703993558
9199,98188.02825570646
9200,98191.74561492799
9201,98186.38681988991
9202,98183.88225143755
9203,98201.07680957387
9204,98191.5959226956
9205,98198.0745257102
9206,98170.31956401751
9207,98160.24555447887
9208,98167.43364162384
9209,98162.79525354694
9210,98189.87831791527
9211,98205.26718163335
9212,98214.01580013639
9213,98228.37391255276
9214,98221.14120648209
9215,98220.68048880278
9216,98232.79041041015
9217,98217.45802650134
9218,98221.19621608515
9219,98221.19621608515
9220,98221.19621608515
9221,98221.19621608515
9222,98221.19621608515
9223,98221.19621608515
9224,98221.19621608515
9225,98221.19621608515
9226,98221.19621608515
9227,98221.19621608515
9228,98221.19621608515
9229,98221.19621608515
9230,98221.19621608515
9231,98221.19621608515
9232,98221.19621608515
9233,98221.19621608515
9234,98221.19621608515
9235,98221.19621608515
9236,98221.19621608515
9237,98221.19621608515
9238,98221.19621608515
9239,98221.19621608515
9240,98221.19621608515
9241,98221.19621608515
9242,98221.19621608515
9243,98221.19621608515
9244,98221.19621608515
9245,98221.19621608515
9246,98221.19621608515
9247,98221.19621608515
9248,98221.19621608515
9249,98221.19621608515
9250,98221.19621608515
9251,98221.19621608515
9252,98221.19621608515
9253,98221.19621608515
9254,98221.19621608515
9255,98221.19621608515
9256,98221.19621608515
9257,98221.19621608515
9258,98221.19621608515
9259,98221.19621608515
9260,98221.19621608515
9261,98221.19621608515
9262,98221.19621608515
9263,98221.19621608515
9264,98221.19621608515
9265,98221.19621608515
9266,98221.19621608515
9267,98221.19621608515
9268,98221.19621608515
9269,98221.19621608515
9270,98221.19621608515
9271,98221.19621608515
9272,98221.19621608515
9273,98221.19621608515
9274,98221.19621608515
9275,98221.19621608515
9276,98221.19621608515
9277,98221.19621608515
9278,98221.19621608515
9279,98205.05294894436
9280,98220.30966063328
9281,98212.38901932893
9282,98214.4681031802
9283,98213.56251015545
9284,98206.12975310114
9285,98206.12975310114
9286,98206.12975310114
9287,98206.12975310114
9288,98206.12975310114
9289,98206.12975310114
9290,98206.12975310114
9291,98206.12975310114
9292,98206.12975310114
9293,98206.12975310114
9294,98206.12975310114
9295,98206.12975310114
9296,98206.12975310114
9297,98206.12975310114
9298,98206.12975310114
9299,98206.12975310114
9300,98206.12975310114
9301,98206.12975310114
9302,98206.12975310114
9303,98206.12975310114
9304,98206.12975310114
9305,98206.12975310114
9306,98206.12975310114
9307,98206.12975310114
9308,98206.12975310114
9309,98206.12975310114
9310,98206.12975310114
9311,98206.12975310114
9312,98206.12975310114
9313,98206.12975310114
9314,98206.12975310114
9315,98206.12975310114
9316,98206.12975310114
9317,98206.12975310114
9318,98206.12975310114
9319,98206.12975310114
9320,98206.12975310114
9321,98206.12975310114
9322,98206.12975310114
9323,98206.12975310114
9324,98206.12975310114
9325,98206.12975310114
9326,98206.12975310114
9327,98206.12975310114
9328,98204.16054227871
9329,98198.46508456873
9330,98209.43311690533
9331,98214.44517539107
9332,98217.99929604346
9333,98219.7026754522
9334,98193.21289169107
9335,98193.14675868856
9336,98177.76588193937
9337,98170.96878904355
9338,98203.31446464085
9339,98210.22993795192
9340,98181.26009789121
9341,98181.26009789121
9342,98181.26009789121
9343,98181.26009789121
9344,98181.26009789121
9345,98181.26009789121
9346,98181.26009789121
9347,98181.26009789121
9348,98181.26009789121
9349,98181.26009789121
9350,98181.26009789121
9351,98181.26009789121
9352,98181.26009789121
9353,98181.26009789121
9354,98181.26009789121
9355,98181.26009789121
9356,98181.26009789121
9357,98181.26009789121
9358,98181.26009789121
9359,98181.26009789121
9360,98181.26009789121
9361,98181.26009789121
9362,98181.26009789121
9363,98181.26009789121
9364,98181.26009789121
9365,98181.26009789121
9366,98181.26009789121
9367,98181.26009789121
9368,98181.26009789121
9369,98181.26009789121
9370,98174.4694195663
9371,98184.18717927937
9372,98187.00924814683
9373,98186.3648117527
9374,98199.39543395341
9375,98226.35303229974
9376,98227.41294048415
9377,98228.4018940127
9378,98229.62033578938
9379,98227.14231687003
9380,98226.7749111922
9381,98227.22419344915
9382,98229.98828099348
9383,98230.62968130526
9384,98230.60172586456
9385,98226.48515178186
9386,98220.13560211229
9387,98237.97507059367
9388,98252.5551594131
9389,98256.48464720632
9390,98256.00734629291
9391,98248.00136714884
9392,98242.52816669649
9393,98250.17296371738
9394,98230.84197882618
9395,98205.43915265762
9396,98181.86848113647
9397,98204.05078689767
9398,98204.05078689767
9399,98204.05078689767
9400,98204.05078689767
9401,98204.05078689767
9402,98204.05078689767
9403,98204.05078689767
9404,98204.05078689767
9405,98204.05078689767
9406,98204.05078689767
9407,98204.05078689767
9408,98204.05078689767
9409,98204.05078689767
9410,98204.05078689767
9411,98204.05078689767
9412,98204.05078689767
9413,98204.05078689767
9414,98204.05078689767
9415,98204.05078689767
9416,98204.05078689767
9417,98204.05078689767
9418,98204.05078689767
9419,98204.05078689767
9420,98204.05078689767
9421,98204.05078689767
9422,98204.05078689767
9423,98204.05078689767
9424,98204.05078689767
9425,98204.05078689767
9426,98204.05078689767
9427,98204.05078689767
9428,98204.05078689767
9429,98204.05078689767
9430,98204.05078689767
9431,98204.05078689767
9432,98204.05078689767
9433,98204.05078689767
9434,98204.05078689767
9435,98204.05078689767
9436,98204.05078689767
9437,98204.05078689767
9438,98204.05078689767
9439,98204.05078689767
9440,98204.05078689767
9441,98204.05078689767
9442,98204.05078689767
9443,98204.05078689767
9444,98204.05078689767
9445,98204.05078689767
9446,98204.05078689767
9447,98204.05078689767
9448,98204.05078689767
9449,98204.05078689767
9450,98204.05078689767
9451,98204.05078689767
9452,98204.05078689767
9453,98204.05078689767
9454,98204.05078689767
9455,98204.05078689767
9456,98204.05078689767
9457,98204.05078689767
9458,98204.05078689767
9459,98255.44530453859
9460,98270.0847318293
9461,98289.55280798062
9462,98289.1370620132
9463,98288.0631338893
9464,98288.12331238622
9465,98287.95056508639
9466,98287.95056508639
9467,98287.95056508639
9468,98287.95056508639
9469,98287.95056508639
9470,98287.95056508639
9471,98287.95056508639
9472,98287.95056508639
9473,98287.95056508639
9474,98287.95056508639
9475,98287.95056508639
9476,98287.95056508639
9477,98287.95056508639
9478,98287.95056508639
9479,98287.95056508639
9480,98287.95056508639
9481,98287.95056508639
9482,98287.95056508639
9483,98287.95056508639
9484,98287.69117218023
9485,98290.78463192124
9486,98293.72790315139
9487,98284.91064759788
9488,98279.88541989453
9489,98281.03635225205
9490,98280.43902296085
9491,98255.53730820035
9492,98242.79531895835
9493,98231.97750147051
9494,98241.45690092702
9495,98224.59825281816
9496,98212.19457300096
9497,98237.59306861191
9498,98231.02589821877
9499,98189.22849010758
9500,98169.44606365627
9501,98165.59166712228
9502,98157.67583013167
9503,98104.03512687268
9504,98085.80894637923
9505,98034.08626343684
9506,98049.42112325084
9507,98049.42112325084
9508,98049.42112325084
9509,98049.42112325084
9510,98049.42112325084
9511,98049.42112325084
9512,98049.42112325084
9513,98049.42112325084
9514,98049.42112325084
9515,98049.42112325084
9516,98049.42112325084
9517,98049.42112325084
9518,98049.42112325084
9519,98049.42112325084
9520,98049.42112325084
9521,98049.42112325084
9522,98049.42112325084
9523,98049.42112325084
9524,98049.42112325084
9525,98049.42112325084
9526,98049.42112325084
9527,98049.42112325084
9528,98049.42112325084
9529,98049.42112325084
9530,98049.42112325084
9531,98049.42112325084
9532,98049.42112325084
9533,98049.42112325084
9534,98049.42112325084
9535,98049.42112325084
9536,98049.42112325084
9537,98049.42112325084
9538,98049.42112325084
9539,98049.42112325084
9540,98049.42112325084
9541,98049.42112325084
9542,98049.42112325084
9543,98049.42112325084
9544,98049.42112325084
9545,98049.42112325084
9546,98049.42112325084
9547,98049.42112325084
9548,98049.42112325084
9549,98049.42112325084
9550,98049.42112325084
9551,98049.42112325084
9552,98049.42112325084
9553,98049.42112325084
9554,98049.42112325084
9555,98049.42112325084
9556,98049.42112325084
9557,98049.42112325084
9558,98049.42112325084
9559,98049.42112325084
9560,98049.42112325084
9561,98049.42112325084
9562,98049.42112325084
9563,98049.42112325084
9564,98049.42112325084
9565,98049.42112325084
9566,98049.42112325084
9567,98049.42112325084
9568,98049.42112325084
9569,98049.42112325084
9570,98049.42112325084
9571,98049.42112325084
9572,98049.42112325084
9573,98049.42112325084
9574,98049.42112325084
9575,98049.42112325084
9576,98049.42112325084
9577,98049.42112325084
9578,98049.42112325084
9579,98049.42112325084
9580,98049.42112325084
9581,98049.42112325084
9582,98049.42112325084
9583,98049.42112325084
9584,98049.42112325084
9585,98049.42112325084
9586,98049.42112325084
9587,98049.42112325084
9588,98049.42112325084
9589,98049.42112325084
9590,98049.42112325084
9591,98049.42112325084
9592,98049.42112325084
9593,98049.42112325084
9594,98049.42112325084
9595,98049.42112325084
9596,98049.42112325084
9597,98049.42112325084
9598,98049.42112325084
9599,98049.42112325084
9600,98049.42112325084
9601,98049.42112325084
9602,98049.42112325084
9603,98049.42112325084
9604,98049.42112325084
9605,98049.42112325084
9606,98049.42112325084
9607,98049.42112325084
9608,98049.42112325084
9609,98049.42112325084
9610,98049.42112325084
9611,98049.42112325084
9612,98049.42112325084
9613,98049.42112325084
9614,98052.22107194038
9615,98058.41267974353
9616,98061.9158719429
9617,98064.1716792
9618,98078.00729323088
9619,98092.99100250899
9620,98106.56639716153
9621,98104.62618607824
9622,98112.03992495655
9623,98089.50941810163
9624,98093.11989444109
9625,98107.12295996248
9626,98106.75712355993
9627,98116.54160480494
9628,98126.41308501732
9629,98143.87195947864
9630,98120.04989757128
9631,98138.69045391772
9632,98160.14497678207
9633,98167.66645116101
9634,98174.31500633298
9635,98163.86562734384
9636,98163.86562734384
9637,98163.86562734384
9638,98163.86562734384
9639,98163.86562734384
9640,98163.86562734384
9641,98163.86562734384
9642,98163.86562734384
9643,98163.86562734384
9644,98163.86562734384
9645,98163.86562734384
9646,98163.86562734384
9647,98163.86562734384
9648,98163.86562734384
9649,98163.86562734384
9650,98163.86562734384
9651,98163.86562734384
9652,98163.86562734384
9653,98163.86562734384
9654,98163.86562734384
9655,98163.86562734384
9656,98163.86562734384
9657,98163.86562734384
9658,98163.86562734384
9659,98163.86562734384
9660,98163.86562734384
9661,98163.86562734384
9662,98163.86562734384
9663,98163.86562734384
9664,98163.86562734384
9665,98163.86562734384
9666,98163.86562734384
9667,98163.86562734384
9668,98163.86562734384
9669,98163.86562734384
9670,98163.86562734384
9671,98163.86562734384
9672,98163.86562734384
9673,98163.86562734384
9674,98163.86562734384
9675,98163.86562734384
9676,98163.86562734384
9677,98163.86562734384
9678,98163.86562734384
9679,98163.86562734384
9680,98163.86562734384
9681,98163.86562734384
9682,98163.86562734384
9683,98163.86562734384
9684,98163.86562734384
9685,98163.86562734384
9686,98163.86562734384
9687,98163.86562734384
9688,98163.86562734384
9689,98163.86562734384
9690,98163.86562734384
9691,98163.86562734384
9692,98163.86562734384
9693,98163.86562734384
9694,98163.86562734384
9695,98163.86562734384
9696,98163.86562734384
9697,98163.86562734384
9698,98163.86562734384
9699,98163.86562734384
9700,98163.86562734384
9701,98163.86562734384
9702,98163.86562734384
9703,98163.86562734384
9704,98163.86562734384
9705,98163.86562734384
9706,98163.86562734384
9707,98163.86562734384
9708,98163.86562734384
9709,98163.86562734384
9710,98153.61368407562
9711,98152.55288460481
9712,98166.29543354458
9713,98169.56376117813
9714,98142.81207019826
9715,98125.02841364958
9716,98152.41252120184
9717,98106.26347204081
9718,98136.54233561317
9719,98130.94433818803
9720,98132.33751525117
9721,98106.2577435744
9722,98106.44906925187
9723,98142.29461941107
9724,98244.15655755727
9725,98239.55791016376
9726,98216.47626932603
9727,98220.92062816602
9728,98254.74266593029
9729,98217.18094417555
9730,98208.53893922048
9731,98251.37259125829
9732,98289.01887104499
9733,98243.56156677072
9734,98260.35781704595
9735,98277.84836220472
9736,98290.76050316886
9737,98270.907101021
9738,98278.39531827247
9739,98282.55073935738
9740,98296.5422208733
9741,98302.29447925667
9742,98286.48553316473
9743,98285.42255296471
9744,98282.90511727327
9745,98291.93077220989
9746,98279.99531339132
9747,98277.57474622002
9748,98307.78872369678
9749,98329.33078736562
9750,98330.329347597
9751,98321.46964128199
9752,98318.71393304199
9753,98293.64650787962
9754,98284.16197118248
9755,98275.46978903396
9756,98280.60509646939
9757,98280.60509646939
9758,98280.60509646939
9759,98280.60509646939
9760,98280.60509646939
9761,98280.60509646939
9762,98280.60509646939
9763,98280.60509646939
9764,98280.60509646939
9765,98280.60509646939
9766,98280.60509646939
9767,98280.60509646939
9768,98280.60509646939
9769,98280.60509646939
9770,98280.60509646939
9771,98280.60509646939
9772,98280.60509646939
9773,98280.60509646939
9774,98280.60509646939
9775,98280.60509646939
9776,98280.60509646939
9777,98280.60509646939
9778,98280.60509646939
9779,98280.60509646939
9780,98280.60509646939
9781,98280.60509646939
9782,98280.60509646939
9783,98280.60509646939
9784,98280.60509646939
9785,98280.60509646939
9786,98280.60509646939
9787,98280.60509646939
9788,98280.60509646939
9789,98280.60509646939
9790,98280.60509646939
9791,98280.60509646939
9792,98280.60509646939
9793,98280.60509646939
9794,98280.60509646939
9795,98280.60509646939
9796,98280.60509646939
9797,98280.60509646939
9798,98280.60509646939
9799,98280.60509646939
9800,98280.60509646939
9801,98280.60509646939
9802,98280.60509646939
9803,98280.60509646939
9804,98280.60509646939
9805,98280.60509646939
9806,98280.60509646939
9807,98280.60509646939
9808,98280.60509646939
9809,98280.60509646939
9810,98280.60509646939
9811,98280.60509646939
9812,98278.73499416352
9813,98241.95230397396
9814,98234.81615827208
9815,98213.17466009004
9816,98215.03151506088
9817,98215.03151506088
9818,98215.03151506088
9819,98215.03151506088
9820,98215.03151506088
9821,98215.03151506088
9822,98215.03151506088
9823,98215.03151506088
9824,98215.03151506088
9825,98215.03151506088
9826,98215.03151506088
9827,98215.03151506088
9828,98215.03151506088
9829,98215.03151506088
9830,98215.03151506088
9831,98215.03151506088
9832,98215.03151506088
9833,98215.03151506088
9834,98215.03151506088
9835,98215.03151506088
9836,98215.03151506088
9837,98215.03151506088
9838,98215.03151506088
9839,98215.03151506088
9840,98215.03151506088
9841,98215.03151506088
9842,98215.03151506088
9843,98215.03151506088
9844,98215.03151506088
9845,98215.03151506088
9846,98243.09823797295
9847,98259.61354649065
9848,98252.19550246332
9849,98242.58136190024
9850,98247.02995364022
9851,98271.27524136144
9852,98259.7059388866
9853,98245.01810361251
9854,98251.70887110705
9855,98283.62221892539
9856,98285.12461241083
9857,98258.78534455097
9858,98252.29635783662
9859,98195.76243458517
9860,98232.09756698411
9861,98223.55692118997
9862,98219.81340567894
9863,98266.34536683602
9864,98252.72216414132
9865,98196.1057904315
9866,98209.59082303927
9867,98223.77666217965
9868,98200.81032372951
9869,98164.57201060362
9870,98189.142580278
9871,98149.24976253467
9872,98112.32661838779
9873,98112.32661838779
9874,98112.32661838779
9875,98112.32661838779
9876,98112.32661838779
9877,98112.32661838779
9878,98112.32661838779
9879,98112.32661838779
9880,98112.32661838779
9881,98112.32661838779
9882,98112.32661838779
9883,98112.32661838779
9884,98112.32661838779
9885,98112.32661838779
9886,98112.32661838779
9887,98112.32661838779
9888,98112.32661838779
9889,98109.62710415154
9890,98120.40929731261
9891,98113.15945735233
9892,98118.26605756597
9893,98105.34493447898
9894,98090.15159897451
9895,98090.15159897451
9896,98090.15159897451
9897,98090.15159897451
9898,98090.15159897451
9899,98090.15159897451
9900,98090.15159897451
9901,98090.15159897451
9902,98090.15159897451
9903,98090.15159897451
9904,98090.15159897451
9905,98090.15159897451
9906,98090.15159897451
9907,98090.15159897451
9908,98090.15159897451
9909,98090.15159897451
9910,98090.15159897451
9911,98090.15159897451
9912,98090.15159897451
9913,98090.15159897451
9914,98090.15159897451
9915,98090.15159897451
9916,98090.15159897451
9917,98090.15159897451
9918,98090.15159897451
9919,98090.15159897451
9920,98090.15159897451
9921,98090.15159897451
9922,98090.15159897451
9923,98090.15159897451
9924,98090.15159897451
9925,98090.15159897451
9926,98090.15159897451
9927,98090.15159897451
9928,98090.15159897451
9929,98090.15159897451
9930,98090.15159897451
9931,98090.15159897451
9932,98090.15159897451
9933,98090.15159897451
9934,98090.15159897451
9935,98090.15159897451
9936,98090.15159897451
9937,98090.15159897451
9938,98090.15159897451
9939,98090.15159897451
9940,98090.15159897451
9941,98090.15159897451
9942,98090.15159897451
9943,98090.15159897451
9944,98090.15159897451
9945,98090.15159897451
9946,98090.15159897451
9947,98090.15159897451
9948,98090.15159897451
9949,98090.15159897451
9950,98090.15159897451
9951,98090.15159897451
9952,98090.15159897451
9953,98090.15159897451
9954,98090.15159897451
9955,98090.15159897451
9956,98090.15159897451
9957,98090.15159897451
9958,98090.15159897451
9959,98090.15159897451
9960,98090.15159897451
9961,98090.15159897451
9962,98090.15159897451
9963,98090.15159897451
9964,98090.15159897451
9965,98090.15159897451
9966,98090.15159897451
9967,98090.15159897451
9968,98090.15159897451
9969,98090.15159897451
9970,98090.15159897451
9971,98090.15159897451
9972,98090.15159897451
9973,98090.15159897451
9974,98090.15159897451
9975,98090.15159897451
9976,98090.15159897451
9977,98090.15159897451
9978,98090.15159897451
9979,98090.15159897451
9980,98090.15159897451
9981,98090.15159897451
9982,98090.15159897451
9983,98090.15159897451
9984,98090.15159897451
9985,98090.15159897451
9986,98090.15159897451
9987,98090.15159897451
9988,98090.15159897451
9989,98090.15159897451
9990,98090.15159897451
9991,98090.15159897451
9992,98090.15159897451
9993,98090.15159897451
9994,98090.15159897451
9995,98090.15159897451
9996,98090.15159897451
9997,98091.01152124927
9998,98085.56103265041
9999,98082.78283890971
10000,98071.02410444789
10001,98045.21631876467
10002,98039.0366129735
10003,98052.15276731676
10004,98061.2270093674
10005,98079.89629562414
10006,98122.23273531836
10007,98147.50026438432
10008,98168.11680358034
10009,98168.67682574783
10010,98151.93201921399
10011,98130.47548587118
10012,98104.89937356891
10013,98139.95065255159
10014,98173.10088242777
10015,98175.22368238932
10016,98152.82606439774
10017,98191.00460084151
10018,98148.9430828516
10019,98148.9430828516
10020,98148.9430828516
10021,98148.9430828516
10022,98148.9430828516
10023,98148.9430828516
10024,98148.9430828516
10025,98148.9430828516
10026,98148.9430828516
10027,98148.9430828516
10028,98148.9430828516
10029,98148.9430828516
10030,98148.9430828516
10031,98148.9430828516
10032,98148.9430828516
10033,98148.9430828516
10034,98148.9430828516
10035,98148.9430828516
10036,98148.9430828516
10037,98148.9430828516
10038,98148.9430828516
10039,98148.9430828516
10040,98148.9430828516
10041,98148.9430828516
10042,98148.9430828516
10043,98148.9430828516
10044,98148.9430828516
10045,98148.9430828516
10046,98148.9430828516
10047,98148.9430828516
10048,98148.9430828516
10049,98148.9430828516
10050,98148.9430828516
10051,98148.9430828516
10052,98148.9430828516
10053,98148.9430828516
10054,98148.9430828516
10055,98148.9430828516
10056,98148.9430828516
10057,98148.9430828516
10058,98148.9430828516
10059,98148.9430828516
10060,98148.9430828516
10061,98148.9430828516
10062,98148.9430828516
10063,98148.9430828516
10064,98148.9430828516
10065,98148.9430828516
10066,98148.9430828516
10067,98148.9430828516
10068,98148.9430828516
10069,98148.9430828516
10070,98148.9430828516
10071,98148.9430828516
10072,98148.9430828516
10073,98148.9430828516
10074,98148.9430828516
10075,98148.9430828516
10076,98148.9430828516
10077,98148.9430828516
10078,98148.9430828516
10079,98148.9430828516
10080,98148.9430828516
10081,98148.9430828516
10082,98148.9430828516
10083,98148.9430828516
10084,98148.9430828516
10085,98148.9430828516
10086,98148.9430828516
10087,98148.9430828516
10088,98148.9430828516
10089,98148.9430828516
10090,98148.9430828516
10091,98148.9430828516
10092,98148.9430828516
10093,98148.9430828516
10094,98148.9430828516
10095,98148.9430828516
10096,98148.9430828516
10097,98148.9430828516
10098,98148.9430828516
10099,98148.9430828516
10100,98148.9430828516
10101,98148.9430828516
10102,98148.9430828516
10103,98148.9430828516
10104,98148.9430828516
10105,98148.9430828516
10106,98148.9430828516
10107,98148.9430828516
10108,98148.9430828516
10109,98148.9430828516
10110,98148.9430828516
10111,98148.9430828516
10112,98138.10651726431
10113,98090.82797132916
10114,98083.56354063012
10115,98087.10489346595
10116,98083.4058791863
10117,98064.58479679831
10118,98061.01773910302
10119,98104.2759529524
10120,98100.04287475722
10121,98130.48533488704
10122,98124.84725453632
10123,98148.83349158711
10124,98129.71757238166
10125,98139.60561393425
10126,98133.92474388001
10127,98106.07657500025
10128,98043.95698897599
10129,98036.23247326427
10130,97993.97001908586
10131,97972.1486700978
10132,98012.00678362284
10133,97982.78516201234
10134,97982.78516201234
10135,97982.78516201234
10136,97982.78516201234
10137,97982.78516201234
10138,97982.78516201234
10139,97982.78516201234
10140,97982.78516201234
10141,97982.78516201234
10142,97982.78516201234
10143,97982.78516201234
10144,97982.78516201234
10145,97982.78516201234
10146,97982.78516201234
10147,97982.78516201234
10148,97982.78516201234
10149,97982.78516201234
10150,97982.78516201234
10151,97982.78516201234
10152,97982.78516201234
10153,97982.78516201234
10154,97982.78516201234
10155,97982.78516201234
10156,97982.78516201234
10157,97982.78516201234
10158,97982.78516201234
10159,97982.78516201234
10160,97982.78516201234
10161,97982.78516201234
10162,97982.78516201234
10163,97982.78516201234
10164,97982.78516201234
10165,97982.78516201234
10166,97982.78516201234
10167,97982.78516201234
10168,97982.78516201234
10169,97982.78516201234
10170,97982.78516201234
10171,97982.78516201234
10172,97982.78516201234
10173,97982.78516201234
10174,97982.78516201234
10175,97982.78516201234
10176,97982.78516201234
10177,97982.78516201234
10178,97982.78516201234
10179,97982.78516201234
10180,97982.78516201234
10181,97982.78516201234
10182,97982.78516201234
10183,97982.78516201234
10184,97982.78516201234
10185,97982.78516201234
10186,97982.78516201234
10187,97982.78516201234
10188,97982.78516201234
10189,97982.78516201234
10190,97982.78516201234
10191,97982.78516201234
10192,97982.78516201234
10193,97982.78516201234
10194,97982.78516201234
10195,97982.78516201234
10196,97982.78516201234
10197,97982.78516201234
10198,97982.78516201234
10199,97982.78516201234
10200,97982.78516201234
10201,97982.78516201234
10202,97985.07222947005
10203,97983.35566741499
10204,97978.01027036065
10205,97954.15264476869
10206,97964.16354065292
10207,97970.62346215453
10208,97970.62346215453
10209,97970.62346215453
10210,97970.62346215453
10211,97970.62346215453
10212,97970.62346215453
10213,97970.62346215453
10214,97970.62346215453
10215,97970.62346215453
10216,97970.62346215453
10217,97970.62346215453
10218,97970.62346215453
10219,97970.62346215453
10220,97970.62346215453
10221,97970.62346215453
10222,97970.62346215453
10223,97970.62346215453
10224,97970.62346215453
10225,97970.62346215453
10226,97970.62346215453
10227,97970.62346215453
10228,97970.62346215453
10229,97970.62346215453
10230,97970.62346215453
10231,97970.62346215453
10232,97970.62346215453
10233,97970.62346215453
10234,97970.62346215453
10235,97970.62346215453
10236,97970.62346215453
10237,97970.62346215453
10238,97970.62346215453
10239,97970.62346215453
10240,97970.62346215453
10241,97970.62346215453
10242,97970.62346215453
10243,97970.62346215453
10244,97970.62346215453
10245,97970.62346215453
10246,97970.62346215453
10247,97970.62346215453
10248,97970.62346215453
10249,97970.62346215453
10250,97970.62346215453
10251,97970.62346215453
10252,97970.62346215453
10253,97970.62346215453
10254,97970.62346215453
10255,97970.62346215453
10256,97970.62346215453
10257,97970.62346215453
10258,97970.62346215453
10259,97970.62346215453
10260,97970.62346215453
10261,97970.62346215453
10262,97970.62346215453
10263,97970.62346215453
10264,97970.62346215453
10265,97970.62346215453
10266,97970.62346215453
10267,97970.62346215453
10268,97970.62346215453
10269,97970.62346215453
10270,97970.62346215453
10271,97970.62346215453
10272,97970.62346215453
10273,97970.62346215453
10274,97970.62346215453
10275,97970.62346215453
10276,97970.62346215453
10277,97970.62346215453
10278,97970.62346215453
10279,97970.62346215453
10280,97970.62346215453
10281,97970.62346215453
10282,97970.62346215453
10283,97970.62346215453
10284,97970.62346215453
10285,97970.62346215453
10286,97970.62346215453
10287,97970.62346215453
10288,97970.62346215453
10289,97970.62346215453
10290,97970.62346215453
10291,97970.62346215453
10292,97970.62346215453
10293,97970.62346215453
10294,97970.62346215453
10295,97970.62346215453
10296,97970.62346215453
10297,97970.62346215453
10298,97970.62346215453
10299,97970.62346215453
10300,97970.62346215453
10301,97970.62346215453
10302,97970.62346215453
10303,97970.62346215453
10304,97970.62346215453
10305,97970.62346215453
10306,97970.62346215453
10307,97970.62346215453
10308,97970.62346215453
10309,97970.62346215453
10310,97970.62346215453
10311,97970.62346215453
10312,97970.62346215453
10313,97970.62346215453
10314,97970.62346215453
10315,97970.62346215453
10316,97970.62346215453
10317,97970.62346215453
10318,97970.62346215453
10319,97970.62346215453
10320,97970.62346215453
10321,97970.62346215453
10322,97970.62346215453
10323,97970.62346215453
10324,97970.62346215453
10325,97970.62346215453
10326,97970.62346215453
10327,97970.62346215453
10328,97970.62346215453
10329,97970.62346215453
10330,97970.62346215453
10331,97970.62346215453
10332,97960.44867709317
10333,97982.6638889629
10334,97990.96041600608
10335,98011.23823190968
10336,97988.25215854295
10337,97977.672908438
10338,97978.76710226509
10339,97997.49317233438
10340,97960.68166672954
10341,97956.58008806681
10342,97975.94089635587
10343,97975.94089635587
10344,97975.94089635587
10345,97975.94089635587
10346,97975.94089635587
10347,97975.94089635587
10348,97975.94089635587
10349,97975.94089635587
10350,97975.94089635587
10351,97975.94089635587
10352,97975.94089635587
10353,97975.94089635587
10354,97975.94089635587
10355,97975.94089635587
10356,97975.94089635587
10357,97975.94089635587
10358,97975.94089635587
10359,97975.94089635587
10360,97975.94089635587
10361,97975.94089635587
10362,97975.94089635587
10363,97975.94089635587
10364,97975.94089635587
10365,97975.94089635587
10366,97975.94089635587
10367,97975.94089635587
10368,97975.94089635587
10369,97975.94089635587
10370,97975.94089635587
10371,97975.94089635587
10372,97975.94089635587
10373,97975.94089635587
10374,97975.94089635587
10375,97975.94089635587
10376,97975.94089635587
10377,97975.94089635587
10378,97975.94089635587
10379,97975.94089635587
10380,97975.94089635587
10381,97975.94089635587
10382,97975.94089635587
10383,97975.94089635587
10384,97975.94089635587
10385,97975.94089635587
10386,97975.94089635587
10387,97975.94089635587
10388,97975.94089635587
10389,97975.94089635587
10390,97975.94089635587
10391,97975.94089635587
10392,97975.94089635587
10393,97975.94089635587
10394,97975.94089635587
10395,97975.94089635587
10396,97975.94089635587
10397,97975.94089635587
10398,97975.94089635587
10399,97975.94089635587
10400,97975.94089635587
10401,97975.94089635587
10402,97975.94089635587
10403,97975.94089635587
10404,97975.94089635587
10405,97975.94089635587
10406,97975.94089635587
10407,97975.94089635587
10408,97975.94089635587
10409,97975.94089635587
10410,97975.94089635587
10411,97975.94089635587
10412,97975.94089635587
10413,97975.94089635587
10414,97975.94089635587
10415,97975.94089635587
10416,97975.94089635587
10417,97975.94089635587
10418,97975.94089635587
10419,97975.94089635587
10420,97975.94089635587
10421,97975.94089635587
10422,97975.94089635587
10423,97975.94089635587
10424,97975.94089635587
10425,97975.94089635587
10426,97975.94089635587
10427,97975.94089635587
10428,97975.94089635587
10429,97975.94089635587
10430,97975.94089635587
10431,97975.94089635587
10432,97975.94089635587
10433,97975.94089635587
10434,97975.94089635587
10435,97975.94089635587
10436,97975.94089635587
10437,97975.94089635587
10438,97975.94089635587
10439,97975.94089635587
10440,97975.94089635587
10441,97975.94089635587
10442,97975.94089635587
10443,97975.94089635587
10444,97975.94089635587
10445,97975.94089635587
10446,97975.94089635587
10447,97975.94089635587
10448,97975.94089635587
10449,97975.94089635587
10450,97975.94089635587
10451,97975.94089635587
10452,97975.94089635587
10453,97975.94089635587
10454,97975.94089635587
10455,97975.94089635587
10456,97975.94089635587
10457,97975.94089635587
10458,97975.94089635587
10459,97975.94089635587
10460,97975.94089635587
10461,97975.94089635587
10462,97975.94089635587
10463,97975.94089635587
10464,97975.94089635587
10465,97975.94089635587
10466,97975.94089635587
10467,97975.94089635587
10468,97975.94089635587
10469,97975.94089635587
10470,97975.94089635587
10471,97975.94089635587
10472,97975.94089635587
10473,97975.94089635587
10474,97975.94089635587
10475,97975.94089635587
10476,97975.94089635587
10477,97975.94089635587
10478,97975.94089635587
10479,97975.94089635587
10480,97975.94089635587
10481,97975.94089635587
10482,97975.94089635587
10483,97975.94089635587
10484,97968.9978687682
10485,97969.65137957902
10486,97954.6225942137
10487,97957.63554404081
10488,97996.4711923784
10489,98014.36634018806
10490,98009.02189137349
10491,98019.64422492986
10492,97976.0838048237
10493,97981.39849779772
10494,97953.82049819286
10495,97939.06816688184
10496,97957.9347736691
10497,97930.38747459067
10498,97935.09299428675
10499,97924.81177687686
10500,97926.3002888352
10501,97933.63834097455
10502,97933.08172214581
10503,97933.08172214581
10504,97933.08172214581
10505,97933.08172214581
10506,97933.08172214581
10507,97933.08172214581
10508,97933.08172214581
10509,97933.08172214581
10510,97933.08172214581
10511,97933.08172214581
10512,97933.08172214581
10513,97933.08172214581
10514,97933.08172214581
10515,97933.08172214581
10516,97933.08172214581
10517,97933.08172214581
10518,97933.08172214581
10519,97933.08172214581
10520,97933.08172214581
10521,97933.08172214581
10522,97933.08172214581
10523,97933.08172214581
10524,97933.08172214581
10525,97933.08172214581
10526,97933.08172214581
10527,97933.08172214581
10528,97933.08172214581
10529,97933.08172214581
10530,97933.08172214581
10531,97933.08172214581
10532,97933.08172214581
10533,97933.08172214581
10534,97933.08172214581
10535,97933.08172214581
10536,97933.08172214581
10537,97933.08172214581
10538,97933.08172214581
10539,97933.08172214581
10540,97933.08172214581
10541,97933.08172214581
10542,97933.08172214581
10543,97933.08172214581
10544,97933.08172214581
10545,97933.66579084122
10546,97959.99867718987
10547,97972.61791681053
10548,97993.38439575411
10549,97997.28233425065
10550,97993.21618431003
10551,97994.44787252438
10552,97998.8835764548
10553,97995.15385386143
10554,97991.43936873139
10555,97992.60540369315
10556,97992.55053730577
10557,97996.02143612455
10558,97996.9581400071
10559,98001.97810719334
10560,97992.09112533047
10561,97991.661522872
10562,97992.13008469577
10563,97989.9151942074
10564,97992.72153583606
10565,97993.80887314769
10566,97995.4105701998
10567,97994.83853176793
10568,97990.79801205918
10569,97989.01664525397
10570,97988.49541857828
10571,97962.3933426608
10572,97964.77075771902
10573,97939.06599208334
10574,97947.76583417697
10575,97947.49631945
10576,97947.49631945
10577,97947.49631945
10578,97947.49631945
10579,97947.49631945
10580,97947.49631945
10581,97947.49631945
10582,97947.49631945
10583,97947.49631945
10584,97947.49631945
10585,97947.49631945
10586,97947.49631945
10587,97947.49631945
10588,97947.49631945
10589,97947.49631945
10590,97947.49631945
10591,97950.41436742299
10592,97943.97594923775
10593,97938.57963552208
10594,97935.18712612873
10595,97927.68012703168
10596,97886.41976062777
10597,97887.69505992053
10598,97865.04872438841
10599,97864.43971598655
10600,97847.40118359096
10601,97794.83776912239
10602,97818.59626564484
10603,97847.10437312002
10604,97879.54910300704
10605,97952.36360552759
10606,97983.97004175096
10607,97982.45295792822
10608,97967.0063626181
10609,97984.67122330959
10610,98000.23326443366
10611,98031.50026555282
10612,98060.19203910466
10613,98111.82654205218
10614,98121.88052806995
10615,98082.9177098164
10616,98103.61544254304
10617,98107.88612187722
10618,98085.72402766807
10619,98113.63830010287
10620,98150.55494233503
10621,98148.29948069782
10622,98147.70924090115
10623,98084.1321588973
10624,98086.82176544539
10625,98103.21939983044
10626,98103.63671480393
10627,98103.63671480393
10628,98103.63671480393
10629,98103.63671480393
10630,98103.63671480393
10631,98103.63671480393
10632,98103.63671480393
10633,98103.63671480393
10634,98103.63671480393
10635,98103.63671480393
10636,98103.63671480393
10637,98103.63671480393
10638,98103.63671480393
10639,98103.63671480393
10640,98103.63671480393
10641,98103.63671480393
10642,98103.63671480393
10643,98103.63671480393
10644,98103.63671480393
10645,98103.63671480393
10646,98103.63671480393
10647,98103.63671480393
10648,98103.63671480393
10649,98103.63671480393
10650,98103.63671480393
10651,98103.63671480393
10652,98103.63671480393
10653,98103.63671480393
10654,98103.63671480393
10655,98103.63671480393
10656,98103.63671480393
10657,98103.63671480393
10658,98103.63671480393
10659,98103.63671480393
10660,98103.63671480393
10661,98103.63671480393
10662,98103.63671480393
10663,98103.63671480393
10664,98103.63671480393
10665,98103.63671480393
10666,98103.63671480393
10667,98103.63671480393
10668,98103.63671480393
10669,98103.63671480393
10670,98103.63671480393
10671,98103.63671480393
10672,98103.63671480393
10673,98103.63671480393
10674,98103.63671480393
10675,98103.63671480393
10676,98103.63671480393
10677,98103.63671480393
10678,98103.63671480393
10679,98103.63671480393
10680,98103.63671480393
10681,98103.63671480393
10682,98103.63671480393
10683,98103.63671480393
10684,98103.63671480393
10685,98103.63671480393
10686,98103.63671480393
10687,98103.49835258734
10688,98092.53882556745
10689,98058.51398549962
10690,98071.79167759877
10691,98048.06185979221
10692,98083.89621952077
10693,98051.88125825445
10694,98031.19153578434
10695,98071.12060165465
10696,98050.16384305012
10697,98031.45772594002
10698,98045.11695281991
10699,98111.52129978796
10700,98049.86998495058
10701,98037.22568740229
10702,98031.94102196448
10703,98071.00639881127
10704,98093.65521068477
10705,98099.02081163398
10706,98115.54570509137
10707,98148.20946238222
10708,98165.7527958631
10709,98239.0170488089
10710,98229.74571330947
10711,98228.43116584768
10712,98224.73716088657
10713,98221.06268081242
10714,98209.84810160645
10715,98221.04547052103
10716,98191.89049633281
10717,98169.20701049031
10718,98204.7399957418
10719,98171.10273302333
10720,98111.52292923853
10721,98115.09505779864
10722,98125.20112627835
10723,98103.66955185536
10724,98101.09611107477
10725,98114.36062864053
10726,98068.82284129779
10727,98048.19482016048
10728,98041.0562359672
10729,98040.65876295452
10730,97991.20947212042
10731,97931.22369648814
10732,97932.13322321173
10733,97965.46720775373
10734,97967.73316918085
10735,97990.94968723365
10736,97965.70794272485
10737,97982.1445767941
10738,97929.54430459393
10739,97913.13241567797
10740,97958.77230973516
10741,97998.03468411235
10742,97998.03468411235
10743,97998.03468411235
10744,97998.03468411235
10745,97998.03468411235
10746,97998.03468411235
10747,97998.03468411235
10748,97998.03468411235
10749,97998.03468411235
10750,97998.03468411235
10751,97998.03468411235
10752,97998.03468411235
10753,97998.03468411235
10754,97998.03468411235
10755,97998.03468411235
10756,97998.03468411235
10757,97998.03468411235
10758,97998.03468411235
10759,97998.03468411235
10760,97998.03468411235
10761,97998.03468411235
10762,97998.03468411235
10763,97993.94498208804
10764,98026.05493870733
10765,98024.61391821552
10766,98023.07342612717
10767,98031.23561716573
10768,98026.16610016831
10769,98019.98453202017
10770,98007.2395420296
10771,98017.89392513897
10772,98029.89288746878
10773,98054.29169470049
10774,98063.71715209729
10775,98062.08235761877
10776,98060.21282345636
10777,98059.4406981694
10778,98062.06242103293
10779,98063.7984096675
10780,98065.77084785212
10781,98064.08370191317
10782,98061.97512788814
10783,98060.81383861348
10784,98063.35371966087
10785,98063.5556083638
10786,98063.07479074609
10787,98064.96341293145
10788,98065.37990222232
10789,98066.6436534052
10790,98077.70195380438
10791,98075.81600731393
10792,98097.6401878374
10793,98117.24830795718
10794,98129.57077761489
10795,98135.21745271886
10796,98150.00483752401
10797,98139.04564018498
10798,98138.2979965393
10799,98127.55262029544
10800,98122.59196948344
10801,98138.53563500718
10802,98137.11817219027
10803,98139.6343408749
10804,98150.03339787612
10805,98132.6998234608
10806,98131.07045562188
10807,98132.13175357814
10808,98133.59881815688
10809,98121.0094213145
10810,98117.89108837825
10811,98097.99179694662
10812,98087.15850190137
10813,98109.78969776677
10814,98102.18854728345
10815,98093.42790987145
10816,98092.33870356876
10817,98097.00799575017
10818,98101.08926918835
10819,98093.98906791858
10820,98103.8296074468
10821,98111.80380474686
10822,98110.53356953245
10823,98102.73366459862
10824,98109.93512600877
10825,98126.55974298166
10826,98111.29367278426
10827,98109.55844954388
10828,98072.87832993278
10829,98075.30554300375
10830,98088.00684511798
10831,98069.9225176642
10832,98051.29070931755
10833,98030.28530077066
10834,98030.28530077066
10835,98030.28530077066
10836,98030.28530077066
10837,98030.28530077066
10838,98030.28530077066
10839,98030.28530077066
10840,98030.28530077066
10841,98030.28530077066
10842,98030.28530077066
10843,98030.28530077066
10844,98030.28530077066
10845,98030.28530077066
10846,98030.28530077066
10847,98030.28530077066
10848,98030.28530077066
10849,98030.28530077066
10850,98030.28530077066
10851,98030.28530077066
10852,98030.28530077066
10853,98030.28530077066
10854,98030.28530077066
10855,98030.28530077066
10856,98030.28530077066
10857,98030.28530077066
10858,98030.28530077066
10859,98030.28530077066
10860,98030.28530077066
10861,98030.28530077066
10862,98030.28530077066
10863,98030.28530077066
10864,98030.28530077066
10865,98030.28530077066
10866,98030.28530077066
10867,98030.28530077066
10868,98030.28530077066
10869,98028.79885736963
10870,98019.75076949997
10871,98031.93363926672
10872,98037.66778700016
10873,98052.95707928875
10874,98103.6913104706
10875,98066.03096169904
10876,98023.72227003513
10877,98020.73551151842
10878,98069.00773516425
10879,98025.65303396057
10880,98026.70768207758
10881,98012.25106591267
10882,98024.86106905651
10883,97982.73731722799
10884,97962.181455913
10885,97923.71770313437
10886,97934.42389486464
10887,97895.02776543115
10888,97800.49401687764
10889,97815.67455029074
10890,97836.46325325403
10891,97827.81629988839
10892,97827.81629988839
10893,97827.81629988839
10894,97827.81629988839
10895,97827.81629988839
10896,97827.81629988839
10897,97827.81629988839
10898,97827.81629988839
10899,97827.81629988839
10900,97827.81629988839
10901,97827.81629988839
10902,97827.81629988839
10903,97827.81629988839
10904,97827.81629988839
10905,97827.81629988839
10906,97827.81629988839
10907,97827.81629988839
10908,97827.81629988839
10909,97827.81629988839
10910,97827.81629988839
10911,97827.81629988839
10912,97827.81629988839
10913,97827.81629988839
10914,97827.81629988839
10915,97827.81629988839
10916,97827.81629988839
10917,97827.81629988839
10918,97827.81629988839
10919,97827.81629988839
10920,97827.81629988839
10921,97827.81629988839
10922,97827.81629988839
10923,97827.81629988839
10924,97827.81629988839
10925,97827.81629988839
10926,97827.81629988839
10927,97827.81629988839
10928,97827.81629988839
10929,97852.67153214985
10930,97858.87787340427
10931,97831.95051430158
10932,97835.80557098195
10933,97829.38369112641
10934,97841.47427724453
10935,97826.39299613488
10936,97826.56270270828
10937,97808.1826440146
10938,97784.17373486918
10939,97822.32809252388
10940,97809.44979601244
10941,97826.97261726625
10942,97859.87856432135
10943,97886.27663334135
10944,97891.23617329713
10945,97911.96100642403
10946,97937.89341836277
10947,97938.42507306061
10948,97938.29879216454
10949,97951.22020273197
10950,97937.65957783422
10951,97937.65957783422
10952,97937.65957783422
10953,97937.65957783422
10954,97937.65957783422
10955,97937.65957783422
10956,97937.65957783422
10957,97937.65957783422
10958,97937.65957783422
10959,97937.65957783422
10960,97937.65957783422
10961,97937.65957783422
10962,97937.65957783422
10963,97937.65957783422
10964,97937.65957783422
10965,97937.65957783422
10966,97937.65957783422
10967,97937.65957783422
10968,97937.65957783422
10969,97937.65957783422
10970,97937.65957783422
10971,97937.65957783422
10972,97937.65957783422
10973,97937.65957783422
10974,97937.65957783422
10975,97937.65957783422
10976,97937.65957783422
10977,97937.65957783422
10978,97937.65957783422
10979,97937.65957783422
10980,97937.65957783422
10981,97937.65957783422
10982,97937.65957783422
10983,97937.65957783422
10984,97937.65957783422
10985,97937.65957783422
10986,97937.65957783422
10987,97937.65957783422
10988,97937.65957783422
10989,97937.65957783422
10990,97937.65957783422
10991,97937.65957783422
10992,97937.65957783422
10993,97937.65957783422
10994,97937.65957783422
10995,97937.65957783422
10996,97937.65957783422
10997,97937.65957783422
10998,97937.65957783422
10999,97937.65957783422
11000,97937.65957783422
11001,97937.65957783422
11002,97937.65957783422
11003,97937.65957783422
11004,97937.65957783422
11005,97937.65957783422
11006,97937.65957783422
11007,97937.65957783422
11008,97937.65957783422
11009,97937.65957783422
11010,97937.65957783422
11011,97937.65957783422
11012,97937.65957783422
11013,97937.65957783422
11014,97937.65957783422
11015,97937.65957783422
11016,97937.65957783422
11017,97937.65957783422
11018,97937.65957783422
11019,97937.65957783422
11020,97937.65957783422
11021,97937.65957783422
11022,97937.65957783422
11023,97937.65957783422
11024,97937.65957783422
11025,97937.65957783422
11026,97937.65957783422
11027,97937.65957783422
11028,97937.65957783422
11029,97937.65957783422
11030,97937.65957783422
11031,97937.65957783422
11032,97937.65957783422
11033,97937.65957783422
11034,97937.65957783422
11035,97937.65957783422
11036,97937.65957783422
11037,97937.65957783422
11038,97937.3057484308
11039,97926.1835977121
11040,97904.14448958413
11041,97895.56800212876
11042,97935.27867087278
11043,97976.23425383818
11044,97994.17359975162
11045,97957.32418482422
11046,97950.58944821458
11047,97950.58944821458
11048,97950.58944821458
11049,97950.58944821458
11050,97950.58944821458
11051,97950.58944821458
11052,97950.58944821458
11053,97950.58944821458
11054,97950.58944821458
11055,97950.58944821458
11056,97950.58944821458
11057,97950.58944821458
11058,97950.58944821458
11059,97950.58944821458
11060,97950.58944821458
11061,97950.58944821458
11062,97950.58944821458
11063,97950.58944821458
11064,97950.58944821458
11065,97950.58944821458
11066,97950.58944821458
11067,97950.58944821458
11068,97950.58944821458
11069,97950.58944821458
11070,97950.58944821458
11071,97950.58944821458
11072,97950.58944821458
11073,97950.58944821458
11074,97950.58944821458
11075,97950.58944821458
11076,97950.58944821458
11077,97950.58944821458
11078,97950.58944821458
11079,97950.58944821458
11080,97950.58944821458
11081,97950.58944821458
11082,97950.58944821458
11083,97950.58944821458
11084,97950.58944821458
11085,97950.58944821458
11086,97950.58944821458
11087,97950.58944821458
11088,97950.58944821458
11089,97950.58944821458
11090,97950.58944821458
11091,97950.58944821458
11092,97950.58944821458
11093,97950.58944821458
11094,97950.58944821458
11095,97950.58944821458
11096,97955.00963770274
11097,97935.97700429932
11098,97926.7044822447
11099,97931.52578411996
11100,97940.83357799289
11101,97943.40778156037
11102,97933.12578071402
11103,97940.41981167841
11104,97986.08867448635
11105,97967.42467937827
11106,97960.53265643676
11107,97997.67322599389
11108,98019.21804806315
11109,98014.01306353512
11110,98027.50901341121
11111,97991.0306767612
11112,98035.17411818008
11113,98039.48584613859
11114,98037.07599982816
11115,98033.77538500249
11116,98026.74816499544
11117,98027.1698665841
11118,98025.58196285769
11119,98021.7970681397
11120,98020.67443012548
11121,98019.94700219281
11122,98014.71038169257
11123,98016.97079700873
11124,98015.94202137557
11125,98017.30754388894
11126,98021.21687718452
11127,98019.82613857335
11128,98021.92258730314
11129,98034.50698197968
11130,98037.9783689131
11131,98032.59486622406
11132,98036.2729498207
11133,98034.99680504357
11134,98041.21060248467
11135,98037.42425558777
11136,98036.41394502882
11137,98078.17365083272
11138,98082.40446854023
11139,98053.52558118166
11140,98024.7714133928
11141,97973.07510805792
11142,97986.45856289762
11143,97952.27816790152
11144,97920.04154061263
11145,97909.5944771578
11146,97861.46734139773
11147,97861.46734139773
11148,97861.46734139773
11149,97861.46734139773
11150,97861.46734139773
11151,97861.46734139773
11152,97861.46734139773
11153,97861.46734139773
11154,97861.46734139773
11155,97861.46734139773
11156,97861.46734139773
11157,97861.46734139773
11158,97861.46734139773
11159,97861.46734139773
11160,97861.46734139773
11161,97861.46734139773
11162,97861.46734139773
11163,97861.46734139773
11164,97861.46734139773
11165,97861.46734139773
11166,97861.46734139773
11167,97861.46734139773
11168,97861.46734139773
11169,97861.46734139773
11170,97861.46734139773
11171,97861.46734139773
11172,97861.46734139773
11173,97861.46734139773
11174,97861.46734139773
11175,97861.46734139773
11176,97861.46734139773
11177,97861.46734139773
11178,97861.46734139773
11179,97861.46734139773
11180,97861.46734139773
11181,97861.46734139773
11182,97861.46734139773
11183,97861.46734139773
11184,97861.46734139773
11185,97861.46734139773
11186,97861.46734139773
11187,97861.46734139773
11188,97861.46734139773
11189,97861.46734139773
11190,97861.46734139773
11191,97861.46734139773
11192,97861.46734139773
11193,97861.46734139773
11194,97861.46734139773
11195,97861.46734139773
11196,97861.46734139773
11197,97861.46734139773
11198,97861.46734139773
11199,97861.46734139773
11200,97861.46734139773
11201,97861.46734139773
11202,97861.46734139773
11203,97861.46734139773
11204,97861.46734139773
11205,97861.46734139773
11206,97861.46734139773
11207,97861.46734139773
11208,97861.46734139773
11209,97861.46734139773
11210,97861.46734139773
11211,97861.46734139773
11212,97861.46734139773
11213,97861.46734139773
11214,97861.46734139773
11215,97861.46734139773
11216,97861.46734139773
11217,97861.46734139773
11218,97861.46734139773
11219,97861.46734139773
11220,97861.46734139773
11221,97861.46734139773
11222,97861.46734139773
11223,97861.46734139773
11224,97861.46734139773
11225,97861.46734139773
11226,97856.66348900467
11227,97854.78791400511
11228,97853.14606538846
11229,97832.63357391539
11230,97861.65770808108
11231,97836.10471634676
11232,97840.14163760524
11233,97858.17135562608
11234,97858.17135562608
11235,97858.17135562608
11236,97858.17135562608
11237,97858.17135562608
11238,97858.17135562608
11239,97858.17135562608
11240,97858.17135562608
11241,97858.17135562608
11242,97858.17135562608
11243,97858.17135562608
11244,97858.17135562608
11245,97858.17135562608
11246,97858.17135562608
11247,97858.17135562608
11248,97858.17135562608
11249,97858.17135562608
11250,97858.17135562608
11251,97858.17135562608
11252,97858.17135562608
11253,97858.17135562608
11254,97858.17135562608
11255,97858.17135562608
11256,97858.17135562608
11257,97858.17135562608
11258,97858.17135562608
11259,97858.17135562608
11260,97858.17135562608
11261,97858.17135562608
11262,97858.17135562608
11263,97858.17135562608
11264,97858.17135562608
11265,97858.17135562608
11266,97858.17135562608
11267,97858.17135562608
11268,97858.17135562608
11269,97858.17135562608
11270,97858.17135562608
11271,97858.17135562608
11272,97858.17135562608
11273,97858.17135562608
11274,97858.17135562608
11275,97858.17135562608
11276,97858.17135562608
11277,97858.17135562608
11278,97858.17135562608
11279,97858.17135562608
11280,97858.17135562608
11281,97858.17135562608
11282,97858.17135562608
11283,97858.17135562608
11284,97858.17135562608
11285,97858.17135562608
11286,97858.17135562608
11287,97858.17135562608
11288,97858.17135562608
11289,97858.17135562608
11290,97858.17135562608
11291,97858.17135562608
11292,97858.17135562608
11293,97858.17135562608
11294,97858.17135562608
11295,97858.17135562608
11296,97858.17135562608
11297,97858.17135562608
11298,97858.17135562608
11299,97858.17135562608
11300,97858.17135562608
11301,97858.17135562608
11302,97849.95134970504
11303,97844.27723565146
11304,97846.40970055653
11305,97824.68107896688
11306,97846.90437856257
11307,97852.17265746002
11308,97885.59056667013
11309,97850.68824364067
11310,97856.35823889919
11311,97873.37710441563
11312,97895.95679075742
11313,97895.75408723638
11314,97872.47419732391
11315,97850.47817511756
11316,97842.38742542214
11317,97892.91417048623
11318,97855.14552615116
11319,97826.49042785024
11320,97784.90967223897
11321,97751.40835205832
11322,97786.90055415768
11323,97837.39691096636
11324,97868.93161702498
11325,97915.56406399109
11326,97943.64693135055
11327,97940.94615112671
11328,97932.51808806258
11329,97915.77371406494
11330,97903.39173466877
11331,97837.70979783373
11332,97854.08482065964
11333,97829.51942950701
11334,97760.17491280913
11335,97760.38834711336
11336,97734.32452163982
11337,97711.29331558404
11338,97693.98582919262
11339,97700.7689623948
11340,97685.22238082673
11341,97726.3264670648
11342,97726.3264670648
11343,97726.3264670648
11344,97726.3264670648
11345,97726.3264670648
11346,97726.3264670648
11347,97726.3264670648
11348,97726.3264670648
11349,97726.3264670648
11350,97726.3264670648
11351,97726.3264670648
11352,97726.3264670648
11353,97726.3264670648
11354,97726.3264670648
11355,97726.3264670648
11356,97726.3264670648
11357,97726.3264670648
11358,97726.3264670648
11359,97726.3264670648
11360,97726.3264670648
11361,97726.3264670648
11362,97726.3264670648
11363,97707.17435707829
11364,97709.03253850075
11365,97734.92008644322
11366,97718.86596043062
11367,97718.59117729725
11368,97720.26459065118
11369,97679.85297448048
11370,97683.5973853631
11371,97677.69905240086
11372,97702.59144283546
11373,97759.93001546839
11374,97765.47218677582
11375,97786.04471412048
11376,97783.28238683712
11377,97744.68358559131
11378,97768.25863291901
11379,97778.07288287106
11380,97765.51658537683
11381,97751.95523957878
11382,97737.67523640799
11383,97746.86428041667
11384,97773.92658954085
11385,97775.68453538824
11386,97817.89139396684
11387,97812.05734710801
11388,97815.58295702393
11389,97830.70836071672
11390,97829.12840576928
11391,97824.8118664508
11392,97830.10041769399
11393,97833.48258275336
11394,97827.21132585264
11395,97830.28270625198
11396,97839.81101901097
11397,97834.09529730034
11398,97832.54635278264
11399,97833.32704521518
11400,97824.40303245044
11401,97836.79635246788
11402,97840.9608190026
11403,97834.45890309667
11404,97825.76718240991
11405,97811.84186177513
11406,97805.7141636778
11407,97804.02133462383
11408,97757.12095515049
11409,97757.12095515049
11410,97757.12095515049
11411,97757.12095515049
11412,97757.12095515049
11413,97757.12095515049
11414,97757.12095515049
11415,97757.12095515049
11416,97757.12095515049
11417,97757.12095515049
11418,97757.12095515049
11419,97757.12095515049
11420,97757.12095515049
11421,97757.12095515049
11422,97757.12095515049
11423,97757.12095515049
11424,97757.12095515049
11425,97757.12095515049
11426,97757.12095515049
11427,97757.12095515049
11428,97757.12095515049
11429,97757.12095515049
11430,97757.12095515049
11431,97757.12095515049
11432,97757.12095515049
11433,97757.12095515049
11434,97757.12095515049
11435,97757.12095515049
11436,97757.12095515049
11437,97757.12095515049
11438,97757.12095515049
11439,97757.12095515049
11440,97757.12095515049
11441,97757.12095515049
11442,97757.12095515049
11443,97757.12095515049
11444,97757.12095515049
11445,97757.12095515049
11446,97757.12095515049
11447,97757.12095515049
11448,97757.12095515049
11449,97757.12095515049
11450,97757.12095515049
11451,97757.12095515049
11452,97757.12095515049
11453,97757.12095515049
11454,97757.12095515049
11455,97757.12095515049
11456,97757.12095515049
11457,97757.12095515049
11458,97757.12095515049
11459,97757.12095515049
11460,97757.12095515049
11461,97757.12095515049
11462,97757.12095515049
11463,97757.12095515049
11464,97757.12095515049
11465,97757.12095515049
11466,97757.12095515049
11467,97757.12095515049
11468,97757.12095515049
11469,97757.12095515049
11470,97757.12095515049
11471,97757.12095515049
11472,97757.12095515049
11473,97757.12095515049
11474,97757.12095515049
11475,97757.12095515049
11476,97757.12095515049
11477,97757.12095515049
11478,97757.12095515049
11479,97757.12095515049
11480,97757.12095515049
11481,97757.12095515049
11482,97757.12095515049
11483,97757.12095515049
11484,97757.12095515049
11485,97757.56867789426
11486,97786.18225765227
11487,97773.25375120169
11488,97785.33797193792
11489,97834.3106925087
11490,97834.20899436524
11491,97842.03739724316
11492,97868.99186057769
11493,97845.11257436314
11494,97851.35406441824
11495,97839.73434522978
11496,97805.35590363323
11497,97818.83017480411
11498,97812.80704911757
11499,97772.67122534197
11500,97776.46246163071
11501,97770.26404310719
11502,97763.50396181419
11503,97769.50878674044
11504,97789.85451534725
11505,97801.40880506189
11506,97797.25435765318
11507,97829.7155770431
11508,97861.96263814837
11509,97859.7818522145
11510,97878.66072013526
11511,97851.49201841021
11512,97879.71957808665
11513,97884.34124290687
11514,97889.97375263851
11515,97903.15654308366
11516,97907.48251489864
11517,97906.52671297918
11518,97920.37300478658
11519,97921.45145252626
11520,97943.04250096116
11521,97946.45809971458
11522,97934.80094758183
11523,97938.89576140426
11524,97909.84206495376
11525,97905.97719562762
11526,97904.1745600522
11527,97891.79404650193
11528,97895.77267043934
11529,97856.47150319505
11530,97870.11639390871
11531,97870.11639390871
11532,97870.11639390871
11533,97870.11639390871
11534,97870.11639390871
11535,97870.11639390871
11536,97870.11639390871
11537,97870.11639390871
11538,97870.11639390871
11539,97870.11639390871
11540,97870.11639390871
11541,97870.11639390871
11542,97870.11639390871
11543,97870.11639390871
11544,97870.11639390871
11545,97870.11639390871
11546,97870.11639390871
11547,97870.11639390871
11548,97870.11639390871
11549,97870.11639390871
11550,97870.11639390871
11551,97870.11639390871
11552,97870.11639390871
11553,97870.11639390871
11554,97870.11639390871
11555,97870.11639390871
11556,97870.11639390871
11557,97870.11639390871
11558,97870.11639390871
11559,97870.11639390871
11560,97870.11639390871
11561,97870.11639390871
11562,97870.11639390871
11563,97870.11639390871
11564,97870.11639390871
11565,97870.11639390871
11566,97870.11639390871
11567,97870.11639390871
11568,97870.11639390871
11569,97870.11639390871
11570,97870.11639390871
11571,97870.11639390871
11572,97870.11639390871
11573,97870.11639390871
11574,97870.11639390871
11575,97870.11639390871
11576,97870.11639390871
11577,97870.11639390871
11578,97870.11639390871
11579,97870.11639390871
11580,97870.11639390871
11581,97870.11639390871
11582,97870.11639390871
11583,97870.11639390871
11584,97870.11639390871
11585,97870.11639390871
11586,97870.11639390871
11587,97870.11639390871
11588,97870.11639390871
11589,97870.11639390871
11590,97870.11639390871
11591,97870.11639390871
11592,97870.11639390871
11593,97870.11639390871
11594,97870.11639390871
11595,97870.11639390871
11596,97880.35609119464
11597,97914.63999800028
11598,97938.4968979749
11599,97945.44118526796
11600,97952.05921927013
11601,97950.34368917998
11602,97946.3868560419
11603,97948.0170581863
11604,97940.34524001696
11605,97928.93499502727
11606,97919.93169157038
11607,97923.81253917915
11608,97910.94223339556
11609,97888.64106289097
11610,97899.26902278033
11611,97869.06912965978
11612,97869.06912965978
11613,97869.06912965978
11614,97869.06912965978
11615,97869.06912965978
11616,97869.06912965978
11617,97869.06912965978
11618,97869.06912965978
11619,97869.06912965978
11620,97869.06912965978
11621,97869.06912965978
11622,97869.06912965978
11623,97869.06912965978
11624,97869.06912965978
11625,97869.06912965978
11626,97869.06912965978
11627,97869.06912965978
11628,97869.06912965978
11629,97869.06912965978
11630,97869.06912965978
11631,97869.06912965978
11632,97869.06912965978
11633,97869.06912965978
11634,97869.06912965978
11635,97869.06912965978
11636,97869.06912965978
11637,97869.06912965978
11638,97869.06912965978
11639,97869.06912965978
11640,97869.06912965978
11641,97869.06912965978
11642,97869.06912965978
11643,97869.06912965978
11644,97869.06912965978
11645,97869.06912965978
11646,97869.06912965978
11647,97869.06912965978
11648,97869.06912965978
11649,97869.06912965978
11650,97869.06912965978
11651,97869.06912965978
11652,97869.06912965978
11653,97869.06912965978
11654,97869.06912965978
11655,97869.06912965978
11656,97869.06912965978
11657,97869.06912965978
11658,97869.06912965978
11659,97869.06912965978
11660,97869.06912965978
11661,97869.06912965978
11662,97869.06912965978
11663,97869.06912965978
11664,97869.06912965978
11665,97869.06912965978
11666,97869.06912965978
11667,97869.06912965978
11668,97869.06912965978
11669,97869.06912965978
11670,97869.06912965978
11671,97869.06912965978
11672,97869.06912965978
11673,97869.06912965978
11674,97869.06912965978
11675,97869.06912965978
11676,97869.06912965978
11677,97869.06912965978
11678,97869.06912965978
11679,97869.06912965978
11680,97869.06912965978
11681,97869.06912965978
11682,97869.06912965978
11683,97869.06912965978
11684,97869.06912965978
11685,97869.06912965978
11686,97869.06912965978
11687,97869.06912965978
11688,97869.06912965978
11689,97869.06912965978
11690,97869.06912965978
11691,97869.06912965978
11692,97869.06912965978
11693,97869.06912965978
11694,97869.06912965978
11695,97869.06912965978
11696,97869.06912965978
11697,97869.06912965978
11698,97869.06912965978
11699,97869.06912965978
11700,97869.06912965978
11701,97869.06912965978
11702,97869.06912965978
11703,97869.06912965978
11704,97869.06912965978
11705,97869.06912965978
11706,97869.06912965978
11707,97869.06912965978
11708,97869.06912965978
11709,97869.06912965978
11710,97869.06912965978
11711,97869.06912965978
11712,97869.06912965978
11713,97857.28862349041
11714,97852.045328383
11715,97841.33424893198
11716,97824.60727862455
11717,97877.21834692979
11718,97843.71265881538
11719,97884.68535770656
11720,97925.8865282083
11721,97878.24892074802
11722,97896.65266717118
11723,97840.94987403008
11724,97836.7706044938
11725,97836.7706044938
11726,97836.7706044938
11727,97836.7706044938
11728,97836.7706044938
11729,97836.7706044938
11730,97836.7706044938
11731,97836.7706044938
11732,97836.7706044938
11733,97836.7706044938
11734,97836.7706044938
11735,97836.7706044938
11736,97836.7706044938
11737,97836.7706044938
11738,97836.7706044938
11739,97836.7706044938
11740,97836.7706044938
11741,97836.7706044938
11742,97836.7706044938
11743,97836.7706044938
11744,97836.7706044938
11745,97836.7706044938
11746,97836.7706044938
11747,97836.7706044938
11748,97836.7706044938
11749,97836.7706044938
11750,97836.7706044938
11751,97836.7706044938
11752,97836.7706044938
11753,97836.7706044938
11754,97836.7706044938
11755,97836.7706044938
11756,97836.7706044938
11757,97836.7706044938
11758,97836.7706044938
11759,97836.7706044938
11760,97836.7706044938
11761,97836.7706044938
11762,97836.7706044938
11763,97836.7706044938
11764,97836.7706044938
11765,97836.7706044938
11766,97836.7706044938
11767,97836.7706044938
11768,97836.7706044938
11769,97836.7706044938
11770,97836.7706044938
11771,97836.7706044938
11772,97836.7706044938
11773,97836.7706044938
11774,97836.7706044938
11775,97836.7706044938
11776,97836.7706044938
11777,97836.7706044938
11778,97836.7706044938
11779,97836.20310276744
11780,97804.10733937383
11781,97788.3145780555
11782,97772.35530596582
11783,97814.16203980646
11784,97832.25542924987
11785,97853.20115873727
11786,97848.62915425743
11787,97842.22269227217
11788,97795.38078268318
11789,97769.56366268467
11790,97746.51185361136
11791,97733.66548394904
11792,97733.66548394904
11793,97733.66548394904
11794,97733.66548394904
11795,97733.66548394904
11796,97733.66548394904
11797,97733.66548394904
11798,97733.66548394904
11799,97733.66548394904
11800,97733.66548394904
11801,97733.66548394904
11802,97733.66548394904
11803,97733.66548394904
11804,97733.66548394904
11805,97733.66548394904
11806,97733.66548394904
11807,97733.66548394904
11808,97733.66548394904
11809,97733.66548394904
11810,97733.66548394904
11811,97733.66548394904
11812,97733.66548394904
11813,97733.66548394904
11814,97733.66548394904
11815,97733.66548394904
11816,97733.66548394904
11817,97733.66548394904
11818,97733.66548394904
11819,97733.66548394904
11820,97733.66548394904
11821,97733.66548394904
11822,97733.66548394904
11823,97733.66548394904
11824,97733.66548394904
11825,97733.66548394904
11826,97733.66548394904
11827,97733.66548394904
11828,97733.66548394904
11829,97733.66548394904
11830,97733.66548394904
11831,97720.73809580953
11832,97721.16308058753
11833,97721.69367392409
11834,97721.69367392409
11835,97721.69367392409
11836,97721.69367392409
11837,97721.69367392409
11838,97721.69367392409
11839,97721.69367392409
11840,97721.69367392409
11841,97721.69367392409
11842,97721.69367392409
11843,97721.69367392409
11844,97721.69367392409
11845,97721.69367392409
11846,97721.69367392409
11847,97721.69367392409
11848,97721.69367392409
11849,97721.69367392409
11850,97721.69367392409
11851,97721.69367392409
11852,97721.69367392409
11853,97721.69367392409
11854,97721.69367392409
11855,97721.69367392409
11856,97721.69367392409
11857,97721.69367392409
11858,97721.69367392409
11859,97721.69367392409
11860,97721.69367392409
11861,97721.69367392409
11862,97721.69367392409
11863,97721.69367392409
11864,97721.69367392409
11865,97721.69367392409
11866,97721.69367392409
11867,97721.69367392409
11868,97721.69367392409
11869,97721.69367392409
11870,97721.69367392409
11871,97721.69367392409
11872,97721.69367392409
11873,97721.69367392409
11874,97721.69367392409
11875,97721.69367392409
11876,97721.69367392409
11877,97721.69367392409
11878,97721.69367392409
11879,97721.69367392409
11880,97721.69367392409
11881,97721.69367392409
11882,97721.69367392409
11883,97721.69367392409
11884,97721.69367392409
11885,97721.69367392409
11886,97721.69367392409
11887,97721.69367392409
11888,97721.69367392409
11889,97721.69367392409
11890,97721.69367392409
11891,97721.69367392409
11892,97721.69367392409
11893,97721.69367392409
11894,97721.69367392409
11895,97721.69367392409
11896,97721.69367392409
11897,97721.69367392409
11898,97721.69367392409
11899,97721.69367392409
11900,97721.69367392409
11901,97721.69367392409
11902,97721.69367392409
11903,97721.69367392409
11904,97721.69367392409
11905,97721.69367392409
11906,97721.69367392409
11907,97721.69367392409
11908,97721.69367392409
11909,97721.69367392409
11910,97721.69367392409
11911,97721.69367392409
11912,97721.69367392409
11913,97721.69367392409
11914,97721.69367392409
11915,97721.69367392409
11916,97721.69367392409
11917,97721.69367392409
11918,97721.69367392409
11919,97721.69367392409
11920,97721.69367392409
11921,97721.69367392409
11922,97721.69367392409
11923,97721.69367392409
11924,97721.69367392409
11925,97721.69367392409
11926,97721.4325742247
11927,97738.52228209934
11928,97724.46001001023
11929,97721.21443960982
11930,97754.37549777322
11931,97747.02543158659
11932,97761.84425586261
11933,97749.353612028
11934,97737.19977610491
11935,97735.85747802166
11936,97732.11012103847
11937,97709.9038254698
11938,97716.79470192861
11939,97718.26465559346
11940,97717.78293013865
11941,97710.7728815664
11942,97711.36367488843
11943,97725.69965617974
11944,97744.98841155473
11945,97722.61891398871
11946,97717.25717729068
11947,97752.2695957367
11948,97740.56748942519
11949,97715.2181309783
11950,97723.9029385654
11951,97713.9359284835
11952,97697.14279304731
11953,97679.22609237401
11954,97641.35924215964
11955,97620.58801048558
11956,97570.30005569376
11957,97524.61598744395
11958,97486.90891467764
11959,97510.64847177452
11960,97549.01116814066
11961,97517.92115944957
11962,97517.92115944957
11963,97517.92115944957
11964,97517.92115944957
11965,97517.92115944957
11966,97517.92115944957
11967,97517.92115944957
11968,97517.92115944957
11969,97517.92115944957
11970,97517.92115944957
11971,97517.92115944957
11972,97517.92115944957
11973,97517.92115944957
11974,97517.92115944957
11975,97517.92115944957
11976,97517.92115944957
11977,97517.92115944957
11978,97517.92115944957
11979,97517.92115944957
11980,97517.92115944957
11981,97517.92115944957
11982,97517.92115944957
11983,97517.92115944957
11984,97517.92115944957
11985,97517.92115944957
11986,97517.92115944957
11987,97517.92115944957
11988,97517.92115944957
11989,97517.92115944957
11990,97517.92115944957
11991,97517.92115944957
11992,97517.92115944957
11993,97517.92115944957
11994,97517.92115944957
11995,97517.92115944957
11996,97517.92115944957
11997,97517.92115944957
11998,97517.92115944957
11999,97517.92115944957
12000,97517.92115944957
12001,97517.92115944957
12002,97517.92115944957
12003,97517.92115944957
12004,97517.92115944957
12005,97517.92115944957
12006,97517.92115944957
12007,97517.92115944957
12008,97517.92115944957
12009,97517.92115944957
12010,97517.92115944957
12011,97517.92115944957
12012,97517.92115944957
12013,97517.92115944957
12014,97517.92115944957
12015,97517.92115944957
12016,97517.92115944957
12017,97517.92115944957
12018,97517.92115944957
12019,97517.92115944957
12020,97517.92115944957
12021,97517.92115944957
12022,97517.92115944957
12023,97517.92115944957
12024,97517.92115944957
12025,97517.92115944957
12026,97517.92115944957
12027,97517.92115944957
12028,97517.92115944957
12029,97517.92115944957
12030,97517.92115944957
12031,97517.92115944957
12032,97517.92115944957
12033,97517.92115944957
12034,97517.92115944957
12035,97517.92115944957
12036,97517.92115944957
12037,97517.92115944957
12038,97517.92115944957
12039,97517.92115944957
12040,97517.92115944957
12041,97517.92115944957
12042,97517.92115944957
12043,97517.92115944957
12044,97517.92115944957
12045,97517.92115944957
12046,97517.92115944957
12047,97517.92115944957
12048,97517.92115944957
12049,97517.92115944957
12050,97517.92115944957
12051,97517.92115944957
12052,97517.92115944957
12053,97517.92115944957
12054,97517.92115944957
12055,97517.92115944957
12056,97517.92115944957
12057,97517.92115944957
12058,97517.92115944957
12059,97517.92115944957
12060,97517.92115944957
12061,97517.92115944957
12062,97517.92115944957
12063,97517.92115944957
12064,97517.92115944957
12065,97517.92115944957
12066,97517.92115944957
12067,97517.92115944957
12068,97517.92115944957
12069,97517.92115944957
12070,97517.92115944957
12071,97517.92115944957
12072,97517.92115944957
12073,97517.92115944957
12074,97517.92115944957
12075,97517.92115944957
12076,97517.92115944957
12077,97517.92115944957
12078,97517.92115944957
12079,97517.92115944957
12080,97517.92115944957
12081,97517.92115944957
12082,97517.92115944957
12083,97517.92115944957
12084,97517.92115944957
12085,97517.92115944957
12086,97517.92115944957
12087,97517.92115944957
12088,97517.92115944957
12089,97517.92115944957
12090,97517.92115944957
12091,97517.92115944957
12092,97517.92115944957
12093,97517.92115944957
12094,97517.92115944957
12095,97517.92115944957
12096,97517.92115944957
12097,97517.92115944957
12098,97517.92115944957
12099,97517.92115944957
12100,97517.92115944957
12101,97517.92115944957
12102,97517.92115944957
12103,97517.92115944957
12104,97517.92115944957
12105,97517.92115944957
12106,97517.92115944957
12107,97517.92115944957
12108,97517.92115944957
12109,97517.92115944957
12110,97517.92115944957
12111,97517.92115944957
12112,97517.92115944957
12113,97517.92115944957
12114,97517.92115944957
12115,97517.92115944957
12116,97512.68423705714
12117,97503.91412531868
12118,97506.17157512058
12119,97502.8458699802
12120,97479.58563774773
12121,97463.57176793441
12122,97441.54494591919
12123,97435.08650144089
12124,97447.16969413379
12125,97411.55678618497
12126,97411.55678618497
12127,97411.55678618497
12128,97411.55678618497
12129,97411.55678618497
12130,97411.55678618497
12131,97411.55678618497
12132,97411.55678618497
12133,97411.55678618497
12134,97411.55678618497
12135,97411.55678618497
12136,97411.55678618497
12137,97411.55678618497
12138,97411.55678618497
12139,97411.55678618497
12140,97411.55678618497
12141,97411.55678618497
12142,97411.55678618497
12143,97411.55678618497
12144,97411.55678618497
12145,97411.55678618497
12146,97411.55678618497
12147,97411.55678618497
12148,97411.55678618497
12149,97411.55678618497
12150,97411.55678618497
12151,97411.55678618497
12152,97411.55678618497
12153,97411.55678618497
12154,97411.55678618497
12155,97411.55678618497
12156,97411.55678618497
12157,97411.55678618497
12158,97411.55678618497
12159,97411.55678618497
12160,97411.55678618497
12161,97411.55678618497
12162,97411.55678618497
12163,97411.55678618497
12164,97411.55678618497
12165,97411.55678618497
12166,97411.55678618497
12167,97411.55678618497
12168,97411.55678618497
12169,97411.55678618497
12170,97411.55678618497
12171,97411.55678618497
12172,97411.55678618497
12173,97411.55678618497
12174,97411.55678618497
12175,97411.55678618497
12176,97411.55678618497
12177,97411.55678618497
12178,97391.14626087502
12179,97424.34297136712
12180,97428.15108447813
12181,97355.34536522767
12182,97342.65619398936
12183,97325.82255091768
12184,97312.3263008282
12185,97312.3263008282
12186,97312.3263008282
12187,97312.3263008282
12188,97312.3263008282
12189,97312.3263008282
12190,97312.3263008282
12191,97312.3263008282
12192,97312.3263008282
12193,97312.3263008282
12194,97312.3263008282
12195,97312.3263008282
12196,97312.3263008282
12197,97312.3263008282
12198,97312.3263008282
12199,97312.3263008282
12200,97312.3263008282
12201,97312.3263008282
12202,97312.3263008282
12203,97312.3263008282
12204,97312.3263008282
12205,97312.3263008282
12206,97312.3263008282
12207,97312.3263008282
12208,97312.3263008282
12209,97312.3263008282
12210,97312.3263008282
12211,97312.3263008282
12212,97312.3263008282
12213,97312.3263008282
12214,97312.3263008282
12215,97312.3263008282
12216,97312.3263008282
12217,97312.3263008282
12218,97312.3263008282
12219,97312.3263008282
12220,97312.3263008282
12221,97312.3263008282
12222,97312.3263008282
12223,97327.46889827537
12224,97339.24615996082
12225,97301.98321889855
12226,97310.29021204848
12227,97310.6509142296
12228,97324.98378797545
12229,97295.96184527637
12230,97282.58054052024
12231,97261.94034548578
12232,97276.76756213311
12233,97302.81732244071
12234,97296.51984929205
12235,97298.51466845589
12236,97242.09343949729
12237,97235.62316911956
12238,97302.56561733877
12239,97344.27188179016
12240,97334.33922501456
12241,97351.54058709329
12242,97329.73421810963
12243,97344.429917579
12244,97306.72085881686
12245,97353.79618742038
12246,97343.74962337331
12247,97315.4037282609
12248,97346.79918040741
12249,97367.37469741933
12250,97425.8728387299
12251,97418.62533149571
12252,97421.2284915839
12253,97392.49955824729
12254,97417.70773302921
12255,97420.53548449522
12256,97419.78450703986
12257,97419.57909464008
12258,97418.36524576793
12259,97417.94723364609
12260,97422.47919755195
12261,97427.1014354725
12262,97432.32531880579
12263,97455.4324261747
12264,97446.60299334438
12265,97446.60299334438
12266,97446.60299334438
12267,97446.60299334438
12268,97446.60299334438
12269,97446.60299334438
12270,97446.60299334438
12271,97446.60299334438
12272,97446.60299334438
12273,97446.60299334438
12274,97446.60299334438
12275,97446.60299334438
12276,97446.60299334438
12277,97446.60299334438
12278,97446.60299334438
12279,97446.60299334438
12280,97446.60299334438
12281,97446.60299334438
12282,97446.60299334438
12283,97446.60299334438
12284,97446.60299334438
12285,97446.60299334438
12286,97446.60299334438
12287,97446.60299334438
12288,97446.60299334438
12289,97446.60299334438
12290,97446.60299334438
12291,97446.60299334438
12292,97446.60299334438
12293,97446.60299334438
12294,97446.60299334438
12295,97446.60299334438
12296,97446.60299334438
12297,97446.60299334438
12298,97446.60299334438
12299,97446.60299334438
12300,97446.60299334438
12301,97446.60299334438
12302,97446.60299334438
12303,97446.60299334438
12304,97446.60299334438
12305,97446.60299334438
12306,97446.60299334438
12307,97446.60299334438
12308,97446.60299334438
12309,97446.60299334438
12310,97446.60299334438
12311,97446.60299334438
12312,97446.60299334438
12313,97446.60299334438
12314,97446.60299334438
12315,97446.60299334438
12316,97446.60299334438
12317,97458.98090727867
12318,97442.51109228986
12319,97448.61888807367
12320,97470.44196102697
12321,97419.96101628592
12322,97423.23987443729
12323,97423.23987443729
12324,97423.23987443729
12325,97423.23987443729
12326,97423.23987443729
12327,97423.23987443729
12328,97423.23987443729
12329,97423.23987443729
12330,97423.23987443729
12331,97423.23987443729
12332,97423.23987443729
12333,97423.23987443729
12334,97423.23987443729
12335,97423.23987443729
12336,97423.23987443729
12337,97423.23987443729
12338,97423.23987443729
12339,97423.23987443729
12340,97423.23987443729
12341,97423.23987443729
12342,97423.23987443729
12343,97423.23987443729
12344,97423.23987443729
12345,97423.23987443729
12346,97423.23987443729
12347,97423.23987443729
12348,97423.23987443729
12349,97423.23987443729
12350,97423.23987443729
12351,97423.23987443729
12352,97423.23987443729
12353,97423.23987443729
12354,97423.23987443729
12355,97423.23987443729
12356,97423.23987443729
12357,97423.23987443729
12358,97423.23987443729
12359,97423.23987443729
12360,97423.23987443729
12361,97423.23987443729
12362,97423.23987443729
12363,97423.23987443729
12364,97423.23987443729
12365,97423.23987443729
12366,97423.23987443729
12367,97423.23987443729
12368,97423.23987443729
12369,97423.23987443729
12370,97423.23987443729
12371,97423.23987443729
12372,97423.23987443729
12373,97423.23987443729
12374,97423.23987443729
12375,97423.23987443729
12376,97423.23987443729
12377,97423.23987443729
12378,97423.23987443729
12379,97423.23987443729
12380,97423.23987443729
12381,97423.23987443729
12382,97423.23987443729
12383,97423.23987443729
12384,97423.23987443729
12385,97423.23987443729
12386,97423.23987443729
12387,97423.23987443729
12388,97423.23987443729
12389,97423.23987443729
12390,97423.23987443729
12391,97423.23987443729
12392,97423.23987443729
12393,97423.23987443729
12394,97423.23987443729
12395,97423.23987443729
12396,97423.23987443729
12397,97423.23987443729
12398,97423.23987443729
12399,97423.23987443729
12400,97423.23987443729
12401,97423.23987443729
12402,97423.23987443729
12403,97423.23987443729
12404,97423.23987443729
12405,97423.23987443729
12406,97423.23987443729
12407,97423.23987443729
12408,97423.23987443729
12409,97423.23987443729
12410,97423.23987443729
12411,97423.23987443729
12412,97423.23987443729
12413,97423.23987443729
12414,97423.23987443729
12415,97423.23987443729
12416,97423.23987443729
12417,97423.23987443729
12418,97423.23987443729
12419,97423.23987443729
12420,97423.23987443729
12421,97423.23987443729
12422,97423.23987443729
12423,97423.23987443729
12424,97423.23987443729
12425,97423.23987443729
12426,97423.23987443729
12427,97423.23987443729
12428,97423.23987443729
12429,97423.23987443729
12430,97423.23987443729
12431,97423.23987443729
12432,97423.23987443729
12433,97423.23987443729
12434,97423.23987443729
12435,97423.23987443729
12436,97450.54694543009
12437,97475.28431076567
12438,97455.69376758086
12439,97445.87090270418
12440,97435.72616604413
12441,97421.75024467093
12442,97415.3410603795
12443,97413.13253735531
12444,97430.7633411189
12445,97417.78529762797
12446,97407.5034077351
12447,97416.12847581392
12448,97416.12847581392
12449,97416.12847581392
12450,97416.12847581392
12451,97416.12847581392
12452,97416.12847581392
12453,97416.12847581392
12454,97416.12847581392
12455,97416.12847581392
12456,97416.12847581392
12457,97416.12847581392
12458,97416.12847581392
12459,97416.12847581392
12460,97416.12847581392
12461,97416.12847581392
12462,97416.12847581392
12463,97416.12847581392
12464,97416.12847581392
12465,97416.12847581392
12466,97416.12847581392
12467,97416.12847581392
12468,97416.12847581392
12469,97416.12847581392
12470,97416.12847581392
12471,97416.12847581392
12472,97416.12847581392
12473,97416.12847581392
12474,97416.12847581392
12475,97416.12847581392
12476,97416.12847581392
12477,97416.12847581392
12478,97416.12847581392
12479,97416.12847581392
12480,97416.12847581392
12481,97416.12847581392
12482,97416.12847581392
12483,97416.12847581392
12484,97416.12847581392
12485,97416.12847581392
12486,97416.12847581392
12487,97416.12847581392
12488,97416.12847581392
12489,97416.12847581392
12490,97416.12847581392
12491,97416.12847581392
12492,97416.12847581392
12493,97416.12847581392
12494,97416.12847581392
12495,97416.12847581392
12496,97416.12847581392
12497,97416.12847581392
12498,97416.12847581392
12499,97416.12847581392
12500,97416.12847581392
12501,97416.12847581392
12502,97416.12847581392
12503,97416.12847581392
12504,97416.12847581392
12505,97416.12847581392
12506,97416.12847581392
12507,97416.12847581392
12508,97416.12847581392
12509,97416.12847581392
12510,97416.12847581392
12511,97416.12847581392
12512,97416.12847581392
12513,97416.12847581392
12514,97409.15344782197
12515,97415.86265537227
12516,97408.20667215729
12517,97407.47753319274
12518,97396.33752372029
12519,97403.47018561483
12520,97412.70071761892
12521,97390.16587023973
12522,97378.82634802541
12523,97373.0233454893
12524,97342.95747454291
12525,97388.86836464849
12526,97310.66808757269
12527,97285.97574219531
12528,97276.68348123034
12529,97329.7247683143
12530,97418.03023183318
12531,97438.60580838304
12532,97441.05683823227
12533,97440.284540195
12534,97473.95074417283
12535,97471.68957173599
12536,97517.91766087797
12537,97531.00433163343
12538,97601.81325174894
12539,97620.34437384819
12540,97613.44023544436
12541,97564.24307745216
12542,97559.93173826371
12543,97558.25985792832
12544,97564.5615538033
12545,97579.74736371233
12546,97552.36494341856
12547,97577.98865715748
12548,97586.1426855382
12549,97609.878549993
12550,97601.92817161784
12551,97596.9248487827
12552,97596.9248487827
12553,97596.9248487827
12554,97596.9248487827
12555,97596.9248487827
12556,97596.9248487827
12557,97596.9248487827
12558,97596.9248487827
12559,97596.9248487827
12560,97596.9248487827
12561,97596.9248487827
12562,97596.9248487827
12563,97596.9248487827
12564,97596.9248487827
12565,97596.9248487827
12566,97596.9248487827
12567,97596.9248487827
12568,97596.9248487827
12569,97596.9248487827
12570,97596.9248487827
12571,97596.9248487827
12572,97596.9248487827
12573,97596.9248487827
12574,97596.9248487827
12575,97596.9248487827
12576,97596.9248487827
12577,97596.9248487827
12578,97596.9248487827
12579,97596.9248487827
12580,97596.9248487827
12581,97596.9248487827
12582,97596.9248487827
12583,97596.9248487827
12584,97596.9248487827
12585,97596.9248487827
12586,97596.9248487827
12587,97596.9248487827
12588,97596.9248487827
12589,97596.9248487827
12590,97596.9248487827
12591,97596.9248487827
12592,97596.9248487827
12593,97596.9248487827
12594,97596.9248487827
12595,97596.9248487827
12596,97596.9248487827
12597,97596.9248487827
12598,97596.9248487827
12599,97596.9248487827
12600,97596.9248487827
12601,97596.9248487827
12602,97596.9248487827
12603,97596.9248487827
12604,97596.9248487827
12605,97596.9248487827
12606,97596.9248487827
12607,97596.9248487827
12608,97596.9248487827
12609,97596.9248487827
12610,97596.9248487827
12611,97596.9248487827
12612,97596.9248487827
12613,97596.9248487827
12614,97596.9248487827
12615,97596.9248487827
12616,97596.9248487827
12617,97596.9248487827
12618,97596.9248487827
12619,97596.9248487827
12620,97596.9248487827
12621,97596.9248487827
12622,97596.9248487827
12623,97596.9248487827
12624,97596.9248487827
12625,97596.9248487827
12626,97596.9248487827
12627,97596.9248487827
12628,97596.9248487827
12629,97596.9248487827
12630,97596.9248487827
12631,97596.9248487827
12632,97596.9248487827
12633,97596.9248487827
12634,97596.9248487827
12635,97596.9248487827
12636,97596.9248487827
12637,97606.72942143332
12638,97613.25504900655
12639,97629.00705345448
12640,97641.13164552054
12641,97602.03164209357
12642,97600.18855995436
12643,97600.18855995436
12644,97600.18855995436
12645,97600.18855995436
12646,97600.18855995436
12647,97600.18855995436
12648,97600.18855995436
12649,97600.18855995436
12650,97600.18855995436
12651,97600.18855995436
12652,97600.18855995436
12653,97600.18855995436
12654,97600.18855995436
12655,97600.18855995436
12656,97600.18855995436
12657,97600.18855995436
12658,97600.18855995436
12659,97598.0812368849
12660,97613.74352134064
12661,97612.5743220252
12662,97617.95521674512
12663,97614.58715344728
12664,97617.57932538266
12665,97607.80434098479
12666,97613.55418126467
12667,97593.29028639903
12668,97580.7173452965
12669,97546.52190004411
12670,97562.09073503573
12671,97562.25674296054
12672,97616.29463499704
12673,97642.33776544679
12674,97642.33776544679
12675,97642.33776544679
12676,97642.33776544679
12677,97642.33776544679
12678,97642.33776544679
12679,97642.33776544679
12680,97642.33776544679
12681,97642.33776544679
12682,97642.33776544679
12683,97642.33776544679
12684,97642.33776544679
12685,97642.33776544679
12686,97642.33776544679
12687,97642.33776544679
12688,97642.33776544679
12689,97642.33776544679
12690,97642.33776544679
12691,97642.33776544679
12692,97642.33776544679
12693,97642.33776544679
12694,97642.33776544679
12695,97650.9193569042
12696,97633.62351946365
12697,97657.67194598503
12698,97657.45340662212
12699,97645.20964695273
12700,97649.30515490161
12701,97649.64549888973
12702,97633.83151351631
12703,97629.2503796512
12704,97612.88339021201
12705,97648.18990128585
12706,97622.56762122095
12707,97602.98890453408
12708,97625.15047701477
12709,97623.80845357053
12710,97647.41095438998
12711,97642.5197769945
12712,97646.17474253014
12713,97625.93388638449
12714,97615.87522349163
12715,97638.31334760408
12716,97646.15890896405
12717,97648.33046473356
12718,97632.03103747731
12719,97633.4409991059
12720,97642.34120022002
12721,97606.45214861061
12722,97654.1559640036
12723,97645.54284669558
12724,97645.54284669558
12725,97645.54284669558
12726,97645.54284669558
12727,97645.54284669558
12728,97645.54284669558
12729,97645.54284669558
12730,97645.54284669558
12731,97645.54284669558
12732,97645.54284669558
12733,97645.54284669558
12734,97645.54284669558
12735,97645.54284669558
12736,97645.54284669558
12737,97645.54284669558
12738,97645.54284669558
12739,97645.54284669558
12740,97645.54284669558
12741,97645.54284669558
12742,97614.34420252277
12743,97593.44060479995
12744,97631.6067995368
12745,97628.7693736479
12746,97591.1536643343
12747,97585.9296209723
12748,97623.23973560997
12749,97639.05304341731
12750,97639.05304341731
12751,97639.05304341731
12752,97639.05304341731
12753,97639.05304341731
12754,97639.05304341731
12755,97639.05304341731
12756,97639.05304341731
12757,97639.05304341731
12758,97639.05304341731
12759,97639.05304341731
12760,97639.05304341731
12761,97639.05304341731
12762,97639.05304341731
12763,97639.05304341731
12764,97639.05304341731
12765,97639.05304341731
12766,97639.05304341731
12767,97639.05304341731
12768,97639.05304341731
12769,97639.05304341731
12770,97639.05304341731
12771,97639.05304341731
12772,97639.05304341731
12773,97639.05304341731
12774,97639.05304341731
12775,97639.05304341731
12776,97639.05304341731
12777,97639.05304341731
12778,97639.05304341731
12779,97639.05304341731
12780,97639.05304341731
12781,97637.38139493659
12782,97631.76502789851
12783,97641.43917795739
12784,97608.18165429581
12785,97634.43141341655
12786,97611.08353844803
12787,97629.13248868377
12788,97627.59080015686
12789,97625.8541689557
12790,97586.49918484774
12791,97603.84943090245
12792,97570.71310136783
12793,97570.71310136783
12794,97570.71310136783
12795,97570.71310136783
12796,97570.71310136783
12797,97570.71310136783
12798,97570.71310136783
12799,97570.71310136783
12800,97570.71310136783
12801,97570.71310136783
12802,97570.71310136783
12803,97570.71310136783
12804,97570.71310136783
12805,97570.71310136783
12806,97570.71310136783
12807,97570.71310136783
12808,97570.71310136783
12809,97570.71310136783
12810,97570.71310136783
12811,97570.71310136783
12812,97570.71310136783
12813,97570.71310136783
12814,97570.71310136783
12815,97570.71310136783
12816,97570.71310136783
12817,97570.71310136783
12818,97570.71310136783
12819,97570.71310136783
12820,97570.71310136783
12821,97570.71310136783
12822,97570.71310136783
12823,97570.71310136783
12824,97570.71310136783
12825,97570.71310136783
12826,97570.71310136783
12827,97570.71310136783
12828,97570.71310136783
12829,97570.71310136783
12830,97570.71310136783
12831,97570.71310136783
12832,97570.71310136783
12833,97580.07256536512
12834,97580.43094779049
12835,97584.19449886755
12836,97549.36443890167
12837,97531.64605010745
12838,97477.45349701389
12839,97475.27939915606
12840,97496.59278040077
12841,97537.33583309622
12842,97587.5955991064
12843,97568.96283588822
12844,97530.03375124632
12845,97539.18893237768
12846,97475.2282157418
12847,97387.24556552035
12848,97407.2573891841
12849,97394.11572973398
12850,97372.52820819333
12851,97385.58785024539
12852,97322.17341024321
12853,97321.08319770769
12854,97275.45126963175
12855,97298.21774686444
12856,97298.21774686444
12857,97298.21774686444
12858,97298.21774686444
12859,97298.21774686444
12860,97298.21774686444
12861,97298.21774686444
12862,97298.21774686444
12863,97298.21774686444
12864,97298.21774686444
12865,97298.21774686444
12866,97298.21774686444
12867,97298.21774686444
12868,97298.21774686444
12869,97298.21774686444
12870,97298.21774686444
12871,97298.21774686444
12872,97298.21774686444
12873,97298.21774686444
12874,97298.21774686444
12875,97298.21774686444
12876,97298.21774686444
12877,97298.21774686444
12878,97298.21774686444
12879,97298.21774686444
12880,97298.21774686444
12881,97298.21774686444
12882,97298.21774686444
12883,97298.21774686444
12884,97298.21774686444
12885,97298.21774686444
12886,97298.21774686444
12887,97298.21774686444
12888,97298.21774686444
12889,97298.21774686444
12890,97298.21774686444
12891,97298.21774686444
12892,97298.21774686444
12893,97298.21774686444
12894,97298.21774686444
12895,97298.21774686444
12896,97298.21774686444
12897,97298.21774686444
12898,97298.21774686444
12899,97298.21774686444
12900,97298.21774686444
12901,97298.21774686444
12902,97297.3362798796
12903,97290.64145165584
12904,97279.81439346056
12905,97287.6738376618
12906,97242.76065790522
12907,97255.55784772818
12908,97259.15470648755
12909,97258.53706092304
12910,97293.18764531994
12911,97305.80265083005
12912,97329.7667978169
12913,97310.19654693668
12914,97300.82820402221
12915,97322.26617473066
12916,97310.4945683204
12917,97326.78412098016
12918,97377.18864329146
12919,97384.96188434126
12920,97383.7632138982
12921,97375.26844290397
12922,97375.2911927065
12923,97374.78307754507
12924,97368.91566697088
12925,97373.25017579402
12926,97382.88526091819
12927,97382.95607991195
12928,97391.36083906368
12929,97406.87424279253
12930,97425.05764913751
12931,97440.28346809138
12932,97437.62037887303
12933,97446.40315706853
12934,97460.72079631402
12935,97484.79933325715
12936,97480.42285888985
12937,97471.8369379505
12938,97476.89197107758
12939,97480.039530066
12940,97482.05557876588
12941,97482.40692283785
12942,97477.89000114707
12943,97477.4148455848
12944,97481.26450081082
12945,97491.61069180965
12946,97505.74210044245
12947,97497.7652815241
12948,97486.65707593969
12949,97491.83038879652
12950,97485.07643936203
12951,97493.90547966244
12952,97487.94138592808
12953,97485.83362161201
12954,97480.85809648724
12955,97480.03979162959
12956,97461.08721054478
12957,97461.08721054478
12958,97461.08721054478
12959,97461.08721054478
12960,97461.08721054478
12961,97461.08721054478
12962,97461.08721054478
12963,97461.08721054478
12964,97461.08721054478
12965,97461.08721054478
12966,97461.08721054478
12967,97461.08721054478
12968,97461.08721054478
12969,97461.08721054478
12970,97461.08721054478
12971,97461.08721054478
12972,97461.08721054478
12973,97461.08721054478
12974,97461.08721054478
12975,97461.08721054478
12976,97461.08721054478
12977,97461.08721054478
12978,97461.08721054478
12979,97461.08721054478
12980,97461.08721054478
12981,97461.08721054478
12982,97461.08721054478
12983,97461.08721054478
12984,97461.08721054478
12985,97461.08721054478
12986,97461.08721054478
12987,97461.08721054478
12988,97461.08721054478
12989,97461.08721054478
12990,97461.08721054478
12991,97461.8323378114
12992,97451.54468205906
12993,97457.97049877472
12994,97452.40376650321
12995,97455.22181415622
12996,97460.21465042465
12997,97435.44322972011
12998,97450.5988707568
12999,97455.36813851792
13000,97450.54663765129
13001,97439.23007485378
13002,97429.7721012254
13003,97433.30170398664
13004,97449.94096595791
13005,97488.09955992176
13006,97450.96698415944
13007,97449.63295513549
13008,97459.9063408723
13009,97466.05044643565
13010,97429.56365764175
13011,97429.56365764175
13012,97429.56365764175
13013,97429.56365764175
13014,97429.56365764175
13015,97429.56365764175
13016,97429.56365764175
13017,97429.56365764175
13018,97429.56365764175
13019,97429.56365764175
13020,97429.56365764175
13021,97429.56365764175
13022,97429.56365764175
13023,97429.56365764175
13024,97429.56365764175
13025,97429.56365764175
13026,97429.56365764175
13027,97429.56365764175
13028,97429.56365764175
13029,97429.56365764175
13030,97411.60257154715
13031,97402.17591317446
13032,97388.24864470122
13033,97400.60020453161
13034,97389.62573858324
13035,97393.8667479405
13036,97430.95292807734
13037,97446.51991186073
13038,97458.388413887
13039,97464.99182871723
13040,97469.6974371341
13041,97443.99523228692
13042,97468.16713222238
13043,97486.15874278294
13044,97503.17600605899
13045,97506.17373563409
13046,97516.75116833638
13047,97535.49845235966
13048,97549.24975934777
13049,97506.48263285763
13050,97517.71861895795
13051,97503.50801603364
13052,97548.03457574808
13053,97573.8578025478
13054,97567.09525799972
13055,97533.73170904914
13056,97510.39075875559
13057,97502.39993664113
13058,97453.53274140588
13059,97456.94456808828
13060,97403.59824168071
13061,97399.96082168157
13062,97414.67703602425
13063,97415.8376108596
13064,97393.70570057837
13065,97446.17283514277
13066,97417.8459952534
13067,97397.58254223257
13068,97382.4776504484
13069,97354.89215878895
13070,97370.74483153773
13071,97372.59031050756
13072,97371.87706075545
13073,97424.75214577855
13074,97414.17717663608
13075,97459.77253583545
13076,97510.84512410371
13077,97517.22726554832
13078,97514.9241517429
13079,97524.13818717797
13080,97510.78593376487
13081,97480.8055249402
13082,97474.27932704159
13083,97478.37558409428
13084,97496.17134502564
13085,97497.32741785687
13086,97567.33804400844
13087,97544.60168650054
13088,97563.93451216895
13089,97578.05941568768
13090,97562.87513610488
13091,97563.2844582065
13092,97574.48438774642
13093,97583.92996103686
13094,97607.22516842077
13095,97612.84534365466
13096,97595.76453932273
13097,97624.88428005086
13098,97631.19871344409
13099,97601.98422597618
13100,97618.29454243608
13101,97629.51320769133
13102,97646.63479394365
13103,97629.7360931724
13104,97623.07706419643
13105,97628.54785612803
13106,97639.4942229832
13107,97629.08850585333
13108,97628.0492212237
13109,97622.43400998761
13110,97612.23994722881
13111,97620.61937265622
13112,97622.55604641134
13113,97633.75192793425
13114,97635.98051192689
13115,97630.9309346183
13116,97632.70704521646
13117,97656.20994129169
13118,97655.55360269047
13119,97672.82547742968
13120,97686.02149158779
13121,97697.1428058733
13122,97689.19670445028
13123,97696.47161369828
13124,97690.09288401621
13125,97668.16245249621
13126,97677.63316645127
13127,97684.797596679
13128,97678.94190732573
13129,97673.86680853162
13130,97647.93324857087
13131,97660.7151742963
13132,97670.27716223357
13133,97658.79604620911
13134,97639.80326810786
13135,97634.99918323715
13136,97631.94184707414
13137,97637.65969576113
13138,97619.58334146488
13139,97622.78594856961
13140,97609.72638811561
13141,97615.36560074108
13142,97608.59458989614
13143,97597.82116311135
13144,97617.99040724788
13145,97624.22893771784
13146,97634.31972598111
13147,97651.90956862751
13148,97656.6553112036
13149,97654.1997378711
13150,97657.34165613238
13151,97633.48108774635
13152,97621.20027572832
13153,97640.4459673995
13154,97643.08861333711
13155,97612.99572383566
13156,97592.26522314623
13157,97615.44345294306
13158,97616.63412431134
13159,97600.30838635493
13160,97582.22871276781
13161,97606.49462470949
13162,97605.07197459697
13163,97604.06687904529
13164,97603.34193107812
13165,97599.76338898105
13166,97594.10156976458
13167,97584.72340468333
13168,97595.02232764743
13169,97597.15046187722
13170,97607.44616438787
13171,97618.90928240617
13172,97616.67986329447
13173,97624.4516159038
13174,97633.07987840015
13175,97629.63638957836
13176,97657.48421591391
13177,97647.04410013687
13178,97658.458092483
13179,97658.20823530761
13180,97665.39862926186
13181,97637.13588995092
13182,97626.57338225715
13183,97590.32485422121
13184,97586.02796742828
13185,97595.59675584035
13186,97597.08516481706
13187,97604.16397014513
13188,97595.33285566654
13189,97605.27780732838
13190,97593.59013510583
13191,97599.3703741854
13192,97594.89977062451
13193,97595.8311751917
13194,97592.48218942698
13195,97573.06688667777
13196,97574.78933616838
13197,97548.00414311698
13198,97554.28299050246
13199,97556.70808194941
13200,97582.04444634987
13201,97583.39426235408
13202,97594.44040844274
13203,97595.68418896815
13204,97601.59236277646
13205,97601.59236277646
13206,97601.59236277646
13207,97601.59236277646
13208,97601.59236277646
13209,97601.59236277646
13210,97601.59236277646
13211,97601.59236277646
13212,97601.59236277646
13213,97601.59236277646
13214,97601.59236277646
13215,97601.59236277646
13216,97601.59236277646
13217,97601.59236277646
13218,97601.59236277646
13219,97601.59236277646
13220,97601.59236277646
13221,97601.59236277646
13222,97601.59236277646
13223,97590.34662901988
13224,97594.95770915203
13225,97638.43109268181
13226,97615.50315457671
13227,97650.59500779457
13228,97626.01496279232
13229,97614.05503835957
13230,97615.8960818365
13231,97650.9374590751
13232,97609.03042659903
13233,97651.90460619908
13234,97622.01362368013
13235,97631.37435355302
13236,97644.19596439313
13237,97700.19487104965
13238,97700.2357565383
13239,97701.20696983633
13240,97700.76482688377
13241,97700.77420979313
13242,97701.19561210598
13243,97700.89459718212
13244,97701.38670552497
13245,97700.8257843012
13246,97700.53064790429
13247,97700.04946866026
13248,97700.8893266681
13249,97701.0645912975
13250,97701.41682437493
13251,97701.21642565905
13252,97700.54806926304
13253,97701.02672193346
13254,97701.19011807257
13255,97701.24908112151
13256,97701.63012511746
13257,97701.65201929605
13258,97701.96833658333
13259,97702.33698583352
13260,97702.79473734355
13261,97702.79936186792
13262,97702.65589117113
13263,97689.68391315787
13264,97707.72229732272
13265,97707.87101357446
13266,97730.38609832204
13267,97767.6885778445
13268,97812.42999208599
13269,97829.16018580896
13270,97787.04450657303
13271,97807.48734475378
13272,97825.7805272934
13273,97856.17009627566
13274,97907.13881356499
13275,97907.1435945926
13276,97907.13934419566
13277,97907.14290385898
13278,97907.13915814475
13279,97907.13042878754
13280,97907.13260748632
13281,97907.1306706663
13282,97907.13444927376
13283,97907.1368396832
13284,97907.13424429511
13285,97907.13719770321
13286,97907.13571750448
13287,97907.12725086286
13288,97907.13402369482
13289,97907.13037701223
13290,97907.125177866
13291,97907.12692833801
13292,97907.12057912262
13293,97907.1187201374
13294,97907.12312250286
13295,97907.12090083216
13296,97907.12264662719
13297,97907.12346628972
13298,97907.1296405793
13299,97907.13174893532
13300,97907.13081335697
13301,97907.12499159212
13302,97907.12651681178
13303,97907.12370103353
13304,97907.12758866369
13305,97907.13014429236
13306,97907.12759105682
13307,97907.13736913358
13308,97907.1357529851
13309,97907.12955857223
13310,97907.133277062
13311,97907.12386500598
13312,97907.1243231045
13313,97907.12453022167
13314,97907.12889975899
13315,97907.12697905932
13316,97907.12439157412
13317,97907.12719177498
13318,97907.1162844773
13319,97907.11217230398
13320,97907.11527271286
13321,97907.12251214386
13322,97907.12406222972
13323,97907.12278725138
13324,97907.1210208507
13325,97907.12052276614
13326,97907.11825466895
13327,97907.12661367164
13328,97907.12892896254
13329,97907.13014662894
13330,97907.13221706514
13331,97907.12931049701
13332,97907.1218532058
13333,97907.1233229496
13334,97907.11652672586
13335,97907.1166768316
13336,97907.12651582062
13337,97907.12912505241
13338,97907.13334597416
13339,97907.14267993519
13340,97907.13820196886
13341,97907.14209505363
13342,97907.14535283165
13343,97907.14294842133
13344,97907.14198633998
13345,97907.13711027148
13346,97907.13314826146
13347,97907.13756235913
13348,97907.1426534387
13349,97907.13639157065
13350,97907.1421610192
13351,97907.1356553141
13352,97907.13747924197
13353,97907.13855366803
13354,97906.52242917464
13355,97908.40608350857
13356,97911.5065681442
13357,97899.06541134091
13358,97899.06541134091
13359,97899.06541134091
13360,97899.06541134091
13361,97899.06541134091
13362,97899.06541134091
13363,97899.06541134091
13364,97899.06541134091
13365,97899.06541134091
13366,97899.06541134091
13367,97899.06541134091
13368,97899.06541134091
13369,97899.06541134091
13370,97899.06541134091
13371,97899.06541134091
13372,97899.06541134091
13373,97899.06541134091
13374,97899.06541134091
13375,97899.06541134091
13376,97899.06541134091
13377,97897.5022420918
13378,97880.04792538908
13379,97894.4459561325
13380,97874.0128278326
13381,97882.34131678074
13382,97900.48210834469
13383,97926.30351216593
13384,97875.98710601476
13385,97902.082808937
13386,97933.80491938796
13387,97916.98679012356
13388,97868.76186700977
13389,97934.23183357174
13390,97932.94154964414
13391,97924.31745948111
13392,97872.53473694342
13393,97854.27380568386
13394,97861.7802053198
13395,97874.77834182352
13396,97836.45020577045
13397,97830.82837130092
13398,97850.3176644027
13399,97837.85055559153
13400,97827.63824393814
13401,97880.02109458199
13402,97858.18888333609
13403,97858.18888333609
13404,97858.18888333609
13405,97858.18888333609
13406,97858.18888333609
13407,97858.18888333609
13408,97858.18888333609
13409,97858.18888333609
13410,97858.18888333609
13411,97858.18888333609
13412,97858.18888333609
13413,97858.18888333609
13414,97858.18888333609
13415,97858.18888333609
13416,97858.18888333609
13417,97858.18888333609
13418,97858.18888333609
13419,97858.18888333609
13420,97858.18888333609
13421,97858.18888333609
13422,97858.18888333609
13423,97858.18888333609
13424,97858.18888333609
13425,97858.18888333609
13426,97854.21222124615
13427,97840.44031806006
13428,97794.26309277548
13429,97807.81139501993
13430,97826.24495667903
13431,97857.01939406485
13432,97857.01939406485
13433,97857.01939406485
13434,97857.01939406485
13435,97857.01939406485
13436,97857.01939406485
13437,97857.01939406485
13438,97857.01939406485
13439,97857.01939406485
13440,97857.01939406485
13441,97857.01939406485
13442,97857.01939406485
13443,97857.01939406485
13444,97857.01939406485
13445,97857.01939406485
13446,97857.01939406485
13447,97857.01939406485
13448,97857.01939406485
13449,97857.01939406485
13450,97857.01939406485
13451,97857.01939406485
13452,97857.01939406485
13453,97857.01939406485
13454,97857.01939406485
13455,97857.01939406485
13456,97857.01939406485
13457,97857.01939406485
13458,97857.01939406485
13459,97857.01939406485
13460,97857.01939406485
13461,97857.01939406485
13462,97857.01939406485
13463,97857.01939406485
13464,97857.01939406485
13465,97855.18347010987
13466,97869.55093706794
13467,97851.4541898324
13468,97851.91069076673
13469,97844.58318304677
13470,97846.54336459601
13471,97849.98815725205
13472,97855.98948230581
13473,97861.47989370288
13474,97862.77512790472
13475,97877.02405586747
13476,97877.68150634388
13477,97875.05065504275
13478,97878.38320132127
13479,97890.81260766802
13480,97892.58705820453
13481,97913.89070637611
13482,97876.70033506556
13483,97867.66314394402
13484,97874.2581039143
13485,97862.9663037317
13486,97856.08941025811
13487,97836.84477665593
13488,97836.84477665593
13489,97836.84477665593
13490,97836.84477665593
13491,97836.84477665593
13492,97836.84477665593
13493,97836.84477665593
13494,97836.84477665593
13495,97836.84477665593
13496,97836.84477665593
13497,97836.84477665593
13498,97836.84477665593
13499,97836.84477665593
13500,97836.84477665593
13501,97836.84477665593
13502,97836.84477665593
13503,97836.84477665593
13504,97836.84477665593
13505,97836.84477665593
13506,97836.84477665593
13507,97836.84477665593
13508,97836.84477665593
13509,97836.84477665593
13510,97836.84477665593
13511,97836.84477665593
13512,97836.84477665593
13513,97836.84477665593
13514,97836.84477665593
13515,97836.84477665593
13516,97836.84477665593
13517,97836.84477665593
13518,97836.84477665593
13519,97836.84477665593
13520,97836.84477665593
13521,97836.84477665593
13522,97836.84477665593
13523,97836.84477665593
13524,97836.84477665593
13525,97836.84477665593
13526,97836.84477665593
13527,97836.84477665593
13528,97836.84477665593
13529,97836.84477665593
13530,97836.84477665593
13531,97836.84477665593
13532,97836.84477665593
13533,97836.84477665593
13534,97836.84477665593
13535,97836.84477665593
13536,97836.84477665593
13537,97836.84477665593
13538,97839.65521978465
13539,97853.03886287924
13540,97849.25129160653
13541,97827.12722004521
13542,97809.44704063228
13543,97809.44704063228
13544,97809.44704063228
13545,97809.44704063228
13546,97809.44704063228
13547,97809.44704063228
13548,97809.44704063228
13549,97809.44704063228
13550,97809.44704063228
13551,97809.44704063228
13552,97809.44704063228
13553,97809.44704063228
13554,97810.72862378559
13555,97808.8610259627
13556,97805.30603343404
13557,97817.67842769121
13558,97820.88342203131
13559,97828.69692708776
13560,97821.30280783075
13561,97831.22140136595
13562,97833.67643026811
13563,97829.51600309022
13564,97830.9626719964
13565,97830.64072054163
13566,97842.98925943267
13567,97854.67586087713
13568,97845.67068174797
13569,97845.67068174797
13570,97845.67068174797
13571,97845.67068174797
13572,97845.67068174797
13573,97845.67068174797
13574,97845.67068174797
13575,97845.67068174797
13576,97845.67068174797
13577,97845.67068174797
13578,97839.11664197607
13579,97843.28137972798
13580,97853.78714321819
13581,97858.46478473941
13582,97843.5924696081
13583,97844.63968902278
13584,97850.54466520593
13585,97855.97989934405
13586,97864.31966730813
13587,97850.35447143072
13588,97853.25797126265
13589,97845.81908617215
13590,97839.58870465084
13591,97839.91271884939
13592,97834.61018414164
13593,97846.60375985519
13594,97847.7981150411
13595,97834.21930964595
13596,97848.28560317188
13597,97862.56517060321
13598,97836.92328122309
13599,97834.62351960145
13600,97836.98198348348
13601,97839.89094466536
13602,97820.13381567178
13603,97824.97765775367
13604,97827.57458335739
13605,97820.41218779137
13606,97847.23326087536
13607,97830.68056899823
13608,97850.9421839557
13609,97849.97416786282
13610,97830.99821882824
13611,97833.29439819786
13612,97869.0482172911
13613,97870.63485710166
13614,97865.16648285778
13615,97840.40609810353
13616,97841.16393289572
13617,97834.94611867159
13618,97807.3710466749
13619,97831.79575903883
13620,97846.26819995815
13621,97856.72250972241
13622,97855.85990416762
13623,97866.94149698404
13624,97905.66785241458
13625,97920.62743143363
13626,97905.14443313444
13627,97899.05657977222
13628,97874.98950976024
13629,97879.51973303896
13630,97883.60123374603
13631,97898.64290781687
13632,97877.374796463
13633,97906.64929703907
13634,97958.009212974
13635,97958.11953921571
13636,97956.80783885025
13637,97965.09486473484
13638,97969.62578021424
13639,97958.54899156484
13640,97967.64276196227
13641,97971.77688450468
13642,97971.77688450468
13643,97971.77688450468
13644,97971.77688450468
13645,97971.77688450468
13646,97971.77688450468
13647,97971.77688450468
13648,97971.77688450468
13649,97971.77688450468
13650,97971.77688450468
13651,97971.77688450468
13652,97971.77688450468
13653,97971.77688450468
13654,97971.77688450468
13655,97971.77688450468
13656,97971.77688450468
13657,97971.77688450468
13658,97971.77688450468
13659,97971.77688450468
13660,97971.77688450468
13661,97971.77688450468
13662,97971.77688450468
13663,98010.35747780425
13664,97997.87218975097
13665,97985.86033535351
13666,97980.69122886992
13667,97980.06035068688
13668,97969.79417417593
13669,97974.66559738017
13670,97975.84425673948
13671,97967.5390186168
13672,97967.56997612887
13673,97976.17114574378
13674,97995.04862955099
13675,98031.4408937044
13676,98040.69739930658
13677,98040.69739930658
13678,98040.69739930658
13679,98040.69739930658
13680,98040.69739930658
13681,98040.69739930658
13682,98041.96344419666
13683,98039.76251558596
13684,98044.04262283046
13685,98038.58015211548
13686,98043.28750060489
13687,98042.63698869538
13688,98041.79275408098
13689,98044.28049045453
13690,98041.61322147858
13691,98043.89476425595
13692,98045.49785195768
13693,98041.47595004772
13694,98037.94342032718
13695,98038.73231222256
13696,98030.29856743128
13697,98039.18573174514
13698,98059.156248535
13699,98035.79227786993
13700,98069.95755637683
13701,98047.48696297861
13702,98086.12680498871
13703,98076.4343815037
13704,98088.6040162243
13705,98094.43127633823
13706,98094.91911790529
13707,98112.39742120435
13708,98134.5511225486
13709,98135.48557158164
13710,98126.89059436505
13711,98143.22764576158
13712,98132.79351909486
13713,98122.23639012981
13714,98112.84911604364
13715,98112.84911604364
13716,98112.84911604364
13717,98112.84911604364
13718,98112.84911604364
13719,98112.84911604364
13720,98112.84911604364
13721,98112.84911604364
13722,98112.84911604364
13723,98112.84911604364
13724,98112.84911604364
13725,98112.84911604364
13726,98112.84911604364
13727,98112.84911604364
13728,98112.84911604364
13729,98112.84911604364
13730,98112.84911604364
13731,98112.84911604364
13732,98112.84911604364
13733,98112.84911604364
13734,98112.84911604364
13735,98112.84911604364
13736,98112.84911604364
13737,98112.84911604364
13738,98112.84911604364
13739,98112.84911604364
13740,98112.84911604364
13741,98108.48880246798
13742,98118.89849753532
13743,98114.39767872373
13744,98107.6446454803
13745,98107.1418363971
13746,98102.28031461597
13747,98097.04979754712
13748,98104.34711664815
13749,98073.4473131869
13750,98093.36969952694
13751,98086.92067269313
13752,98105.54862696493
13753,98121.15418371682
13754,98105.61902645104
13755,98061.86695520574
13756,98060.89889732633
13757,98069.44033824104
13758,98085.24617079487
13759,98080.09857476321
13760,98074.08265462385
13761,98055.63384639841
13762,98042.6404048228
13763,98037.1996821923
13764,98063.80629695558
13765,98054.58487388487
13766,98063.76405648682
13767,97994.56338541736
13768,98041.4004310833
13769,98041.4004310833
13770,98041.4004310833
13771,98041.4004310833
13772,98041.4004310833
13773,98041.4004310833
13774,98041.4004310833
13775,98041.4004310833
13776,98041.4004310833
13777,98041.4004310833
13778,98041.4004310833
13779,98041.4004310833
13780,98041.4004310833
13781,98041.4004310833
13782,98041.4004310833
13783,98041.4004310833
13784,98041.4004310833
13785,98041.4004310833
13786,98041.4004310833
13787,98041.4004310833
13788,98041.4004310833
13789,98041.4004310833
13790,98041.4004310833
13791,98041.4004310833
13792,98041.4004310833
13793,98041.4004310833
13794,98041.4004310833
13795,98041.4004310833
13796,98041.4004310833
13797,98041.4004310833
13798,98041.4004310833
13799,98041.4004310833
13800,98041.4004310833
13801,98041.4004310833
13802,98041.4004310833
13803,98041.4004310833
13804,98041.4004310833
13805,98041.4004310833
13806,98041.4004310833
13807,98041.4004310833
13808,98041.4004310833
13809,98041.4004310833
13810,98041.4004310833
13811,98041.4004310833
13812,98041.4004310833
13813,98041.4004310833
13814,98041.4004310833
13815,98041.4004310833
13816,98041.4004310833
13817,98041.4004310833
13818,98041.4004310833
13819,98041.4004310833
13820,98041.4004310833
13821,98041.4004310833
13822,98041.4004310833
13823,98041.4004310833
13824,98041.4004310833
13825,98041.4004310833
13826,98041.4004310833
13827,98041.4004310833
13828,98041.4004310833
13829,98041.4004310833
13830,98041.4004310833
13831,98041.4004310833
13832,98041.4004310833
13833,98041.4004310833
13834,98041.4004310833
13835,98041.4004310833
13836,98041.4004310833
13837,98041.4004310833
13838,98041.4004310833
13839,98041.4004310833
13840,98041.4004310833
13841,98041.4004310833
13842,98041.4004310833
13843,98041.4004310833
13844,98041.4004310833
13845,98041.4004310833
13846,98041.4004310833
13847,98041.4004310833
13848,98041.4004310833
13849,98041.4004310833
13850,98041.4004310833
13851,98041.4004310833
13852,98041.4004310833
13853,98041.4004310833
13854,98041.4004310833
13855,98041.4004310833
13856,98041.4004310833
13857,98041.4004310833
13858,98041.4004310833
13859,98041.4004310833
13860,98041.4004310833
13861,98041.4004310833
13862,98041.4004310833
13863,98041.4004310833
13864,98036.43706457442
13865,98060.13354961194
13866,98050.27803432272
13867,98032.76321418048
13868,98056.73699294316
13869,98039.78087859016
13870,98015.11716098922
13871,98041.28496672492
13872,98033.3937134895
13873,98026.57030741323
13874,98048.8273526302
13875,98073.3865242053
13876,98077.36212802613
13877,98075.35778554938
13878,98067.71610289247
13879,98072.10765640832
13880,98052.70705392546
13881,98057.93777481724
13882,98082.88153228283
13883,98103.96855093705
13884,98083.58817064542
13885,98092.01767855894
13886,98072.31332359678
13887,98041.90190950592
13888,98031.06965105586
13889,98007.47506755959
13890,98017.01860653132
13891,98021.48824511205
13892,98019.79810772685
13893,98023.05649866576
13894,98033.11928767602
13895,97998.85673075794
13896,98020.87634435811
13897,98010.9677356594
13898,98008.01914665282
13899,98033.97350242916
13900,97994.98838303513
13901,98011.21150213058
13902,98006.33390821474
13903,98014.89666220665
13904,98011.94346276643
13905,97994.31295396727
13906,98017.59239359914
13907,98037.90170991475
13908,98044.23210502212
13909,98068.7369003492
13910,98031.56708501933
13911,98031.56708501933
13912,98031.56708501933
13913,98031.56708501933
13914,98031.56708501933
13915,98031.56708501933
13916,98031.56708501933
13917,98031.56708501933
13918,98031.56708501933
13919,98031.56708501933
13920,98031.56708501933
13921,98031.56708501933
13922,98031.56708501933
13923,98031.56708501933
13924,98031.56708501933
13925,98031.56708501933
13926,98031.56708501933
13927,98031.56708501933
13928,98031.56708501933
13929,98031.56708501933
13930,98031.56708501933
13931,98031.56708501933
13932,98031.56708501933
13933,98035.91014283897
13934,98026.44836049524
13935,98016.86391811138
13936,98015.26730510175
13937,98012.50651332451
13938,98041.9265225172
13939,98023.7415624924
13940,98028.0953184479
13941,98029.56344891024
13942,98067.53512683565
13943,98074.290471374
13944,98064.4065118855
13945,98041.6709601844
13946,98034.60293888797
13947,98062.466134777
13948,98056.30301127757
13949,98080.96449716635
13950,98084.63357761878
13951,98082.63254577147
13952,98064.36115895791
13953,98075.88571273384
13954,98027.98597115121
13955,98024.50817898665
13956,98031.20259267396
13957,98015.45094674201
13958,98018.60446473258
13959,98010.90592098712
13960,97999.17836922826
13961,98013.7580780212
13962,98044.16248564924
13963,98063.73813182577
13964,98084.23331481706
13965,98088.48560205029
13966,98108.78336995603
13967,98109.51013629971
13968,98109.28997081524
13969,98059.34298217282
13970,98060.0528366929
13971,98043.14210191628
13972,98037.2098631925
13973,98030.04776913136
13974,98040.03875144661
13975,98008.54590761538
13976,98084.86788734539
13977,98049.6674102951
13978,98037.98261143477
13979,98043.42777139683
13980,98025.7922236317
13981,98042.07131078257
13982,98067.84600088601
13983,98066.21359765412
13984,98057.42804291607
13985,98065.03363047692
13986,98060.53288133694
13987,98067.62643305205
13988,98054.77900472091
13989,98047.0017940019
13990,98003.64658503019
13991,97977.75489436221
13992,97958.29690754153
13993,97961.97225005037
13994,98007.56894968591
13995,97989.54024354585
13996,97975.55355525205
13997,97981.34201470588
13998,97972.46949427405
13999,98000.071145082
14000,98000.071145082
14001,98000.071145082
14002,98000.071145082
14003,98000.071145082
14004,98000.071145082
14005,98000.071145082
14006,98000.071145082
14007,98000.071145082
14008,98000.071145082
14009,98000.071145082
14010,98000.071145082
14011,98000.071145082
14012,98000.071145082
14013,98000.071145082
14014,98000.071145082
14015,98000.071145082
14016,98000.071145082
14017,98000.071145082
14018,98000.071145082
14019,98000.071145082
14020,98000.071145082
14021,98000.071145082
14022,98000.071145082
14023,98000.071145082
14024,98000.071145082
14025,98000.071145082
14026,98000.071145082
14027,98000.071145082
14028,98000.071145082
14029,98000.071145082
14030,98000.071145082
14031,98000.071145082
14032,98000.071145082
14033,98000.071145082
14034,98000.071145082
14035,98000.071145082
14036,97999.56134497494
14037,97996.02238487573
14038,97979.88168309466
14039,97961.18005972035
14040,97970.84947975319
14041,97927.20933095372
14042,97944.77802799256
14043,97940.02939547373
14044,97960.71204957466
14045,98035.27307156588
14046,98029.10237093891
14047,98017.24732648923
14048,98052.2467255013
14049,98085.56153919577
14050,98056.77387440788
14051,98071.36548874735
14052,98069.0964112588
14053,98032.87236858664
14054,98045.49604572191
14055,98067.94106646473
14056,98054.05715656934
14057,98062.34651824812
14058,98084.49074442146
14059,98095.86969955364
14060,98144.87199636256
14061,98117.77579034075
14062,98093.94937365109
14063,98088.20786026031
14064,98112.4959026814
14065,98146.24545346953
14066,98113.12596806583
14067,98123.01211483378
14068,98110.97920666274
14069,98078.03052490101
14070,98129.60715485999
14071,98162.50375148552
14072,98169.10997733635
14073,98131.15815619373
14074,98171.55822443707
14075,98170.9282695171
14076,98172.47712821233
14077,98201.88396712882
14078,98137.62550476927
14079,98138.71553994733
14080,98143.30418632989
14081,98155.25808259055
14082,98166.56047080983
14083,98171.18577769991
14084,98187.64729812247
14085,98185.3119919969
14086,98174.09989535197
14087,98175.70256407645
14088,98189.37833557269
14089,98181.36682653404
14090,98167.39001711886
14091,98167.33094137655
14092,98173.31574829476
14093,98173.31574829476
14094,98173.31574829476
14095,98173.31574829476
14096,98173.31574829476
14097,98173.31574829476
14098,98173.31574829476
14099,98173.31574829476
14100,98173.31574829476
14101,98173.31574829476
14102,98173.31574829476
14103,98173.31574829476
14104,98173.31574829476
14105,98173.31574829476
14106,98173.31574829476
14107,98173.31574829476
14108,98173.31574829476
14109,98173.31574829476
14110,98173.31574829476
14111,98173.31574829476
14112,98173.31574829476
14113,98173.31574829476
14114,98173.31574829476
14115,98173.31574829476
14116,98173.31574829476
14117,98173.31574829476
14118,98173.31574829476
14119,98173.31574829476
14120,98173.31574829476
14121,98173.31574829476
14122,98173.31574829476
14123,98173.31574829476
14124,98173.31574829476
14125,98173.31574829476
14126,98173.31574829476
14127,98173.31574829476
14128,98173.31574829476
14129,98173.31574829476
14130,98173.31574829476
14131,98173.31574829476
14132,98173.31574829476
14133,98173.31574829476
14134,98173.31574829476
14135,98173.31574829476
14136,98173.31574829476
14137,98173.31574829476
14138,98173.31574829476
14139,98173.31574829476
14140,98173.31574829476
14141,98173.31574829476
14142,98173.31574829476
14143,98173.31574829476
14144,98173.31574829476
14145,98173.31574829476
14146,98173.31574829476
14147,98173.31574829476
14148,98173.31574829476
14149,98173.31574829476
14150,98173.31574829476
14151,98173.31574829476
14152,98173.31574829476
14153,98173.31574829476
14154,98173.31574829476
14155,98173.31574829476
14156,98173.31574829476
14157,98173.31574829476
14158,98173.31574829476
14159,98173.31574829476
14160,98173.31574829476
14161,98173.31574829476
14162,98173.31574829476
14163,98173.31574829476
14164,98173.31574829476
14165,98173.31574829476
14166,98173.31574829476
14167,98173.31574829476
14168,98173.31574829476
14169,98173.31574829476
14170,98173.31574829476
14171,98173.31574829476
14172,98173.31574829476
14173,98173.31574829476
14174,98173.31574829476
14175,98173.31574829476
14176,98173.31574829476
14177,98173.31574829476
14178,98173.31574829476
14179,98173.31574829476
14180,98173.31574829476
14181,98173.31574829476
14182,98173.31574829476
14183,98173.31574829476
14184,98173.31574829476
14185,98173.31574829476
14186,98173.31574829476
14187,98173.31574829476
14188,98173.31574829476
14189,98173.31574829476
14190,98173.31574829476
14191,98173.31574829476
14192,98173.31574829476
14193,98173.31574829476
14194,98173.31574829476
14195,98176.62777029385
14196,98172.11411890874
14197,98173.80410616231
14198,98170.91811416399
14199,98162.53948332033
14200,98169.47716745373
14201,98153.29475096996
14202,98169.99227594769
14203,98158.01463423562
14204,98149.2956604025
14205,98098.27164102669
14206,98098.0097571013
14207,98065.60189239895
14208,98065.60189239895
14209,98065.60189239895
14210,98065.60189239895
14211,98065.60189239895
14212,98065.60189239895
14213,98065.60189239895
14214,98065.60189239895
14215,98065.60189239895
14216,98065.60189239895
14217,98065.60189239895
14218,98065.60189239895
14219,98065.60189239895
14220,98065.60189239895
14221,98065.60189239895
14222,98065.60189239895
14223,98065.60189239895
14224,98065.60189239895
14225,98065.60189239895
14226,98065.60189239895
14227,98065.60189239895
14228,98065.60189239895
14229,98065.60189239895
14230,98065.60189239895
14231,98065.60189239895
14232,98065.60189239895
14233,98065.60189239895
14234,98065.60189239895
14235,98065.60189239895
14236,98065.60189239895
14237,98065.60189239895
14238,98065.60189239895
14239,98065.60189239895
14240,98065.60189239895
14241,98065.60189239895
14242,98065.60189239895
14243,98065.60189239895
14244,98065.60189239895
14245,98065.60189239895
14246,98065.60189239895
14247,98065.60189239895
14248,98065.60189239895
14249,98065.60189239895
14250,98065.60189239895
14251,98065.60189239895
14252,98065.60189239895
14253,98065.60189239895
14254,98065.60189239895
14255,98065.60189239895
14256,98065.60189239895
14257,98065.60189239895
14258,98065.60189239895
14259,98065.60189239895
14260,98065.60189239895
14261,98061.78089313775
14262,98042.60886741217
14263,98069.36972207228
14264,98102.58895315453
14265,98147.77361501074
14266,98174.69313799201
14267,98174.36553953025
14268,98175.10415934426
14269,98174.5168150089
14270,98174.26327662669
14271,98174.81508692917
14272,98174.45967513428
14273,98174.47197836229
14274,98174.65543868681
14275,98174.99136114732
14276,98174.19541083252
14277,98174.14046413628
14278,98173.86348731046
14279,98131.91108637686
14280,98076.53150822976
14281,98088.71194624445
14282,98121.20821930055
14283,98164.71202626028
14284,98152.1566970946
14285,98092.56364724187
14286,98049.73416305784
14287,98049.73416305784
14288,98049.73416305784
14289,98049.73416305784
14290,98049.73416305784
14291,98049.73416305784
14292,98049.73416305784
14293,98049.73416305784
14294,98049.73416305784
14295,98049.73416305784
14296,98049.73416305784
14297,98049.73416305784
14298,98049.73416305784
14299,98049.73416305784
14300,98049.73416305784
14301,98049.73416305784
14302,98049.73416305784
14303,98049.73416305784
14304,98049.73416305784
14305,98049.73416305784
14306,98049.73416305784
14307,98049.73416305784
14308,98049.73416305784
14309,98049.73416305784
14310,98049.73416305784
14311,98049.73416305784
14312,98049.73416305784
14313,98049.73416305784
14314,98049.73416305784
14315,98049.73416305784
14316,98049.73416305784
14317,98049.73416305784
14318,98049.73416305784
14319,98049.73416305784
14320,98049.73416305784
14321,98049.73416305784
14322,98049.73416305784
14323,98049.73416305784
14324,98049.73416305784
14325,98049.73416305784
14326,98049.73416305784
14327,98049.73416305784
14328,98049.73416305784
14329,98049.73416305784
14330,98049.73416305784
14331,98049.73416305784
14332,98049.73416305784
14333,98049.73416305784
14334,98049.73416305784
14335,98049.73416305784
14336,98049.73416305784
14337,98049.73416305784
14338,98049.73416305784
14339,98049.73416305784
14340,98049.73416305784
14341,98049.73416305784
14342,98049.73416305784
14343,98049.73416305784
14344,98049.73416305784
14345,98049.73416305784
14346,98049.73416305784
14347,98049.73416305784
14348,98049.73416305784
14349,98049.73416305784
14350,98049.73416305784
14351,98049.73416305784
14352,98049.73416305784
14353,98049.73416305784
14354,98049.73416305784
14355,98049.73416305784
14356,98049.73416305784
14357,98049.73416305784
14358,98049.73416305784
14359,98049.73416305784
14360,98049.73416305784
14361,98049.73416305784
14362,98049.73416305784
14363,98049.73416305784
14364,98049.73416305784
14365,98049.73416305784
14366,98049.73416305784
14367,98049.73416305784
14368,98049.73416305784
14369,98049.73416305784
14370,98049.73416305784
14371,98049.73416305784
14372,98049.73416305784
14373,98049.73416305784
14374,98049.73416305784
14375,98049.73416305784
14376,98049.73416305784
14377,98046.17415817373
14378,98049.40499928288
14379,98045.749717542
14380,98026.22878038562
14381,98032.74441831559
14382,98034.72840481032
14383,98017.30358531064
14384,98017.30358531064
14385,98017.30358531064
14386,98017.30358531064
14387,98017.30358531064
14388,98017.30358531064
14389,98017.30358531064
14390,98017.30358531064
14391,98017.30358531064
14392,98017.30358531064
14393,98017.30358531064
14394,98017.30358531064
14395,98017.30358531064
14396,98017.30358531064
14397,98017.30358531064
14398,98017.30358531064
14399,98017.30358531064
14400,98017.30358531064
14401,98017.30358531064
14402,98017.30358531064
14403,98017.30358531064
14404,98017.30358531064
14405,98017.30358531064
14406,98017.30358531064
14407,98017.30358531064
14408,98017.30358531064
14409,98017.30358531064
14410,98017.30358531064
14411,98017.30358531064
14412,98017.30358531064
14413,98017.30358531064
14414,98017.30358531064
14415,98017.30358531064
14416,98017.30358531064
14417,98017.30358531064
14418,98017.30358531064
14419,98017.30358531064
14420,98017.30358531064
14421,98017.30358531064
14422,98017.30358531064
14423,98017.30358531064
14424,98017.30358531064
14425,98017.30358531064
14426,98017.30358531064
14427,98017.30358531064
14428,98017.30358531064
14429,98017.30358531064
14430,98017.30358531064
14431,98017.30358531064
14432,98017.30358531064
14433,98017.30358531064
14434,98017.30358531064
14435,98017.30358531064
14436,98012.78571932507
14437,97998.6645191446
14438,97996.59855580432
14439,97980.03758171134
14440,97961.72299251823
14441,97931.1224345839
14442,97954.00645025508
14443,97948.31901842043
14444,97916.5281117633
14445,97957.87464106714
14446,97998.04111218138
14447,97978.48261812335
14448,97992.38104875387
14449,97948.11952483434
14450,97984.9194861465
14451,98011.70333289639
14452,98089.5464896647
14453,98139.12573326592
14454,98112.85229665884
14455,98138.28118463814
14456,98140.66130598944
14457,98162.05592738662
14458,98179.50771216041
14459,98065.23249875673
14460,98057.06119605573
14461,98154.77424811483
14462,98134.30169101366
14463,98144.69594722742
14464,98076.08178881982
14465,98066.64617209254
14466,98099.0322736366
14467,98094.56331638711
14468,98054.06738184924
14469,98075.30880331494
14470,98060.84155661674
14471,98120.12176500206
14472,98093.60373667903
14473,98099.90966581056
14474,98103.57725723948
14475,98084.06155655139
14476,98048.67617596926
14477,98038.13344938209
14478,98020.52237430321
14479,98071.98157640127
14480,98037.76677849103
14481,97999.12365228978
14482,98025.30139983678
14483,98013.9981461606
14484,98006.98051259405
14485,97986.26694143655
14486,98025.16491146409
14487,98116.64660533586
14488,98081.68473545706
14489,98076.43925445853
14490,98124.05734743207
14491,98096.0703297891
14492,98073.20044776052
14493,98122.71845451885
14494,98115.38470867448
14495,98098.9215752757
14496,98133.7073471122
14497,98120.539913329
14498,98100.51226931313
14499,98103.27691359301
14500,98024.98349442265
14501,98024.63769948676
14502,97973.9403215096
14503,98001.04111226871
14504,97958.68224384131
14505,97940.68236563817
14506,97908.95891241182
14507,97902.33850499112
14508,97923.88714978256
14509,97965.7562148659
14510,98002.37258926869
14511,98039.98198469443
14512,98001.60355775424
14513,97988.79998812768
14514,97976.74423599086
14515,97979.70235875605
14516,97958.68656534773
14517,98016.48129100364
14518,98004.4173171806
14519,98015.33660428488
14520,97962.36538880719
14521,97912.06471955388
14522,97934.13536235313
14523,97922.71925851253
14524,97962.0557612406
14525,97942.47275535234
14526,97942.47275535234
14527,97942.47275535234
14528,97942.47275535234
14529,97942.47275535234
14530,97942.47275535234
14531,97942.47275535234
14532,97942.47275535234
14533,97942.47275535234
14534,97942.47275535234
14535,97942.47275535234
14536,97942.47275535234
14537,97942.47275535234
14538,97942.47275535234
14539,97942.47275535234
14540,97942.47275535234
14541,97942.47275535234
14542,97942.47275535234
14543,97942.47275535234
14544,97942.47275535234
14545,97942.47275535234
14546,97942.47275535234
14547,97942.47275535234
14548,97942.47275535234
14549,97942.47275535234
14550,97942.47275535234
14551,97942.47275535234
14552,97942.47275535234
14553,97942.47275535234
14554,97942.47275535234
14555,97942.47275535234
14556,97942.47275535234
14557,97942.47275535234
14558,97942.47275535234
14559,97942.47275535234
14560,97942.47275535234
14561,97942.47275535234
14562,97942.47275535234
14563,97942.47275535234
14564,97942.47275535234
14565,97942.47275535234
14566,97942.47275535234
14567,97942.47275535234
14568,97942.47275535234
14569,97942.47275535234
14570,97942.47275535234
14571,97942.47275535234
14572,97942.47275535234
14573,97942.47275535234
14574,97942.47275535234
14575,97942.47275535234
14576,97942.47275535234
14577,97942.47275535234
14578,97942.47275535234
14579,97942.47275535234
14580,97942.47275535234
14581,97942.47275535234
14582,97942.47275535234
14583,97942.47275535234
14584,97942.47275535234
14585,97942.47275535234
14586,97942.47275535234
14587,97942.47275535234
14588,97942.47275535234
14589,97942.47275535234
14590,97942.47275535234
14591,97942.47275535234
14592,97942.47275535234
14593,97942.47275535234
14594,97942.47275535234
14595,97942.47275535234
14596,97942.47275535234
14597,97942.47275535234
14598,97942.47275535234
14599,97942.47275535234
14600,97959.50567060025
14601,97971.29678658175
14602,97977.9163883599
14603,98019.60928422202
14604,98019.60928422202
14605,98019.60928422202
14606,98019.60928422202
14607,98019.60928422202
14608,98019.60928422202
14609,98019.60928422202
14610,98019.60928422202
14611,98019.60928422202
14612,98019.60928422202
14613,98019.60928422202
14614,98019.60928422202
14615,98019.60928422202
14616,98019.60928422202
14617,98019.60928422202
14618,98019.60928422202
14619,98019.60928422202
14620,98019.60928422202
14621,98019.60928422202
14622,98019.60928422202
14623,98019.60928422202
14624,98019.60928422202
14625,98019.60928422202
14626,98019.60928422202
14627,98019.60928422202
14628,98019.60928422202
14629,98019.60928422202
14630,98019.60928422202
14631,98019.60928422202
14632,98019.60928422202
14633,98019.60928422202
14634,98019.60928422202
14635,98019.60928422202
14636,98019.60928422202
14637,98019.60928422202
14638,98019.60928422202
14639,98019.60928422202
14640,98019.60928422202
14641,98019.60928422202
14642,98019.60928422202
14643,98019.60928422202
14644,98019.60928422202
14645,98019.60928422202
14646,98019.60928422202
14647,98019.60928422202
14648,98019.60928422202
14649,98019.60928422202
14650,98019.60928422202
14651,98019.60928422202
14652,98019.60928422202
14653,98036.73435433776
14654,98030.08566520279
14655,98030.15459232626
14656,98022.6159766628
14657,98025.7073933348
14658,98032.20545543378
14659,98024.17611671185
14660,98021.306198169
14661,98028.218856415
14662,98036.4963845229
14663,98028.61128946574
14664,98032.67217593691
14665,98046.36333656858
14666,98050.22787972043
14667,98063.21805555913
14668,98046.14498223439
14669,98048.58528394313
14670,98026.95232420621
14671,98034.326851904
14672,98028.17956507899
14673,98034.37756157866
14674,98031.14180095911
14675,98019.17390463845
14676,98017.71779174249
14677,98003.4232755211
14678,98004.6339373121
14679,97991.28066739684
14680,97999.73529260255
14681,98031.01522443072
14682,98048.90094198957
14683,98067.63089664288
14684,98101.96891127937
14685,98100.01566828568
14686,98106.34227410577
14687,98110.76182188292
14688,98110.66671828259
14689,98100.03366624477
14690,98091.93165110124
14691,98093.37424723488
14692,98093.02393190854
14693,98096.78993041244
14694,98101.05331926435
14695,98094.80403143505
14696,98093.5169110589
14697,98096.28853024001
14698,98088.3279182002
14699,98095.4552405533
14700,98100.50336363031
14701,98097.97223891178
14702,98099.12925839542
14703,98099.76798152537
14704,98106.59809487947
14705,98113.99710688928
14706,98111.37641127792
14707,98113.49265512478
14708,98117.77286596662
14709,98112.30460258847
14710,98112.30460258847
14711,98112.30460258847
14712,98112.30460258847
14713,98112.30460258847
14714,98112.30460258847
14715,98112.30460258847
14716,98112.30460258847
14717,98112.30460258847
14718,98112.30460258847
14719,98112.30460258847
14720,98112.30460258847
14721,98112.30460258847
14722,98112.30460258847
14723,98112.30460258847
14724,98112.30460258847
14725,98112.30460258847
14726,98112.30460258847
14727,98112.30460258847
14728,98112.30460258847
14729,98112.30460258847
14730,98112.30460258847
14731,98112.30460258847
14732,98112.30460258847
14733,98112.30460258847
14734,98112.30460258847
14735,98112.30460258847
14736,98112.30460258847
14737,98112.30460258847
14738,98112.30460258847
14739,98112.30460258847
14740,98112.30460258847
14741,98112.30460258847
14742,98112.30460258847
14743,98112.30460258847
14744,98112.30460258847
14745,98112.30460258847
14746,98112.30460258847
14747,98112.30460258847
14748,98112.30460258847
14749,98112.30460258847
14750,98112.30460258847
14751,98112.30460258847
14752,98112.30460258847
14753,98112.30460258847
14754,98112.30460258847
14755,98112.30460258847
14756,98112.30460258847
14757,98112.30460258847
14758,98112.30460258847
14759,98112.30460258847
14760,98112.30460258847
14761,98112.30460258847
14762,98112.30460258847
14763,98112.30460258847
14764,98112.30460258847
14765,98112.30460258847
14766,98112.30460258847
14767,98112.30460258847
14768,98112.30460258847
14769,98112.30460258847
14770,98112.30460258847
14771,98112.30460258847
14772,98112.30460258847
14773,98112.30460258847
14774,98112.30460258847
14775,98112.30460258847
14776,98112.30460258847
14777,98112.30460258847
14778,98112.30460258847
14779,98112.30460258847
14780,98112.30460258847
14781,98112.30460258847
14782,98112.30460258847
14783,98112.30460258847
14784,98112.30460258847
14785,98112.30460258847
14786,98112.30460258847
14787,98112.30460258847
14788,98112.30460258847
14789,98112.30460258847
14790,98112.30460258847
14791,98112.30460258847
14792,98112.30460258847
14793,98112.30460258847
14794,98112.30460258847
14795,98112.30460258847
14796,98112.30460258847
14797,98112.30460258847
14798,98112.30460258847
14799,98112.30460258847
14800,98112.30460258847
14801,98112.30460258847
14802,98112.30460258847
14803,98112.30460258847
14804,98112.30460258847
14805,98112.30460258847
14806,98112.30460258847
14807,98112.30460258847
14808,98112.30460258847
14809,98112.30460258847
14810,98112.30460258847
14811,98112.30460258847
14812,98112.30460258847
14813,98112.30460258847
14814,98112.30460258847
14815,98112.30460258847
14816,98112.30460258847
14817,98112.30460258847
14818,98112.30460258847
14819,98112.30460258847
14820,98112.30460258847
14821,98112.30460258847
14822,98112.30460258847
14823,98112.30460258847
14824,98112.30460258847
14825,98112.30460258847
14826,98112.30460258847
14827,98112.30460258847
14828,98112.30460258847
14829,98112.30460258847
14830,98112.30460258847
14831,98112.30460258847
14832,98112.30460258847
14833,98112.30460258847
14834,98116.95951874419
14835,98101.44594197861
14836,98037.51193288992
14837,98091.72622746906
14838,98085.2525747113
14839,98132.47527053123
14840,98146.73981722008
14841,98140.59360537249
14842,98141.37326903937
14843,98127.64022592235
14844,98122.31558539708
14845,98098.76238488464
14846,98048.56459866522
14847,98072.32924627613
14848,98046.55272722263
14849,98063.81787574447
14850,98073.63637229396
14851,98071.70212510813
14852,98070.05250154529
14853,98106.41380855031
14854,98093.63421306295
14855,98108.00047064853
14856,98132.6609764181
14857,98151.57798773867
14858,98154.03325199935
14859,98166.20766405153
14860,98171.43663572708
14861,98216.23162351994
14862,98198.52806133173
14863,98193.82402496753
14864,98211.1482904729
14865,98213.89837609294
14866,98210.3602698543
14867,98206.39055218671
14868,98198.16305836929
14869,98206.57958654659
14870,98211.40143873167
14871,98214.3942196245
14872,98210.30839757933
14873,98210.30839757933
14874,98210.30839757933
14875,98210.30839757933
14876,98210.30839757933
14877,98210.30839757933
14878,98210.30839757933
14879,98210.30839757933
14880,98210.30839757933
14881,98210.30839757933
14882,98210.30839757933
14883,98210.30839757933
14884,98210.30839757933
14885,98210.30839757933
14886,98210.30839757933
14887,98210.30839757933
14888,98210.30839757933
14889,98210.30839757933
14890,98210.30839757933
14891,98210.30839757933
14892,98210.30839757933
14893,98210.30839757933
14894,98210.30839757933
14895,98210.30839757933
14896,98210.30839757933
14897,98210.30839757933
14898,98210.30839757933
14899,98210.30839757933
14900,98210.30839757933
14901,98210.30839757933
14902,98210.30839757933
14903,98210.30839757933
14904,98210.30839757933
14905,98210.30839757933
14906,98210.30839757933
14907,98210.30839757933
14908,98210.30839757933
14909,98210.30839757933
14910,98210.30839757933
14911,98210.30839757933
14912,98210.30839757933
14913,98210.30839757933
14914,98210.30839757933
14915,98210.30839757933
14916,98210.30839757933
14917,98210.30839757933
14918,98210.30839757933
14919,98210.30839757933
14920,98210.30839757933
14921,98210.30839757933
14922,98210.30839757933
14923,98210.30839757933
14924,98210.30839757933
14925,98210.30839757933
14926,98210.30839757933
14927,98210.30839757933
14928,98229.5671392751
14929,98237.44678600547
14930,98232.8075525815
14931,98232.02695323952
14932,98236.43429853753
14933,98244.16683672467
14934,98232.6126611218
14935,98248.4592872696
14936,98247.36582338878
14937,98236.77156553461
14938,98225.32022436667
14939,98208.66820122022
14940,98179.02562272888
14941,98150.16168620574
14942,98134.54000519517
14943,98160.10003006963
14944,98160.10003006963
14945,98160.10003006963
14946,98160.10003006963
14947,98160.10003006963
14948,98160.10003006963
14949,98160.10003006963
14950,98160.10003006963
14951,98160.10003006963
14952,98160.10003006963
14953,98160.10003006963
14954,98160.10003006963
14955,98160.10003006963
14956,98160.10003006963
14957,98160.10003006963
14958,98160.10003006963
14959,98160.10003006963
14960,98160.10003006963
14961,98160.10003006963
14962,98160.10003006963
14963,98160.10003006963
14964,98160.10003006963
14965,98160.10003006963
14966,98160.10003006963
14967,98160.10003006963
14968,98160.10003006963
14969,98160.10003006963
14970,98160.10003006963
14971,98160.10003006963
14972,98160.10003006963
14973,98160.10003006963
14974,98160.10003006963
14975,98160.10003006963
14976,98160.10003006963
14977,98160.10003006963
14978,98160.10003006963
14979,98160.10003006963
14980,98160.10003006963
14981,98160.10003006963
14982,98160.10003006963
14983,98160.10003006963
14984,98160.10003006963
14985,98160.10003006963
14986,98160.10003006963
14987,98160.10003006963
14988,98160.10003006963
14989,98160.10003006963
14990,98160.10003006963
14991,98160.10003006963
14992,98160.10003006963
14993,98158.50416597017
14994,98149.35123558278
14995,98142.39826948596
14996,98142.39826948596
14997,98142.39826948596
14998,98142.39826948596
14999,98142.39826948596
15000,98142.39826948596
15001,98142.39826948596
15002,98142.39826948596
15003,98142.39826948596
15004,98142.39826948596
15005,98142.39826948596
15006,98142.39826948596
15007,98142.39826948596
15008,98142.39826948596
15009,98142.39826948596
15010,98142.39826948596
15011,98142.39826948596
15012,98142.39826948596
15013,98142.39826948596
15014,98142.39826948596
15015,98142.39826948596
15016,98142.39826948596
15017,98142.39826948596
15018,98142.39826948596
15019,98142.39826948596
15020,98142.39826948596
15021,98142.39826948596
15022,98142.39826948596
15023,98142.39826948596
15024,98142.39826948596
15025,98142.39826948596
15026,98142.39826948596
15027,98142.39826948596
15028,98142.39826948596
15029,98142.39826948596
15030,98142.39826948596
15031,98142.39826948596
15032,98142.39826948596
15033,98142.39826948596
15034,98142.39826948596
15035,98142.39826948596
15036,98142.39826948596
15037,98142.39826948596
15038,98142.39826948596
15039,98142.39826948596
15040,98142.39826948596
15041,98142.39826948596
15042,98142.39826948596
15043,98142.39826948596
15044,98142.39826948596
15045,98142.39826948596
15046,98142.39826948596
15047,98142.39826948596
15048,98142.39826948596
15049,98142.39826948596
15050,98142.39826948596
15051,98142.39826948596
15052,98142.39826948596
15053,98142.39826948596
15054,98142.39826948596
15055,98142.39826948596
15056,98142.39826948596
15057,98142.39826948596
15058,98142.39826948596
15059,98142.39826948596
15060,98140.73532680304
15061,98147.35890490033
15062,98141.92638908216
15063,98123.47995150444
15064,98135.38861765183
15065,98151.89942406147
15066,98164.55939268148
15067,98158.33491842813
15068,98141.55326329592
15069,98158.35716722287
15070,98160.27031694488
15071,98152.04718436731
15072,98150.74455602032
15073,98149.7928363818
15074,98162.94575348197
15075,98154.89801901807
15076,98150.22868296405
15077,98161.18130465715
15078,98165.33168804327
15079,98144.38795794977
15080,98149.5111226127
15081,98140.02321958984
15082,98132.52130352851
15083,98163.50388049893
15084,98147.14929405547
15085,98142.02756451411
15086,98133.85526615303
15087,98141.00487977357
15088,98140.00003161891
15089,98136.19787926464
15090,98132.44785808874
15091,98143.63308932181
15092,98172.59672809772
15093,98169.25678385177
15094,98152.41457042201
15095,98164.90403108909
15096,98140.90629355291
15097,98147.81576705597
15098,98139.54197492004
15099,98116.97105007188
15100,98123.53576006302
15101,98121.96490688313
15102,98099.21680056756
15103,98095.07064573345
15104,98074.50809205598
15105,98077.65024343808
15106,98075.11332756223
15107,98075.11332756223
15108,98075.11332756223
15109,98075.11332756223
15110,98075.11332756223
15111,98075.11332756223
15112,98075.11332756223
15113,98075.11332756223
15114,98075.11332756223
15115,98075.11332756223
15116,98075.11332756223
15117,98075.11332756223
15118,98075.11332756223
15119,98075.11332756223
15120,98075.11332756223
15121,98075.11332756223
15122,98075.11332756223
15123,98075.11332756223
15124,98075.11332756223
15125,98075.11332756223
15126,98075.11332756223
15127,98075.11332756223
15128,98075.11332756223
15129,98075.11332756223
15130,98075.11332756223
15131,98075.11332756223
15132,98075.11332756223
15133,98075.11332756223
15134,98075.11332756223
15135,98075.11332756223
15136,98075.11332756223
15137,98075.11332756223
15138,98075.11332756223
15139,98075.11332756223
15140,98075.11332756223
15141,98075.11332756223
15142,98075.11332756223
15143,98067.96908225362
15144,98074.36266761611
15145,98079.31892509187
15146,98073.52359440053
15147,98092.43171214944
15148,98106.63987235837
15149,98111.30194326439
15150,98081.78314515435
15151,98035.36541271096
15152,97999.73128355145
15153,97996.26158614394
15154,97923.09166643684
15155,97923.09166643684
15156,97923.09166643684
15157,97923.09166643684
15158,97923.09166643684
15159,97923.09166643684
15160,97923.09166643684
15161,97923.09166643684
15162,97923.09166643684
15163,97923.09166643684
15164,97923.09166643684
15165,97923.09166643684
15166,97923.09166643684
15167,97923.09166643684
15168,97923.09166643684
15169,97923.09166643684
15170,97923.09166643684
15171,97923.09166643684
15172,97923.09166643684
15173,97923.09166643684
15174,97923.09166643684
15175,97923.09166643684
15176,97923.09166643684
15177,97923.09166643684
15178,97923.09166643684
15179,97923.09166643684
15180,97923.09166643684
15181,97923.09166643684
15182,97923.09166643684
15183,97923.09166643684
15184,97923.09166643684
15185,97923.09166643684
15186,97923.09166643684
15187,97923.09166643684
15188,97923.09166643684
15189,97923.09166643684
15190,97923.09166643684
15191,97923.09166643684
15192,97923.09166643684
15193,97923.09166643684
15194,97923.09166643684
15195,97923.09166643684
15196,97923.09166643684
15197,97923.09166643684
15198,97923.09166643684
15199,97923.09166643684
15200,97923.09166643684
15201,97923.09166643684
15202,97923.09166643684
15203,97923.09166643684
15204,97923.09166643684
15205,97923.09166643684
15206,97923.09166643684
15207,97923.09166643684
15208,97923.09166643684
15209,97922.79850916924
15210,97922.77184420063
15211,97926.10226277205
15212,97903.3951067217
15213,97925.59418428462
15214,97938.92977549281
15215,97948.1664827553
15216,97939.9490302282
15217,97943.10710411597
15218,97928.1512842688
15219,97917.57015881609
15220,97924.8169236618
15221,97898.77504121426
15222,97946.49430455967
15223,97976.38239133524
15224,97958.22298817462
15225,97956.14905022846
15226,97912.62165937353
15227,97931.7554166114
15228,97953.27540731228
15229,97943.26274455476
15230,97938.81930521817
15231,97892.08774348901
15232,97866.51181908832
15233,97888.93810620625
15234,97879.32764579203
15235,97903.0276922501
15236,97912.34808161971
15237,97916.06280264507
15238,97934.7453335178
15239,97970.41987621842
15240,97995.40526403602
15241,97938.57191813472
15242,97931.15823858237
15243,97960.13924584888
15244,97995.37625187723
15245,97987.81913983161
15246,97986.15980470358
15247,97922.63086795797
15248,97969.94714205053
15249,97989.01403860301
15250,98022.69945653605
15251,97987.97788932905
15252,98025.58746992708
15253,98007.5036464427
15254,97983.3594364318
15255,98004.26507304427
15256,97997.50717540109
15257,98008.30486548402
15258,98022.49246607863
15259,98024.71746697697
15260,98024.23764668994
15261,98024.23764668994
15262,98024.23764668994
15263,98024.23764668994
15264,98024.23764668994
15265,98024.23764668994
15266,98024.23764668994
15267,98024.23764668994
15268,98024.23764668994
15269,98024.23764668994
15270,98024.23764668994
15271,98024.23764668994
15272,98024.23764668994
15273,98024.23764668994
15274,98024.23764668994
15275,98024.23764668994
15276,98024.23764668994
15277,98024.23764668994
15278,98024.23764668994
15279,98024.23764668994
15280,98024.23764668994
15281,98024.23764668994
15282,98024.23764668994
15283,98024.23764668994
15284,98011.77055140337
15285,98025.96815401177
15286,98033.14022989501
15287,98034.48321316043
15288,98050.55336790308
15289,98067.54437746205
15290,98083.82240887098
15291,98064.12217827496
15292,98069.74942973176
15293,98048.976426215
15294,98053.68459543904
15295,98032.30955812968
15296,98033.21423453551
15297,98030.85590245672
15298,98025.0535160339
15299,98011.57730097018
15300,98007.93066937136
15301,98009.74832295845
15302,97998.94675712273
15303,97992.09064914212
15304,98026.29503991119
15305,98035.02959600759
15306,98051.93246014757
15307,98034.26447283354
15308,98049.87344785978
15309,98044.96982659299
15310,98057.04392686312
15311,98029.14852742263
15312,98048.50584872767
15313,98068.20850043194
15314,98071.77313200042
15315,98099.58808848742
15316,98101.38028595975
15317,98100.39838087009
15318,98099.92874726494
15319,98100.33540467676
15320,98099.28571048271
15321,98099.05821134387
15322,98099.09849143281
15323,98099.71240685639
15324,98101.58076472358
15325,98101.7711472769
15326,98092.56051381446
15327,98075.71774075419
15328,98116.75319478392
15329,98067.20201313986
15330,98078.69412291405
15331,98036.93102152593
15332,97987.30901316341
15333,97987.30901316341
15334,97987.30901316341
15335,97987.30901316341
15336,97987.30901316341
15337,97987.30901316341
15338,97987.30901316341
15339,97987.30901316341
15340,97987.30901316341
15341,97987.30901316341
15342,97987.30901316341
15343,97987.30901316341
15344,97987.30901316341
15345,97987.30901316341
15346,97987.30901316341
15347,97987.30901316341
15348,97987.30901316341
15349,97987.30901316341
15350,97987.30901316341
15351,97987.30901316341
15352,97987.30901316341
15353,97987.30901316341
15354,97987.30901316341
15355,97987.30901316341
15356,97987.30901316341
15357,97987.30901316341
15358,97987.30901316341
15359,97987.30901316341
15360,97987.30901316341
15361,97987.30901316341
15362,97987.30901316341
15363,97987.30901316341
15364,97987.30901316341
15365,97987.30901316341
15366,97987.30901316341
15367,97987.30901316341
15368,97987.30901316341
15369,97987.30901316341
15370,97987.30901316341
15371,97987.30901316341
15372,97987.30901316341
15373,97987.30901316341
15374,97987.30901316341
15375,97987.30901316341
15376,97987.30901316341
15377,97987.30901316341
15378,97987.30901316341
15379,97987.30901316341
15380,97987.30901316341
15381,97987.30901316341
15382,97987.30901316341
15383,97987.30901316341
15384,97987.30901316341
15385,97987.30901316341
15386,97987.30901316341
15387,97987.30901316341
15388,97987.30901316341
15389,97987.30901316341
15390,97987.30901316341
15391,97987.30901316341
15392,97987.30901316341
15393,97987.30901316341
15394,97987.30901316341
15395,97987.30901316341
15396,97987.30901316341
15397,97987.30901316341
15398,97987.30901316341
15399,97987.30901316341
15400,97987.30901316341
15401,97987.30901316341
15402,97987.30901316341
15403,97988.14242206248
15404,97994.87986681442
15405,98004.72235721789
15406,98001.93381989024
15407,98008.22965403918
15408,97981.14820945301
15409,98000.27713852777
15410,98002.02158184464
15411,97997.77755038894
15412,97971.67898237873
15413,97983.13424361427
15414,97991.33495327532
15415,97994.19657057077
15416,97997.1269027649
15417,98005.06853988027
15418,98010.500353276
15419,98010.41386535914
15420,98012.99029433748
15421,98022.59768833638
15422,98009.94081271069
15423,98010.92253475326
15424,98002.1553419339
15425,97989.39987692502
15426,97981.34939402038
15427,97991.2858660558
15428,97965.19408607777
15429,97936.66840607632
15430,97969.00694702602
15431,97966.25125713019
15432,97932.55583325594
15433,97932.55583325594
15434,97932.55583325594
15435,97932.55583325594
15436,97932.55583325594
15437,97932.55583325594
15438,97932.55583325594
15439,97932.55583325594
15440,97932.55583325594
15441,97932.55583325594
15442,97932.55583325594
15443,97932.55583325594
15444,97932.55583325594
15445,97932.55583325594
15446,97932.55583325594
15447,97932.55583325594
15448,97932.55583325594
15449,97932.55583325594
15450,97932.55583325594
15451,97932.55583325594
15452,97932.55583325594
15453,97932.55583325594
15454,97932.55583325594
15455,97932.55583325594
15456,97932.55583325594
15457,97932.55583325594
15458,97932.55583325594
15459,97932.55583325594
15460,97921.78763714342
15461,97898.24325591873
15462,97882.01340254572
15463,97877.1481359397
15464,97886.91325531031
15465,97842.03027578592
15466,97868.91597016345
15467,97849.91338654849
15468,97886.42607683378
15469,97886.42607683378
15470,97886.42607683378
15471,97886.42607683378
15472,97886.42607683378
15473,97886.42607683378
15474,97886.42607683378
15475,97886.42607683378
15476,97886.42607683378
15477,97886.42607683378
15478,97886.42607683378
15479,97886.42607683378
15480,97886.42607683378
15481,97886.42607683378
15482,97886.42607683378
15483,97886.42607683378
15484,97886.42607683378
15485,97886.42607683378
15486,97886.42607683378
15487,97886.42607683378
15488,97890.39119040157
15489,97885.36041711358
15490,97888.5176961153
15491,97901.70238306928
15492,97888.89962419658
15493,97873.89170435924
15494,97877.2459517149
15495,97837.70413553159
15496,97797.99855446698
15497,97734.50215042853
15498,97735.03103735347
15499,97752.58490962307
15500,97771.82564800717
15501,97737.15984968873
15502,97746.87057278592
15503,97786.377619576
15504,97756.14496034035
15505,97763.79224012629
15506,97765.96581888034
15507,97735.0879963744
15508,97698.58101630908
15509,97748.44442499532
15510,97758.3719780692
15511,97758.3719780692
15512,97758.3719780692
15513,97758.3719780692
15514,97758.3719780692
15515,97758.3719780692
15516,97758.3719780692
15517,97758.3719780692
15518,97758.3719780692
15519,97758.3719780692
15520,97758.3719780692
15521,97758.3719780692
15522,97758.3719780692
15523,97758.3719780692
15524,97758.3719780692
15525,97758.3719780692
15526,97758.3719780692
15527,97758.3719780692
15528,97758.3719780692
15529,97758.3719780692
15530,97758.3719780692
15531,97758.3719780692
15532,97758.3719780692
15533,97758.3719780692
15534,97758.3719780692
15535,97758.3719780692
15536,97758.3719780692
15537,97758.3719780692
15538,97758.3719780692
15539,97758.3719780692
15540,97758.3719780692
15541,97758.3719780692
15542,97758.3719780692
15543,97758.3719780692
15544,97758.3719780692
15545,97758.3719780692
15546,97758.3719780692
15547,97758.3719780692
15548,97758.3719780692
15549,97758.3719780692
15550,97758.3719780692
15551,97758.3719780692
15552,97758.3719780692
15553,97758.3719780692
15554,97758.3719780692
15555,97758.3719780692
15556,97758.3719780692
15557,97758.3719780692
15558,97758.3719780692
15559,97758.3719780692
15560,97758.3719780692
15561,97758.3719780692
15562,97758.3719780692
15563,97758.3719780692
15564,97758.3719780692
15565,97758.3719780692
15566,97758.3719780692
15567,97758.3719780692
15568,97758.3719780692
15569,97742.8934996888
15570,97753.98891908416
15571,97768.40061490552
15572,97771.67162198068
15573,97753.73953163724
15574,97766.16000351416
15575,97779.35361602747
15576,97779.0440716884
15577,97801.82412510869
15578,97795.41197243218
15579,97773.48114949929
15580,97771.85933109764
15581,97774.54198462461
15582,97734.840163462
15583,97721.81902620636
15584,97746.54344853178
15585,97815.24216061547
15586,97754.95481941014
15587,97739.58921467252
15588,97749.469218663
15589,97732.33596238533
15590,97775.38253886999
15591,97763.56699720211
15592,97762.6718271115
15593,97763.07935349611
15594,97755.0490408732
15595,97706.6793254469
15596,97725.98486437218
15597,97742.64932772625
15598,97701.9788291525
15599,97701.19663678792
15600,97748.17654791336
15601,97758.3081469995
15602,97789.01093802693
15603,97868.70465107309
15604,97857.60271782006
15605,97858.28152487124
15606,97869.52105291127
15607,97917.78204301216
15608,97950.75332397639
15609,97920.29024021661
15610,97925.63443418685
15611,97947.2437075619
15612,97990.08740154468
15613,97949.1397347608
15614,97942.76638592988
15615,97961.47479955322
15616,97969.40278700415
15617,97980.82722874594
15618,97988.21336203504
15619,97988.21336203504
15620,97988.21336203504
15621,97988.21336203504
15622,97988.21336203504
15623,97988.21336203504
15624,97988.21336203504
15625,97988.21336203504
15626,97988.21336203504
15627,97988.21336203504
15628,97988.21336203504
15629,97988.21336203504
15630,97988.21336203504
15631,97988.21336203504
15632,97988.21336203504
15633,97988.21336203504
15634,97988.21336203504
15635,97988.21336203504
15636,97988.21336203504
15637,97988.21336203504
15638,97988.21336203504
15639,97988.21336203504
15640,97988.21336203504
15641,97988.21336203504
15642,97988.21336203504
15643,97988.21336203504
15644,97988.21336203504
15645,97988.21336203504
15646,97988.21336203504
15647,97988.21336203504
15648,97988.21336203504
15649,97988.21336203504
15650,97988.21336203504
15651,97988.21336203504
15652,97988.21336203504
15653,97988.21336203504
15654,97988.21336203504
15655,97988.21336203504
15656,97988.21336203504
15657,97988.21336203504
15658,97988.21336203504
15659,97988.21336203504
15660,97988.21336203504
15661,97988.21336203504
15662,97988.21336203504
15663,97988.21336203504
15664,97988.21336203504
15665,97988.21336203504
15666,97988.21336203504
15667,97988.21336203504
15668,97988.21336203504
15669,97988.21336203504
15670,97988.21336203504
15671,97988.21336203504
15672,97988.21336203504
15673,97988.21336203504
15674,97988.21336203504
15675,97988.21336203504
15676,97988.21336203504
15677,97988.21336203504
15678,97988.21336203504
15679,97988.21336203504
15680,97993.22984618029
15681,98006.59343839296
15682,98022.85922640932
15683,98039.93229081825
15684,98060.67097172301
15685,98067.98851444859
15686,98051.951488825
15687,98059.57553047621
15688,98033.60561555985
15689,98009.88542055195
15690,98019.81288906562
15691,98027.97394936731
15692,98030.9484115004
15693,98011.04822748026
15694,97999.22276744278
15695,98027.28409427892
15696,98030.08351729673
15697,98010.10483550536
15698,97988.17400330688
15699,98011.31843743511
15700,98026.42910296809
15701,98021.58748763107
15702,98041.0787280058
15703,98038.17660200653
15704,98029.78436932764
15705,98012.6314745146
15706,98014.03553676365
15707,98022.30168799395
15708,98029.0975162118
15709,98045.96648502102
15710,98024.02209616051
15711,97999.46804022476
15712,97994.90571069234
15713,97964.95428124728
15714,97976.68428804385
15715,98029.6831165882
15716,98025.04566661133
15717,98032.06917598555
15718,98039.9923854519
15719,98030.98157718894
15720,98021.46526910004
15721,98021.96331292769
15722,98011.28197910309
15723,98000.78997550641
15724,97973.42386533134
15725,97975.08658396608
15726,97976.94993933447
15727,97994.37039082621
15728,97988.69012511043
15729,98025.88585941173
15730,98027.36955778058
15731,98029.88993703655
15732,98046.18257412295
15733,98033.83506926164
15734,98026.41956600301
15735,98024.155147306
15736,98049.12267021555
15737,98024.72577104185
15738,98024.92946029337
15739,98032.94698819281
15740,98031.85193234785
15741,98030.71886860562
15742,98049.7939856981
15743,98063.50286318266
15744,98046.77737103743
15745,98055.29515124398
15746,98042.4135806868
15747,98065.15714530452
15748,98061.77685568914
15749,98083.55734258048
15750,98079.33299453199
15751,98081.4565018685
15752,98083.31240566725
15753,98077.15760130939
15754,98079.88278825048
15755,98073.75994665203
15756,98064.34300117307
15757,98048.56735452655
15758,98026.25171293641
15759,98049.64845570635
15760,98045.07859657133
15761,98047.19167343904
15762,98061.35265411656
15763,98061.35265411656
15764,98061.35265411656
15765,98061.35265411656
15766,98061.35265411656
15767,98061.35265411656
15768,98061.35265411656
15769,98061.35265411656
15770,98061.35265411656
15771,98061.35265411656
15772,98061.35265411656
15773,98061.35265411656
15774,98061.35265411656
15775,98061.35265411656
15776,98061.35265411656
15777,98061.35265411656
15778,98061.35265411656
15779,98061.35265411656
15780,98061.35265411656
15781,98061.35265411656
15782,98061.35265411656
15783,98061.35265411656
15784,98061.35265411656
15785,98061.35265411656
15786,98061.35265411656
15787,98061.35265411656
15788,98065.47462875722
15789,98065.53370901565
15790,98034.84401945498
15791,98064.6697683112
15792,98093.14529455577
15793,98095.08342884156
15794,98119.75050745717
15795,98129.16732855205
15796,98137.73479678888
15797,98083.08815641253
15798,98124.21214928442
15799,98134.65606357511
15800,98149.95846401808
15801,98152.24996773395
15802,98157.0340350316
15803,98156.35578298969
15804,98159.40948907316
15805,98163.56189779866
15806,98169.29403033528
15807,98165.98793334555
15808,98158.7284725781
15809,98156.60083431948
15810,98157.87471280737
15811,98157.87471280737
15812,98157.87471280737
15813,98157.87471280737
15814,98157.87471280737
15815,98157.87471280737
15816,98157.87471280737
15817,98157.87471280737
15818,98157.87471280737
15819,98157.87471280737
15820,98157.87471280737
15821,98157.87471280737
15822,98157.87471280737
15823,98157.87471280737
15824,98157.87471280737
15825,98157.87471280737
15826,98157.87471280737
15827,98140.82427238833
15828,98144.46556345395
15829,98119.22160279461
15830,98127.27645583446
15831,98111.37129601593
15832,98133.59202344701
15833,98152.19638873117
15834,98111.00311093585
15835,98127.75322692058
15836,98132.5355910286
15837,98154.17314411697
15838,98164.37676142088
15839,98175.68614909961
15840,98191.34215863685
15841,98151.2324209473
15842,98171.32823123192
15843,98193.74281148196
15844,98171.23596747806
15845,98153.77666141833
15846,98122.15311323298
15847,98114.94729935823
15848,98150.30011512783
15849,98123.69626970316
15850,98156.39434024508
15851,98150.95908862156
15852,98129.23301651896
15853,98123.65961211678
15854,98094.13432614625
15855,98067.57172021679
15856,98058.50794488157
15857,98058.50794488157
15858,98058.50794488157
15859,98058.50794488157
15860,98058.50794488157
15861,98058.50794488157
15862,98058.50794488157
15863,98058.50794488157
15864,98058.50794488157
15865,98058.50794488157
15866,98058.50794488157
15867,98058.50794488157
15868,98058.50794488157
15869,98058.50794488157
15870,98058.50794488157
15871,98058.50794488157
15872,98058.50794488157
15873,98058.50794488157
15874,98058.50794488157
15875,98058.50794488157
15876,98058.50794488157
15877,98058.50794488157
15878,98058.50794488157
15879,98058.50794488157
15880,98058.50794488157
15881,98058.50794488157
15882,98058.50794488157
15883,98058.50794488157
15884,98058.50794488157
15885,98058.50794488157
15886,98058.50794488157
15887,98058.50794488157
15888,98058.50794488157
15889,98058.50794488157
15890,98058.50794488157
15891,98058.50794488157
15892,98058.50794488157
15893,98058.50794488157
15894,98058.50794488157
15895,98058.50794488157
15896,98058.54764250678
15897,98055.78231201175
15898,98058.02908628463
15899,98059.44227896993
15900,98073.93135125536
15901,98054.47603279985
15902,98075.67041504869
15903,98103.64985319316
15904,98085.51709358573
15905,98087.35260086552
15906,98095.25099035987
15907,98081.57027204326
15908,98081.57027204326
15909,98081.57027204326
15910,98081.57027204326
15911,98081.57027204326
15912,98081.57027204326
15913,98081.57027204326
15914,98081.57027204326
15915,98081.57027204326
15916,98081.57027204326
15917,98081.57027204326
15918,98081.57027204326
15919,98081.57027204326
15920,98081.57027204326
15921,98081.57027204326
15922,98081.57027204326
15923,98081.57027204326
15924,98081.57027204326
15925,98081.57027204326
15926,98081.57027204326
15927,98081.57027204326
15928,98081.57027204326
15929,98081.57027204326
15930,98081.57027204326
15931,98081.57027204326
15932,98081.57027204326
15933,98081.57027204326
15934,98081.57027204326
15935,98081.57027204326
15936,98081.57027204326
15937,98081.57027204326
15938,98081.57027204326
15939,98081.57027204326
15940,98081.57027204326
15941,98081.57027204326
15942,98081.57027204326
15943,98081.57027204326
15944,98081.57027204326
15945,98081.57027204326
15946,98081.57027204326
15947,98081.57027204326
15948,98081.57027204326
15949,98081.57027204326
15950,98081.57027204326
15951,98081.57027204326
15952,98081.57027204326
15953,98081.57027204326
15954,98081.57027204326
15955,98081.57027204326
15956,98081.57027204326
15957,98081.57027204326
15958,98081.57027204326
15959,98081.57027204326
15960,98081.57027204326
15961,98081.57027204326
15962,98081.57027204326
15963,98081.57027204326
15964,98081.57027204326
15965,98081.57027204326
15966,98081.57027204326
15967,98081.57027204326
15968,98081.57027204326
15969,98081.57027204326
15970,98081.57027204326
15971,98081.57027204326
15972,98081.57027204326
15973,98081.57027204326
15974,98081.57027204326
15975,98081.57027204326
15976,98081.57027204326
15977,98081.57027204326
15978,98081.57027204326
15979,98081.57027204326
15980,98081.57027204326
15981,98081.57027204326
15982,98081.57027204326
15983,98081.57027204326
15984,98081.57027204326
15985,98081.57027204326
15986,98081.57027204326
15987,98059.35025877036
15988,98037.9555234682
15989,97985.9594143049
15990,97991.47466988345
15991,97962.30714657195
15992,97962.30714657195
15993,97962.30714657195
15994,97962.30714657195
15995,97962.30714657195
15996,97962.30714657195
15997,97962.30714657195
15998,97962.30714657195
15999,97962.30714657195
16000,97962.30714657195
16001,97962.30714657195
16002,97962.30714657195
16003,97962.30714657195
16004,97962.30714657195
16005,97962.30714657195
16006,97962.30714657195
16007,97962.30714657195
16008,97962.30714657195
16009,97962.30714657195
16010,97962.30714657195
16011,97962.30714657195
16012,97962.30714657195
16013,97962.30714657195
16014,97962.30714657195
16015,97962.30714657195
16016,97962.30714657195
16017,97962.30714657195
16018,97962.30714657195
16019,97962.30714657195
16020,97962.30714657195
16021,97962.30714657195
16022,97962.30714657195
16023,97962.30714657195
16024,97962.30714657195
16025,97962.30714657195
16026,97962.30714657195
16027,97962.30714657195
16028,97962.30714657195
16029,97962.30714657195
16030,97962.30714657195
16031,97962.30714657195
16032,97962.30714657195
16033,97962.30714657195
16034,97962.30714657195
16035,97962.30714657195
16036,97962.30714657195
16037,97962.30714657195
16038,97962.30714657195
16039,97962.30714657195
16040,97987.51154225414
16041,97983.93509419191
16042,98001.5361279735
16043,97998.57974594597
16044,97998.57974594597
16045,97998.57974594597
16046,97998.57974594597
16047,97998.57974594597
16048,97998.57974594597
16049,97998.57974594597
16050,97998.57974594597
16051,97998.57974594597
16052,97998.57974594597
16053,97998.57974594597
16054,97998.57974594597
16055,97998.57974594597
16056,97998.57974594597
16057,97998.57974594597
16058,97998.57974594597
16059,98000.83004915477
16060,97993.42774009786
16061,97983.95542587321
16062,97987.4908216252
16063,98000.45783601131
16064,98052.78140148436
16065,98054.32117079479
16066,98079.21076181844
16067,98079.21076181844
16068,98079.21076181844
16069,98079.21076181844
16070,98079.21076181844
16071,98079.21076181844
16072,98079.21076181844
16073,98079.21076181844
16074,98079.21076181844
16075,98079.21076181844
16076,98079.21076181844
16077,98079.21076181844
16078,98079.21076181844
16079,98079.21076181844
16080,98079.21076181844
16081,98079.21076181844
16082,98079.21076181844
16083,98079.21076181844
16084,98079.21076181844
16085,98079.21076181844
16086,98079.21076181844
16087,98079.21076181844
16088,98079.21076181844
16089,98079.21076181844
16090,98079.21076181844
16091,98079.21076181844
16092,98079.21076181844
16093,98079.21076181844
16094,98079.21076181844
16095,98079.21076181844
16096,98079.21076181844
16097,98079.21076181844
16098,98079.21076181844
16099,98079.21076181844
16100,98079.21076181844
16101,98079.21076181844
16102,98079.21076181844
16103,98079.21076181844
16104,98079.21076181844
16105,98079.21076181844
16106,98079.21076181844
16107,98079.21076181844
16108,98079.21076181844
16109,98079.21076181844
16110,98079.21076181844
16111,98079.21076181844
16112,98079.21076181844
16113,98079.21076181844
16114,98079.21076181844
16115,98079.21076181844
16116,98079.21076181844
16117,98079.21076181844
16118,98079.21076181844
16119,98079.21076181844
16120,98079.21076181844
16121,98079.21076181844
16122,98079.21076181844
16123,98079.21076181844
16124,98079.21076181844
16125,98079.21076181844
16126,98079.21076181844
16127,98079.21076181844
16128,98081.88095548045
16129,98090.74210643147
16130,98074.735951848
16131,98093.32772033676
16132,98103.99597629781
16133,98128.20093067421
16134,98130.35078805378
16135,98137.19525997798
16136,98133.83556732938
16137,98145.02653509055
16138,98142.38149357874
16139,98128.02436849978
16140,98128.02436849978
16141,98128.02436849978
16142,98128.02436849978
16143,98128.02436849978
16144,98128.02436849978
16145,98128.02436849978
16146,98128.02436849978
16147,98128.02436849978
16148,98128.02436849978
16149,98128.02436849978
16150,98128.02436849978
16151,98128.02436849978
16152,98128.02436849978
16153,98128.02436849978
16154,98128.02436849978
16155,98128.02436849978
16156,98128.02436849978
16157,98128.02436849978
16158,98128.02436849978
16159,98128.02436849978
16160,98128.02436849978
16161,98128.02436849978
16162,98128.02436849978
16163,98128.02436849978
16164,98128.02436849978
16165,98128.02436849978
16166,98128.02436849978
16167,98128.02436849978
16168,98128.02436849978
16169,98128.02436849978
16170,98128.02436849978
16171,98128.02436849978
16172,98128.02436849978
16173,98128.02436849978
16174,98128.80486958181
16175,98114.91970903476
16176,98122.18041827882
16177,98126.1547389047
16178,98112.6413071665
16179,98117.33470262152
16180,98103.67048632735
16181,98109.32689285873
16182,98102.85598614308
16183,98100.74010707776
16184,98086.05482022786
16185,98091.9337031722
16186,98074.83680361655
16187,97990.24594224223
16188,98024.40674358777
16189,98026.16607443037
16190,97986.33666258487
16191,98039.02770917874
16192,98021.64814290739
16193,98007.61639552018
16194,97957.23403671458
16195,98003.07029304863
16196,98010.83459038135
16197,97969.48811070886
16198,97964.55700036042
16199,97951.74548853115
16200,97951.74548853115
16201,97951.74548853115
16202,97951.74548853115
16203,97951.74548853115
16204,97951.74548853115
16205,97951.74548853115
16206,97951.74548853115
16207,97951.74548853115
16208,97951.74548853115
16209,97951.74548853115
16210,97951.74548853115
16211,97951.74548853115
16212,97951.74548853115
16213,97951.74548853115
16214,97951.74548853115
16215,97951.74548853115
16216,97951.74548853115
16217,97951.74548853115
16218,97951.74548853115
16219,97951.74548853115
16220,97951.74548853115
16221,97951.74548853115
16222,97951.74548853115
16223,97951.74548853115
16224,97951.74548853115
16225,97951.74548853115
16226,97951.74548853115
16227,97951.74548853115
16228,97951.74548853115
16229,97939.50424856888
16230,97937.95843467122
16231,97964.34448350717
16232,97947.30084209179
16233,97929.446793826
16234,97959.37137491953
16235,97946.13635194677
16236,97931.50606677217
16237,97936.88180869987
16238,97908.3041264312
16239,97908.3041264312
16240,97908.3041264312
16241,97908.3041264312
16242,97908.3041264312
16243,97908.3041264312
16244,97908.3041264312
16245,97908.3041264312
16246,97908.3041264312
16247,97908.3041264312
16248,97908.3041264312
16249,97908.3041264312
16250,97908.3041264312
16251,97908.3041264312
16252,97908.3041264312
16253,97908.3041264312
16254,97908.3041264312
16255,97908.3041264312
16256,97908.3041264312
16257,97908.3041264312
16258,97908.3041264312
16259,97908.3041264312
16260,97908.3041264312
16261,97908.3041264312
16262,97908.3041264312
16263,97908.3041264312
16264,97908.3041264312
16265,97908.3041264312
16266,97908.3041264312
16267,97908.3041264312
16268,97908.3041264312
16269,97908.3041264312
16270,97908.3041264312
16271,97908.3041264312
16272,97908.3041264312
16273,97908.3041264312
16274,97908.3041264312
16275,97908.3041264312
16276,97908.3041264312
16277,97908.3041264312
16278,97908.3041264312
16279,97908.3041264312
16280,97908.3041264312
16281,97908.3041264312
16282,97908.3041264312
16283,97908.3041264312
16284,97908.3041264312
16285,97908.3041264312
16286,97908.3041264312
16287,97908.3041264312
16288,97908.3041264312
16289,97908.3041264312
16290,97908.3041264312
16291,97908.3041264312
16292,97908.3041264312
16293,97908.3041264312
16294,97908.3041264312
16295,97908.3041264312
16296,97908.3041264312
16297,97908.3041264312
16298,97908.3041264312
16299,97908.3041264312
16300,97908.3041264312
16301,97908.3041264312
16302,97908.3041264312
16303,97908.3041264312
16304,97908.3041264312
16305,97908.3041264312
16306,97908.3041264312
16307,97908.3041264312
16308,97908.3041264312
16309,97908.3041264312
16310,97908.3041264312
16311,97908.3041264312
16312,97908.3041264312
16313,97908.3041264312
16314,97908.3041264312
16315,97908.3041264312
16316,97908.3041264312
16317,97908.3041264312
16318,97908.3041264312
16319,97908.3041264312
16320,97908.3041264312
16321,97908.3041264312
16322,97908.3041264312
16323,97908.3041264312
16324,97908.3041264312
16325,97908.3041264312
16326,97908.3041264312
16327,97908.3041264312
16328,97908.3041264312
16329,97908.3041264312
16330,97908.3041264312
16331,97908.3041264312
16332,97908.3041264312
16333,97908.3041264312
16334,97908.3041264312
16335,97908.3041264312
16336,97908.3041264312
16337,97908.3041264312
16338,97908.3041264312
16339,97908.3041264312
16340,97908.3041264312
16341,97908.3041264312
16342,97908.3041264312
16343,97908.3041264312
16344,97908.3041264312
16345,97908.3041264312
16346,97908.3041264312
16347,97908.3041264312
16348,97908.3041264312
16349,97908.3041264312
16350,97908.3041264312
16351,97908.3041264312
16352,97908.3041264312
16353,97908.3041264312
16354,97908.3041264312
16355,97908.3041264312
16356,97908.3041264312
16357,97908.3041264312
16358,97908.3041264312
16359,97908.3041264312
16360,97908.3041264312
16361,97908.3041264312
16362,97908.3041264312
16363,97908.3041264312
16364,97908.3041264312
16365,97908.3041264312
16366,97908.3041264312
16367,97908.3041264312
16368,97908.3041264312
16369,97908.3041264312
16370,97908.3041264312
16371,97908.3041264312
16372,97908.3041264312
16373,97908.3041264312
16374,97908.3041264312
16375,97908.3041264312
16376,97908.3041264312
16377,97908.3041264312
16378,97908.3041264312
16379,97908.3041264312
16380,97908.3041264312
16381,97908.3041264312
16382,97908.3041264312
16383,97908.3041264312
16384,97908.3041264312
16385,97908.3041264312
16386,97908.3041264312
16387,97908.3041264312
16388,97908.3041264312
16389,97908.3041264312
16390,97908.3041264312
16391,97908.3041264312
16392,97908.3041264312
16393,97908.3041264312
16394,97908.3041264312
16395,97908.3041264312
16396,97908.3041264312
16397,97908.3041264312
16398,97908.3041264312
16399,97912.67626072852
16400,97914.91092474319
16401,97912.94472130238
16402,97901.10216110604
16403,97900.66532030798
16404,97917.86071274195
16405,97927.46845002972
16406,97916.67409383574
16407,97918.7972976057
16408,97894.31026811531
16409,97890.85975218039
16410,97893.45967335593
16411,97873.67233713996
16412,97911.68272795597
16413,97963.82972450135
16414,97947.73188671614
16415,97941.3470908784
16416,97953.71262766152
16417,97971.97084541984
16418,98001.00375784124
16419,97989.93460640236
16420,97978.2039617147
16421,98022.7783608589
16422,98025.74120950232
16423,98024.94884229309
16424,98025.12313479593
16425,98024.59720594606
16426,98004.6255550524
16427,97982.50947433765
16428,97957.13327781153
16429,97975.79308447454
16430,98004.45022298383
16431,97990.11996907301
16432,97991.25838835523
16433,98016.61410462487
16434,98002.48765090917
16435,98005.45113124087
16436,98016.38679004712
16437,98008.59687963809
16438,98008.59687963809
16439,98008.59687963809
16440,98008.59687963809
16441,98008.59687963809
16442,98008.59687963809
16443,98008.59687963809
16444,98008.59687963809
16445,98008.59687963809
16446,98008.59687963809
16447,98008.59687963809
16448,98008.59687963809
16449,98008.59687963809
16450,98008.59687963809
16451,98008.59687963809
16452,98008.59687963809
16453,98008.59687963809
16454,98008.59687963809
16455,98008.59687963809
16456,98008.59687963809
16457,98008.59687963809
16458,98008.59687963809
16459,98008.59687963809
16460,97976.25082319051
16461,97990.88533390152
16462,97993.5571467925
16463,97941.17073075502
16464,97949.69101823767
16465,97946.770911988
16466,97936.01149648496
16467,97944.17103020914
16468,97944.17103020914
16469,97944.17103020914
16470,97944.17103020914
16471,97944.17103020914
16472,97944.17103020914
16473,97944.17103020914
16474,97944.17103020914
16475,97944.17103020914
16476,97944.17103020914
16477,97944.17103020914
16478,97944.17103020914
16479,97944.17103020914
16480,97944.17103020914
16481,97944.17103020914
16482,97944.17103020914
16483,97944.17103020914
16484,97944.17103020914
16485,97944.17103020914
16486,97944.17103020914
16487,97944.17103020914
16488,97944.17103020914
16489,97944.17103020914
16490,97944.17103020914
16491,97944.17103020914
16492,97944.17103020914
16493,97944.17103020914
16494,97944.17103020914
16495,97944.17103020914
16496,97944.17103020914
16497,97944.17103020914
16498,97944.17103020914
16499,97944.17103020914
16500,97944.17103020914
16501,97944.17103020914
16502,97944.17103020914
16503,97944.17103020914
16504,97944.17103020914
16505,97944.17103020914
16506,97944.17103020914
16507,97944.17103020914
16508,97944.17103020914
16509,97944.17103020914
16510,97944.17103020914
16511,97944.17103020914
16512,97944.17103020914
16513,97944.17103020914
16514,97944.17103020914
16515,97944.17103020914
16516,97944.17103020914
16517,97944.17103020914
16518,97944.17103020914
16519,97944.17103020914
16520,97944.17103020914
16521,97944.17103020914
16522,97944.17103020914
16523,97944.17103020914
16524,97944.17103020914
16525,97944.17103020914
16526,97944.17103020914
16527,97944.17103020914
16528,97944.17103020914
16529,97944.17103020914
16530,97944.17103020914
16531,97944.17103020914
16532,97944.17103020914
16533,97944.17103020914
16534,97944.17103020914
16535,97944.17103020914
16536,97944.17103020914
16537,97944.17103020914
16538,97944.17103020914
16539,97944.17103020914
16540,97944.17103020914
16541,97944.17103020914
16542,97944.17103020914
16543,97944.17103020914
16544,97944.17103020914
16545,97944.17103020914
16546,97944.17103020914
16547,97944.17103020914
16548,97944.17103020914
16549,97944.17103020914
16550,97944.17103020914
16551,97944.17103020914
16552,97944.17103020914
16553,97944.17103020914
16554,97944.17103020914
16555,97944.17103020914
16556,97944.17103020914
16557,97944.17103020914
16558,97944.17103020914
16559,97944.17103020914
16560,97944.17103020914
16561,97944.17103020914
16562,97944.17103020914
16563,97944.17103020914
16564,97944.17103020914
16565,97944.17103020914
16566,97944.17103020914
16567,97944.17103020914
16568,97944.17103020914
16569,97944.17103020914
16570,97944.17103020914
16571,97944.17103020914
16572,97944.17103020914
16573,97944.17103020914
16574,97944.17103020914
16575,97944.17103020914
16576,97944.17103020914
16577,97944.17103020914
16578,97944.17103020914
16579,97944.17103020914
16580,97925.34441560955
16581,97922.02868651378
16582,97945.47075911882
16583,97951.47449793003
16584,97936.99789097648
16585,97924.82537216166
16586,97926.3622403082
16587,97973.43674385041
16588,97991.65454004341
16589,97980.26996313556
16590,97974.3754522516
16591,97974.3754522516
16592,97974.3754522516
16593,97974.3754522516
16594,97974.3754522516
16595,97974.3754522516
16596,97974.3754522516
16597,97974.3754522516
16598,97974.3754522516
16599,97974.3754522516
16600,97974.3754522516
16601,97974.3754522516
16602,97974.3754522516
16603,97974.3754522516
16604,97974.3754522516
16605,97974.3754522516
16606,97974.3754522516
16607,97974.3754522516
16608,97974.3754522516
16609,97974.3754522516
16610,97974.3754522516
16611,97974.3754522516
16612,97974.3754522516
16613,97974.3754522516
16614,97974.3754522516
16615,97974.3754522516
16616,97974.3754522516
16617,97974.3754522516
16618,97974.3754522516
16619,97974.3754522516
16620,97974.3754522516
16621,97974.3754522516
16622,97974.3754522516
16623,97974.3754522516
16624,97974.3754522516
16625,97974.3754522516
16626,97974.3754522516
16627,97974.3754522516
16628,97974.3754522516
16629,97974.3754522516
16630,97974.3754522516
16631,97974.3754522516
16632,97974.3754522516
16633,97974.3754522516
16634,97974.3754522516
16635,97974.3754522516
16636,97974.3754522516
16637,97974.3754522516
16638,97974.3754522516
16639,97974.3754522516
16640,97974.3754522516
16641,97974.3754522516
16642,97974.3754522516
16643,97974.3754522516
16644,97974.3754522516
16645,97974.3754522516
16646,97974.3754522516
16647,97974.3754522516
16648,97974.3754522516
16649,97974.3754522516
16650,97974.3754522516
16651,97974.3754522516
16652,97974.3754522516
16653,97974.3754522516
16654,97974.3754522516
16655,97974.3754522516
16656,97974.3754522516
16657,97974.3754522516
16658,97974.3754522516
16659,97974.3754522516
16660,97974.3754522516
16661,97974.3754522516
16662,97974.3754522516
16663,97974.3754522516
16664,97974.3754522516
16665,97974.3754522516
16666,97974.3754522516
16667,97974.3754522516
16668,97974.3754522516
16669,97974.3754522516
16670,97974.3754522516
16671,97974.3754522516
16672,97981.22076284794
16673,97970.32831929444
16674,97968.55739847629
16675,97955.83767604816
16676,97926.46022977366
16677,97926.46022977366
16678,97926.46022977366
16679,97926.46022977366
16680,97926.46022977366
16681,97926.46022977366
16682,97926.46022977366
16683,97926.46022977366
16684,97926.46022977366
16685,97926.46022977366
16686,97926.46022977366
16687,97926.46022977366
16688,97926.46022977366
16689,97926.46022977366
16690,97926.46022977366
16691,97926.46022977366
16692,97926.46022977366
16693,97926.46022977366
16694,97926.46022977366
16695,97926.46022977366
16696,97926.46022977366
16697,97926.46022977366
16698,97926.46022977366
16699,97926.46022977366
16700,97926.46022977366
16701,97926.46022977366
16702,97926.46022977366
16703,97926.46022977366
16704,97926.46022977366
16705,97926.46022977366
16706,97926.46022977366
16707,97926.46022977366
16708,97926.46022977366
16709,97941.26703907056
16710,97927.18000385822
16711,97926.86759072606
16712,97950.0326140064
16713,97956.70079935284
16714,97961.22902520983
16715,97963.21866143955
16716,97971.41479880095
16717,97978.27794356766
16718,97986.07549639538
16719,97976.22429942386
16720,97975.64132259796
16721,97975.70712005105
16722,97971.23871656555
16723,97972.4803393192
16724,97981.71192147411
16725,97989.71216852922
16726,97996.35633944368
16727,97992.29329821265
16728,97994.09613169747
16729,97995.38911317504
16730,97991.02777094276
16731,97974.82973411007
16732,97987.0163990064
16733,97983.99521635666
16734,97971.60801338889
16735,97973.5376088117
16736,97985.09305127463
16737,97976.9171987603
16738,97976.9171987603
16739,97976.9171987603
16740,97976.9171987603
16741,97976.9171987603
16742,97976.9171987603
16743,97976.9171987603
16744,97976.9171987603
16745,97976.9171987603
16746,97976.9171987603
16747,97976.9171987603
16748,97976.9171987603
16749,97976.9171987603
16750,97976.9171987603
16751,97976.9171987603
16752,97976.9171987603
16753,97976.9171987603
16754,97976.9171987603
16755,97976.9171987603
16756,97976.9171987603
16757,97976.9171987603
16758,97976.9171987603
16759,97976.9171987603
16760,97976.9171987603
16761,97976.9171987603
16762,97976.9171987603
16763,97966.96904490312
16764,97973.94534798368
16765,97941.79399143055
16766,97945.90674391021
16767,97973.10328941456
16768,97964.20015407051
16769,98034.23922288886
16770,98051.2484810167
16771,98057.92221178675
16772,98043.9486585256
16773,98020.61605868393
16774,98050.85077990203
16775,98054.3560062004
16776,98083.11547673814
16777,98076.62267650089
16778,98056.09379954146
16779,98072.78042601804
16780,98079.27396775986
16781,98084.51794196195
16782,98081.25100088911
16783,98080.22466242911
16784,98085.46346894739
16785,98083.23048653945
16786,98085.39014448217
16787,98085.19293886493
16788,98087.04365946332
16789,98102.40222932723
16790,98105.51826923384
16791,98119.21840982366
16792,98122.39353582148
16793,98101.90177085307
16794,98102.47915883473
16795,98073.61927306622
16796,98082.73010487569
16797,98082.73010487569
16798,98082.73010487569
16799,98082.73010487569
16800,98082.73010487569
16801,98082.73010487569
16802,98082.73010487569
16803,98082.73010487569
16804,98082.73010487569
16805,98082.73010487569
16806,98082.73010487569
16807,98082.73010487569
16808,98082.73010487569
16809,98082.73010487569
16810,98082.73010487569
16811,98082.73010487569
16812,98082.73010487569
16813,98082.73010487569
16814,98082.73010487569
16815,98082.73010487569
16816,98082.73010487569
16817,98082.73010487569
16818,98082.73010487569
16819,98082.73010487569
16820,98082.73010487569
16821,98082.73010487569
16822,98082.73010487569
16823,98082.73010487569
16824,98082.73010487569
16825,98082.73010487569
16826,98082.73010487569
16827,98082.73010487569
16828,98082.73010487569
16829,98082.73010487569
16830,98082.73010487569
16831,98082.73010487569
16832,98082.73010487569
16833,98082.73010487569
16834,98082.73010487569
16835,98082.73010487569
16836,98082.73010487569
16837,98082.73010487569
16838,98082.73010487569
16839,98082.73010487569
16840,98082.73010487569
16841,98082.73010487569
16842,98082.73010487569
16843,98082.73010487569
16844,98082.73010487569
16845,98082.73010487569
16846,98082.73010487569
16847,98082.73010487569
16848,98082.73010487569
16849,98082.73010487569
16850,98082.73010487569
16851,98082.73010487569
16852,98082.73010487569
16853,98082.73010487569
16854,98082.73010487569
16855,98082.73010487569
16856,98082.73010487569
16857,98082.73010487569
16858,98082.73010487569
16859,98082.73010487569
16860,98082.73010487569
16861,98082.73010487569
16862,98082.73010487569
16863,98082.73010487569
16864,98082.73010487569
16865,98082.73010487569
16866,98082.73010487569
16867,98082.73010487569
16868,98082.73010487569
16869,98082.73010487569
16870,98082.73010487569
16871,98082.73010487569
16872,98082.73010487569
16873,98082.73010487569
16874,98082.73010487569
16875,98082.73010487569
16876,98082.73010487569
16877,98082.73010487569
16878,98082.73010487569
16879,98082.73010487569
16880,98082.73010487569
16881,98082.73010487569
16882,98082.73010487569
16883,98082.73010487569
16884,98082.73010487569
16885,98082.73010487569
16886,98082.73010487569
16887,98082.73010487569
16888,98082.73010487569
16889,98082.73010487569
16890,98074.42790800316
16891,98068.97101629556
16892,98063.94257249369
16893,98089.64019184526
16894,98111.91568959897
16895,98129.26283708356
16896,98132.80320422587
16897,98134.48287544135
16898,98125.74566499046
16899,98125.74566499046
16900,98125.74566499046
16901,98125.74566499046
16902,98125.74566499046
16903,98125.74566499046
16904,98125.74566499046
16905,98125.74566499046
16906,98125.74566499046
16907,98125.74566499046
16908,98125.74566499046
16909,98125.74566499046
16910,98125.74566499046
16911,98125.74566499046
16912,98125.74566499046
16913,98125.74566499046
16914,98125.74566499046
16915,98125.74566499046
16916,98125.74566499046
16917,98125.74566499046
16918,98125.74566499046
16919,98125.74566499046
16920,98125.74566499046
16921,98125.74566499046
16922,98125.74566499046
16923,98125.74566499046
16924,98125.74566499046
16925,98125.74566499046
16926,98125.74566499046
16927,98125.74566499046
16928,98125.74566499046
16929,98125.74566499046
16930,98125.74566499046
16931,98125.74566499046
16932,98125.74566499046
16933,98125.74566499046
16934,98125.74566499046
16935,98125.74566499046
16936,98125.74566499046
16937,98125.74566499046
16938,98125.74566499046
16939,98125.74566499046
16940,98125.74566499046
16941,98125.74566499046
16942,98125.74566499046
16943,98125.74566499046
16944,98125.74566499046
16945,98125.74566499046
16946,98125.74566499046
16947,98138.90499038916
16948,98176.22692830791
16949,98207.6688133332
16950,98173.18907443754
16951,98173.18907443754
16952,98173.18907443754
16953,98173.18907443754
16954,98173.18907443754
16955,98173.18907443754
16956,98173.18907443754
16957,98173.18907443754
16958,98173.18907443754
16959,98173.18907443754
16960,98173.18907443754
16961,98173.18907443754
16962,98173.18907443754
16963,98173.18907443754
16964,98173.18907443754
16965,98173.18907443754
16966,98173.18907443754
16967,98173.18907443754
16968,98173.18907443754
16969,98173.18907443754
16970,98173.18907443754
16971,98173.18907443754
16972,98173.18907443754
16973,98173.18907443754
16974,98173.18907443754
16975,98173.18907443754
16976,98173.18907443754
16977,98173.18907443754
16978,98173.18907443754
16979,98173.18907443754
16980,98173.18907443754
16981,98173.18907443754
16982,98173.18907443754
16983,98173.18907443754
16984,98173.18907443754
16985,98173.18907443754
16986,98173.18907443754
16987,98173.18907443754
16988,98173.18907443754
16989,98173.18907443754
16990,98173.18907443754
16991,98173.18907443754
16992,98173.18907443754
16993,98173.18907443754
16994,98173.18907443754
16995,98173.18907443754
16996,98173.18907443754
16997,98173.18907443754
16998,98173.18907443754
16999,98173.18907443754
17000,98173.18907443754
17001,98173.18907443754
17002,98173.18907443754
17003,98173.18907443754
17004,98173.18907443754
17005,98173.18907443754
17006,98173.18907443754
17007,98173.18907443754
17008,98173.18907443754
17009,98173.18907443754
17010,98173.18907443754
17011,98173.18907443754
17012,98173.18907443754
17013,98173.18907443754
17014,98173.18907443754
17015,98173.18907443754
17016,98173.18907443754
17017,98173.18907443754
17018,98173.18907443754
17019,98173.18907443754
17020,98173.18907443754
17021,98173.18907443754
17022,98173.18907443754
17023,98173.18907443754
17024,98173.18907443754
17025,98173.18907443754
17026,98173.18907443754
17027,98173.18907443754
17028,98173.18907443754
17029,98173.18907443754
17030,98173.18907443754
17031,98173.18907443754
17032,98173.18907443754
17033,98173.18907443754
17034,98173.18907443754
17035,98173.18907443754
17036,98173.18907443754
17037,98173.18907443754
17038,98173.18907443754
17039,98173.18907443754
17040,98173.18907443754
17041,98173.18907443754
17042,98174.3851570292
17043,98202.83344431534
17044,98215.01656058447
17045,98206.23738030372
17046,98210.14705426805
17047,98250.59010402748
17048,98230.25494518613
17049,98226.09030580454
17050,98219.25357438957
17051,98227.97980000463
17052,98249.5806884713
17053,98249.85967857593
17054,98255.07678221248
17055,98258.13246451794
17056,98284.98437447865
17057,98291.69585085004
17058,98283.00742312788
17059,98276.02657878317
17060,98273.28065780878
17061,98279.61992288001
17062,98291.44535913717
17063,98281.58739813586
17064,98281.76782115038
17065,98280.71024121785
17066,98272.98457048216
17067,98272.63092260182
17068,98278.0600436536
17069,98272.06735746714
17070,98271.99724635584
17071,98283.87358426835
17072,98283.82682875534
17073,98279.0651906401
17074,98267.74565241605
17075,98265.74674205141
17076,98248.8237434179
17077,98249.11030090741
17078,98242.88328748678
17079,98211.87315111839
17080,98207.08283565415
17081,98207.08283565415
17082,98207.08283565415
17083,98207.08283565415
17084,98207.08283565415
17085,98207.08283565415
17086,98207.08283565415
17087,98207.08283565415
17088,98207.08283565415
17089,98207.08283565415
17090,98207.08283565415
17091,98207.08283565415
17092,98207.08283565415
17093,98207.08283565415
17094,98207.08283565415
17095,98207.08283565415
17096,98207.08283565415
17097,98207.08283565415
17098,98207.08283565415
17099,98207.08283565415
17100,98207.08283565415
17101,98207.08283565415
17102,98207.08283565415
17103,98207.08283565415
17104,98207.08283565415
17105,98207.08283565415
17106,98207.08283565415
17107,98207.08283565415
17108,98207.08283565415
17109,98207.08283565415
17110,98207.08283565415
17111,98207.08283565415
17112,98207.08283565415
17113,98207.08283565415
17114,98207.08283565415
17115,98207.08283565415
17116,98207.08283565415
17117,98207.08283565415
17118,98207.08283565415
17119,98207.08283565415
17120,98207.08283565415
17121,98207.08283565415
17122,98207.08283565415
17123,98207.08283565415
17124,98207.08283565415
17125,98207.08283565415
17126,98207.08283565415
17127,98207.08283565415
17128,98207.08283565415
17129,98207.08283565415
17130,98207.08283565415
17131,98207.08283565415
17132,98207.08283565415
17133,98207.08283565415
17134,98207.08283565415
17135,98207.08283565415
17136,98207.08283565415
17137,98207.08283565415
17138,98207.08283565415
17139,98207.08283565415
17140,98207.08283565415
17141,98207.08283565415
17142,98207.08283565415
17143,98207.08283565415
17144,98207.08283565415
17145,98207.08283565415
17146,98207.08283565415
17147,98207.08283565415
17148,98207.08283565415
17149,98207.08283565415
17150,98207.08283565415
17151,98207.08283565415
17152,98207.08283565415
17153,98207.08283565415
17154,98207.08283565415
17155,98207.08283565415
17156,98207.08283565415
17157,98207.08283565415
17158,98207.08283565415
17159,98207.08283565415
17160,98207.08283565415
17161,98207.08283565415
17162,98207.08283565415
17163,98207.08283565415
17164,98207.08283565415
17165,98207.08283565415
17166,98207.08283565415
17167,98207.08283565415
17168,98207.08283565415
17169,98207.08283565415
17170,98207.08283565415
17171,98207.08283565415
17172,98207.08283565415
17173,98207.08283565415
17174,98207.08283565415
17175,98207.08283565415
17176,98207.08283565415
17177,98207.08283565415
17178,98179.87256551678
17179,98174.75859130266
17180,98152.56164475593
17181,98147.55047657205
17182,98164.37197489056
17183,98158.0635179711
17184,98179.80036962521
17185,98179.80036962521
17186,98179.80036962521
17187,98179.80036962521
17188,98179.80036962521
17189,98179.80036962521
17190,98179.80036962521
17191,98179.80036962521
17192,98179.80036962521
17193,98179.80036962521
17194,98179.80036962521
17195,98179.80036962521
17196,98179.80036962521
17197,98179.80036962521
17198,98179.80036962521
17199,98179.80036962521
17200,98179.80036962521
17201,98179.80036962521
17202,98179.80036962521
17203,98179.80036962521
17204,98179.80036962521
17205,98176.0167261128
17206,98199.64035028644
17207,98174.89178202572
17208,98188.9989812076
17209,98211.82503394704
17210,98207.72254006563
17211,98193.27999007207
17212,98209.81581823718
17213,98220.01448813453
17214,98232.6796132969
17215,98211.7337887321
17216,98208.5774564328
17217,98200.82366249365
17218,98216.23534433245
17219,98225.5656062733
17220,98240.20571507046
17221,98223.4786171189
17222,98207.69026974721
17223,98198.43389833346
17224,98200.48214698036
17225,98203.83626119769
17226,98205.10094930533
17227,98190.6741825355
17228,98184.53472597063
17229,98174.4436793149
17230,98166.24463609916
17231,98175.52702551342
17232,98146.25140208668
17233,98157.97903690014
17234,98147.2024467527
17235,98138.187853653
17236,98128.62506247591
17237,98117.48735880828
17238,98123.9656904964
17239,98130.5519467133
17240,98125.71051913002
17241,98193.4376925373
17242,98163.3342157
17243,98163.3342157
17244,98163.3342157
17245,98163.3342157
17246,98163.3342157
17247,98163.3342157
17248,98163.3342157
17249,98163.3342157
17250,98163.3342157
17251,98163.3342157
17252,98163.3342157
17253,98163.3342157
17254,98163.3342157
17255,98163.3342157
17256,98163.3342157
17257,98163.3342157
17258,98163.3342157
17259,98163.3342157
17260,98163.3342157
17261,98163.3342157
17262,98163.3342157
17263,98163.3342157
17264,98163.3342157
17265,98163.3342157
17266,98163.3342157
17267,98163.3342157
17268,98163.3342157
17269,98130.94460538283
17270,98161.03977381809
17271,98149.8504819544
17272,98171.4688775435
17273,98157.89461574377
17274,98140.60870757786
17275,98140.60870757786
17276,98140.60870757786
17277,98140.60870757786
17278,98140.60870757786
17279,98140.60870757786
17280,98140.60870757786
17281,98140.60870757786
17282,98140.60870757786
17283,98140.60870757786
17284,98140.60870757786
17285,98140.60870757786
17286,98140.60870757786
17287,98140.60870757786
17288,98140.60870757786
17289,98140.60870757786
17290,98140.60870757786
17291,98140.60870757786
17292,98140.60870757786
17293,98140.60870757786
17294,98140.60870757786
17295,98140.60870757786
17296,98140.60870757786
17297,98140.60870757786
17298,98140.60870757786
17299,98140.60870757786
17300,98140.60870757786
17301,98140.60870757786
17302,98140.60870757786
17303,98140.60870757786
17304,98140.60870757786
17305,98140.60870757786
17306,98140.60870757786
17307,98140.60870757786
17308,98140.60870757786
17309,98140.60870757786
17310,98140.60870757786
17311,98140.60870757786
17312,98140.60870757786
17313,98140.60870757786
17314,98140.60870757786
17315,98140.60870757786
17316,98140.60870757786
17317,98140.60870757786
17318,98140.60870757786
17319,98140.60870757786
17320,98140.60870757786
17321,98140.60870757786
17322,98140.60870757786
17323,98140.60870757786
17324,98140.60870757786
17325,98140.60870757786
17326,98140.60870757786
17327,98140.60870757786
17328,98148.23639554277
17329,98148.19075013461
17330,98153.64806447807
17331,98181.57783247989
17332,98183.24845368993
17333,98186.81652078313
17334,98177.06422045529
17335,98185.19917073211
17336,98185.19917073211
17337,98185.19917073211
17338,98185.19917073211
17339,98185.19917073211
17340,98185.19917073211
17341,98185.19917073211
17342,98185.19917073211
17343,98185.19917073211
17344,98185.19917073211
17345,98185.19917073211
17346,98185.19917073211
17347,98185.19917073211
17348,98185.19917073211
17349,98185.19917073211
17350,98185.19917073211
17351,98185.19917073211
17352,98185.19917073211
17353,98185.19917073211
17354,98185.19917073211
17355,98185.19917073211
17356,98185.19917073211
17357,98185.19917073211
17358,98185.19917073211
17359,98185.19917073211
17360,98185.19917073211
17361,98185.19917073211
17362,98185.19917073211
17363,98185.19917073211
17364,98185.19917073211
17365,98185.19917073211
17366,98185.19917073211
17367,98185.19917073211
17368,98185.19917073211
17369,98185.19917073211
17370,98185.19917073211
17371,98185.19917073211
17372,98185.19917073211
17373,98185.19917073211
17374,98185.19917073211
17375,98185.19917073211
17376,98185.19917073211
17377,98185.19917073211
17378,98185.19917073211
17379,98185.19917073211
17380,98185.19917073211
17381,98185.19917073211
17382,98185.19917073211
17383,98185.19917073211
17384,98185.19917073211
17385,98185.19917073211
17386,98185.19917073211
17387,98185.19917073211
17388,98185.19917073211
17389,98185.19917073211
17390,98185.19917073211
17391,98185.19917073211
17392,98185.19917073211
17393,98185.19917073211
17394,98185.19917073211
17395,98185.19917073211
17396,98185.19917073211
17397,98185.19917073211
17398,98185.19917073211
17399,98185.19917073211
17400,98185.19917073211
17401,98185.19917073211
17402,98185.19917073211
17403,98185.19917073211
17404,98185.19917073211
17405,98185.19917073211
17406,98185.19917073211
17407,98185.19917073211
17408,98185.19917073211
17409,98185.19917073211
17410,98185.19917073211
17411,98185.19917073211
17412,98185.19917073211
17413,98185.19917073211
17414,98185.19917073211
17415,98185.19917073211
17416,98185.19917073211
17417,98185.19917073211
17418,98185.19917073211
17419,98185.19917073211
17420,98185.19917073211
17421,98185.19917073211
17422,98185.19917073211
17423,98185.19917073211
17424,98185.19917073211
17425,98185.19917073211
17426,98185.19917073211
17427,98182.14074690964
17428,98178.12244808406
17429,98182.53530618189
17430,98170.86510430046
17431,98156.66953024534
17432,98209.12063275569
17433,98226.65122014051
17434,98198.68855147141
17435,98184.47596097203
17436,98192.05801261753
17437,98218.98806992642
17438,98238.17839504042
17439,98234.15805625345
17440,98173.6398467902
17441,98199.77355402459
17442,98209.56203095152
17443,98172.73576996858
17444,98171.84464087411
17445,98144.91643521511
17446,98135.39067580692
17447,98141.74160584547
17448,98096.9573603847
17449,98088.24385704013
17450,98080.2469329879
17451,98091.80625555268
17452,98199.63228995423
17453,98220.5540525506
17454,98206.53448330294
17455,98220.4639175549
17456,98235.1744751637
17457,98170.0288038786
17458,98190.90667738557
17459,98190.72763528244
17460,98189.70702420191
17461,98212.25099072124
17462,98278.25217390415
17463,98347.75208538333
17464,98340.21537416636
17465,98329.02379976586
17466,98296.70474712038
17467,98266.36794025394
17468,98271.65188132692
17469,98244.35063987465
17470,98287.4366156941
17471,98278.2783743367
17472,98286.23950205486
17473,98248.44267491257
17474,98165.10709804369
17475,98191.17158500386
17476,98181.7625359927
17477,98157.72239074485
17478,98179.69234054773
17479,98244.72193129247
17480,98258.52054964569
17481,98221.46638545199
17482,98241.8513060259
17483,98254.2132401383
17484,98251.30616026388
17485,98227.66679863725
17486,98233.70934049807
17487,98259.37262430697
17488,98270.27563820574
17489,98298.20434353134
17490,98333.05487948959
17491,98346.56720475531
17492,98313.93492715812
17493,98330.5629513303
17494,98343.56611712612
17495,98307.04154944385
17496,98319.6316230718
17497,98296.03390738416
17498,98280.0635821275
17499,98259.81236202872
17500,98257.44032241925
17501,98257.44032241925
17502,98257.44032241925
17503,98257.44032241925
17504,98257.44032241925
17505,98257.44032241925
17506,98257.44032241925
17507,98236.87410744176
17508,98255.84917936452
17509,98273.27186153836
17510,98271.40670321106
17511,98275.11455467505
17512,98234.50812827374
17513,98235.89301889115
17514,98221.34252160734
17515,98219.03723279857
17516,98218.58426345493
17517,98199.53499144404
17518,98228.31291945843
17519,98219.78060939307
17520,98240.26351109696
17521,98250.83079778621
17522,98246.62225333865
17523,98225.60879334915
17524,98178.28051636783
17525,98218.45455754944
17526,98167.6170266262
17527,98192.23991344824
17528,98213.53411646622
17529,98194.40728901558
17530,98209.63905557542
17531,98254.6826518098
17532,98278.62878003214
17533,98259.82679122956
17534,98257.60120121705
17535,98254.59538633184
17536,98252.19595037008
17537,98270.66792950012
17538,98359.08959025725
17539,98341.18684857781
17540,98319.48139929581
17541,98324.4616343689
17542,98299.92961372742
17543,98238.37751934578
17544,98206.46546218281
17545,98176.27601777896
17546,98200.3089292491
17547,98170.82398756215
17548,98127.1665438441
17549,98095.45296525788
17550,98080.69729635326
17551,98077.90139846229
17552,98107.77896404393
17553,98128.79890582759
17554,98090.91487090419
17555,98090.91487090419
17556,98090.91487090419
17557,98090.91487090419
17558,98090.91487090419
17559,98090.91487090419
17560,98090.91487090419
17561,98090.91487090419
17562,98090.91487090419
17563,98090.91487090419
17564,98090.91487090419
17565,98090.91487090419
17566,98090.91487090419
17567,98090.91487090419
17568,98090.91487090419
17569,98090.91487090419
17570,98090.91487090419
17571,98090.91487090419
17572,98090.91487090419
17573,98090.91487090419
17574,98090.91487090419
17575,98090.91487090419
17576,98090.91487090419
17577,98090.91487090419
17578,98090.91487090419
17579,98118.8305721272
17580,98111.01504496724
17581,98109.87830772606
17582,98079.77672623227
17583,98084.58020524422
17584,98116.04510995535
17585,98123.12763388599
17586,98151.20419341029
17587,98174.93951381816
17588,98175.12620805891
17589,98175.41786014917
17590,98175.82673910406
17591,98175.62918193454
17592,98175.67815415225
17593,98176.90799706624
17594,98176.28417274932
17595,98175.41370248445
17596,98176.81809969044
17597,98176.57260613707
17598,98177.43569052855
17599,98176.54343465305
17600,98177.62281168284
17601,98176.0383114357
17602,98176.29135348338
17603,98176.76917040702
17604,98177.02908184814
17605,98177.01782359587
17606,98177.40650009483
17607,98177.64111916773
17608,98177.38802583091
17609,98178.50927230439
17610,98164.79834502094
17611,98154.03432362202
17612,98152.72299043249
17613,98117.46900290085
17614,98099.63619794777
17615,98084.51837927046
17616,98052.855218429
17617,98050.96272821841
17618,98102.31238391672
17619,98071.4523710253
17620,98071.4523710253
17621,98071.4523710253
17622,98071.4523710253
17623,98071.4523710253
17624,98071.4523710253
17625,98071.4523710253
17626,98071.4523710253
17627,98071.4523710253
17628,98071.4523710253
17629,98071.4523710253
17630,98071.4523710253
17631,98071.4523710253
17632,98071.4523710253
17633,98071.4523710253
17634,98071.4523710253
17635,98071.4523710253
17636,98071.4523710253
17637,98071.4523710253
17638,98071.4523710253
17639,98071.4523710253
17640,98071.4523710253
17641,98071.4523710253
17642,98071.4523710253
17643,98071.4523710253
17644,98071.4523710253
17645,98071.4523710253
17646,98071.4523710253
17647,98071.4523710253
17648,98071.4523710253
17649,98071.4523710253
17650,98071.4523710253
17651,98071.4523710253
17652,98071.4523710253
17653,98071.4523710253
17654,98071.4523710253
17655,98071.4523710253
17656,98071.4523710253
17657,98071.4523710253
17658,98071.4523710253
17659,98071.4523710253
17660,98071.4523710253
17661,98071.4523710253
17662,98071.4523710253
17663,98071.4523710253
17664,98071.4523710253
17665,98071.4523710253
17666,98071.4523710253
17667,98071.4523710253
17668,98071.4523710253
17669,98071.4523710253
17670,98071.4523710253
17671,98071.4523710253
17672,98071.4523710253
17673,98071.4523710253
17674,98071.4523710253
17675,98071.4523710253
17676,98071.4523710253
17677,98071.4523710253
17678,98071.4523710253
17679,98071.4523710253
17680,98085.34606259201
17681,98078.95587268063
17682,98083.39695550653
17683,98079.45940645461
17684,98085.61060254379
17685,98071.51954529103
17686,98064.91759730433
17687,98085.08349442284
17688,98094.39128106965
17689,98099.54394269927
17690,98096.3773454162
17691,98073.59082792467
17692,98068.78015183602
17693,98051.76401929978
17694,98045.03561840775
17695,98032.58648764953
17696,98024.93806706418
17697,98042.36861097718
17698,98042.36861097718
17699,98042.36861097718
17700,98042.36861097718
17701,98042.36861097718
17702,98042.36861097718
17703,98042.36861097718
17704,98042.36861097718
17705,98042.36861097718
17706,98042.36861097718
17707,98042.36861097718
17708,98042.36861097718
17709,98042.36861097718
17710,98042.36861097718
17711,98042.36861097718
17712,98042.36861097718
17713,98042.36861097718
17714,98042.36861097718
17715,98042.36861097718
17716,98042.36861097718
17717,98042.36861097718
17718,98042.36861097718
17719,98042.36861097718
17720,98042.36861097718
17721,98042.36861097718
17722,98042.36861097718
17723,98042.36861097718
17724,98042.36861097718
17725,98042.36861097718
17726,98042.36861097718
17727,98042.36861097718
17728,98042.36861097718
17729,98042.36861097718
17730,98042.36861097718
17731,98042.36861097718
17732,98042.36861097718
17733,98042.36861097718
17734,98042.36861097718
17735,98042.36861097718
17736,98042.36861097718
17737,98042.36861097718
17738,98042.36861097718
17739,98042.36861097718
17740,98042.36861097718
17741,98042.36861097718
17742,98042.36861097718
17743,98042.36861097718
17744,98042.36861097718
17745,98042.36861097718
17746,98042.36861097718
17747,98042.36861097718
17748,98042.36861097718
17749,98042.36861097718
17750,98042.36861097718
17751,98042.36861097718
17752,98042.36861097718
17753,98042.36861097718
17754,98042.36861097718
17755,98042.36861097718
17756,98042.36861097718
17757,98042.36861097718
17758,98042.36861097718
17759,98042.36861097718
17760,98042.36861097718
17761,98042.36861097718
17762,98042.36861097718
17763,98042.36861097718
17764,98042.36861097718
17765,98042.36861097718
17766,98042.36861097718
17767,98042.36861097718
17768,98042.36861097718
17769,98042.36861097718
17770,98042.36861097718
17771,98042.36861097718
17772,98042.36861097718
17773,98042.36861097718
17774,98042.36861097718
17775,98042.36861097718
17776,98042.36861097718
17777,98042.36861097718
17778,98042.36861097718
17779,98042.36861097718
17780,98042.36861097718
17781,98042.36861097718
17782,98042.36861097718
17783,98042.36861097718
17784,98042.36861097718
17785,98042.36861097718
17786,98042.36861097718
17787,98042.36861097718
17788,98042.36861097718
17789,98042.36861097718
17790,98042.36861097718
17791,98042.36861097718
17792,98042.36861097718
17793,98042.36861097718
17794,98042.36861097718
17795,98042.36861097718
17796,98042.36861097718
17797,98042.36861097718
17798,98042.36861097718
17799,98042.36861097718
17800,98042.36861097718
17801,98042.36861097718
17802,98042.36861097718
17803,98042.36861097718
17804,98042.36861097718
17805,98042.36861097718
17806,98042.36861097718
17807,98042.36861097718
17808,98042.36861097718
17809,98042.36861097718
17810,98042.36861097718
17811,98042.36861097718
17812,98042.36861097718
17813,98042.36861097718
17814,98042.36861097718
17815,98042.36861097718
17816,98042.36861097718
17817,98042.36861097718
17818,98042.36861097718
17819,98042.36861097718
17820,98042.36861097718
17821,98042.36861097718
17822,98042.36861097718
17823,98042.36861097718
17824,98042.36861097718
17825,98042.36861097718
17826,98042.36861097718
17827,98042.36861097718
17828,98042.36861097718
17829,98042.36861097718
17830,98042.36861097718
17831,98042.36861097718
17832,98042.36861097718
17833,98042.36861097718
17834,98042.36861097718
17835,98042.36861097718
17836,98042.36861097718
17837,98042.36861097718
17838,98042.36861097718
17839,98042.36861097718
17840,98042.36861097718
17841,98032.86557445754
17842,98030.60007660932
17843,98047.35290905982
17844,98048.13955810611
17845,98040.98304816386
17846,98023.59620812442
17847,98022.85863024511
17848,98029.17927200605
17849,98022.22185139205
17850,97979.97096466944
17851,97960.02824200447
17852,98000.97896605759
17853,98039.21294625064
17854,97994.30614812007
17855,97960.25970739583
17856,97961.64654324423
17857,97958.82262046996
17858,97960.76183201515
17859,97897.91044953391
17860,97897.91044953391
17861,97897.91044953391
17862,97897.91044953391
17863,97897.91044953391
17864,97897.91044953391
17865,97897.91044953391
17866,97897.91044953391
17867,97897.91044953391
17868,97897.91044953391
17869,97897.91044953391
17870,97897.91044953391
17871,97897.91044953391
17872,97897.91044953391
17873,97897.91044953391
17874,97897.91044953391
17875,97897.91044953391
17876,97897.91044953391
17877,97897.91044953391
17878,97897.91044953391
17879,97897.91044953391
17880,97897.91044953391
17881,97897.91044953391
17882,97897.91044953391
17883,97897.91044953391
17884,97897.91044953391
17885,97897.91044953391
17886,97897.91044953391
17887,97897.91044953391
17888,97897.91044953391
17889,97897.91044953391
17890,97897.91044953391
17891,97897.91044953391
17892,97897.91044953391
17893,97897.91044953391
17894,97897.91044953391
17895,97897.91044953391
17896,97897.91044953391
17897,97897.91044953391
17898,97897.91044953391
17899,97897.91044953391
17900,97897.91044953391
17901,97897.91044953391
17902,97897.91044953391
17903,97897.91044953391
17904,97897.91044953391
17905,97897.91044953391
17906,97897.91044953391
17907,97897.91044953391
17908,97897.91044953391
17909,97897.91044953391
17910,97897.91044953391
17911,97897.91044953391
17912,97897.91044953391
17913,97897.91044953391
17914,97897.91044953391
17915,97897.91044953391
17916,97897.91044953391
17917,97897.91044953391
17918,97897.91044953391
17919,97897.91044953391
17920,97897.91044953391
17921,97897.91044953391
17922,97897.91044953391
17923,97897.91044953391
17924,97897.91044953391
17925,97897.91044953391
17926,97897.91044953391
17927,97897.91044953391
17928,97897.91044953391
17929,97897.91044953391
17930,97897.91044953391
17931,97897.91044953391
17932,97897.91044953391
17933,97897.91044953391
17934,97897.91044953391
17935,97897.91044953391
17936,97897.91044953391
17937,97897.91044953391
17938,97897.91044953391
17939,97897.91044953391
17940,97897.91044953391
17941,97897.91044953391
17942,97897.91044953391
17943,97897.91044953391
17944,97897.91044953391
17945,97897.91044953391
17946,97897.91044953391
17947,97897.91044953391
17948,97897.91044953391
17949,97897.91044953391
17950,97897.91044953391
17951,97897.91044953391
17952,97897.91044953391
17953,97897.91044953391
17954,97897.91044953391
17955,97897.91044953391
17956,97897.91044953391
17957,97897.91044953391
17958,97897.91044953391
17959,97897.91044953391
17960,97897.91044953391
17961,97897.91044953391
17962,97897.91044953391
17963,97897.91044953391
17964,97897.91044953391
17965,97897.91044953391
17966,97897.91044953391
17967,97897.91044953391
17968,97897.91044953391
17969,97897.91044953391
17970,97897.91044953391
17971,97897.91044953391
17972,97897.91044953391
17973,97897.91044953391
17974,97897.91044953391
17975,97897.91044953391
17976,97897.91044953391
17977,97897.91044953391
17978,97897.91044953391
17979,97897.91044953391
17980,97897.91044953391
17981,97897.91044953391
17982,97897.91044953391
17983,97897.91044953391
17984,97897.91044953391
17985,97897.91044953391
17986,97897.91044953391
17987,97897.91044953391
17988,97897.91044953391
17989,97897.91044953391
17990,97897.91044953391
17991,97897.91044953391
17992,97897.91044953391
17993,97897.91044953391
17994,97897.91044953391
17995,97897.91044953391
17996,97897.91044953391
17997,97897.91044953391
17998,97897.91044953391
17999,97897.91044953391
18000,97897.91044953391
18001,97897.91044953391
18002,97897.91044953391
18003,97897.91044953391
18004,97897.91044953391
18005,97897.91044953391
18006,97897.91044953391
18007,97897.91044953391
18008,97897.91044953391
18009,97897.91044953391
18010,97897.91044953391
18011,97897.91044953391
18012,97897.91044953391
18013,97897.91044953391
18014,97897.91044953391
18015,97897.91044953391
18016,97897.91044953391
18017,97897.91044953391
18018,97897.91044953391
18019,97897.91044953391
18020,97897.91044953391
18021,97897.91044953391
18022,97897.91044953391
18023,97897.91044953391
18024,97897.91044953391
18025,97897.91044953391
18026,97897.91044953391
18027,97897.91044953391
18028,97897.91044953391
18029,97897.91044953391
18030,97897.91044953391
18031,97897.91044953391
18032,97897.91044953391
18033,97897.91044953391
18034,97897.91044953391
18035,97897.91044953391
18036,97897.91044953391
18037,97897.91044953391
18038,97897.91044953391
18039,97897.91044953391
18040,97897.91044953391
18041,97897.91044953391
18042,97897.91044953391
18043,97897.91044953391
18044,97897.91044953391
18045,97897.91044953391
18046,97897.91044953391
18047,97897.91044953391
18048,97897.91044953391
18049,97897.91044953391
18050,97897.91044953391
18051,97897.91044953391
18052,97897.91044953391
18053,97897.91044953391
18054,97897.91044953391
18055,97912.83444743286
18056,97907.07109546228
18057,97912.0092167074
18058,97927.24700953475
18059,97918.43624277588
18060,97911.86008287517
18061,97895.2220704224
18062,97893.28271286248
18063,97896.3643023439
18064,97916.44861068016
18065,97923.85847624413
18066,97923.85847624413
18067,97923.85847624413
18068,97923.85847624413
18069,97923.85847624413
18070,97923.85847624413
18071,97923.85847624413
18072,97923.85847624413
18073,97923.85847624413
18074,97923.85847624413
18075,97923.85847624413
18076,97923.85847624413
18077,97923.85847624413
18078,97923.85847624413
18079,97923.85847624413
18080,97923.85847624413
18081,97923.85847624413
18082,97923.85847624413
18083,97923.85847624413
18084,97923.85847624413
18085,97923.85847624413
18086,97923.85847624413
18087,97923.85847624413
18088,97923.85847624413
18089,97923.85847624413
18090,97923.85847624413
18091,97923.85847624413
18092,97923.85847624413
18093,97923.85847624413
18094,97923.85847624413
18095,97923.85847624413
18096,97923.85847624413
18097,97923.85847624413
18098,97923.85847624413
18099,97923.85847624413
18100,97923.85847624413
18101,97923.85847624413
18102,97923.85847624413
18103,97923.85847624413
18104,97923.85847624413
18105,97923.85847624413
18106,97923.85847624413
18107,97923.85847624413
18108,97923.85847624413
18109,97923.85847624413
18110,97923.85847624413
18111,97923.85847624413
18112,97923.85847624413
18113,97923.85847624413
18114,97923.85847624413
18115,97923.85847624413
18116,97923.85847624413
18117,97923.85847624413
18118,97923.85847624413
18119,97923.85847624413
18120,97923.85847624413
18121,97923.85847624413
18122,97923.85847624413
18123,97923.85847624413
18124,97923.85847624413
18125,97923.85847624413
18126,97923.85847624413
18127,97923.85847624413
18128,97923.85847624413
18129,97923.85847624413
18130,97923.85847624413
18131,97923.85847624413
18132,97923.85847624413
18133,97923.85847624413
18134,97923.85847624413
18135,97923.85847624413
18136,97923.85847624413
18137,97923.85847624413
18138,97923.85847624413
18139,97923.85847624413
18140,97923.85847624413
18141,97923.85847624413
18142,97923.85847624413
18143,97923.85847624413
18144,97923.85847624413
18145,97923.85847624413
18146,97923.85847624413
18147,97923.85847624413
18148,97923.85847624413
18149,97923.85847624413
18150,97923.85847624413
18151,97923.85847624413
18152,97923.85847624413
18153,97923.85847624413
18154,97923.85847624413
18155,97901.24487629837
18156,97874.80841264149
18157,97872.94376860355
18158,97847.92931215456
18159,97805.16786426358
18160,97845.4350437318
18161,97869.9507803751
18162,97963.38781741007
18163,97903.83090486348
18164,97891.7031401235
18165,97955.26857532207
18166,97937.45199952892
18167,97920.61084436675
18168,97920.61084436675
18169,97920.61084436675
18170,97920.61084436675
18171,97920.61084436675
18172,97920.61084436675
18173,97920.61084436675
18174,97920.61084436675
18175,97920.61084436675
18176,97920.61084436675
18177,97920.61084436675
18178,97920.61084436675
18179,97920.61084436675
18180,97920.61084436675
18181,97920.61084436675
18182,97920.61084436675
18183,97920.61084436675
18184,97920.61084436675
18185,97920.61084436675
18186,97920.61084436675
18187,97920.61084436675
18188,97920.61084436675
18189,97920.61084436675
18190,97920.61084436675
18191,97920.61084436675
18192,97920.61084436675
18193,97920.61084436675
18194,97920.61084436675
18195,97920.61084436675
18196,97920.61084436675
18197,97920.61084436675
18198,97920.61084436675
18199,97920.61084436675
18200,97920.61084436675
18201,97920.61084436675
18202,97920.61084436675
18203,97920.61084436675
18204,97920.61084436675
18205,97920.61084436675
18206,97920.61084436675
18207,97920.61084436675
18208,97920.61084436675
18209,97920.61084436675
18210,97920.61084436675
18211,97920.61084436675
18212,97920.61084436675
18213,97920.61084436675
18214,97920.61084436675
18215,97920.61084436675
18216,97920.61084436675
18217,97920.61084436675
18218,97920.61084436675
18219,97920.61084436675
18220,97920.61084436675
18221,97920.61084436675
18222,97920.61084436675
18223,97920.61084436675
18224,97920.61084436675
18225,97920.61084436675
18226,97920.61084436675
18227,97920.61084436675
18228,97920.61084436675
18229,97920.61084436675
18230,97920.61084436675
18231,97920.61084436675
18232,97920.61084436675
18233,97920.61084436675
18234,97920.61084436675
18235,97920.61084436675
18236,97920.61084436675
18237,97907.2102418267
18238,97930.17824942901
18239,97926.18418854297
18240,97921.15348145126
18241,97921.36757467584
18242,97903.62311485031
18243,97900.98289956946
18244,97880.44631057224
18245,97860.25999417684
18246,97822.80153543438
18247,97860.0184290126
18248,97920.53769345171
18249,97940.79025255408
18250,97965.806319661
18251,98010.47977632693
18252,97984.64469929683
18253,97953.11319140885
18254,97935.28286718043
18255,97923.8911092523
18256,97894.17066065423
18257,97890.16832363809
18258,97870.68536130339
18259,97870.68536130339
18260,97870.68536130339
18261,97870.68536130339
18262,97870.68536130339
18263,97870.68536130339
18264,97870.68536130339
18265,97870.68536130339
18266,97870.68536130339
18267,97870.68536130339
18268,97870.68536130339
18269,97870.68536130339
18270,97870.68536130339
18271,97870.68536130339
18272,97870.68536130339
18273,97870.68536130339
18274,97870.68536130339
18275,97870.68536130339
18276,97870.68536130339
18277,97870.68536130339
18278,97870.68536130339
18279,97870.68536130339
18280,97870.68536130339
18281,97870.68536130339
18282,97870.68536130339
18283,97870.68536130339
18284,97873.25362092757
18285,97884.93968031666
18286,97883.5383121198
18287,97902.41460854208
18288,97884.68285863858
18289,97880.24012605503
18290,97864.31324556199
18291,97879.08075911351
18292,97851.72008019069
18293,97855.88416294944
18294,97842.41882140607
18295,97873.61028253457
18296,97833.25858140194
18297,97860.80438209197
18298,97826.18599773537
18299,97829.56297700846
18300,97783.6594381053
18301,97800.63473113115
18302,97760.64264596262
18303,97784.9000437424
18304,97797.17670107691
18305,97795.93396445642
18306,97857.14627247889
18307,97859.69385150334
18308,97868.05885970496
18309,97840.73208508838
18310,97871.91698185165
18311,97936.97259018818
18312,97938.74951239217
18313,97948.30016345298
18314,97910.61597174611
18315,97931.89322738496
18316,97884.5630189606
18317,97941.74453817922
18318,97925.66350362264
18319,97926.58337010589
18320,97970.46242562836
18321,97988.98015521934
18322,97983.91635161212
18323,97987.22321057813
18324,98022.52666055852
18325,98008.11562072589
18326,97981.9720478862
18327,97933.14448524313
18328,97964.88422880636
18329,97972.22356298866
18330,97992.71422071499
18331,97951.97163408858
18332,97962.7043338756
18333,97961.9585512045
18334,97936.74651003696
18335,97927.73031289282
18336,97941.0972283026
18337,97945.18396152552
18338,97938.45113806271
18339,97923.49295510697
18340,97961.8598604568
18341,97973.4654041632
18342,97934.51461272927
18343,97947.95166417252
18344,97992.27098734931
18345,97983.89014362302
18346,97999.87353538534
18347,98021.29788085776
18348,97980.79106094688
18349,98011.01578671021
18350,97980.19115083586
18351,97948.86160226644
18352,97912.10790099189
18353,97909.96370419733
18354,97927.411625358
18355,97930.63703209689
18356,97879.33134883299
18357,97889.41916873367
18358,97916.45343875942
18359,97865.77252631387
18360,97870.56733910694
18361,97850.14052881034
18362,97846.46815496116
18363,97868.96556297244
18364,97860.92529177859
18365,97833.2590953578
18366,97805.11488573927
18367,97805.7882616053
18368,97793.3843952341
18369,97863.98919759925
18370,97846.63488560771
18371,97848.98236429263
18372,97869.7878677173
18373,97862.46148347191
18374,97879.06034382447
18375,97888.34850070173
18376,97878.24183426985
18377,97869.5448373951
18378,97855.67704469275
18379,97875.56692502051
18380,97880.58843364878
18381,97849.76039878189
18382,97822.37335148422
18383,97791.21431390017
18384,97747.86078191537
18385,97731.38870837951
18386,97711.9645188159
18387,97694.08477997071
18388,97675.63175710624
18389,97675.63175710624
18390,97675.63175710624
18391,97675.63175710624
18392,97675.63175710624
18393,97675.63175710624
18394,97675.63175710624
18395,97675.63175710624
18396,97675.63175710624
18397,97675.63175710624
18398,97675.63175710624
18399,97675.63175710624
18400,97675.63175710624
18401,97675.63175710624
18402,97675.63175710624
18403,97675.63175710624
18404,97675.63175710624
18405,97675.63175710624
18406,97675.63175710624
18407,97675.63175710624
18408,97675.63175710624
18409,97675.63175710624
18410,97675.63175710624
18411,97675.63175710624
18412,97675.63175710624
18413,97675.63175710624
18414,97675.63175710624
18415,97675.63175710624
18416,97675.63175710624
18417,97675.63175710624
18418,97675.63175710624
18419,97675.63175710624
18420,97675.63175710624
18421,97675.63175710624
18422,97675.63175710624
18423,97675.63175710624
18424,97675.63175710624
18425,97675.63175710624
18426,97675.63175710624
18427,97675.63175710624
18428,97675.63175710624
18429,97676.8595443492
18430,97677.46278731668
18431,97656.05905699797
18432,97633.16035891557
18433,97657.96773394784
18434,97639.72729250208
18435,97614.63091292394
18436,97614.26811840158
18437,97562.29463454381
18438,97562.29463454381
18439,97562.29463454381
18440,97562.29463454381
18441,97562.29463454381
18442,97562.29463454381
18443,97562.29463454381
18444,97562.29463454381
18445,97562.29463454381
18446,97562.29463454381
18447,97562.29463454381
18448,97562.29463454381
18449,97562.29463454381
18450,97562.29463454381
18451,97562.29463454381
18452,97562.29463454381
18453,97562.29463454381
18454,97562.29463454381
18455,97562.29463454381
18456,97562.29463454381
18457,97562.29463454381
18458,97562.29463454381
18459,97562.29463454381
18460,97562.29463454381
18461,97562.29463454381
18462,97562.29463454381
18463,97562.29463454381
18464,97562.29463454381
18465,97562.29463454381
18466,97562.29463454381
18467,97562.29463454381
18468,97562.29463454381
18469,97562.29463454381
18470,97562.29463454381
18471,97562.29463454381
18472,97562.29463454381
18473,97562.29463454381
18474,97562.29463454381
18475,97562.29463454381
18476,97562.29463454381
18477,97562.29463454381
18478,97562.29463454381
18479,97562.29463454381
18480,97562.29463454381
18481,97562.29463454381
18482,97562.29463454381
18483,97562.29463454381
18484,97562.29463454381
18485,97562.29463454381
18486,97562.29463454381
18487,97562.29463454381
18488,97562.29463454381
18489,97562.29463454381
18490,97562.29463454381
18491,97562.29463454381
18492,97562.29463454381
18493,97562.29463454381
18494,97562.29463454381
18495,97562.29463454381
18496,97562.29463454381
18497,97562.29463454381
18498,97562.29463454381
18499,97562.29463454381
18500,97562.29463454381
18501,97562.29463454381
18502,97562.29463454381
18503,97562.29463454381
18504,97562.29463454381
18505,97562.29463454381
18506,97562.29463454381
18507,97562.29463454381
18508,97562.29463454381
18509,97562.29463454381
18510,97562.29463454381
18511,97562.29463454381
18512,97562.04853929812
18513,97564.79204755169
18514,97540.57350999041
18515,97555.79173866728
18516,97562.81333264433
18517,97571.84634930355
18518,97590.49360605546
18519,97585.3584225711
18520,97591.73573839148
18521,97562.68860196536
18522,97564.56990499239
18523,97562.40729683245
18524,97565.54687672426
18525,97565.77190523007
18526,97596.41379529372
18527,97604.52721587385
18528,97586.40325418064
18529,97569.37577294897
18530,97563.04872492173
18531,97586.67860227166
18532,97579.41134276474
18533,97553.52224778838
18534,97575.69967856159
18535,97580.82750457653
18536,97591.16700157087
18537,97560.16006833634
18538,97557.74083775937
18539,97552.1597707659
18540,97574.37586104446
18541,97583.25790405118
18542,97585.3308951022
18543,97580.78408700904
18544,97600.6197771811
18545,97611.0036476268
18546,97604.66319363033
18547,97603.8552802777
18548,97608.86217090717
18549,97615.68026444672
18550,97581.52667892668
18551,97562.3128299136
18552,97560.21527709503
18553,97575.97638323558
18554,97553.66921673603
18555,97547.67671672866
18556,97562.05928207151
18557,97560.50311957709
18558,97538.73560912028
18559,97549.8829511433
18560,97569.5941039451
18561,97564.54637280287
18562,97569.00685803207
18563,97569.63220209052
18564,97567.50713965147
18565,97561.02825888121
18566,97576.33141281294
18567,97585.4921591937
18568,97577.56535145715
18569,97582.59072020464
18570,97606.75074635957
18571,97620.4434798141
18572,97615.09273644039
18573,97626.68355098949
18574,97623.14112122176
18575,97626.47768318902
18576,97624.55120262166
18577,97615.11713143624
18578,97625.2166594445
18579,97619.79339264636
18580,97623.47174874703
18581,97616.49784762872
18582,97626.11328030413
18583,97629.09747095477
18584,97629.09747095477
18585,97629.09747095477
18586,97629.09747095477
18587,97629.09747095477
18588,97629.09747095477
18589,97629.09747095477
18590,97629.09747095477
18591,97629.09747095477
18592,97629.09747095477
18593,97629.09747095477
18594,97629.09747095477
18595,97629.09747095477
18596,97629.09747095477
18597,97629.09747095477
18598,97629.09747095477
18599,97629.09747095477
18600,97629.09747095477
18601,97629.09747095477
18602,97629.09747095477
18603,97629.09747095477
18604,97629.09747095477
18605,97629.09747095477
18606,97629.09747095477
18607,97629.09747095477
18608,97629.09747095477
18609,97629.09747095477
18610,97629.09747095477
18611,97629.09747095477
18612,97629.09747095477
18613,97629.09747095477
18614,97629.09747095477
18615,97629.09747095477
18616,97629.09747095477
18617,97629.09747095477
18618,97629.09747095477
18619,97629.09747095477
18620,97629.09747095477
18621,97629.09747095477
18622,97629.09747095477
18623,97629.09747095477
18624,97629.09747095477
18625,97629.09747095477
18626,97629.09747095477
18627,97629.09747095477
18628,97629.09747095477
18629,97629.09747095477
18630,97629.09747095477
18631,97629.09747095477
18632,97629.09747095477
18633,97629.09747095477
18634,97629.09747095477
18635,97629.09747095477
18636,97629.09747095477
18637,97629.09747095477
18638,97629.09747095477
18639,97629.09747095477
18640,97629.09747095477
18641,97629.09747095477
18642,97629.09747095477
18643,97629.09747095477
18644,97629.09747095477
18645,97629.09747095477
18646,97629.09747095477
18647,97629.09747095477
18648,97629.09747095477
18649,97629.09747095477
18650,97629.09747095477
18651,97629.09747095477
18652,97629.09747095477
18653,97629.09747095477
18654,97629.09747095477
18655,97629.09747095477
18656,97629.09747095477
18657,97629.09747095477
18658,97629.09747095477
18659,97629.09747095477
18660,97629.09747095477
18661,97630.53151551457
18662,97620.74754123764
18663,97592.94158761097
18664,97595.56827256596
18665,97604.87285621413
18666,97583.20029096665
18667,97571.31638669407
18668,97563.72459634334
18669,97537.7625477465
18670,97536.89710088816
18671,97536.89710088816
18672,97536.89710088816
18673,97536.89710088816
18674,97536.89710088816
18675,97536.89710088816
18676,97536.89710088816
18677,97536.89710088816
18678,97536.89710088816
18679,97536.89710088816
18680,97536.89710088816
18681,97536.89710088816
18682,97536.89710088816
18683,97536.89710088816
18684,97536.89710088816
18685,97536.89710088816
18686,97536.89710088816
18687,97536.89710088816
18688,97536.89710088816
18689,97536.89710088816
18690,97536.89710088816
18691,97536.89710088816
18692,97536.89710088816
18693,97536.89710088816
18694,97536.89710088816
18695,97536.89710088816
18696,97536.89710088816
18697,97536.89710088816
18698,97536.89710088816
18699,97536.89710088816
18700,97536.89710088816
18701,97536.89710088816
18702,97536.89710088816
18703,97536.89710088816
18704,97536.89710088816
18705,97536.89710088816
18706,97536.89710088816
18707,97536.89710088816
18708,97536.89710088816
18709,97536.89710088816
18710,97536.89710088816
18711,97536.89710088816
18712,97536.89710088816
18713,97536.89710088816
18714,97536.89710088816
18715,97536.89710088816
18716,97536.89710088816
18717,97536.89710088816
18718,97536.89710088816
18719,97536.89710088816
18720,97536.89710088816
18721,97536.89710088816
18722,97536.89710088816
18723,97536.89710088816
18724,97536.89710088816
18725,97536.89710088816
18726,97536.89710088816
18727,97536.89710088816
18728,97536.89710088816
18729,97536.89710088816
18730,97536.89710088816
18731,97536.89710088816
18732,97536.89710088816
18733,97536.89710088816
18734,97536.89710088816
18735,97536.89710088816
18736,97536.89710088816
18737,97536.89710088816
18738,97536.89710088816
18739,97536.89710088816
18740,97536.89710088816
18741,97536.89710088816
18742,97536.89710088816
18743,97536.89710088816
18744,97536.89710088816
18745,97542.97052656973
18746,97551.05384225042
18747,97551.73039452039
18748,97554.43533466451
18749,97535.72069212406
18750,97521.1896971992
18751,97527.51126903697
18752,97536.70423879995
18753,97541.319551626
18754,97551.5920053609
18755,97551.13275270308
18756,97555.72321446876
18757,97546.23527001338
18758,97538.45857322353
18759,97545.42623292931
18760,97543.21493080702
18761,97536.62488121647
18762,97544.05299089769
18763,97544.49051775607
18764,97535.79487618887
18765,97535.79487618887
18766,97535.79487618887
18767,97535.79487618887
18768,97535.79487618887
18769,97535.79487618887
18770,97535.79487618887
18771,97535.79487618887
18772,97535.79487618887
18773,97535.79487618887
18774,97535.79487618887
18775,97535.79487618887
18776,97535.79487618887
18777,97535.79487618887
18778,97535.79487618887
18779,97535.79487618887
18780,97535.79487618887
18781,97535.79487618887
18782,97535.79487618887
18783,97535.79487618887
18784,97529.63857610905
18785,97512.14240461017
18786,97508.17337963857
18787,97484.41057658338
18788,97429.71741420563
18789,97484.8360070353
18790,97490.7796016613
18791,97522.43379287698
18792,97522.43379287698
18793,97522.43379287698
18794,97522.43379287698
18795,97522.43379287698
18796,97522.43379287698
18797,97522.43379287698
18798,97522.43379287698
18799,97522.43379287698
18800,97522.43379287698
18801,97522.43379287698
18802,97522.43379287698
18803,97522.43379287698
18804,97522.43379287698
18805,97522.43379287698
18806,97522.43379287698
18807,97522.43379287698
18808,97522.43379287698
18809,97522.43379287698
18810,97522.43379287698
18811,97522.43379287698
18812,97522.43379287698
18813,97522.43379287698
18814,97522.43379287698
18815,97522.43379287698
18816,97522.43379287698
18817,97522.43379287698
18818,97522.43379287698
18819,97522.43379287698
18820,97522.43379287698
18821,97522.43379287698
18822,97522.43379287698
18823,97522.43379287698
18824,97522.43379287698
18825,97522.43379287698
18826,97522.43379287698
18827,97522.43379287698
18828,97522.43379287698
18829,97522.43379287698
18830,97522.43379287698
18831,97522.43379287698
18832,97522.43379287698
18833,97522.44429521049
18834,97533.2478931987
18835,97536.94488864408
18836,97536.57789983139
18837,97556.31058188787
18838,97553.61991042356
18839,97577.67694247668
18840,97596.3040564082
18841,97597.61641279917
18842,97606.39763194317
18843,97597.13199798988
18844,97604.98446911138
18845,97609.61798135687
18846,97612.2843391847
18847,97612.70586540672
18848,97619.75807787605
18849,97618.7022980639
18850,97612.81291284316
18851,97609.05008974309
18852,97613.08899495493
18853,97611.25089518088
18854,97618.63931473142
18855,97618.78507745948
18856,97610.47792071172
18857,97607.3280118413
18858,97610.291489971
18859,97619.13571025193
18860,97624.90874070814
18861,97628.91526440531
18862,97618.64335401909
18863,97620.56605638067
18864,97591.85877801418
18865,97595.43586583853
18866,97607.77211689709
18867,97612.73668587732
18868,97612.73668587732
18869,97612.73668587732
18870,97612.73668587732
18871,97612.73668587732
18872,97612.73668587732
18873,97612.73668587732
18874,97612.73668587732
18875,97612.73668587732
18876,97612.73668587732
18877,97612.73668587732
18878,97612.73668587732
18879,97612.73668587732
18880,97612.73668587732
18881,97612.73668587732
18882,97612.73668587732
18883,97612.73668587732
18884,97612.73668587732
18885,97612.73668587732
18886,97612.73668587732
18887,97612.73668587732
18888,97612.73668587732
18889,97612.73668587732
18890,97612.73668587732
18891,97612.73668587732
18892,97612.73668587732
18893,97612.73668587732
18894,97612.73668587732
18895,97612.73668587732
18896,97612.73668587732
18897,97612.73668587732
18898,97612.73668587732
18899,97612.73668587732
18900,97612.73668587732
18901,97612.73668587732
18902,97612.73668587732
18903,97612.73668587732
18904,97613.37560537132
18905,97608.11114679831
18906,97630.79176130285
18907,97631.65839283512
18908,97628.78648175474
18909,97647.12324848445
18910,97640.40413083724
18911,97640.36064458694
18912,97624.70784743276
18913,97621.55839359968
18914,97645.07102884448
18915,97639.90792157102
18916,97645.26473134627
18917,97624.81475689507
18918,97613.56435670405
18919,97631.6142543666
18920,97614.59256077808
18921,97623.53021246831
18922,97643.43295624288
18923,97669.46629277771
18924,97669.911640838
18925,97660.79184107162
18926,97699.54693318706
18927,97694.39955611993
18928,97691.89203724997
18929,97692.58071211659
18930,97693.8708473229
18931,97690.48710880832
18932,97694.8259781418
18933,97689.9324511537
18934,97684.62880751971
18935,97688.02203205488
18936,97680.21193354491
18937,97680.21193354491
18938,97680.21193354491
18939,97680.21193354491
18940,97680.21193354491
18941,97680.21193354491
18942,97680.21193354491
18943,97680.21193354491
18944,97680.21193354491
18945,97680.21193354491
18946,97680.21193354491
18947,97680.21193354491
18948,97680.21193354491
18949,97680.21193354491
18950,97680.21193354491
18951,97680.21193354491
18952,97680.21193354491
18953,97680.21193354491
18954,97680.21193354491
18955,97680.21193354491
18956,97680.21193354491
18957,97680.21193354491
18958,97680.21193354491
18959,97680.21193354491
18960,97680.21193354491
18961,97680.21193354491
18962,97680.21193354491
18963,97680.21193354491
18964,97700.6361944355
18965,97713.54670912735
18966,97698.35059058812
18967,97701.77602086401
18968,97692.99661838423
18969,97684.46886949615
18970,97688.70036507685
18971,97678.90154240937
18972,97674.12855287816
18973,97664.42659285104
18974,97660.41430903705
18975,97656.6429596371
18976,97647.25212329949
18977,97677.02029020352
18978,97647.44928007678
18979,97591.35877064745
18980,97592.32960386145
18981,97535.66096377757
18982,97537.3846934762
18983,97537.13785439605
18984,97593.5976631796
18985,97585.67823656852
18986,97586.87405267007
18987,97614.80974038079
18988,97604.74333780624
18989,97616.01055731266
18990,97587.26361699676
18991,97535.58847559059
18992,97520.01804860325
18993,97512.58731587432
18994,97534.70821995914
18995,97510.71730436546
18996,97481.07277264833
18997,97460.06467275896
18998,97484.66978689496
18999,97490.40499702537
19000,97490.40499702537
19001,97490.40499702537
19002,97490.40499702537
19003,97490.40499702537
19004,97490.40499702537
19005,97490.40499702537
19006,97490.40499702537
19007,97490.40499702537
19008,97490.40499702537
19009,97490.40499702537
19010,97490.40499702537
19011,97490.40499702537
19012,97490.40499702537
19013,97490.40499702537
19014,97490.40499702537
19015,97490.40499702537
19016,97490.40499702537
19017,97490.40499702537
19018,97490.40499702537
19019,97490.40499702537
19020,97490.40499702537
19021,97490.40499702537
19022,97490.40499702537
19023,97490.40499702537
19024,97490.40499702537
19025,97490.40499702537
19026,97490.40499702537
19027,97490.40499702537
19028,97490.40499702537
19029,97490.40499702537
19030,97490.40499702537
19031,97490.40499702537
19032,97490.40499702537
19033,97490.40499702537
19034,97490.40499702537
19035,97490.40499702537
19036,97490.40499702537
19037,97490.40499702537
19038,97490.40499702537
19039,97490.40499702537
19040,97490.40499702537
19041,97490.40499702537
19042,97490.40499702537
19043,97490.40499702537
19044,97490.40499702537
19045,97490.40499702537
19046,97490.40499702537
19047,97490.40499702537
19048,97490.40499702537
19049,97490.40499702537
19050,97490.40499702537
19051,97490.40499702537
19052,97490.40499702537
19053,97490.40499702537
19054,97490.40499702537
19055,97490.40499702537
19056,97490.40499702537
19057,97490.40499702537
19058,97490.40499702537
19059,97490.40499702537
19060,97490.40499702537
19061,97490.40499702537
19062,97490.40499702537
19063,97490.40499702537
19064,97490.40499702537
19065,97490.40499702537
19066,97490.40499702537
19067,97490.40499702537
19068,97490.40499702537
19069,97490.40499702537
19070,97490.40499702537
19071,97490.40499702537
19072,97495.30888965199
19073,97507.37509528546
19074,97526.15541012712
19075,97501.17451676981
19076,97479.64937876354
19077,97496.68965499547
19078,97503.30557946002
19079,97520.75756569661
19080,97526.06330850489
19081,97506.7853695882
19082,97537.9557829024
19083,97551.68098093201
19084,97546.3956806762
19085,97559.13680172627
19086,97554.1363265135
19087,97548.82430060375
19088,97541.36640939485
19089,97507.67846999835
19090,97504.96319143908
19091,97506.30361474797
19092,97510.38370097286
19093,97527.57122152686
19094,97525.7701541346
19095,97534.2350948123
19096,97549.69153578983
19097,97575.39375642141
19098,97568.12984638276
19099,97565.68287180287
19100,97550.60264715386
19101,97549.07222416901
19102,97509.37706463375
19103,97525.64655571115
19104,97515.44128518378
19105,97531.4091942224
19106,97536.74232199663
19107,97575.91961065607
19108,97552.60505230723
19109,97574.14838667838
19110,97587.41506094142
19111,97588.1003088017
19112,97627.57297481381
19113,97656.25101391798
19114,97682.80526347228
19115,97695.60910907068
19116,97721.11926101816
19117,97739.47886240862
19118,97756.14800007764
19119,97760.56843241098
19120,97757.89744865373
19121,97757.64576111973
19122,97759.6154204079
19123,97760.95690066542
19124,97759.6913433949
19125,97770.19786159263
19126,97766.04349726964
19127,97754.93760487725
19128,97759.09733534927
19129,97757.03305415406
19130,97758.96865747488
19131,97758.40888334982
19132,97763.63141604746
19133,97758.17316785306
19134,97760.05387211364
19135,97764.71214692599
19136,97764.71214692599
19137,97764.71214692599
19138,97764.71214692599
19139,97764.71214692599
19140,97764.71214692599
19141,97764.71214692599
19142,97764.71214692599
19143,97764.71214692599
19144,97764.71214692599
19145,97764.71214692599
19146,97764.71214692599
19147,97764.71214692599
19148,97764.71214692599
19149,97764.71214692599
19150,97764.71214692599
19151,97764.71214692599
19152,97764.71214692599
19153,97764.71214692599
19154,97764.71214692599
19155,97764.71214692599
19156,97764.71214692599
19157,97764.71214692599
19158,97764.71214692599
19159,97764.71214692599
19160,97764.71214692599
19161,97764.71214692599
19162,97764.71214692599
19163,97764.71214692599
19164,97764.71214692599
19165,97764.71214692599
19166,97764.71214692599
19167,97764.71214692599
19168,97764.71214692599
19169,97764.71214692599
19170,97764.71214692599
19171,97764.71214692599
19172,97764.71214692599
19173,97764.71214692599
19174,97764.71214692599
19175,97764.71214692599
19176,97764.71214692599
19177,97764.71214692599
19178,97764.71214692599
19179,97764.71214692599
19180,97764.71214692599
19181,97764.71214692599
19182,97764.71214692599
19183,97764.71214692599
19184,97764.71214692599
19185,97764.71214692599
19186,97764.71214692599
19187,97764.71214692599
19188,97764.71214692599
19189,97764.71214692599
19190,97764.71214692599
19191,97764.71214692599
19192,97764.71214692599
19193,97764.71214692599
19194,97764.71214692599
19195,97764.71214692599
19196,97764.71214692599
19197,97764.71214692599
19198,97764.71214692599
19199,97764.71214692599
19200,97764.71214692599
19201,97764.71214692599
19202,97764.71214692599
19203,97764.71214692599
19204,97764.71214692599
19205,97770.53499886762
19206,97754.36303261266
19207,97732.70211215505
19208,97721.75076644255
19209,97701.84437695838
19210,97762.27351683231
19211,97779.13893090037
19212,97755.7867322643
19213,97738.09692059884
19214,97752.63897515867
19215,97730.74750321325
19216,97767.46321907363
19217,97708.64255086624
19218,97733.15659713949
19219,97751.81185358312
19220,97799.46143674228
19221,97849.65396504718
19222,97904.69377159784
19223,97889.22654023781
19224,97878.87918745457
19225,97897.2530727217
19226,97889.27145252688
19227,97934.940317175
19228,97939.93291856154
19229,97896.68040432342
19230,97901.23196468684
19231,97893.20282213701
19232,97879.88634982711
19233,97887.61701699033
19234,97878.89094737427
19235,97870.7616616084
19236,97867.43457782546
19237,97876.52370666177
19238,97860.81569886781
19239,97870.01738744405
19240,97869.07512963812
19241,97859.41899318353
19242,97863.3686489122
19243,97862.6920525291
19244,97862.6920525291
19245,97862.6920525291
19246,97862.6920525291
19247,97862.6920525291
19248,97862.6920525291
19249,97862.6920525291
19250,97862.6920525291
19251,97862.6920525291
19252,97862.6920525291
19253,97862.6920525291
19254,97862.6920525291
19255,97862.6920525291
19256,97862.6920525291
19257,97875.87778375465
19258,97892.52731333853
19259,97891.6151294608
19260,97888.54105009341
19261,97893.41252251192
19262,97895.43938895666
19263,97892.22202795753
19264,97880.14366334332
19265,97871.31469201678
19266,97878.74479809402
19267,97868.63263751313
19268,97869.81124329331
19269,97866.09649818492
19270,97849.43678008633
19271,97849.83784684504
19272,97846.73507933521
19273,97825.94289953119
19274,97847.05159226323
19275,97853.25177212793
19276,97864.68258278158
19277,97828.85562413321
19278,97818.45130098275
19279,97856.45847723467
19280,97831.14458365685
19281,97863.0307167493
19282,97832.56478956435
19283,97854.91445196101
19284,97867.54283665883
19285,97865.96333451218
19286,97900.8530867801
19287,97884.03947102115
19288,97918.74161711143
19289,97926.55500739817
19290,97949.23132209915
19291,97978.4594402557
19292,97987.91259002559
19293,97983.73091226611
19294,98002.09542159915
19295,97998.69682629513
19296,98006.30484678972
19297,98007.6129390928
19298,98003.90477374592
19299,98009.55660443302
19300,98010.85602778477
19301,98005.17524643254
19302,98005.17524643254
19303,98005.17524643254
19304,98005.17524643254
19305,98005.17524643254
19306,98005.17524643254
19307,98005.17524643254
19308,98005.17524643254
19309,98005.17524643254
19310,98005.17524643254
19311,98005.17524643254
19312,98005.17524643254
19313,98005.17524643254
19314,98005.17524643254
19315,98005.17524643254
19316,98005.17524643254
19317,98005.17524643254
19318,98005.17524643254
19319,98005.17524643254
19320,98005.17524643254
19321,98005.17524643254
19322,98005.17524643254
19323,98005.17524643254
19324,98005.17524643254
19325,98005.17524643254
19326,98005.17524643254
19327,98005.17524643254
19328,98005.17524643254
19329,98005.17524643254
19330,98005.17524643254
19331,98005.17524643254
19332,98005.17524643254
19333,98005.17524643254
19334,98005.17524643254
19335,98005.17524643254
19336,98005.17524643254
19337,98005.17524643254
19338,98005.17524643254
19339,98005.17524643254
19340,98005.17524643254
19341,98005.17524643254
19342,98005.17524643254
19343,98005.17524643254
19344,98005.17524643254
19345,98005.17524643254
19346,98005.17524643254
19347,98005.17524643254
19348,98005.17524643254
19349,98005.17524643254
19350,98005.17524643254
19351,98005.17524643254
19352,98005.17524643254
19353,98005.17524643254
19354,98005.17524643254
19355,98005.17524643254
19356,98005.17524643254
19357,98005.17524643254
19358,98005.17524643254
19359,98005.17524643254
19360,98005.17524643254
19361,98005.17524643254
19362,98005.17524643254
19363,98005.17524643254
19364,98005.17524643254
19365,98005.17524643254
19366,98005.17524643254
19367,98005.17524643254
19368,98005.17524643254
19369,98005.17524643254
19370,98005.17524643254
19371,98005.17524643254
19372,98005.17524643254
19373,98005.17524643254
19374,98021.05027293571
19375,98012.96096327962
19376,97973.62373538666
19377,97993.38128200745
19378,97974.37212388164
19379,98016.65365292368
19380,98030.47779618019
19381,97999.78886962318
19382,97973.21262482171
19383,97982.88746162715
19384,97984.9087791479
19385,97965.43346453976
19386,97963.91114252953
19387,97987.52697801909
19388,97976.828850915
19389,97972.94202625332
19390,97997.74050243928
19391,97996.58202667766
19392,97983.08351441976
19393,98036.92652956252
19394,98029.2544461064
19395,98063.10110195953
19396,98082.58850531097
19397,98102.03683510092
19398,98102.21814346776
19399,98102.67599748097
19400,98103.11807146735
19401,98102.79011313836
19402,98102.53014890554
19403,98103.90893984729
19404,98103.5470669135
19405,98104.24563806273
19406,98103.86376761847
19407,98103.30163592227
19408,98104.39805483614
19409,98103.73918600802
19410,98105.77694608289
19411,98105.48510164554
19412,98105.17355516784
19413,98106.22093409655
19414,98106.06774825642
19415,98106.57557298665
19416,98106.8257860523
19417,98088.70870965548
19418,98102.64348467186
19419,98089.18708634058
19420,98080.39344952781
19421,98066.17220200664
19422,98061.59379618074
19423,98035.05859680807
19424,98074.85966383773
19425,98117.95927995726
19426,98157.5157672292
19427,98158.50745076129
19428,98199.66749477223
19429,98163.85470804901
19430,98167.20302338073
19431,98129.97662126277
19432,98099.57166978609
19433,98119.36901947448
19434,98113.30610633983
19435,98124.87793289231
19436,98186.41925633745
19437,98219.5022027643
19438,98232.20420462763
19439,98183.03799448643
19440,98206.29448519766
19441,98197.31574261372
19442,98216.14068772945
19443,98251.57858744578
19444,98235.49569038676
19445,98285.95234451076
19446,98259.63705149302
19447,98255.93244089573
19448,98232.10065838053
19449,98229.24189059291
19450,98197.20210753632
19451,98192.32890941865
19452,98198.74434921161
19453,98230.48472205226
19454,98243.58392815688
19455,98261.6926076056
19456,98260.55373724774
19457,98255.87460404243
19458,98300.33006660003
19459,98285.69822411991
19460,98263.09697036578
19461,98242.43372616751
19462,98305.11553351705
19463,98299.11173353824
19464,98286.64161670921
19465,98278.83171286133
19466,98254.24633801609
19467,98279.86932493582
19468,98302.98675398341
19469,98254.68614719681
19470,98262.81375307433
19471,98243.21665041035
19472,98270.89667736417
19473,98284.95756918496
19474,98328.00287546049
19475,98352.00751206082
19476,98289.38569406657
19477,98258.76823378337
19478,98216.55625632622
19479,98206.36540955346
19480,98186.37504401161
19481,98141.95309113756
19482,98124.39519439574
19483,98111.7624286182
19484,98162.08886155374
19485,98207.11782700234
19486,98178.3952170519
19487,98204.06596264761
19488,98176.16762022632
19489,98132.35944416848
19490,98136.08621291106
19491,98151.57693473408
19492,98208.45680264737
19493,98215.12373856563
19494,98220.93733830618
19495,98249.03473594101
19496,98258.94402223769
19497,98228.36198499898
19498,98228.15012225683
19499,98200.57786824342
19500,98171.54690317449
19501,98216.91352916376
19502,98233.17424587543
19503,98254.97366648779
19504,98329.22142559172
19505,98390.87628677452
19506,98381.58817981413
19507,98344.25300327913
19508,98369.00504268818
19509,98329.90045568062
19510,98346.3850324077
19511,98352.66886820273
19512,98338.2452496005
19513,98314.83395955156
19514,98313.11736787019
19515,98313.11736787019
19516,98313.11736787019
19517,98313.11736787019
19518,98313.11736787019
19519,98313.11736787019
19520,98313.11736787019
19521,98313.11736787019
19522,98313.11736787019
19523,98313.11736787019
19524,98313.11736787019
19525,98313.11736787019
19526,98313.11736787019
19527,98313.11736787019
19528,98313.11736787019
19529,98313.11736787019
19530,98313.11736787019
19531,98313.11736787019
19532,98313.11736787019
19533,98313.11736787019
19534,98313.11736787019
19535,98313.11736787019
19536,98313.11736787019
19537,98313.11736787019
19538,98313.11736787019
19539,98313.11736787019
19540,98313.11736787019
19541,98313.11736787019
19542,98313.11736787019
19543,98313.11736787019
19544,98313.11736787019
19545,98313.11736787019
19546,98313.11736787019
19547,98313.11736787019
19548,98313.11736787019
19549,98313.11736787019
19550,98313.11736787019
19551,98313.11736787019
19552,98313.11736787019
19553,98313.11736787019
19554,98313.11736787019
19555,98313.11736787019
19556,98313.11736787019
19557,98313.11736787019
19558,98313.11736787019
19559,98313.11736787019
19560,98313.11736787019
19561,98313.11736787019
19562,98313.11736787019
19563,98313.11736787019
19564,98313.11736787019
19565,98313.11736787019
19566,98313.11736787019
19567,98313.11736787019
19568,98313.11736787019
19569,98313.11736787019
19570,98313.11736787019
19571,98313.11736787019
19572,98313.11736787019
19573,98313.11736787019
19574,98313.11736787019
19575,98360.65194301482
19576,98371.33729478547
19577,98383.75670797982
19578,98354.1985229768
19579,98370.54238497661
19580,98367.70422224278
19581,98362.79836155655
19582,98385.90982563916
19583,98378.04290010953
19584,98373.930870386
19585,98353.77565549764
19586,98382.13640937048
19587,98394.31187443895
19588,98385.7287543735
19589,98383.32652409968
19590,98384.41751242969
19591,98377.7787217973
19592,98368.3743828116
19593,98363.04869667557
19594,98358.19387203114
19595,98362.92353645753
19596,98397.9813360558
19597,98410.96015017253
19598,98374.06317840323
19599,98432.37969253422
19600,98436.66898116503
19601,98451.40681286703
19602,98510.5413997144
19603,98503.44616562164
19604,98481.3779588024
19605,98461.4813552514
19606,98508.382810481
19607,98471.22109591177
19608,98503.52680385773
19609,98508.12200208184
19610,98523.90986896839
19611,98509.55981661325
19612,98492.95900017161
19613,98461.14378506411
19614,98409.8100833174
19615,98446.90320581432
19616,98451.93746722696
19617,98434.13721065753
19618,98417.20873318028
19619,98429.17569186763
19620,98464.4338972359
19621,98457.48766151494
19622,98447.21673004433
19623,98466.59151063084
19624,98442.4754142498
19625,98459.15281324943
19626,98471.82174406234
19627,98426.07763571179
19628,98440.74524688118
19629,98437.00948596826
19630,98467.80196669242
19631,98480.90134775935
19632,98459.57160426339
19633,98475.90570590773
19634,98486.83167484024
19635,98432.12737762384
19636,98388.86256181293
19637,98372.99674067604
19638,98382.49633823089
19639,98392.55169691333
19640,98367.56430028426
19641,98383.84357935184
19642,98401.38504773464
19643,98384.52363334627
19644,98368.52898942625
19645,98393.26299113283
19646,98365.13508046011
19647,98409.76160388565
19648,98407.54576361008
19649,98378.4228860914
19650,98341.91365128175
19651,98354.27800528676
19652,98420.28845036292
19653,98385.35266682929
19654,98433.53326704881
19655,98446.93442802862
19656,98433.72828810985
19657,98453.82952955257
19658,98465.46752185584
19659,98467.09580248059
19660,98502.56656136055
19661,98513.96651755902
19662,98510.36444688954
19663,98509.86160832178
19664,98523.61164521427
19665,98551.07621038932
19666,98549.62621113905
19667,98551.947397886
19668,98552.59399171977
19669,98548.7041345696
19670,98551.51906478897
19671,98551.79132321745
19672,98549.39124029814
19673,98551.29266833003
19674,98554.44719527238
19675,98550.36385669722
19676,98550.36385669722
19677,98550.36385669722
19678,98550.36385669722
19679,98550.36385669722
19680,98550.36385669722
19681,98550.36385669722
19682,98550.36385669722
19683,98550.36385669722
19684,98550.36385669722
19685,98550.36385669722
19686,98550.36385669722
19687,98550.36385669722
19688,98550.36385669722
19689,98550.36385669722
19690,98550.36385669722
19691,98550.36385669722
19692,98550.36385669722
19693,98550.36385669722
19694,98550.36385669722
19695,98550.36385669722
19696,98550.36385669722
19697,98550.36385669722
19698,98550.36385669722
19699,98550.36385669722
19700,98550.36385669722
19701,98550.36385669722
19702,98550.36385669722
19703,98550.36385669722
19704,98550.36385669722
19705,98550.36385669722
19706,98550.36385669722
19707,98570.81201441756
19708,98552.3584381909
19709,98564.03859887413
19710,98549.2424138662
19711,98558.09128223204
19712,98571.38752044973
19713,98576.58860214478
19714,98577.56413708742
19715,98555.24537041152
19716,98543.80513943623
19717,98537.02679827275
19718,98526.71070520546
19719,98496.78209461906
19720,98511.77812425165
19721,98515.14815840498
19722,98508.98697752041
19723,98472.1719047765
19724,98417.96929265815
19725,98411.16250819291
19726,98423.37150883145
19727,98460.33053538945
19728,98467.52425367424
19729,98467.8205542637
19730,98454.94786259528
19731,98463.1156808087
19732,98423.4589730749
19733,98437.72320059364
19734,98500.42204888584
19735,98491.64250027225
19736,98440.18698720256
19737,98410.27840618961
19738,98433.04312370808
19739,98428.24403778253
19740,98444.996264861
19741,98383.90869190551
19742,98375.44082904865
19743,98410.43401995966
19744,98411.81173370843
19745,98411.81173370843
19746,98411.81173370843
19747,98411.81173370843
19748,98411.81173370843
19749,98411.81173370843
19750,98411.81173370843
19751,98411.81173370843
19752,98411.81173370843
19753,98411.81173370843
19754,98411.81173370843
19755,98411.81173370843
19756,98411.81173370843
19757,98411.81173370843
19758,98411.81173370843
19759,98411.81173370843
19760,98411.81173370843
19761,98411.81173370843
19762,98411.81173370843
19763,98411.81173370843
19764,98411.81173370843
19765,98411.81173370843
19766,98411.81173370843
19767,98411.81173370843
19768,98411.81173370843
19769,98411.81173370843
19770,98411.81173370843
19771,98411.81173370843
19772,98411.81173370843
19773,98411.81173370843
19774,98409.13934967629
19775,98402.2625177456
19776,98392.53802144049
19777,98376.41374713586
19778,98418.24503141805
19779,98389.08647749841
19780,98411.5565444966
19781,98435.13039995503
19782,98429.30188015013
19783,98442.28936838289
19784,98432.16533787586
19785,98439.29259151926
19786,98434.65649089981
19787,98413.49470200019
19788,98423.70475840195
19789,98389.56038725404
19790,98425.01320208226
19791,98401.91778658314
19792,98411.80240539933
19793,98389.54030725469
19794,98399.8030120599
19795,98393.12543507818
19796,98394.50474630784
19797,98336.64593347455
19798,98283.23919060416
19799,98293.83777288407
