{
  "rec_start": 1782234390.7514682,
  "demo_start": 1782234392.7544155,
  "offset_sec": 2.0029473304748535,
  "rec_end": 1782234446.7944584
}