entry_i,exit_i,entry_dt,exit_dt,side,entry_px,exit_px,pnl_usd,equity,bars
9,10,2024-08-01 18:00:00+00:00,2024-08-01 20:00:00+00:00,S,63395.7,63307.7967,3.87,10003.87,1
10,11,2024-08-01 20:00:00+00:00,2024-08-01 22:00:00+00:00,L,64849.9,65626.6714,109.82,10113.69,1
12,13,2024-08-02 00:00:00+00:00,2024-08-02 02:00:00+00:00,S,64629.5,63658.0946,141.9,10255.59,1
19,20,2024-08-02 14:00:00+00:00,2024-08-02 16:00:00+00:00,L,63374.6,63569.956,21.36,10276.94,1
20,21,2024-08-02 16:00:00+00:00,2024-08-02 18:00:00+00:00,S,63064.5,62491.475,83.1,10360.05,1
24,25,2024-08-03 00:00:00+00:00,2024-08-03 02:00:00+00:00,L,61288.5,61933.2188,98.62,10458.67,1
33,34,2024-08-03 18:00:00+00:00,2024-08-03 20:00:00+00:00,S,60216.3,59830.7304,56.51,10515.18,1
36,37,2024-08-04 00:00:00+00:00,2024-08-04 02:00:00+00:00,L,60713.3,61080.0593,53.01,10568.18,1
39,40,2024-08-04 06:00:00+00:00,2024-08-04 08:00:00+00:00,S,60340.4,60083.4623,34.43,10602.62,1
41,42,2024-08-04 10:00:00+00:00,2024-08-04 12:00:00+00:00,L,60870.0,61049.8366,20.72,10623.34,1
47,48,2024-08-04 22:00:00+00:00,2024-08-05 00:00:00+00:00,S,58131.6,52171.0415,1078.65,11701.99,1
48,49,2024-08-05 00:00:00+00:00,2024-08-05 02:00:00+00:00,L,54396.9,54674.7096,48.06,11750.05,1
53,54,2024-08-05 10:00:00+00:00,2024-08-05 12:00:00+00:00,S,51302.1,49538.2809,392.23,12142.27,1
55,56,2024-08-05 14:00:00+00:00,2024-08-05 16:00:00+00:00,L,54282.8,55536.8254,268.37,12410.64,1
60,61,2024-08-06 00:00:00+00:00,2024-08-06 02:00:00+00:00,S,55696.7,55457.4664,40.9,12451.54,1
68,69,2024-08-06 16:00:00+00:00,2024-08-06 18:00:00+00:00,L,56471.3,57042.1378,113.41,12564.95,1
72,73,2024-08-07 00:00:00+00:00,2024-08-07 02:00:00+00:00,S,56934.9,56449.5739,94.54,12659.49,1
89,90,2024-08-08 10:00:00+00:00,2024-08-08 12:00:00+00:00,L,57295.1,58445.0523,241.43,12900.92,1
96,97,2024-08-09 00:00:00+00:00,2024-08-09 02:00:00+00:00,S,61367.0,61120.0843,39.01,12939.92,1
107,108,2024-08-09 22:00:00+00:00,2024-08-10 00:00:00+00:00,L,60814.9,61449.4978,122.09,13062.01,1
120,121,2024-08-11 00:00:00+00:00,2024-08-11 02:00:00+00:00,S,61089.5,60956.5114,15.37,13077.39,1
132,133,2024-08-12 00:00:00+00:00,2024-08-12 02:00:00+00:00,L,58562.1,58798.7774,39.77,13117.16,1
141,142,2024-08-12 18:00:00+00:00,2024-08-12 20:00:00+00:00,S,59015.6,58527.1013,95.46,13212.62,1
152,153,2024-08-13 16:00:00+00:00,2024-08-13 18:00:00+00:00,L,61132.5,61170.2852,-5.05,13207.57,1
156,157,2024-08-14 00:00:00+00:00,2024-08-14 02:00:00+00:00,S,60500.0,60477.8771,-8.38,13199.2,1
161,162,2024-08-14 10:00:00+00:00,2024-08-14 12:00:00+00:00,L,61255.6,61941.3558,134.57,13333.76,1
164,165,2024-08-14 16:00:00+00:00,2024-08-14 18:00:00+00:00,S,59131.2,58708.9409,81.88,13415.64,1
168,169,2024-08-15 00:00:00+00:00,2024-08-15 02:00:00+00:00,L,58165.3,58530.0048,70.7,13486.35,1
178,179,2024-08-15 20:00:00+00:00,2024-08-15 22:00:00+00:00,S,57607.8,57364.3563,43.51,13529.85,1
180,181,2024-08-16 00:00:00+00:00,2024-08-16 02:00:00+00:00,L,57522.1,58535.4396,224.82,13754.67,1
192,193,2024-08-17 00:00:00+00:00,2024-08-17 02:00:00+00:00,S,59215.0,58968.3159,43.55,13798.22,1
198,199,2024-08-17 12:00:00+00:00,2024-08-17 14:00:00+00:00,L,59308.0,59659.7323,68.03,13866.25,1
204,205,2024-08-18 00:00:00+00:00,2024-08-18 02:00:00+00:00,S,59418.8,59267.6778,21.4,13887.65,1
205,206,2024-08-18 02:00:00+00:00,2024-08-18 04:00:00+00:00,L,59306.7,59660.4106,68.94,13956.59,1
215,216,2024-08-18 22:00:00+00:00,2024-08-19 00:00:00+00:00,S,58406.4,58146.3117,48.19,14004.78,1
216,217,2024-08-19 00:00:00+00:00,2024-08-19 02:00:00+00:00,L,58525.0,58734.5349,36.14,14040.92,1
222,223,2024-08-19 12:00:00+00:00,2024-08-19 14:00:00+00:00,S,58177.7,58052.7727,16.11,14057.03,1
223,224,2024-08-19 14:00:00+00:00,2024-08-19 16:00:00+00:00,L,58511.7,59265.8804,167.13,14224.16,1
228,229,2024-08-20 00:00:00+00:00,2024-08-20 02:00:00+00:00,S,60425.0,60316.554,11.3,14235.46,1
235,236,2024-08-20 14:00:00+00:00,2024-08-20 16:00:00+00:00,L,58804.4,59022.8306,38.64,14274.11,1
236,237,2024-08-20 16:00:00+00:00,2024-08-20 18:00:00+00:00,S,59005.0,58969.795,-5.76,14268.35,1
240,241,2024-08-21 00:00:00+00:00,2024-08-21 02:00:00+00:00,L,59250.0,59478.0722,40.66,14309.0,1
252,253,2024-08-22 00:00:00+00:00,2024-08-22 02:00:00+00:00,S,60936.6,59631.8055,292.08,14601.08,1
253,254,2024-08-22 02:00:00+00:00,2024-08-22 04:00:00+00:00,L,60523.6,60818.8737,56.63,14657.72,1
260,261,2024-08-22 16:00:00+00:00,2024-08-22 18:00:00+00:00,S,60133.6,60106.9221,-8.15,14649.56,1
270,271,2024-08-23 12:00:00+00:00,2024-08-23 14:00:00+00:00,L,61089.6,62313.2795,278.79,14928.36,1
271,272,2024-08-23 14:00:00+00:00,2024-08-23 16:00:00+00:00,S,61504.0,61318.7733,30.03,14958.39,1
272,273,2024-08-23 16:00:00+00:00,2024-08-23 18:00:00+00:00,L,62975.0,63792.3,179.17,15137.56,1
276,277,2024-08-24 00:00:00+00:00,2024-08-24 02:00:00+00:00,S,63800.2,63738.2588,-0.44,15137.12,1
282,283,2024-08-24 12:00:00+00:00,2024-08-24 14:00:00+00:00,L,64192.0,64193.7618,-14.72,15122.4,1
283,284,2024-08-24 14:00:00+00:00,2024-08-24 16:00:00+00:00,S,63946.3,63824.2933,13.73,15136.13,1
285,286,2024-08-24 18:00:00+00:00,2024-08-24 20:00:00+00:00,L,64186.3,64306.8676,13.3,15149.42,1
286,287,2024-08-24 20:00:00+00:00,2024-08-24 22:00:00+00:00,S,63593.4,63559.3077,-7.03,15142.4,1
296,297,2024-08-25 16:00:00+00:00,2024-08-25 18:00:00+00:00,L,64114.5,64220.1468,9.81,15152.2,1
307,308,2024-08-26 14:00:00+00:00,2024-08-26 16:00:00+00:00,S,63504.2,63167.9803,65.07,15217.27,1
312,313,2024-08-27 00:00:00+00:00,2024-08-27 02:00:00+00:00,L,62970.6,63165.2769,31.83,15249.1,1
317,318,2024-08-27 10:00:00+00:00,2024-08-27 12:00:00+00:00,S,62393.8,62018.0037,76.6,15325.7,1
324,325,2024-08-28 00:00:00+00:00,2024-08-28 02:00:00+00:00,L,59345.7,59630.0817,58.11,15383.81,1
332,333,2024-08-28 16:00:00+00:00,2024-08-28 18:00:00+00:00,S,58606.8,58547.9851,0.05,15383.87,1
336,337,2024-08-29 00:00:00+00:00,2024-08-29 02:00:00+00:00,L,58969.1,59159.9241,34.4,15418.27,1
338,339,2024-08-29 04:00:00+00:00,2024-08-29 06:00:00+00:00,S,59409.9,59348.4923,0.52,15418.78,1
339,340,2024-08-29 06:00:00+00:00,2024-08-29 08:00:00+00:00,L,59550.0,59736.3637,32.83,15451.62,1
346,347,2024-08-29 20:00:00+00:00,2024-08-29 22:00:00+00:00,S,59449.5,58626.1438,198.55,15650.17,1
348,349,2024-08-30 00:00:00+00:00,2024-08-30 02:00:00+00:00,L,59186.0,59301.8767,14.99,15665.16,1
360,361,2024-08-31 00:00:00+00:00,2024-08-31 02:00:00+00:00,S,59246.4,59108.7534,20.73,15685.89,1
372,373,2024-09-01 00:00:00+00:00,2024-09-01 02:00:00+00:00,L,58803.9,58826.0546,-9.78,15676.11,1
380,381,2024-09-01 16:00:00+00:00,2024-09-01 18:00:00+00:00,S,58095.1,58091.9373,-14.82,15661.29,1
381,382,2024-09-01 18:00:00+00:00,2024-09-01 20:00:00+00:00,L,58481.5,58637.5496,26.13,15687.42,1
383,384,2024-09-01 22:00:00+00:00,2024-09-02 00:00:00+00:00,S,57266.1,57078.3732,35.74,15723.15,1
384,385,2024-09-02 00:00:00+00:00,2024-09-02 02:00:00+00:00,L,57386.0,57743.8107,82.31,15805.47,1
396,397,2024-09-03 00:00:00+00:00,2024-09-03 02:00:00+00:00,S,59359.9,59055.8383,65.16,15870.62,1
408,409,2024-09-04 00:00:00+00:00,2024-09-04 02:00:00+00:00,L,56751.1,56818.4084,2.95,15873.58,1
414,415,2024-09-04 12:00:00+00:00,2024-09-04 14:00:00+00:00,S,56466.2,56137.1447,76.63,15950.21,1
415,416,2024-09-04 14:00:00+00:00,2024-09-04 16:00:00+00:00,L,58098.7,58492.6477,92.2,16042.41,1
420,421,2024-09-05 00:00:00+00:00,2024-09-05 02:00:00+00:00,S,57998.9,56892.871,289.88,16332.29,1
421,422,2024-09-05 02:00:00+00:00,2024-09-05 04:00:00+00:00,L,57094.1,57263.2094,32.04,16364.33,1
425,426,2024-09-05 10:00:00+00:00,2024-09-05 12:00:00+00:00,S,56665.9,56300.7505,89.09,16453.42,1
435,436,2024-09-06 06:00:00+00:00,2024-09-06 08:00:00+00:00,L,55763.9,55893.2211,21.7,16475.12,1
440,441,2024-09-06 16:00:00+00:00,2024-09-06 18:00:00+00:00,S,53910.0,53242.2994,187.58,16662.7,1
444,445,2024-09-07 00:00:00+00:00,2024-09-07 02:00:00+00:00,L,53794.4,53921.764,22.79,16685.49,1
454,455,2024-09-07 20:00:00+00:00,2024-09-07 22:00:00+00:00,S,53906.8,53788.3823,19.97,16705.46,1
460,461,2024-09-08 08:00:00+00:00,2024-09-08 10:00:00+00:00,L,54426.1,54641.7563,49.49,16754.94,1
463,464,2024-09-08 14:00:00+00:00,2024-09-08 16:00:00+00:00,S,53670.0,53612.8527,1.09,16756.03,1
464,465,2024-09-08 16:00:00+00:00,2024-09-08 18:00:00+00:00,L,54482.4,54514.7407,-6.81,16749.22,1
468,469,2024-09-09 00:00:00+00:00,2024-09-09 02:00:00+00:00,S,55079.2,54776.5715,75.28,16824.5,1
474,475,2024-09-09 12:00:00+00:00,2024-09-09 14:00:00+00:00,L,55662.8,55722.8642,1.33,16825.83,1
480,481,2024-09-10 00:00:00+00:00,2024-09-10 02:00:00+00:00,S,56872.7,56497.1883,94.27,16920.1,1
483,484,2024-09-10 06:00:00+00:00,2024-09-10 08:00:00+00:00,L,57191.4,57339.5712,26.92,16947.01,1
504,505,2024-09-12 00:00:00+00:00,2024-09-12 02:00:00+00:00,S,58118.1,57819.7265,70.06,17017.07,1
512,513,2024-09-12 16:00:00+00:00,2024-09-12 18:00:00+00:00,L,58380.1,58439.0054,0.15,17017.23,1
516,517,2024-09-13 00:00:00+00:00,2024-09-13 02:00:00+00:00,S,58109.9,57806.3738,71.87,17089.09,1
525,526,2024-09-13 18:00:00+00:00,2024-09-13 20:00:00+00:00,L,59699.8,60342.378,166.85,17255.94,1
528,529,2024-09-14 00:00:00+00:00,2024-09-14 02:00:00+00:00,S,60379.6,60257.1759,17.73,17273.68,1
552,553,2024-09-16 00:00:00+00:00,2024-09-16 02:00:00+00:00,L,58577.0,58634.9022,-0.2,17273.48,1
559,560,2024-09-16 14:00:00+00:00,2024-09-16 16:00:00+00:00,S,57867.2,57455.4786,105.63,17379.1,1
564,565,2024-09-17 00:00:00+00:00,2024-09-17 02:00:00+00:00,L,57873.6,58180.1875,74.69,17453.79,1
571,572,2024-09-17 14:00:00+00:00,2024-09-17 16:00:00+00:00,S,61107.0,60662.3289,109.56,17563.35,1
572,573,2024-09-17 16:00:00+00:00,2024-09-17 18:00:00+00:00,L,60933.9,61051.8532,16.44,17579.78,1
573,574,2024-09-17 18:00:00+00:00,2024-09-17 20:00:00+00:00,S,59945.5,59695.2601,55.81,17635.59,1
574,575,2024-09-17 20:00:00+00:00,2024-09-17 22:00:00+00:00,L,60304.7,60318.8034,-13.51,17622.08,1
577,578,2024-09-18 02:00:00+00:00,2024-09-18 04:00:00+00:00,S,60490.1,60182.8069,71.9,17693.97,1
579,580,2024-09-18 06:00:00+00:00,2024-09-18 08:00:00+00:00,L,60406.0,59630.0,-245.0,17448.98,1
580,581,2024-09-18 08:00:00+00:00,2024-09-18 10:00:00+00:00,S,59630.0,59359.6702,61.66,17510.63,1
586,587,2024-09-18 20:00:00+00:00,2024-09-18 22:00:00+00:00,L,60170.1,61768.5327,447.66,17958.3,1
588,589,2024-09-19 00:00:00+00:00,2024-09-19 02:00:00+00:00,S,61974.9,61777.0248,39.38,17997.68,1
594,595,2024-09-19 12:00:00+00:00,2024-09-19 14:00:00+00:00,L,63018.1,63491.9894,117.34,18115.02,1
600,601,2024-09-20 00:00:00+00:00,2024-09-20 02:00:00+00:00,S,63017.3,62800.0235,44.34,18159.36,1
612,613,2024-09-21 00:00:00+00:00,2024-09-21 02:00:00+00:00,L,62808.1,62982.38,32.23,18191.59,1
628,629,2024-09-22 08:00:00+00:00,2024-09-22 10:00:00+00:00,S,62666.0,62528.9774,21.59,18213.18,1
633,634,2024-09-22 18:00:00+00:00,2024-09-22 20:00:00+00:00,L,63140.1,63327.4339,35.82,18249.0,1
636,637,2024-09-23 00:00:00+00:00,2024-09-23 02:00:00+00:00,S,63794.3,63649.4488,23.19,18272.19,1
648,649,2024-09-24 00:00:00+00:00,2024-09-24 02:00:00+00:00,L,62910.3,63156.6522,53.28,18325.47,1
660,661,2024-09-25 00:00:00+00:00,2024-09-25 02:00:00+00:00,S,64382.0,64206.0192,31.77,18357.23,1
672,673,2024-09-26 00:00:00+00:00,2024-09-26 02:00:00+00:00,L,63136.3,63530.0241,96.12,18453.35,1
679,680,2024-09-26 14:00:00+00:00,2024-09-26 16:00:00+00:00,S,65197.8,65076.051,16.01,18469.36,1
680,681,2024-09-26 16:00:00+00:00,2024-09-26 18:00:00+00:00,L,65097.0,65275.9299,32.3,18501.66,1
684,685,2024-09-27 00:00:00+00:00,2024-09-27 02:00:00+00:00,S,65090.9,64794.9124,65.63,18567.29,1
690,691,2024-09-27 12:00:00+00:00,2024-09-27 14:00:00+00:00,L,65651.7,66514.1359,225.34,18792.63,1
696,697,2024-09-28 00:00:00+00:00,2024-09-28 02:00:00+00:00,S,65972.3,65887.4134,5.39,18798.02,1
714,715,2024-09-29 12:00:00+00:00,2024-09-29 14:00:00+00:00,L,65800.0,65804.0412,-17.64,18780.37,1
726,727,2024-09-30 12:00:00+00:00,2024-09-30 14:00:00+00:00,S,63850.1,63440.5888,101.67,18882.04,1
732,733,2024-10-01 00:00:00+00:00,2024-10-01 02:00:00+00:00,L,63425.0,63715.8853,67.72,18949.76,1
741,742,2024-10-01 18:00:00+00:00,2024-10-01 20:00:00+00:00,S,61740.8,60126.3901,476.55,19426.31,1
744,745,2024-10-02 00:00:00+00:00,2024-10-02 02:00:00+00:00,L,61497.3,61852.6196,92.82,19519.13,1
748,749,2024-10-02 08:00:00+00:00,2024-10-02 10:00:00+00:00,S,61250.2,60846.9505,108.99,19628.12,1
751,752,2024-10-02 14:00:00+00:00,2024-10-02 16:00:00+00:00,L,61843.3,62408.6845,159.82,19787.93,1
753,754,2024-10-02 18:00:00+00:00,2024-10-02 20:00:00+00:00,S,60169.5,60108.4308,0.3,19788.23,1
765,766,2024-10-03 18:00:00+00:00,2024-10-03 20:00:00+00:00,L,61009.1,61087.7265,5.71,19793.94,1
768,769,2024-10-04 00:00:00+00:00,2024-10-04 02:00:00+00:00,S,61191.7,60858.5307,87.98,19881.92,1
773,774,2024-10-04 10:00:00+00:00,2024-10-04 12:00:00+00:00,L,61428.8,61981.8308,159.11,20041.03,1
780,781,2024-10-05 00:00:00+00:00,2024-10-05 02:00:00+00:00,S,62049.9,61655.6908,107.28,20148.31,1
781,782,2024-10-05 02:00:00+00:00,2024-10-05 04:00:00+00:00,L,61845.9,62127.7762,71.68,20219.99,1
789,790,2024-10-05 18:00:00+00:00,2024-10-05 20:00:00+00:00,S,61834.8,61681.5795,29.88,20249.88,1
797,798,2024-10-06 10:00:00+00:00,2024-10-06 12:00:00+00:00,L,62074.1,62322.7825,60.88,20310.75,1
799,800,2024-10-06 14:00:00+00:00,2024-10-06 16:00:00+00:00,S,62683.7,62515.4463,34.21,20344.96,1
800,801,2024-10-06 16:00:00+00:00,2024-10-06 18:00:00+00:00,L,62550.0,62969.7877,116.19,20461.15,1
804,805,2024-10-07 00:00:00+00:00,2024-10-07 02:00:00+00:00,S,63799.6,63314.2824,135.18,20596.34,1
812,813,2024-10-07 16:00:00+00:00,2024-10-07 18:00:00+00:00,L,63808.6,63344.0,-170.56,20425.78,1
813,814,2024-10-07 18:00:00+00:00,2024-10-07 20:00:00+00:00,S,63344.0,62955.8715,104.73,20530.51,1
816,817,2024-10-08 00:00:00+00:00,2024-10-08 02:00:00+00:00,L,62597.9,62784.6712,40.73,20571.23,1
825,826,2024-10-08 18:00:00+00:00,2024-10-08 20:00:00+00:00,S,62219.5,62122.3088,11.56,20582.8,1
834,835,2024-10-09 12:00:00+00:00,2024-10-09 14:00:00+00:00,L,61774.0,62384.8738,182.96,20765.75,1
836,837,2024-10-09 16:00:00+00:00,2024-10-09 18:00:00+00:00,S,61725.4,60805.5853,288.68,21054.43,1
840,841,2024-10-10 00:00:00+00:00,2024-10-10 02:00:00+00:00,L,60779.4,60937.1623,33.6,21088.03,1
848,849,2024-10-10 16:00:00+00:00,2024-10-10 18:00:00+00:00,S,59584.6,58906.0293,219.07,21307.1,1
856,857,2024-10-11 08:00:00+00:00,2024-10-11 10:00:00+00:00,L,61059.4,61258.1637,48.05,21355.15,1
858,859,2024-10-11 12:00:00+00:00,2024-10-11 14:00:00+00:00,S,61650.4,61608.728,-6.92,21348.23,1
859,860,2024-10-11 14:00:00+00:00,2024-10-11 16:00:00+00:00,L,62238.3,62944.2638,220.8,21569.03,1
864,865,2024-10-12 00:00:00+00:00,2024-10-12 02:00:00+00:00,S,62716.2,62466.0472,64.46,21633.5,1
868,869,2024-10-12 08:00:00+00:00,2024-10-12 10:00:00+00:00,L,62819.3,63240.4107,123.39,21756.88,1
882,883,2024-10-13 12:00:00+00:00,2024-10-13 14:00:00+00:00,S,62633.9,62015.9927,192.88,21949.77,1
885,886,2024-10-13 18:00:00+00:00,2024-10-13 20:00:00+00:00,L,62700.4,63045.814,98.97,22048.74,1
889,890,2024-10-14 02:00:00+00:00,2024-10-14 04:00:00+00:00,S,64288.0,63767.324,156.53,22205.26,1
893,894,2024-10-14 10:00:00+00:00,2024-10-14 12:00:00+00:00,L,64903.5,65294.2059,111.47,22316.73,1
900,901,2024-10-15 00:00:00+00:00,2024-10-15 02:00:00+00:00,S,65868.0,65316.602,164.5,22481.23,1
901,902,2024-10-15 02:00:00+00:00,2024-10-15 04:00:00+00:00,L,65401.5,65686.7175,75.56,22556.79,1
905,906,2024-10-15 10:00:00+00:00,2024-10-15 12:00:00+00:00,S,65380.0,65369.6876,-19.0,22537.79,1
908,909,2024-10-15 16:00:00+00:00,2024-10-15 18:00:00+00:00,L,66807.1,67386.7454,173.01,22710.8,1
912,913,2024-10-16 00:00:00+00:00,2024-10-16 02:00:00+00:00,S,67367.6,67075.734,75.68,22786.48,1
920,921,2024-10-16 16:00:00+00:00,2024-10-16 18:00:00+00:00,L,67927.1,68042.9796,16.09,22802.57,1
924,925,2024-10-17 00:00:00+00:00,2024-10-17 02:00:00+00:00,S,67876.8,67375.2447,145.69,22948.26,1
944,945,2024-10-18 16:00:00+00:00,2024-10-18 18:00:00+00:00,L,68693.9,69043.5537,93.86,23042.12,1
951,952,2024-10-19 06:00:00+00:00,2024-10-19 08:00:00+00:00,S,68329.9,68324.7263,-21.3,23020.82,1
959,960,2024-10-19 22:00:00+00:00,2024-10-20 00:00:00+00:00,L,68369.5,68438.4526,0.2,23021.02,1
972,973,2024-10-21 00:00:00+00:00,2024-10-21 02:00:00+00:00,S,69216.0,68603.8691,180.57,23201.59,1
984,985,2024-10-22 00:00:00+00:00,2024-10-22 02:00:00+00:00,L,67509.1,67694.517,40.52,23242.11,1
988,989,2024-10-22 08:00:00+00:00,2024-10-22 10:00:00+00:00,S,66939.8,66853.285,6.8,23248.91,1
992,993,2024-10-22 16:00:00+00:00,2024-10-22 18:00:00+00:00,L,67319.9,67623.8719,81.73,23330.64,1
1001,1002,2024-10-23 10:00:00+00:00,2024-10-23 12:00:00+00:00,S,66398.0,66065.5827,93.47,23424.11,1
1015,1016,2024-10-24 14:00:00+00:00,2024-10-24 16:00:00+00:00,L,67671.5,67830.7779,31.71,23455.82,1
1028,1029,2024-10-25 16:00:00+00:00,2024-10-25 18:00:00+00:00,S,66800.1,65957.4169,272.44,23728.26,1
1032,1033,2024-10-26 00:00:00+00:00,2024-10-26 02:00:00+00:00,L,66688.8,67016.1067,92.73,23820.99,1
1045,1046,2024-10-27 02:00:00+00:00,2024-10-27 04:00:00+00:00,S,67267.5,67098.6193,35.98,23856.97,1
1051,1052,2024-10-27 14:00:00+00:00,2024-10-27 16:00:00+00:00,L,67760.0,67995.2597,58.97,23915.94,1
1059,1060,2024-10-28 06:00:00+00:00,2024-10-28 08:00:00+00:00,S,68399.4,68204.2995,44.3,23960.25,1
1061,1062,2024-10-28 10:00:00+00:00,2024-10-28 12:00:00+00:00,L,68757.0,69275.5538,156.74,24116.99,1
1063,1064,2024-10-28 14:00:00+00:00,2024-10-28 16:00:00+00:00,S,68454.6,68418.9634,-11.56,24105.43,1
1064,1065,2024-10-28 16:00:00+00:00,2024-10-28 18:00:00+00:00,L,68949.8,69936.1743,320.74,24426.17,1
1068,1069,2024-10-29 00:00:00+00:00,2024-10-29 02:00:00+00:00,S,70295.5,70213.1786,4.18,24430.35,1
1073,1074,2024-10-29 10:00:00+00:00,2024-10-29 12:00:00+00:00,L,71463.5,71849.5931,107.56,24537.9,1
1080,1081,2024-10-30 00:00:00+00:00,2024-10-30 02:00:00+00:00,S,72450.0,72206.8194,57.82,24595.73,1
1082,1083,2024-10-30 04:00:00+00:00,2024-10-30 06:00:00+00:00,L,72545.0,72642.5169,8.47,24604.19,1
1085,1086,2024-10-30 10:00:00+00:00,2024-10-30 12:00:00+00:00,S,72000.0,71461.5103,159.41,24763.61,1
1091,1092,2024-10-30 22:00:00+00:00,2024-10-31 00:00:00+00:00,L,72386.3,72501.265,14.57,24778.17,1
1092,1093,2024-10-31 00:00:00+00:00,2024-10-31 02:00:00+00:00,S,72412.1,72236.3598,35.36,24813.53,1
1098,1099,2024-10-31 12:00:00+00:00,2024-10-31 14:00:00+00:00,L,71324.1,71388.7009,-2.34,24811.19,1
1100,1101,2024-10-31 16:00:00+00:00,2024-10-31 18:00:00+00:00,S,70828.4,70073.3526,239.68,25050.87,1
1104,1105,2024-11-01 00:00:00+00:00,2024-11-01 02:00:00+00:00,L,69424.1,69735.5533,87.33,25138.21,1
1113,1114,2024-11-01 18:00:00+00:00,2024-11-01 20:00:00+00:00,S,69275.8,68848.1515,130.04,25268.25,1
1128,1129,2024-11-03 00:00:00+00:00,2024-11-03 02:00:00+00:00,L,68996.8,69004.5935,-22.41,25245.83,1
1134,1135,2024-11-03 12:00:00+00:00,2024-11-03 14:00:00+00:00,S,68041.0,67461.5219,189.76,25435.6,1
1137,1138,2024-11-03 18:00:00+00:00,2024-11-03 20:00:00+00:00,L,68673.3,69333.7471,219.18,25654.78,1
1140,1141,2024-11-04 00:00:00+00:00,2024-11-04 02:00:00+00:00,S,68958.8,68874.6537,5.65,25660.43,1
1155,1156,2024-11-05 06:00:00+00:00,2024-11-05 08:00:00+00:00,L,68900.0,69105.4449,50.85,25711.29,1
1159,1160,2024-11-05 14:00:00+00:00,2024-11-05 16:00:00+00:00,S,69610.2,69509.4317,11.51,25722.79,1
1160,1161,2024-11-05 16:00:00+00:00,2024-11-05 18:00:00+00:00,L,69918.0,70236.5519,91.47,25814.27,1
1161,1162,2024-11-05 18:00:00+00:00,2024-11-05 20:00:00+00:00,S,68978.9,68818.3908,34.25,25848.52,1
1163,1164,2024-11-05 22:00:00+00:00,2024-11-06 00:00:00+00:00,L,69345.7,71430.1222,751.12,26599.64,1
1164,1165,2024-11-06 00:00:00+00:00,2024-11-06 02:00:00+00:00,S,71103.7,70926.2395,39.79,26639.43,1
1171,1172,2024-11-06 14:00:00+00:00,2024-11-06 16:00:00+00:00,L,74308.1,74677.9291,105.94,26745.37,1
1176,1177,2024-11-07 00:00:00+00:00,2024-11-07 02:00:00+00:00,S,75424.3,75037.5553,110.39,26855.76,1
1184,1185,2024-11-07 16:00:00+00:00,2024-11-07 18:00:00+00:00,L,76295.9,76761.2286,136.94,26992.7,1
1188,1189,2024-11-08 00:00:00+00:00,2024-11-08 02:00:00+00:00,S,76019.4,75618.7588,115.27,27107.97,1
1191,1192,2024-11-08 06:00:00+00:00,2024-11-08 08:00:00+00:00,L,76213.2,76226.3646,-22.43,27085.54,1
1192,1193,2024-11-08 08:00:00+00:00,2024-11-08 10:00:00+00:00,S,75999.5,75836.4581,31.02,27116.56,1
1194,1195,2024-11-08 12:00:00+00:00,2024-11-08 14:00:00+00:00,L,76306.2,76652.0863,95.8,27212.36,1
1207,1208,2024-11-09 14:00:00+00:00,2024-11-09 16:00:00+00:00,S,76321.3,75709.2561,191.01,27403.37,1
1211,1212,2024-11-09 22:00:00+00:00,2024-11-10 00:00:00+00:00,L,76701.7,77143.6541,130.49,27533.87,1
1212,1213,2024-11-10 00:00:00+00:00,2024-11-10 02:00:00+00:00,S,76728.2,76679.1703,-9.94,27523.93,1
1217,1218,2024-11-10 10:00:00+00:00,2024-11-10 12:00:00+00:00,L,79933.5,80214.3377,69.18,27593.11,1
1224,1225,2024-11-11 00:00:00+00:00,2024-11-11 02:00:00+00:00,S,81276.0,81015.1875,60.95,27654.06,1
1229,1230,2024-11-11 10:00:00+00:00,2024-11-11 12:00:00+00:00,L,82184.7,82545.1586,93.64,27747.69,1
1231,1232,2024-11-11 14:00:00+00:00,2024-11-11 16:00:00+00:00,S,84099.8,83863.1703,50.33,27798.02,1
1232,1233,2024-11-11 16:00:00+00:00,2024-11-11 18:00:00+00:00,L,84637.0,87115.8645,786.36,28584.38,1
1236,1237,2024-11-12 00:00:00+00:00,2024-11-12 02:00:00+00:00,S,88614.5,87056.5314,473.97,29058.35,1
1246,1247,2024-11-12 20:00:00+00:00,2024-11-12 22:00:00+00:00,L,88292.1,88688.6605,101.46,29159.8,1
1248,1249,2024-11-13 00:00:00+00:00,2024-11-13 02:00:00+00:00,S,88325.1,87083.1527,380.86,29540.66,1
1249,1250,2024-11-13 02:00:00+00:00,2024-11-13 04:00:00+00:00,L,87185.6,87732.1409,155.64,29696.3,1
1255,1256,2024-11-13 14:00:00+00:00,2024-11-13 16:00:00+00:00,S,92625.8,91551.661,314.68,30010.98,1
1256,1257,2024-11-13 16:00:00+00:00,2024-11-13 18:00:00+00:00,L,92314.7,93215.4152,262.81,30273.79,1
1258,1259,2024-11-13 20:00:00+00:00,2024-11-13 22:00:00+00:00,S,88538.0,88367.8792,27.9,30301.68,1
1259,1260,2024-11-13 22:00:00+00:00,2024-11-14 00:00:00+00:00,L,90411.2,90525.2515,7.92,30309.6,1
1260,1261,2024-11-14 00:00:00+00:00,2024-11-14 02:00:00+00:00,S,90436.9,89594.1029,252.15,30561.76,1
1265,1266,2024-11-14 10:00:00+00:00,2024-11-14 12:00:00+00:00,L,91549.9,91665.8051,8.13,30569.89,1
1270,1271,2024-11-14 20:00:00+00:00,2024-11-14 22:00:00+00:00,S,88247.3,86679.3177,512.6,31082.48,1
1272,1273,2024-11-15 00:00:00+00:00,2024-11-15 02:00:00+00:00,L,88143.6,88532.9542,106.22,31188.7,1
1284,1285,2024-11-16 00:00:00+00:00,2024-11-16 02:00:00+00:00,S,91306.7,91089.6544,42.95,31231.65,1
1296,1297,2024-11-17 00:00:00+00:00,2024-11-17 02:00:00+00:00,L,90315.9,90322.6157,-28.91,31202.74,1
1305,1306,2024-11-17 18:00:00+00:00,2024-11-17 20:00:00+00:00,S,90130.6,88963.8372,372.72,31575.47,1
1316,1317,2024-11-18 16:00:00+00:00,2024-11-18 18:00:00+00:00,L,91661.5,91754.6804,0.52,31575.99,1
1317,1318,2024-11-18 18:00:00+00:00,2024-11-18 20:00:00+00:00,S,90672.3,90480.7945,35.11,31611.1,1
1320,1321,2024-11-19 00:00:00+00:00,2024-11-19 02:00:00+00:00,L,90790.0,91636.6232,263.16,31874.27,1
1344,1345,2024-11-21 00:00:00+00:00,2024-11-21 02:00:00+00:00,S,94734.5,94043.1899,200.72,32074.99,1
1349,1350,2024-11-21 10:00:00+00:00,2024-11-21 12:00:00+00:00,L,98034.8,98318.6525,60.8,32135.79,1
1356,1357,2024-11-22 00:00:00+00:00,2024-11-22 02:00:00+00:00,S,98128.8,98095.1467,-21.11,32114.67,1
1364,1365,2024-11-22 16:00:00+00:00,2024-11-22 18:00:00+00:00,L,98854.2,99678.3889,235.64,32350.31,1
1372,1373,2024-11-23 08:00:00+00:00,2024-11-23 10:00:00+00:00,S,98525.6,98398.6736,9.33,32359.64,1
1386,1387,2024-11-24 12:00:00+00:00,2024-11-24 14:00:00+00:00,L,97307.8,95981.2,-473.52,31886.12,1
1387,1388,2024-11-24 14:00:00+00:00,2024-11-24 16:00:00+00:00,S,95981.2,95808.6061,25.45,31911.57,1
1391,1392,2024-11-24 22:00:00+00:00,2024-11-25 00:00:00+00:00,L,98027.7,98190.5597,21.11,31932.67,1
1392,1393,2024-11-25 00:00:00+00:00,2024-11-25 02:00:00+00:00,S,97297.8,97293.9941,-30.68,31901.99,1
1394,1395,2024-11-25 04:00:00+00:00,2024-11-25 06:00:00+00:00,L,98150.9,98459.3798,68.36,31970.35,1
1400,1401,2024-11-25 16:00:00+00:00,2024-11-25 18:00:00+00:00,S,95312.9,94411.1239,270.51,32240.86,1
1419,1421,2024-11-27 06:00:00+00:00,2024-11-27 10:00:00+00:00,L,93655.7,93956.2871,71.24,32312.1,2
1428,1429,2024-11-28 00:00:00+00:00,2024-11-28 02:00:00+00:00,S,96342.3,94852.3414,467.4,32779.5,1
1429,1430,2024-11-28 02:00:00+00:00,2024-11-28 04:00:00+00:00,L,95544.9,95967.4698,112.2,32891.7,1
1430,1431,2024-11-28 04:00:00+00:00,2024-11-28 06:00:00+00:00,S,95500.1,95121.8412,97.39,32989.08,1
1446,1447,2024-11-29 12:00:00+00:00,2024-11-29 14:00:00+00:00,L,97289.9,98725.5646,453.82,33442.9,1
1458,1459,2024-11-30 12:00:00+00:00,2024-11-30 14:00:00+00:00,S,96466.1,96347.6915,7.61,33450.51,1
1459,1460,2024-11-30 14:00:00+00:00,2024-11-30 16:00:00+00:00,L,96704.6,97029.0279,78.77,33529.28,1
1476,1477,2024-12-02 00:00:00+00:00,2024-12-02 02:00:00+00:00,S,98077.6,96408.3114,537.14,34066.42,1
1488,1489,2024-12-03 00:00:00+00:00,2024-12-03 02:00:00+00:00,L,95587.3,96378.984,248.08,34314.5,1
1489,1490,2024-12-03 02:00:00+00:00,2024-12-03 04:00:00+00:00,S,96144.1,95925.5835,43.68,34358.17,1
1490,1491,2024-12-03 04:00:00+00:00,2024-12-03 06:00:00+00:00,L,96214.5,96333.9712,8.3,34366.48,1
1492,1493,2024-12-03 08:00:00+00:00,2024-12-03 10:00:00+00:00,S,95326.8,94664.6777,204.34,34570.82,1
1496,1498,2024-12-03 16:00:00+00:00,2024-12-03 20:00:00+00:00,L,95914.7,96182.1725,61.84,34632.65,2
1500,1501,2024-12-04 00:00:00+00:00,2024-12-04 02:00:00+00:00,S,96303.8,95288.1292,330.62,34963.27,1
1504,1505,2024-12-04 08:00:00+00:00,2024-12-04 10:00:00+00:00,L,96925.9,96944.1244,-28.39,34934.88,1
1506,1507,2024-12-04 12:00:00+00:00,2024-12-04 14:00:00+00:00,S,95746.2,95453.0942,72.01,35006.89,1
1509,1510,2024-12-04 18:00:00+00:00,2024-12-04 20:00:00+00:00,L,97285.2,99106.6522,620.42,35627.32,1
1512,1513,2024-12-05 00:00:00+00:00,2024-12-05 02:00:00+00:00,S,98257.5,98242.5132,-30.19,35597.12,1
1524,1525,2024-12-06 00:00:00+00:00,2024-12-06 02:00:00+00:00,L,98178.7,98198.2132,-28.52,35568.6,1
1536,1537,2024-12-07 00:00:00+00:00,2024-12-07 02:00:00+00:00,S,100107.6,99344.918,235.42,35804.01,1
1537,1538,2024-12-07 02:00:00+00:00,2024-12-07 04:00:00+00:00,L,99359.9,99724.7,95.65,35899.67,1
1542,1543,2024-12-07 12:00:00+00:00,2024-12-07 14:00:00+00:00,S,99392.4,99075.6923,78.49,35978.16,1
1543,1544,2024-12-07 14:00:00+00:00,2024-12-07 16:00:00+00:00,L,99807.9,99857.9248,-17.95,35960.21,1
1548,1549,2024-12-08 00:00:00+00:00,2024-12-08 02:00:00+00:00,S,99928.1,99831.5287,-1.21,35959.0,1
1550,1551,2024-12-08 04:00:00+00:00,2024-12-08 06:00:00+00:00,L,99601.0,99942.2509,87.24,36046.25,1
1565,1566,2024-12-09 10:00:00+00:00,2024-12-09 12:00:00+00:00,S,98137.5,98019.0108,7.48,36053.72,1
1573,1574,2024-12-10 02:00:00+00:00,2024-12-10 04:00:00+00:00,L,96946.4,97132.7895,33.26,36086.99,1
1581,1582,2024-12-10 18:00:00+00:00,2024-12-10 20:00:00+00:00,S,95817.9,95594.0419,48.22,36135.21,1
1582,1583,2024-12-10 20:00:00+00:00,2024-12-10 22:00:00+00:00,L,96829.4,97074.5196,55.34,36190.55,1
1585,1586,2024-12-11 02:00:00+00:00,2024-12-11 04:00:00+00:00,S,97363.2,97140.1119,46.73,36237.28,1
1586,1587,2024-12-11 04:00:00+00:00,2024-12-11 06:00:00+00:00,L,97467.4,97753.5067,70.13,36307.41,1
1597,1598,2024-12-12 02:00:00+00:00,2024-12-12 04:00:00+00:00,S,101073.3,100600.3222,133.6,36441.01,1
1604,1605,2024-12-12 16:00:00+00:00,2024-12-12 18:00:00+00:00,L,101653.6,101695.7636,-21.33,36419.68,1
1605,1606,2024-12-12 18:00:00+00:00,2024-12-12 20:00:00+00:00,S,99466.8,99456.4475,-32.63,36387.05,1
1608,1609,2024-12-13 00:00:00+00:00,2024-12-13 02:00:00+00:00,L,99310.9,99763.3478,129.39,36516.44,1
1620,1621,2024-12-14 00:00:00+00:00,2024-12-14 02:00:00+00:00,S,102174.0,101677.0394,141.09,36657.54,1
1637,1638,2024-12-15 10:00:00+00:00,2024-12-15 12:00:00+00:00,L,102660.1,103363.6184,214.55,36872.09,1
1644,1645,2024-12-16 00:00:00+00:00,2024-12-16 02:00:00+00:00,S,105566.5,104160.5824,454.18,37326.27,1
1652,1653,2024-12-16 16:00:00+00:00,2024-12-16 18:00:00+00:00,L,107092.2,107838.441,222.77,37549.04,1
1656,1657,2024-12-17 00:00:00+00:00,2024-12-17 02:00:00+00:00,S,106376.5,106210.8742,20.91,37569.96,1
1660,1661,2024-12-17 08:00:00+00:00,2024-12-17 10:00:00+00:00,L,107325.6,107362.3631,-24.7,37545.26,1
1666,1667,2024-12-17 20:00:00+00:00,2024-12-17 22:00:00+00:00,S,106389.6,105311.3739,342.96,37888.22,1
1668,1669,2024-12-18 00:00:00+00:00,2024-12-18 02:00:00+00:00,L,105284.4,105611.0173,79.65,37967.87,1
1677,1678,2024-12-18 18:00:00+00:00,2024-12-18 20:00:00+00:00,S,102777.0,100234.8091,901.17,38869.04,1
1680,1681,2024-12-19 00:00:00+00:00,2024-12-19 02:00:00+00:00,L,99717.1,101250.6462,558.9,39427.94,1
1689,1690,2024-12-19 18:00:00+00:00,2024-12-19 20:00:00+00:00,S,97154.9,95657.6863,568.18,39996.12,1
1692,1693,2024-12-20 00:00:00+00:00,2024-12-20 02:00:00+00:00,L,96271.8,97732.9867,567.05,40563.17,1
1704,1705,2024-12-21 00:00:00+00:00,2024-12-21 02:00:00+00:00,S,97296.7,97139.4686,24.99,40588.16,1
1716,1717,2024-12-22 00:00:00+00:00,2024-12-22 02:00:00+00:00,L,97000.0,97266.1614,70.78,40658.94,1
1724,1725,2024-12-22 16:00:00+00:00,2024-12-22 18:00:00+00:00,S,95562.0,94623.0841,358.82,41017.76,1
1728,1729,2024-12-23 00:00:00+00:00,2024-12-23 02:00:00+00:00,L,94424.0,95986.0212,637.52,41655.29,1
1735,1736,2024-12-23 14:00:00+00:00,2024-12-23 16:00:00+00:00,S,93202.7,92894.813,95.95,41751.24,1
1740,1741,2024-12-24 00:00:00+00:00,2024-12-24 02:00:00+00:00,L,94087.0,94344.3356,72.44,41823.68,1
1744,1745,2024-12-24 08:00:00+00:00,2024-12-24 10:00:00+00:00,S,94020.0,93811.6183,50.87,41874.55,1
1745,1746,2024-12-24 10:00:00+00:00,2024-12-24 12:00:00+00:00,L,94356.3,96037.1698,704.08,42578.63,1
1747,1748,2024-12-24 14:00:00+00:00,2024-12-24 16:00:00+00:00,S,98255.2,97933.9362,96.64,42675.27,1
1748,1749,2024-12-24 16:00:00+00:00,2024-12-24 18:00:00+00:00,L,98735.2,99422.3116,254.31,42929.58,1
1752,1753,2024-12-25 00:00:00+00:00,2024-12-25 02:00:00+00:00,S,97965.0,97700.334,73.05,43002.63,1
1754,1755,2024-12-25 04:00:00+00:00,2024-12-25 06:00:00+00:00,L,98247.2,98538.534,84.51,43087.15,1
1764,1765,2024-12-26 00:00:00+00:00,2024-12-26 02:00:00+00:00,S,99018.6,98428.9192,213.51,43300.65,1
1768,1769,2024-12-26 08:00:00+00:00,2024-12-26 10:00:00+00:00,L,95390.2,95978.9129,223.93,43524.59,1
1769,1770,2024-12-26 10:00:00+00:00,2024-12-26 12:00:00+00:00,S,95659.0,95242.2321,146.1,43670.69,1
1776,1777,2024-12-27 00:00:00+00:00,2024-12-27 02:00:00+00:00,L,95880.1,96411.6811,198.45,43869.14,1
1777,1778,2024-12-27 02:00:00+00:00,2024-12-27 04:00:00+00:00,S,96380.0,95952.5636,150.69,44019.83,1
1779,1780,2024-12-27 06:00:00+00:00,2024-12-27 08:00:00+00:00,L,95059.6,97488.7816,1080.88,45100.7,1
1780,1781,2024-12-27 08:00:00+00:00,2024-12-27 10:00:00+00:00,S,96732.9,96132.0337,235.05,45335.75,1
1781,1782,2024-12-27 10:00:00+00:00,2024-12-27 12:00:00+00:00,L,96900.0,96984.8939,-5.62,45330.13,1
1784,1785,2024-12-27 16:00:00+00:00,2024-12-27 18:00:00+00:00,S,94229.9,94157.3929,-10.45,45319.68,1
1788,1789,2024-12-28 00:00:00+00:00,2024-12-28 02:00:00+00:00,L,94485.9,94665.9924,41.06,45360.74,1
1806,1807,2024-12-29 12:00:00+00:00,2024-12-29 14:00:00+00:00,S,94888.4,93930.3003,412.65,45773.4,1
1807,1808,2024-12-29 14:00:00+00:00,2024-12-29 16:00:00+00:00,L,94465.8,94538.082,-10.75,45762.65,1
1808,1809,2024-12-29 16:00:00+00:00,2024-12-29 18:00:00+00:00,S,93877.5,93239.8068,265.09,46027.74,1
1817,1818,2024-12-30 10:00:00+00:00,2024-12-30 12:00:00+00:00,L,93876.2,94224.6761,124.83,46152.57,1
1818,1819,2024-12-30 12:00:00+00:00,2024-12-30 14:00:00+00:00,S,92614.7,91471.9338,523.32,46675.89,1
1819,1820,2024-12-30 14:00:00+00:00,2024-12-30 16:00:00+00:00,L,92077.1,94165.0233,1011.74,47687.63,1
1823,1824,2024-12-30 22:00:00+00:00,2024-12-31 00:00:00+00:00,S,92739.3,91992.3238,336.42,48024.05,1
1824,1825,2024-12-31 00:00:00+00:00,2024-12-31 02:00:00+00:00,L,92390.2,92656.1159,90.2,48114.25,1
1828,1829,2024-12-31 08:00:00+00:00,2024-12-31 10:00:00+00:00,S,93990.0,93618.7955,141.91,48256.15,1
1829,1830,2024-12-31 10:00:00+00:00,2024-12-31 12:00:00+00:00,L,94201.5,96039.4052,893.24,49149.39,1
1834,1835,2024-12-31 20:00:00+00:00,2024-12-31 22:00:00+00:00,S,93856.6,93340.6121,221.06,49370.45,1
1836,1837,2025-01-01 00:00:00+00:00,2025-01-01 02:00:00+00:00,L,93575.2,94056.2542,204.43,49574.88,1
1848,1849,2025-01-02 00:00:00+00:00,2025-01-02 02:00:00+00:00,S,94844.5,94780.0112,-15.87,49559.02,1
1851,1852,2025-01-02 06:00:00+00:00,2025-01-02 08:00:00+00:00,L,95799.9,96765.4269,449.93,50008.94,1
1860,1861,2025-01-03 00:00:00+00:00,2025-01-03 02:00:00+00:00,S,96952.3,96787.7047,34.89,50043.83,1
1868,1869,2025-01-03 16:00:00+00:00,2025-01-03 18:00:00+00:00,L,97983.6,98941.8093,439.35,50483.18,1
1872,1873,2025-01-04 00:00:00+00:00,2025-01-04 02:00:00+00:00,S,97986.3,97814.6806,37.94,50521.12,1
1875,1876,2025-01-04 06:00:00+00:00,2025-01-04 08:00:00+00:00,L,98235.0,98261.3501,-36.97,50484.15,1
1876,1877,2025-01-04 08:00:00+00:00,2025-01-04 10:00:00+00:00,S,97661.3,97567.7955,-2.15,50482.0,1
1881,1882,2025-01-04 18:00:00+00:00,2025-01-04 20:00:00+00:00,L,98129.3,98753.3881,270.58,50752.58,1
1886,1887,2025-01-05 04:00:00+00:00,2025-01-05 06:00:00+00:00,S,98311.4,98232.504,-10.02,50742.55,1
1888,1889,2025-01-05 08:00:00+00:00,2025-01-05 10:00:00+00:00,L,97616.4,97795.8952,42.56,50785.11,1
1890,1891,2025-01-05 12:00:00+00:00,2025-01-05 14:00:00+00:00,S,97662.9,97221.4463,178.77,50963.89,1
1893,1894,2025-01-05 18:00:00+00:00,2025-01-05 20:00:00+00:00,L,98049.2,98646.2477,259.37,51223.26,1
1896,1897,2025-01-06 00:00:00+00:00,2025-01-06 02:00:00+00:00,S,98716.6,98612.7678,2.65,51225.91,1
1902,1903,2025-01-06 12:00:00+00:00,2025-01-06 14:00:00+00:00,L,99460.3,102462.9443,1495.25,52721.16,1
1903,1904,2025-01-06 14:00:00+00:00,2025-01-06 16:00:00+00:00,S,102117.4,101219.0227,411.09,53132.26,1
1904,1905,2025-01-06 16:00:00+00:00,2025-01-06 18:00:00+00:00,L,101788.0,102011.267,63.41,53195.67,1
1908,1909,2025-01-07 00:00:00+00:00,2025-01-07 02:00:00+00:00,S,101869.3,101462.5188,159.22,53354.89,1
1915,1916,2025-01-07 14:00:00+00:00,2025-01-07 16:00:00+00:00,L,97905.1,98319.4965,172.48,53527.37,1
1917,1918,2025-01-07 18:00:00+00:00,2025-01-07 20:00:00+00:00,S,96415.7,96123.853,108.5,53635.87,1
1920,1921,2025-01-08 00:00:00+00:00,2025-01-08 02:00:00+00:00,L,96853.1,97123.5854,96.16,53732.02,1
1924,1925,2025-01-08 08:00:00+00:00,2025-01-08 10:00:00+00:00,S,95383.5,94468.356,461.79,54193.81,1
1933,1934,2025-01-09 02:00:00+00:00,2025-01-09 04:00:00+00:00,L,93966.1,94528.8906,270.39,54464.2,1
1937,1938,2025-01-09 10:00:00+00:00,2025-01-09 12:00:00+00:00,S,93410.1,91836.8133,862.86,55327.07,1
1948,1949,2025-01-10 08:00:00+00:00,2025-01-10 10:00:00+00:00,L,94738.5,95221.5011,226.74,55553.81,1
1964,1965,2025-01-11 16:00:00+00:00,2025-01-11 18:00:00+00:00,S,94125.7,94044.1003,-7.39,55546.42,1
1966,1967,2025-01-11 20:00:00+00:00,2025-01-11 22:00:00+00:00,L,94896.0,94936.8036,-31.66,55514.76,1
1968,1969,2025-01-12 00:00:00+00:00,2025-01-12 02:00:00+00:00,S,94538.4,94369.416,43.72,55558.47,1
1972,1973,2025-01-12 08:00:00+00:00,2025-01-12 10:00:00+00:00,L,93862.8,94313.1741,211.02,55769.49,1
1978,1979,2025-01-12 20:00:00+00:00,2025-01-12 22:00:00+00:00,S,94303.8,93746.7625,273.65,56043.15,1
1980,1981,2025-01-13 00:00:00+00:00,2025-01-13 02:00:00+00:00,L,94177.9,94467.4765,116.28,56159.42,1
1984,1985,2025-01-13 08:00:00+00:00,2025-01-13 10:00:00+00:00,S,92805.0,90777.9989,1170.45,57329.87,1
1990,1991,2025-01-13 20:00:00+00:00,2025-01-13 22:00:00+00:00,L,94172.8,94688.0535,256.34,57586.21,1
1992,1993,2025-01-14 00:00:00+00:00,2025-01-14 02:00:00+00:00,S,94814.4,94717.7914,1.09,57587.3,1
2000,2001,2025-01-14 16:00:00+00:00,2025-01-14 18:00:00+00:00,L,96492.5,97052.5206,276.64,57863.94,1
2004,2005,2025-01-15 00:00:00+00:00,2025-01-15 02:00:00+00:00,S,97293.1,96681.5657,305.84,58169.78,1
2013,2014,2025-01-15 18:00:00+00:00,2025-01-15 20:00:00+00:00,L,99807.5,100688.8628,455.51,58625.28,1
2016,2017,2025-01-16 00:00:00+00:00,2025-01-16 02:00:00+00:00,S,100044.8,99140.8487,471.08,59096.37,1
2024,2025,2025-01-16 16:00:00+00:00,2025-01-16 18:00:00+00:00,L,99798.9,100389.088,290.39,59386.75,1
2028,2029,2025-01-17 00:00:00+00:00,2025-01-17 02:00:00+00:00,S,101644.6,100769.8023,451.72,59838.47,1
2033,2034,2025-01-17 10:00:00+00:00,2025-01-17 12:00:00+00:00,L,102205.4,102958.0811,380.84,60219.31,1
2040,2041,2025-01-18 00:00:00+00:00,2025-01-18 02:00:00+00:00,S,104223.1,103019.3673,635.29,60854.6,1
2041,2042,2025-01-18 02:00:00+00:00,2025-01-18 04:00:00+00:00,L,103530.0,103738.8445,61.9,60916.5,1
2052,2054,2025-01-19 00:00:00+00:00,2025-01-19 04:00:00+00:00,S,104452.6,104238.3494,64.03,60980.53,2
2061,2062,2025-01-19 18:00:00+00:00,2025-01-19 20:00:00+00:00,L,106231.4,106464.2194,72.67,61053.2,1
2067,2068,2025-01-20 06:00:00+00:00,2025-01-20 08:00:00+00:00,S,107172.9,108178.5,-633.91,60419.29,1
2068,2069,2025-01-20 08:00:00+00:00,2025-01-20 10:00:00+00:00,L,108178.5,108764.9511,267.12,60686.41,1
2073,2074,2025-01-20 18:00:00+00:00,2025-01-20 20:00:00+00:00,S,103693.3,102591.0491,584.4,61270.81,1
2076,2077,2025-01-21 00:00:00+00:00,2025-01-21 02:00:00+00:00,L,101485.3,103226.4874,989.96,62260.77,1
2091,2092,2025-01-22 06:00:00+00:00,2025-01-22 08:00:00+00:00,S,105063.5,104716.2165,143.54,62404.31,1
2100,2101,2025-01-23 00:00:00+00:00,2025-01-23 02:00:00+00:00,L,102910.7,102965.7599,-29.02,62375.29,1
2105,2106,2025-01-23 10:00:00+00:00,2025-01-23 12:00:00+00:00,S,101921.5,101290.882,323.56,62698.85,1
2112,2113,2025-01-24 00:00:00+00:00,2025-01-24 02:00:00+00:00,L,103183.3,104222.148,568.55,63267.4,1
2128,2129,2025-01-25 08:00:00+00:00,2025-01-25 10:00:00+00:00,S,104308.7,104048.1785,94.75,63362.15,1
2131,2132,2025-01-25 14:00:00+00:00,2025-01-25 16:00:00+00:00,L,104846.5,104952.6799,0.81,63362.96,1
2138,2139,2025-01-26 04:00:00+00:00,2025-01-26 06:00:00+00:00,S,105065.8,104911.8476,29.48,63392.44,1
2139,2140,2025-01-26 06:00:00+00:00,2025-01-26 08:00:00+00:00,L,104966.0,105192.0487,73.13,63465.57,1
2141,2142,2025-01-26 10:00:00+00:00,2025-01-26 12:00:00+00:00,S,104773.6,104661.9843,4.14,63469.71,1
2142,2143,2025-01-26 12:00:00+00:00,2025-01-26 14:00:00+00:00,L,104924.5,105046.6405,10.41,63480.13,1
2146,2147,2025-01-26 20:00:00+00:00,2025-01-26 22:00:00+00:00,S,104527.0,102464.7152,1188.96,64669.09,1
2147,2148,2025-01-26 22:00:00+00:00,2025-01-27 00:00:00+00:00,L,102553.7,103209.207,348.69,65017.77,1
2153,2154,2025-01-27 10:00:00+00:00,2025-01-27 12:00:00+00:00,S,98700.0,98667.563,-43.65,64974.12,1
2155,2156,2025-01-27 14:00:00+00:00,2025-01-27 16:00:00+00:00,L,101055.2,101182.1041,16.62,64990.74,1
2156,2157,2025-01-27 16:00:00+00:00,2025-01-27 18:00:00+00:00,S,99100.8,98806.5372,127.99,65118.73,1
2158,2159,2025-01-27 20:00:00+00:00,2025-01-27 22:00:00+00:00,L,101298.0,102121.9554,464.56,65583.29,1
2160,2161,2025-01-28 00:00:00+00:00,2025-01-28 02:00:00+00:00,S,101335.0,101294.1828,-39.17,65544.12,1
2164,2165,2025-01-28 08:00:00+00:00,2025-01-28 10:00:00+00:00,L,102910.8,103165.6891,96.8,65640.92,1
2169,2170,2025-01-28 18:00:00+00:00,2025-01-28 20:00:00+00:00,S,102375.4,100220.2613,1316.19,66957.1,1
2176,2177,2025-01-29 08:00:00+00:00,2025-01-29 10:00:00+00:00,L,102290.0,102753.2296,236.26,67193.37,1
2179,2180,2025-01-29 14:00:00+00:00,2025-01-29 16:00:00+00:00,S,101919.3,101629.3934,123.94,67317.3,1
2180,2181,2025-01-29 16:00:00+00:00,2025-01-29 18:00:00+00:00,L,102367.6,103973.3781,988.65,68305.95,1
2181,2182,2025-01-29 18:00:00+00:00,2025-01-29 20:00:00+00:00,S,103536.1,102812.3896,409.15,68715.1,1
2182,2183,2025-01-29 20:00:00+00:00,2025-01-29 22:00:00+00:00,L,103679.0,104317.2838,354.32,69069.42,1
2184,2185,2025-01-30 00:00:00+00:00,2025-01-30 02:00:00+00:00,S,104237.0,103915.8942,143.7,69213.12,1
2189,2190,2025-01-30 10:00:00+00:00,2025-01-30 12:00:00+00:00,L,105281.5,105318.3062,-45.02,69168.1,1
2190,2191,2025-01-30 12:00:00+00:00,2025-01-30 14:00:00+00:00,S,104840.9,104638.9322,64.08,69232.18,1
2192,2193,2025-01-30 16:00:00+00:00,2025-01-30 18:00:00+00:00,L,105242.9,105731.0953,251.92,69484.1,1
2195,2196,2025-01-30 22:00:00+00:00,2025-01-31 00:00:00+00:00,S,104684.6,104320.3954,172.26,69656.36,1
2196,2197,2025-01-31 00:00:00+00:00,2025-01-31 02:00:00+00:00,L,104679.6,104792.6772,5.59,69661.95,1
2205,2206,2025-01-31 18:00:00+00:00,2025-01-31 20:00:00+00:00,S,102232.0,101479.1768,443.32,70105.27,1
2208,2209,2025-02-01 00:00:00+00:00,2025-02-01 02:00:00+00:00,L,102504.1,102725.1864,81.1,70186.37,1
2214,2215,2025-02-01 12:00:00+00:00,2025-02-01 14:00:00+00:00,S,101821.7,101678.4559,28.55,70214.92,1
2216,2217,2025-02-01 16:00:00+00:00,2025-02-01 18:00:00+00:00,L,102197.3,102207.6215,-63.12,70151.8,1
2217,2218,2025-02-01 18:00:00+00:00,2025-02-01 20:00:00+00:00,S,101622.6,100925.919,410.78,70562.58,1
2220,2221,2025-02-02 00:00:00+00:00,2025-02-02 02:00:00+00:00,L,101196.5,101208.3663,-62.29,70500.29,1
2226,2227,2025-02-02 12:00:00+00:00,2025-02-02 14:00:00+00:00,S,98757.5,98664.2796,-3.95,70496.33,1
2232,2233,2025-02-03 00:00:00+00:00,2025-02-03 02:00:00+00:00,L,93387.6,94865.8058,1045.37,71541.7,1
2244,2245,2025-02-04 00:00:00+00:00,2025-02-04 02:00:00+00:00,S,101338.1,100516.8744,508.22,72049.92,1
2246,2247,2025-02-04 04:00:00+00:00,2025-02-04 06:00:00+00:00,L,98807.4,99632.776,529.81,72579.73,1
2253,2254,2025-02-04 18:00:00+00:00,2025-02-04 20:00:00+00:00,S,98828.6,96371.696,1731.77,74311.5,1
2256,2257,2025-02-05 00:00:00+00:00,2025-02-05 02:00:00+00:00,L,97805.3,98273.1215,281.13,74592.64,1
2260,2261,2025-02-05 08:00:00+00:00,2025-02-05 10:00:00+00:00,S,97361.9,97339.5438,-57.46,74535.17,1
2262,2263,2025-02-05 12:00:00+00:00,2025-02-05 14:00:00+00:00,L,98548.8,99155.8952,384.63,74919.8,1
2264,2265,2025-02-05 16:00:00+00:00,2025-02-05 18:00:00+00:00,S,97503.5,96463.6894,724.05,75643.85,1
2268,2269,2025-02-06 00:00:00+00:00,2025-02-06 02:00:00+00:00,L,97118.3,97468.2601,196.93,75840.79,1
2276,2277,2025-02-06 16:00:00+00:00,2025-02-06 18:00:00+00:00,S,96670.1,95643.3443,729.68,76570.47,1
2285,2286,2025-02-07 10:00:00+00:00,2025-02-07 12:00:00+00:00,L,97706.0,98802.0448,782.38,77352.85,1
2286,2287,2025-02-07 12:00:00+00:00,2025-02-07 14:00:00+00:00,S,98778.1,97511.7655,914.31,78267.16,1
2292,2293,2025-02-08 00:00:00+00:00,2025-02-08 02:00:00+00:00,L,96471.6,96828.9114,211.62,78478.78,1
2296,2297,2025-02-08 08:00:00+00:00,2025-02-08 10:00:00+00:00,S,96119.9,95828.8977,159.12,78637.89,1
2301,2302,2025-02-08 18:00:00+00:00,2025-02-08 20:00:00+00:00,L,96541.4,96574.7054,-51.51,78586.38,1
2304,2305,2025-02-09 00:00:00+00:00,2025-02-09 02:00:00+00:00,S,96929.4,96641.6562,154.7,78741.09,1
2316,2317,2025-02-10 00:00:00+00:00,2025-02-10 02:00:00+00:00,L,95543.4,97040.0195,1154.68,79895.77,1
2328,2329,2025-02-11 00:00:00+00:00,2025-02-11 02:00:00+00:00,S,97963.5,97418.2403,364.8,80260.57,1
2341,2342,2025-02-12 02:00:00+00:00,2025-02-12 04:00:00+00:00,L,95256.0,95877.0857,443.05,80703.62,1
2352,2353,2025-02-13 00:00:00+00:00,2025-02-13 02:00:00+00:00,S,97939.8,97338.3035,414.94,81118.56,1
2354,2355,2025-02-13 04:00:00+00:00,2025-02-13 06:00:00+00:00,L,96622.4,96715.2947,-3.13,81115.43,1
2357,2358,2025-02-13 10:00:00+00:00,2025-02-13 12:00:00+00:00,S,95890.0,95596.6516,167.03,81282.47,1
2363,2364,2025-02-13 22:00:00+00:00,2025-02-14 00:00:00+00:00,L,96570.7,96986.5562,268.74,81551.2,1
2364,2365,2025-02-14 00:00:00+00:00,2025-02-14 02:00:00+00:00,S,96505.4,96421.2276,-10.42,81540.78,1
2372,2373,2025-02-14 16:00:00+00:00,2025-02-14 18:00:00+00:00,L,98506.2,98710.5293,87.6,81628.38,1
2376,2377,2025-02-15 00:00:00+00:00,2025-02-15 02:00:00+00:00,S,97746.7,97589.2012,49.9,81678.28,1
2389,2390,2025-02-16 02:00:00+00:00,2025-02-16 04:00:00+00:00,L,97490.7,97614.903,22.38,81700.66,1
2391,2392,2025-02-16 06:00:00+00:00,2025-02-16 08:00:00+00:00,S,97200.9,97017.0534,72.83,81773.49,1
2400,2401,2025-02-17 00:00:00+00:00,2025-02-17 02:00:00+00:00,L,96445.1,96574.7305,28.14,81801.62,1
2405,2406,2025-02-17 10:00:00+00:00,2025-02-17 12:00:00+00:00,S,96019.8,96364.9,-375.8,81425.82,1
2406,2407,2025-02-17 12:00:00+00:00,2025-02-17 14:00:00+00:00,L,96364.9,96982.5237,440.45,81866.27,1
2408,2409,2025-02-17 16:00:00+00:00,2025-02-17 18:00:00+00:00,S,95431.4,95165.8252,145.96,82012.23,1
2410,2411,2025-02-17 20:00:00+00:00,2025-02-17 22:00:00+00:00,L,96362.9,96363.7551,-81.28,81930.95,1
2411,2412,2025-02-17 22:00:00+00:00,2025-02-18 00:00:00+00:00,S,95735.0,95506.2414,113.84,82044.79,1
2418,2419,2025-02-18 12:00:00+00:00,2025-02-18 14:00:00+00:00,L,96192.8,96724.0628,371.08,82415.87,1
2420,2421,2025-02-18 16:00:00+00:00,2025-02-18 18:00:00+00:00,S,94069.5,93325.8008,569.15,82985.02,1
2423,2424,2025-02-18 22:00:00+00:00,2025-02-19 00:00:00+00:00,L,95618.8,95791.7231,67.09,83052.11,1
2424,2425,2025-02-19 00:00:00+00:00,2025-02-19 02:00:00+00:00,S,95438.9,95422.6491,-68.91,82983.2,1
2428,2429,2025-02-19 08:00:00+00:00,2025-02-19 10:00:00+00:00,L,95913.2,96450.2509,381.67,83364.87,1
2436,2437,2025-02-20 00:00:00+00:00,2025-02-20 02:00:00+00:00,S,96752.5,96717.9519,-53.6,83311.27,1
2441,2442,2025-02-20 10:00:00+00:00,2025-02-20 12:00:00+00:00,L,97163.9,97513.9088,216.8,83528.07,1
2448,2449,2025-02-21 00:00:00+00:00,2025-02-21 02:00:00+00:00,S,98258.2,98050.9697,92.64,83620.71,1
2453,2454,2025-02-21 10:00:00+00:00,2025-02-21 12:00:00+00:00,L,98586.3,99447.8583,647.15,84267.86,1
2454,2455,2025-02-21 12:00:00+00:00,2025-02-21 14:00:00+00:00,S,99294.7,97118.4799,1762.61,86030.47,1
2455,2456,2025-02-21 14:00:00+00:00,2025-02-21 16:00:00+00:00,L,98074.8,98691.5973,455.02,86485.49,1
2456,2457,2025-02-21 16:00:00+00:00,2025-02-21 18:00:00+00:00,S,96929.4,95200.2565,1456.35,87941.84,1
2460,2461,2025-02-22 00:00:00+00:00,2025-02-22 02:00:00+00:00,L,96280.2,96474.6995,89.71,88031.55,1
2477,2478,2025-02-23 10:00:00+00:00,2025-02-23 12:00:00+00:00,S,96120.5,95644.3028,348.09,88379.64,1
2478,2479,2025-02-23 12:00:00+00:00,2025-02-23 14:00:00+00:00,L,95945.0,96045.1463,3.87,88383.51,1
2479,2480,2025-02-23 14:00:00+00:00,2025-02-23 16:00:00+00:00,S,95446.1,95258.9679,84.9,88468.41,1
2485,2486,2025-02-24 02:00:00+00:00,2025-02-24 04:00:00+00:00,L,95446.6,95774.5068,215.46,88683.88,1
2493,2494,2025-02-24 18:00:00+00:00,2025-02-24 20:00:00+00:00,S,93984.9,93595.6189,278.64,88962.52,1
2496,2497,2025-02-25 00:00:00+00:00,2025-02-25 02:00:00+00:00,L,91986.2,92511.3998,418.97,89381.49,1
2502,2503,2025-02-25 12:00:00+00:00,2025-02-25 14:00:00+00:00,S,88815.2,86069.444,2673.88,92055.37,1
2515,2516,2025-02-26 14:00:00+00:00,2025-02-26 16:00:00+00:00,L,87499.9,87737.8752,158.31,92213.68,1
2516,2517,2025-02-26 16:00:00+00:00,2025-02-26 18:00:00+00:00,S,86002.2,83215.6231,2895.62,95109.3,1
2520,2521,2025-02-27 00:00:00+00:00,2025-02-27 02:00:00+00:00,L,84683.8,85282.9601,577.81,95687.12,1
2528,2529,2025-02-27 16:00:00+00:00,2025-02-27 18:00:00+00:00,S,84556.3,83565.2149,1025.86,96712.98,1
2532,2533,2025-02-28 00:00:00+00:00,2025-02-28 02:00:00+00:00,L,81613.4,82818.4849,1331.33,98044.31,1
2544,2545,2025-03-01 00:00:00+00:00,2025-03-01 02:00:00+00:00,S,84621.0,84321.502,248.96,98293.27,1
2553,2554,2025-03-01 18:00:00+00:00,2025-03-01 20:00:00+00:00,L,85440.1,86108.9986,671.23,98964.5,1
2556,2557,2025-03-02 00:00:00+00:00,2025-03-02 02:00:00+00:00,S,86311.3,85584.2295,734.69,99699.2,1
2566,2567,2025-03-02 20:00:00+00:00,2025-03-02 22:00:00+00:00,L,94304.1,94836.2316,462.88,100162.07,1
2568,2569,2025-03-03 00:00:00+00:00,2025-03-03 02:00:00+00:00,S,93066.5,92426.413,588.73,100750.8,1
2571,2572,2025-03-03 06:00:00+00:00,2025-03-03 08:00:00+00:00,L,92347.3,92364.7444,-81.72,100669.08,1
2572,2573,2025-03-03 08:00:00+00:00,2025-03-03 10:00:00+00:00,S,91822.8,91534.051,215.9,100884.98,1
2574,2575,2025-03-03 12:00:00+00:00,2025-03-03 14:00:00+00:00,L,93544.2,93680.06,45.64,100930.62,1
2576,2577,2025-03-03 16:00:00+00:00,2025-03-03 18:00:00+00:00,S,90304.6,85475.8577,5296.0,106226.62,1
2580,2581,2025-03-04 00:00:00+00:00,2025-03-04 02:00:00+00:00,L,83333.2,84384.3244,1233.66,107460.28,1
2592,2593,2025-03-05 00:00:00+00:00,2025-03-05 02:00:00+00:00,S,87609.5,86769.0263,923.45,108383.73,1
2596,2597,2025-03-05 08:00:00+00:00,2025-03-05 10:00:00+00:00,L,88426.4,90605.0036,2561.92,110945.65,1
2597,2598,2025-03-05 10:00:00+00:00,2025-03-05 12:00:00+00:00,S,89776.5,89128.8245,689.45,111635.1,1
2598,2599,2025-03-05 12:00:00+00:00,2025-03-05 14:00:00+00:00,L,89444.5,89822.8219,360.55,111995.65,1
2599,2600,2025-03-05 14:00:00+00:00,2025-03-05 16:00:00+00:00,S,88306.1,87571.9588,819.09,112814.74,1
2600,2601,2025-03-05 16:00:00+00:00,2025-03-05 18:00:00+00:00,L,89664.4,90097.6782,432.33,113247.07,1
2604,2605,2025-03-06 00:00:00+00:00,2025-03-06 02:00:00+00:00,S,91004.1,90965.9524,-65.78,113181.29,1
2616,2617,2025-03-07 00:00:00+00:00,2025-03-07 02:00:00+00:00,L,88212.6,88407.8278,137.31,113318.6,1
2625,2626,2025-03-07 18:00:00+00:00,2025-03-07 20:00:00+00:00,S,87792.8,85473.6233,2880.16,116198.76,1
2628,2629,2025-03-08 00:00:00+00:00,2025-03-08 02:00:00+00:00,L,86068.7,86281.2767,170.79,116369.55,1
2648,2649,2025-03-09 16:00:00+00:00,2025-03-09 18:00:00+00:00,S,82319.9,82230.5869,9.89,116379.44,1
2652,2653,2025-03-10 00:00:00+00:00,2025-03-10 02:00:00+00:00,L,81691.9,82662.5827,1266.47,117645.91,1
2659,2660,2025-03-10 14:00:00+00:00,2025-03-10 16:00:00+00:00,S,80011.0,78120.4953,2662.1,120308.01,1
2664,2665,2025-03-11 00:00:00+00:00,2025-03-11 02:00:00+00:00,L,79078.8,79920.6784,1160.5,121468.51,1
2676,2677,2025-03-12 00:00:00+00:00,2025-03-12 02:00:00+00:00,S,83270.6,82090.4279,1600.07,123068.58,1
2681,2682,2025-03-12 10:00:00+00:00,2025-03-12 12:00:00+00:00,L,82989.9,84476.1105,2080.88,125149.46,1
2683,2684,2025-03-12 14:00:00+00:00,2025-03-12 16:00:00+00:00,S,81646.6,81542.6016,34.26,125183.73,1
2685,2686,2025-03-12 18:00:00+00:00,2025-03-12 20:00:00+00:00,L,82868.8,83282.9539,500.45,125684.17,1
2688,2689,2025-03-13 00:00:00+00:00,2025-03-13 02:00:00+00:00,S,83889.9,83527.6262,417.08,126101.25,1
2704,2705,2025-03-14 08:00:00+00:00,2025-03-14 10:00:00+00:00,L,82740.0,83307.3261,738.54,126839.79,1
2707,2708,2025-03-14 14:00:00+00:00,2025-03-14 16:00:00+00:00,S,84714.7,83925.3451,1055.03,127894.82,1
2708,2709,2025-03-14 16:00:00+00:00,2025-03-14 18:00:00+00:00,L,84332.4,84909.1106,746.72,128641.54,1
2712,2713,2025-03-15 00:00:00+00:00,2025-03-15 02:00:00+00:00,S,84323.9,84138.4067,154.34,128795.88,1
2719,2720,2025-03-15 14:00:00+00:00,2025-03-15 16:00:00+00:00,L,84299.5,84449.7883,100.82,128896.7,1
2734,2735,2025-03-16 20:00:00+00:00,2025-03-16 22:00:00+00:00,S,82728.2,81942.7214,1094.94,129991.64,1
2741,2742,2025-03-17 10:00:00+00:00,2025-03-17 12:00:00+00:00,L,83473.9,83991.6358,676.26,130667.9,1
2753,2754,2025-03-18 10:00:00+00:00,2025-03-18 12:00:00+00:00,S,82546.1,81134.2603,2104.23,132772.13,1
2759,2760,2025-03-18 22:00:00+00:00,2025-03-19 00:00:00+00:00,L,82675.7,83203.4482,714.76,133486.89,1
2760,2761,2025-03-19 00:00:00+00:00,2025-03-19 02:00:00+00:00,S,82554.2,82483.7546,-19.58,133467.31,1
2763,2764,2025-03-19 06:00:00+00:00,2025-03-19 08:00:00+00:00,L,83161.3,83572.829,527.0,133994.31,1
2772,2773,2025-03-20 00:00:00+00:00,2025-03-20 02:00:00+00:00,S,85841.4,85593.4974,252.97,134247.28,1
2794,2795,2025-03-21 20:00:00+00:00,2025-03-21 22:00:00+00:00,L,84358.2,84366.4513,-121.12,134126.17,1
2802,2803,2025-03-22 12:00:00+00:00,2025-03-22 14:00:00+00:00,S,84128.9,83937.9705,170.27,134296.44,1
2811,2812,2025-03-23 06:00:00+00:00,2025-03-23 08:00:00+00:00,L,84230.1,84322.0305,12.28,134308.72,1
2813,2814,2025-03-23 10:00:00+00:00,2025-03-23 12:00:00+00:00,S,84632.8,84530.6958,27.73,134336.44,1
2814,2815,2025-03-23 12:00:00+00:00,2025-03-23 14:00:00+00:00,L,85030.0,85226.2047,175.64,134512.09,1
2820,2821,2025-03-24 00:00:00+00:00,2025-03-24 02:00:00+00:00,S,85529.9,85493.8806,-77.86,134434.22,1
2823,2824,2025-03-24 06:00:00+00:00,2025-03-24 08:00:00+00:00,L,86843.6,87482.359,854.37,135288.59,1
2844,2845,2025-03-26 00:00:00+00:00,2025-03-26 02:00:00+00:00,S,87795.7,86987.4463,1110.19,136398.78,1
2845,2846,2025-03-26 02:00:00+00:00,2025-03-26 04:00:00+00:00,L,87122.2,87601.0353,613.27,137012.04,1
2847,2848,2025-03-26 06:00:00+00:00,2025-03-26 08:00:00+00:00,S,88103.4,87797.0256,339.44,137351.48,1
2848,2849,2025-03-26 08:00:00+00:00,2025-03-26 10:00:00+00:00,L,87899.8,88227.2318,374.29,137725.77,1
2851,2852,2025-03-26 14:00:00+00:00,2025-03-26 16:00:00+00:00,S,86686.5,86305.8502,467.04,138192.82,1
2865,2866,2025-03-27 18:00:00+00:00,2025-03-27 20:00:00+00:00,L,87019.9,87692.5119,929.96,139122.77,1
2868,2869,2025-03-28 00:00:00+00:00,2025-03-28 02:00:00+00:00,S,87191.9,86709.6449,630.36,139753.13,1
2869,2870,2025-03-28 02:00:00+00:00,2025-03-28 04:00:00+00:00,L,86744.5,86780.7383,-81.37,139671.76,1
2873,2874,2025-03-28 10:00:00+00:00,2025-03-28 12:00:00+00:00,S,85200.9,84839.2614,453.17,140124.93,1
2880,2881,2025-03-29 00:00:00+00:00,2025-03-29 02:00:00+00:00,L,84224.8,84364.3616,92.06,140217.0,1
2882,2883,2025-03-29 04:00:00+00:00,2025-03-29 06:00:00+00:00,S,83960.1,83619.3376,428.87,140645.87,1
2885,2886,2025-03-29 10:00:00+00:00,2025-03-29 12:00:00+00:00,L,82245.0,82811.9281,828.85,141474.72,1
2887,2888,2025-03-29 14:00:00+00:00,2025-03-29 16:00:00+00:00,S,82370.7,81610.075,1164.93,142639.64,1
2896,2897,2025-03-30 08:00:00+00:00,2025-03-30 10:00:00+00:00,L,83454.0,83490.6813,-79.94,142559.7,1
2898,2899,2025-03-30 12:00:00+00:00,2025-03-30 14:00:00+00:00,S,82646.6,82572.0811,-14.02,142545.68,1
2904,2905,2025-03-31 00:00:00+00:00,2025-03-31 02:00:00+00:00,L,81915.1,82115.7237,206.57,142752.25,1
2916,2917,2025-04-01 00:00:00+00:00,2025-04-01 02:00:00+00:00,S,82659.9,82603.4344,-45.24,142707.01,1
2924,2925,2025-04-01 16:00:00+00:00,2025-04-01 18:00:00+00:00,L,85077.1,85124.0171,-64.01,142643.01,1
2928,2929,2025-04-02 00:00:00+00:00,2025-04-02 02:00:00+00:00,S,85111.1,84471.9749,928.51,143571.51,1
2929,2930,2025-04-02 02:00:00+00:00,2025-04-02 04:00:00+00:00,L,84504.0,84670.1604,138.73,143710.25,1
2934,2935,2025-04-02 12:00:00+00:00,2025-04-02 14:00:00+00:00,S,85169.7,85115.5138,-52.28,143657.97,1
2936,2937,2025-04-02 16:00:00+00:00,2025-04-02 18:00:00+00:00,L,86580.5,86983.8462,525.59,144183.56,1
2939,2940,2025-04-02 22:00:00+00:00,2025-04-03 00:00:00+00:00,S,82468.1,82120.402,463.72,144647.27,1
2940,2941,2025-04-03 00:00:00+00:00,2025-04-03 02:00:00+00:00,L,83714.7,83846.297,82.73,144730.01,1
2945,2946,2025-04-03 10:00:00+00:00,2025-04-03 12:00:00+00:00,S,83061.8,81735.8655,2165.63,146895.63,1
2954,2955,2025-04-04 04:00:00+00:00,2025-04-04 06:00:00+00:00,L,83163.7,83989.4577,1311.68,148207.31,1
2955,2957,2025-04-04 06:00:00+00:00,2025-04-04 10:00:00+00:00,S,83973.7,81616.0993,4012.78,152220.09,2
2957,2958,2025-04-04 10:00:00+00:00,2025-04-04 12:00:00+00:00,L,82617.9,83499.1884,1471.52,153691.61,1
2964,2965,2025-04-05 00:00:00+00:00,2025-04-05 02:00:00+00:00,S,83958.6,83609.1569,485.99,154177.6,1
2985,2986,2025-04-06 18:00:00+00:00,2025-04-06 20:00:00+00:00,L,79579.5,79835.0603,340.95,154518.54,1
2986,2987,2025-04-06 20:00:00+00:00,2025-04-06 22:00:00+00:00,S,78908.9,77093.2442,3400.88,157919.42,1
2988,2989,2025-04-07 00:00:00+00:00,2025-04-07 02:00:00+00:00,L,79101.2,79187.5442,14.46,157933.88,1
3000,3001,2025-04-08 00:00:00+00:00,2025-04-08 02:00:00+00:00,S,80556.2,79731.4109,1459.1,159392.98,1
3012,3013,2025-04-09 00:00:00+00:00,2025-04-09 02:00:00+00:00,L,76026.1,76404.8916,634.76,160027.75,1
3024,3025,2025-04-10 00:00:00+00:00,2025-04-10 02:00:00+00:00,S,82220.2,81456.1804,1327.01,161354.75,1
3031,3032,2025-04-10 14:00:00+00:00,2025-04-10 16:00:00+00:00,L,78734.1,79639.197,1693.52,163048.27,1
3032,3033,2025-04-10 16:00:00+00:00,2025-04-10 18:00:00+00:00,S,79285.9,79185.2575,43.92,163092.19,1
3041,3042,2025-04-11 10:00:00+00:00,2025-04-11 12:00:00+00:00,L,82114.7,83320.7374,2232.28,165324.47,1
3060,3061,2025-04-13 00:00:00+00:00,2025-04-13 02:00:00+00:00,S,85202.0,84676.1026,855.12,166179.59,1
3077,3078,2025-04-14 10:00:00+00:00,2025-04-14 12:00:00+00:00,L,84890.0,85236.1518,511.44,166691.03,1
3084,3085,2025-04-15 00:00:00+00:00,2025-04-15 02:00:00+00:00,S,84935.5,84667.1229,360.02,167051.05,1
3088,3089,2025-04-15 08:00:00+00:00,2025-04-15 10:00:00+00:00,L,85965.1,85990.5937,-117.51,166933.54,1
3091,3092,2025-04-15 14:00:00+00:00,2025-04-15 16:00:00+00:00,S,84863.3,84368.7367,805.92,167739.45,1
3096,3097,2025-04-16 00:00:00+00:00,2025-04-16 02:00:00+00:00,L,83583.6,83902.8174,472.88,168212.33,1
3108,3109,2025-04-17 00:00:00+00:00,2025-04-17 02:00:00+00:00,S,84299.2,83770.2928,887.18,169099.51,1
3112,3113,2025-04-17 08:00:00+00:00,2025-04-17 10:00:00+00:00,L,84436.9,84718.9253,395.71,169495.22,1
3120,3121,2025-04-18 00:00:00+00:00,2025-04-18 02:00:00+00:00,S,84888.9,84711.2535,185.21,169680.42,1
3122,3123,2025-04-18 04:00:00+00:00,2025-04-18 06:00:00+00:00,L,84692.7,84732.5906,-89.76,169590.66,1
3123,3124,2025-04-18 06:00:00+00:00,2025-04-18 08:00:00+00:00,S,84615.1,84486.2435,88.67,169679.34,1
3132,3133,2025-04-19 00:00:00+00:00,2025-04-19 02:00:00+00:00,L,84500.0,84940.1879,714.24,170393.57,1
3133,3134,2025-04-19 02:00:00+00:00,2025-04-19 04:00:00+00:00,S,84838.4,84838.3727,-170.34,170223.23,1
3137,3138,2025-04-19 10:00:00+00:00,2025-04-19 12:00:00+00:00,L,85194.0,85468.0835,377.41,170600.65,1
3144,3145,2025-04-20 00:00:00+00:00,2025-04-20 02:00:00+00:00,S,85273.9,85072.673,231.98,170832.62,1
3147,3148,2025-04-20 06:00:00+00:00,2025-04-20 08:00:00+00:00,L,84730.1,84753.5202,-123.61,170709.01,1
3151,3152,2025-04-20 14:00:00+00:00,2025-04-20 16:00:00+00:00,S,84296.0,84226.6966,-30.36,170678.65,1
3152,3153,2025-04-20 16:00:00+00:00,2025-04-20 18:00:00+00:00,L,84538.6,84619.7444,-6.85,170671.8,1
3156,3157,2025-04-21 00:00:00+00:00,2025-04-21 02:00:00+00:00,S,87241.1,87095.8534,113.48,170785.27,1
3167,3168,2025-04-21 22:00:00+00:00,2025-04-22 00:00:00+00:00,L,87471.1,88833.9194,2490.09,173275.36,1
3168,3169,2025-04-22 00:00:00+00:00,2025-04-22 02:00:00+00:00,S,88351.3,87808.2035,891.85,174167.21,1
3173,3174,2025-04-22 10:00:00+00:00,2025-04-22 12:00:00+00:00,L,88581.0,90468.2031,3536.44,177703.65,1
3174,3175,2025-04-22 12:00:00+00:00,2025-04-22 14:00:00+00:00,S,90191.3,89990.0011,218.92,177922.56,1
3175,3176,2025-04-22 14:00:00+00:00,2025-04-22 16:00:00+00:00,L,90876.0,91431.4894,909.65,178832.21,1
3180,3181,2025-04-23 00:00:00+00:00,2025-04-23 02:00:00+00:00,S,92612.0,92588.8511,-134.13,178698.08,1
3183,3184,2025-04-23 06:00:00+00:00,2025-04-23 08:00:00+00:00,L,94100.4,94497.347,575.11,179273.19,1
3204,3205,2025-04-25 00:00:00+00:00,2025-04-25 02:00:00+00:00,S,93626.0,92784.1403,1432.7,180705.89,1
3207,3208,2025-04-25 06:00:00+00:00,2025-04-25 08:00:00+00:00,L,93747.9,93852.8555,21.6,180727.5,1
3216,3217,2025-04-26 00:00:00+00:00,2025-04-26 02:00:00+00:00,S,94977.6,94666.2454,411.73,181139.23,1
3228,3229,2025-04-27 00:00:00+00:00,2025-04-27 02:00:00+00:00,L,94075.6,94411.3496,465.33,181604.56,1
3233,3234,2025-04-27 10:00:00+00:00,2025-04-27 12:00:00+00:00,S,93866.0,93544.0386,441.3,182045.86,1
3237,3238,2025-04-27 18:00:00+00:00,2025-04-27 20:00:00+00:00,L,94396.1,94511.5222,40.55,182086.41,1
3252,3253,2025-04-29 00:00:00+00:00,2025-04-29 02:00:00+00:00,S,94815.2,94383.0454,647.84,182734.25,1
3256,3257,2025-04-29 08:00:00+00:00,2025-04-29 10:00:00+00:00,L,94943.2,95243.091,394.46,183128.71,1
3263,3264,2025-04-29 22:00:00+00:00,2025-04-30 00:00:00+00:00,S,94200.0,94083.1409,44.05,183172.76,1
3264,3265,2025-04-30 00:00:00+00:00,2025-04-30 02:00:00+00:00,L,94479.9,95069.6844,960.27,184133.03,1
3265,3266,2025-04-30 02:00:00+00:00,2025-04-30 04:00:00+00:00,S,95000.0,94840.4308,125.15,184258.18,1
3268,3269,2025-04-30 08:00:00+00:00,2025-04-30 10:00:00+00:00,L,94930.8,95181.1243,301.61,184559.79,1
3276,3277,2025-05-01 00:00:00+00:00,2025-05-01 02:00:00+00:00,S,94597.3,94572.7693,-136.7,184423.09,1
3283,3284,2025-05-01 14:00:00+00:00,2025-05-01 16:00:00+00:00,L,96804.4,97291.9097,744.34,185167.43,1
3288,3289,2025-05-02 00:00:00+00:00,2025-05-02 02:00:00+00:00,S,96922.4,96691.6626,255.65,185423.08,1
3296,3297,2025-05-02 16:00:00+00:00,2025-05-02 18:00:00+00:00,L,97343.1,97561.261,230.14,185653.22,1
3298,3299,2025-05-02 20:00:00+00:00,2025-05-02 22:00:00+00:00,S,96651.2,96507.0455,91.25,185744.47,1
3300,3301,2025-05-03 00:00:00+00:00,2025-05-03 02:00:00+00:00,L,96446.3,96650.2058,206.95,185951.42,1
3311,3312,2025-05-03 22:00:00+00:00,2025-05-04 00:00:00+00:00,S,95815.5,95540.5733,347.61,186299.03,1
3312,3313,2025-05-04 00:00:00+00:00,2025-05-04 02:00:00+00:00,L,96049.2,96251.7351,206.54,186505.57,1
3316,3317,2025-05-04 08:00:00+00:00,2025-05-04 10:00:00+00:00,S,95441.5,95237.9293,211.3,186716.87,1
3324,3325,2025-05-05 00:00:00+00:00,2025-05-05 02:00:00+00:00,L,93866.6,94352.9065,780.63,187497.5,1
3341,3342,2025-05-06 10:00:00+00:00,2025-05-06 12:00:00+00:00,S,93777.5,93339.2933,688.65,188186.14,1
3344,3345,2025-05-06 16:00:00+00:00,2025-05-06 18:00:00+00:00,L,94491.4,95103.7659,1031.38,189217.53,1
3348,3349,2025-05-07 00:00:00+00:00,2025-05-07 02:00:00+00:00,S,97215.7,96164.8814,1856.06,191073.59,1
3358,3359,2025-05-07 20:00:00+00:00,2025-05-07 22:00:00+00:00,L,97084.8,97362.2569,354.99,191428.58,1
3360,3364,2025-05-08 00:00:00+00:00,2025-05-08 08:00:00+00:00,S,97767.2,99759.3,-4091.97,187336.61,4
3364,3365,2025-05-08 08:00:00+00:00,2025-05-08 10:00:00+00:00,L,99759.3,99868.4216,17.58,187354.19,1
3372,3373,2025-05-09 00:00:00+00:00,2025-05-09 02:00:00+00:00,S,103070.1,102324.0146,1168.83,188523.03,1
3378,3379,2025-05-09 12:00:00+00:00,2025-05-09 14:00:00+00:00,L,103574.5,103687.9288,17.94,188540.96,1
3379,3380,2025-05-09 14:00:00+00:00,2025-05-09 16:00:00+00:00,S,102855.7,102274.4063,877.01,189417.97,1
3380,3381,2025-05-09 16:00:00+00:00,2025-05-09 18:00:00+00:00,L,103183.2,103328.3822,77.1,189495.07,1
3382,3383,2025-05-09 20:00:00+00:00,2025-05-09 22:00:00+00:00,S,102945.0,102701.415,258.88,189753.95,1
3384,3385,2025-05-10 00:00:00+00:00,2025-05-10 02:00:00+00:00,L,102941.8,103231.0112,343.35,190097.3,1
3386,3391,2025-05-10 04:00:00+00:00,2025-05-10 14:00:00+00:00,S,103323.1,103060.9442,292.23,190389.53,5
3395,3396,2025-05-10 22:00:00+00:00,2025-05-11 00:00:00+00:00,L,104782.3,104928.9216,76.02,190465.55,1
3396,3397,2025-05-11 00:00:00+00:00,2025-05-11 02:00:00+00:00,S,104107.7,103350.1711,1195.44,191660.99,1
3401,3402,2025-05-11 10:00:00+00:00,2025-05-11 12:00:00+00:00,L,104600.9,104847.0793,259.42,191920.4,1
3411,3412,2025-05-12 06:00:00+00:00,2025-05-12 08:00:00+00:00,S,104434.5,104045.2768,523.36,192443.76,1
3420,3421,2025-05-13 00:00:00+00:00,2025-05-13 02:00:00+00:00,L,102352.2,102649.9621,367.41,192811.18,1
3440,3441,2025-05-14 16:00:00+00:00,2025-05-14 18:00:00+00:00,S,103209.7,102984.3898,228.1,193039.28,1
3444,3445,2025-05-15 00:00:00+00:00,2025-05-15 02:00:00+00:00,L,102974.1,103148.1762,133.29,193172.57,1
3456,3457,2025-05-16 00:00:00+00:00,2025-05-16 02:00:00+00:00,S,104001.9,103851.6776,85.85,193258.42,1
3468,3469,2025-05-17 00:00:00+00:00,2025-05-17 02:00:00+00:00,L,102775.2,103528.5188,1223.28,194481.7,1
3474,3477,2025-05-17 12:00:00+00:00,2025-05-17 18:00:00+00:00,S,102668.0,103109.4,-1030.62,193451.08,3
3477,3478,2025-05-17 18:00:00+00:00,2025-05-17 20:00:00+00:00,L,103109.4,103445.0133,436.22,193887.3,1
3480,3481,2025-05-18 00:00:00+00:00,2025-05-18 02:00:00+00:00,S,103211.4,103085.4923,42.64,193929.94,1
3491,3492,2025-05-18 22:00:00+00:00,2025-05-19 00:00:00+00:00,L,106428.1,107124.5897,1075.19,195005.13,1
3492,3493,2025-05-19 00:00:00+00:00,2025-05-19 02:00:00+00:00,S,105018.3,103520.7877,2585.68,197590.81,1
3493,3494,2025-05-19 02:00:00+00:00,2025-05-19 04:00:00+00:00,L,103566.8,103726.6008,107.29,197698.09,1
3496,3497,2025-05-19 08:00:00+00:00,2025-05-19 10:00:00+00:00,S,103020.3,102742.7985,334.83,198032.93,1
3500,3501,2025-05-19 16:00:00+00:00,2025-05-19 18:00:00+00:00,L,105335.8,105489.5198,90.96,198123.89,1
3504,3505,2025-05-20 00:00:00+00:00,2025-05-20 02:00:00+00:00,S,106412.9,105482.0581,1534.96,199658.84,1
3513,3514,2025-05-20 18:00:00+00:00,2025-05-20 20:00:00+00:00,L,106986.0,107281.3962,351.61,200010.46,1
3516,3517,2025-05-21 00:00:00+00:00,2025-05-21 02:00:00+00:00,S,106433.9,106146.8196,339.47,200349.93,1
3525,3526,2025-05-21 18:00:00+00:00,2025-05-21 20:00:00+00:00,L,108554.7,108671.0912,14.46,200364.39,1
3528,3529,2025-05-22 00:00:00+00:00,2025-05-22 02:00:00+00:00,S,109890.0,109813.2709,-60.46,200303.93,1
3535,3536,2025-05-22 14:00:00+00:00,2025-05-22 16:00:00+00:00,L,111256.6,111955.2151,1057.47,201361.4,1
3540,3541,2025-05-23 00:00:00+00:00,2025-05-23 02:00:00+00:00,S,111286.7,110961.2013,387.59,201748.99,1
3541,3542,2025-05-23 02:00:00+00:00,2025-05-23 04:00:00+00:00,L,111051.8,111126.244,-66.51,201682.48,1
3543,3544,2025-05-23 06:00:00+00:00,2025-05-23 08:00:00+00:00,S,110673.4,111278.4,-1304.19,200378.3,1
3544,3545,2025-05-23 08:00:00+00:00,2025-05-23 10:00:00+00:00,L,111278.4,111278.7158,-199.81,200178.49,1
3548,3549,2025-05-23 16:00:00+00:00,2025-05-23 18:00:00+00:00,S,109350.8,108538.7372,1286.39,201464.88,1
3552,3553,2025-05-24 00:00:00+00:00,2025-05-24 02:00:00+00:00,L,107422.6,108306.549,1456.33,202921.21,1
3569,3570,2025-05-25 10:00:00+00:00,2025-05-25 12:00:00+00:00,S,107200.0,107126.2619,-63.34,202857.87,1
3573,3574,2025-05-25 18:00:00+00:00,2025-05-25 20:00:00+00:00,L,107679.0,107891.3739,197.24,203055.1,1
3576,3577,2025-05-26 00:00:00+00:00,2025-05-26 02:00:00+00:00,S,109507.3,109167.0803,427.8,203482.91,1
3588,3589,2025-05-27 00:00:00+00:00,2025-05-27 02:00:00+00:00,L,108350.4,109283.9694,1549.77,205032.67,1
3599,3600,2025-05-27 22:00:00+00:00,2025-05-28 00:00:00+00:00,S,108864.0,108537.3316,410.21,205442.88,1
3600,3601,2025-05-28 00:00:00+00:00,2025-05-28 02:00:00+00:00,L,108581.2,108879.1036,358.21,205801.09,1
3606,3607,2025-05-28 12:00:00+00:00,2025-05-28 14:00:00+00:00,S,108004.5,106982.4516,1741.7,207542.79,1
3617,3618,2025-05-29 10:00:00+00:00,2025-05-29 12:00:00+00:00,L,108741.4,108764.7175,-163.04,207379.75,1
3619,3620,2025-05-29 14:00:00+00:00,2025-05-29 16:00:00+00:00,S,106965.1,106039.6307,1586.88,208966.64,1
3624,3625,2025-05-30 00:00:00+00:00,2025-05-30 02:00:00+00:00,L,105634.0,106140.536,793.07,209759.71,1
3632,3633,2025-05-30 16:00:00+00:00,2025-05-30 18:00:00+00:00,S,104161.9,104059.8797,-4.31,209755.39,1
3636,3637,2025-05-31 00:00:00+00:00,2025-05-31 02:00:00+00:00,L,103434.8,103825.9409,583.44,210338.83,1
3660,3661,2025-06-02 00:00:00+00:00,2025-06-02 02:00:00+00:00,S,105356.5,104508.552,1482.55,211821.38,1
3661,3662,2025-06-02 02:00:00+00:00,2025-06-02 04:00:00+00:00,L,104786.8,104948.8255,115.71,211937.08,1
3665,3666,2025-06-02 10:00:00+00:00,2025-06-02 12:00:00+00:00,S,104004.4,103641.6176,527.33,212464.41,1
3670,3671,2025-06-02 20:00:00+00:00,2025-06-02 22:00:00+00:00,L,104873.5,105912.4063,1892.27,214356.68,1
3672,3673,2025-06-03 00:00:00+00:00,2025-06-03 02:00:00+00:00,S,106435.8,105289.4366,2094.37,216451.05,1
3684,3685,2025-06-04 00:00:00+00:00,2025-06-04 02:00:00+00:00,L,105522.8,105770.1715,290.96,216742.01,1
3686,3687,2025-06-04 04:00:00+00:00,2025-06-04 06:00:00+00:00,S,105300.1,105206.5645,-24.22,216717.79,1
3688,3689,2025-06-04 08:00:00+00:00,2025-06-04 10:00:00+00:00,L,105768.3,105946.1948,147.79,216865.58,1
3689,3690,2025-06-04 10:00:00+00:00,2025-06-04 12:00:00+00:00,S,105056.6,104677.6332,565.43,217431.01,1
3696,3697,2025-06-05 00:00:00+00:00,2025-06-05 02:00:00+00:00,L,104711.3,105207.0947,812.08,218243.08,1
3704,3705,2025-06-05 16:00:00+00:00,2025-06-05 18:00:00+00:00,S,103200.0,101499.1226,3378.7,221621.79,1
3708,3709,2025-06-06 00:00:00+00:00,2025-06-06 02:00:00+00:00,L,101800.0,102461.0205,1217.44,222839.23,1
3720,3721,2025-06-07 00:00:00+00:00,2025-06-07 02:00:00+00:00,S,104391.0,104283.605,6.41,222845.64,1
3725,3726,2025-06-07 10:00:00+00:00,2025-06-07 12:00:00+00:00,L,105093.7,105759.8852,1189.76,224035.4,1
3732,3733,2025-06-08 00:00:00+00:00,2025-06-08 02:00:00+00:00,S,105635.9,105353.1369,375.66,224411.06,1
3739,3740,2025-06-08 14:00:00+00:00,2025-06-08 16:00:00+00:00,L,105921.5,106306.9787,592.29,225003.34,1
3748,3749,2025-06-09 08:00:00+00:00,2025-06-09 10:00:00+00:00,S,106584.9,106540.8434,-132.0,224871.35,1
3752,3753,2025-06-09 16:00:00+00:00,2025-06-09 18:00:00+00:00,L,108297.0,108726.6526,667.27,225538.62,1
3756,3757,2025-06-10 00:00:00+00:00,2025-06-10 02:00:00+00:00,S,109750.0,109349.7184,597.05,226135.67,1
3766,3767,2025-06-10 20:00:00+00:00,2025-06-10 22:00:00+00:00,L,109817.5,110243.271,650.61,226786.28,1
3771,3772,2025-06-11 06:00:00+00:00,2025-06-11 08:00:00+00:00,S,109381.5,109164.8505,222.4,227008.68,1
3780,3781,2025-06-12 00:00:00+00:00,2025-06-12 02:00:00+00:00,L,108487.2,108733.494,288.36,227297.04,1
3784,3785,2025-06-12 08:00:00+00:00,2025-06-12 10:00:00+00:00,S,107450.3,106836.8776,1070.32,228367.36,1
3788,3789,2025-06-12 16:00:00+00:00,2025-06-12 18:00:00+00:00,L,108249.9,108375.1911,35.95,228403.31,1
3789,3790,2025-06-12 18:00:00+00:00,2025-06-12 20:00:00+00:00,S,106735.2,105707.6745,1970.4,230373.71,1
3792,3793,2025-06-13 00:00:00+00:00,2025-06-13 02:00:00+00:00,L,103720.0,104589.5634,1701.02,232074.74,1
3808,3809,2025-06-14 08:00:00+00:00,2025-06-14 10:00:00+00:00,S,104820.9,104796.1021,-177.17,231897.57,1
3815,3816,2025-06-14 22:00:00+00:00,2025-06-15 00:00:00+00:00,L,105356.7,105624.0482,356.55,232254.12,1
3816,3819,2025-06-15 00:00:00+00:00,2025-06-15 06:00:00+00:00,S,105367.6,105151.7976,243.42,232497.54,3
3824,3825,2025-06-15 16:00:00+00:00,2025-06-15 18:00:00+00:00,L,105639.6,105246.3,-1098.09,231399.45,1
3825,3826,2025-06-15 18:00:00+00:00,2025-06-15 20:00:00+00:00,S,105246.3,104439.3604,1542.78,232942.23,1
3832,3833,2025-06-16 08:00:00+00:00,2025-06-16 10:00:00+00:00,L,106919.9,107186.4541,347.79,233290.01,1
3843,3844,2025-06-17 06:00:00+00:00,2025-06-17 08:00:00+00:00,S,106732.0,106048.378,1260.94,234550.96,1
3863,3864,2025-06-18 22:00:00+00:00,2025-06-19 00:00:00+00:00,L,104847.3,105182.6394,515.63,235066.58,1
3867,3868,2025-06-19 06:00:00+00:00,2025-06-19 08:00:00+00:00,S,104582.4,104572.2935,-212.35,234854.23,1
3868,3869,2025-06-19 08:00:00+00:00,2025-06-19 10:00:00+00:00,L,104951.1,105019.5231,-81.74,234772.49,1
3870,3871,2025-06-19 12:00:00+00:00,2025-06-19 14:00:00+00:00,S,104234.9,104032.6891,220.68,234993.17,1
3888,3889,2025-06-21 00:00:00+00:00,2025-06-21 02:00:00+00:00,L,103467.9,103636.7271,148.44,235141.61,1
3896,3897,2025-06-21 16:00:00+00:00,2025-06-21 18:00:00+00:00,S,103136.1,102156.4145,1998.46,237140.07,1
3902,3903,2025-06-22 04:00:00+00:00,2025-06-22 06:00:00+00:00,L,102812.2,102905.327,-22.34,237117.73,1
3904,3905,2025-06-22 08:00:00+00:00,2025-06-22 10:00:00+00:00,S,102154.4,102108.7673,-131.2,236986.53,1
3905,3906,2025-06-22 10:00:00+00:00,2025-06-22 12:00:00+00:00,L,102687.9,102779.6694,-25.2,236961.33,1
3908,3909,2025-06-22 16:00:00+00:00,2025-06-22 18:00:00+00:00,S,99432.8,98750.4864,1389.08,238350.41,1
3921,3922,2025-06-23 18:00:00+00:00,2025-06-23 20:00:00+00:00,L,103109.2,104158.155,2186.45,240536.86,1
3924,3925,2025-06-24 00:00:00+00:00,2025-06-24 02:00:00+00:00,S,105400.5,104669.9411,1426.69,241963.55,1
3932,3933,2025-06-24 16:00:00+00:00,2025-06-24 18:00:00+00:00,L,105996.3,106028.4801,-168.5,241795.05,1
3936,3937,2025-06-25 00:00:00+00:00,2025-06-25 02:00:00+00:00,S,106343.5,106172.2456,147.59,241942.63,1
3941,3942,2025-06-25 10:00:00+00:00,2025-06-25 12:00:00+00:00,L,107126.1,108052.3046,1849.88,243792.51,1
3948,3949,2025-06-26 00:00:00+00:00,2025-06-26 02:00:00+00:00,S,107558.1,107520.0259,-157.49,243635.02,1
3960,3961,2025-06-27 00:00:00+00:00,2025-06-27 02:00:00+00:00,L,107070.9,107464.7444,652.54,244287.56,1
3961,3962,2025-06-27 02:00:00+00:00,2025-06-27 04:00:00+00:00,S,107419.9,107207.5644,238.59,244526.15,1
3977,3978,2025-06-28 10:00:00+00:00,2025-06-28 12:00:00+00:00,L,107320.0,107322.0426,-239.87,244286.28,1
3978,3979,2025-06-28 12:00:00+00:00,2025-06-28 14:00:00+00:00,S,107055.1,107401.4,-1034.5,243251.78,1
3979,3980,2025-06-28 14:00:00+00:00,2025-06-28 16:00:00+00:00,L,107401.4,107490.4389,-41.59,243210.19,1
3983,3984,2025-06-28 22:00:00+00:00,2025-06-29 00:00:00+00:00,S,107241.0,107206.6427,-165.29,243044.9,1
3987,3988,2025-06-29 06:00:00+00:00,2025-06-29 08:00:00+00:00,L,107350.0,107923.0587,1054.38,244099.28,1
3988,3989,2025-06-29 08:00:00+00:00,2025-06-29 10:00:00+00:00,S,107838.1,107801.4809,-161.21,243938.07,1
4008,4009,2025-07-01 00:00:00+00:00,2025-07-01 02:00:00+00:00,L,107166.2,107359.7967,196.74,244134.81,1
4012,4013,2025-07-01 08:00:00+00:00,2025-07-01 10:00:00+00:00,S,106491.1,106238.9041,334.03,244468.84,1
4015,4016,2025-07-01 14:00:00+00:00,2025-07-01 16:00:00+00:00,L,105909.6,106244.0721,527.59,244996.43,1
4016,4017,2025-07-01 16:00:00+00:00,2025-07-01 18:00:00+00:00,S,106200.0,105341.1375,1736.34,246732.77,1
4020,4021,2025-07-02 00:00:00+00:00,2025-07-02 02:00:00+00:00,L,105668.5,106172.2353,929.47,247662.25,1
4023,4024,2025-07-02 06:00:00+00:00,2025-07-02 08:00:00+00:00,S,107040.9,107594.0,-1527.38,246134.87,1
4024,4025,2025-07-02 08:00:00+00:00,2025-07-02 10:00:00+00:00,L,107594.0,107788.7643,199.41,246334.28,1
4032,4033,2025-07-03 00:00:00+00:00,2025-07-03 02:00:00+00:00,S,108940.2,108461.7929,835.43,247169.72,1
4033,4034,2025-07-03 02:00:00+00:00,2025-07-03 04:00:00+00:00,L,108592.6,109311.1081,1388.24,248557.96,1
4034,4035,2025-07-03 04:00:00+00:00,2025-07-03 06:00:00+00:00,S,109294.2,109094.6096,205.35,248763.31,1
4035,4036,2025-07-03 06:00:00+00:00,2025-07-03 08:00:00+00:00,L,109242.1,110249.538,2045.35,250808.66,1
4036,4037,2025-07-03 08:00:00+00:00,2025-07-03 10:00:00+00:00,S,109895.6,109546.7768,545.29,251353.95,1
4037,4038,2025-07-03 10:00:00+00:00,2025-07-03 12:00:00+00:00,L,109551.1,110478.2278,1875.85,253229.8,1
4038,4039,2025-07-03 12:00:00+00:00,2025-07-03 14:00:00+00:00,S,110223.2,109015.0761,2522.35,255752.14,1
4042,4043,2025-07-03 20:00:00+00:00,2025-07-03 22:00:00+00:00,L,109740.6,109822.847,-64.07,255688.07,1
4049,4050,2025-07-04 10:00:00+00:00,2025-07-04 12:00:00+00:00,S,108826.0,107898.3505,1923.84,257611.9,1
4065,4066,2025-07-05 18:00:00+00:00,2025-07-05 20:00:00+00:00,L,108096.4,108114.4649,-214.56,257397.34,1
4066,4067,2025-07-05 20:00:00+00:00,2025-07-05 22:00:00+00:00,S,108033.4,108007.0583,-194.64,257202.71,1
4067,4068,2025-07-05 22:00:00+00:00,2025-07-06 00:00:00+00:00,L,108144.4,108196.0003,-134.48,257068.23,1
4068,4069,2025-07-06 00:00:00+00:00,2025-07-06 02:00:00+00:00,S,108151.3,107965.4914,184.59,257252.81,1
4076,4077,2025-07-06 16:00:00+00:00,2025-07-06 18:00:00+00:00,L,108875.9,108887.6794,-229.42,257023.39,1
4080,4082,2025-07-07 00:00:00+00:00,2025-07-07 04:00:00+00:00,S,108977.0,108975.7023,-253.96,256769.43,2
4092,4093,2025-07-08 00:00:00+00:00,2025-07-08 02:00:00+00:00,L,107630.9,107954.4627,515.14,257284.57,1
4113,4114,2025-07-09 18:00:00+00:00,2025-07-09 20:00:00+00:00,S,111702.6,110537.6196,2426.01,259710.58,1
4114,4115,2025-07-09 20:00:00+00:00,2025-07-09 22:00:00+00:00,L,110788.1,111477.4247,1356.21,261066.79,1
4116,4117,2025-07-10 00:00:00+00:00,2025-07-10 02:00:00+00:00,S,111155.8,110938.9799,248.17,261314.96,1
4127,4128,2025-07-10 22:00:00+00:00,2025-07-11 00:00:00+00:00,L,115990.1,116061.3742,-100.74,261214.22,1
4128,4129,2025-07-11 00:00:00+00:00,2025-07-11 02:00:00+00:00,S,115952.7,115695.6926,317.76,261531.99,1
4134,4135,2025-07-11 12:00:00+00:00,2025-07-11 14:00:00+00:00,L,117977.9,118155.6449,132.49,261664.48,1
4135,4136,2025-07-11 14:00:00+00:00,2025-07-11 16:00:00+00:00,S,116908.7,116611.8927,402.65,262067.12,1
4137,4140,2025-07-11 18:00:00+00:00,2025-07-12 00:00:00+00:00,L,118079.2,117618.0,-1285.66,260781.46,3
4140,4141,2025-07-12 00:00:00+00:00,2025-07-12 02:00:00+00:00,S,117618.0,117540.7859,-89.58,260691.88,1
4144,4146,2025-07-12 08:00:00+00:00,2025-07-12 12:00:00+00:00,L,118123.9,117472.1,-1699.17,258992.71,2
4146,4147,2025-07-12 12:00:00+00:00,2025-07-12 14:00:00+00:00,S,117472.1,116876.2157,1054.76,260047.47,1
4155,4156,2025-07-13 06:00:00+00:00,2025-07-13 08:00:00+00:00,L,117950.8,117957.1974,-245.94,259801.53,1
4158,4159,2025-07-13 12:00:00+00:00,2025-07-13 14:00:00+00:00,S,118556.2,118299.6599,302.37,260103.9,1
4160,4161,2025-07-13 16:00:00+00:00,2025-07-13 18:00:00+00:00,L,118631.9,119468.3218,1573.78,261677.68,1
4164,4165,2025-07-14 00:00:00+00:00,2025-07-14 02:00:00+00:00,S,119054.9,118934.4327,3.1,261680.78,1
4176,4177,2025-07-15 00:00:00+00:00,2025-07-15 02:00:00+00:00,L,118477.4,118858.9979,581.15,262261.93,1
4183,4184,2025-07-15 14:00:00+00:00,2025-07-15 16:00:00+00:00,S,116430.6,116408.1088,-211.6,262050.33,1
4187,4188,2025-07-15 22:00:00+00:00,2025-07-16 00:00:00+00:00,L,117745.7,118237.6184,832.74,262883.08,1
4188,4189,2025-07-16 00:00:00+00:00,2025-07-16 02:00:00+00:00,S,117746.2,117043.0364,1307.02,264190.1,1
4191,4192,2025-07-16 06:00:00+00:00,2025-07-16 08:00:00+00:00,L,118200.0,119220.4198,2016.56,266206.66,1
4192,4193,2025-07-16 08:00:00+00:00,2025-07-16 10:00:00+00:00,S,119207.2,118652.4644,972.6,267179.25,1
4193,4194,2025-07-16 10:00:00+00:00,2025-07-16 12:00:00+00:00,L,118776.1,119110.4092,484.83,267664.08,1
4212,4213,2025-07-18 00:00:00+00:00,2025-07-18 02:00:00+00:00,S,120400.6,119925.3122,788.95,268453.04,1
4229,4230,2025-07-19 10:00:00+00:00,2025-07-19 12:00:00+00:00,L,118330.4,118337.6034,-252.11,268200.93,1
4230,4231,2025-07-19 12:00:00+00:00,2025-07-19 14:00:00+00:00,S,118200.0,117619.9784,1047.89,269248.82,1
4242,4243,2025-07-20 12:00:00+00:00,2025-07-20 14:00:00+00:00,L,118423.3,118909.7196,836.68,270085.5,1
4244,4246,2025-07-20 16:00:00+00:00,2025-07-20 20:00:00+00:00,S,118058.1,117874.3927,150.19,270235.69,2
4248,4249,2025-07-21 00:00:00+00:00,2025-07-21 02:00:00+00:00,L,117329.6,118642.2006,2752.97,272988.66,1
4253,4254,2025-07-21 10:00:00+00:00,2025-07-21 12:00:00+00:00,S,118118.7,117817.8084,422.41,273411.07,1
4254,4255,2025-07-21 12:00:00+00:00,2025-07-21 14:00:00+00:00,L,118894.2,119291.4422,640.09,274051.17,1
4255,4256,2025-07-21 14:00:00+00:00,2025-07-21 16:00:00+00:00,S,118377.8,117388.7175,2015.73,276066.9,1
4264,4265,2025-07-22 08:00:00+00:00,2025-07-22 10:00:00+00:00,L,118408.6,119240.0897,1662.53,277729.43,1
4272,4273,2025-07-23 00:00:00+00:00,2025-07-23 02:00:00+00:00,S,119578.8,118592.5687,2012.86,279742.28,1
4273,4274,2025-07-23 02:00:00+00:00,2025-07-23 04:00:00+00:00,L,118675.1,119045.9485,594.43,280336.71,1
4276,4277,2025-07-23 08:00:00+00:00,2025-07-23 10:00:00+00:00,S,118065.1,117859.1142,208.76,280545.47,1
4279,4280,2025-07-23 14:00:00+00:00,2025-07-23 16:00:00+00:00,L,118589.2,118134.6,-1355.99,279189.48,1
4280,4281,2025-07-23 16:00:00+00:00,2025-07-23 18:00:00+00:00,S,118134.6,117996.2439,47.79,279237.27,1
4281,4282,2025-07-23 18:00:00+00:00,2025-07-23 20:00:00+00:00,L,118397.8,118490.2291,-61.25,279176.02,1
4282,4283,2025-07-23 20:00:00+00:00,2025-07-23 22:00:00+00:00,S,118187.0,117936.6762,312.13,279488.15,1
4283,4284,2025-07-23 22:00:00+00:00,2025-07-24 00:00:00+00:00,L,118743.4,119134.7934,641.74,280129.89,1
4284,4285,2025-07-24 00:00:00+00:00,2025-07-24 02:00:00+00:00,S,119096.4,118488.8063,1149.01,281278.9,1
4286,4287,2025-07-24 04:00:00+00:00,2025-07-24 06:00:00+00:00,L,117582.2,118474.5097,1853.29,283132.2,1
4308,4312,2025-07-26 00:00:00+00:00,2025-07-26 08:00:00+00:00,S,117156.0,117571.0,-1286.07,281846.13,4
4312,4313,2025-07-26 08:00:00+00:00,2025-07-26 10:00:00+00:00,L,117571.0,118244.4006,1332.46,283178.59,1
4313,4314,2025-07-26 10:00:00+00:00,2025-07-26 12:00:00+00:00,S,117755.6,117752.4932,-275.71,282902.88,1
4314,4315,2025-07-26 12:00:00+00:00,2025-07-26 14:00:00+00:00,L,118121.0,118202.5663,-87.55,282815.33,1
4320,4321,2025-07-27 00:00:00+00:00,2025-07-27 02:00:00+00:00,S,118076.0,118001.2009,-103.66,282711.67,1
4327,4328,2025-07-27 14:00:00+00:00,2025-07-27 16:00:00+00:00,L,118586.8,119594.5308,2119.72,284831.4,1
4328,4329,2025-07-27 16:00:00+00:00,2025-07-27 18:00:00+00:00,S,119208.9,118901.3393,450.04,285281.44,1
4329,4330,2025-07-27 18:00:00+00:00,2025-07-27 20:00:00+00:00,L,118978.8,119289.4462,459.57,285741.01,1
4333,4334,2025-07-28 02:00:00+00:00,2025-07-28 04:00:00+00:00,S,119287.6,119127.3548,98.11,285839.12,1
4334,4335,2025-07-28 04:00:00+00:00,2025-07-28 06:00:00+00:00,L,119528.5,119603.9512,-105.41,285733.71,1
4336,4337,2025-07-28 08:00:00+00:00,2025-07-28 10:00:00+00:00,S,118921.4,118441.5575,867.19,286600.9,1
4344,4345,2025-07-29 00:00:00+00:00,2025-07-29 02:00:00+00:00,L,117767.1,118813.4526,2259.83,288860.73,1
4345,4346,2025-07-29 02:00:00+00:00,2025-07-29 04:00:00+00:00,S,118761.9,118413.2467,559.16,289419.88,1
4346,4347,2025-07-29 04:00:00+00:00,2025-07-29 06:00:00+00:00,L,118802.4,119293.0438,905.86,290325.74,1
4351,4352,2025-07-29 14:00:00+00:00,2025-07-29 16:00:00+00:00,S,117372.2,116920.1383,827.87,291153.61,1
4360,4361,2025-07-30 08:00:00+00:00,2025-07-30 10:00:00+00:00,L,118122.0,118382.9304,352.0,291505.62,1
4361,4362,2025-07-30 10:00:00+00:00,2025-07-30 12:00:00+00:00,S,117542.3,117317.8816,265.05,291770.67,1
4363,4364,2025-07-30 14:00:00+00:00,2025-07-30 16:00:00+00:00,L,117991.7,118026.283,-206.25,291564.42,1
4364,4365,2025-07-30 16:00:00+00:00,2025-07-30 18:00:00+00:00,S,117756.3,115746.345,4685.08,296249.5,1
4365,4366,2025-07-30 18:00:00+00:00,2025-07-30 20:00:00+00:00,L,116873.2,117304.6981,797.51,297047.01,1
4366,4367,2025-07-30 20:00:00+00:00,2025-07-30 22:00:00+00:00,S,117300.2,117212.0424,-73.8,296973.21,1
4367,4368,2025-07-30 22:00:00+00:00,2025-07-31 00:00:00+00:00,L,117781.6,118504.2737,1525.17,298498.38,1
4368,4369,2025-07-31 00:00:00+00:00,2025-07-31 02:00:00+00:00,S,118024.6,117938.2241,-80.04,298418.33,1
4372,4373,2025-07-31 08:00:00+00:00,2025-07-31 10:00:00+00:00,L,118582.5,118700.1536,-2.34,298415.99,1
4375,4376,2025-07-31 14:00:00+00:00,2025-07-31 16:00:00+00:00,S,118273.2,117674.3023,1212.67,299628.66,1
4380,4381,2025-08-01 00:00:00+00:00,2025-08-01 02:00:00+00:00,L,115257.3,115991.3038,1608.52,301237.19,1
4386,4387,2025-08-01 12:00:00+00:00,2025-08-01 14:00:00+00:00,S,114284.5,113859.6977,818.48,302055.67,1
4387,4388,2025-08-01 14:00:00+00:00,2025-08-01 16:00:00+00:00,L,115288.0,115648.8598,643.4,302699.07,1
4388,4389,2025-08-01 16:00:00+00:00,2025-08-01 18:00:00+00:00,S,114387.0,113164.5302,2932.29,305631.35,1
4392,4393,2025-08-02 00:00:00+00:00,2025-08-02 02:00:00+00:00,L,113612.0,113911.4761,500.0,306131.35,1
4397,4398,2025-08-02 10:00:00+00:00,2025-08-02 12:00:00+00:00,S,113755.2,113212.8709,1153.35,307284.71,1
4407,4408,2025-08-03 06:00:00+00:00,2025-08-03 08:00:00+00:00,L,113662.8,113752.5227,-64.72,307219.98,1
4416,4417,2025-08-04 00:00:00+00:00,2025-08-04 02:00:00+00:00,S,114635.3,114381.6519,372.55,307592.54,1
4424,4425,2025-08-04 16:00:00+00:00,2025-08-04 18:00:00+00:00,L,115126.1,115248.3938,19.15,307611.69,1
4436,4437,2025-08-05 16:00:00+00:00,2025-08-05 18:00:00+00:00,S,113590.2,113215.6102,706.81,308318.49,1
4440,4441,2025-08-06 00:00:00+00:00,2025-08-06 02:00:00+00:00,L,113782.3,113792.6953,-280.15,308038.34,1
4442,4443,2025-08-06 04:00:00+00:00,2025-08-06 06:00:00+00:00,S,114122.7,113887.3269,327.28,308365.62,1
4443,4444,2025-08-06 06:00:00+00:00,2025-08-06 08:00:00+00:00,L,114180.6,114336.1165,111.64,308477.26,1
4457,4458,2025-08-07 10:00:00+00:00,2025-08-07 12:00:00+00:00,S,116446.2,115963.0732,971.37,309448.63,1
4459,4460,2025-08-07 14:00:00+00:00,2025-08-07 16:00:00+00:00,L,116629.3,116704.2787,-110.51,309338.12,1
4466,4467,2025-08-08 04:00:00+00:00,2025-08-08 06:00:00+00:00,S,116479.1,116341.732,55.48,309393.59,1
4469,4470,2025-08-08 10:00:00+00:00,2025-08-08 12:00:00+00:00,L,116859.9,116892.8799,-222.08,309171.52,1
4471,4472,2025-08-08 14:00:00+00:00,2025-08-08 16:00:00+00:00,S,116157.0,115940.2499,267.75,309439.26,1
4472,4473,2025-08-08 16:00:00+00:00,2025-08-08 18:00:00+00:00,L,116649.7,116842.9353,203.16,309642.42,1
4473,4474,2025-08-08 18:00:00+00:00,2025-08-08 20:00:00+00:00,S,116367.0,116247.0453,9.55,309651.97,1
4474,4475,2025-08-08 20:00:00+00:00,2025-08-08 22:00:00+00:00,L,116877.4,116926.8064,-178.76,309473.21,1
4478,4479,2025-08-09 04:00:00+00:00,2025-08-09 06:00:00+00:00,S,116691.7,116479.4288,253.48,309726.7,1
4488,4489,2025-08-10 00:00:00+00:00,2025-08-10 02:00:00+00:00,L,116524.4,119426.5791,7404.39,317131.08,1
4489,4490,2025-08-10 02:00:00+00:00,2025-08-10 04:00:00+00:00,S,118488.9,117891.1226,1282.8,318413.88,1
4495,4496,2025-08-10 14:00:00+00:00,2025-08-10 16:00:00+00:00,L,118776.2,118915.4276,54.83,318468.71,1
4500,4501,2025-08-11 00:00:00+00:00,2025-08-11 02:00:00+00:00,S,119989.7,119911.0846,-109.81,318358.89,1
4512,4513,2025-08-12 00:00:00+00:00,2025-08-12 02:00:00+00:00,L,118944.1,119268.1525,548.98,318907.87,1
4516,4517,2025-08-12 08:00:00+00:00,2025-08-12 10:00:00+00:00,S,118377.0,118158.1024,270.8,319178.68,1
4519,4520,2025-08-12 14:00:00+00:00,2025-08-12 16:00:00+00:00,L,119888.2,120134.0967,335.47,319514.15,1
4536,4537,2025-08-14 00:00:00+00:00,2025-08-14 02:00:00+00:00,S,123383.6,123317.7805,-149.07,319365.08,1
4542,4543,2025-08-14 12:00:00+00:00,2025-08-14 14:00:00+00:00,L,118408.5,119337.701,2186.83,321551.91,1
4543,4544,2025-08-14 14:00:00+00:00,2025-08-14 16:00:00+00:00,S,118199.4,117337.2545,2023.85,323575.75,1
4554,4555,2025-08-15 12:00:00+00:00,2025-08-15 14:00:00+00:00,L,117724.0,118229.8324,1066.75,324642.51,1
4556,4557,2025-08-15 16:00:00+00:00,2025-08-15 18:00:00+00:00,S,117530.3,116795.6853,1704.51,326347.02,1
4567,4568,2025-08-16 14:00:00+00:00,2025-08-16 16:00:00+00:00,L,117627.7,117763.6083,50.72,326397.74,1
4570,4571,2025-08-16 20:00:00+00:00,2025-08-16 22:00:00+00:00,S,117380.0,117162.9762,277.08,326674.81,1
4572,4573,2025-08-17 00:00:00+00:00,2025-08-17 02:00:00+00:00,L,117380.0,117702.2624,570.2,327245.01,1
4573,4576,2025-08-17 02:00:00+00:00,2025-08-17 08:00:00+00:00,S,117628.3,118283.0,-2148.64,325096.38,3
4576,4577,2025-08-17 08:00:00+00:00,2025-08-17 10:00:00+00:00,L,118283.0,118334.3059,-184.08,324912.29,1
4581,4582,2025-08-17 18:00:00+00:00,2025-08-17 20:00:00+00:00,S,117545.1,117478.597,-141.09,324771.2,1
4584,4585,2025-08-18 00:00:00+00:00,2025-08-18 02:00:00+00:00,L,116230.0,116289.4876,-158.55,324612.65,1
4589,4590,2025-08-18 10:00:00+00:00,2025-08-18 12:00:00+00:00,S,114893.0,114726.4376,145.98,324758.64,1
4591,4592,2025-08-18 14:00:00+00:00,2025-08-18 16:00:00+00:00,L,116082.5,116753.8893,1553.56,326312.19,1
4604,4605,2025-08-19 16:00:00+00:00,2025-08-19 18:00:00+00:00,S,113460.9,112720.832,1802.11,328114.31,1
4608,4609,2025-08-20 00:00:00+00:00,2025-08-20 02:00:00+00:00,L,112975.2,113601.4734,1490.77,329605.08,1
4620,4621,2025-08-21 00:00:00+00:00,2025-08-21 02:00:00+00:00,S,114682.0,113793.1247,2225.09,331830.17,1
4641,4642,2025-08-22 18:00:00+00:00,2025-08-22 20:00:00+00:00,L,116604.4,117134.4376,1176.54,333006.71,1
4644,4645,2025-08-23 00:00:00+00:00,2025-08-23 02:00:00+00:00,S,116417.3,115441.6971,2457.66,335464.38,1
4645,4646,2025-08-23 02:00:00+00:00,2025-08-23 04:00:00+00:00,L,115530.1,115990.6412,1001.81,336466.18,1
4649,4650,2025-08-23 10:00:00+00:00,2025-08-23 12:00:00+00:00,S,115270.0,114721.9528,1263.25,337729.44,1
4665,4666,2025-08-24 18:00:00+00:00,2025-08-24 20:00:00+00:00,L,112595.1,113395.4346,2062.88,339792.31,1
4673,4674,2025-08-25 10:00:00+00:00,2025-08-25 12:00:00+00:00,S,111199.9,110561.4879,1611.0,341403.31,1
4676,4677,2025-08-25 16:00:00+00:00,2025-08-25 18:00:00+00:00,L,112419.3,112589.5547,175.64,341578.95,1
4677,4678,2025-08-25 18:00:00+00:00,2025-08-25 20:00:00+00:00,S,110664.1,109233.6281,4073.76,345652.7,1
4680,4681,2025-08-26 00:00:00+00:00,2025-08-26 02:00:00+00:00,L,109860.1,109983.3046,41.99,345694.69,1
4687,4688,2025-08-26 14:00:00+00:00,2025-08-26 16:00:00+00:00,S,109623.0,109422.3712,286.99,345981.68,1
4689,4690,2025-08-26 18:00:00+00:00,2025-08-26 20:00:00+00:00,L,111086.2,111561.206,1133.44,347115.12,1
4692,4693,2025-08-27 00:00:00+00:00,2025-08-27 02:00:00+00:00,S,111270.0,110887.1339,847.26,347962.38,1
4698,4699,2025-08-27 12:00:00+00:00,2025-08-27 14:00:00+00:00,L,111439.9,112580.8722,3214.63,351177.01,1
4704,4705,2025-08-28 00:00:00+00:00,2025-08-28 02:00:00+00:00,S,111591.0,111345.4494,421.57,351598.59,1
4709,4710,2025-08-28 10:00:00+00:00,2025-08-28 12:00:00+00:00,L,112880.2,113424.4416,1343.6,352942.19,1
4712,4713,2025-08-28 16:00:00+00:00,2025-08-28 18:00:00+00:00,S,112350.5,111836.7072,1261.11,354203.29,1
4716,4717,2025-08-29 00:00:00+00:00,2025-08-29 02:00:00+00:00,L,111432.3,111778.4938,746.22,354949.52,1
4723,4724,2025-08-29 14:00:00+00:00,2025-08-29 16:00:00+00:00,S,108336.7,108094.5635,438.38,355387.89,1
4728,4729,2025-08-30 00:00:00+00:00,2025-08-30 02:00:00+00:00,L,107413.5,108388.5479,2870.65,358258.54,1
4740,4741,2025-08-31 00:00:00+00:00,2025-08-31 02:00:00+00:00,S,109380.1,109108.9908,529.72,358788.26,1
4750,4751,2025-08-31 20:00:00+00:00,2025-08-31 22:00:00+00:00,L,108987.6,109193.3041,318.39,359106.66,1
4751,4752,2025-08-31 22:00:00+00:00,2025-09-01 00:00:00+00:00,S,108200.0,107570.7123,1729.45,360836.1,1
4752,4753,2025-09-01 00:00:00+00:00,2025-09-01 02:00:00+00:00,L,108096.1,108144.4381,-199.48,360636.62,1
4762,4763,2025-09-01 20:00:00+00:00,2025-09-01 22:00:00+00:00,S,107750.0,107545.1592,324.96,360961.58,1
4763,4764,2025-09-01 22:00:00+00:00,2025-09-02 00:00:00+00:00,L,109191.8,109571.2522,893.42,361855.0,1
4764,4765,2025-09-02 00:00:00+00:00,2025-09-02 02:00:00+00:00,S,109280.2,109151.4606,64.43,361919.43,1
4773,4774,2025-09-02 18:00:00+00:00,2025-09-02 20:00:00+00:00,L,110746.8,111524.3069,2178.97,364098.4,1
4776,4777,2025-09-03 00:00:00+00:00,2025-09-03 02:00:00+00:00,S,111139.1,110860.8569,547.44,364645.84,1
4781,4782,2025-09-03 10:00:00+00:00,2025-09-03 12:00:00+00:00,L,111400.9,111879.8404,1203.06,365848.9,1
4788,4789,2025-09-04 00:00:00+00:00,2025-09-04 02:00:00+00:00,S,111900.0,111097.0062,2259.48,368108.38,1
4789,4790,2025-09-04 02:00:00+00:00,2025-09-04 04:00:00+00:00,L,111110.0,111277.9044,188.16,368296.54,1
4794,4795,2025-09-04 12:00:00+00:00,2025-09-04 14:00:00+00:00,S,110427.5,109284.5942,3443.51,371740.05,1
4812,4813,2025-09-06 00:00:00+00:00,2025-09-06 02:00:00+00:00,L,110818.3,111249.0911,1073.35,372813.4,1
4815,4816,2025-09-06 06:00:00+00:00,2025-09-06 08:00:00+00:00,S,110771.0,110637.6538,75.98,372889.38,1
4829,4831,2025-09-07 10:00:00+00:00,2025-09-07 14:00:00+00:00,L,111248.3,111360.1442,2.0,372891.38,2
4856,4857,2025-09-09 16:00:00+00:00,2025-09-09 18:00:00+00:00,S,110976.6,110869.3264,-12.44,372878.93,1
4860,4861,2025-09-10 00:00:00+00:00,2025-09-10 02:00:00+00:00,L,110965.1,111543.4342,1570.51,374449.45,1
4866,4867,2025-09-10 12:00:00+00:00,2025-09-10 14:00:00+00:00,S,113889.1,113674.7089,330.43,374779.88,1
4867,4868,2025-09-10 14:00:00+00:00,2025-09-10 16:00:00+00:00,L,113811.9,114027.6391,335.64,375115.53,1
4872,4873,2025-09-11 00:00:00+00:00,2025-09-11 02:00:00+00:00,S,113840.8,113666.5232,199.14,375314.67,1
4882,4883,2025-09-11 20:00:00+00:00,2025-09-11 22:00:00+00:00,L,114437.1,115439.5083,2912.24,378226.91,1
4884,4885,2025-09-12 00:00:00+00:00,2025-09-12 02:00:00+00:00,S,115322.6,115007.7381,654.43,378881.35,1
4892,4893,2025-09-12 16:00:00+00:00,2025-09-12 18:00:00+00:00,L,115756.0,116593.5283,2362.44,381243.78,1
4903,4904,2025-09-13 14:00:00+00:00,2025-09-13 16:00:00+00:00,S,115729.5,114983.6911,2075.65,383319.43,1
4906,4907,2025-09-13 20:00:00+00:00,2025-09-13 22:00:00+00:00,L,115854.2,115936.5267,-110.93,383208.5,1
4908,4909,2025-09-14 00:00:00+00:00,2025-09-14 02:00:00+00:00,S,115897.1,115586.3218,644.37,383852.87,1
4909,4910,2025-09-14 02:00:00+00:00,2025-09-14 04:00:00+00:00,L,115617.2,115877.8636,481.56,384334.42,1
4914,4915,2025-09-14 12:00:00+00:00,2025-09-14 14:00:00+00:00,S,115286.3,115104.8143,220.69,384555.12,1
4918,4919,2025-09-14 20:00:00+00:00,2025-09-14 22:00:00+00:00,L,116018.7,116031.5124,-342.09,384213.03,1
4919,4920,2025-09-14 22:00:00+00:00,2025-09-15 00:00:00+00:00,S,115214.4,114746.6759,1175.54,385388.57,1
4920,4921,2025-09-15 00:00:00+00:00,2025-09-15 02:00:00+00:00,L,115168.3,115525.0156,808.29,386196.86,1
4922,4923,2025-09-15 04:00:00+00:00,2025-09-15 06:00:00+00:00,S,116478.3,115525.1857,2773.96,388970.82,1
4931,4932,2025-09-15 22:00:00+00:00,2025-09-16 00:00:00+00:00,L,115315.6,115475.663,150.94,389121.75,1
4934,4935,2025-09-16 04:00:00+00:00,2025-09-16 06:00:00+00:00,S,115906.3,115556.0869,786.62,389908.37,1
4939,4940,2025-09-16 14:00:00+00:00,2025-09-16 16:00:00+00:00,L,115869.9,116876.6829,2997.97,392906.34,1
4944,4945,2025-09-17 00:00:00+00:00,2025-09-17 02:00:00+00:00,S,116615.0,116304.7068,652.55,393558.89,1
4945,4946,2025-09-17 02:00:00+00:00,2025-09-17 04:00:00+00:00,L,116300.3,117152.5871,2490.57,396049.47,1
4946,4947,2025-09-17 04:00:00+00:00,2025-09-17 06:00:00+00:00,S,117059.2,116928.2674,46.94,396096.4,1
4955,4956,2025-09-17 22:00:00+00:00,2025-09-18 00:00:00+00:00,L,116400.2,116844.0451,1114.26,397210.66,1
4956,4957,2025-09-18 00:00:00+00:00,2025-09-18 02:00:00+00:00,S,116611.5,116388.3751,362.81,397573.47,1
4964,4965,2025-09-18 16:00:00+00:00,2025-09-18 18:00:00+00:00,L,117555.9,117877.1064,688.75,398262.22,1
4967,4968,2025-09-18 22:00:00+00:00,2025-09-19 00:00:00+00:00,S,117023.5,116968.5662,-211.31,398050.91,1
4968,4969,2025-09-19 00:00:00+00:00,2025-09-19 02:00:00+00:00,L,117187.5,117255.6793,-166.47,397884.45,1
4972,4973,2025-09-19 08:00:00+00:00,2025-09-19 10:00:00+00:00,S,116430.0,116243.5867,239.16,398123.6,1
4980,4982,2025-09-20 00:00:00+00:00,2025-09-20 04:00:00+00:00,L,115562.5,115665.3657,-43.74,398079.86,2
4984,4985,2025-09-20 08:00:00+00:00,2025-09-20 10:00:00+00:00,S,115623.0,115843.7,-1157.93,396921.93,1
4985,4986,2025-09-20 10:00:00+00:00,2025-09-20 12:00:00+00:00,L,115843.7,115915.1536,-152.1,396769.84,1
4991,4992,2025-09-20 22:00:00+00:00,2025-09-21 00:00:00+00:00,S,115628.9,115441.8804,244.97,397014.81,1
4992,4993,2025-09-21 00:00:00+00:00,2025-09-21 02:00:00+00:00,L,115455.1,115666.8821,331.24,397346.05,1
4999,5000,2025-09-21 14:00:00+00:00,2025-09-21 16:00:00+00:00,S,115466.4,115120.6294,792.53,398138.57,1
5004,5005,2025-09-22 00:00:00+00:00,2025-09-22 02:00:00+00:00,L,114204.3,114606.9854,1005.7,399144.28,1
5011,5012,2025-09-22 14:00:00+00:00,2025-09-22 16:00:00+00:00,S,112764.2,112181.7354,1662.57,400806.84,1
5016,5017,2025-09-23 00:00:00+00:00,2025-09-23 02:00:00+00:00,L,112082.4,112417.3122,796.84,401603.68,1
5024,5025,2025-09-23 16:00:00+00:00,2025-09-23 18:00:00+00:00,S,111893.9,111477.7581,1091.99,402695.67,1
5029,5030,2025-09-24 02:00:00+00:00,2025-09-24 04:00:00+00:00,L,111627.3,112612.4869,3151.37,405847.04,1
5030,5031,2025-09-24 04:00:00+00:00,2025-09-24 06:00:00+00:00,S,112595.0,112408.7179,265.6,406112.65,1
5032,5033,2025-09-24 08:00:00+00:00,2025-09-24 10:00:00+00:00,L,112685.6,113115.5062,1143.25,407255.89,1
5044,5045,2025-09-25 08:00:00+00:00,2025-09-25 10:00:00+00:00,S,111520.1,111188.38,804.14,408060.03,1
5058,5059,2025-09-26 12:00:00+00:00,2025-09-26 14:00:00+00:00,L,109626.3,109730.0156,-22.0,408038.03,1
5059,5060,2025-09-26 14:00:00+00:00,2025-09-26 16:00:00+00:00,S,108972.0,109856.1,-3718.49,404319.54,1
5060,5061,2025-09-26 16:00:00+00:00,2025-09-26 18:00:00+00:00,L,109856.1,110246.5211,1032.6,405352.15,1
5061,5062,2025-09-26 18:00:00+00:00,2025-09-26 20:00:00+00:00,S,109111.5,109041.9632,-147.02,405205.13,1
5062,5063,2025-09-26 20:00:00+00:00,2025-09-26 22:00:00+00:00,L,109418.2,109631.6166,385.13,405590.26,1
5069,5070,2025-09-27 10:00:00+00:00,2025-09-27 12:00:00+00:00,S,109276.1,109192.3364,-94.69,405495.57,1
5074,5075,2025-09-27 20:00:00+00:00,2025-09-27 22:00:00+00:00,L,109428.7,109660.578,453.74,405949.31,1
5088,5089,2025-09-29 00:00:00+00:00,2025-09-29 02:00:00+00:00,S,111812.2,111540.0438,582.15,406531.46,1
5095,5096,2025-09-29 14:00:00+00:00,2025-09-29 16:00:00+00:00,L,113762.5,114165.0311,1031.92,407563.38,1
5100,5101,2025-09-30 00:00:00+00:00,2025-09-30 02:00:00+00:00,S,114461.4,114252.7747,335.29,407898.67,1
5109,5110,2025-09-30 18:00:00+00:00,2025-09-30 20:00:00+00:00,L,114314.7,114744.5541,1125.91,409024.58,1
5112,5113,2025-10-01 00:00:00+00:00,2025-10-01 02:00:00+00:00,S,114514.1,114046.2021,1262.23,410286.81,1
5118,5119,2025-10-01 12:00:00+00:00,2025-10-01 14:00:00+00:00,L,116755.6,117597.9815,2549.9,412836.7,1
5124,5125,2025-10-02 00:00:00+00:00,2025-10-02 02:00:00+00:00,S,118580.0,118438.1487,81.02,412917.72,1
5130,5131,2025-10-02 12:00:00+00:00,2025-10-02 14:00:00+00:00,L,119580.2,119864.2381,567.88,413485.61,1
5143,5144,2025-10-03 14:00:00+00:00,2025-10-03 16:00:00+00:00,S,122222.9,121562.7877,1819.7,415305.31,1
5145,5146,2025-10-03 18:00:00+00:00,2025-10-03 20:00:00+00:00,L,122590.0,122658.9542,-181.71,415123.6,1
5150,5151,2025-10-04 04:00:00+00:00,2025-10-04 06:00:00+00:00,S,122484.2,122197.6433,556.07,415679.68,1
5151,5152,2025-10-04 06:00:00+00:00,2025-10-04 08:00:00+00:00,L,122258.6,122487.3028,361.91,416041.59,1
5152,5153,2025-10-04 08:00:00+00:00,2025-10-04 10:00:00+00:00,S,122153.6,121892.1976,474.27,416515.86,1
5159,5160,2025-10-04 22:00:00+00:00,2025-10-05 00:00:00+00:00,L,122359.3,122386.6256,-323.5,416192.36,1
5160,5161,2025-10-05 00:00:00+00:00,2025-10-05 02:00:00+00:00,S,122334.0,122301.2982,-304.94,415887.42,1
5178,5179,2025-10-06 12:00:00+00:00,2025-10-06 14:00:00+00:00,L,124980.0,125387.7548,940.97,416828.39,1
5192,5193,2025-10-07 16:00:00+00:00,2025-10-07 18:00:00+00:00,S,121110.0,120556.1114,1489.51,418317.9,1
5197,5198,2025-10-08 02:00:00+00:00,2025-10-08 04:00:00+00:00,L,121335.4,121858.8086,1386.19,419704.09,1
5216,5217,2025-10-09 16:00:00+00:00,2025-10-09 18:00:00+00:00,S,120915.9,120309.9238,1683.66,421387.76,1
5221,5222,2025-10-10 02:00:00+00:00,2025-10-10 04:00:00+00:00,L,121001.7,121575.1732,1575.73,422963.49,1
5229,5230,2025-10-10 18:00:00+00:00,2025-10-10 20:00:00+00:00,S,116606.5,101069.0039,55935.76,478899.25,1
5230,5231,2025-10-10 20:00:00+00:00,2025-10-10 22:00:00+00:00,L,113182.2,114768.9005,6234.79,485134.03,1
5242,5243,2025-10-11 20:00:00+00:00,2025-10-11 22:00:00+00:00,S,110834.3,110586.4476,599.74,485733.78,1
5244,5245,2025-10-12 00:00:00+00:00,2025-10-12 02:00:00+00:00,L,109920.0,111334.9401,5766.85,491500.63,1
5256,5257,2025-10-13 00:00:00+00:00,2025-10-13 02:00:00+00:00,S,115665.0,114596.6111,4048.45,495549.08,1
5265,5266,2025-10-13 18:00:00+00:00,2025-10-13 20:00:00+00:00,L,115750.0,115825.9002,-170.61,495378.48,1
5273,5274,2025-10-14 10:00:00+00:00,2025-10-14 12:00:00+00:00,S,111245.8,109812.9977,5884.9,501263.38,1
5275,5276,2025-10-14 14:00:00+00:00,2025-10-14 16:00:00+00:00,L,112862.2,113212.6267,1055.11,502318.49,1
5285,5286,2025-10-15 10:00:00+00:00,2025-10-15 12:00:00+00:00,S,111839.9,110637.6468,4897.49,507215.98,1
5297,5298,2025-10-16 10:00:00+00:00,2025-10-16 12:00:00+00:00,L,111359.7,111950.2955,2182.8,509398.78,1
5298,5299,2025-10-16 12:00:00+00:00,2025-10-16 14:00:00+00:00,S,110787.5,108283.3645,11004.57,520403.35,1
5299,5300,2025-10-16 14:00:00+00:00,2025-10-16 16:00:00+00:00,L,108463.5,109242.1362,3215.46,523618.81,1
5300,5301,2025-10-16 16:00:00+00:00,2025-10-16 18:00:00+00:00,S,108226.1,107621.9747,2399.26,526018.07,1
5307,5308,2025-10-17 06:00:00+00:00,2025-10-17 08:00:00+00:00,L,105561.6,105651.241,-79.33,525938.73,1
5316,5317,2025-10-18 00:00:00+00:00,2025-10-18 02:00:00+00:00,S,107096.2,106445.8141,2668.04,528606.77,1
5321,5322,2025-10-18 10:00:00+00:00,2025-10-18 12:00:00+00:00,L,107162.5,107261.8073,-38.75,528568.03,1
5324,5325,2025-10-18 16:00:00+00:00,2025-10-18 18:00:00+00:00,S,106831.8,106687.1053,187.33,528755.36,1
5325,5326,2025-10-18 18:00:00+00:00,2025-10-18 20:00:00+00:00,L,107025.8,107304.8277,849.77,529605.13,1
5331,5332,2025-10-19 06:00:00+00:00,2025-10-19 08:00:00+00:00,S,106737.6,106069.2645,2786.51,532391.63,1
5334,5335,2025-10-19 12:00:00+00:00,2025-10-19 14:00:00+00:00,L,108049.5,108584.1995,2102.23,534493.86,1
5341,5342,2025-10-20 02:00:00+00:00,2025-10-20 04:00:00+00:00,S,110098.3,109889.3009,480.13,534974.0,1
5343,5344,2025-10-20 06:00:00+00:00,2025-10-20 08:00:00+00:00,L,111148.6,111634.1651,1802.12,536776.12,1
5363,5364,2025-10-21 22:00:00+00:00,2025-10-22 00:00:00+00:00,S,108240.1,107783.5042,1727.54,538503.66,1
5364,5365,2025-10-22 00:00:00+00:00,2025-10-22 02:00:00+00:00,L,108307.4,108632.5343,1078.06,539581.72,1
5372,5373,2025-10-22 16:00:00+00:00,2025-10-22 18:00:00+00:00,S,107736.3,107407.9715,1104.8,540686.52,1
5381,5382,2025-10-23 10:00:00+00:00,2025-10-23 12:00:00+00:00,L,109208.6,109587.0295,1332.9,542019.42,1
5388,5389,2025-10-24 00:00:00+00:00,2025-10-24 02:00:00+00:00,S,110539.8,110245.8111,899.52,542918.94,1
5399,5400,2025-10-24 22:00:00+00:00,2025-10-25 00:00:00+00:00,L,110964.7,111207.5709,645.38,543564.32,1
5400,5401,2025-10-25 00:00:00+00:00,2025-10-25 02:00:00+00:00,S,111027.7,110912.4829,20.51,543584.83,1
5406,5407,2025-10-25 12:00:00+00:00,2025-10-25 14:00:00+00:00,L,111640.0,111732.579,-92.81,543492.02,1
5408,5409,2025-10-25 16:00:00+00:00,2025-10-25 18:00:00+00:00,S,111332.5,111276.1347,-268.33,543223.69,1
5409,5410,2025-10-25 18:00:00+00:00,2025-10-25 20:00:00+00:00,L,111586.9,111629.302,-336.8,542886.89,1
5412,5413,2025-10-26 00:00:00+00:00,2025-10-26 02:00:00+00:00,S,111598.0,111193.9655,1422.61,544309.49,1
5413,5414,2025-10-26 02:00:00+00:00,2025-10-26 04:00:00+00:00,L,111214.5,111614.3758,1412.78,545722.27,1
5416,5417,2025-10-26 08:00:00+00:00,2025-10-26 10:00:00+00:00,S,112490.4,112129.9134,1203.1,546925.37,1
5419,5420,2025-10-26 14:00:00+00:00,2025-10-26 16:00:00+00:00,L,113654.4,113735.3173,-157.54,546767.83,1
5424,5425,2025-10-27 00:00:00+00:00,2025-10-27 02:00:00+00:00,S,115232.3,114783.5913,1582.32,548350.15,1
5436,5437,2025-10-28 00:00:00+00:00,2025-10-28 02:00:00+00:00,L,114369.5,114419.8054,-307.16,548042.99,1
5445,5446,2025-10-28 18:00:00+00:00,2025-10-28 20:00:00+00:00,S,113620.0,112122.0412,6677.32,554720.31,1
5448,5449,2025-10-29 00:00:00+00:00,2025-10-29 02:00:00+00:00,L,112429.9,112718.6949,870.17,555590.48,1
5459,5460,2025-10-29 22:00:00+00:00,2025-10-30 00:00:00+00:00,S,109948.8,109676.554,820.12,556410.6,1
5460,5461,2025-10-30 00:00:00+00:00,2025-10-30 02:00:00+00:00,L,110400.0,110955.4729,2243.15,558653.74,1
5465,5466,2025-10-30 10:00:00+00:00,2025-10-30 12:00:00+00:00,S,109658.1,107322.1531,11341.84,569995.58,1
5477,5478,2025-10-31 10:00:00+00:00,2025-10-31 12:00:00+00:00,L,110374.8,110671.407,961.74,570957.32,1
5480,5481,2025-10-31 16:00:00+00:00,2025-10-31 18:00:00+00:00,S,109244.9,108913.4498,1161.33,572118.65,1
5481,5482,2025-10-31 18:00:00+00:00,2025-10-31 20:00:00+00:00,L,109797.9,109518.3,-2029.02,570089.64,1
5482,5483,2025-10-31 20:00:00+00:00,2025-10-31 22:00:00+00:00,S,109518.3,109427.8131,-99.07,569990.57,1
5491,5492,2025-11-01 14:00:00+00:00,2025-11-01 16:00:00+00:00,L,110254.1,110486.4213,631.06,570621.63,1
5498,5499,2025-11-02 04:00:00+00:00,2025-11-02 06:00:00+00:00,S,110459.0,110247.1831,523.61,571145.24,1
5501,5502,2025-11-02 10:00:00+00:00,2025-11-02 12:00:00+00:00,L,111146.2,111192.5569,-332.93,570812.31,1
5503,5504,2025-11-02 14:00:00+00:00,2025-11-02 16:00:00+00:00,S,110046.1,109610.4636,1688.85,572501.15,1
5508,5509,2025-11-03 00:00:00+00:00,2025-11-03 02:00:00+00:00,L,109606.8,109706.4102,-52.21,572448.94,1
5517,5518,2025-11-03 18:00:00+00:00,2025-11-03 20:00:00+00:00,S,107040.2,106011.2235,4930.5,577379.44,1
5522,5523,2025-11-04 04:00:00+00:00,2025-11-04 06:00:00+00:00,L,104153.1,105172.3433,5072.86,582452.3,1
5525,5526,2025-11-04 10:00:00+00:00,2025-11-04 12:00:00+00:00,S,104531.4,103522.7609,5037.72,587490.01,1
5532,5533,2025-11-05 00:00:00+00:00,2025-11-05 02:00:00+00:00,L,100714.1,102218.8647,8190.17,595680.19,1
5548,5549,2025-11-06 08:00:00+00:00,2025-11-06 10:00:00+00:00,S,102755.4,102591.9764,351.7,596031.88,1
5556,5557,2025-11-07 00:00:00+00:00,2025-11-07 02:00:00+00:00,L,101485.8,102319.5173,4300.44,600332.32,1
5560,5561,2025-11-07 08:00:00+00:00,2025-11-07 10:00:00+00:00,S,100966.3,99766.254,6534.98,606867.3,1
5564,5565,2025-11-07 16:00:00+00:00,2025-11-07 18:00:00+00:00,L,102357.5,103355.7683,5311.76,612179.07,1
5568,5569,2025-11-08 00:00:00+00:00,2025-11-08 02:00:00+00:00,S,102949.5,102522.3628,1927.75,614106.82,1
5569,5570,2025-11-08 02:00:00+00:00,2025-11-08 04:00:00+00:00,L,102520.4,102785.4789,973.74,615080.56,1
5570,5571,2025-11-08 04:00:00+00:00,2025-11-08 06:00:00+00:00,S,102255.8,101843.9604,1862.18,616942.74,1
5580,5582,2025-11-09 00:00:00+00:00,2025-11-09 04:00:00+00:00,L,101996.5,102103.1275,28.01,616970.75,2
5592,5593,2025-11-10 00:00:00+00:00,2025-11-10 02:00:00+00:00,S,105670.0,105559.8371,26.23,616996.99,1
5597,5598,2025-11-10 10:00:00+00:00,2025-11-10 12:00:00+00:00,L,106132.5,106576.8414,1966.16,618963.15,1
5602,5603,2025-11-10 20:00:00+00:00,2025-11-10 22:00:00+00:00,S,105562.8,105309.5499,865.96,619829.11,1
5603,5604,2025-11-10 22:00:00+00:00,2025-11-11 00:00:00+00:00,L,105969.5,107470.5923,8160.25,627989.36,1
5604,5605,2025-11-11 00:00:00+00:00,2025-11-11 02:00:00+00:00,S,106050.0,105557.0704,2290.96,630280.32,1
5616,5617,2025-11-12 00:00:00+00:00,2025-11-12 02:00:00+00:00,L,103195.6,103407.7843,665.66,630945.98,1
5620,5621,2025-11-12 08:00:00+00:00,2025-11-12 10:00:00+00:00,S,104481.2,104472.7819,-580.11,630365.87,1
5621,5622,2025-11-12 10:00:00+00:00,2025-11-12 12:00:00+00:00,L,104998.5,105307.569,1225.15,631591.02,1
5624,5625,2025-11-12 16:00:00+00:00,2025-11-12 18:00:00+00:00,S,101693.8,100752.6532,5213.6,636804.63,1
5628,5629,2025-11-13 00:00:00+00:00,2025-11-13 02:00:00+00:00,L,101953.1,102519.9397,2903.71,639708.33,1
5629,5630,2025-11-13 02:00:00+00:00,2025-11-13 04:00:00+00:00,S,102080.0,101590.3873,2428.56,642136.9,1
5633,5634,2025-11-13 10:00:00+00:00,2025-11-13 12:00:00+00:00,L,102888.6,103223.8527,1450.2,643587.1,1
5634,5635,2025-11-13 12:00:00+00:00,2025-11-13 14:00:00+00:00,S,102273.2,101128.4122,6560.36,650147.46,1
5640,5641,2025-11-14 00:00:00+00:00,2025-11-14 02:00:00+00:00,L,99199.7,99888.6194,3864.98,654012.44,1
5645,5646,2025-11-14 10:00:00+00:00,2025-11-14 12:00:00+00:00,S,96123.2,94514.0529,10294.46,664306.9,1
5659,5660,2025-11-15 14:00:00+00:00,2025-11-15 16:00:00+00:00,L,96219.7,96351.4183,245.08,664551.98,1
5662,5663,2025-11-15 20:00:00+00:00,2025-11-15 22:00:00+00:00,S,95233.6,95186.5397,-336.16,664215.83,1
5664,5665,2025-11-16 00:00:00+00:00,2025-11-16 02:00:00+00:00,L,95229.3,95939.5493,4289.71,668505.53,1
5671,5672,2025-11-16 14:00:00+00:00,2025-11-16 16:00:00+00:00,S,94535.7,93661.8625,5510.8,674016.34,1
5680,5681,2025-11-17 08:00:00+00:00,2025-11-17 10:00:00+00:00,L,95616.8,95896.0524,1294.47,675310.81,1
5684,5685,2025-11-17 16:00:00+00:00,2025-11-17 18:00:00+00:00,S,92711.3,91569.5638,7641.12,682951.93,1
5688,5689,2025-11-18 00:00:00+00:00,2025-11-18 02:00:00+00:00,L,91656.5,91687.3607,-453.0,682498.93,1
5707,5708,2025-11-19 14:00:00+00:00,2025-11-19 16:00:00+00:00,S,89887.9,88848.6293,7208.45,689707.38,1
5711,5712,2025-11-19 22:00:00+00:00,2025-11-20 00:00:00+00:00,L,91509.0,92686.6009,8185.92,697893.3,1
5712,5713,2025-11-20 00:00:00+00:00,2025-11-20 02:00:00+00:00,S,92571.7,92318.6758,1209.64,699102.94,1
5724,5725,2025-11-21 00:00:00+00:00,2025-11-21 02:00:00+00:00,L,87010.9,87019.9273,-626.57,698476.37,1
5729,5730,2025-11-21 10:00:00+00:00,2025-11-21 12:00:00+00:00,S,82284.7,80626.5115,13377.11,711853.48,1
5732,5733,2025-11-21 16:00:00+00:00,2025-11-21 18:00:00+00:00,L,84848.4,85027.9543,794.56,712648.04,1
5736,5737,2025-11-22 00:00:00+00:00,2025-11-22 02:00:00+00:00,S,85149.7,84184.9657,7361.56,720009.59,1
5745,5746,2025-11-22 18:00:00+00:00,2025-11-22 20:00:00+00:00,L,84572.0,84763.3115,908.73,720918.33,1
5748,5749,2025-11-23 00:00:00+00:00,2025-11-23 02:00:00+00:00,S,85841.2,85662.1701,782.62,721700.95,1
5754,5755,2025-11-23 12:00:00+00:00,2025-11-23 14:00:00+00:00,L,86881.4,87193.2438,1868.7,723569.66,1
5761,5762,2025-11-24 02:00:00+00:00,2025-11-24 04:00:00+00:00,S,87406.4,86403.7303,7576.75,731146.41,1
5768,5769,2025-11-24 16:00:00+00:00,2025-11-24 18:00:00+00:00,L,88325.9,88756.0139,2829.26,733975.67,1
5776,5777,2025-11-25 08:00:00+00:00,2025-11-25 10:00:00+00:00,S,87181.8,86903.8956,1605.68,735581.35,1
5787,5788,2025-11-26 06:00:00+00:00,2025-11-26 08:00:00+00:00,L,87900.0,87901.2869,-724.81,734856.54,1
5788,5789,2025-11-26 08:00:00+00:00,2025-11-26 10:00:00+00:00,S,86787.7,86624.7104,645.22,735501.76,1
5792,5793,2025-11-26 16:00:00+00:00,2025-11-26 18:00:00+00:00,L,89809.2,90374.6872,3895.61,739397.37,1
5796,5797,2025-11-27 00:00:00+00:00,2025-11-27 02:00:00+00:00,S,91093.0,90836.5681,1342.05,740739.42,1
5804,5805,2025-11-27 16:00:00+00:00,2025-11-27 18:00:00+00:00,L,91435.0,91791.3097,2145.82,742885.24,1
5816,5817,2025-11-28 16:00:00+00:00,2025-11-28 18:00:00+00:00,S,90605.1,90373.2299,1158.25,744043.49,1
5820,5821,2025-11-29 00:00:00+00:00,2025-11-29 02:00:00+00:00,L,90828.3,90879.2479,-326.69,743716.8,1
5832,5833,2025-11-30 00:00:00+00:00,2025-11-30 02:00:00+00:00,S,90871.7,90416.2144,2984.09,746700.9,1
5839,5840,2025-11-30 14:00:00+00:00,2025-11-30 16:00:00+00:00,L,91398.4,91812.7215,2638.2,749339.09,1
5843,5844,2025-11-30 22:00:00+00:00,2025-12-01 00:00:00+00:00,S,90308.6,86896.4228,27563.33,776902.43,1
5844,5845,2025-12-01 00:00:00+00:00,2025-12-01 02:00:00+00:00,L,87122.6,87453.925,2177.64,779080.06,1
5850,5851,2025-12-01 12:00:00+00:00,2025-12-01 14:00:00+00:00,S,85950.0,83765.408,19022.81,798102.87,1
5861,5862,2025-12-02 10:00:00+00:00,2025-12-02 12:00:00+00:00,L,87325.4,87832.3039,3834.7,801937.57,1
5863,5864,2025-12-02 14:00:00+00:00,2025-12-02 16:00:00+00:00,S,90780.8,90168.0149,4611.27,806548.84,1
5864,5865,2025-12-02 16:00:00+00:00,2025-12-02 18:00:00+00:00,L,91399.9,92287.3183,7024.38,813573.22,1
5868,5869,2025-12-03 00:00:00+00:00,2025-12-03 02:00:00+00:00,S,92199.9,92117.8188,-89.29,813483.93,1
5876,5877,2025-12-03 16:00:00+00:00,2025-12-03 18:00:00+00:00,L,92908.1,93500.7515,4375.65,817859.58,1
5881,5882,2025-12-04 02:00:00+00:00,2025-12-04 04:00:00+00:00,S,93500.1,92751.6646,5728.82,823588.4,1
5884,5885,2025-12-04 08:00:00+00:00,2025-12-04 10:00:00+00:00,L,93404.6,93508.1328,89.3,823677.71,1
5885,5886,2025-12-04 10:00:00+00:00,2025-12-04 12:00:00+00:00,S,92893.5,92353.9379,3960.57,827638.27,1
5893,5894,2025-12-05 02:00:00+00:00,2025-12-05 04:00:00+00:00,L,92106.0,92352.0599,1383.39,829021.66,1
5897,5898,2025-12-05 10:00:00+00:00,2025-12-05 12:00:00+00:00,S,91304.7,90185.5436,9332.61,838354.27,1
5904,5905,2025-12-06 00:00:00+00:00,2025-12-06 02:00:00+00:00,L,89290.2,89739.3735,3378.98,841733.25,1
5913,5914,2025-12-06 18:00:00+00:00,2025-12-06 20:00:00+00:00,S,89363.7,89280.9017,-61.84,841671.41,1
5916,5917,2025-12-07 00:00:00+00:00,2025-12-07 02:00:00+00:00,L,89246.4,89711.1714,3541.53,845212.94,1
5920,5921,2025-12-07 08:00:00+00:00,2025-12-07 10:00:00+00:00,S,89061.6,89059.9329,-829.39,844383.55,1
5924,5925,2025-12-07 16:00:00+00:00,2025-12-07 18:00:00+00:00,L,90909.0,91717.9716,6669.53,851053.07,1
5928,5929,2025-12-08 00:00:00+00:00,2025-12-08 02:00:00+00:00,S,90870.8,90761.1061,176.29,851229.36,1
5932,5933,2025-12-08 08:00:00+00:00,2025-12-08 10:00:00+00:00,L,91870.7,92175.2978,1971.03,853200.39,1
5937,5938,2025-12-08 18:00:00+00:00,2025-12-08 20:00:00+00:00,S,90075.8,91256.3,-12034.93,841165.46,1
5938,5939,2025-12-08 20:00:00+00:00,2025-12-08 22:00:00+00:00,L,91256.3,91321.5232,-239.96,840925.5,1
5947,5948,2025-12-09 14:00:00+00:00,2025-12-09 16:00:00+00:00,S,92670.4,92662.4702,-768.97,840156.53,1
5949,5950,2025-12-09 18:00:00+00:00,2025-12-09 20:00:00+00:00,L,93761.7,93804.337,-458.11,839698.43,1
5959,5960,2025-12-10 14:00:00+00:00,2025-12-10 16:00:00+00:00,S,92020.3,91853.2596,684.57,840382.99,1
5964,5973,2025-12-11 00:00:00+00:00,2025-12-11 18:00:00+00:00,L,90632.1,91500.2384,7209.4,847592.39,9
5976,5977,2025-12-12 00:00:00+00:00,2025-12-12 02:00:00+00:00,S,92139.6,91911.0857,1254.51,848846.91,1
5981,5982,2025-12-12 10:00:00+00:00,2025-12-12 12:00:00+00:00,L,92374.3,92463.0623,-33.19,848813.71,1
5985,5986,2025-12-12 18:00:00+00:00,2025-12-12 20:00:00+00:00,S,90153.5,89848.194,2025.71,850839.42,1
5988,5989,2025-12-13 00:00:00+00:00,2025-12-13 02:00:00+00:00,L,90184.7,90420.0088,1369.16,852208.58,1
5995,5996,2025-12-13 14:00:00+00:00,2025-12-13 16:00:00+00:00,S,90050.9,89953.1065,73.27,852281.85,1
6005,6006,2025-12-14 10:00:00+00:00,2025-12-14 12:00:00+00:00,L,89305.1,89612.9885,2086.05,854367.9,1
6007,6008,2025-12-14 14:00:00+00:00,2025-12-14 16:00:00+00:00,S,88977.0,88435.0947,4349.07,858716.97,1
6016,6017,2025-12-15 08:00:00+00:00,2025-12-15 10:00:00+00:00,L,89825.2,89938.6204,225.57,858942.54,1
6021,6022,2025-12-15 18:00:00+00:00,2025-12-15 20:00:00+00:00,S,86108.4,85470.8987,5500.22,864442.76,1
6024,6025,2025-12-16 00:00:00+00:00,2025-12-16 02:00:00+00:00,L,85844.9,86176.9835,2479.58,866922.33,1
6036,6037,2025-12-17 00:00:00+00:00,2025-12-17 02:00:00+00:00,S,87517.3,87108.56,3181.94,870104.28,1
6037,6038,2025-12-17 02:00:00+00:00,2025-12-17 04:00:00+00:00,L,87173.9,87339.5071,782.86,870887.14,1
6044,6045,2025-12-17 16:00:00+00:00,2025-12-17 18:00:00+00:00,S,86374.5,85270.3876,10261.53,881148.67,1
6048,6049,2025-12-18 00:00:00+00:00,2025-12-18 02:00:00+00:00,L,86084.2,86836.5393,6819.72,887968.39,1
6049,6050,2025-12-18 02:00:00+00:00,2025-12-18 04:00:00+00:00,S,86594.5,86359.6285,1520.48,889488.87,1
6051,6052,2025-12-18 06:00:00+00:00,2025-12-18 08:00:00+00:00,L,86794.0,87371.8567,5032.55,894521.42,1
6054,6055,2025-12-18 12:00:00+00:00,2025-12-18 14:00:00+00:00,S,88818.5,87707.3394,10296.36,904817.77,1
6060,6061,2025-12-19 00:00:00+00:00,2025-12-19 02:00:00+00:00,L,85273.6,87523.9074,22972.66,927790.43,1
6061,6062,2025-12-19 02:00:00+00:00,2025-12-19 04:00:00+00:00,S,86853.2,86640.8039,1341.08,929131.51,1
6064,6065,2025-12-19 08:00:00+00:00,2025-12-19 10:00:00+00:00,L,88065.9,88343.9405,2004.31,931135.82,1
6072,6073,2025-12-20 00:00:00+00:00,2025-12-20 02:00:00+00:00,S,88040.3,87943.707,90.46,931226.28,1
6083,6084,2025-12-20 22:00:00+00:00,2025-12-21 00:00:00+00:00,L,88314.8,88387.6179,-163.41,931062.87,1
6088,6089,2025-12-21 08:00:00+00:00,2025-12-21 10:00:00+00:00,S,88848.0,88535.7597,2340.99,933403.86,1
6090,6091,2025-12-21 12:00:00+00:00,2025-12-21 14:00:00+00:00,L,87620.1,88249.7285,5773.93,939177.8,1
6096,6097,2025-12-22 00:00:00+00:00,2025-12-22 02:00:00+00:00,S,88580.0,87851.6848,6782.85,945960.65,1
6099,6100,2025-12-22 06:00:00+00:00,2025-12-22 08:00:00+00:00,L,89132.5,89886.1486,7052.49,953013.14,1
6105,6106,2025-12-22 18:00:00+00:00,2025-12-22 20:00:00+00:00,S,88002.1,87863.0121,553.23,953566.37,1
6108,6109,2025-12-23 00:00:00+00:00,2025-12-23 02:00:00+00:00,L,88468.8,88718.0933,1733.46,955299.83,1
6112,6113,2025-12-23 08:00:00+00:00,2025-12-23 10:00:00+00:00,S,87479.5,87461.7963,-761.97,954537.86,1
6118,6119,2025-12-23 20:00:00+00:00,2025-12-23 22:00:00+00:00,L,87679.9,87741.4694,-284.26,954253.6,1
6119,6120,2025-12-23 22:00:00+00:00,2025-12-24 00:00:00+00:00,S,87444.0,87219.3844,1496.92,955750.52,1
6121,6122,2025-12-24 02:00:00+00:00,2025-12-24 04:00:00+00:00,L,87299.8,87420.4471,365.08,956115.6,1
6123,6124,2025-12-24 06:00:00+00:00,2025-12-24 08:00:00+00:00,S,86864.0,86679.606,1073.52,957189.12,1
6128,6129,2025-12-24 16:00:00+00:00,2025-12-24 18:00:00+00:00,L,87282.6,87543.0201,1898.72,959087.84,1
6132,6133,2025-12-25 00:00:00+00:00,2025-12-25 02:00:00+00:00,S,87669.0,87526.9297,595.14,959682.99,1
6140,6141,2025-12-25 16:00:00+00:00,2025-12-25 18:00:00+00:00,L,88097.8,88274.5966,966.23,960649.22,1
6143,6144,2025-12-25 22:00:00+00:00,2025-12-26 00:00:00+00:00,S,87178.1,86821.6758,2966.93,963616.14,1
6144,6145,2025-12-26 00:00:00+00:00,2025-12-26 02:00:00+00:00,L,87393.0,89398.0878,21144.96,984761.11,1
6145,6146,2025-12-26 02:00:00+00:00,2025-12-26 04:00:00+00:00,S,88796.4,88479.1916,2533.11,987294.22,1
6150,6151,2025-12-26 12:00:00+00:00,2025-12-26 14:00:00+00:00,L,88968.4,89021.7361,-395.42,986898.8,1
6152,6153,2025-12-26 16:00:00+00:00,2025-12-26 18:00:00+00:00,S,87290.2,87092.034,1253.56,988152.36,1
6156,6157,2025-12-27 00:00:00+00:00,2025-12-27 02:00:00+00:00,L,87431.9,87484.8467,-389.75,987762.61,1
6162,6163,2025-12-27 12:00:00+00:00,2025-12-27 14:00:00+00:00,S,87409.1,87364.8026,-487.18,987275.43,1
6163,6164,2025-12-27 14:00:00+00:00,2025-12-27 16:00:00+00:00,L,87518.4,87546.0329,-675.55,986599.87,1
6168,6169,2025-12-28 00:00:00+00:00,2025-12-28 02:00:00+00:00,S,87753.9,87703.8884,-424.33,986175.54,1
6173,6174,2025-12-28 10:00:00+00:00,2025-12-28 12:00:00+00:00,L,87850.0,87921.5782,-182.66,985992.88,1
6177,6178,2025-12-28 18:00:00+00:00,2025-12-28 20:00:00+00:00,S,87487.9,87368.9366,354.73,986347.61,1
6179,6180,2025-12-28 22:00:00+00:00,2025-12-29 00:00:00+00:00,L,87909.9,88468.484,5280.96,991628.57,1
6180,6184,2025-12-29 00:00:00+00:00,2025-12-29 08:00:00+00:00,S,88414.9,87721.3141,6787.37,998415.94,4
6192,6193,2025-12-30 00:00:00+00:00,2025-12-30 02:00:00+00:00,L,87267.9,87373.5185,209.95,998625.88,1
6196,6197,2025-12-30 08:00:00+00:00,2025-12-30 10:00:00+00:00,S,87953.0,87722.7276,1615.91,1000241.79,1
6197,6198,2025-12-30 10:00:00+00:00,2025-12-30 12:00:00+00:00,L,87867.1,88112.5933,1794.35,1002036.14,1
6199,6200,2025-12-30 14:00:00+00:00,2025-12-30 16:00:00+00:00,S,88969.2,88046.7051,9387.78,1011423.92,1
6200,6201,2025-12-30 16:00:00+00:00,2025-12-30 18:00:00+00:00,L,88340.0,88453.6661,289.96,1011713.88,1
6201,6202,2025-12-30 18:00:00+00:00,2025-12-30 20:00:00+00:00,S,88190.1,87829.7109,3122.66,1014836.54,1
6203,6204,2025-12-30 22:00:00+00:00,2025-12-31 00:00:00+00:00,L,88458.0,88761.3925,2465.84,1017302.38,1
6204,6205,2025-12-31 00:00:00+00:00,2025-12-31 02:00:00+00:00,S,88615.9,88346.135,2079.58,1019381.96,1
6209,6210,2025-12-31 10:00:00+00:00,2025-12-31 12:00:00+00:00,L,88976.2,89029.4074,-409.8,1018972.16,1
6212,6213,2025-12-31 16:00:00+00:00,2025-12-31 18:00:00+00:00,S,87569.2,87487.83,-72.14,1018900.02,1
6221,6222,2026-01-01 10:00:00+00:00,2026-01-01 12:00:00+00:00,L,87980.5,87995.5614,-844.47,1018055.55,1
6228,6229,2026-01-02 00:00:00+00:00,2026-01-02 02:00:00+00:00,S,88612.4,88330.4637,2221.07,1020276.62,1
6233,6234,2026-01-02 10:00:00+00:00,2026-01-02 12:00:00+00:00,L,89468.5,89705.9297,1687.31,1021963.93,1
6240,6241,2026-01-03 00:00:00+00:00,2026-01-03 02:00:00+00:00,S,90229.7,90093.1136,525.05,1022488.98,1
6243,6244,2026-01-03 06:00:00+00:00,2026-01-03 08:00:00+00:00,L,89525.0,89939.8809,3715.98,1026204.96,1
6252,6253,2026-01-04 00:00:00+00:00,2026-01-04 02:00:00+00:00,S,91189.3,91044.8612,599.25,1026804.21,1
6263,6264,2026-01-04 22:00:00+00:00,2026-01-05 00:00:00+00:00,L,91490.7,93390.3897,20293.5,1047097.7,1
6264,6265,2026-01-05 00:00:00+00:00,2026-01-05 02:00:00+00:00,S,92927.5,92696.6588,1554.0,1048651.7,1
6272,6273,2026-01-05 16:00:00+00:00,2026-01-05 18:00:00+00:00,L,94272.2,94475.6117,1214.03,1049865.73,1
6280,6281,2026-01-06 08:00:00+00:00,2026-01-06 10:00:00+00:00,S,93425.7,93371.9308,-445.64,1049420.09,1
6281,6282,2026-01-06 10:00:00+00:00,2026-01-06 12:00:00+00:00,L,93814.7,93956.1602,532.97,1049953.06,1
6285,6286,2026-01-06 18:00:00+00:00,2026-01-06 20:00:00+00:00,S,92077.3,93208.3,-13946.69,1036006.37,1
6286,6287,2026-01-06 20:00:00+00:00,2026-01-06 22:00:00+00:00,L,93208.3,93747.4508,4956.63,1040963.0,1
6294,6295,2026-01-07 12:00:00+00:00,2026-01-07 14:00:00+00:00,S,92003.5,90931.0173,11093.52,1052056.52,1
6295,6296,2026-01-07 14:00:00+00:00,2026-01-07 16:00:00+00:00,L,91309.4,91763.5182,4180.24,1056236.76,1
6296,6297,2026-01-07 16:00:00+00:00,2026-01-07 18:00:00+00:00,S,91204.0,90632.73,5559.66,1061796.42,1
6301,6302,2026-01-08 02:00:00+00:00,2026-01-08 04:00:00+00:00,L,90760.1,91140.1114,3383.93,1065180.36,1
6304,6305,2026-01-08 08:00:00+00:00,2026-01-08 10:00:00+00:00,S,89966.1,89730.0661,1729.41,1066909.77,1
6308,6309,2026-01-08 16:00:00+00:00,2026-01-08 18:00:00+00:00,L,91322.5,91424.5289,125.08,1067034.85,1
6312,6313,2026-01-09 00:00:00+00:00,2026-01-09 02:00:00+00:00,S,91010.8,90927.9677,-95.89,1066938.96,1
6316,6317,2026-01-09 08:00:00+00:00,2026-01-09 10:00:00+00:00,L,90303.9,90642.3452,2931.78,1069870.75,1
6317,6318,2026-01-09 10:00:00+00:00,2026-01-09 12:00:00+00:00,S,90413.9,90178.0801,1720.59,1071591.34,1
6320,6321,2026-01-09 16:00:00+00:00,2026-01-09 18:00:00+00:00,L,91375.1,91460.1596,-74.06,1071517.28,1
6321,6322,2026-01-09 18:00:00+00:00,2026-01-09 20:00:00+00:00,S,90280.0,90085.2021,1240.5,1072757.78,1
6327,6328,2026-01-10 06:00:00+00:00,2026-01-10 08:00:00+00:00,L,90643.7,90736.1242,21.07,1072778.85,1
6330,6331,2026-01-10 12:00:00+00:00,2026-01-10 14:00:00+00:00,S,90618.8,90495.6162,385.52,1073164.37,1
6342,6343,2026-01-11 12:00:00+00:00,2026-01-11 14:00:00+00:00,L,90816.1,91170.4671,3114.35,1076278.73,1
6345,6346,2026-01-11 18:00:00+00:00,2026-01-11 20:00:00+00:00,S,90642.8,90341.5209,2501.06,1078779.79,1
6347,6348,2026-01-11 22:00:00+00:00,2026-01-12 00:00:00+00:00,L,90962.6,91764.3281,8429.39,1087209.18,1
6348,6349,2026-01-12 00:00:00+00:00,2026-01-12 02:00:00+00:00,S,91371.5,91330.6842,-601.55,1086607.63,1
6357,6358,2026-01-12 18:00:00+00:00,2026-01-12 20:00:00+00:00,L,91820.9,92011.204,1165.45,1087773.08,1
6358,6360,2026-01-12 20:00:00+00:00,2026-01-13 00:00:00+00:00,S,91005.5,91154.4,-2867.55,1084905.53,2
6360,6361,2026-01-13 00:00:00+00:00,2026-01-13 02:00:00+00:00,L,91154.4,91418.4588,2057.88,1086963.41,1
6362,6363,2026-01-13 04:00:00+00:00,2026-01-13 06:00:00+00:00,S,91888.3,91777.2947,226.14,1087189.55,1
6365,6366,2026-01-13 10:00:00+00:00,2026-01-13 12:00:00+00:00,L,91964.5,92593.4681,6348.37,1093537.92,1
6372,6373,2026-01-14 00:00:00+00:00,2026-01-14 02:00:00+00:00,S,95210.4,95175.152,-688.7,1092849.22,1
6381,6382,2026-01-14 18:00:00+00:00,2026-01-14 20:00:00+00:00,L,97216.4,97954.1769,7200.8,1100050.02,1
6393,6394,2026-01-15 18:00:00+00:00,2026-01-15 20:00:00+00:00,S,95458.6,95080.6347,3255.56,1103305.59,1
6396,6397,2026-01-16 00:00:00+00:00,2026-01-16 02:00:00+00:00,L,95626.7,95640.3492,-945.83,1102359.76,1
6402,6403,2026-01-16 12:00:00+00:00,2026-01-16 14:00:00+00:00,S,95395.6,94248.5691,12152.35,1114512.11,1
6403,6404,2026-01-16 14:00:00+00:00,2026-01-16 16:00:00+00:00,L,94544.4,95116.2709,5626.84,1120138.95,1
6408,6409,2026-01-17 00:00:00+00:00,2026-01-17 02:00:00+00:00,S,95358.1,95145.6659,1375.25,1121514.2,1
6414,6415,2026-01-17 12:00:00+00:00,2026-01-17 14:00:00+00:00,L,95394.5,95648.3192,1862.53,1123376.73,1
6417,6418,2026-01-17 18:00:00+00:00,2026-01-17 20:00:00+00:00,S,95247.2,95223.6571,-845.7,1122531.03,1
6420,6421,2026-01-18 00:00:00+00:00,2026-01-18 02:00:00+00:00,L,94920.6,95175.639,1893.56,1124424.59,1
6449,6450,2026-01-20 10:00:00+00:00,2026-01-20 12:00:00+00:00,S,91177.3,90724.6174,4458.19,1128882.78,1
6456,6457,2026-01-21 00:00:00+00:00,2026-01-21 02:00:00+00:00,L,88975.1,89552.2542,6193.83,1135076.61,1
6460,6461,2026-01-21 08:00:00+00:00,2026-01-21 10:00:00+00:00,S,89072.0,88649.8031,4245.13,1139321.74,1
6465,6466,2026-01-21 18:00:00+00:00,2026-01-21 20:00:00+00:00,L,90329.5,90338.6595,-1023.79,1138297.95,1
6468,6469,2026-01-22 00:00:00+00:00,2026-01-22 02:00:00+00:00,S,90062.4,89660.8234,3937.23,1142235.17,1
6475,6476,2026-01-22 14:00:00+00:00,2026-01-22 16:00:00+00:00,L,88945.4,89570.9014,6890.44,1149125.61,1
6478,6479,2026-01-22 20:00:00+00:00,2026-01-22 22:00:00+00:00,S,89226.8,89112.5923,321.72,1149447.34,1
6479,6480,2026-01-22 22:00:00+00:00,2026-01-23 00:00:00+00:00,L,89511.7,89897.6593,3806.78,1153254.11,1
6480,6481,2026-01-23 00:00:00+00:00,2026-01-23 02:00:00+00:00,S,89895.4,89607.9921,2533.86,1155787.97,1
6492,6493,2026-01-24 00:00:00+00:00,2026-01-24 02:00:00+00:00,L,89500.0,89875.6749,3695.61,1159483.58,1
6493,6494,2026-01-24 02:00:00+00:00,2026-01-24 04:00:00+00:00,S,89724.4,89670.0785,-457.5,1159026.08,1
6494,6495,2026-01-24 04:00:00+00:00,2026-01-24 06:00:00+00:00,L,89744.3,89570.1,-3408.78,1155617.3,1
6495,6496,2026-01-24 06:00:00+00:00,2026-01-24 08:00:00+00:00,S,89570.1,89541.5109,-786.77,1154830.54,1
6504,6505,2026-01-25 00:00:00+00:00,2026-01-25 02:00:00+00:00,L,89136.2,89219.3894,-77.05,1154753.49,1
6511,6512,2026-01-25 14:00:00+00:00,2026-01-25 16:00:00+00:00,S,88407.9,87481.9483,10939.71,1165693.2,1
6512,6513,2026-01-25 16:00:00+00:00,2026-01-25 18:00:00+00:00,L,87835.2,87937.3188,189.56,1165882.76,1
6514,6515,2026-01-25 20:00:00+00:00,2026-01-25 22:00:00+00:00,S,86538.0,86037.5382,5576.59,1171459.35,1
6521,6522,2026-01-26 10:00:00+00:00,2026-01-26 12:00:00+00:00,L,87816.0,88004.6127,1344.62,1172803.97,1
6528,6529,2026-01-27 00:00:00+00:00,2026-01-27 02:00:00+00:00,S,88524.6,88517.2073,-1074.86,1171729.11,1
6537,6538,2026-01-27 18:00:00+00:00,2026-01-27 20:00:00+00:00,L,88373.1,89492.2153,13666.5,1185395.6,1
6540,6541,2026-01-28 00:00:00+00:00,2026-01-28 02:00:00+00:00,S,89355.5,88930.7834,4448.92,1189844.53,1
6548,6549,2026-01-28 16:00:00+00:00,2026-01-28 18:00:00+00:00,L,90141.7,89350.5,-11633.46,1178211.07,1
6549,6550,2026-01-28 18:00:00+00:00,2026-01-28 20:00:00+00:00,S,89350.5,88821.1889,5801.49,1184012.56,1
6552,6553,2026-01-29 00:00:00+00:00,2026-01-29 02:00:00+00:00,L,88555.9,88710.4195,881.95,1184894.51,1
6558,6559,2026-01-29 12:00:00+00:00,2026-01-29 14:00:00+00:00,S,88000.0,84309.362,48508.48,1233402.99,1
6559,6560,2026-01-29 14:00:00+00:00,2026-01-29 16:00:00+00:00,L,84891.6,85586.1035,8857.14,1242260.13,1
6561,6562,2026-01-29 18:00:00+00:00,2026-01-29 20:00:00+00:00,S,83967.6,83782.9274,1489.88,1243750.02,1
6564,6565,2026-01-30 00:00:00+00:00,2026-01-30 02:00:00+00:00,L,82429.6,82684.5468,2603.05,1246353.06,1
6576,6577,2026-01-31 00:00:00+00:00,2026-01-31 02:00:00+00:00,S,83972.9,83788.9491,1483.91,1247836.97,1
6580,6581,2026-01-31 08:00:00+00:00,2026-01-31 10:00:00+00:00,L,83075.9,83162.4144,51.65,1247888.62,1
6581,6582,2026-01-31 10:00:00+00:00,2026-01-31 12:00:00+00:00,S,82978.6,82406.027,7362.85,1255251.47,1
6583,6584,2026-01-31 14:00:00+00:00,2026-01-31 16:00:00+00:00,L,81255.2,82252.1333,14145.63,1269397.1,1
6586,6587,2026-01-31 20:00:00+00:00,2026-01-31 22:00:00+00:00,S,78262.2,77968.5824,3493.02,1272890.12,1
6588,6589,2026-02-01 00:00:00+00:00,2026-02-01 02:00:00+00:00,L,78495.7,79009.1687,7053.54,1279943.67,1
6596,6597,2026-02-01 16:00:00+00:00,2026-02-01 18:00:00+00:00,S,77719.0,76962.5473,11177.97,1291121.64,1
6601,6602,2026-02-02 02:00:00+00:00,2026-02-02 04:00:00+00:00,L,76268.9,76578.2793,3946.22,1295067.86,1
6612,6613,2026-02-03 00:00:00+00:00,2026-02-03 02:00:00+00:00,S,78980.8,77612.0557,21148.57,1316216.43,1
6621,6622,2026-02-03 18:00:00+00:00,2026-02-03 20:00:00+00:00,L,74889.3,76899.7687,34018.76,1350235.2,1
6623,6624,2026-02-03 22:00:00+00:00,2026-02-04 00:00:00+00:00,S,75723.2,75427.6556,3919.67,1354154.87,1
6636,6637,2026-02-05 00:00:00+00:00,2026-02-05 02:00:00+00:00,L,72380.9,72805.3878,6587.47,1360742.35,1
6642,6643,2026-02-05 12:00:00+00:00,2026-02-05 14:00:00+00:00,S,69658.4,66671.6433,56984.07,1417726.42,1
6653,6654,2026-02-06 10:00:00+00:00,2026-02-06 12:00:00+00:00,L,66588.8,67651.3632,21205.06,1438931.47,1
6660,6661,2026-02-07 00:00:00+00:00,2026-02-07 02:00:00+00:00,S,70424.4,70125.2641,4673.1,1443604.57,1
6663,6664,2026-02-07 06:00:00+00:00,2026-02-07 08:00:00+00:00,L,68066.4,68765.0322,13373.53,1456978.1,1
6665,6666,2026-02-07 10:00:00+00:00,2026-02-07 12:00:00+00:00,S,67946.2,67898.3575,-431.09,1456547.01,1
6668,6669,2026-02-07 16:00:00+00:00,2026-02-07 18:00:00+00:00,L,69160.1,69654.5743,8957.33,1465504.34,1
6672,6673,2026-02-08 00:00:00+00:00,2026-02-08 02:00:00+00:00,S,69350.2,69033.137,5234.65,1470738.99,1
6673,6674,2026-02-08 02:00:00+00:00,2026-02-08 04:00:00+00:00,L,69062.5,69375.4496,5193.76,1475932.76,1
6676,6677,2026-02-08 08:00:00+00:00,2026-02-08 10:00:00+00:00,S,70073.5,69857.8641,3065.93,1478998.68,1
6678,6679,2026-02-08 12:00:00+00:00,2026-02-08 14:00:00+00:00,L,71476.2,71512.3076,-731.85,1478266.83,1
6689,6690,2026-02-09 10:00:00+00:00,2026-02-09 12:00:00+00:00,S,68900.0,68563.4254,5743.03,1484009.86,1
6693,6694,2026-02-09 18:00:00+00:00,2026-02-09 20:00:00+00:00,L,70933.4,71107.7284,2163.14,1486173.0,1
6696,6697,2026-02-10 00:00:00+00:00,2026-02-10 02:00:00+00:00,S,70456.7,69160.945,25845.74,1512018.74,1
6697,6698,2026-02-10 02:00:00+00:00,2026-02-10 04:00:00+00:00,L,69470.5,69863.5716,7043.15,1519061.88,1
6700,6701,2026-02-10 08:00:00+00:00,2026-02-10 10:00:00+00:00,S,69111.2,68375.6795,14647.65,1533709.54,1
6704,6705,2026-02-10 16:00:00+00:00,2026-02-10 18:00:00+00:00,L,69894.2,69900.5695,-1393.94,1532315.6,1
6705,6706,2026-02-10 18:00:00+00:00,2026-02-10 20:00:00+00:00,S,69028.3,68325.8962,14059.9,1546375.5,1
6708,6709,2026-02-11 00:00:00+00:00,2026-02-11 02:00:00+00:00,L,68952.4,69124.8708,2321.58,1548697.08,1
6713,6714,2026-02-11 10:00:00+00:00,2026-02-11 12:00:00+00:00,S,67023.7,66777.8581,4131.9,1552828.98,1
6715,6716,2026-02-11 14:00:00+00:00,2026-02-11 16:00:00+00:00,L,66485.2,67227.3846,15781.64,1568610.62,1
6716,6717,2026-02-11 16:00:00+00:00,2026-02-11 18:00:00+00:00,S,66483.0,66120.0495,6994.9,1575605.52,1
6717,6718,2026-02-11 18:00:00+00:00,2026-02-11 20:00:00+00:00,L,67552.4,68317.3322,16265.82,1591871.34,1
6720,6721,2026-02-12 00:00:00+00:00,2026-02-12 02:00:00+00:00,S,67667.4,67288.0315,7332.75,1599204.09,1
6725,6726,2026-02-12 10:00:00+00:00,2026-02-12 12:00:00+00:00,L,68049.0,68374.1395,6041.83,1605245.92,1
6729,6730,2026-02-12 18:00:00+00:00,2026-02-12 20:00:00+00:00,S,65759.9,65193.9577,12209.81,1617455.73,1
6736,6737,2026-02-13 08:00:00+00:00,2026-02-13 10:00:00+00:00,L,66925.8,67190.9327,4790.24,1622245.97,1
6739,6740,2026-02-13 14:00:00+00:00,2026-02-13 16:00:00+00:00,S,68653.0,68514.0474,1661.15,1623907.13,1
6740,6741,2026-02-13 16:00:00+00:00,2026-02-13 18:00:00+00:00,L,69005.5,69371.7936,6996.08,1630903.21,1
6744,6745,2026-02-14 00:00:00+00:00,2026-02-14 02:00:00+00:00,S,68925.8,68818.1498,916.28,1631819.5,1
6752,6753,2026-02-14 16:00:00+00:00,2026-02-14 18:00:00+00:00,L,69711.5,69877.8919,2263.11,1634082.61,1
6757,6759,2026-02-15 02:00:00+00:00,2026-02-15 06:00:00+00:00,S,69926.9,70786.6,-21723.93,1612358.68,2
6759,6760,2026-02-15 06:00:00+00:00,2026-02-15 08:00:00+00:00,L,70786.6,70929.893,1651.53,1614010.21,1
6763,6764,2026-02-15 14:00:00+00:00,2026-02-15 16:00:00+00:00,S,69060.9,68165.8423,19304.23,1633314.44,1
6768,6769,2026-02-16 00:00:00+00:00,2026-02-16 02:00:00+00:00,L,68596.8,68694.3936,690.42,1634004.86,1
6776,6777,2026-02-16 16:00:00+00:00,2026-02-16 18:00:00+00:00,S,67904.9,67786.193,1222.46,1635227.32,1
6778,6779,2026-02-16 20:00:00+00:00,2026-02-16 22:00:00+00:00,L,68831.2,68960.9737,1447.82,1636675.13,1
6780,6781,2026-02-17 00:00:00+00:00,2026-02-17 02:00:00+00:00,S,68584.9,68329.3269,4462.19,1641137.32,1
6781,6782,2026-02-17 02:00:00+00:00,2026-02-17 04:00:00+00:00,L,68440.9,68669.9355,3850.88,1644988.21,1
6783,6784,2026-02-17 06:00:00+00:00,2026-02-17 08:00:00+00:00,S,68350.0,67959.2931,7758.2,1652746.41,1
6787,6788,2026-02-17 14:00:00+00:00,2026-02-17 16:00:00+00:00,L,67361.0,68122.7748,17037.9,1669784.31,1
6788,6789,2026-02-17 16:00:00+00:00,2026-02-17 18:00:00+00:00,S,67208.0,67100.4419,1002.5,1670786.81,1
6792,6793,2026-02-18 00:00:00+00:00,2026-02-18 02:00:00+00:00,L,67133.0,67669.688,11686.15,1682472.96,1
6798,6799,2026-02-18 12:00:00+00:00,2026-02-18 14:00:00+00:00,S,67207.4,66676.2847,11613.49,1694086.45,1
6813,6814,2026-02-19 18:00:00+00:00,2026-02-19 20:00:00+00:00,L,67028.6,67160.198,1631.93,1695718.38,1
6816,6817,2026-02-20 00:00:00+00:00,2026-02-20 02:00:00+00:00,S,67253.4,67161.8841,611.75,1696330.13,1
6820,6821,2026-02-20 08:00:00+00:00,2026-02-20 10:00:00+00:00,L,68186.9,68293.0588,944.65,1697274.78,1
6821,6822,2026-02-20 10:00:00+00:00,2026-02-20 12:00:00+00:00,S,67299.9,66434.6702,20123.45,1717398.23,1
6824,6825,2026-02-20 16:00:00+00:00,2026-02-20 18:00:00+00:00,L,67588.6,68009.9052,8987.79,1726386.02,1
6828,6829,2026-02-21 00:00:00+00:00,2026-02-21 02:00:00+00:00,S,67927.2,67517.942,8675.0,1735061.03,1
6830,6831,2026-02-21 04:00:00+00:00,2026-02-21 06:00:00+00:00,L,67831.3,67893.6806,-139.42,1734921.61,1
6832,6833,2026-02-21 08:00:00+00:00,2026-02-21 10:00:00+00:00,S,68120.5,68055.9409,-90.7,1734830.9,1
6833,6834,2026-02-21 10:00:00+00:00,2026-02-21 12:00:00+00:00,L,68070.0,68244.0104,2699.99,1737530.9,1
6848,6849,2026-02-22 16:00:00+00:00,2026-02-22 18:00:00+00:00,S,67350.1,67276.9365,149.98,1737680.87,1
6852,6853,2026-02-23 00:00:00+00:00,2026-02-23 02:00:00+00:00,L,64385.7,65050.5042,16204.46,1753885.34,1
6862,6863,2026-02-23 20:00:00+00:00,2026-02-23 22:00:00+00:00,S,64546.7,64485.7666,-98.18,1753787.16,1
6864,6865,2026-02-24 00:00:00+00:00,2026-02-24 02:00:00+00:00,L,64122.3,64497.0361,8495.49,1762282.65,1
6868,6869,2026-02-24 08:00:00+00:00,2026-02-24 10:00:00+00:00,S,63217.7,63031.5788,3426.11,1765708.76,1
6872,6873,2026-02-24 16:00:00+00:00,2026-02-24 18:00:00+00:00,L,64187.9,64702.5642,12391.9,1778100.66,1
6876,6877,2026-02-25 00:00:00+00:00,2026-02-25 02:00:00+00:00,S,65867.2,65321.9198,12941.87,1791042.53,1
6883,6884,2026-02-25 14:00:00+00:00,2026-02-25 16:00:00+00:00,L,67367.2,68868.4083,38120.49,1829163.01,1
6888,6889,2026-02-26 00:00:00+00:00,2026-02-26 02:00:00+00:00,S,68220.1,67778.0493,10023.4,1839186.41,1
6900,6901,2026-02-27 00:00:00+00:00,2026-02-27 02:00:00+00:00,L,67322.0,67670.4798,7681.02,1846867.43,1
6904,6905,2026-02-27 08:00:00+00:00,2026-02-27 10:00:00+00:00,S,67322.5,65928.8618,36385.0,1883252.43,1
6905,6906,2026-02-27 10:00:00+00:00,2026-02-27 12:00:00+00:00,L,66082.6,66300.2768,4320.2,1887572.63,1
6906,6907,2026-02-27 12:00:00+00:00,2026-02-27 14:00:00+00:00,S,66236.4,65664.6601,14405.59,1901978.22,1
6912,6913,2026-02-28 00:00:00+00:00,2026-02-28 02:00:00+00:00,L,65740.1,65981.4094,5079.53,1907057.75,1
6924,6926,2026-03-01 00:00:00+00:00,2026-03-01 04:00:00+00:00,S,67313.5,67054.6474,5426.49,1912484.25,2
6945,6946,2026-03-02 18:00:00+00:00,2026-03-02 20:00:00+00:00,L,68930.7,69488.2684,13557.27,1926041.51,1
6948,6949,2026-03-03 00:00:00+00:00,2026-03-03 02:00:00+00:00,S,68720.7,68194.2744,12828.14,1938869.65,1
6949,6950,2026-03-03 02:00:00+00:00,2026-03-03 04:00:00+00:00,L,68353.5,68527.0715,2984.54,1941854.2,1
6954,6955,2026-03-03 12:00:00+00:00,2026-03-03 14:00:00+00:00,S,66895.5,66065.4928,22151.74,1964005.93,1
6955,6956,2026-03-03 14:00:00+00:00,2026-03-03 16:00:00+00:00,L,67703.4,68956.3098,34381.62,1998387.55,1
6960,6961,2026-03-04 00:00:00+00:00,2026-03-04 02:00:00+00:00,S,68388.4,67359.2931,28073.3,2026460.85,1
6966,6967,2026-03-04 12:00:00+00:00,2026-03-04 14:00:00+00:00,L,71443.1,73437.3466,54539.71,2081000.56,1
6980,6981,2026-03-05 16:00:00+00:00,2026-03-05 18:00:00+00:00,S,70667.1,70634.1417,-1110.45,2079890.11,1
6986,6987,2026-03-06 04:00:00+00:00,2026-03-06 06:00:00+00:00,L,70400.4,71148.2448,20014.23,2099904.34,1
6988,6989,2026-03-06 08:00:00+00:00,2026-03-06 10:00:00+00:00,S,70528.7,70159.647,8888.19,2108792.53,1
6996,6997,2026-03-07 00:00:00+00:00,2026-03-07 02:00:00+00:00,L,68219.0,68528.6456,7463.0,2116255.54,1
7003,7004,2026-03-07 14:00:00+00:00,2026-03-07 16:00:00+00:00,S,67841.4,67676.5148,3027.2,2119282.73,1
7008,7009,2026-03-08 00:00:00+00:00,2026-03-08 02:00:00+00:00,L,67257.9,67383.9203,1851.59,2121134.33,1
7016,7017,2026-03-08 16:00:00+00:00,2026-03-08 18:00:00+00:00,S,67015.5,66716.7358,7335.17,2128469.5,1
7020,7021,2026-03-09 00:00:00+00:00,2026-03-09 02:00:00+00:00,L,66159.1,67664.4244,46300.8,2174770.3,1
7021,7022,2026-03-09 02:00:00+00:00,2026-03-09 04:00:00+00:00,S,67171.4,67072.8087,1017.26,2175787.56,1
7023,7024,2026-03-09 06:00:00+00:00,2026-03-09 08:00:00+00:00,L,67506.5,68423.0878,27366.56,2203154.12,1
7032,7033,2026-03-10 00:00:00+00:00,2026-03-10 02:00:00+00:00,S,69225.3,69075.6982,2558.05,2205712.17,1
7036,7037,2026-03-10 08:00:00+00:00,2026-03-10 10:00:00+00:00,L,71035.2,71046.9063,-1842.22,2203869.95,1
7042,7043,2026-03-10 20:00:00+00:00,2026-03-10 22:00:00+00:00,S,69715.2,69415.2639,7277.85,2211147.8,1
7044,7045,2026-03-11 00:00:00+00:00,2026-03-11 02:00:00+00:00,L,70028.5,70072.4789,-822.52,2210325.29,1
7049,7050,2026-03-11 10:00:00+00:00,2026-03-11 12:00:00+00:00,S,69136.1,68931.3524,4335.59,2214660.87,1
7052,7053,2026-03-11 16:00:00+00:00,2026-03-11 18:00:00+00:00,L,70746.4,70864.2769,1475.38,2216136.25,1
7068,7069,2026-03-13 00:00:00+00:00,2026-03-13 02:00:00+00:00,S,71634.2,70929.1548,19595.74,2235731.99,1
7074,7075,2026-03-13 12:00:00+00:00,2026-03-13 14:00:00+00:00,L,73339.8,73860.3977,13634.46,2249366.46,1
7076,7077,2026-03-13 16:00:00+00:00,2026-03-13 18:00:00+00:00,S,70987.4,70786.3908,4119.98,2253486.44,1
7080,7081,2026-03-14 00:00:00+00:00,2026-03-14 02:00:00+00:00,L,70780.5,71124.722,8705.74,2262192.18,1
7084,7085,2026-03-14 08:00:00+00:00,2026-03-14 10:00:00+00:00,S,70471.5,70339.6562,1970.1,2264162.28,1
7086,7087,2026-03-14 12:00:00+00:00,2026-03-14 14:00:00+00:00,L,70816.7,70893.1041,178.64,2264340.92,1
7087,7088,2026-03-14 14:00:00+00:00,2026-03-14 16:00:00+00:00,S,70545.6,70456.4851,596.03,2264936.95,1
7091,7092,2026-03-14 22:00:00+00:00,2026-03-15 00:00:00+00:00,L,71178.0,70957.8,-9271.86,2255665.08,1
7092,7096,2026-03-15 00:00:00+00:00,2026-03-15 08:00:00+00:00,S,70957.8,71754.1,-27569.11,2228095.98,4
7096,7097,2026-03-15 08:00:00+00:00,2026-03-15 10:00:00+00:00,L,71754.1,71882.1673,1748.63,2229844.61,1
7104,7105,2026-03-16 00:00:00+00:00,2026-03-16 02:00:00+00:00,S,72727.9,72337.3223,9745.31,2239589.91,1
7112,7113,2026-03-16 16:00:00+00:00,2026-03-16 18:00:00+00:00,L,73907.3,74390.0293,12388.41,2251978.32,1
7116,7117,2026-03-17 00:00:00+00:00,2026-03-17 02:00:00+00:00,S,75587.6,74238.8317,37931.82,2289910.14,1
7126,7127,2026-03-17 20:00:00+00:00,2026-03-17 22:00:00+00:00,L,74651.1,74731.6671,181.47,2290091.61,1
7127,7128,2026-03-17 22:00:00+00:00,2026-03-18 00:00:00+00:00,S,73861.6,73471.7448,9797.44,2299889.05,1
7128,7129,2026-03-18 00:00:00+00:00,2026-03-18 02:00:00+00:00,L,74032.8,74632.0919,16317.6,2316206.65,1
7130,7131,2026-03-18 04:00:00+00:00,2026-03-18 06:00:00+00:00,S,73917.6,73665.8117,5573.57,2321780.22,1
7133,7134,2026-03-18 10:00:00+00:00,2026-03-18 12:00:00+00:00,L,72902.3,72929.8587,-1444.1,2320336.13,1
7136,7137,2026-03-18 16:00:00+00:00,2026-03-18 18:00:00+00:00,S,71557.7,70829.7574,21283.99,2341620.12,1
7140,7141,2026-03-19 00:00:00+00:00,2026-03-19 02:00:00+00:00,L,71077.4,71580.1103,14219.99,2355840.12,1
7145,7146,2026-03-19 10:00:00+00:00,2026-03-19 12:00:00+00:00,S,69921.2,69045.1044,27162.26,2383002.38,1
7150,7151,2026-03-19 20:00:00+00:00,2026-03-19 22:00:00+00:00,L,70370.5,70471.5732,1039.71,2384042.08,1
7152,7153,2026-03-20 00:00:00+00:00,2026-03-20 02:00:00+00:00,S,70369.9,70054.891,8288.06,2392330.15,1
7163,7164,2026-03-20 22:00:00+00:00,2026-03-21 00:00:00+00:00,L,70476.1,70792.4249,8345.4,2400675.55,1
7164,7165,2026-03-21 00:00:00+00:00,2026-03-21 02:00:00+00:00,S,70436.8,70415.4902,-1674.38,2399001.17,1
7170,7171,2026-03-21 12:00:00+00:00,2026-03-21 14:00:00+00:00,L,70698.0,71062.2745,9961.96,2408963.13,1
7172,7173,2026-03-21 16:00:00+00:00,2026-03-21 18:00:00+00:00,S,70271.8,70252.1259,-1734.52,2407228.6,1
7176,7177,2026-03-22 00:00:00+00:00,2026-03-22 02:00:00+00:00,L,68924.6,69550.8811,19465.97,2426694.58,1
7181,7182,2026-03-22 10:00:00+00:00,2026-03-22 12:00:00+00:00,S,68181.5,68164.3662,-1816.87,2424877.7,1
7188,7189,2026-03-23 00:00:00+00:00,2026-03-23 02:00:00+00:00,L,67876.0,68563.3381,22130.35,2447008.06,1
7193,7194,2026-03-23 10:00:00+00:00,2026-03-23 12:00:00+00:00,S,70094.5,69650.3717,13057.57,2460065.62,1
7194,7195,2026-03-23 12:00:00+00:00,2026-03-23 14:00:00+00:00,L,71456.3,71777.6031,8601.61,2468667.24,1
7203,7204,2026-03-24 06:00:00+00:00,2026-03-24 08:00:00+00:00,S,71269.9,70808.5429,13511.95,2482179.19,1
7204,7205,2026-03-24 08:00:00+00:00,2026-03-24 10:00:00+00:00,L,71297.8,71300.6052,-2384.52,2479794.67,1
7206,7207,2026-03-24 12:00:00+00:00,2026-03-24 14:00:00+00:00,S,70071.5,69468.745,18851.4,2498646.07,1
7217,7218,2026-03-25 10:00:00+00:00,2026-03-25 12:00:00+00:00,L,71644.6,71922.1855,7182.31,2505828.37,1
7219,7220,2026-03-25 14:00:00+00:00,2026-03-25 16:00:00+00:00,S,70788.4,70672.4681,1598.03,2507426.4,1
7223,7224,2026-03-25 22:00:00+00:00,2026-03-26 00:00:00+00:00,L,71304.3,71413.3884,1328.69,2508755.08,1
7224,7225,2026-03-26 00:00:00+00:00,2026-03-26 02:00:00+00:00,S,71214.4,70653.6107,17246.84,2526001.93,1
7225,7226,2026-03-26 02:00:00+00:00,2026-03-26 04:00:00+00:00,L,70876.8,70877.3161,-2507.61,2523494.32,1
7229,7230,2026-03-26 10:00:00+00:00,2026-03-26 12:00:00+00:00,S,69237.0,69170.559,-101.91,2523392.41,1
7238,7239,2026-03-27 04:00:00+00:00,2026-03-27 06:00:00+00:00,L,68595.8,68928.3631,9710.41,2533102.82,1
7239,7240,2026-03-27 06:00:00+00:00,2026-03-27 08:00:00+00:00,S,68500.8,67498.0294,34548.52,2567651.34,1
7240,7241,2026-03-27 08:00:00+00:00,2026-03-27 10:00:00+00:00,L,67655.2,67736.066,501.38,2568152.72,1
7242,7243,2026-03-27 12:00:00+00:00,2026-03-27 14:00:00+00:00,S,66148.9,65696.2425,15005.74,2583158.46,1
7248,7249,2026-03-28 00:00:00+00:00,2026-03-28 02:00:00+00:00,L,66146.9,66214.4774,55.86,2583214.32,1
7261,7262,2026-03-29 02:00:00+00:00,2026-03-29 04:00:00+00:00,S,66879.3,66562.7752,9642.56,2592856.89,1
7275,7276,2026-03-30 06:00:00+00:00,2026-03-30 08:00:00+00:00,L,67595.0,67917.882,9792.48,2602649.37,1
7281,7282,2026-03-30 18:00:00+00:00,2026-03-30 20:00:00+00:00,S,66512.2,66492.5513,-1833.79,2600815.58,1
7293,7294,2026-03-31 18:00:00+00:00,2026-03-31 20:00:00+00:00,L,67802.9,68391.5162,19977.6,2620793.18,1
7297,7298,2026-04-01 02:00:00+00:00,2026-04-01 04:00:00+00:00,S,68134.9,67981.6614,3273.49,2624066.67,1
7300,7301,2026-04-01 08:00:00+00:00,2026-04-01 10:00:00+00:00,L,68611.8,68723.8873,1662.73,2625729.4,1
7305,7306,2026-04-01 18:00:00+00:00,2026-04-01 20:00:00+00:00,S,68140.7,67929.4812,5513.36,2631242.76,1
7308,7312,2026-04-02 00:00:00+00:00,2026-04-02 08:00:00+00:00,L,67317.8,66429.1,-37367.75,2593875.01,4
7312,7313,2026-04-02 08:00:00+00:00,2026-04-02 10:00:00+00:00,S,66429.1,66113.0812,9745.8,2603620.81,1
7318,7319,2026-04-02 20:00:00+00:00,2026-04-02 22:00:00+00:00,L,66913.0,67063.0242,3233.9,2606854.71,1
7356,7357,2026-04-06 00:00:00+00:00,2026-04-06 02:00:00+00:00,S,68780.7,68738.6519,-1013.19,2605841.52,1
7361,7362,2026-04-06 10:00:00+00:00,2026-04-06 12:00:00+00:00,L,69584.3,69601.5215,-1960.92,2603880.6,1
7367,7368,2026-04-06 22:00:00+00:00,2026-04-07 00:00:00+00:00,S,68807.5,68306.4339,16357.95,2620238.55,1
7368,7369,2026-04-07 00:00:00+00:00,2026-04-07 02:00:00+00:00,L,68362.1,68760.6383,12655.26,2632893.81,1
7375,7376,2026-04-07 14:00:00+00:00,2026-04-07 16:00:00+00:00,S,68132.6,68043.584,807.01,2633700.82,1
7376,7377,2026-04-07 16:00:00+00:00,2026-04-07 18:00:00+00:00,L,68666.0,69082.8313,13353.96,2647054.79,1
7380,7381,2026-04-08 00:00:00+00:00,2026-04-08 02:00:00+00:00,S,71450.9,71209.3434,6301.94,2653356.73,1
7388,7389,2026-04-08 16:00:00+00:00,2026-04-08 18:00:00+00:00,L,71847.6,71849.9161,-2567.82,2650788.9,1
7389,7390,2026-04-08 18:00:00+00:00,2026-04-08 20:00:00+00:00,S,71283.5,71249.9648,-1403.73,2649385.17,1
7392,7393,2026-04-09 00:00:00+00:00,2026-04-09 02:00:00+00:00,L,70891.0,71156.2292,7262.93,2656648.11,1
7398,7399,2026-04-09 12:00:00+00:00,2026-04-09 14:00:00+00:00,S,70775.5,70486.0657,8207.63,2664855.74,1
7400,7401,2026-04-09 16:00:00+00:00,2026-04-09 18:00:00+00:00,L,72317.4,72342.2628,-1748.68,2663107.06,1
7404,7405,2026-04-10 00:00:00+00:00,2026-04-10 02:00:00+00:00,S,72134.7,71788.4774,10118.92,2673225.99,1
7410,7411,2026-04-10 12:00:00+00:00,2026-04-10 14:00:00+00:00,L,72292.5,73260.4884,33120.97,2706346.95,1
7411,7412,2026-04-10 14:00:00+00:00,2026-04-10 16:00:00+00:00,S,72429.7,72359.7235,-91.66,2706255.29,1
7412,7413,2026-04-10 16:00:00+00:00,2026-04-10 18:00:00+00:00,L,73095.2,73231.5353,2341.38,2708596.68,1
7416,7417,2026-04-11 00:00:00+00:00,2026-04-11 02:00:00+00:00,S,72922.0,72771.5139,2881.02,2711477.7,1
7418,7419,2026-04-11 04:00:00+00:00,2026-04-11 06:00:00+00:00,L,72683.1,72792.0248,1352.01,2712829.71,1
7419,7420,2026-04-11 06:00:00+00:00,2026-04-11 08:00:00+00:00,S,72715.8,72586.661,2105.0,2714934.71,1
7420,7421,2026-04-11 08:00:00+00:00,2026-04-11 10:00:00+00:00,L,72867.9,72881.6321,-2203.3,2712731.41,1
7422,7423,2026-04-11 12:00:00+00:00,2026-04-11 14:00:00+00:00,S,72621.9,72573.1459,-891.56,2711839.85,1
7423,7424,2026-04-11 14:00:00+00:00,2026-04-11 16:00:00+00:00,L,72823.2,73192.3306,11034.1,2722873.94,1
7434,7435,2026-04-12 12:00:00+00:00,2026-04-12 14:00:00+00:00,S,70860.0,70572.5287,8323.53,2731197.47,1
7448,7449,2026-04-13 16:00:00+00:00,2026-04-13 18:00:00+00:00,L,72104.9,73440.7157,47866.98,2779064.45,1
7452,7453,2026-04-14 00:00:00+00:00,2026-04-14 02:00:00+00:00,S,74351.0,74222.0098,2042.28,2781106.74,1
7473,7474,2026-04-15 18:00:00+00:00,2026-04-15 20:00:00+00:00,L,74960.3,74991.8332,-1611.19,2779495.55,1
7476,7477,2026-04-16 00:00:00+00:00,2026-04-16 02:00:00+00:00,S,74611.2,74564.3351,-1033.64,2778461.91,1
7485,7486,2026-04-16 18:00:00+00:00,2026-04-16 20:00:00+00:00,L,75317.4,75498.065,3886.28,2782348.19,1
7492,7493,2026-04-17 08:00:00+00:00,2026-04-17 10:00:00+00:00,S,75743.1,75057.0625,22418.56,2804766.75,1
7495,7496,2026-04-17 14:00:00+00:00,2026-04-17 16:00:00+00:00,L,77736.7,78323.8227,18378.82,2823145.57,1
7500,7501,2026-04-18 00:00:00+00:00,2026-04-18 02:00:00+00:00,S,77162.8,76918.8534,6102.1,2829247.67,1
7501,7502,2026-04-18 02:00:00+00:00,2026-04-18 04:00:00+00:00,L,76964.3,77225.402,6769.0,2836016.67,1
7503,7504,2026-04-18 06:00:00+00:00,2026-04-18 08:00:00+00:00,S,76955.9,76375.2645,18561.85,2854578.51,1
7504,7506,2026-04-18 08:00:00+00:00,2026-04-18 12:00:00+00:00,L,76549.1,76074.7,-20545.34,2834033.17,2
7506,7507,2026-04-18 12:00:00+00:00,2026-04-18 14:00:00+00:00,S,76074.7,75936.8572,2301.07,2836334.24,1
7512,7513,2026-04-19 00:00:00+00:00,2026-04-19 02:00:00+00:00,L,75577.3,75674.2251,801.16,2837135.4,1
7520,7521,2026-04-19 16:00:00+00:00,2026-04-19 18:00:00+00:00,S,74745.2,74556.3655,4330.54,2841465.93,1
7528,7529,2026-04-20 08:00:00+00:00,2026-04-20 10:00:00+00:00,L,75029.1,75364.7203,9868.99,2851334.92,1
7536,7537,2026-04-21 00:00:00+00:00,2026-04-21 02:00:00+00:00,S,75887.2,75446.7174,13699.06,2865033.98,1
7539,7540,2026-04-21 06:00:00+00:00,2026-04-21 08:00:00+00:00,L,76056.0,76927.4116,29961.09,2894995.08,1
7543,7544,2026-04-21 14:00:00+00:00,2026-04-21 16:00:00+00:00,S,75791.0,75014.1479,26778.49,2921773.57,1
7547,7548,2026-04-21 22:00:00+00:00,2026-04-22 00:00:00+00:00,L,76294.8,76481.2448,4218.29,2925991.85,1
7548,7549,2026-04-22 00:00:00+00:00,2026-04-22 02:00:00+00:00,S,76266.0,76184.3897,205.04,2926196.89,1
7553,7554,2026-04-22 10:00:00+00:00,2026-04-22 12:00:00+00:00,L,78264.6,78786.4656,16585.58,2942782.47,1
7564,7565,2026-04-23 08:00:00+00:00,2026-04-23 10:00:00+00:00,S,77610.1,77121.5783,15580.75,2958363.22,1
7571,7572,2026-04-23 22:00:00+00:00,2026-04-24 00:00:00+00:00,L,78214.3,78451.7876,6024.32,2964387.54,1
7572,7573,2026-04-24 00:00:00+00:00,2026-04-24 02:00:00+00:00,S,78378.5,77515.732,29666.74,2994054.28,1
7573,7574,2026-04-24 02:00:00+00:00,2026-04-24 04:00:00+00:00,L,77700.1,78010.3691,8961.69,3003015.97,1
7575,7576,2026-04-24 06:00:00+00:00,2026-04-24 08:00:00+00:00,S,77627.1,77365.9525,7099.51,3010115.48,1
7579,7580,2026-04-24 14:00:00+00:00,2026-04-24 16:00:00+00:00,L,78004.2,78015.7673,-2563.75,3007551.74,1
7580,7581,2026-04-24 16:00:00+00:00,2026-04-24 18:00:00+00:00,S,77643.0,77318.7118,9553.96,3017105.7,1
7584,7585,2026-04-25 00:00:00+00:00,2026-04-25 02:00:00+00:00,L,77494.2,77662.2398,3525.24,3020630.94,1
7591,7592,2026-04-25 14:00:00+00:00,2026-04-25 16:00:00+00:00,S,77287.0,77094.8389,4489.66,3025120.6,1
7595,7596,2026-04-25 22:00:00+00:00,2026-04-26 00:00:00+00:00,L,77591.4,77606.5208,-2435.59,3022685.0,1
7598,7599,2026-04-26 04:00:00+00:00,2026-04-26 06:00:00+00:00,S,77945.0,77855.0906,463.97,3023148.98,1
7601,7602,2026-04-26 10:00:00+00:00,2026-04-26 12:00:00+00:00,L,78052.4,78059.1329,-2762.37,3020386.61,1
7608,7609,2026-04-27 00:00:00+00:00,2026-04-27 02:00:00+00:00,S,79252.9,79005.7747,6397.74,3026784.35,1
7620,7621,2026-04-28 00:00:00+00:00,2026-04-28 02:00:00+00:00,L,77056.7,77190.9805,2247.75,3029032.1,1
7624,7625,2026-04-28 08:00:00+00:00,2026-04-28 10:00:00+00:00,S,76548.5,76076.9912,15628.62,3044660.72,1
7637,7638,2026-04-29 10:00:00+00:00,2026-04-29 12:00:00+00:00,L,77544.0,77545.7412,-2976.3,3041684.42,1
7638,7639,2026-04-29 12:00:00+00:00,2026-04-29 14:00:00+00:00,S,76734.8,75667.8806,39249.84,3080934.27,1
