ts_ns,btc_qty,usdt_free,equity,price
1754556900000000000,0.0,100000.0,100000.0,114948.73999999999
1754558700000000000,0.0,100000.0,100000.0,115023.67
1754560500000000000,0.0,100000.0,100000.0,115062.19
1754562300000000000,0.0,100000.0,100000.0,115867.99
1754564100000000000,0.0,100000.0,100000.0,116347.22
1754565900000000000,0.0,100000.0,100000.0,116828.29000000001
1754567700000000000,0.0,100000.0,100000.0,116519.53
1754569500000000000,0.0,100000.0,100000.0,116392.03
1754571300000000000,0.0,100000.0,100000.0,116390.0
1754573100000000000,0.0,100000.0,100000.0,116400.0
1754574900000000000,0.0,100000.0,100000.0,116640.0
1754576700000000000,0.0,100000.0,100000.0,116350.0
1754578500000000000,0.0,100000.0,100000.0,116363.16
1754580300000000000,0.0,100000.0,100000.0,116535.79
1754582100000000000,0.0,100000.0,100000.0,116689.81
1754583900000000000,0.0,100000.0,100000.0,116679.87
1754585700000000000,0.086101,99998.0,99998.0,116259.23999999999
1754587500000000000,0.086101,99998.0,99998.0,116398.83
1754589300000000000,0.086101,99998.0,99998.0,116511.54
1754591100000000000,0.086101,99998.0,99998.0,116346.78
1754592900000000000,0.086101,99998.0,99998.0,116561.05
1754594700000000000,0.086101,99998.0,99998.0,116695.99
1754596500000000000,0.082797,100072.39,100072.39,117461.98000000001
1754598300000000000,0.082797,100072.39,100072.39,117424.86
1754600100000000000,0.082797,100072.39,100072.39,117182.19
1754601900000000000,0.082797,100072.39,100072.39,117314.0
1754603700000000000,0.082797,100072.39,100072.39,117105.78
1754605500000000000,0.082797,100072.39,100072.39,117494.75
1754607300000000000,0.082797,100072.39,100072.39,117554.23
1754609100000000000,0.082797,100072.39,100072.39,117319.62
1754610900000000000,0.082797,100072.39,100072.39,117472.01
1754612700000000000,0.082797,100072.39,100072.39,117132.17
1754614500000000000,0.082797,100072.39,100072.39,117264.12000000001
1754616300000000000,0.082797,100072.39,100072.39,116911.86
1754618100000000000,0.082797,100072.39,100072.39,116888.01999999999
1754619900000000000,0.082797,100072.39,100072.39,116779.23
1754621700000000000,0.082797,100072.39,100072.39,116700.0
1754623500000000000,0.082797,100072.39,100072.39,116921.99
1754625300000000000,0.082797,100072.39,100072.39,116737.35
1754627100000000000,0.082797,100072.39,100072.39,116774.03
1754628900000000000,0.082797,100072.39,100072.39,116750.01
1754630700000000000,0.082797,100072.39,100072.39,116658.09999999999
1754632500000000000,0.082797,100072.39,100072.39,116530.63
1754634300000000000,0.082797,100072.39,100072.39,116637.98000000001
1754636100000000000,0.082797,100072.39,100072.39,116740.01
1754637900000000000,0.082797,100072.39,100072.39,116973.29
1754639700000000000,0.082797,100072.39,100072.39,116817.19
1754641500000000000,0.082797,100072.39,100072.39,116678.22
1754643300000000000,0.039908,100099.33,100099.33,116620.63
1754645100000000000,0.039908,100099.33,100099.33,116531.71999999999
1754646900000000000,0.039908,100099.33,100099.33,116685.17
1754648700000000000,0.039908,100099.33,100099.33,116500.03
1754650500000000000,0.003068,100133.75,100133.75,116544.39
1754652300000000000,0.003068,100133.75,100133.75,116761.23
1754654100000000000,0.003068,100133.75,100133.75,116891.51
1754655900000000000,0.003068,100133.75,100133.75,116618.0
1754657700000000000,0.003068,100133.75,100133.75,116500.48
1754659500000000000,0.003068,100133.75,100133.75,116742.81
1754661300000000000,0.003068,100133.75,100133.75,116917.97
1754663100000000000,0.12508,100132.92000000001,100132.92000000001,116746.32
1754664900000000000,0.12508,100132.92000000001,100132.92000000001,116491.53
1754666700000000000,0.12508,100132.92000000001,100132.92000000001,116288.4
1754668500000000000,0.12508,100132.92000000001,100132.92000000001,116207.69
1754670300000000000,0.12508,100132.92000000001,100132.92000000001,116096.43
1754672100000000000,0.12508,100132.92000000001,100132.92000000001,116193.62999999999
1754673900000000000,0.12508,100132.92000000001,100132.92000000001,116353.77
1754675700000000000,0.12508,100132.92000000001,100132.92000000001,116708.86
1754677500000000000,0.12508,100132.92000000001,100132.92000000001,116603.18000000001
1754679300000000000,0.12508,100132.92000000001,100132.92000000001,116497.99
1754681100000000000,0.12508,100132.92000000001,100132.92000000001,116486.76
1754682900000000000,0.12508,100132.92000000001,100132.92000000001,116453.41
1754684700000000000,0.12508,100132.92000000001,100132.92000000001,116506.66
1754686500000000000,0.12508,100132.92000000001,100132.92000000001,116888.51999999999
1754688300000000000,0.12508,100132.92000000001,100132.92000000001,116800.0
1754690100000000000,0.12508,100132.92000000001,100132.92000000001,116931.44
1754691900000000000,0.12508,100132.92000000001,100132.92000000001,116959.47
1754693700000000000,0.12508,100132.92000000001,100132.92000000001,116888.9
1754695500000000000,0.12508,100132.92000000001,100132.92000000001,116800.0
1754697300000000000,0.12508,100132.92000000001,100132.92000000001,116674.73999999999
1754699100000000000,0.12508,100132.92000000001,100132.92000000001,116728.6
1754700900000000000,0.082195,100151.74,100151.74,116586.0
1754702700000000000,0.082195,100151.74,100151.74,116547.20999999999
1754704500000000000,0.082195,100151.74,100151.74,116563.26000000001
1754706300000000000,0.039279,100174.16,100174.16,116448.13
1754708100000000000,0.039279,100174.16,100174.16,116404.0
1754709900000000000,0.039279,100174.16,100174.16,116462.61
1754711700000000000,0.039279,100174.16,100174.16,116384.01
1754713500000000000,0.039279,100174.16,100174.16,116472.4
1754715300000000000,0.039279,100174.16,100174.16,116434.76
1754717100000000000,0.296127,100168.16,100168.16,116966.68000000001
1754718900000000000,0.296127,100168.16,100168.16,116739.23
1754720700000000000,0.296127,100168.16,100168.16,116616.26
1754722500000000000,0.296127,100168.16,100168.16,116650.75
1754724300000000000,0.296127,100168.16,100168.16,116879.99
1754726100000000000,0.296127,100168.16,100168.16,116756.01
1754727900000000000,0.296127,100168.16,100168.16,116868.5
1754729700000000000,0.296127,100168.16,100168.16,117106.65
1754731500000000000,0.296127,100168.16,100168.16,117286.34
1754733300000000000,0.296127,100168.16,100168.16,117510.87
1754735100000000000,0.296127,100168.16,100168.16,117776.43
1754736900000000000,0.296127,100168.16,100168.16,117424.16
1754738700000000000,0.296127,100168.16,100168.16,117268.13
1754740500000000000,0.296127,100168.16,100168.16,117110.0
1754742300000000000,0.296127,100168.16,100168.16,117172.03
1754744100000000000,0.296127,100168.16,100168.16,117116.64
1754745900000000000,0.296127,100168.16,100168.16,117010.05
1754747700000000000,0.296127,100168.16,100168.16,116968.32
1754749500000000000,0.296127,100168.16,100168.16,116936.71
1754751300000000000,0.296127,100168.16,100168.16,116972.87
1754753100000000000,0.296127,100168.16,100168.16,116833.04
1754754900000000000,0.296127,100168.16,100168.16,116892.47
1754756700000000000,0.296127,100168.16,100168.16,116730.19
1754758500000000000,0.253266,100174.83,100174.83,116648.51
1754760300000000000,0.253266,100174.83,100174.83,116743.73000000001
1754762100000000000,0.253266,100174.83,100174.83,116670.22
1754763900000000000,0.253266,100174.83,100174.83,116669.23
1754765700000000000,0.253266,100174.83,100174.83,116634.90999999999
1754767500000000000,0.253266,100174.83,100174.83,116608.18
1754769300000000000,0.253266,100174.83,100174.83,116535.69
1754771100000000000,0.253266,100174.83,100174.83,116737.35
1754772900000000000,0.253266,100174.83,100174.83,116778.07
1754774700000000000,0.210317,100191.70999999999,100191.70999999999,116411.99
1754776500000000000,0.210317,100191.70999999999,100191.70999999999,116524.09
1754778300000000000,0.210317,100191.70999999999,100191.70999999999,116683.5
1754780100000000000,0.210317,100191.70999999999,100191.70999999999,116541.62999999999
1754781900000000000,0.210317,100191.70999999999,100191.70999999999,116450.0
1754783700000000000,0.210317,100191.70999999999,100191.70999999999,116462.25
1754785500000000000,0.210317,100191.70999999999,100191.70999999999,116592.34
1754787300000000000,0.210317,100191.70999999999,100191.70999999999,116749.47
1754789100000000000,0.210317,100191.70999999999,100191.70999999999,116614.86
1754790900000000000,0.210317,100191.70999999999,100191.70999999999,116576.42
1754792700000000000,0.210317,100191.70999999999,100191.70999999999,116794.25
1754794500000000000,0.210317,100191.70999999999,100191.70999999999,117317.99
1754796300000000000,0.210317,100191.70999999999,100191.70999999999,118362.97
1754798100000000000,0.210317,100191.70999999999,100191.70999999999,118500.0
1754799900000000000,0.210317,100191.70999999999,100191.70999999999,118648.1
1754801700000000000,0.210317,100191.70999999999,100191.70999999999,118485.45000000001
1754803500000000000,0.210317,100191.70999999999,100191.70999999999,117908.85
1754805300000000000,0.210317,100191.70999999999,100191.70999999999,118045.0
1754807100000000000,0.210317,100191.70999999999,100191.70999999999,117857.18000000001
1754808900000000000,0.210317,100191.70999999999,100191.70999999999,118074.24
1754810700000000000,0.210317,100191.70999999999,100191.70999999999,118085.58999999998
1754812500000000000,0.210317,100191.70999999999,100191.70999999999,117808.3
1754814300000000000,0.210317,100191.70999999999,100191.70999999999,118125.48
1754816100000000000,0.210317,100191.70999999999,100191.70999999999,118308.85
1754817900000000000,0.210317,100191.70999999999,100191.70999999999,118270.00000000001
1754819700000000000,0.210317,100191.70999999999,100191.70999999999,118293.08
1754821500000000000,0.210317,100191.70999999999,100191.70999999999,118185.69
1754823300000000000,0.210317,100191.70999999999,100191.70999999999,118020.0
1754825100000000000,0.210317,100191.70999999999,100191.70999999999,118287.53000000001
1754826900000000000,0.210317,100191.70999999999,100191.70999999999,118330.58
1754828700000000000,0.210317,100191.70999999999,100191.70999999999,118570.17
1754830500000000000,0.210317,100191.70999999999,100191.70999999999,118513.99999999999
1754832300000000000,0.210317,100191.70999999999,100191.70999999999,118579.37000000001
1754834100000000000,0.210317,100191.70999999999,100191.70999999999,118452.0
1754835900000000000,0.210317,100191.70999999999,100191.70999999999,118801.99999999999
1754837700000000000,0.210317,100191.70999999999,100191.70999999999,118779.0
1754839500000000000,0.210317,100191.70999999999,100191.70999999999,118683.86
1754841300000000000,0.210317,100191.70999999999,100191.70999999999,118815.0
1754843100000000000,0.210317,100191.70999999999,100191.70999999999,118719.98999999999
1754844900000000000,0.210317,100191.70999999999,100191.70999999999,118671.73999999999
1754846700000000000,0.210317,100191.70999999999,100191.70999999999,118453.49
1754848500000000000,0.210317,100191.70999999999,100191.70999999999,118520.32
1754850300000000000,0.210317,100191.70999999999,100191.70999999999,118434.36
1754852100000000000,0.210317,100191.70999999999,100191.70999999999,118554.01
1754853900000000000,0.210317,100191.70999999999,100191.70999999999,118568.28000000001
1754855700000000000,0.210317,100191.70999999999,100191.70999999999,118663.07999999999
1754857500000000000,0.210317,100191.70999999999,100191.70999999999,118284.14
1754859300000000000,0.210317,100191.70999999999,100191.70999999999,118323.16
1754861100000000000,0.210317,100191.70999999999,100191.70999999999,118224.23
1754862900000000000,0.210317,100191.70999999999,100191.70999999999,118716.90000000001
1754864700000000000,0.210317,100191.70999999999,100191.70999999999,118837.0
1754866500000000000,0.210317,100191.70999999999,100191.70999999999,119084.92000000001
1754868300000000000,0.210317,100191.70999999999,100191.70999999999,119020.0
1754870100000000000,0.210317,100191.70999999999,100191.70999999999,119294.01
1754871900000000000,0.210317,100191.70999999999,100191.70999999999,119415.3
1754873700000000000,0.210317,100191.70999999999,100191.70999999999,119126.34999999999
1754875500000000000,0.168297,100100.04,100100.04,119174.53
1754877300000000000,0.168297,100100.04,100100.04,119988.0
1754879100000000000,0.168297,100100.04,100100.04,121488.83
1754880900000000000,0.168297,100100.04,100100.04,121876.0
1754882700000000000,0.168297,100100.04,100100.04,121751.53000000001
1754884500000000000,0.168297,100100.04,100100.04,121728.99
1754886300000000000,0.168297,100100.04,100100.04,121708.54
1754888100000000000,0.168297,100100.04,100100.04,122080.0
1754889900000000000,0.168297,100100.04,100100.04,121980.62999999999
1754891700000000000,0.168297,100100.04,100100.04,122059.34
1754893500000000000,0.168297,100100.04,100100.04,122103.34999999999
1754895300000000000,0.168297,100100.04,100100.04,122300.62999999999
1754897100000000000,0.168297,100100.04,100100.04,121900.90999999999
1754898900000000000,0.168297,100100.04,100100.04,121537.15000000001
1754900700000000000,0.168297,100100.04,100100.04,121729.99999999999
1754902500000000000,0.168297,100100.04,100100.04,121679.13
1754904300000000000,0.168297,100100.04,100100.04,121294.79000000001
1754906100000000000,0.168297,100100.04,100100.04,121439.75
1754907900000000000,0.168297,100100.04,100100.04,121277.98
1754909700000000000,0.168297,100100.04,100100.04,121184.84
1754911500000000000,0.168297,100100.04,100100.04,120507.11
1754913300000000000,0.168297,100100.04,100100.04,120561.54000000001
1754915100000000000,0.168297,100100.04,100100.04,120174.01
1754916900000000000,0.168297,100100.04,100100.04,119643.7
1754918700000000000,0.168297,100100.04,100100.04,119535.18999999999
1754920500000000000,0.168297,100100.04,100100.04,120009.99999999999
1754922300000000000,0.168297,100100.04,100100.04,119904.90000000001
1754924100000000000,0.168297,100100.04,100100.04,120243.59
1754925900000000000,0.168297,100100.04,100100.04,120102.01
1754927700000000000,0.168297,100100.04,100100.04,120314.4
1754929500000000000,0.209708,100099.04,100099.04,120548.01000000001
1754931300000000000,0.209708,100099.04,100099.04,119953.65000000001
1754933100000000000,0.126296,99906.7,99906.7,119795.78000000001
1754934900000000000,0.126296,99906.7,99906.7,119500.0
1754936700000000000,0.042586,99749.42,99749.42,119600.0
1754938500000000000,0.042586,99749.42,99749.42,119773.92
1754940300000000000,0.042586,99749.42,99749.42,119481.48
1754942100000000000,0.042586,99749.42,99749.42,119089.3
1754943900000000000,0.042586,99749.42,99749.42,118860.01000000001
1754945700000000000,0.042586,99749.42,99749.42,118824.34
1754947500000000000,0.042586,99749.42,99749.42,119021.77000000002
1754949300000000000,0.042586,99749.42,99749.42,118712.60999999999
1754951100000000000,0.042586,99749.42,99749.42,118517.99
1754952900000000000,0.042586,99749.42,99749.42,118886.96
1754954700000000000,0.042586,99749.42,99749.42,118680.01999999999
1754956500000000000,0.042586,99749.42,99749.42,118686.00000000001
1754958300000000000,0.042586,99749.42,99749.42,118886.83
1754960100000000000,0.042586,99749.42,99749.42,118949.31000000001
1754961900000000000,0.042586,99749.42,99749.42,119049.99999999999
1754963700000000000,0.042586,99749.42,99749.42,118977.1
1754965500000000000,0.042586,99749.42,99749.42,119121.09
1754967300000000000,0.042586,99749.42,99749.42,119054.13
1754969100000000000,0.042586,99749.42,99749.42,118936.65000000001
1754970900000000000,0.042586,99749.42,99749.42,118857.70000000001
1754972700000000000,0.042586,99749.42,99749.42,119030.00000000001
1754974500000000000,0.042586,99749.42,99749.42,119067.96999999999
1754976300000000000,0.042586,99749.42,99749.42,118620.79
1754978100000000000,0.042586,99749.42,99749.42,118819.98999999999
1754979900000000000,0.042586,99749.42,99749.42,118992.07
1754981700000000000,0.042586,99749.42,99749.42,118839.96999999999
1754983500000000000,0.042586,99749.42,99749.42,119139.98999999999
1754985300000000000,0.042586,99749.42,99749.42,118986.72
1754987100000000000,0.000502,99697.68,99697.68,118825.84999999999
1754988900000000000,0.000502,99697.68,99697.68,118814.7
1754990700000000000,0.041644,99696.16,99696.16,118690.89000000001
1754992500000000000,0.041644,99696.16,99696.16,118408.37999999999
1754994300000000000,0.041644,99696.16,99696.16,118530.59000000001
1754996100000000000,0.041644,99696.16,99696.16,118449.99
1754997900000000000,0.041644,99696.16,99696.16,118500.3
1754999700000000000,0.041644,99696.16,99696.16,118522.22
1755001500000000000,0.041644,99696.16,99696.16,118490.93999999999
1755003300000000000,0.084236,99715.11,99715.11,119264.66
1755005100000000000,0.084236,99715.11,99715.11,119212.59
1755006900000000000,0.20993,99712.11,99712.11,118847.34999999999
1755008700000000000,0.20993,99712.11,99712.11,119193.78
1755010500000000000,0.20993,99712.11,99712.11,119437.12
1755012300000000000,0.20993,99712.11,99712.11,119769.05
1755014100000000000,0.20993,99712.11,99712.11,119933.0
1755015900000000000,0.20993,99712.11,99712.11,119718.98000000001
1755017700000000000,0.20993,99712.11,99712.11,119647.7
1755019500000000000,0.20993,99712.11,99712.11,119412.45
1755021300000000000,0.20993,99712.11,99712.11,119269.99
1755023100000000000,0.20993,99712.11,99712.11,119776.01000000001
1755024900000000000,0.20993,99712.11,99712.11,119344.90000000001
1755026700000000000,0.20993,99712.11,99712.11,119820.39
1755028500000000000,0.20993,99712.11,99712.11,119665.26999999999
1755030300000000000,0.20993,99712.11,99712.11,119818.29999999999
1755032100000000000,0.20993,99712.11,99712.11,120192.1
1755033900000000000,0.20993,99712.11,99712.11,120095.79
1755035700000000000,0.20993,99712.11,99712.11,119903.36
1755037500000000000,0.20993,99712.11,99712.11,119800.0
1755039300000000000,0.20993,99712.11,99712.11,120099.98999999999
1755041100000000000,0.20993,99712.11,99712.11,120196.04
1755042900000000000,0.20993,99712.11,99712.11,120134.08
1755044700000000000,0.20993,99712.11,99712.11,119959.27
1755046500000000000,0.168217,99686.12,99686.12,119713.19
1755048300000000000,0.126411,99671.26000000001,99671.26000000001,119505.38
1755050100000000000,0.126411,99671.26000000001,99671.26000000001,119478.47
1755051900000000000,0.126411,99671.26000000001,99671.26000000001,119279.98000000001
1755053700000000000,0.126411,99671.26000000001,99671.26000000001,119549.37
1755055500000000000,0.126411,99671.26000000001,99671.26000000001,119420.37000000001
1755057300000000000,0.126411,99671.26000000001,99671.26000000001,119482.01
1755059100000000000,0.126411,99671.26000000001,99671.26000000001,119592.45
1755060900000000000,0.126411,99671.26000000001,99671.26000000001,119335.01
1755062700000000000,0.126411,99671.26000000001,99671.26000000001,119600.01000000001
1755064500000000000,0.126411,99671.26000000001,99671.26000000001,119070.68999999999
1755066300000000000,0.126411,99671.26000000001,99671.26000000001,119165.44
1755068100000000000,0.126411,99671.26000000001,99671.26000000001,119410.01
1755069900000000000,0.126411,99671.26000000001,99671.26000000001,119400.0
1755071700000000000,0.126411,99671.26000000001,99671.26000000001,119580.40000000001
1755073500000000000,0.126411,99671.26000000001,99671.26000000001,119820.39
1755075300000000000,0.126411,99671.26000000001,99671.26000000001,120044.49
1755077100000000000,0.126411,99671.26000000001,99671.26000000001,119854.11000000002
1755078900000000000,0.126411,99671.26000000001,99671.26000000001,120116.01999999999
1755080700000000000,0.126411,99671.26000000001,99671.26000000001,120389.97
1755082500000000000,0.126411,99671.26000000001,99671.26000000001,120496.0
1755084300000000000,0.126411,99671.26000000001,99671.26000000001,120667.02
1755086100000000000,0.126411,99671.26000000001,99671.26000000001,120570.41000000002
1755087900000000000,0.126411,99671.26000000001,99671.26000000001,120544.59
1755089700000000000,0.126411,99671.26000000001,99671.26000000001,120273.72
1755091500000000000,0.126411,99671.26000000001,99671.26000000001,120644.0
1755093300000000000,0.126411,99671.26000000001,99671.26000000001,121767.96999999999
1755095100000000000,0.126411,99671.26000000001,99671.26000000001,121706.63
1755096900000000000,0.126411,99671.26000000001,99671.26000000001,120890.73000000001
1755098700000000000,0.126411,99671.26000000001,99671.26000000001,120571.61
1755100500000000000,0.126411,99671.26000000001,99671.26000000001,120920.62000000001
1755102300000000000,0.167492,99670.26,99670.26,121538.15000000001
1755104100000000000,0.167492,99670.26,99670.26,121421.77000000002
1755105900000000000,0.167492,99670.26,99670.26,121792.0
1755107700000000000,0.167492,99670.26,99670.26,121823.23999999999
1755109500000000000,0.167492,99670.26,99670.26,121627.73999999999
1755111300000000000,0.167492,99670.26,99670.26,121639.2
1755113100000000000,0.196787,99669.54,99669.54,122358.00000000001
1755114900000000000,0.196787,99669.54,99669.54,122744.21
1755116700000000000,0.196787,99669.54,99669.54,122613.39
1755118500000000000,0.196787,99669.54,99669.54,122904.01000000001
1755120300000000000,0.196787,99669.54,99669.54,122689.19
1755122100000000000,0.196787,99669.54,99669.54,122561.15999999999
1755123900000000000,0.196787,99669.54,99669.54,122941.92
1755125700000000000,0.196787,99669.54,99669.54,122954.03
1755127500000000000,0.196787,99669.54,99669.54,123310.62
1755129300000000000,0.196787,99669.54,99669.54,123306.43000000001
1755131100000000000,0.196787,99669.54,99669.54,124243.32
1755132900000000000,0.196787,99669.54,99669.54,123847.82999999999
1755134700000000000,0.196787,99669.54,99669.54,123571.14000000001
1755136500000000000,0.196787,99669.54,99669.54,123337.67
1755138300000000000,0.196787,99669.54,99669.54,123316.55
1755140100000000000,0.196787,99669.54,99669.54,123662.53
1755141900000000000,0.196787,99669.54,99669.54,123572.0
1755143700000000000,0.196787,99669.54,99669.54,123337.14
1755145500000000000,0.196787,99669.54,99669.54,123314.18000000001
1755147300000000000,0.196787,99669.54,99669.54,123003.17
1755149100000000000,0.196787,99669.54,99669.54,122705.49
1755150900000000000,0.196787,99669.54,99669.54,122134.76
1755152700000000000,0.196787,99669.54,99669.54,121583.0
1755154500000000000,0.196787,99669.54,99669.54,121771.27
1755156300000000000,0.196787,99669.54,99669.54,121617.64
1755158100000000000,0.196787,99669.54,99669.54,121725.31000000001
1755159900000000000,0.196787,99669.54,99669.54,122014.79000000001
1755161700000000000,0.196787,99669.54,99669.54,121637.78
1755163500000000000,0.196787,99669.54,99669.54,121813.45000000001
1755165300000000000,0.196787,99669.54,99669.54,121649.84000000001
1755167100000000000,0.196787,99669.54,99669.54,121511.96999999999
1755168900000000000,0.114221,99596.81,99596.81,120933.0
1755170700000000000,0.114221,99596.81,99596.81,120893.49999999999
1755172500000000000,0.114221,99596.81,99596.81,120949.67
1755174300000000000,0.114221,99596.81,99596.81,121143.66999999998
1755176100000000000,0.114221,99596.81,99596.81,118866.37
1755177900000000000,0.114221,99596.81,99596.81,118235.05000000002
1755179700000000000,0.114221,99596.81,99596.81,118428.85
1755181500000000000,0.114221,99596.81,99596.81,118869.42
1755183300000000000,0.114221,99596.81,99596.81,118799.01
1755185100000000000,0.114221,99596.81,99596.81,118150.62
1755186900000000000,0.114221,99596.81,99596.81,118257.24999999999
1755188700000000000,0.114221,99596.81,99596.81,117639.17
1755190500000000000,0.114221,99596.81,99596.81,117866.42
1755192300000000000,0.114221,99596.81,99596.81,118110.11000000002
1755194100000000000,0.114221,99596.81,99596.81,117920.13
1755195900000000000,0.114221,99596.81,99596.81,117855.0
1755197700000000000,0.114221,99596.81,99596.81,118089.74999999999
1755199500000000000,0.114221,99596.81,99596.81,118293.17
1755201300000000000,0.114221,99596.81,99596.81,117945.92
1755203100000000000,0.114221,99596.81,99596.81,118140.0
1755204900000000000,0.114221,99596.81,99596.81,117866.16
1755206700000000000,0.114221,99596.81,99596.81,117643.69
1755208500000000000,0.114221,99596.81,99596.81,117899.16
1755210300000000000,0.114221,99596.81,99596.81,118216.56999999999
1755212100000000000,0.114221,99596.81,99596.81,118285.45999999999
1755213900000000000,0.114221,99596.81,99596.81,118511.71
1755215700000000000,0.114221,99596.81,99596.81,118295.09000000001
1755217500000000000,0.114221,99596.81,99596.81,118229.3
1755219300000000000,0.071871,99688.79000000001,99688.79000000001,118181.97
1755221100000000000,0.071871,99688.79000000001,99688.79000000001,118405.13
1755222900000000000,0.156239,99686.79000000001,99686.79000000001,118681.64
1755224700000000000,0.240443,99684.79000000001,99684.79000000001,118770.31
1755226500000000000,0.240443,99684.79000000001,99684.79000000001,118697.99999999999
1755228300000000000,0.240443,99684.79000000001,99684.79000000001,118999.98999999999
1755230100000000000,0.240443,99684.79000000001,99684.79000000001,118968.90999999999
1755231900000000000,0.240443,99684.79000000001,99684.79000000001,119172.76999999999
1755233700000000000,0.240443,99684.79000000001,99684.79000000001,118833.03
1755235500000000000,0.240443,99684.79000000001,99684.79000000001,118750.00000000001
1755237300000000000,0.240443,99684.79000000001,99684.79000000001,118984.29
1755239100000000000,0.240443,99684.79000000001,99684.79000000001,119092.09
1755240900000000000,0.240443,99684.79000000001,99684.79000000001,119082.82
1755242700000000000,0.240443,99684.79000000001,99684.79000000001,118888.76000000001
1755244500000000000,0.240443,99684.79000000001,99684.79000000001,118956.45
1755246300000000000,0.240443,99684.79000000001,99684.79000000001,119080.0
1755248100000000000,0.240443,99684.79000000001,99684.79000000001,118878.72
1755249900000000000,0.240443,99684.79000000001,99684.79000000001,118713.74999999999
1755251700000000000,0.240443,99684.79000000001,99684.79000000001,118707.98999999999
1755253500000000000,0.240443,99684.79000000001,99684.79000000001,118980.25
1755255300000000000,0.240443,99684.79000000001,99684.79000000001,118879.82999999999
1755257100000000000,0.240443,99684.79000000001,99684.79000000001,119002.24
1755258900000000000,0.240443,99684.79000000001,99684.79000000001,119006.01
1755260700000000000,0.240443,99684.79000000001,99684.79000000001,118674.13
1755262500000000000,0.240443,99684.79000000001,99684.79000000001,118648.66
1755264300000000000,0.240443,99684.79000000001,99684.79000000001,118464.17000000001
1755266100000000000,0.113141,99846.67,99846.67,117770.48
1755267900000000000,0.113141,99846.67,99846.67,117892.0
1755269700000000000,0.113141,99846.67,99846.67,117400.0
1755271500000000000,0.113141,99846.67,99846.67,117066.66
1755273300000000000,0.113141,99846.67,99846.67,117275.22
1755275100000000000,0.113141,99846.67,99846.67,117039.5
1755276900000000000,0.113141,99846.67,99846.67,117353.36
1755278700000000000,0.113141,99846.67,99846.67,117547.44
1755280500000000000,0.113141,99846.67,99846.67,117586.92
1755282300000000000,0.113141,99846.67,99846.67,117323.45999999999
1755284100000000000,0.113141,99846.67,99846.67,117159.66
1755285900000000000,0.113141,99846.67,99846.67,117128.01
1755287700000000000,0.113141,99846.67,99846.67,116936.26999999999
1755289500000000000,0.113141,99846.67,99846.67,117193.56000000001
1755291300000000000,0.113141,99846.67,99846.67,117280.0
1755293100000000000,0.113141,99846.67,99846.67,117252.01
1755294900000000000,0.113141,99846.67,99846.67,117320.01999999999
1755296700000000000,0.113141,99846.67,99846.67,117376.92000000001
1755298500000000000,0.113141,99846.67,99846.67,117702.0
1755300300000000000,0.113141,99846.67,99846.67,117178.56999999999
1755302100000000000,0.113141,99846.67,99846.67,117342.05
1755303900000000000,0.113141,99846.67,99846.67,117479.98000000001
1755305700000000000,0.113141,99846.67,99846.67,117735.20999999999
1755307500000000000,0.113141,99846.67,99846.67,117716.90999999999
1755309300000000000,0.113141,99846.67,99846.67,117821.6
1755311100000000000,0.113141,99846.67,99846.67,117637.18000000001
1755312900000000000,0.113141,99846.67,99846.67,117505.51
1755314700000000000,0.113141,99846.67,99846.67,117639.44
1755316500000000000,0.113141,99846.67,99846.67,117429.62999999999
1755318300000000000,0.113141,99846.67,99846.67,117816.47
1755320100000000000,0.113141,99846.67,99846.67,117815.66
1755321900000000000,0.113141,99846.67,99846.67,117582.17
1755323700000000000,0.113141,99846.67,99846.67,117595.78
1755325500000000000,0.113141,99846.67,99846.67,117448.92000000001
1755327300000000000,0.113141,99846.67,99846.67,117394.65
1755329100000000000,0.113141,99846.67,99846.67,117518.43999999999
1755330900000000000,0.113141,99846.67,99846.67,117596.07
1755332700000000000,0.113141,99846.67,99846.67,117525.04
1755334500000000000,0.113141,99846.67,99846.67,117631.09000000001
1755336300000000000,0.113141,99846.67,99846.67,117660.55
1755338100000000000,0.070558,99918.47,99918.47,117312.0
1755339900000000000,0.027909,99998.05,99998.05,117342.0
1755341700000000000,0.027909,99998.05,99998.05,117388.0
1755343500000000000,0.027909,99998.05,99998.05,117500.18
1755345300000000000,0.027909,99998.05,99998.05,117378.52
1755347100000000000,0.027909,99998.05,99998.05,117512.01999999999
1755348900000000000,0.027909,99998.05,99998.05,117747.36
1755350700000000000,0.155271,99995.05,99995.05,117747.5
1755352500000000000,0.155271,99995.05,99995.05,117623.52
1755354300000000000,0.155271,99995.05,99995.05,117754.03
1755356100000000000,0.155271,99995.05,99995.05,117771.39
1755357900000000000,0.155271,99995.05,99995.05,117771.39
1755359700000000000,0.155271,99995.05,99995.05,117676.7
1755361500000000000,0.155271,99995.05,99995.05,117799.86
1755363300000000000,0.155271,99995.05,99995.05,117747.65000000001
1755365100000000000,0.155271,99995.05,99995.05,117724.0
1755366900000000000,0.155271,99995.05,99995.05,117693.0
1755368700000000000,0.155271,99995.05,99995.05,117695.49
1755370500000000000,0.155271,99995.05,99995.05,117685.79
1755372300000000000,0.155271,99995.05,99995.05,117698.19
1755374100000000000,0.155271,99995.05,99995.05,117672.12000000001
1755375900000000000,0.155271,99995.05,99995.05,117659.42
1755377700000000000,0.155271,99995.05,99995.05,117655.41
1755379500000000000,0.155271,99995.05,99995.05,117599.42
1755381300000000000,0.155271,99995.05,99995.05,117452.21
1755383100000000000,0.155271,99995.05,99995.05,117436.38
1755384900000000000,0.155271,99995.05,99995.05,117460.56
1755386700000000000,0.155271,99995.05,99995.05,117287.32
1755388500000000000,0.155271,99995.05,99995.05,117380.66
1755390300000000000,0.155271,99995.05,99995.05,117357.67
1755392100000000000,0.155271,99995.05,99995.05,117255.19
1755393900000000000,0.112619,100027.8,100027.8,117300.9
1755395700000000000,0.112619,100027.8,100027.8,117439.97
1755397500000000000,0.197701,100025.79999999999,100025.79999999999,117547.43000000001
1755399300000000000,0.197701,100025.79999999999,100025.79999999999,117606.0
1755401100000000000,0.197701,100025.79999999999,100025.79999999999,117573.68
1755402900000000000,0.282671,100023.8,100023.8,117684.95
1755404700000000000,0.282671,100023.8,100023.8,117771.37
1755406500000000000,0.282671,100023.8,100023.8,118076.11
1755408300000000000,0.282671,100023.8,100023.8,118131.56
1755410100000000000,0.282671,100023.8,100023.8,118000.01
1755411900000000000,0.282671,100023.8,100023.8,118087.94000000002
1755413700000000000,0.282671,100023.8,100023.8,117923.99
1755415500000000000,0.282671,100023.8,100023.8,117956.78
1755417300000000000,0.282671,100023.8,100023.8,118005.98000000001
1755419100000000000,0.282671,100023.8,100023.8,117991.8
1755420900000000000,0.282671,100023.8,100023.8,118366.06
1755422700000000000,0.282671,100023.8,100023.8,118344.62999999999
1755424500000000000,0.282671,100023.8,100023.8,118345.99
1755426300000000000,0.282671,100023.8,100023.8,118220.01999999999
1755428100000000000,0.282671,100023.8,100023.8,118393.34
1755429900000000000,0.282671,100023.8,100023.8,118346.09999999999
1755431700000000000,0.282671,100023.8,100023.8,118308.01000000001
1755433500000000000,0.282671,100023.8,100023.8,118249.99999999999
1755435300000000000,0.282671,100023.8,100023.8,118162.59999999999
1755437100000000000,0.282671,100023.8,100023.8,118176.01999999999
1755438900000000000,0.282671,100023.8,100023.8,118429.99
1755440700000000000,0.282671,100023.8,100023.8,118256.76000000001
1755442500000000000,0.282671,100023.8,100023.8,118150.01
1755444300000000000,0.282671,100023.8,100023.8,118150.34000000001
1755446100000000000,0.282671,100023.8,100023.8,118246.15999999999
1755447900000000000,0.197977,99996.53,99996.53,118071.92000000001
1755449700000000000,0.197977,99996.53,99996.53,117834.56
1755451500000000000,0.197977,99996.53,99996.53,117810.7
1755453300000000000,0.197977,99996.53,99996.53,117900.0
1755455100000000000,0.197977,99996.53,99996.53,117806.49
1755456900000000000,0.197977,99996.53,99996.53,117542.01
1755458700000000000,0.197977,99996.53,99996.53,117749.11
1755460500000000000,0.197977,99996.53,99996.53,117570.07
1755462300000000000,0.197977,99996.53,99996.53,117636.73
1755464100000000000,0.197977,99996.53,99996.53,117599.44
1755465900000000000,0.197977,99996.53,99996.53,117649.28
1755467700000000000,0.197977,99996.53,99996.53,117700.0
1755469500000000000,0.197977,99996.53,99996.53,117767.26000000001
1755471300000000000,0.197977,99996.53,99996.53,117954.98999999999
1755473100000000000,0.197977,99996.53,99996.53,117560.0
1755474900000000000,0.197977,99996.53,99996.53,117405.01000000001
1755476700000000000,0.197977,99996.53,99996.53,117142.43999999999
1755478500000000000,0.197977,99996.53,99996.53,117290.19
1755480300000000000,0.197977,99996.53,99996.53,116670.05
1755482100000000000,0.197977,99996.53,99996.53,116269.54
1755483900000000000,0.197977,99996.53,99996.53,115791.95
1755485700000000000,0.197977,99996.53,99996.53,115453.24
1755487500000000000,0.197977,99996.53,99996.53,115359.34
1755489300000000000,0.197977,99996.53,99996.53,115319.0
1755491100000000000,0.197977,99996.53,99996.53,115440.0
1755492900000000000,0.197977,99996.53,99996.53,115469.51
1755494700000000000,0.197977,99996.53,99996.53,115575.01000000001
1755496500000000000,0.197977,99996.53,99996.53,115687.99
1755498300000000000,0.197977,99996.53,99996.53,115189.74
1755500100000000000,0.197977,99996.53,99996.53,115245.56000000001
1755501900000000000,0.197977,99996.53,99996.53,115352.0
1755503700000000000,0.197977,99996.53,99996.53,115205.98000000001
1755505500000000000,0.197977,99996.53,99996.53,115344.29000000001
1755507300000000000,0.197977,99996.53,99996.53,115135.43000000001
1755509100000000000,0.154418,100125.66,100125.66,114677.79
1755510900000000000,0.154418,100125.66,100125.66,115038.46
1755512700000000000,0.154418,100125.66,100125.66,114990.01
1755514500000000000,0.154418,100125.66,100125.66,115058.58
1755516300000000000,0.154418,100125.66,100125.66,114989.45
1755518100000000000,0.154418,100125.66,100125.66,114947.27
1755519900000000000,0.154418,100125.66,100125.66,115133.41
1755521700000000000,0.154418,100125.66,100125.66,115519.99
1755523500000000000,0.240904,100123.66,100123.66,115658.23
1755525300000000000,0.240904,100123.66,100123.66,114839.13
1755527100000000000,0.240904,100123.66,100123.66,115375.3
1755528900000000000,0.240904,100123.66,100123.66,115633.73000000001
1755530700000000000,0.240904,100123.66,100123.66,115634.26999999999
1755532500000000000,0.327076,100121.66,100121.66,116145.34
1755534300000000000,0.327076,100121.66,100121.66,116028.49
1755536100000000000,0.327076,100121.66,100121.66,115962.24
1755537900000000000,0.327076,100121.66,100121.66,116516.11
1755539700000000000,0.327076,100121.66,100121.66,116428.98999999999
1755541500000000000,0.327076,100121.66,100121.66,116360.98
1755543300000000000,0.327076,100121.66,100121.66,116481.81
1755545100000000000,0.327076,100121.66,100121.66,116347.02
1755546900000000000,0.327076,100121.66,100121.66,116313.99
1755548700000000000,0.327076,100121.66,100121.66,116500.0
1755550500000000000,0.327076,100121.66,100121.66,116407.99
1755552300000000000,0.327076,100121.66,100121.66,116649.09000000001
1755554100000000000,0.327076,100121.66,100121.66,116648.98999999999
1755555900000000000,0.327076,100121.66,100121.66,116926.19
1755557700000000000,0.327076,100121.66,100121.66,116399.99
1755559500000000000,0.327076,100121.66,100121.66,116285.74
1755561300000000000,0.327076,100121.66,100121.66,116227.05
1755563100000000000,0.283961,100154.38,100154.38,115913.1
1755564900000000000,0.240749,100198.34999999999,100198.34999999999,116563.13
1755566700000000000,0.240749,100198.34999999999,100198.34999999999,116206.72
1755568500000000000,0.240749,100198.34999999999,100198.34999999999,115798.0
1755570300000000000,0.240749,100198.34999999999,100198.34999999999,115823.95
1755572100000000000,0.240749,100198.34999999999,100198.34999999999,115747.07999999999
1755573900000000000,0.240749,100198.34999999999,100198.34999999999,115371.84999999999
1755575700000000000,0.240749,100198.34999999999,100198.34999999999,114810.0
1755577500000000000,0.240749,100198.34999999999,100198.34999999999,114892.0
1755579300000000000,0.240749,100198.34999999999,100198.34999999999,115305.99
1755581100000000000,0.240749,100198.34999999999,100198.34999999999,115380.0
1755582900000000000,0.240749,100198.34999999999,100198.34999999999,114972.9
1755584700000000000,0.240749,100198.34999999999,100198.34999999999,115136.81999999999
1755586500000000000,0.240749,100198.34999999999,100198.34999999999,115019.99
1755588300000000000,0.240749,100198.34999999999,100198.34999999999,114698.61
1755590100000000000,0.240749,100198.34999999999,100198.34999999999,114978.14
1755591900000000000,0.240749,100198.34999999999,100198.34999999999,114967.29
1755593700000000000,0.240749,100198.34999999999,100198.34999999999,115186.48
1755595500000000000,0.240749,100198.34999999999,100198.34999999999,115430.0
1755597300000000000,0.240749,100198.34999999999,100198.34999999999,115322.7
1755599100000000000,0.240749,100198.34999999999,100198.34999999999,115510.85
1755600900000000000,0.240749,100198.34999999999,100198.34999999999,115400.0
1755602700000000000,0.240749,100198.34999999999,100198.34999999999,115569.86
1755604500000000000,0.240749,100198.34999999999,100198.34999999999,115508.71
1755606300000000000,0.240749,100198.34999999999,100198.34999999999,115503.16
1755608100000000000,0.240749,100198.34999999999,100198.34999999999,115599.99
1755609900000000000,0.240749,100198.34999999999,100198.34999999999,115747.44
1755611700000000000,0.240749,100198.34999999999,100198.34999999999,115192.0
1755613500000000000,0.240749,100198.34999999999,100198.34999999999,114139.16
1755615300000000000,0.240749,100198.34999999999,100198.34999999999,113882.66
1755617100000000000,0.240749,100198.34999999999,100198.34999999999,114076.83
1755618900000000000,0.240749,100198.34999999999,100198.34999999999,113786.38
1755620700000000000,0.240749,100198.34999999999,100198.34999999999,113646.17
1755622500000000000,0.240749,100198.34999999999,100198.34999999999,113388.3
1755624300000000000,0.196598,100351.96,100351.96,113422.24
1755626100000000000,0.196598,100351.96,100351.96,113520.11
1755627900000000000,0.196598,100351.96,100351.96,113252.48
1755629700000000000,0.196598,100351.96,100351.96,113069.61
1755631500000000000,0.196598,100351.96,100351.96,113393.82
1755633300000000000,0.196598,100351.96,100351.96,113132.48
1755635100000000000,0.196598,100351.96,100351.96,113298.08
1755636900000000000,0.196598,100351.96,100351.96,113570.43999999999
1755638700000000000,0.196598,100351.96,100351.96,113517.54
1755640500000000000,0.196598,100351.96,100351.96,113419.11
1755642300000000000,0.196598,100351.96,100351.96,113294.28
1755644100000000000,0.196598,100351.96,100351.96,113174.42
1755645900000000000,0.196598,100351.96,100351.96,112931.99
1755647700000000000,0.196598,100351.96,100351.96,112872.94
1755649500000000000,0.196598,100351.96,100351.96,112993.90000000001
1755651300000000000,0.196598,100351.96,100351.96,113215.5
1755653100000000000,0.196598,100351.96,100351.96,112944.8
1755654900000000000,0.187726,100387.6,100387.6,112996.93000000001
1755656700000000000,0.187726,100387.6,100387.6,113308.4
1755658500000000000,0.187726,100387.6,100387.6,113438.29000000001
1755660300000000000,0.187726,100387.6,100387.6,113609.70999999999
1755662100000000000,0.187726,100387.6,100387.6,113525.91
1755663900000000000,0.187726,100387.6,100387.6,113617.94
1755665700000000000,0.187726,100387.6,100387.6,113633.47
1755667500000000000,0.187726,100387.6,100387.6,113615.74
1755669300000000000,0.187726,100387.6,100387.6,113708.0
1755671100000000000,0.187726,100387.6,100387.6,113648.75
1755672900000000000,0.187726,100387.6,100387.6,113653.28
1755674700000000000,0.187726,100387.6,100387.6,113720.87
1755676500000000000,0.187726,100387.6,100387.6,113490.13
1755678300000000000,0.231707,100386.59999999999,100386.59999999999,113846.0
1755680100000000000,0.275613,100385.6,100385.6,114010.0
1755681900000000000,0.275613,100385.6,100385.6,113799.99
1755683700000000000,0.275613,100385.6,100385.6,113699.98000000001
1755685500000000000,0.275613,100385.6,100385.6,113587.69
1755687300000000000,0.275613,100385.6,100385.6,113792.2
1755689100000000000,0.275613,100385.6,100385.6,113460.01
1755690900000000000,0.010593,101069.93,101069.93,113666.68000000001
1755692700000000000,0.010593,101069.93,101069.93,113720.0
1755694500000000000,0.010593,101069.93,101069.93,113659.01000000001
1755696300000000000,0.010593,101069.93,101069.93,113429.24
1755698100000000000,0.010593,101069.93,101069.93,112693.15
1755699900000000000,0.010593,101069.93,101069.93,113153.29
1755701700000000000,0.010593,101069.93,101069.93,113465.84
1755703500000000000,0.010593,101069.93,101069.93,114300.01
1755705300000000000,0.010593,101069.93,101069.93,113353.94
1755707100000000000,0.010593,101069.93,101069.93,114267.27
1755708900000000000,0.010593,101069.93,101069.93,113839.99
1755710700000000000,0.010593,101069.93,101069.93,113790.75
1755712500000000000,0.010593,101069.93,101069.93,114197.53
1755714300000000000,0.010593,101069.93,101069.93,113332.05
1755716100000000000,0.010593,101069.93,101069.93,113490.01
1755717900000000000,0.010593,101069.93,101069.93,114053.69
1755719700000000000,0.010593,101069.93,101069.93,114276.66
1755721500000000000,0.010593,101069.93,101069.93,114132.0
1755723300000000000,0.010593,101069.93,101069.93,114370.0
1755725100000000000,0.010593,101069.93,101069.93,114034.43
1755726900000000000,0.010593,101069.93,101069.93,114356.24
1755728700000000000,0.010593,101069.93,101069.93,114391.0
1755730500000000000,0.010593,101069.93,101069.93,114595.19
1755732300000000000,0.010593,101069.93,101069.93,114235.7
1755734100000000000,0.010593,101069.93,101069.93,114271.23999999999
1755735900000000000,0.033229,101087.0,101087.0,114072.39
1755737700000000000,0.054149,101096.54000000001,101096.54000000001,114292.14
1755739500000000000,0.054149,101096.54000000001,101096.54000000001,114121.84
1755741300000000000,0.141395,101094.54000000001,101094.54000000001,114729.94
1755743100000000000,0.009728,101174.22,101174.22,114013.95999999999
1755744900000000000,0.009728,101174.22,101174.22,114038.0
1755746700000000000,0.009728,101174.22,101174.22,114217.82
1755748500000000000,0.009728,101174.22,101174.22,113954.62000000001
1755750300000000000,0.009728,101174.22,101174.22,113918.59999999999
1755752100000000000,0.009728,101174.22,101174.22,113800.0
1755753900000000000,0.009728,101174.22,101174.22,113744.45000000001
1755755700000000000,0.009728,101174.22,101174.22,113995.12
1755757500000000000,0.009728,101174.22,101174.22,113609.89
1755759300000000000,0.009728,101174.22,101174.22,113807.2
1755761100000000000,0.009728,101174.22,101174.22,113719.32
1755762900000000000,0.009728,101174.22,101174.22,113896.03
1755764700000000000,0.009728,101174.22,101174.22,113760.01
1755766500000000000,0.009728,101174.22,101174.22,113588.45000000001
1755768300000000000,0.009728,101174.22,101174.22,113432.01
1755770100000000000,0.009728,101174.22,101174.22,113376.85
1755771900000000000,0.009728,101174.22,101174.22,113445.84
1755773700000000000,0.009728,101174.22,101174.22,113329.74
1755775500000000000,0.009728,101174.22,101174.22,113467.03
1755777300000000000,0.009728,101174.22,101174.22,113148.66
1755779100000000000,0.009728,101174.22,101174.22,113232.56
1755780900000000000,0.009728,101174.22,101174.22,113095.29
1755782700000000000,0.009728,101174.22,101174.22,113324.51
1755784500000000000,0.009728,101174.22,101174.22,113486.98
1755786300000000000,0.009728,101174.22,101174.22,113742.84000000001
1755788100000000000,0.009728,101174.22,101174.22,113281.99
1755789900000000000,0.009728,101174.22,101174.22,113032.8
1755791700000000000,0.009728,101174.22,101174.22,112792.08
1755793500000000000,0.009728,101174.22,101174.22,112737.99
1755795300000000000,0.009728,101174.22,101174.22,112379.58
1755797100000000000,0.034824,101195.83,101195.83,112250.47
1755798900000000000,0.034824,101195.83,101195.83,112410.90999999999
1755800700000000000,0.034824,101195.83,101195.83,112503.13
1755802500000000000,0.034824,101195.83,101195.83,112602.62000000001
1755804300000000000,0.034824,101195.83,101195.83,112258.59
1755806100000000000,0.034824,101195.83,101195.83,112193.70999999999
1755807900000000000,0.034824,101195.83,101195.83,112457.05
1755809700000000000,0.034824,101195.83,101195.83,112450.3
1755811500000000000,0.034824,101195.83,101195.83,112542.92
1755813300000000000,0.034824,101195.83,101195.83,112628.76000000001
1755815100000000000,0.034824,101195.83,101195.83,112625.84
1755816900000000000,0.034824,101195.83,101195.83,112511.2
1755818700000000000,0.034824,101195.83,101195.83,112460.0
1755820500000000000,0.034824,101195.83,101195.83,112500.0
1755822300000000000,0.034824,101195.83,101195.83,112654.93000000001
1755824100000000000,0.034824,101195.83,101195.83,112630.87
1755825900000000000,0.034824,101195.83,101195.83,112772.01999999999
1755827700000000000,0.034824,101195.83,101195.83,112840.08
1755829500000000000,0.053394,101233.1,101233.1,113497.45
1755831300000000000,0.053394,101233.1,101233.1,113153.95999999999
1755833100000000000,0.053394,101233.1,101233.1,113205.02
1755834900000000000,0.053394,101233.1,101233.1,112929.24
1755836700000000000,0.053394,101233.1,101233.1,113047.77
1755838500000000000,0.053394,101233.1,101233.1,112847.62999999999
1755840300000000000,0.053394,101233.1,101233.1,112950.0
1755842100000000000,0.053394,101233.1,101233.1,113241.99
1755843900000000000,0.053394,101233.1,101233.1,113243.91
1755845700000000000,0.053394,101233.1,101233.1,112998.3
1755847500000000000,0.053394,101233.1,101233.1,113162.33
1755849300000000000,0.053394,101233.1,101233.1,113094.83
1755851100000000000,0.053394,101233.1,101233.1,113245.69
1755852900000000000,0.053394,101233.1,101233.1,112980.34
1755854700000000000,0.053394,101233.1,101233.1,112976.98999999999
1755856500000000000,0.053394,101233.1,101233.1,113049.67
1755858300000000000,0.009073,101256.16,101256.16,112714.87
1755860100000000000,0.035359,101262.64,101262.64,112534.54000000001
1755861900000000000,0.035359,101262.64,101262.64,112278.06
1755863700000000000,0.035359,101262.64,101262.64,112320.0
1755865500000000000,0.035359,101262.64,101262.64,112045.12
1755867300000000000,0.035359,101262.64,101262.64,112341.5
1755869100000000000,0.035359,101262.64,101262.64,112290.90999999999
1755870900000000000,0.035359,101262.64,101262.64,112487.11
1755872700000000000,0.22892,101296.48,101296.48,115190.03
1755874500000000000,0.22892,101296.48,101296.48,115808.23
1755876300000000000,0.22892,101296.48,101296.48,116725.0
1755878100000000000,0.22892,101296.48,101296.48,116370.75
1755879900000000000,0.22892,101296.48,101296.48,116407.68
1755881700000000000,0.22892,101296.48,101296.48,116146.47
1755883500000000000,0.22892,101296.48,101296.48,116937.54999999999
1755885300000000000,0.22892,101296.48,101296.48,117024.0
1755885900000000000,0.22892,101296.48,101296.48,117218.0
1755886200000000000,0.22892,101296.48,101296.48,117410.0
1755886500000000000,0.0,100452.37000000001,100452.37000000001,117130.0
1755886800000000000,0.0,100452.37000000001,100452.37000000001,116849.99
1755887100000000000,0.0,100452.37000000001,100452.37000000001,116885.28
1755887400000000000,0.0,100452.37000000001,100452.37000000001,117137.45999999999
1755887700000000000,0.0,100452.37000000001,100452.37000000001,116901.15999999999
1755888000000000000,0.0,100452.37000000001,100452.37000000001,116918.59999999999
1755888300000000000,0.0,100452.37000000001,100452.37000000001,116826.65
1755888600000000000,0.0,100452.37000000001,100452.37000000001,116802.56
1755888900000000000,0.0,100452.37000000001,100452.37000000001,116805.27
1755889200000000000,0.0,100452.37000000001,100452.37000000001,116892.78
1755889500000000000,0.0,100452.37000000001,100452.37000000001,116781.09000000001
1755889800000000000,0.0,100452.37000000001,100452.37000000001,116881.66
1755890100000000000,0.0,100452.37000000001,100452.37000000001,116845.02
1755890400000000000,0.0,100452.37000000001,100452.37000000001,116760.56
1755890700000000000,0.0,100452.37000000001,100452.37000000001,116739.59
1755891000000000000,0.0,100452.37000000001,100452.37000000001,116671.65000000001
1755891300000000000,0.0,100452.37000000001,100452.37000000001,116664.29000000001
1755891600000000000,0.0,100452.37000000001,100452.37000000001,116692.55
1755891900000000000,0.0,100452.37000000001,100452.37000000001,116631.58
1755892200000000000,0.0,100452.37000000001,100452.37000000001,116561.84999999999
1755892500000000000,0.0,100452.37000000001,100452.37000000001,116655.79
1755892800000000000,0.0,100452.37000000001,100452.37000000001,116769.17
1755893100000000000,0.0,100452.37000000001,100452.37000000001,116824.94
1755893400000000000,0.0,100452.37000000001,100452.37000000001,116846.8
1755893700000000000,0.0,100452.37000000001,100452.37000000001,116899.53
1755894000000000000,0.0,100452.37000000001,100452.37000000001,116972.26999999999
1755894300000000000,0.0,100452.37000000001,100452.37000000001,117100.0
1755894600000000000,0.0,100452.37000000001,100452.37000000001,116934.53
1755894900000000000,0.0,100452.37000000001,100452.37000000001,116979.0
1755895200000000000,0.0,100452.37000000001,100452.37000000001,117030.43
1755895500000000000,0.0,100452.37000000001,100452.37000000001,116940.92000000001
1755895800000000000,0.0,100452.37000000001,100452.37000000001,116894.18
1755896100000000000,0.0,100452.37000000001,100452.37000000001,117052.65
1755896400000000000,0.0,100452.37000000001,100452.37000000001,116960.0
1755896700000000000,0.0,100452.37000000001,100452.37000000001,117016.0
1755897000000000000,0.0,100452.37000000001,100452.37000000001,116881.66
1755897300000000000,0.0,100452.37000000001,100452.37000000001,116911.02
1755897600000000000,0.0,100452.37000000001,100452.37000000001,116980.0
1755897900000000000,0.0,100452.37000000001,100452.37000000001,116976.0
1755898200000000000,0.0,100452.37000000001,100452.37000000001,116978.45000000001
1755898500000000000,0.0,100452.37000000001,100452.37000000001,116976.0
1755898800000000000,0.0,100452.37000000001,100452.37000000001,117030.42
1755899100000000000,0.0,100452.37000000001,100452.37000000001,117133.15999999999
1755899400000000000,0.0,100452.37000000001,100452.37000000001,117025.49
1755899700000000000,0.0,100452.37000000001,100452.37000000001,117028.26999999999
1755900000000000000,0.0,100452.37000000001,100452.37000000001,116987.23999999999
1755900300000000000,0.0,100452.37000000001,100452.37000000001,116970.83
1755900600000000000,0.0,100452.37000000001,100452.37000000001,116784.12000000001
1755901500000000000,0.0,100452.37000000001,100452.37000000001,116625.6
1755903300000000000,0.0,100452.37000000001,100452.37000000001,116757.18000000001
1755905100000000000,0.0,100452.37000000001,100452.37000000001,116743.52
1755906900000000000,0.0,100452.37000000001,100452.37000000001,116935.99
1755908700000000000,0.0,100452.37000000001,100452.37000000001,116951.34
1755910500000000000,0.0,100452.37000000001,100452.37000000001,116870.22
1755912300000000000,0.0,100452.37000000001,100452.37000000001,116573.95
1755914100000000000,0.042906,100451.37,100451.37,116453.59
1755915900000000000,0.085907,100450.37000000001,100450.37000000001,115866.32
1755917700000000000,0.085907,100450.37000000001,100450.37000000001,115927.98000000001
1755919500000000000,0.085907,100450.37000000001,100450.37000000001,115720.25
1755921300000000000,0.085907,100450.37000000001,100450.37000000001,115568.77
1755923100000000000,0.085907,100450.37000000001,100450.37000000001,115720.0
1755924900000000000,0.085907,100450.37000000001,100450.37000000001,115926.77
1755926700000000000,0.085907,100450.37000000001,100450.37000000001,115951.23
1755928500000000000,0.085907,100450.37000000001,100450.37000000001,115954.51
1755930300000000000,0.085907,100450.37000000001,100450.37000000001,115762.45000000001
1755932100000000000,0.085907,100450.37000000001,100450.37000000001,115781.15999999999
1755933900000000000,0.085907,100450.37000000001,100450.37000000001,115716.2
1755935700000000000,0.085907,100450.37000000001,100450.37000000001,115799.47
1755937500000000000,0.085907,100450.37000000001,100450.37000000001,115658.43
1755939300000000000,0.085907,100450.37000000001,100450.37000000001,115746.12
1755941100000000000,0.085907,100450.37000000001,100450.37000000001,115609.99
1755942900000000000,0.085907,100450.37000000001,100450.37000000001,115765.82
1755944700000000000,0.085907,100450.37000000001,100450.37000000001,115601.95999999999
1755946500000000000,0.085907,100450.37000000001,100450.37000000001,115575.71999999999
1755948300000000000,0.085907,100450.37000000001,100450.37000000001,115531.16
1755950100000000000,0.085907,100450.37000000001,100450.37000000001,115310.13
1755951900000000000,0.085907,100450.37000000001,100450.37000000001,115353.05
1755953700000000000,0.085907,100450.37000000001,100450.37000000001,115213.6
1755955500000000000,0.085907,100450.37000000001,100450.37000000001,115019.06
1755957300000000000,0.085907,100450.37000000001,100450.37000000001,114864.92000000001
1755959100000000000,0.085907,100450.37000000001,100450.37000000001,115031.48000000001
1755960900000000000,0.1295,100449.37,100449.37,114621.47
1755962700000000000,0.1295,100449.37,100449.37,114900.01
1755964500000000000,0.1295,100449.37,100449.37,114812.87
1755966300000000000,0.1295,100449.37,100449.37,114867.59
1755968100000000000,0.1295,100449.37,100449.37,115020.0
1755969900000000000,0.1295,100449.37,100449.37,114985.90000000001
1755971700000000000,0.1295,100449.37,100449.37,115087.97
1755973500000000000,0.1295,100449.37,100449.37,115073.37999999999
1755975300000000000,0.1295,100449.37,100449.37,115145.77
1755977100000000000,0.1295,100449.37,100449.37,115077.99
1755978900000000000,0.1295,100449.37,100449.37,115133.91
1755980700000000000,0.1295,100449.37,100449.37,115226.3
1755982500000000000,0.042742,100398.26999999999,100398.26999999999,115325.81
1755984300000000000,0.042742,100398.26999999999,100398.26999999999,115077.27
1755986100000000000,0.042742,100398.26999999999,100398.26999999999,115028.0
1755987900000000000,0.042742,100398.26999999999,100398.26999999999,115278.72
1755989700000000000,0.042742,100398.26999999999,100398.26999999999,115317.84999999999
1755991500000000000,0.042742,100398.26999999999,100398.26999999999,115273.28
1755993300000000000,0.042742,100398.26999999999,100398.26999999999,115438.05
1755995100000000000,0.042742,100398.26999999999,100398.26999999999,115421.72
1755996900000000000,0.043804,100384.18,100384.18,115375.35
1755998700000000000,0.043804,100384.18,100384.18,115292.73999999999
1756000500000000000,0.043804,100384.18,100384.18,115473.99
1756002300000000000,0.043804,100384.18,100384.18,115519.96
1756004100000000000,0.043804,100384.18,100384.18,115005.15
1756005900000000000,0.043804,100384.18,100384.18,114960.01
1756007700000000000,0.043804,100384.18,100384.18,115036.0
1756009500000000000,0.043804,100384.18,100384.18,115229.56000000001
1756011300000000000,0.043804,100384.18,100384.18,115174.3
1756013100000000000,0.043804,100384.18,100384.18,115076.94
1756014900000000000,0.043804,100384.18,100384.18,114996.01
1756016700000000000,0.087277,100383.18000000001,100383.18000000001,115012.28000000001
1756018500000000000,0.087277,100383.18000000001,100383.18000000001,114862.4
1756020300000000000,0.087277,100383.18000000001,100383.18000000001,115040.0
1756022100000000000,0.087277,100383.18000000001,100383.18000000001,114888.19
1756023900000000000,0.087277,100383.18000000001,100383.18000000001,114819.28
1756025700000000000,0.087277,100383.18000000001,100383.18000000001,114838.01999999999
1756027500000000000,0.000125,100428.12000000001,100428.12000000001,114831.64
1756029300000000000,0.000125,100428.12000000001,100428.12000000001,114841.17
1756031100000000000,0.000125,100428.12000000001,100428.12000000001,114740.01
1756032900000000000,0.087129,100426.20000000001,100426.20000000001,114790.4
1756034700000000000,0.087129,100426.20000000001,100426.20000000001,114636.01
1756036500000000000,0.087129,100426.20000000001,100426.20000000001,114730.22
1756038300000000000,0.087129,100426.20000000001,100426.20000000001,114676.54000000001
1756040100000000000,0.087129,100426.20000000001,100426.20000000001,114673.81
1756041900000000000,0.087129,100426.20000000001,100426.20000000001,114654.05
1756043700000000000,0.087129,100426.20000000001,100426.20000000001,114555.0
1756045500000000000,0.087129,100426.20000000001,100426.20000000001,114454.93000000001
1756047300000000000,0.087129,100426.20000000001,100426.20000000001,114514.05
1756049100000000000,0.087129,100426.20000000001,100426.20000000001,114633.39
1756050900000000000,0.087129,100426.20000000001,100426.20000000001,114400.0
1756052700000000000,0.087129,100426.20000000001,100426.20000000001,114423.52
1756054500000000000,0.087129,100426.20000000001,100426.20000000001,114275.0
1756056300000000000,0.087129,100426.20000000001,100426.20000000001,114284.61
1756058100000000000,0.087129,100426.20000000001,100426.20000000001,114423.42
1756059900000000000,0.087129,100426.20000000001,100426.20000000001,114664.64
1756061700000000000,0.087129,100426.20000000001,100426.20000000001,114626.97
1756063500000000000,0.087129,100426.20000000001,100426.20000000001,114715.23999999999
1756065300000000000,0.087129,100426.20000000001,100426.20000000001,112600.0
1756067100000000000,0.087129,100426.20000000001,100426.20000000001,112855.29
1756068900000000000,0.087129,100426.20000000001,100426.20000000001,112770.39
1756070700000000000,0.087129,100426.20000000001,100426.20000000001,112908.01
1756072500000000000,0.087129,100426.20000000001,100426.20000000001,112988.39
1756074300000000000,0.087129,100426.20000000001,100426.20000000001,112656.11
1756076100000000000,0.043021,100370.13,100370.13,113451.02
1756077900000000000,0.043021,100370.13,100370.13,113648.25
1756079700000000000,0.043021,100370.13,100370.13,113493.59
1756081500000000000,0.043021,100370.13,100370.13,113062.95
1756083300000000000,0.132115,100368.13,100368.13,112645.1
1756085100000000000,0.132115,100368.13,100368.13,112984.97
1756086900000000000,0.132115,100368.13,100368.13,113066.94
1756088700000000000,0.132115,100368.13,100368.13,113429.81
1756090500000000000,0.132115,100368.13,100368.13,113412.36
1756092300000000000,0.132115,100368.13,100368.13,113371.82
1756094100000000000,0.132115,100368.13,100368.13,112916.84
1756095900000000000,0.132115,100368.13,100368.13,112707.62
1756097700000000000,0.132115,100368.13,100368.13,112764.0
1756099500000000000,0.132115,100368.13,100368.13,112538.39
1756101300000000000,0.132115,100368.13,100368.13,112310.0
1756103100000000000,0.132115,100368.13,100368.13,112249.74
1756104900000000000,0.132115,100368.13,100368.13,111929.87
1756106700000000000,0.132115,100368.13,100368.13,111902.66
1756108500000000000,0.157854,100367.54999999999,100367.54999999999,111511.54999999999
1756110300000000000,0.157854,100367.54999999999,100367.54999999999,111656.54000000001
1756112100000000000,0.157854,100367.54999999999,100367.54999999999,111414.3
1756113900000000000,0.157854,100367.54999999999,100367.54999999999,111477.81
1756115700000000000,0.157854,100367.54999999999,100367.54999999999,111800.01
1756117500000000000,0.157854,100367.54999999999,100367.54999999999,111224.94
1756119300000000000,0.157854,100367.54999999999,100367.54999999999,110984.03
1756121100000000000,0.157854,100367.54999999999,100367.54999999999,111071.49
1756122900000000000,0.157854,100367.54999999999,100367.54999999999,111214.97
1756124700000000000,0.157854,100367.54999999999,100367.54999999999,111682.49
1756126500000000000,0.157854,100367.54999999999,100367.54999999999,111586.31
1756128300000000000,0.157854,100367.54999999999,100367.54999999999,111660.7
1756130100000000000,0.157854,100367.54999999999,100367.54999999999,111491.69
1756131900000000000,0.157854,100367.54999999999,100367.54999999999,111910.32
1756133700000000000,0.157854,100367.54999999999,100367.54999999999,112260.0
1756135500000000000,0.157854,100367.54999999999,100367.54999999999,112453.97
1756137300000000000,0.157854,100367.54999999999,100367.54999999999,112200.64
1756139100000000000,0.113563,100370.72,100370.72,112635.42
1756140900000000000,0.113563,100370.72,100370.72,112502.43
1756142700000000000,0.113563,100370.72,100370.72,112719.0
1756144500000000000,0.113563,100370.72,100370.72,112431.4
1756146300000000000,0.113563,100370.72,100370.72,112574.53
1756148100000000000,0.113563,100370.72,100370.72,112402.9
1756149900000000000,0.113563,100370.72,100370.72,111961.0
1756151700000000000,0.203417,100368.72,100368.72,110716.13
1756153500000000000,0.224294,100368.26,100368.26,110519.0
1756155300000000000,0.224294,100368.26,100368.26,109561.95999999999
1756157100000000000,0.224294,100368.26,100368.26,109513.40000000001
1756158900000000000,0.224294,100368.26,100368.26,109888.01
1756160700000000000,0.224294,100368.26,100368.26,110361.95999999999
1756162500000000000,0.224294,100368.26,100368.26,110153.23
1756164300000000000,0.224294,100368.26,100368.26,109934.01999999999
1756166100000000000,0.224294,100368.26,100368.26,110111.98000000001
1756167900000000000,0.224294,100368.26,100368.26,109660.0
1756169700000000000,0.224294,100368.26,100368.26,109100.23
1756171500000000000,0.224294,100368.26,100368.26,109749.99
1756173300000000000,0.224294,100368.26,100368.26,109897.2
1756175100000000000,0.224294,100368.26,100368.26,109839.99
1756176900000000000,0.224294,100368.26,100368.26,109710.96
1756178700000000000,0.224294,100368.26,100368.26,109777.03
1756180500000000000,0.224294,100368.26,100368.26,109879.56
1756182300000000000,0.224294,100368.26,100368.26,110168.48
1756184100000000000,0.224294,100368.26,100368.26,110100.01
1756185900000000000,0.224294,100368.26,100368.26,110162.95
1756187700000000000,0.224294,100368.26,100368.26,110196.01
1756189500000000000,0.224294,100368.26,100368.26,110021.6
1756191300000000000,0.224294,100368.26,100368.26,109988.18
1756193100000000000,0.269804,100367.26000000001,100367.26000000001,109975.84
1756194900000000000,0.179252,100257.66,100257.66,110303.2
1756196700000000000,0.179252,100257.66,100257.66,110074.45000000001
1756198500000000000,0.179252,100257.66,100257.66,110102.01999999999
1756200300000000000,0.179252,100257.66,100257.66,110331.45
1756202100000000000,0.179252,100257.66,100257.66,110152.89
1756203900000000000,0.179252,100257.66,100257.66,110334.75
1756205700000000000,0.179252,100257.66,100257.66,110216.53
1756207500000000000,0.179252,100257.66,100257.66,109859.04
1756209300000000000,0.270508,100255.66,100255.66,109876.51999999999
1756211100000000000,0.270508,100255.66,100255.66,109728.0
1756212900000000000,0.135028,100223.32,100223.32,110216.81
1756214700000000000,0.135028,100223.32,100223.32,109855.62999999999
1756216500000000000,0.135028,100223.32,100223.32,110094.66
1756218300000000000,0.135028,100223.32,100223.32,110209.93
1756220100000000000,0.135028,100223.32,100223.32,110358.13
1756221900000000000,0.135028,100223.32,100223.32,110075.2
1756223700000000000,0.135028,100223.32,100223.32,109666.33
1756225500000000000,0.135028,100223.32,100223.32,109744.88
1756227300000000000,0.135028,100223.32,100223.32,110153.84
1756229100000000000,0.135028,100223.32,100223.32,109850.16
1756230900000000000,0.135028,100223.32,100223.32,109988.07
1756232700000000000,0.135028,100223.32,100223.32,110486.83
1756234500000000000,0.135028,100223.32,100223.32,110695.58
1756236300000000000,0.135028,100223.32,100223.32,111118.5
1756238100000000000,0.135028,100223.32,100223.32,111116.03
1756239900000000000,0.135028,100223.32,100223.32,111332.85
1756241700000000000,0.135028,100223.32,100223.32,111321.58
1756243500000000000,0.135028,100223.32,100223.32,111278.19
1756245300000000000,0.135028,100223.32,100223.32,111584.6
1756247100000000000,0.135028,100223.32,100223.32,111642.29000000001
1756248900000000000,0.135028,100223.32,100223.32,111910.01
1756250700000000000,0.090467,100278.95,100278.95,111946.0
1756252500000000000,0.090467,100278.95,100278.95,111763.22
1756254300000000000,0.090467,100278.95,100278.95,111645.95
1756256100000000000,0.180125,100276.95,100276.95,111356.37000000001
1756257900000000000,0.270053,100274.95,100274.95,111253.56000000001
1756259700000000000,0.270053,100274.95,100274.95,111299.48000000001
1756261500000000000,0.270053,100274.95,100274.95,111311.04
1756263300000000000,0.270053,100274.95,100274.95,111135.37
1756265100000000000,0.270053,100274.95,100274.95,110966.0
1756266900000000000,0.270053,100274.95,100274.95,111418.15000000001
1756268700000000000,0.270053,100274.95,100274.95,111465.25
1756270500000000000,0.270053,100274.95,100274.95,111570.81
1756272300000000000,0.270053,100274.95,100274.95,111372.15000000001
1756274100000000000,0.270053,100274.95,100274.95,111372.18
1756275900000000000,0.270053,100274.95,100274.95,111268.32
1756277700000000000,0.270053,100274.95,100274.95,111040.09
1756279500000000000,0.270053,100274.95,100274.95,110840.69
1756281300000000000,0.270053,100274.95,100274.95,110725.18000000001
1756283100000000000,0.270053,100274.95,100274.95,110591.70999999999
1756284900000000000,0.270053,100274.95,100274.95,110756.01
1756286700000000000,0.270053,100274.95,100274.95,110971.96
1756288500000000000,0.270053,100274.95,100274.95,110810.78
1756290300000000000,0.270053,100274.95,100274.95,111038.0
1756292100000000000,0.270053,100274.95,100274.95,110975.12
1756293900000000000,0.270053,100274.95,100274.95,111175.6
1756295700000000000,0.270053,100274.95,100274.95,111322.07
1756297500000000000,0.270053,100274.95,100274.95,111140.01
1756299300000000000,0.270053,100274.95,100274.95,111344.42
1756301100000000000,0.270053,100274.95,100274.95,111325.02
1756302900000000000,0.270053,100274.95,100274.95,111487.23999999999
1756304700000000000,0.270053,100274.95,100274.95,112192.66
1756306500000000000,0.225624,100332.42,100332.42,111815.94
1756308300000000000,0.225624,100332.42,100332.42,111770.81
1756310100000000000,0.225624,100332.42,100332.42,112000.0
1756311900000000000,0.225624,100332.42,100332.42,111816.77
1756313700000000000,0.225624,100332.42,100332.42,112121.45999999999
1756315500000000000,0.225624,100332.42,100332.42,112309.15999999999
1756317300000000000,0.225624,100332.42,100332.42,112345.29
1756319100000000000,0.225624,100332.42,100332.42,112471.32
1756320900000000000,0.225624,100332.42,100332.42,111947.20999999999
1756322700000000000,0.225624,100332.42,100332.42,112010.68000000001
1756324500000000000,0.225624,100332.42,100332.42,112080.69
1756326300000000000,0.225624,100332.42,100332.42,112083.8
1756328100000000000,0.225624,100332.42,100332.42,112419.06999999999
1756329900000000000,0.225624,100332.42,100332.42,111802.19
1756331700000000000,0.225624,100332.42,100332.42,111528.19
1756333500000000000,0.225624,100332.42,100332.42,111310.01
1756335300000000000,0.225624,100332.42,100332.42,111409.54
1756337100000000000,0.225624,100332.42,100332.42,111348.07
1756338900000000000,0.225624,100332.42,100332.42,111262.01
1756340700000000000,0.225624,100332.42,100332.42,111138.5
1756342500000000000,0.225624,100332.42,100332.42,111338.92
1756344300000000000,0.225624,100332.42,100332.42,111442.01
1756346100000000000,0.225624,100332.42,100332.42,111647.7
1756347900000000000,0.225624,100332.42,100332.42,111617.84
1756349700000000000,0.225624,100332.42,100332.42,111500.0
1756351500000000000,0.225624,100332.42,100332.42,111927.99
1756353300000000000,0.225624,100332.42,100332.42,112000.01
1756355100000000000,0.225624,100332.42,100332.42,112303.8
1756356900000000000,0.225624,100332.42,100332.42,112965.90000000001
1756358700000000000,0.225624,100332.42,100332.42,112863.59
1756360500000000000,0.225624,100332.42,100332.42,112853.24
1756362300000000000,0.225624,100332.42,100332.42,112998.92
1756364100000000000,0.181422,100415.17,100415.17,113213.78
1756365900000000000,0.181422,100415.17,100415.17,113158.24
1756367700000000000,0.181422,100415.17,100415.17,113114.11
1756369500000000000,0.181422,100415.17,100415.17,113049.52
1756371300000000000,0.181422,100415.17,100415.17,113128.49
1756373100000000000,0.181422,100415.17,100415.17,112984.48
1756374900000000000,0.181422,100415.17,100415.17,112856.89
1756376700000000000,0.181422,100415.17,100415.17,112909.18000000001
1756378500000000000,0.181422,100415.17,100415.17,113127.53
1756380300000000000,0.181422,100415.17,100415.17,112945.26000000001
1756382100000000000,0.181422,100415.17,100415.17,112909.18000000001
1756383900000000000,0.181422,100415.17,100415.17,112845.47
1756385700000000000,0.181422,100415.17,100415.17,113239.44
1756387500000000000,0.141092,100501.78,100501.78,113050.01
1756389300000000000,0.141092,100501.78,100501.78,112832.0
1756391100000000000,0.141092,100501.78,100501.78,112634.67
1756392900000000000,0.274349,100498.78,100498.78,113153.06
1756394700000000000,0.274349,100498.78,100498.78,112567.14
1756396500000000000,0.274349,100498.78,100498.78,112678.53
1756398300000000000,0.274349,100498.78,100498.78,113006.26999999999
1756400100000000000,0.274349,100498.78,100498.78,112329.44
1756401900000000000,0.407933,100495.78,100495.78,112523.23999999999
1756403700000000000,0.407933,100495.78,100495.78,112387.99
1756405500000000000,0.407933,100495.78,100495.78,112646.01
1756407300000000000,0.407933,100495.78,100495.78,112373.59
1756409100000000000,0.407933,100495.78,100495.78,112361.31
1756410900000000000,0.407933,100495.78,100495.78,111901.36
1756412700000000000,0.407933,100495.78,100495.78,112012.21
1756414500000000000,0.407933,100495.78,100495.78,111902.49
1756416300000000000,0.407933,100495.78,100495.78,111972.98
1756418100000000000,0.407933,100495.78,100495.78,112025.06999999999
1756419900000000000,0.407933,100495.78,100495.78,112400.0
1756421700000000000,0.363476,100515.17,100515.17,112340.64
1756423500000000000,0.363476,100515.17,100515.17,112392.2
1756425300000000000,0.363476,100515.17,100515.17,112566.9
1756427100000000000,0.363476,100515.17,100515.17,112600.0
1756428900000000000,0.363476,100515.17,100515.17,112200.94
1756430700000000000,0.363476,100515.17,100515.17,111551.91
1756432500000000000,0.363476,100515.17,100515.17,111486.0
1756434300000000000,0.363476,100515.17,100515.17,111542.12
1756436100000000000,0.363476,100515.17,100515.17,111419.98000000001
1756437900000000000,0.363476,100515.17,100515.17,111611.47
1756439700000000000,0.363476,100515.17,100515.17,111704.23
1756441500000000000,0.363476,100515.17,100515.17,111674.03
1756443300000000000,0.363476,100515.17,100515.17,111502.0
1756445100000000000,0.363476,100515.17,100515.17,111314.7
1756446900000000000,0.363476,100515.17,100515.17,111315.42
1756448700000000000,0.363476,100515.17,100515.17,111000.01
1756450500000000000,0.363476,100515.17,100515.17,111279.45
1756452300000000000,0.363476,100515.17,100515.17,110141.14
1756454100000000000,0.363476,100515.17,100515.17,110019.37999999999
1756455900000000000,0.363476,100515.17,100515.17,110030.01
1756457700000000000,0.363476,100515.17,100515.17,109628.01999999999
1756459500000000000,0.363476,100515.17,100515.17,109755.67
1756461300000000000,0.363476,100515.17,100515.17,109772.71
1756463100000000000,0.363476,100515.17,100515.17,109935.94
1756464900000000000,0.363476,100515.17,100515.17,110008.01
1756466700000000000,0.363476,100515.17,100515.17,110051.82
1756468500000000000,0.363476,100515.17,100515.17,110098.81
1756470300000000000,0.363476,100515.17,100515.17,110340.53
1756472100000000000,0.363476,100515.17,100515.17,110728.0
1756473900000000000,0.363476,100515.17,100515.17,110503.36
1756475700000000000,0.363476,100515.17,100515.17,109106.14
1756477500000000000,0.363476,100515.17,100515.17,108646.72
1756479300000000000,0.363476,100515.17,100515.17,108198.67
1756481100000000000,0.363476,100515.17,100515.17,108357.99
1756482900000000000,0.363476,100515.17,100515.17,108386.23
1756484700000000000,0.363476,100515.17,100515.17,108503.35
1756486500000000000,0.363476,100515.17,100515.17,108705.67
1756488300000000000,0.363476,100515.17,100515.17,108398.21
1756490100000000000,0.363476,100515.17,100515.17,108466.01
1756491900000000000,0.363476,100515.17,100515.17,108126.96
1756493700000000000,0.363476,100515.17,100515.17,108145.40000000001
1756495500000000000,0.363476,100515.17,100515.17,108643.13
1756497300000000000,0.363476,100515.17,100515.17,108212.01
1756499100000000000,0.363476,100515.17,100515.17,107967.99
1756500900000000000,0.363476,100515.17,100515.17,107770.78
1756502700000000000,0.363476,100515.17,100515.17,107962.4
1756504500000000000,0.363476,100515.17,100515.17,108450.01
1756506300000000000,0.363476,100515.17,100515.17,108339.4
1756508100000000000,0.363476,100515.17,100515.17,108378.97
1756509900000000000,0.363476,100515.17,100515.17,108443.36
1756511700000000000,0.363476,100515.17,100515.17,108377.40000000001
1756513500000000000,0.363476,100515.17,100515.17,108307.0
1756515300000000000,0.363476,100515.17,100515.17,108300.71
1756517100000000000,0.363476,100515.17,100515.17,108036.0
1756518900000000000,0.363476,100515.17,100515.17,107447.97
1756520700000000000,0.363476,100515.17,100515.17,107824.53
1756522500000000000,0.363476,100515.17,100515.17,107782.01
1756524300000000000,0.363476,100515.17,100515.17,108231.2
1756526100000000000,0.363476,100515.17,100515.17,108436.2
1756527900000000000,0.363476,100515.17,100515.17,108639.19
1756529700000000000,0.363476,100515.17,100515.17,108435.59
1756531500000000000,0.363476,100515.17,100515.17,108216.85
1756533300000000000,0.363476,100515.17,100515.17,108347.2
1756535100000000000,0.363476,100515.17,100515.17,108264.36
1756536900000000000,0.363476,100515.17,100515.17,108320.0
1756538700000000000,0.363476,100515.17,100515.17,108274.22
1756540500000000000,0.363476,100515.17,100515.17,108524.26
1756542300000000000,0.317447,100358.47,100358.47,108727.25
1756544100000000000,0.317447,100358.47,100358.47,108568.0
1756545900000000000,0.317447,100358.47,100358.47,108533.90000000001
1756547700000000000,0.317447,100358.47,100358.47,108517.62999999999
1756549500000000000,0.317447,100358.47,100358.47,108690.49
1756551300000000000,0.317447,100358.47,100358.47,108425.99
1756553100000000000,0.317447,100358.47,100358.47,108540.73
1756554900000000000,0.317447,100358.47,100358.47,108680.01
1756556700000000000,0.317447,100358.47,100358.47,108502.94
1756558500000000000,0.317447,100358.47,100358.47,108614.86
1756560300000000000,0.317447,100358.47,100358.47,108418.4
1756562100000000000,0.317447,100358.47,100358.47,108531.14
1756563900000000000,0.317447,100358.47,100358.47,108549.99
1756565700000000000,0.317447,100358.47,100358.47,108661.99
1756567500000000000,0.317447,100358.47,100358.47,108773.99
1756569300000000000,0.317447,100358.47,100358.47,108869.98000000001
1756571100000000000,0.317447,100358.47,100358.47,108726.64
1756572900000000000,0.317447,100358.47,100358.47,108815.71999999999
1756574700000000000,0.317447,100358.47,100358.47,108838.34
1756576500000000000,0.317447,100358.47,100358.47,108784.71
1756578300000000000,0.317447,100358.47,100358.47,108698.37000000001
1756580100000000000,0.317447,100358.47,100358.47,108739.71999999999
1756581900000000000,0.317447,100358.47,100358.47,108808.36
1756583700000000000,0.317447,100358.47,100358.47,108828.33
1756585500000000000,0.317447,100358.47,100358.47,108773.31
1756587300000000000,0.317447,100358.47,100358.47,108648.0
1756589100000000000,0.317447,100358.47,100358.47,108619.37999999999
1756590900000000000,0.317447,100358.47,100358.47,108588.67
1756592700000000000,0.317447,100358.47,100358.47,108551.59
1756594500000000000,0.317447,100358.47,100358.47,108531.12
1756596300000000000,0.271429,100203.01000000001,100203.01000000001,108700.01
1756598100000000000,0.225461,100053.15,100053.15,108816.33
1756599900000000000,0.225461,100053.15,100053.15,108880.89
1756601700000000000,0.225461,100053.15,100053.15,109389.08
1756603500000000000,0.225461,100053.15,100053.15,109334.01
1756605300000000000,0.225461,100053.15,100053.15,109429.01000000001
1756607100000000000,0.225461,100053.15,100053.15,109325.86
1756608900000000000,0.225461,100053.15,100053.15,109224.87
1756610700000000000,0.225461,100053.15,100053.15,109221.09000000001
1756612500000000000,0.225461,100053.15,100053.15,109223.84
1756614300000000000,0.225461,100053.15,100053.15,108834.0
1756616100000000000,0.225461,100053.15,100053.15,108816.32
1756617900000000000,0.225461,100053.15,100053.15,108583.71999999999
1756619700000000000,0.225461,100053.15,100053.15,108756.85
1756621500000000000,0.225461,100053.15,100053.15,108578.95
1756623300000000000,0.225461,100053.15,100053.15,108716.65
1756625100000000000,0.225461,100053.15,100053.15,108693.44
1756626900000000000,0.225461,100053.15,100053.15,108708.26
1756628700000000000,0.225461,100053.15,100053.15,108897.65000000001
1756630500000000000,0.225461,100053.15,100053.15,109011.67
1756632300000000000,0.225461,100053.15,100053.15,108900.0
1756634100000000000,0.225461,100053.15,100053.15,108507.68
1756635900000000000,0.225461,100053.15,100053.15,108452.79000000001
1756637700000000000,0.225461,100053.15,100053.15,108560.23
1756639500000000000,0.225461,100053.15,100053.15,108530.56
1756641300000000000,0.225461,100053.15,100053.15,108389.76
1756643100000000000,0.225461,100053.15,100053.15,108398.68000000001
1756644900000000000,0.225461,100053.15,100053.15,108309.2
1756646700000000000,0.225461,100053.15,100053.15,108294.73999999999
1756648500000000000,0.225461,100053.15,100053.15,108418.01999999999
1756650300000000000,0.225461,100053.15,100053.15,108374.98999999999
1756652100000000000,0.225461,100053.15,100053.15,108467.33
1756653900000000000,0.179452,99898.64,99898.64,108568.73999999999
1756655700000000000,0.179452,99898.64,99898.64,108818.69
1756657500000000000,0.179452,99898.64,99898.64,108698.51
1756659300000000000,0.133555,99756.73,99756.73,108922.79000000001
1756661100000000000,0.133555,99756.73,99756.73,108957.27
1756662900000000000,0.133555,99756.73,99756.73,108993.87
1756664700000000000,0.133555,99756.73,99756.73,109009.54
1756666500000000000,0.133555,99756.73,99756.73,109146.62000000001
1756668300000000000,0.133555,99756.73,99756.73,108968.51999999999
1756670100000000000,0.133555,99756.73,99756.73,108930.0
1756671900000000000,0.133555,99756.73,99756.73,109065.58
1756673700000000000,0.133555,99756.73,99756.73,109117.99
1756675500000000000,0.133555,99756.73,99756.73,109024.8
1756677300000000000,0.133555,99756.73,99756.73,109037.29
1756679100000000000,0.133555,99756.73,99756.73,109181.54999999999
1756680900000000000,0.133555,99756.73,99756.73,108900.46
1756682700000000000,0.133555,99756.73,99756.73,108387.96
1756684500000000000,0.272263,99753.73000000001,99753.73000000001,108246.34999999999
1756686300000000000,0.403786,99750.89,99750.89,107823.70999999999
1756688100000000000,0.403786,99750.89,99750.89,108222.37000000001
1756689900000000000,0.403786,99750.89,99750.89,108241.62999999999
1756691700000000000,0.403786,99750.89,99750.89,108150.24
1756693500000000000,0.403786,99750.89,99750.89,107688.19
1756695300000000000,0.403786,99750.89,99750.89,107617.05
1756697100000000000,0.403786,99750.89,99750.89,107505.20999999999
1756698900000000000,0.403786,99750.89,99750.89,107660.01
1756700700000000000,0.403786,99750.89,99750.89,107467.42
1756702500000000000,0.403786,99750.89,99750.89,107409.1
1756704300000000000,0.403786,99750.89,99750.89,107715.74
1756706100000000000,0.403786,99750.89,99750.89,107866.12
1756707900000000000,0.403786,99750.89,99750.89,107936.76000000001
1756709700000000000,0.403786,99750.89,99750.89,108064.75
1756711500000000000,0.35761,99701.24,99701.24,108436.12000000001
1756713300000000000,0.311602,99669.97,99669.97,109432.98999999999
1756715100000000000,0.311602,99669.97,99669.97,109439.48000000001
1756716900000000000,0.311602,99669.97,99669.97,109590.0
1756718700000000000,0.311602,99669.97,99669.97,109699.99
1756720500000000000,0.311602,99669.97,99669.97,109524.12000000001
1756722300000000000,0.311602,99669.97,99669.97,108859.99
1756724100000000000,0.311602,99669.97,99669.97,108571.41
1756725900000000000,0.311602,99669.97,99669.97,108681.82
1756727700000000000,0.311602,99669.97,99669.97,108782.88
1756729500000000000,0.311602,99669.97,99669.97,108951.0
1756731300000000000,0.311602,99669.97,99669.97,109108.26999999999
1756733100000000000,0.311602,99669.97,99669.97,109450.63
1756734900000000000,0.311602,99669.97,99669.97,109023.61
1756736700000000000,0.311602,99669.97,99669.97,109065.68
1756738500000000000,0.311602,99669.97,99669.97,109146.59999999999
1756740300000000000,0.311602,99669.97,99669.97,108703.16
1756742100000000000,0.311602,99669.97,99669.97,108784.33
1756743900000000000,0.311602,99669.97,99669.97,108943.99
1756745700000000000,0.311602,99669.97,99669.97,108774.23
1756747500000000000,0.311602,99669.97,99669.97,108624.46
1756749300000000000,0.311602,99669.97,99669.97,108927.61
1756751100000000000,0.311602,99669.97,99669.97,109173.88
1756752900000000000,0.311602,99669.97,99669.97,109240.0
1756754700000000000,0.311602,99669.97,99669.97,109174.53
1756756500000000000,0.311602,99669.97,99669.97,109217.64
1756758300000000000,0.311602,99669.97,99669.97,109082.01
1756760100000000000,0.311602,99669.97,99669.97,108877.37999999999
1756761900000000000,0.311602,99669.97,99669.97,108112.73999999999
1756763700000000000,0.311602,99669.97,99669.97,107800.8
1756765500000000000,0.311602,99669.97,99669.97,108043.99
1756767300000000000,0.311602,99669.97,99669.97,108444.96
1756769100000000000,0.265552,99634.13,99634.13,108800.0
1756770900000000000,0.219718,99621.95,99621.95,109237.42
1756772700000000000,0.219718,99621.95,99621.95,109030.17
1756774500000000000,0.219718,99621.95,99621.95,109040.36
1756776300000000000,0.219718,99621.95,99621.95,109208.0
1756778100000000000,0.219718,99621.95,99621.95,109313.0
1756779900000000000,0.219718,99621.95,99621.95,109523.64
1756781700000000000,0.219718,99621.95,99621.95,110246.01
1756783500000000000,0.219718,99621.95,99621.95,110160.05
1756785300000000000,0.219718,99621.95,99621.95,110322.18
1756787100000000000,0.219718,99621.95,99621.95,110314.0
1756788900000000000,0.219718,99621.95,99621.95,110310.56
1756790700000000000,0.219718,99621.95,99621.95,110145.14
1756792500000000000,0.219718,99621.95,99621.95,110209.31999999999
1756794300000000000,0.219718,99621.95,99621.95,110446.01999999999
1756796100000000000,0.219718,99621.95,99621.95,110376.63
1756797900000000000,0.219718,99621.95,99621.95,110246.01
1756799700000000000,0.219718,99621.95,99621.95,110233.92
1756801500000000000,0.219718,99621.95,99621.95,110306.95
1756803300000000000,0.219718,99621.95,99621.95,110360.0
1756805100000000000,0.219718,99621.95,99621.95,110322.29000000001
1756806900000000000,0.219718,99621.95,99621.95,110450.56
1756808700000000000,0.219718,99621.95,99621.95,110244.01
1756810500000000000,0.219718,99621.95,99621.95,110246.0
1756812300000000000,0.219718,99621.95,99621.95,109886.54000000001
1756814100000000000,0.219718,99621.95,99621.95,109733.34
1756815900000000000,0.219718,99621.95,99621.95,109432.11
1756817700000000000,0.219718,99621.95,99621.95,108795.99
1756819500000000000,0.219718,99621.95,99621.95,109365.77
1756821300000000000,0.219718,99621.95,99621.95,111149.99
1756823100000000000,0.219718,99621.95,99621.95,111483.87
1756824900000000000,0.219718,99621.95,99621.95,111360.01
1756826700000000000,0.219718,99621.95,99621.95,111260.77
1756828500000000000,0.219718,99621.95,99621.95,110829.17
1756830300000000000,0.219718,99621.95,99621.95,110490.59999999999
1756832100000000000,0.219718,99621.95,99621.95,110785.84999999999
1756833900000000000,0.219718,99621.95,99621.95,110866.68000000001
1756835700000000000,0.219718,99621.95,99621.95,110914.0
1756837500000000000,0.219718,99621.95,99621.95,110466.42
1756839300000000000,0.219718,99621.95,99621.95,110646.47
1756841100000000000,0.219718,99621.95,99621.95,110513.51
1756842900000000000,0.219718,99621.95,99621.95,110806.0
1756844700000000000,0.219718,99621.95,99621.95,111252.0
1756846500000000000,0.219718,99621.95,99621.95,111418.49
1756848300000000000,0.219718,99621.95,99621.95,111303.31
1756850100000000000,0.219718,99621.95,99621.95,111129.57
1756851900000000000,0.219718,99621.95,99621.95,111048.0
1756853700000000000,0.219718,99621.95,99621.95,111259.99
1756855500000000000,0.219718,99621.95,99621.95,111078.81
1756857300000000000,0.219718,99621.95,99621.95,111240.01
1756859100000000000,0.219718,99621.95,99621.95,111647.99
1756860900000000000,0.219718,99621.95,99621.95,111339.98000000001
1756862700000000000,0.219718,99621.95,99621.95,110978.5
1756864500000000000,0.219718,99621.95,99621.95,111176.94
1756866300000000000,0.219718,99621.95,99621.95,111374.54000000001
1756868100000000000,0.219718,99621.95,99621.95,111372.0
1756869900000000000,0.219718,99621.95,99621.95,111059.27
1756871700000000000,0.219718,99621.95,99621.95,111054.01
1756873500000000000,0.219718,99621.95,99621.95,111022.01
1756875300000000000,0.219718,99621.95,99621.95,111020.68
1756877100000000000,0.219718,99621.95,99621.95,110778.55
1756878900000000000,0.219718,99621.95,99621.95,110685.57
1756880700000000000,0.219718,99621.95,99621.95,110806.97
1756882500000000000,0.219718,99621.95,99621.95,110724.0
1756884300000000000,0.219718,99621.95,99621.95,110779.99
1756886100000000000,0.174662,99694.81,99694.81,111099.87999999999
1756887900000000000,0.129707,99778.68000000001,99778.68000000001,111115.12
1756889700000000000,0.129707,99778.68000000001,99778.68000000001,111019.99
1756891500000000000,0.129707,99778.68000000001,99778.68000000001,111134.53
1756893300000000000,0.129707,99778.68000000001,99778.68000000001,111312.28000000001
1756895100000000000,0.129707,99778.68000000001,99778.68000000001,111484.72
1756896900000000000,0.129707,99778.68000000001,99778.68000000001,111449.99
1756898700000000000,0.129707,99778.68000000001,99778.68000000001,111500.78
1756900500000000000,0.129707,99778.68000000001,99778.68000000001,111437.77
1756902300000000000,0.129707,99778.68000000001,99778.68000000001,111513.94
1756904100000000000,0.129707,99778.68000000001,99778.68000000001,111112.0
1756905900000000000,0.129707,99778.68000000001,99778.68000000001,111344.56
1756907700000000000,0.129707,99778.68000000001,99778.68000000001,111475.06999999999
1756909500000000000,0.129707,99778.68000000001,99778.68000000001,111443.87
1756911300000000000,0.129707,99778.68000000001,99778.68000000001,112261.37
1756913100000000000,0.129707,99778.68000000001,99778.68000000001,111958.0
1756914900000000000,0.129707,99778.68000000001,99778.68000000001,112222.73999999999
1756916700000000000,0.129707,99778.68000000001,99778.68000000001,111965.99
1756918500000000000,0.129707,99778.68000000001,99778.68000000001,111858.66
1756920300000000000,0.129707,99778.68000000001,99778.68000000001,112448.7
1756922100000000000,0.129707,99778.68000000001,99778.68000000001,112312.64
1756923900000000000,0.129707,99778.68000000001,99778.68000000001,112136.54000000001
1756925700000000000,0.129707,99778.68000000001,99778.68000000001,112000.0
1756927500000000000,0.129707,99778.68000000001,99778.68000000001,111917.7
1756929300000000000,0.129707,99778.68000000001,99778.68000000001,112193.74
1756931100000000000,0.129707,99778.68000000001,99778.68000000001,112127.16
1756932900000000000,0.129707,99778.68000000001,99778.68000000001,112211.31
1756934700000000000,0.129707,99778.68000000001,99778.68000000001,112092.95
1756936500000000000,0.129707,99778.68000000001,99778.68000000001,111989.67
1756938300000000000,0.129707,99778.68000000001,99778.68000000001,111955.62
1756940100000000000,0.174376,99777.68,99777.68,111947.48000000001
1756941900000000000,0.174376,99777.68,99777.68,111808.84
1756943700000000000,0.219131,99776.68,99776.68,111705.70999999999
1756945500000000000,0.219131,99776.68,99776.68,112005.0
1756947300000000000,0.219131,99776.68,99776.68,112065.61
1756949100000000000,0.219131,99776.68,99776.68,111795.90000000001
1756950900000000000,0.219131,99776.68,99776.68,111947.48000000001
1756952700000000000,0.219131,99776.68,99776.68,111430.46
1756954500000000000,0.219131,99776.68,99776.68,111450.15000000001
1756956300000000000,0.219131,99776.68,99776.68,111378.66
1756958100000000000,0.219131,99776.68,99776.68,111148.97
1756959900000000000,0.219131,99776.68,99776.68,111141.99
1756961700000000000,0.219131,99776.68,99776.68,110917.45
1756963500000000000,0.219131,99776.68,99776.68,110801.99
1756965300000000000,0.219131,99776.68,99776.68,110653.06999999999
1756967100000000000,0.219131,99776.68,99776.68,110527.02
1756968900000000000,0.219131,99776.68,99776.68,110393.95
1756970700000000000,0.219131,99776.68,99776.68,110441.24
1756972500000000000,0.219131,99776.68,99776.68,110463.36
1756974300000000000,0.219131,99776.68,99776.68,110796.7
1756976100000000000,0.219131,99776.68,99776.68,110640.97
1756977900000000000,0.219131,99776.68,99776.68,110808.36
1756979700000000000,0.219131,99776.68,99776.68,110815.04
1756981500000000000,0.219131,99776.68,99776.68,110880.86
1756983300000000000,0.219131,99776.68,99776.68,110628.86
1756985100000000000,0.219131,99776.68,99776.68,110912.25
1756986900000000000,0.219131,99776.68,99776.68,110810.0
1756988700000000000,0.219131,99776.68,99776.68,110899.99
1756990500000000000,0.219131,99776.68,99776.68,110933.94
1756992300000000000,0.219131,99776.68,99776.68,110775.18000000001
1756994100000000000,0.219131,99776.68,99776.68,110464.0
1756995900000000000,0.219131,99776.68,99776.68,109946.28
1756997700000000000,0.219131,99776.68,99776.68,109842.01
1756999500000000000,0.219131,99776.68,99776.68,109514.04000000001
1757001300000000000,0.219131,99776.68,99776.68,109510.31
1757003100000000000,0.219131,99776.68,99776.68,109409.84999999999
1757004900000000000,0.219131,99776.68,99776.68,109438.34
1757006700000000000,0.219131,99776.68,99776.68,109806.01
1757008500000000000,0.219131,99776.68,99776.68,109786.48
1757010300000000000,0.219131,99776.68,99776.68,109907.82
1757012100000000000,0.219131,99776.68,99776.68,109977.0
1757013900000000000,0.219131,99776.68,99776.68,109999.98000000001
1757015700000000000,0.219131,99776.68,99776.68,109799.99
1757017500000000000,0.219131,99776.68,99776.68,110358.12
1757019300000000000,0.219131,99776.68,99776.68,110408.01999999999
1757021100000000000,0.219131,99776.68,99776.68,110419.99
1757022900000000000,0.173889,99783.16,99783.16,110500.0
1757024700000000000,0.173889,99783.16,99783.16,110823.61
1757026500000000000,0.128894,99816.89,99816.89,111490.73
1757028300000000000,0.128894,99816.89,99816.89,111118.15000000001
1757030100000000000,0.128894,99816.89,99816.89,110730.87
1757031900000000000,0.128894,99816.89,99816.89,110695.70999999999
1757033700000000000,0.128894,99816.89,99816.89,110451.62
1757035500000000000,0.128894,99816.89,99816.89,110800.77
1757037300000000000,0.128894,99816.89,99816.89,111121.51
1757039100000000000,0.128894,99816.89,99816.89,111302.68000000001
1757040900000000000,0.128894,99816.89,99816.89,111340.65
1757042700000000000,0.128894,99816.89,99816.89,111131.15
1757044500000000000,0.128894,99816.89,99816.89,111311.77
1757046300000000000,0.128894,99816.89,99816.89,111257.98000000001
1757048100000000000,0.128894,99816.89,99816.89,111445.0
1757049900000000000,0.128894,99816.89,99816.89,111528.94
1757051700000000000,0.128894,99816.89,99816.89,111574.5
1757053500000000000,0.128894,99816.89,99816.89,111543.68
1757055300000000000,0.039452,99944.85,99944.85,111911.99
1757057100000000000,0.039452,99944.85,99944.85,112708.55
1757058900000000000,0.039452,99944.85,99944.85,112954.32
1757060700000000000,0.039452,99944.85,99944.85,112733.6
1757062500000000000,0.039452,99944.85,99944.85,112618.51
1757064300000000000,0.039452,99944.85,99944.85,112215.91
1757066100000000000,0.039452,99944.85,99944.85,112303.87
1757067900000000000,0.039452,99944.85,99944.85,112270.0
1757069700000000000,0.039452,99944.85,99944.85,112256.36
1757071500000000000,0.039452,99944.85,99944.85,112347.17
1757073300000000000,0.039452,99944.85,99944.85,112354.0
1757075100000000000,0.039452,99944.85,99944.85,112611.26000000001
1757076900000000000,0.039452,99944.85,99944.85,113214.78
1757078700000000000,0.039452,99944.85,99944.85,112942.01
1757080500000000000,0.039452,99944.85,99944.85,113084.16
1757082300000000000,0.30917,99938.85,99938.85,110996.0
1757084100000000000,0.30917,99938.85,99938.85,110569.99
1757085900000000000,0.30917,99938.85,99938.85,110884.89
1757087700000000000,0.30917,99938.85,99938.85,110716.81999999999
1757089500000000000,0.30917,99938.85,99938.85,110725.1
1757091300000000000,0.30917,99938.85,99938.85,110815.4
1757093100000000000,0.30917,99938.85,99938.85,110679.15
1757094900000000000,0.30917,99938.85,99938.85,110608.18
1757096700000000000,0.30917,99938.85,99938.85,111056.01
1757098500000000000,0.30917,99938.85,99938.85,111198.78
1757100300000000000,0.30917,99938.85,99938.85,111367.22
1757102100000000000,0.30917,99938.85,99938.85,111614.54000000001
1757103900000000000,0.30917,99938.85,99938.85,111379.87999999999
1757105700000000000,0.30917,99938.85,99938.85,111630.3
1757107500000000000,0.30917,99938.85,99938.85,110965.15999999999
1757109300000000000,0.30917,99938.85,99938.85,110605.01000000001
1757111100000000000,0.30917,99938.85,99938.85,110679.98000000001
1757112900000000000,0.30917,99938.85,99938.85,110800.0
1757114700000000000,0.30917,99938.85,99938.85,110733.12
1757116500000000000,0.30917,99938.85,99938.85,110659.99
1757118300000000000,0.30917,99938.85,99938.85,110677.98000000001
1757120100000000000,0.30917,99938.85,99938.85,110779.7
1757121900000000000,0.30917,99938.85,99938.85,110803.2
1757123700000000000,0.30917,99938.85,99938.85,110867.7
1757125500000000000,0.30917,99938.85,99938.85,110741.99
1757127300000000000,0.264206,99941.66,99941.66,111216.15000000001
1757129100000000000,0.264206,99941.66,99941.66,111250.01
1757130900000000000,0.264206,99941.66,99941.66,111082.22
1757132700000000000,0.264206,99941.66,99941.66,110817.99
1757134500000000000,0.264206,99941.66,99941.66,110876.12000000001
1757136300000000000,0.264206,99941.66,99941.66,110740.0
1757138100000000000,0.264206,99941.66,99941.66,110714.0
1757139900000000000,0.264206,99941.66,99941.66,110787.12
1757141700000000000,0.264206,99941.66,99941.66,110752.83
1757143500000000000,0.264206,99941.66,99941.66,110816.98999999999
1757145300000000000,0.264206,99941.66,99941.66,110825.6
1757147100000000000,0.264206,99941.66,99941.66,110784.01
1757148900000000000,0.264206,99941.66,99941.66,110952.76000000001
1757150700000000000,0.264206,99941.66,99941.66,110698.94
1757152500000000000,0.264206,99941.66,99941.66,110695.06
1757154300000000000,0.264206,99941.66,99941.66,110740.0
1757156100000000000,0.264206,99941.66,99941.66,110773.62
1757157900000000000,0.264206,99941.66,99941.66,110675.59
1757159700000000000,0.264206,99941.66,99941.66,110781.02
1757161500000000000,0.264206,99941.66,99941.66,110787.75
1757163300000000000,0.264206,99941.66,99941.66,110832.58
1757165100000000000,0.264206,99941.66,99941.66,110898.78
1757166900000000000,0.264206,99941.66,99941.66,110936.81999999999
1757168700000000000,0.264206,99941.66,99941.66,110896.09999999999
1757170500000000000,0.264206,99941.66,99941.66,110807.77
1757172300000000000,0.264206,99941.66,99941.66,110756.33
1757174100000000000,0.264206,99941.66,99941.66,110384.15000000001
1757175900000000000,0.264206,99941.66,99941.66,110215.04
1757177700000000000,0.264206,99941.66,99941.66,110267.99
1757179500000000000,0.264206,99941.66,99941.66,110145.0
1757181300000000000,0.264206,99941.66,99941.66,110157.41
1757183100000000000,0.264206,99941.66,99941.66,110203.84
1757184900000000000,0.264206,99941.66,99941.66,110228.0
1757186700000000000,0.264206,99941.66,99941.66,110160.0
1757188500000000000,0.264206,99941.66,99941.66,110038.41
1757190300000000000,0.264206,99941.66,99941.66,110072.67
1757192100000000000,0.264206,99941.66,99941.66,110167.0
1757193900000000000,0.264206,99941.66,99941.66,110173.88
1757195700000000000,0.264206,99941.66,99941.66,110201.0
1757197500000000000,0.264206,99941.66,99941.66,110174.20000000001
1757199300000000000,0.264206,99941.66,99941.66,110170.55
1757201100000000000,0.264206,99941.66,99941.66,110264.0
1757202900000000000,0.264206,99941.66,99941.66,110187.97
1757204700000000000,0.264206,99941.66,99941.66,110240.65
1757206500000000000,0.264206,99941.66,99941.66,110356.75
1757208300000000000,0.264206,99941.66,99941.66,110498.79000000001
1757210100000000000,0.264206,99941.66,99941.66,110546.66
1757211900000000000,0.264206,99941.66,99941.66,110519.87999999999
1757213700000000000,0.264206,99941.66,99941.66,110666.24
1757215500000000000,0.264206,99941.66,99941.66,110709.99
1757217300000000000,0.264206,99941.66,99941.66,110629.15
1757219100000000000,0.264206,99941.66,99941.66,110545.82
1757220900000000000,0.264206,99941.66,99941.66,110557.76
1757222700000000000,0.264206,99941.66,99941.66,110695.97
1757224500000000000,0.264206,99941.66,99941.66,110649.44
1757226300000000000,0.264206,99941.66,99941.66,110571.70999999999
1757228100000000000,0.264206,99941.66,99941.66,110504.15000000001
1757229900000000000,0.219021,99919.86,99919.86,110666.4
1757231700000000000,0.173864,99901.25,99901.25,110753.42
1757233500000000000,0.173864,99901.25,99901.25,111235.81
1757235300000000000,0.173864,99901.25,99901.25,111071.25
1757237100000000000,0.173864,99901.25,99901.25,111172.24
1757238900000000000,0.173864,99901.25,99901.25,111115.98000000001
1757240700000000000,0.173864,99901.25,99901.25,111041.87
1757242500000000000,0.173864,99901.25,99901.25,111225.02
1757244300000000000,0.173864,99901.25,99901.25,111268.73
1757246100000000000,0.173864,99901.25,99901.25,111292.13
1757247900000000000,0.173864,99901.25,99901.25,111129.31
1757249700000000000,0.173864,99901.25,99901.25,111115.92
1757251500000000000,0.173864,99901.25,99901.25,111103.82
1757253300000000000,0.173864,99901.25,99901.25,111214.62000000001
1757255100000000000,0.173864,99901.25,99901.25,111143.91
1757256900000000000,0.173864,99901.25,99901.25,111145.59
1757258700000000000,0.173864,99901.25,99901.25,111311.83
1757260500000000000,0.173864,99901.25,99901.25,111329.99
1757262300000000000,0.173864,99901.25,99901.25,111216.01
1757264100000000000,0.173864,99901.25,99901.25,111202.01999999999
1757265900000000000,0.173864,99901.25,99901.25,110966.12
1757267700000000000,0.173864,99901.25,99901.25,110962.83
1757269500000000000,0.173864,99901.25,99901.25,110955.04
1757271300000000000,0.173864,99901.25,99901.25,111053.76
1757273100000000000,0.173864,99901.25,99901.25,111132.89
1757274900000000000,0.173864,99901.25,99901.25,111259.99
1757276700000000000,0.173864,99901.25,99901.25,111213.54999999999
1757278500000000000,0.173864,99901.25,99901.25,111330.3
1757280300000000000,0.173864,99901.25,99901.25,111180.73
1757282100000000000,0.173864,99901.25,99901.25,111050.14
1757283900000000000,0.173864,99901.25,99901.25,111327.5
1757285700000000000,0.218963,99908.84,99908.84,111250.01
1757287500000000000,0.129255,99939.22,99939.22,111464.51
1757289300000000000,0.129255,99939.22,99939.22,111137.34
1757291100000000000,0.264408,99936.22,99936.22,111231.32
1757292900000000000,0.264408,99936.22,99936.22,110837.95999999999
1757294700000000000,0.264408,99936.22,99936.22,110803.86
1757296500000000000,0.264408,99936.22,99936.22,110890.56999999999
1757298300000000000,0.264408,99936.22,99936.22,110863.14
1757300100000000000,0.264408,99936.22,99936.22,111240.0
1757301900000000000,0.264408,99936.22,99936.22,111142.98999999999
1757303700000000000,0.264408,99936.22,99936.22,111052.11
1757305500000000000,0.264408,99936.22,99936.22,111135.76
1757307300000000000,0.264408,99936.22,99936.22,110979.35
1757309100000000000,0.264408,99936.22,99936.22,110950.04000000001
1757310900000000000,0.264408,99936.22,99936.22,111027.16
1757312700000000000,0.264408,99936.22,99936.22,111153.64
1757314500000000000,0.264408,99936.22,99936.22,111113.26000000001
1757316300000000000,0.264408,99936.22,99936.22,111502.34
1757318100000000000,0.264408,99936.22,99936.22,111280.39
1757319900000000000,0.264408,99936.22,99936.22,111594.94
1757321700000000000,0.264408,99936.22,99936.22,111684.25
1757323500000000000,0.264408,99936.22,99936.22,111842.98
1757325300000000000,0.264408,99936.22,99936.22,112094.98999999999
1757327100000000000,0.264408,99936.22,99936.22,112146.01999999999
1757328900000000000,0.264408,99936.22,99936.22,112048.0
1757330700000000000,0.264408,99936.22,99936.22,111826.01999999999
1757332500000000000,0.264408,99936.22,99936.22,112052.43
1757334300000000000,0.264408,99936.22,99936.22,111947.4
1757336100000000000,0.264408,99936.22,99936.22,112034.51
1757337900000000000,0.264408,99936.22,99936.22,112196.39
1757339700000000000,0.264408,99936.22,99936.22,111906.55
1757341500000000000,0.264408,99936.22,99936.22,112249.77
1757343300000000000,0.219971,100000.61,100000.61,112645.05
1757345100000000000,0.219971,100000.61,100000.61,112838.03
1757346900000000000,0.219971,100000.61,100000.61,112631.75
1757348700000000000,0.219971,100000.61,100000.61,112642.42
1757350500000000000,0.219971,100000.61,100000.61,112398.0
1757352300000000000,0.219971,100000.61,100000.61,112518.12
1757354100000000000,0.219971,100000.61,100000.61,112214.4
1757355900000000000,0.219971,100000.61,100000.61,112385.2
1757357700000000000,0.219971,100000.61,100000.61,112477.01000000001
1757359500000000000,0.219971,100000.61,100000.61,112201.19
1757361300000000000,0.219971,100000.61,100000.61,112097.31
1757363100000000000,0.219971,100000.61,100000.61,112031.5
1757364900000000000,0.219971,100000.61,100000.61,111958.04000000001
1757366700000000000,0.219971,100000.61,100000.61,112103.32
1757368500000000000,0.219971,100000.61,100000.61,112326.45000000001
1757370300000000000,0.219971,100000.61,100000.61,112322.71
1757372100000000000,0.219971,100000.61,100000.61,112236.71
1757373900000000000,0.219971,100000.61,100000.61,112131.03
1757375700000000000,0.219971,100000.61,100000.61,112065.23
1757377500000000000,0.219971,100000.61,100000.61,111665.22
1757379300000000000,0.219971,100000.61,100000.61,111650.03
1757381100000000000,0.219971,100000.61,100000.61,111377.97
1757382900000000000,0.219971,100000.61,100000.61,111364.73
1757384700000000000,0.219971,100000.61,100000.61,111301.23
1757386500000000000,0.219971,100000.61,100000.61,111330.71
1757388300000000000,0.219971,100000.61,100000.61,111555.13
1757390100000000000,0.219971,100000.61,100000.61,111708.0
1757391900000000000,0.219971,100000.61,100000.61,111945.08
1757393700000000000,0.219971,100000.61,100000.61,112024.01
1757395500000000000,0.219971,100000.61,100000.61,111955.70999999999
1757397300000000000,0.219971,100000.61,100000.61,112200.0
1757399100000000000,0.219971,100000.61,100000.61,112622.56999999999
1757400900000000000,0.175697,100083.06999999999,100083.06999999999,113022.61
1757402700000000000,0.175697,100083.06999999999,100083.06999999999,113232.0
1757404500000000000,0.1539,100130.75,100130.75,112991.11
1757406300000000000,0.1539,100130.75,100130.75,113079.86
1757408100000000000,0.1539,100130.75,100130.75,112992.69
1757409900000000000,0.1539,100130.75,100130.75,113000.0
1757411700000000000,0.1539,100130.75,100130.75,112966.54000000001
1757413500000000000,0.1539,100130.75,100130.75,112698.72
1757415300000000000,0.1539,100130.75,100130.75,112732.62000000001
1757417100000000000,0.1539,100130.75,100130.75,112697.61
1757418900000000000,0.1539,100130.75,100130.75,112433.59
1757420700000000000,0.1539,100130.75,100130.75,112782.93000000001
1757422500000000000,0.1539,100130.75,100130.75,112671.76
1757424300000000000,0.1539,100130.75,100130.75,112809.3
1757426100000000000,0.1539,100130.75,100130.75,112760.58
1757427900000000000,0.28749,100127.75,100127.75,112320.24
1757429700000000000,0.421467,100124.75,100124.75,111767.45
1757431500000000000,0.421467,100124.75,100124.75,111303.84
1757433300000000000,0.421467,100124.75,100124.75,110880.76000000001
1757435100000000000,0.421467,100124.75,100124.75,110950.73999999999
1757436900000000000,0.421467,100124.75,100124.75,110975.99
1757438700000000000,0.421467,100124.75,100124.75,110926.5
1757440500000000000,0.421467,100124.75,100124.75,111025.44
1757442300000000000,0.421467,100124.75,100124.75,111185.06
1757444100000000000,0.421467,100124.75,100124.75,111131.92
1757445900000000000,0.421467,100124.75,100124.75,111257.79999999999
1757447700000000000,0.421467,100124.75,100124.75,111301.53
1757449500000000000,0.421467,100124.75,100124.75,111145.70999999999
1757451300000000000,0.421467,100124.75,100124.75,111530.16
1757453100000000000,0.421467,100124.75,100124.75,111404.41
1757454900000000000,0.421467,100124.75,100124.75,111299.61
1757456700000000000,0.421467,100124.75,100124.75,111418.12
1757458500000000000,0.421467,100124.75,100124.75,111556.16
1757460300000000000,0.421467,100124.75,100124.75,111445.59
1757462100000000000,0.421467,100124.75,100124.75,111546.39
1757463900000000000,0.421467,100124.75,100124.75,111194.01
1757465700000000000,0.421467,100124.75,100124.75,111010.46
1757467500000000000,0.421467,100124.75,100124.75,110946.66
1757469300000000000,0.421467,100124.75,100124.75,111005.64
1757471100000000000,0.421467,100124.75,100124.75,111356.65
1757472900000000000,0.421467,100124.75,100124.75,111411.13
1757474700000000000,0.421467,100124.75,100124.75,111419.56
1757476500000000000,0.421467,100124.75,100124.75,111545.88
1757478300000000000,0.421467,100124.75,100124.75,111592.81
1757480100000000000,0.421467,100124.75,100124.75,111520.43
1757481900000000000,0.421467,100124.75,100124.75,111611.84999999999
1757483700000000000,0.376709,100123.02,100123.02,111577.31
1757485500000000000,0.376709,100123.02,100123.02,111755.59
1757487300000000000,0.332047,100132.01999999999,100132.01999999999,111792.33
1757489100000000000,0.332047,100132.01999999999,100132.01999999999,112232.17
1757490900000000000,0.332047,100132.01999999999,100132.01999999999,112553.65000000001
1757492700000000000,0.332047,100132.01999999999,100132.01999999999,112679.61
1757494500000000000,0.332047,100132.01999999999,100132.01999999999,112370.08
1757496300000000000,0.332047,100132.01999999999,100132.01999999999,112319.32
1757498100000000000,0.332047,100132.01999999999,100132.01999999999,112274.29000000001
1757499900000000000,0.332047,100132.01999999999,100132.01999999999,112399.22
1757501700000000000,0.332047,100132.01999999999,100132.01999999999,112270.01
1757503500000000000,0.332047,100132.01999999999,100132.01999999999,112319.76
1757505300000000000,0.332047,100132.01999999999,100132.01999999999,112299.99
1757507100000000000,0.332047,100132.01999999999,100132.01999999999,112580.0
1757508900000000000,0.332047,100132.01999999999,100132.01999999999,113413.51
1757510700000000000,0.332047,100132.01999999999,100132.01999999999,113666.43
1757512500000000000,0.332047,100132.01999999999,100132.01999999999,113952.0
1757514300000000000,0.332047,100132.01999999999,100132.01999999999,114087.96
1757516100000000000,0.332047,100132.01999999999,100132.01999999999,113899.99
1757517900000000000,0.332047,100132.01999999999,100132.01999999999,113862.77
1757519700000000000,0.332047,100132.01999999999,100132.01999999999,113853.99
1757521500000000000,0.332047,100132.01999999999,100132.01999999999,113677.15999999999
1757523300000000000,0.332047,100132.01999999999,100132.01999999999,113759.89
1757525100000000000,0.332047,100132.01999999999,100132.01999999999,113482.01
1757526900000000000,0.332047,100132.01999999999,100132.01999999999,113738.01
1757528700000000000,0.332047,100132.01999999999,100132.01999999999,113390.26999999999
1757530500000000000,0.332047,100132.01999999999,100132.01999999999,113584.85
1757532300000000000,0.332047,100132.01999999999,100132.01999999999,113231.6
1757534100000000000,0.332047,100132.01999999999,100132.01999999999,113574.52
1757535900000000000,0.332047,100132.01999999999,100132.01999999999,113744.09999999999
1757537700000000000,0.332047,100132.01999999999,100132.01999999999,113566.39
1757539500000000000,0.332047,100132.01999999999,100132.01999999999,113704.29000000001
1757541300000000000,0.332047,100132.01999999999,100132.01999999999,113842.53
1757543100000000000,0.332047,100132.01999999999,100132.01999999999,113944.94
1757544900000000000,0.332047,100132.01999999999,100132.01999999999,113881.2
1757546700000000000,0.332047,100132.01999999999,100132.01999999999,113818.83
1757548500000000000,0.332047,100132.01999999999,100132.01999999999,113960.0
1757550300000000000,0.332047,100132.01999999999,100132.01999999999,113828.08
1757552100000000000,0.332047,100132.01999999999,100132.01999999999,113885.7
1757553900000000000,0.332047,100132.01999999999,100132.01999999999,113980.01
1757555700000000000,0.332047,100132.01999999999,100132.01999999999,113903.23
1757557500000000000,0.332047,100132.01999999999,100132.01999999999,113729.84999999999
1757559300000000000,0.332047,100132.01999999999,100132.01999999999,113819.02
1757561100000000000,0.332047,100132.01999999999,100132.01999999999,114121.04
1757562900000000000,0.332047,100132.01999999999,100132.01999999999,114400.01
1757564700000000000,0.332047,100132.01999999999,100132.01999999999,114228.67
1757566500000000000,0.332047,100132.01999999999,100132.01999999999,114158.29000000001
1757568300000000000,0.332047,100132.01999999999,100132.01999999999,114117.47
1757570100000000000,0.332047,100132.01999999999,100132.01999999999,114266.0
1757571900000000000,0.332047,100132.01999999999,100132.01999999999,114266.0
1757573700000000000,0.288348,100248.56999999999,100248.56999999999,114324.64
1757575500000000000,0.288348,100248.56999999999,100248.56999999999,114070.77
1757577300000000000,0.288348,100248.56999999999,100248.56999999999,114083.58
1757579100000000000,0.288348,100248.56999999999,100248.56999999999,114162.03
1757580900000000000,0.288348,100248.56999999999,100248.56999999999,114049.39
1757582700000000000,0.288348,100248.56999999999,100248.56999999999,113976.73
1757584500000000000,0.288348,100248.56999999999,100248.56999999999,113895.29
1757586300000000000,0.288348,100248.56999999999,100248.56999999999,113977.45999999999
1757588100000000000,0.288348,100248.56999999999,100248.56999999999,114062.32
1757589900000000000,0.288348,100248.56999999999,100248.56999999999,113923.75
1757591700000000000,0.288348,100248.56999999999,100248.56999999999,113999.99
1757593500000000000,0.288348,100248.56999999999,100248.56999999999,114380.61
1757595300000000000,0.288348,100248.56999999999,100248.56999999999,113975.99
1757597100000000000,0.288348,100248.56999999999,100248.56999999999,113719.28
1757598900000000000,0.244733,100374.55,100374.55,114628.08
1757600700000000000,0.244733,100374.55,100374.55,114154.7
1757602500000000000,0.244733,100374.55,100374.55,114463.73000000001
1757604300000000000,0.244733,100374.55,100374.55,114395.23999999999
1757606100000000000,0.244733,100374.55,100374.55,114180.31
1757607900000000000,0.244733,100374.55,100374.55,114364.31
1757609700000000000,0.244733,100374.55,100374.55,114487.53
1757611500000000000,0.244733,100374.55,100374.55,114459.64
1757613300000000000,0.244733,100374.55,100374.55,114589.84
1757615100000000000,0.244733,100374.55,100374.55,114215.75
1757616900000000000,0.244733,100374.55,100374.55,114312.34999999999
1757618700000000000,0.244733,100374.55,100374.55,114335.77
1757620500000000000,0.244733,100374.55,100374.55,114419.99
1757622300000000000,0.244733,100374.55,100374.55,114268.9
1757624100000000000,0.244733,100374.55,100374.55,114395.99
1757625900000000000,0.244733,100374.55,100374.55,114442.16
1757627700000000000,0.244733,100374.55,100374.55,114482.69
1757629500000000000,0.157612,100638.51,100638.51,115033.66
1757631300000000000,0.157612,100638.51,100638.51,115084.0
1757633100000000000,0.157612,100638.51,100638.51,115332.18
1757634900000000000,0.157612,100638.51,100638.51,115482.69
1757636700000000000,0.157612,100638.51,100638.51,115783.2
1757638500000000000,0.157612,100638.51,100638.51,115840.69
1757640300000000000,0.157612,100638.51,100638.51,115710.17
1757642100000000000,0.157612,100638.51,100638.51,115377.29
1757643900000000000,0.157612,100638.51,100638.51,115520.67
1757645700000000000,0.157612,100638.51,100638.51,115391.0
1757647500000000000,0.157612,100638.51,100638.51,115210.48
1757649300000000000,0.157612,100638.51,100638.51,115194.14
1757651100000000000,0.157612,100638.51,100638.51,115308.01
1757652900000000000,0.157612,100638.51,100638.51,115359.99
1757654700000000000,0.157612,100638.51,100638.51,115504.62000000001
1757656500000000000,0.157612,100638.51,100638.51,115612.84
1757658300000000000,0.157612,100638.51,100638.51,115344.0
1757660100000000000,0.157612,100638.51,100638.51,115318.0
1757661900000000000,0.157612,100638.51,100638.51,115216.9
1757663700000000000,0.157612,100638.51,100638.51,115086.7
1757665500000000000,0.157612,100638.51,100638.51,115185.19
1757667300000000000,0.157612,100638.51,100638.51,115048.0
1757669100000000000,0.157612,100638.51,100638.51,114950.61
1757670900000000000,0.157612,100638.51,100638.51,115048.01
1757672700000000000,0.157612,100638.51,100638.51,115004.0
1757674500000000000,0.157612,100638.51,100638.51,114980.85
1757676300000000000,0.157612,100638.51,100638.51,115121.65000000001
1757678100000000000,0.157612,100638.51,100638.51,114913.45
1757679900000000000,0.157612,100638.51,100638.51,115126.66
1757681700000000000,0.157612,100638.51,100638.51,115083.97
1757683500000000000,0.157612,100638.51,100638.51,114936.94
1757685300000000000,0.157612,100638.51,100638.51,115166.45000000001
1757687100000000000,0.157612,100638.51,100638.51,115221.23
1757688900000000000,0.201139,100637.51,100637.51,115260.0
1757690700000000000,0.201139,100637.51,100637.51,115000.71
1757692500000000000,0.201139,100637.51,100637.51,115121.18000000001
1757694300000000000,0.201139,100637.51,100637.51,115374.53
1757696100000000000,0.201139,100637.51,100637.51,115495.56
1757697900000000000,0.114805,100930.85,100930.85,115851.65000000001
1757699700000000000,0.114805,100930.85,100930.85,115815.16
1757701500000000000,0.114805,100930.85,100930.85,116196.24
1757703300000000000,0.030415,101258.08,101258.08,116486.18
1757705100000000000,0.030415,101258.08,101258.08,116524.88
1757706900000000000,0.030415,101258.08,101258.08,116632.51
1757708700000000000,0.030415,101258.08,101258.08,116036.55
1757710500000000000,0.030415,101258.08,101258.08,116157.33
1757712300000000000,0.030415,101258.08,101258.08,115974.39
1757714100000000000,0.030415,101258.08,101258.08,115865.89
1757715900000000000,0.030415,101258.08,101258.08,116130.96
1757717700000000000,0.030415,101258.08,101258.08,116027.45999999999
1757719500000000000,0.030415,101258.08,101258.08,116092.43
1757721300000000000,0.030415,101258.08,101258.08,116029.42
1757723100000000000,0.030415,101258.08,101258.08,116064.73
1757724900000000000,0.030415,101258.08,101258.08,116209.31999999999
1757726700000000000,0.030415,101258.08,101258.08,116001.0
1757728500000000000,0.030415,101258.08,101258.08,115764.3
1757730300000000000,0.030415,101258.08,101258.08,115978.96
1757732100000000000,0.030415,101258.08,101258.08,115886.17
1757733900000000000,0.030415,101258.08,101258.08,115884.01999999999
1757735700000000000,0.030415,101258.08,101258.08,115957.0
1757737500000000000,0.030415,101258.08,101258.08,115754.16
1757739300000000000,0.030415,101258.08,101258.08,115698.4
1757741100000000000,0.030415,101258.08,101258.08,115781.03
1757742900000000000,0.030415,101258.08,101258.08,115704.04
1757744700000000000,0.030415,101258.08,101258.08,115698.42
1757746500000000000,0.030415,101258.08,101258.08,115749.99
1757748300000000000,0.012756,101360.81,101360.81,115830.34999999999
1757750100000000000,0.012756,101360.81,101360.81,115778.71
1757751900000000000,0.012756,101360.81,101360.81,115858.52
1757753700000000000,0.055876,101359.81,101359.81,115978.01
1757755500000000000,0.055876,101359.81,101359.81,115872.18
1757757300000000000,0.055876,101359.81,101359.81,116035.33
1757759100000000000,0.055876,101359.81,101359.81,116036.06
1757760900000000000,0.055876,101359.81,101359.81,115937.99
1757762700000000000,0.055876,101359.81,101359.81,115905.19
1757764500000000000,0.055876,101359.81,101359.81,115974.11
1757766300000000000,0.055876,101359.81,101359.81,115875.37
1757768100000000000,0.055876,101359.81,101359.81,116002.90999999999
1757769900000000000,0.055876,101359.81,101359.81,115966.31
1757771700000000000,0.055876,101359.81,101359.81,115761.05
1757773500000000000,0.055876,101359.81,101359.81,115905.88
1757775300000000000,0.055876,101359.81,101359.81,115797.68
1757777100000000000,0.055876,101359.81,101359.81,115828.31
1757778900000000000,0.055876,101359.81,101359.81,115768.68
1757780700000000000,0.07394,101377.92,101377.92,115542.9
1757782500000000000,0.203912,101374.92,101374.92,115334.0
1757784300000000000,0.203912,101374.92,101374.92,115391.34
1757786100000000000,0.203912,101374.92,101374.92,115571.78
1757787900000000000,0.203912,101374.92,101374.92,115640.0
1757789700000000000,0.203912,101374.92,101374.92,115633.92
1757791500000000000,0.203912,101374.92,101374.92,115646.01
1757793300000000000,0.203912,101374.92,101374.92,115797.12
1757795100000000000,0.203912,101374.92,101374.92,115905.88
1757796900000000000,0.203912,101374.92,101374.92,115905.88
1757798700000000000,0.203912,101374.92,101374.92,115949.76
1757800500000000000,0.203912,101374.92,101374.92,115895.39
1757802300000000000,0.203912,101374.92,101374.92,115843.12
1757804100000000000,0.203912,101374.92,101374.92,115871.58
1757805900000000000,0.160791,101395.16,101395.16,115881.98000000001
1757807700000000000,0.160791,101395.16,101395.16,115918.29000000001
1757809500000000000,0.160791,101395.16,101395.16,115989.11
1757811300000000000,0.160791,101395.16,101395.16,115935.6
1757813100000000000,0.160791,101395.16,101395.16,115821.88
1757814900000000000,0.160791,101395.16,101395.16,115962.93000000001
1757816700000000000,0.117708,101419.81,101419.81,116004.01
1757818500000000000,0.117708,101419.81,101419.81,115852.95
1757820300000000000,0.117708,101419.81,101419.81,115740.12000000001
1757822100000000000,0.117708,101419.81,101419.81,115679.98000000001
1757823900000000000,0.117708,101419.81,101419.81,115717.94
1757825700000000000,0.117708,101419.81,101419.81,115750.98999999999
1757827500000000000,0.117708,101419.81,101419.81,115788.86
1757829300000000000,0.117708,101419.81,101419.81,115860.01
1757831100000000000,0.117708,101419.81,101419.81,115760.37000000001
1757832900000000000,0.117708,101419.81,101419.81,115734.23
1757834700000000000,0.117708,101419.81,101419.81,115774.23
1757836500000000000,0.117708,101419.81,101419.81,115805.39
1757838300000000000,0.117708,101419.81,101419.81,115874.95
1757840100000000000,0.117708,101419.81,101419.81,115933.40000000001
1757841900000000000,0.117708,101419.81,101419.81,116018.53
1757843700000000000,0.117708,101419.81,101419.81,116052.09
1757845500000000000,0.117708,101419.81,101419.81,115956.49
1757847300000000000,0.117708,101419.81,101419.81,116027.26000000001
1757849100000000000,0.117708,101419.81,101419.81,115863.33
1757850900000000000,0.117708,101419.81,101419.81,115794.90999999999
1757852700000000000,0.117708,101419.81,101419.81,115806.61
1757854500000000000,0.117708,101419.81,101419.81,115776.31
1757856300000000000,0.117708,101419.81,101419.81,115531.87999999999
1757858100000000000,0.117708,101419.81,101419.81,115348.09999999999
1757859900000000000,0.117708,101419.81,101419.81,115471.67
1757861700000000000,0.117708,101419.81,101419.81,115401.75
1757863500000000000,0.117708,101419.81,101419.81,115295.82
1757865300000000000,0.117708,101419.81,101419.81,115224.01
1757867100000000000,0.117708,101419.81,101419.81,115502.05
1757868900000000000,0.117708,101419.81,101419.81,115480.0
1757870700000000000,0.117708,101419.81,101419.81,115650.0
1757872500000000000,0.117708,101419.81,101419.81,115557.65000000001
1757874300000000000,0.117708,101419.81,101419.81,115465.70999999999
1757876100000000000,0.117708,101419.81,101419.81,115388.21
1757877900000000000,0.117708,101419.81,101419.81,115490.95
1757879700000000000,0.117708,101419.81,101419.81,115634.98999999999
1757881500000000000,0.074483,101428.05,101428.05,115688.37000000001
1757883300000000000,0.074483,101428.05,101428.05,115802.16
1757885100000000000,0.074483,101428.05,101428.05,115899.99
1757886900000000000,0.031385,101450.96,101450.96,116058.88
1757888700000000000,0.031385,101450.96,101450.96,115895.59
1757890500000000000,0.031385,101450.96,101450.96,116009.61
1757892300000000000,0.031385,101450.96,101450.96,115387.23
1757894100000000000,0.031385,101450.96,101450.96,115268.01
1757895900000000000,0.161828,101447.96,101447.96,115206.37000000001
1757897700000000000,0.161828,101447.96,101447.96,115071.32
1757899500000000000,0.161828,101447.96,101447.96,115164.51
1757901300000000000,0.161828,101447.96,101447.96,115231.69
1757903100000000000,0.161828,101447.96,101447.96,115377.84999999999
1757904900000000000,0.161828,101447.96,101447.96,115362.34999999999
1757906700000000000,0.161828,101447.96,101447.96,115440.0
1757908500000000000,0.161828,101447.96,101447.96,115445.45
1757910300000000000,0.161828,101447.96,101447.96,115962.43999999999
1757912100000000000,0.161828,101447.96,101447.96,116058.01
1757913900000000000,0.161828,101447.96,101447.96,116317.92
1757915700000000000,0.161828,101447.96,101447.96,116520.0
1757917500000000000,0.161828,101447.96,101447.96,116411.8
1757919300000000000,0.204869,101446.96,101446.96,116129.99
1757921100000000000,0.204869,101446.96,101446.96,116056.01
1757922900000000000,0.248029,101445.95999999999,101445.95999999999,115806.62000000001
1757924700000000000,0.248029,101445.95999999999,101445.95999999999,115651.03
1757926500000000000,0.248029,101445.95999999999,101445.95999999999,114737.27
1757928300000000000,0.248029,101445.95999999999,101445.95999999999,115089.83
1757930100000000000,0.248029,101445.95999999999,101445.95999999999,114868.59
1757931900000000000,0.248029,101445.95999999999,101445.95999999999,114781.11
1757933700000000000,0.248029,101445.95999999999,101445.95999999999,114769.04
1757935500000000000,0.248029,101445.95999999999,101445.95999999999,114919.37
1757937300000000000,0.248029,101445.95999999999,101445.95999999999,115070.0
1757939100000000000,0.248029,101445.95999999999,101445.95999999999,114794.01
1757940900000000000,0.248029,101445.95999999999,101445.95999999999,114721.04
1757942700000000000,0.248029,101445.95999999999,101445.95999999999,115042.43999999999
1757944500000000000,0.248029,101445.95999999999,101445.95999999999,114664.08
1757946300000000000,0.248029,101445.95999999999,101445.95999999999,115017.56000000001
1757948100000000000,0.248029,101445.95999999999,101445.95999999999,114679.56
1757949900000000000,0.248029,101445.95999999999,101445.95999999999,114672.84
1757951700000000000,0.248029,101445.95999999999,101445.95999999999,114842.9
1757953500000000000,0.248029,101445.95999999999,101445.95999999999,114682.01
1757955300000000000,0.248029,101445.95999999999,101445.95999999999,114662.56999999999
1757957100000000000,0.248029,101445.95999999999,101445.95999999999,114732.11
1757958900000000000,0.248029,101445.95999999999,101445.95999999999,115120.03
1757960700000000000,0.248029,101445.95999999999,101445.95999999999,114942.34
1757962500000000000,0.248029,101445.95999999999,101445.95999999999,115307.79
1757964300000000000,0.248029,101445.95999999999,101445.95999999999,115100.71
1757966100000000000,0.248029,101445.95999999999,101445.95999999999,115307.78
1757967900000000000,0.248029,101445.95999999999,101445.95999999999,115283.5
1757969700000000000,0.248029,101445.95999999999,101445.95999999999,115379.99
1757971500000000000,0.248029,101445.95999999999,101445.95999999999,115434.19
1757973300000000000,0.248029,101445.95999999999,101445.95999999999,115528.0
1757975100000000000,0.248029,101445.95999999999,101445.95999999999,115439.99
1757976900000000000,0.248029,101445.95999999999,101445.95999999999,115288.01
1757978700000000000,0.248029,101445.95999999999,101445.95999999999,115472.88
1757980500000000000,0.248029,101445.95999999999,101445.95999999999,115349.70999999999
1757982300000000000,0.248029,101445.95999999999,101445.95999999999,115026.0
1757984100000000000,0.248029,101445.95999999999,101445.95999999999,115088.66
1757985900000000000,0.248029,101445.95999999999,101445.95999999999,115424.16
1757987700000000000,0.248029,101445.95999999999,101445.95999999999,115024.24
1757989500000000000,0.248029,101445.95999999999,101445.95999999999,115152.88
1757991300000000000,0.248029,101445.95999999999,101445.95999999999,115034.47
1757993100000000000,0.248029,101445.95999999999,101445.95999999999,115189.34
1757994900000000000,0.248029,101445.95999999999,101445.95999999999,115307.25
1757996700000000000,0.248029,101445.95999999999,101445.95999999999,115309.99
1757998500000000000,0.248029,101445.95999999999,101445.95999999999,115503.01000000001
1758000300000000000,0.161581,101467.44,101467.44,115738.20000000001
1758002100000000000,0.161581,101467.44,101467.44,115936.65
1758003900000000000,0.161581,101467.44,101467.44,115724.5
1758005700000000000,0.161581,101467.44,101467.44,115770.34999999999
1758007500000000000,0.161581,101467.44,101467.44,115834.4
1758009300000000000,0.161581,101467.44,101467.44,115840.0
1758011100000000000,0.161581,101467.44,101467.44,115755.28
1758012900000000000,0.161581,101467.44,101467.44,115658.76
1758014700000000000,0.161581,101467.44,101467.44,115600.0
1758016500000000000,0.161581,101467.44,101467.44,115477.27
1758018300000000000,0.161581,101467.44,101467.44,115511.04
1758020100000000000,0.161581,101467.44,101467.44,115372.46
1758021900000000000,0.161581,101467.44,101467.44,115328.8
1758023700000000000,0.161581,101467.44,101467.44,115287.83
1758025500000000000,0.161581,101467.44,101467.44,115327.6
1758027300000000000,0.161581,101467.44,101467.44,115439.36
1758029100000000000,0.161581,101467.44,101467.44,115459.73000000001
1758030900000000000,0.161581,101467.44,101467.44,115200.0
1758032700000000000,0.161581,101467.44,101467.44,115004.0
1758034500000000000,0.161581,101467.44,101467.44,115296.86
1758036300000000000,0.161581,101467.44,101467.44,115117.08
1758038100000000000,0.118284,101469.82,101469.82,115905.88
1758039900000000000,0.075167,101492.95,101492.95,115858.01
1758041700000000000,0.075167,101492.95,101492.95,116068.06
1758043500000000000,0.075167,101492.95,101492.95,116759.7
1758045300000000000,0.075167,101492.95,101492.95,116461.54
1758047100000000000,0.075167,101492.95,101492.95,116478.36
1758048900000000000,0.075167,101492.95,101492.95,116418.86
1758050700000000000,0.075167,101492.95,101492.95,116488.63
1758052500000000000,0.075167,101492.95,101492.95,116800.12000000001
1758054300000000000,0.075167,101492.95,101492.95,116737.15999999999
1758056100000000000,0.075167,101492.95,101492.95,116839.47
1758057900000000000,0.075167,101492.95,101492.95,116618.83
1758059700000000000,0.075167,101492.95,101492.95,116800.51
1758061500000000000,0.075167,101492.95,101492.95,116864.01
1758063300000000000,0.075167,101492.95,101492.95,116855.58
1758065100000000000,0.075167,101492.95,101492.95,116735.74
1758066900000000000,0.075167,101492.95,101492.95,116788.96
1758068700000000000,0.075167,101492.95,101492.95,116687.45
1758070500000000000,0.075167,101492.95,101492.95,116560.01
1758072300000000000,0.075167,101492.95,101492.95,116719.99
1758074100000000000,0.075167,101492.95,101492.95,116662.25
1758075900000000000,0.075167,101492.95,101492.95,116769.6
1758077700000000000,0.075167,101492.95,101492.95,116686.43
1758079500000000000,0.075167,101492.95,101492.95,116516.71
1758081300000000000,0.075167,101492.95,101492.95,116372.04
1758083100000000000,0.075167,101492.95,101492.95,116320.79000000001
1758084900000000000,0.075167,101492.95,101492.95,116313.49
1758086700000000000,0.075167,101492.95,101492.95,116560.43
1758088500000000000,0.075167,101492.95,101492.95,117108.3
1758090300000000000,0.075167,101492.95,101492.95,117051.90000000001
1758092100000000000,0.075167,101492.95,101492.95,117234.26999999999
1758093900000000000,0.075167,101492.95,101492.95,117233.89
1758095700000000000,0.075167,101492.95,101492.95,117162.48
1758097500000000000,0.075167,101492.95,101492.95,116905.54
1758099300000000000,0.075167,101492.95,101492.95,116860.0
1758101100000000000,0.118021,101491.95,101491.95,116746.75
1758102900000000000,0.118021,101491.95,101491.95,116550.01
1758104700000000000,0.118021,101491.95,101491.95,116390.38
1758106500000000000,0.160998,101490.95,101490.95,116359.14
1758108300000000000,0.160998,101490.95,101490.95,116317.44
1758110100000000000,0.160998,101490.95,101490.95,116258.13
1758111900000000000,0.160998,101490.95,101490.95,116372.0
1758113700000000000,0.160998,101490.95,101490.95,116204.94
1758115500000000000,0.160998,101490.95,101490.95,116251.11
1758117300000000000,0.160998,101490.95,101490.95,116107.19
1758119100000000000,0.160998,101490.95,101490.95,115656.46
1758120900000000000,0.160998,101490.95,101490.95,115606.61
1758122700000000000,0.160998,101490.95,101490.95,115638.46
1758124500000000000,0.160998,101490.95,101490.95,115875.32
1758126300000000000,0.160998,101490.95,101490.95,115680.0
1758128100000000000,0.160998,101490.95,101490.95,115640.77
1758129900000000000,0.160998,101490.95,101490.95,115680.62000000001
1758131700000000000,0.160998,101490.95,101490.95,115504.48
1758133500000000000,0.160998,101490.95,101490.95,115961.73000000001
1758135300000000000,0.160998,101490.95,101490.95,115226.93000000001
1758137100000000000,0.160998,101490.95,101490.95,115752.0
1758138900000000000,0.160998,101490.95,101490.95,115652.01999999999
1758140700000000000,0.160998,101490.95,101490.95,115807.68
1758142500000000000,0.160998,101490.95,101490.95,115621.47
1758144300000000000,0.160998,101490.95,101490.95,115802.16
1758146100000000000,0.160998,101490.95,101490.95,116038.39
1758147900000000000,0.160998,101490.95,101490.95,116229.52
1758149700000000000,0.118096,101513.65000000001,101513.65000000001,116559.69
1758151500000000000,0.075322,101551.18000000001,101551.18000000001,116558.64
1758153300000000000,0.075322,101551.18000000001,101551.18000000001,116447.59
1758155100000000000,0.075322,101551.18000000001,101551.18000000001,116180.0
1758156900000000000,0.075322,101551.18000000001,101551.18000000001,116350.65
1758158700000000000,0.075322,101551.18000000001,101551.18000000001,116557.68
1758160500000000000,0.075322,101551.18000000001,101551.18000000001,116634.84000000001
1758162300000000000,0.075322,101551.18000000001,101551.18000000001,116484.41
1758164100000000000,0.075322,101551.18000000001,101551.18000000001,116950.47
1758165900000000000,0.075322,101551.18000000001,101551.18000000001,117767.66
1758167700000000000,0.075322,101551.18000000001,101551.18000000001,117581.66
1758169500000000000,0.075322,101551.18000000001,101551.18000000001,117372.7
1758171300000000000,0.075322,101551.18000000001,101551.18000000001,117605.15999999999
1758173100000000000,0.075322,101551.18000000001,101551.18000000001,117254.54000000001
1758174900000000000,0.075322,101551.18000000001,101551.18000000001,117273.36
1758176700000000000,0.075322,101551.18000000001,101551.18000000001,116946.95
1758178500000000000,0.075322,101551.18000000001,101551.18000000001,117102.43
1758180300000000000,0.075322,101551.18000000001,101551.18000000001,117081.25
1758182100000000000,0.075322,101551.18000000001,101551.18000000001,117086.01
1758183900000000000,0.075322,101551.18000000001,101551.18000000001,117320.04
1758185700000000000,0.075322,101551.18000000001,101551.18000000001,117229.59
1758187500000000000,0.075322,101551.18000000001,101551.18000000001,117257.31
1758189300000000000,0.075322,101551.18000000001,101551.18000000001,117298.81
1758191100000000000,0.075322,101551.18000000001,101551.18000000001,117120.97
1758192900000000000,0.075322,101551.18000000001,101551.18000000001,117190.47
1758194700000000000,0.075322,101551.18000000001,101551.18000000001,117243.39
1758196500000000000,0.075322,101551.18000000001,101551.18000000001,117063.4
1758198300000000000,0.075322,101551.18000000001,101551.18000000001,117254.9
1758200100000000000,0.075322,101551.18000000001,101551.18000000001,117124.69
1758201900000000000,0.075322,101551.18000000001,101551.18000000001,117445.35
1758203700000000000,0.075322,101551.18000000001,101551.18000000001,117432.04
1758205500000000000,0.075322,101551.18000000001,101551.18000000001,117706.4
1758207300000000000,0.075322,101551.18000000001,101551.18000000001,117640.54000000001
1758209100000000000,0.075322,101551.18000000001,101551.18000000001,117336.0
1758210900000000000,0.075322,101551.18000000001,101551.18000000001,117583.56
1758212700000000000,0.075322,101551.18000000001,101551.18000000001,117707.06999999999
1758214500000000000,0.075322,101551.18000000001,101551.18000000001,117565.6
1758216300000000000,0.075322,101551.18000000001,101551.18000000001,117541.19
1758218100000000000,0.075322,101551.18000000001,101551.18000000001,117579.93
1758219900000000000,0.075322,101551.18000000001,101551.18000000001,117808.55
1758221700000000000,0.075322,101551.18000000001,101551.18000000001,117822.97
1758223500000000000,0.075322,101551.18000000001,101551.18000000001,117463.82
1758225300000000000,0.117959,101550.18,101550.18,117450.21
1758227100000000000,0.117959,101550.18,101550.18,117501.44
1758228900000000000,0.117959,101550.18,101550.18,117521.14
1758230700000000000,0.117959,101550.18,101550.18,117437.98000000001
1758232500000000000,0.117959,101550.18,101550.18,117299.20999999999
1758234300000000000,0.117959,101550.18,101550.18,117267.5
1758236100000000000,0.117959,101550.18,101550.18,117061.02
1758237900000000000,0.16076,101549.18000000001,101549.18000000001,116829.23
1758239700000000000,0.16076,101549.18000000001,101549.18000000001,117073.53
1758241500000000000,0.16076,101549.18000000001,101549.18000000001,117229.62
1758243300000000000,0.16076,101549.18000000001,101549.18000000001,117424.2
1758245100000000000,0.16076,101549.18000000001,101549.18000000001,117337.45999999999
1758246900000000000,0.16076,101549.18000000001,101549.18000000001,117241.31999999999
1758248700000000000,0.16076,101549.18000000001,101549.18000000001,117110.73999999999
1758250500000000000,0.16076,101549.18000000001,101549.18000000001,117112.8
1758252300000000000,0.16076,101549.18000000001,101549.18000000001,117083.99
1758254100000000000,0.16076,101549.18000000001,101549.18000000001,116977.58
1758255900000000000,0.16076,101549.18000000001,101549.18000000001,116996.0
1758257700000000000,0.16076,101549.18000000001,101549.18000000001,116990.65
1758259500000000000,0.16076,101549.18000000001,101549.18000000001,116849.76
1758261300000000000,0.16076,101549.18000000001,101549.18000000001,116894.83
1758263100000000000,0.16076,101549.18000000001,101549.18000000001,116792.25
1758264900000000000,0.203607,101548.18,101548.18,116669.75
1758266700000000000,0.203607,101548.18,101548.18,116865.22
1758268500000000000,0.203607,101548.18,101548.18,116909.97
1758270300000000000,0.118149,101583.23999999999,101583.23999999999,117084.28000000001
1758272100000000000,0.118149,101583.23999999999,101583.23999999999,116915.87999999999
1758273900000000000,0.118149,101583.23999999999,101583.23999999999,116825.19
1758275700000000000,0.203961,101581.24,101581.24,116488.0
1758277500000000000,0.203961,101581.24,101581.24,116483.48000000001
1758279300000000000,0.203961,101581.24,101581.24,116532.68
1758281100000000000,0.203961,101581.24,101581.24,116364.0
1758282900000000000,0.203961,101581.24,101581.24,116394.72
1758284700000000000,0.203961,101581.24,101581.24,116231.47
1758286500000000000,0.203961,101581.24,101581.24,116162.45000000001
1758288300000000000,0.203961,101581.24,101581.24,116212.0
1758290100000000000,0.203961,101581.24,101581.24,116284.64
1758291900000000000,0.203961,101581.24,101581.24,116265.3
1758293700000000000,0.203961,101581.24,101581.24,115899.99
1758295500000000000,0.203961,101581.24,101581.24,115800.0
1758297300000000000,0.203961,101581.24,101581.24,115884.03
1758299100000000000,0.203961,101581.24,101581.24,115962.12
1758300900000000000,0.203961,101581.24,101581.24,116088.68
1758302700000000000,0.203961,101581.24,101581.24,115790.66
1758304500000000000,0.203961,101581.24,101581.24,115542.73
1758306300000000000,0.203961,101581.24,101581.24,115423.18000000001
1758308100000000000,0.203961,101581.24,101581.24,115407.49
1758309900000000000,0.203961,101581.24,101581.24,115360.15000000001
1758311700000000000,0.203961,101581.24,101581.24,115125.12
1758313500000000000,0.203961,101581.24,101581.24,115388.44
1758315300000000000,0.203961,101581.24,101581.24,115342.56999999999
1758317100000000000,0.203961,101581.24,101581.24,115418.26999999999
1758318900000000000,0.203961,101581.24,101581.24,115465.39
1758320700000000000,0.203961,101581.24,101581.24,115588.04
1758322500000000000,0.203961,101581.24,101581.24,115613.20999999999
1758324300000000000,0.247267,101580.24,101580.24,115468.5
1758326100000000000,0.247267,101580.24,101580.24,115632.38
1758327900000000000,0.247267,101580.24,101580.24,115557.06999999999
1758329700000000000,0.160839,101520.72,101520.72,115723.73000000001
1758331500000000000,0.160839,101520.72,101520.72,115700.0
1758333300000000000,0.160839,101520.72,101520.72,115623.51
1758335100000000000,0.160839,101520.72,101520.72,115533.82
1758336900000000000,0.160839,101520.72,101520.72,115606.39
1758338700000000000,0.160839,101520.72,101520.72,115506.79000000001
1758340500000000000,0.160839,101520.72,101520.72,115445.0
1758342300000000000,0.160839,101520.72,101520.72,115460.01
1758344100000000000,0.160839,101520.72,101520.72,115568.41
1758345900000000000,0.160839,101520.72,101520.72,115606.73999999999
1758347700000000000,0.160839,101520.72,101520.72,115717.49
1758349500000000000,0.160839,101520.72,101520.72,115677.66
1758351300000000000,0.160839,101520.72,101520.72,115700.46
1758353100000000000,0.160839,101520.72,101520.72,115737.45999999999
1758354900000000000,0.074503,101471.90000000001,101471.90000000001,115968.56
1758356700000000000,0.074503,101471.90000000001,101471.90000000001,115817.15999999999
1758358500000000000,0.074503,101471.90000000001,101471.90000000001,115701.43000000001
1758360300000000000,0.074503,101471.90000000001,101471.90000000001,115755.86
1758362100000000000,0.074503,101471.90000000001,101471.90000000001,115672.8
1758363900000000000,0.074503,101471.90000000001,101471.90000000001,115732.83
1758365700000000000,0.074503,101471.90000000001,101471.90000000001,115747.54
1758367500000000000,0.074503,101471.90000000001,101471.90000000001,115787.15
1758369300000000000,0.074503,101471.90000000001,101471.90000000001,115894.06
1758371100000000000,0.074503,101471.90000000001,101471.90000000001,115822.84000000001
1758372900000000000,0.074503,101471.90000000001,101471.90000000001,115874.49
1758374700000000000,0.074503,101471.90000000001,101471.90000000001,115905.93
1758376500000000000,0.074503,101471.90000000001,101471.90000000001,115915.8
1758378300000000000,0.074503,101471.90000000001,101471.90000000001,115900.76000000001
1758380100000000000,0.011729,101439.71999999999,101439.71999999999,115970.36
1758381900000000000,0.011729,101439.71999999999,101439.71999999999,116110.0
1758383700000000000,0.011729,101439.71999999999,101439.71999999999,115986.69
1758385500000000000,0.011729,101439.71999999999,101439.71999999999,115954.3
1758387300000000000,0.011729,101439.71999999999,101439.71999999999,116027.94
1758389100000000000,0.074593,101439.44,101439.44,115854.78
1758390900000000000,0.074593,101439.44,101439.44,115821.72
1758392700000000000,0.160951,101437.44,101437.44,115793.95
1758394500000000000,0.160951,101437.44,101437.44,115711.51
1758396300000000000,0.160951,101437.44,101437.44,115773.15
1758398100000000000,0.160951,101437.44,101437.44,115702.0
1758399900000000000,0.160951,101437.44,101437.44,115758.04000000001
1758401700000000000,0.160951,101437.44,101437.44,115721.1
1758403500000000000,0.160951,101437.44,101437.44,115870.79000000001
1758405300000000000,0.160951,101437.44,101437.44,115786.31
1758407100000000000,0.160951,101437.44,101437.44,115767.05
1758408900000000000,0.160951,101437.44,101437.44,115776.06
1758410700000000000,0.160951,101437.44,101437.44,115722.59
1758412500000000000,0.160951,101437.44,101437.44,115685.62999999999
1758414300000000000,0.160951,101437.44,101437.44,115597.84999999999
1758416100000000000,0.160951,101437.44,101437.44,115660.01
1758417900000000000,0.160951,101437.44,101437.44,115575.35
1758419700000000000,0.160951,101437.44,101437.44,115500.0
1758421500000000000,0.160951,101437.44,101437.44,115514.54000000001
1758423300000000000,0.160951,101437.44,101437.44,115690.76
1758425100000000000,0.160951,101437.44,101437.44,115649.53
1758426900000000000,0.160951,101437.44,101437.44,115669.41
1758428700000000000,0.160951,101437.44,101437.44,115575.39
1758430500000000000,0.160951,101437.44,101437.44,115494.23
1758432300000000000,0.160951,101437.44,101437.44,115536.14
1758434100000000000,0.160951,101437.44,101437.44,115663.48000000001
1758435900000000000,0.160951,101437.44,101437.44,115785.57
1758437700000000000,0.204162,101436.44,101436.44,115687.2
1758439500000000000,0.247401,101435.44,101435.44,115615.36
1758441300000000000,0.247401,101435.44,101435.44,115815.97
1758443100000000000,0.247401,101435.44,101435.44,115593.65000000001
1758444900000000000,0.247401,101435.44,101435.44,115629.6
1758446700000000000,0.247401,101435.44,101435.44,115466.43999999999
1758448500000000000,0.247401,101435.44,101435.44,115683.54
1758450300000000000,0.247401,101435.44,101435.44,115627.22
1758452100000000000,0.247401,101435.44,101435.44,115522.31
1758453900000000000,0.247401,101435.44,101435.44,115655.45
1758455700000000000,0.247401,101435.44,101435.44,115603.45
1758457500000000000,0.247401,101435.44,101435.44,115717.54
1758459300000000000,0.247401,101435.44,101435.44,115683.59
1758461100000000000,0.247401,101435.44,101435.44,115713.99
1758462900000000000,0.247401,101435.44,101435.44,115661.65000000001
1758464700000000000,0.247401,101435.44,101435.44,115572.67
1758466500000000000,0.247401,101435.44,101435.44,115500.01
1758468300000000000,0.247401,101435.44,101435.44,115500.0
1758470100000000000,0.247401,101435.44,101435.44,115531.61
1758471900000000000,0.247401,101435.44,101435.44,115402.79000000001
1758473700000000000,0.247401,101435.44,101435.44,115316.0
1758475500000000000,0.247401,101435.44,101435.44,115400.0
1758477300000000000,0.247401,101435.44,101435.44,115628.18
1758479100000000000,0.247401,101435.44,101435.44,115523.2
1758480900000000000,0.247401,101435.44,101435.44,115530.9
1758482700000000000,0.247401,101435.44,101435.44,115518.43
1758484500000000000,0.247401,101435.44,101435.44,115480.05
1758486300000000000,0.247401,101435.44,101435.44,115503.47
1758488100000000000,0.247401,101435.44,101435.44,115307.51
1758489900000000000,0.247401,101435.44,101435.44,115250.01
1758491700000000000,0.247401,101435.44,101435.44,115405.48
1758493500000000000,0.247401,101435.44,101435.44,115305.45999999999
1758495300000000000,0.160773,101404.73999999999,101404.73999999999,115538.9
1758497100000000000,0.160773,101404.73999999999,101404.73999999999,115316.39
1758498900000000000,0.160773,101404.73999999999,101404.73999999999,115232.29000000001
1758500700000000000,0.160773,101404.73999999999,101404.73999999999,115169.88
1758502500000000000,0.160773,101404.73999999999,101404.73999999999,114407.28
1758504300000000000,0.160773,101404.73999999999,101404.73999999999,114649.90000000001
1758506100000000000,0.160773,101404.73999999999,101404.73999999999,114273.45
1758507900000000000,0.160773,101404.73999999999,101404.73999999999,114516.53
1758509700000000000,0.160773,101404.73999999999,101404.73999999999,114187.81
1758511500000000000,0.160773,101404.73999999999,101404.73999999999,114455.05
1758513300000000000,0.160773,101404.73999999999,101404.73999999999,114649.89
1758515100000000000,0.160773,101404.73999999999,101404.73999999999,114505.73000000001
1758516900000000000,0.160773,101404.73999999999,101404.73999999999,114433.53
1758518700000000000,0.160773,101404.73999999999,101404.73999999999,114530.01
1758520500000000000,0.160773,101404.73999999999,101404.73999999999,113691.19
1758522300000000000,0.160773,101404.73999999999,101404.73999999999,112791.58
1758524100000000000,0.160773,101404.73999999999,101404.73999999999,112800.77
1758525900000000000,0.160773,101404.73999999999,101404.73999999999,112773.17
1758527700000000000,0.160773,101404.73999999999,101404.73999999999,112519.99
1758529500000000000,0.160773,101404.73999999999,101404.73999999999,112629.98000000001
1758531300000000000,0.160773,101404.73999999999,101404.73999999999,112629.06999999999
1758533100000000000,0.160773,101404.73999999999,101404.73999999999,112396.15000000001
1758534900000000000,0.160773,101404.73999999999,101404.73999999999,112336.62000000001
1758536700000000000,0.160773,101404.73999999999,101404.73999999999,112562.28
1758538500000000000,0.160773,101404.73999999999,101404.73999999999,112792.16
1758540300000000000,0.160773,101404.73999999999,101404.73999999999,112795.31
1758542100000000000,0.160773,101404.73999999999,101404.73999999999,112876.97
1758543900000000000,0.160773,101404.73999999999,101404.73999999999,112576.32
1758545700000000000,0.160773,101404.73999999999,101404.73999999999,112738.65
1758547500000000000,0.160773,101404.73999999999,101404.73999999999,112946.72
1758549300000000000,0.160773,101404.73999999999,101404.73999999999,113130.63
1758551100000000000,0.160773,101404.73999999999,101404.73999999999,113382.53
1758552900000000000,0.160773,101404.73999999999,101404.73999999999,112933.15999999999
1758554700000000000,0.205156,101403.74,101403.74,112666.69
1758556500000000000,0.205156,101403.74,101403.74,112815.5
1758558300000000000,0.205156,101403.74,101403.74,112742.11
1758560100000000000,0.205156,101403.74,101403.74,112600.68
1758561900000000000,0.205156,101403.74,101403.74,112400.88
1758563700000000000,0.205156,101403.74,101403.74,112398.66
1758565500000000000,0.205156,101403.74,101403.74,112675.13
1758567300000000000,0.205156,101403.74,101403.74,112429.13
1758569100000000000,0.205156,101403.74,101403.74,112449.31
1758570900000000000,0.249731,101402.73999999999,101402.73999999999,112122.9
1758572700000000000,0.249731,101402.73999999999,101402.73999999999,112280.01
1758574500000000000,0.249731,101402.73999999999,101402.73999999999,112781.88
1758576300000000000,0.249731,101402.73999999999,101402.73999999999,112699.74
1758578100000000000,0.249731,101402.73999999999,101402.73999999999,112969.99
1758579900000000000,0.249731,101402.73999999999,101402.73999999999,112653.90000000001
1758581700000000000,0.249731,101402.73999999999,101402.73999999999,112643.25
1758583500000000000,0.249731,101402.73999999999,101402.73999999999,112629.99
1758585300000000000,0.249731,101402.73999999999,101402.73999999999,112650.98999999999
1758587100000000000,0.249731,101402.73999999999,101402.73999999999,112747.71999999999
1758588900000000000,0.249731,101402.73999999999,101402.73999999999,112395.32
1758590700000000000,0.249731,101402.73999999999,101402.73999999999,112494.12
1758592500000000000,0.249731,101402.73999999999,101402.73999999999,112156.66
1758594300000000000,0.249731,101402.73999999999,101402.73999999999,112020.12000000001
1758596100000000000,0.249731,101402.73999999999,101402.73999999999,111811.87999999999
1758597900000000000,0.249731,101402.73999999999,101402.73999999999,112309.25
1758599700000000000,0.249731,101402.73999999999,101402.73999999999,112339.99
1758601500000000000,0.249731,101402.73999999999,101402.73999999999,112020.01
1758603300000000000,0.249731,101402.73999999999,101402.73999999999,112442.3
1758605100000000000,0.249731,101402.73999999999,101402.73999999999,112777.75
1758606900000000000,0.249731,101402.73999999999,101402.73999999999,112665.44
1758608700000000000,0.249731,101402.73999999999,101402.73999999999,112879.98000000001
1758610500000000000,0.205518,101336.08,101336.08,112974.96
1758612300000000000,0.205518,101336.08,101336.08,112944.51999999999
1758614100000000000,0.205518,101336.08,101336.08,113090.13
1758615900000000000,0.205518,101336.08,101336.08,113105.41
1758617700000000000,0.205518,101336.08,101336.08,113133.84
1758619500000000000,0.205518,101336.08,101336.08,113007.67
1758621300000000000,0.205518,101336.08,101336.08,112934.47
1758623100000000000,0.205518,101336.08,101336.08,112906.55
1758624900000000000,0.205518,101336.08,101336.08,112969.31999999999
1758626700000000000,0.205518,101336.08,101336.08,112847.28
1758628500000000000,0.205518,101336.08,101336.08,112975.99
1758630300000000000,0.205518,101336.08,101336.08,112852.01
1758632100000000000,0.205518,101336.08,101336.08,112941.02
1758633900000000000,0.205518,101336.08,101336.08,112910.01
1758635700000000000,0.205518,101336.08,101336.08,112952.31
1758637500000000000,0.205518,101336.08,101336.08,112814.87
1758639300000000000,0.205518,101336.08,101336.08,112652.90999999999
1758641100000000000,0.294352,101334.08,101334.08,112969.64
1758642900000000000,0.294352,101334.08,101334.08,112882.19
1758644700000000000,0.294352,101334.08,101334.08,112804.68
1758646500000000000,0.294352,101334.08,101334.08,112823.62999999999
1758648300000000000,0.294352,101334.08,101334.08,112395.09000000001
1758650100000000000,0.38339,101332.08,101332.08,111957.76
1758651900000000000,0.38339,101332.08,101332.08,112010.41
1758653700000000000,0.38339,101332.08,101332.08,111780.09999999999
1758655500000000000,0.38339,101332.08,101332.08,111771.28
1758657300000000000,0.38339,101332.08,101332.08,111655.29
1758659100000000000,0.38339,101332.08,101332.08,111650.0
1758660900000000000,0.38339,101332.08,101332.08,111985.77
1758662700000000000,0.38339,101332.08,101332.08,112074.65
1758664500000000000,0.38339,101332.08,101332.08,112161.54
1758666300000000000,0.38339,101332.08,101332.08,112002.16
1758668100000000000,0.38339,101332.08,101332.08,112159.23
1758669900000000000,0.38339,101332.08,101332.08,111897.0
1758671700000000000,0.38339,101332.08,101332.08,111998.8
1758673500000000000,0.338853,101272.46,101272.46,112293.23
1758675300000000000,0.338853,101272.46,101272.46,112230.72
1758677100000000000,0.338853,101272.46,101272.46,112399.45
1758678900000000000,0.294377,101219.75,101219.75,112451.26000000001
1758680700000000000,0.294377,101219.75,101219.75,112270.59
1758682500000000000,0.294377,101219.75,101219.75,112111.62
1758684300000000000,0.294377,101219.75,101219.75,111785.25
1758686100000000000,0.294377,101219.75,101219.75,111683.09000000001
1758687900000000000,0.294377,101219.75,101219.75,112021.40000000001
1758689700000000000,0.294377,101219.75,101219.75,112161.93
1758691500000000000,0.294377,101219.75,101219.75,112343.62
1758693300000000000,0.294377,101219.75,101219.75,112636.84
1758695100000000000,0.294377,101219.75,101219.75,112634.5
1758696900000000000,0.294377,101219.75,101219.75,112596.69
1758698700000000000,0.294377,101219.75,101219.75,112510.88
1758700500000000000,0.294377,101219.75,101219.75,112583.54
1758702300000000000,0.294377,101219.75,101219.75,112432.32
1758704100000000000,0.294377,101219.75,101219.75,112622.8
1758705900000000000,0.294377,101219.75,101219.75,112605.77
1758707700000000000,0.294377,101219.75,101219.75,112735.06
1758709500000000000,0.294377,101219.75,101219.75,112669.23
1758711300000000000,0.294377,101219.75,101219.75,112941.98000000001
1758713100000000000,0.294377,101219.75,101219.75,113041.57
1758714900000000000,0.294377,101219.75,101219.75,113029.45999999999
1758716700000000000,0.294377,101219.75,101219.75,113019.86
1758718500000000000,0.294377,101219.75,101219.75,113070.69
1758720300000000000,0.294377,101219.75,101219.75,113056.26
1758722100000000000,0.294377,101219.75,101219.75,112823.62
1758723900000000000,0.294377,101219.75,101219.75,113149.17
1758725700000000000,0.214685,101217.75,101217.75,113720.64
1758727500000000000,0.214685,101217.75,101217.75,113650.15000000001
1758729300000000000,0.214685,101217.75,101217.75,113346.41
1758731100000000000,0.214685,101217.75,101217.75,113568.94
1758732900000000000,0.214685,101217.75,101217.75,113732.01
1758734700000000000,0.214685,101217.75,101217.75,113771.11
1758736500000000000,0.214685,101217.75,101217.75,113761.3
1758738300000000000,0.214685,101217.75,101217.75,113688.2
1758740100000000000,0.214685,101217.75,101217.75,113639.8
1758741900000000000,0.214685,101217.75,101217.75,113497.95
1758743700000000000,0.214685,101217.75,101217.75,113420.01
1758745500000000000,0.214685,101217.75,101217.75,113551.19
1758747300000000000,0.214685,101217.75,101217.75,113501.52
1758749100000000000,0.214685,101217.75,101217.75,113578.09
1758750900000000000,0.214685,101217.75,101217.75,113339.62999999999
1758752700000000000,0.214685,101217.75,101217.75,113485.01000000001
1758754500000000000,0.214685,101217.75,101217.75,113336.33
1758756300000000000,0.214685,101217.75,101217.75,113347.2
1758758100000000000,0.214685,101217.75,101217.75,113307.0
1758759900000000000,0.214685,101217.75,101217.75,113131.0
1758761700000000000,0.214685,101217.75,101217.75,113062.34999999999
1758763500000000000,0.214685,101217.75,101217.75,113079.98000000001
1758765300000000000,0.214685,101217.75,101217.75,112661.24
1758767100000000000,0.214685,101217.75,101217.75,112734.98999999999
1758768900000000000,0.214685,101217.75,101217.75,112907.37999999999
1758770700000000000,0.214685,101217.75,101217.75,112364.73999999999
1758772500000000000,0.214685,101217.75,101217.75,112546.21
1758774300000000000,0.214685,101217.75,101217.75,111942.8
1758776100000000000,0.214685,101217.75,101217.75,111735.66
1758777900000000000,0.214685,101217.75,101217.75,111981.99
1758779700000000000,0.214685,101217.75,101217.75,111749.91
1758781500000000000,0.214685,101217.75,101217.75,111699.98000000001
1758783300000000000,0.214685,101217.75,101217.75,111533.26000000001
1758785100000000000,0.259527,101216.75,101216.75,111860.41
1758786900000000000,0.259527,101216.75,101216.75,111766.72
1758788700000000000,0.259527,101216.75,101216.75,112031.17
1758790500000000000,0.259527,101216.75,101216.75,111727.20999999999
1758792300000000000,0.170297,101111.73000000001,101111.73000000001,112079.77
1758794100000000000,0.170297,101111.73000000001,101111.73000000001,111571.58
1758795900000000000,0.170297,101111.73000000001,101111.73000000001,111761.54999999999
1758797700000000000,0.170297,101111.73000000001,101111.73000000001,111648.19
1758799500000000000,0.170297,101111.73000000001,101111.73000000001,111544.87
1758801300000000000,0.170297,101111.73000000001,101111.73000000001,111348.0
1758803100000000000,0.258079,101109.78,101109.78,111125.76
1758804900000000000,0.258079,101109.78,101109.78,111111.0
1758806700000000000,0.258079,101109.78,101109.78,111617.01000000001
1758808500000000000,0.258079,101109.78,101109.78,111000.0
1758810300000000000,0.258079,101109.78,101109.78,111499.52
1758812100000000000,0.258079,101109.78,101109.78,111540.0
1758813900000000000,0.258079,101109.78,101109.78,110945.67
1758815700000000000,0.258079,101109.78,101109.78,111580.77
1758817500000000000,0.258079,101109.78,101109.78,111116.0
1758819300000000000,0.258079,101109.78,101109.78,110957.29
1758821100000000000,0.258079,101109.78,101109.78,109938.11
1758822900000000000,0.258079,101109.78,101109.78,108833.62999999999
1758824700000000000,0.258079,101109.78,101109.78,109442.98999999999
1758826500000000000,0.258079,101109.78,101109.78,109760.2
1758828300000000000,0.258079,101109.78,101109.78,109819.34
1758830100000000000,0.258079,101109.78,101109.78,109360.0
1758831900000000000,0.258079,101109.78,101109.78,109357.92
1758833700000000000,0.258079,101109.78,101109.78,109163.44
1758835500000000000,0.258079,101109.78,101109.78,109318.83
1758837300000000000,0.258079,101109.78,101109.78,109420.0
1758839100000000000,0.258079,101109.78,101109.78,109480.55
1758840900000000000,0.258079,101109.78,101109.78,109419.97
1758842700000000000,0.258079,101109.78,101109.78,109447.34
1758844500000000000,0.303906,101108.78,101108.78,108994.49
1758846300000000000,0.303906,101108.78,101108.78,109300.0
1758848100000000000,0.303906,101108.78,101108.78,109472.13
1758849900000000000,0.303906,101108.78,101108.78,109560.01
1758851700000000000,0.303906,101108.78,101108.78,109680.4
1758853500000000000,0.303906,101108.78,101108.78,109568.34999999999
1758855300000000000,0.303906,101108.78,101108.78,109621.7
1758857100000000000,0.303906,101108.78,101108.78,109344.01
1758858900000000000,0.303906,101108.78,101108.78,109580.01
1758860700000000000,0.303906,101108.78,101108.78,109409.12
1758862500000000000,0.303906,101108.78,101108.78,109338.01
1758864300000000000,0.303906,101108.78,101108.78,109560.0
1758866100000000000,0.303906,101108.78,101108.78,109252.79000000001
1758867900000000000,0.303906,101108.78,101108.78,109482.62000000001
1758869700000000000,0.303906,101108.78,101108.78,109360.0
1758871500000000000,0.303906,101108.78,101108.78,109300.0
1758873300000000000,0.303906,101108.78,101108.78,109320.01999999999
1758875100000000000,0.303906,101108.78,101108.78,109515.77
1758876900000000000,0.303906,101108.78,101108.78,109567.2
1758878700000000000,0.303906,101108.78,101108.78,109646.73
1758880500000000000,0.303906,101108.78,101108.78,109568.72
1758882300000000000,0.303906,101108.78,101108.78,109092.0
1758884100000000000,0.349883,101107.78,101107.78,108895.0
1758885900000000000,0.349883,101107.78,101107.78,108744.79000000001
1758887700000000000,0.349883,101107.78,101107.78,109133.5
1758889500000000000,0.349883,101107.78,101107.78,109121.28
1758891300000000000,0.349883,101107.78,101107.78,109372.68
1758893100000000000,0.349883,101107.78,101107.78,109183.62999999999
1758894900000000000,0.349883,101107.78,101107.78,109669.73000000001
1758896700000000000,0.349883,101107.78,101107.78,109083.45
1758898500000000000,0.349883,101107.78,101107.78,108836.0
1758900300000000000,0.349883,101107.78,101107.78,109292.81
1758902100000000000,0.349883,101107.78,101107.78,109027.78
1758903900000000000,0.349883,101107.78,101107.78,109518.18
1758905700000000000,0.349883,101107.78,101107.78,109460.01
1758907500000000000,0.304421,101033.56000000001,101033.56000000001,109912.14
1758909300000000000,0.304421,101033.56000000001,101033.56000000001,109899.99
1758911100000000000,0.304421,101033.56000000001,101033.56000000001,110192.13
1758912900000000000,0.304421,101033.56000000001,101033.56000000001,109727.99
1758914700000000000,0.304421,101033.56000000001,101033.56000000001,109274.31
1758916500000000000,0.304421,101033.56000000001,101033.56000000001,109172.2
1758918300000000000,0.304421,101033.56000000001,101033.56000000001,109152.76000000001
1758920100000000000,0.304421,101033.56000000001,101033.56000000001,109288.44
1758921900000000000,0.304421,101033.56000000001,101033.56000000001,109465.6
1758923700000000000,0.304421,101033.56000000001,101033.56000000001,109469.06999999999
1758925500000000000,0.304421,101033.56000000001,101033.56000000001,109500.11
1758927300000000000,0.304421,101033.56000000001,101033.56000000001,109558.25
1758929100000000000,0.304421,101033.56000000001,101033.56000000001,109555.06
1758930900000000000,0.304421,101033.56000000001,101033.56000000001,109643.45999999999
1758932700000000000,0.304421,101033.56000000001,101033.56000000001,109590.42
1758934500000000000,0.304421,101033.56000000001,101033.56000000001,109649.29
1758936300000000000,0.304421,101033.56000000001,101033.56000000001,109480.0
1758938100000000000,0.304421,101033.56000000001,101033.56000000001,109431.92
1758939900000000000,0.304421,101033.56000000001,101033.56000000001,109342.43999999999
1758941700000000000,0.304421,101033.56000000001,101033.56000000001,109408.18
1758943500000000000,0.304421,101033.56000000001,101033.56000000001,109542.05
1758945300000000000,0.304421,101033.56000000001,101033.56000000001,109553.77
1758947100000000000,0.304421,101033.56000000001,101033.56000000001,109694.32
1758948900000000000,0.304421,101033.56000000001,101033.56000000001,109654.98999999999
1758950700000000000,0.304421,101033.56000000001,101033.56000000001,109612.3
1758952500000000000,0.304421,101033.56000000001,101033.56000000001,109635.71999999999
1758954300000000000,0.304421,101033.56000000001,101033.56000000001,109547.53
1758956100000000000,0.304421,101033.56000000001,101033.56000000001,109541.36
1758957900000000000,0.304421,101033.56000000001,101033.56000000001,109494.19
1758959700000000000,0.304421,101033.56000000001,101033.56000000001,109411.2
1758961500000000000,0.304421,101033.56000000001,101033.56000000001,109357.91
1758963300000000000,0.304421,101033.56000000001,101033.56000000001,109252.01
1758965100000000000,0.304421,101033.56000000001,101033.56000000001,109083.66
1758966900000000000,0.304421,101033.56000000001,101033.56000000001,109292.73
1758968700000000000,0.304421,101033.56000000001,101033.56000000001,109283.97
1758970500000000000,0.304421,101033.56000000001,101033.56000000001,109431.7
1758972300000000000,0.304421,101033.56000000001,101033.56000000001,109337.3
1758974100000000000,0.304421,101033.56000000001,101033.56000000001,109310.21
1758975900000000000,0.304421,101033.56000000001,101033.56000000001,109257.18000000001
1758977700000000000,0.304421,101033.56000000001,101033.56000000001,109400.05
1758979500000000000,0.304421,101033.56000000001,101033.56000000001,109359.26000000001
1758981300000000000,0.304421,101033.56000000001,101033.56000000001,109306.61
1758983100000000000,0.304421,101033.56000000001,101033.56000000001,109312.87
1758984900000000000,0.304421,101033.56000000001,101033.56000000001,109287.89
1758986700000000000,0.304421,101033.56000000001,101033.56000000001,109263.11
1758988500000000000,0.304421,101033.56000000001,101033.56000000001,109402.24
1758990300000000000,0.304421,101033.56000000001,101033.56000000001,109382.81
1758992100000000000,0.304421,101033.56000000001,101033.56000000001,109389.04
1758993900000000000,0.304421,101033.56000000001,101033.56000000001,109307.61
1758995700000000000,0.304421,101033.56000000001,101033.56000000001,109382.47
1758997500000000000,0.304421,101033.56000000001,101033.56000000001,109416.48
1758999300000000000,0.304421,101033.56000000001,101033.56000000001,109434.96
1759001100000000000,0.304421,101033.56000000001,101033.56000000001,109418.34
1759002900000000000,0.304421,101033.56000000001,101033.56000000001,109424.2
1759004700000000000,0.304421,101033.56000000001,101033.56000000001,109369.04
1759006500000000000,0.304421,101033.56000000001,101033.56000000001,109390.0
1759008300000000000,0.304421,101033.56000000001,101033.56000000001,109423.19
1759010100000000000,0.304421,101033.56000000001,101033.56000000001,109474.98999999999
1759011900000000000,0.25881,100942.71,100942.71,109699.98000000001
1759013700000000000,0.25881,100942.71,100942.71,109605.62
1759015500000000000,0.25881,100942.71,100942.71,109543.84999999999
1759017300000000000,0.25881,100942.71,100942.71,109635.84999999999
1759019100000000000,0.213239,100856.24,100856.24,109787.74
1759020900000000000,0.213239,100856.24,100856.24,109607.81
1759022700000000000,0.213239,100856.24,100856.24,109491.6
1759024500000000000,0.213239,100856.24,100856.24,109353.67
1759026300000000000,0.213239,100856.24,100856.24,109487.06
1759028100000000000,0.213239,100856.24,100856.24,109447.54999999999
1759029900000000000,0.213239,100856.24,100856.24,109454.65
1759031700000000000,0.213239,100856.24,100856.24,109436.0
1759033500000000000,0.213239,100856.24,100856.24,109366.11
1759035300000000000,0.213239,100856.24,100856.24,109365.90000000001
1759037100000000000,0.213239,100856.24,100856.24,109396.93000000001
1759038900000000000,0.213239,100856.24,100856.24,109356.43
1759040700000000000,0.213239,100856.24,100856.24,109280.01
1759042500000000000,0.213239,100856.24,100856.24,109410.0
1759044300000000000,0.213239,100856.24,100856.24,109458.28
1759046100000000000,0.213239,100856.24,100856.24,109513.06
1759047900000000000,0.213239,100856.24,100856.24,109524.46
1759049700000000000,0.213239,100856.24,100856.24,109509.91
1759051500000000000,0.213239,100856.24,100856.24,109449.49
1759053300000000000,0.213239,100856.24,100856.24,109519.42
1759055100000000000,0.213239,100856.24,100856.24,109441.7
1759056900000000000,0.213239,100856.24,100856.24,109368.44
1759058700000000000,0.213239,100856.24,100856.24,109272.24
1759060500000000000,0.213239,100856.24,100856.24,109369.02
1759062300000000000,0.213239,100856.24,100856.24,109429.45999999999
1759064100000000000,0.213239,100856.24,100856.24,109314.98999999999
1759065900000000000,0.213239,100856.24,100856.24,109476.81
1759067700000000000,0.213239,100856.24,100856.24,109639.0
1759069500000000000,0.213239,100856.24,100856.24,109715.95
1759071300000000000,0.167683,100771.51,100771.51,109850.01
1759073100000000000,0.122187,100693.44,100693.44,109899.99
1759074900000000000,0.122187,100693.44,100693.44,110037.93
1759076700000000000,0.122187,100693.44,100693.44,110150.07
1759078500000000000,0.122187,100693.44,100693.44,110222.01999999999
1759080300000000000,0.122187,100693.44,100693.44,110202.73999999999
1759082100000000000,0.122187,100693.44,100693.44,110203.52
1759083900000000000,0.122187,100693.44,100693.44,110138.09999999999
1759085700000000000,0.122187,100693.44,100693.44,110293.56000000001
1759087500000000000,0.122187,100693.44,100693.44,110338.01
1759089300000000000,0.122187,100693.44,100693.44,110337.6
1759091100000000000,0.122187,100693.44,100693.44,110650.0
1759092900000000000,0.122187,100693.44,100693.44,110803.8
1759094700000000000,0.122187,100693.44,100693.44,110734.59999999999
1759096500000000000,0.122187,100693.44,100693.44,110833.99
1759098300000000000,0.122187,100693.44,100693.44,111726.34
1759100100000000000,0.122187,100693.44,100693.44,111938.51
1759101900000000000,0.122187,100693.44,100693.44,112107.84999999999
1759103700000000000,0.122187,100693.44,100693.44,112163.95
1759105500000000000,0.122187,100693.44,100693.44,112198.87
1759107300000000000,0.122187,100693.44,100693.44,112260.56999999999
1759109100000000000,0.122187,100693.44,100693.44,112042.97
1759110900000000000,0.122187,100693.44,100693.44,111855.3
1759112700000000000,0.122187,100693.44,100693.44,111885.06999999999
1759114500000000000,0.122187,100693.44,100693.44,111750.01999999999
1759116300000000000,0.122187,100693.44,100693.44,111756.7
1759118100000000000,0.122187,100693.44,100693.44,111857.51
1759119900000000000,0.122187,100693.44,100693.44,111812.13
1759121700000000000,0.122187,100693.44,100693.44,111812.0
1759123500000000000,0.122187,100693.44,100693.44,111630.12
1759125300000000000,0.122187,100693.44,100693.44,111753.34
1759127100000000000,0.122187,100693.44,100693.44,111800.94
1759128900000000000,0.16698,100692.44,100692.44,111632.83
1759130700000000000,0.16698,100692.44,100692.44,111607.86
1759132500000000000,0.16698,100692.44,100692.44,111865.95
1759134300000000000,0.011494,100764.08,100764.08,112201.73000000001
1759136100000000000,0.011494,100764.08,100764.08,112099.75
1759137900000000000,0.011494,100764.08,100764.08,112171.23
1759139700000000000,0.011494,100764.08,100764.08,112110.9
1759141500000000000,0.011494,100764.08,100764.08,112225.0
1759143300000000000,0.011494,100764.08,100764.08,112090.18
1759145100000000000,0.011494,100764.08,100764.08,111959.32
1759146900000000000,0.011494,100764.08,100764.08,112100.0
1759148700000000000,0.011494,100764.08,100764.08,112374.89
1759150500000000000,0.011494,100764.08,100764.08,112022.16
1759152300000000000,0.011494,100764.08,100764.08,112179.65000000001
1759154100000000000,0.011494,100764.08,100764.08,113227.29
1759155900000000000,0.011494,100764.08,100764.08,113743.0
1759157700000000000,0.011494,100764.08,100764.08,114033.53
1759159500000000000,0.011494,100764.08,100764.08,113800.01
1759161300000000000,0.011494,100764.08,100764.08,113815.57
1759163100000000000,0.011494,100764.08,100764.08,113861.36
1759164900000000000,0.011494,100764.08,100764.08,113626.15000000001
1759166700000000000,0.011494,100764.08,100764.08,113890.25
1759168500000000000,0.011494,100764.08,100764.08,114043.91
1759170300000000000,0.011494,100764.08,100764.08,113963.41
1759172100000000000,0.011494,100764.08,100764.08,114008.79000000001
1759173900000000000,0.011494,100764.08,100764.08,114004.55
1759175700000000000,0.011494,100764.08,100764.08,114265.54999999999
1759177500000000000,0.011494,100764.08,100764.08,114290.07
1759179300000000000,0.011494,100764.08,100764.08,114258.29000000001
1759181100000000000,0.011494,100764.08,100764.08,114153.98000000001
1759182900000000000,0.011494,100764.08,100764.08,114176.73
1759184700000000000,0.011494,100764.08,100764.08,114090.5
1759186500000000000,0.011494,100764.08,100764.08,114189.81
1759188300000000000,0.055266,100763.07999999999,100763.07999999999,114301.0
1759190100000000000,0.098983,100762.08,100762.08,114311.96
1759191900000000000,0.098983,100762.08,100762.08,114170.71
1759193700000000000,0.098983,100762.08,100762.08,114525.97
1759195500000000000,0.098983,100762.08,100762.08,114631.2
1759197300000000000,0.098983,100762.08,100762.08,114500.31
1759199100000000000,0.098983,100762.08,100762.08,114472.48
1759200900000000000,0.098983,100762.08,100762.08,114455.96
1759202700000000000,0.098983,100762.08,100762.08,114326.07
1759204500000000000,0.098983,100762.08,100762.08,114376.39
1759206300000000000,0.098983,100762.08,100762.08,114185.31999999999
1759208100000000000,0.098983,100762.08,100762.08,114091.62999999999
1759209900000000000,0.03266,100769.52,100769.52,113939.97
1759211700000000000,0.03266,100769.52,100769.52,113904.0
1759213500000000000,0.03266,100769.52,100769.52,113921.15999999999
1759215300000000000,0.03266,100769.52,100769.52,113891.64
1759217100000000000,0.03266,100769.52,100769.52,113952.51999999999
1759218900000000000,0.164468,100766.52,100766.52,113699.23
1759220700000000000,0.164468,100766.52,100766.52,113575.84999999999
1759222500000000000,0.164468,100766.52,100766.52,113451.89
1759224300000000000,0.164468,100766.52,100766.52,113254.29000000001
1759226100000000000,0.164468,100766.52,100766.52,112781.97
1759227900000000000,0.164468,100766.52,100766.52,112837.82
1759229700000000000,0.164468,100766.52,100766.52,112923.49
1759231500000000000,0.164468,100766.52,100766.52,112927.45
1759233300000000000,0.164468,100766.52,100766.52,113055.01000000001
1759235100000000000,0.164468,100766.52,100766.52,113085.52
1759236900000000000,0.164468,100766.52,100766.52,113002.06
1759238700000000000,0.164468,100766.52,100766.52,113319.99
1759240500000000000,0.164468,100766.52,100766.52,113404.53
1759242300000000000,0.164468,100766.52,100766.52,113100.78
1759244100000000000,0.164468,100766.52,100766.52,113595.05
1759245900000000000,0.164468,100766.52,100766.52,113050.33
1759247700000000000,0.164468,100766.52,100766.52,113106.16
1759249500000000000,0.164468,100766.52,100766.52,113062.01
1759251300000000000,0.164468,100766.52,100766.52,112841.24
1759253100000000000,0.164468,100766.52,100766.52,113243.0
1759254900000000000,0.164468,100766.52,100766.52,113246.11
1759256700000000000,0.164468,100766.52,100766.52,113465.66
1759258500000000000,0.164468,100766.52,100766.52,113714.56
1759260300000000000,0.120514,100762.25,100762.25,113945.66
1759262100000000000,0.076776,100782.51,100782.51,114359.99
1759263900000000000,0.076776,100782.51,100782.51,114387.29
1759265700000000000,0.076776,100782.51,100782.51,114626.36
1759267500000000000,0.076776,100782.51,100782.51,114292.18
1759269300000000000,0.076776,100782.51,100782.51,114161.0
1759271100000000000,0.076776,100782.51,100782.51,113995.99
1759272900000000000,0.076776,100782.51,100782.51,113940.39
1759274700000000000,0.076776,100782.51,100782.51,113966.17
1759276500000000000,0.076776,100782.51,100782.51,114048.93000000001
1759278300000000000,0.076776,100782.51,100782.51,114021.86
1759280100000000000,0.076776,100782.51,100782.51,114239.53
1759281900000000000,0.076776,100782.51,100782.51,114367.71999999999
1759283700000000000,0.076776,100782.51,100782.51,114549.99
1759285500000000000,0.076776,100782.51,100782.51,114427.87999999999
1759287300000000000,0.076776,100782.51,100782.51,114272.15000000001
1759289100000000000,0.076776,100782.51,100782.51,114471.16
1759290900000000000,0.076776,100782.51,100782.51,114176.92000000001
1759292700000000000,0.076776,100782.51,100782.51,114587.5
1759294500000000000,0.076776,100782.51,100782.51,114289.01000000001
1759296300000000000,0.076776,100782.51,100782.51,114612.98999999999
1759298100000000000,0.076776,100782.51,100782.51,114569.84
1759299900000000000,0.076776,100782.51,100782.51,114388.46
1759301700000000000,0.076776,100782.51,100782.51,114256.81
1759303500000000000,0.076776,100782.51,100782.51,114569.08
1759305300000000000,0.076776,100782.51,100782.51,114539.02
1759307100000000000,0.010293,100857.49,100857.49,115089.82
1759308900000000000,0.010293,100857.49,100857.49,116111.28
1759310700000000000,0.010293,100857.49,100857.49,116239.48000000001
1759312500000000000,0.010293,100857.49,100857.49,116412.09999999999
1759314300000000000,0.010293,100857.49,100857.49,116240.63
1759316100000000000,0.010293,100857.49,100857.49,116281.64
1759317900000000000,0.010293,100857.49,100857.49,116324.0
1759319700000000000,0.010293,100857.49,100857.49,116789.58
1759321500000000000,0.010293,100857.49,100857.49,116633.02
1759323300000000000,0.010293,100857.49,100857.49,116402.65
1759325100000000000,0.010293,100857.49,100857.49,116636.87
1759326900000000000,0.010293,100857.49,100857.49,116806.96
1759328700000000000,0.010293,100857.49,100857.49,117136.81
1759330500000000000,0.010293,100857.49,100857.49,117292.73999999999
1759332300000000000,0.010293,100857.49,100857.49,117499.62999999999
1759334100000000000,0.010293,100857.49,100857.49,117423.73000000001
1759335900000000000,0.010293,100857.49,100857.49,117861.69
1759337700000000000,0.010293,100857.49,100857.49,117535.79
1759339500000000000,0.010293,100857.49,100857.49,117381.66
1759341300000000000,0.010293,100857.49,100857.49,116768.07
1759343100000000000,0.010293,100857.49,100857.49,117027.1
1759344900000000000,0.010293,100857.49,100857.49,117234.01
1759346700000000000,0.010293,100857.49,100857.49,117470.87
1759348500000000000,0.010293,100857.49,100857.49,117439.53
1759350300000000000,0.010293,100857.49,100857.49,117393.72
1759352100000000000,0.010293,100857.49,100857.49,117536.12000000001
1759353900000000000,0.010293,100857.49,100857.49,117490.0
1759355700000000000,0.010293,100857.49,100857.49,117554.96
1759357500000000000,0.010293,100857.49,100857.49,117800.01
1759359300000000000,0.010293,100857.49,100857.49,117745.39
1759361100000000000,0.079976,100855.84,100855.84,118352.59
1759362900000000000,0.079976,100855.84,100855.84,118594.98999999999
1759364700000000000,0.079976,100855.84,100855.84,118936.68
1759366500000000000,0.079976,100855.84,100855.84,118428.46
1759368300000000000,0.079976,100855.84,100855.84,118485.0
1759370100000000000,0.079976,100855.84,100855.84,118617.37
1759371900000000000,0.079976,100855.84,100855.84,118531.85
1759373700000000000,0.079976,100855.84,100855.84,118753.73
1759375500000000000,0.079976,100855.84,100855.84,118937.31999999999
1759377300000000000,0.079976,100855.84,100855.84,118733.99
1759379100000000000,0.079976,100855.84,100855.84,118568.18
1759380900000000000,0.079976,100855.84,100855.84,118662.04000000001
1759382700000000000,0.079976,100855.84,100855.84,118643.91999999998
1759384500000000000,0.079976,100855.84,100855.84,118377.34
1759386300000000000,0.079976,100855.84,100855.84,118460.64
1759388100000000000,0.079976,100855.84,100855.84,118649.06000000001
1759389900000000000,0.079976,100855.84,100855.84,118521.61000000002
1759391700000000000,0.079976,100855.84,100855.84,118489.76
1759393500000000000,0.079976,100855.84,100855.84,118628.90000000001
1759395300000000000,0.079976,100855.84,100855.84,118668.89
1759397100000000000,0.079976,100855.84,100855.84,118681.0
1759398900000000000,0.079976,100855.84,100855.84,118849.99
1759400700000000000,0.079976,100855.84,100855.84,118622.34000000001
1759402500000000000,0.079976,100855.84,100855.84,118619.56
1759404300000000000,0.079976,100855.84,100855.84,118689.97
1759406100000000000,0.079976,100855.84,100855.84,118765.73
1759407900000000000,0.079976,100855.84,100855.84,119080.53
1759409700000000000,0.079976,100855.84,100855.84,119402.42
1759411500000000000,0.079976,100855.84,100855.84,119165.05
1759413300000000000,0.079976,100855.84,100855.84,119621.19999999998
1759415100000000000,0.079976,100855.84,100855.84,119699.98999999999
1759416900000000000,0.037952,100804.03,100804.03,118814.09000000001
1759418700000000000,0.037952,100804.03,100804.03,119428.12000000001
1759420500000000000,0.037952,100804.03,100804.03,119910.77999999998
1759422300000000000,0.121212,100802.03,100802.03,119995.31
1759424100000000000,0.121212,100802.03,100802.03,119731.4
1759425900000000000,0.121212,100802.03,100802.03,119425.49
1759427700000000000,0.121212,100802.03,100802.03,119917.51999999999
1759429500000000000,0.121212,100802.03,100802.03,120146.51
1759431300000000000,0.121212,100802.03,100802.03,120506.61
1759433100000000000,0.13814,100801.62,100801.62,120732.40000000001
1759434900000000000,0.13814,100801.62,100801.62,120836.49
1759436700000000000,0.13814,100801.62,100801.62,120552.0
1759438500000000000,0.13814,100801.62,100801.62,120652.01000000001
1759440300000000000,0.13814,100801.62,100801.62,120459.39000000001
1759442100000000000,0.13814,100801.62,100801.62,120150.09999999999
1759443900000000000,0.13814,100801.62,100801.62,120333.95000000001
1759445700000000000,0.13814,100801.62,100801.62,120257.49
1759447500000000000,0.13814,100801.62,100801.62,120560.67000000001
1759449300000000000,0.13814,100801.62,100801.62,120529.35
1759451100000000000,0.13814,100801.62,100801.62,120279.46
1759452900000000000,0.13814,100801.62,100801.62,120132.8
1759454700000000000,0.13814,100801.62,100801.62,120119.23000000001
1759456500000000000,0.13814,100801.62,100801.62,119875.71999999999
1759458300000000000,0.13814,100801.62,100801.62,119985.79999999999
1759460100000000000,0.13814,100801.62,100801.62,120157.81999999999
1759461900000000000,0.13814,100801.62,100801.62,120184.53
1759463700000000000,0.13814,100801.62,100801.62,120225.88999999998
1759465500000000000,0.13814,100801.62,100801.62,120200.0
1759467300000000000,0.13814,100801.62,100801.62,120039.98000000001
1759469100000000000,0.13814,100801.62,100801.62,120018.95999999999
1759470900000000000,0.13814,100801.62,100801.62,119920.39999999998
1759472700000000000,0.13814,100801.62,100801.62,119979.8
1759474500000000000,0.096411,100788.55,100788.55,119916.93
1759476300000000000,0.096411,100788.55,100788.55,119775.78000000001
1759478100000000000,0.054616,100783.4,100783.4,119640.21
1759479900000000000,0.054616,100783.4,100783.4,119648.59
1759481700000000000,0.054616,100783.4,100783.4,120038.59999999999
1759483500000000000,0.179407,100780.4,100780.4,120291.26
1759485300000000000,0.179407,100780.4,100780.4,120300.0
1759487100000000000,0.304,100777.40000000001,100777.40000000001,120468.26000000001
1759488900000000000,0.304,100777.40000000001,100777.40000000001,120425.95000000001
1759490700000000000,0.304,100777.40000000001,100777.40000000001,120270.01
1759492500000000000,0.304,100777.40000000001,100777.40000000001,120334.50000000001
1759494300000000000,0.304,100777.40000000001,100777.40000000001,120215.04
1759496100000000000,0.304,100777.40000000001,100777.40000000001,120358.06999999999
1759497900000000000,0.304,100777.40000000001,100777.40000000001,120529.70000000001
1759499700000000000,0.304,100777.40000000001,100777.40000000001,120374.73000000001
1759501500000000000,0.304,100777.40000000001,100777.40000000001,120448.88000000002
1759503300000000000,0.304,100777.40000000001,100777.40000000001,120917.84999999999
1759505100000000000,0.304,100777.40000000001,100777.40000000001,121293.73
1759506900000000000,0.304,100777.40000000001,100777.40000000001,122258.04999999999
1759508700000000000,0.304,100777.40000000001,100777.40000000001,123659.82
1759510500000000000,0.304,100777.40000000001,100777.40000000001,122553.3
1759512300000000000,0.304,100777.40000000001,100777.40000000001,122509.01000000001
1759514100000000000,0.304,100777.40000000001,100777.40000000001,122073.24999999999
1759515900000000000,0.304,100777.40000000001,100777.40000000001,122474.4
1759517700000000000,0.304,100777.40000000001,100777.40000000001,122538.45999999999
1759519500000000000,0.304,100777.40000000001,100777.40000000001,122787.66
1759521300000000000,0.304,100777.40000000001,100777.40000000001,122660.99
1759523100000000000,0.304,100777.40000000001,100777.40000000001,122149.99
1759524900000000000,0.304,100777.40000000001,100777.40000000001,122447.94000000002
1759526700000000000,0.304,100777.40000000001,100777.40000000001,122291.65
1759528500000000000,0.304,100777.40000000001,100777.40000000001,122306.57
1759530300000000000,0.304,100777.40000000001,100777.40000000001,122481.13
1759532100000000000,0.304,100777.40000000001,100777.40000000001,122477.0
1759533900000000000,0.304,100777.40000000001,100777.40000000001,122277.05
1759535700000000000,0.263088,100692.34,100692.34,122232.0
1759537500000000000,0.263088,100692.34,100692.34,122168.46
1759539300000000000,0.263088,100692.34,100692.34,122100.0
1759541100000000000,0.263088,100692.34,100692.34,121950.01
1759542900000000000,0.22208,100618.81999999999,100618.81999999999,121865.20999999999
1759544700000000000,0.22208,100618.81999999999,100618.81999999999,121805.05
1759546500000000000,0.22208,100618.81999999999,100618.81999999999,121854.53
1759548300000000000,0.22208,100618.81999999999,100618.81999999999,122051.16
1759550100000000000,0.22208,100618.81999999999,100618.81999999999,122243.98999999999
1759551900000000000,0.22208,100618.81999999999,100618.81999999999,122342.56
1759553700000000000,0.22208,100618.81999999999,100618.81999999999,122495.0
1759555500000000000,0.22208,100618.81999999999,100618.81999999999,122687.13
1759557300000000000,0.22208,100618.81999999999,100618.81999999999,122522.7
1759559100000000000,0.22208,100618.81999999999,100618.81999999999,122507.45
1759560900000000000,0.22208,100618.81999999999,100618.81999999999,122430.27
1759562700000000000,0.22208,100618.81999999999,100618.81999999999,122376.21
1759564500000000000,0.22208,100618.81999999999,100618.81999999999,122324.08000000002
1759566300000000000,0.22208,100618.81999999999,100618.81999999999,122432.81000000001
1759568100000000000,0.22208,100618.81999999999,100618.81999999999,122267.57
1759569900000000000,0.22208,100618.81999999999,100618.81999999999,122368.69
1759571700000000000,0.22208,100618.81999999999,100618.81999999999,122208.78
1759573500000000000,0.22208,100618.81999999999,100618.81999999999,122292.43
1759575300000000000,0.22208,100618.81999999999,100618.81999999999,122129.53
1759577100000000000,0.22208,100618.81999999999,100618.81999999999,122094.75000000001
1759578900000000000,0.22208,100618.81999999999,100618.81999999999,121973.26000000001
1759580700000000000,0.22208,100618.81999999999,100618.81999999999,122077.33
1759582500000000000,0.22208,100618.81999999999,100618.81999999999,122005.62
1759584300000000000,0.22208,100618.81999999999,100618.81999999999,122314.51
1759586100000000000,0.22208,100618.81999999999,100618.81999999999,122385.42
1759587900000000000,0.22208,100618.81999999999,100618.81999999999,122313.54999999999
1759589700000000000,0.140194,100456.16,100456.16,122000.01000000001
1759591500000000000,0.140194,100456.16,100456.16,121733.94
1759593300000000000,0.140194,100456.16,100456.16,121791.31
1759595100000000000,0.140194,100456.16,100456.16,121710.79000000001
1759596900000000000,0.140194,100456.16,100456.16,121719.98999999999
1759598700000000000,0.140194,100456.16,100456.16,121846.53
1759600500000000000,0.140194,100456.16,100456.16,121747.37000000001
1759602300000000000,0.140194,100456.16,100456.16,121732.1
1759604100000000000,0.140194,100456.16,100456.16,121574.66
1759605900000000000,0.140194,100456.16,100456.16,121826.01
1759607700000000000,0.140194,100456.16,100456.16,121959.25
1759609500000000000,0.140194,100456.16,100456.16,122057.28
1759611300000000000,0.140194,100456.16,100456.16,121892.89
1759613100000000000,0.140194,100456.16,100456.16,122327.32999999999
1759614900000000000,0.140194,100456.16,100456.16,122190.67
1759616700000000000,0.140194,100456.16,100456.16,122234.24
1759618500000000000,0.140194,100456.16,100456.16,122287.18999999999
1759620300000000000,0.140194,100456.16,100456.16,122214.01
1759622100000000000,0.140194,100456.16,100456.16,122391.0
1759623900000000000,0.140194,100456.16,100456.16,122404.01000000001
1759625700000000000,0.140194,100456.16,100456.16,122157.70000000001
1759627500000000000,0.140194,100456.16,100456.16,122248.01000000001
1759629300000000000,0.140194,100456.16,100456.16,122377.72
1759631100000000000,0.140194,100456.16,100456.16,122853.90999999999
1759632900000000000,0.140194,100456.16,100456.16,124031.43999999999
1759634700000000000,0.140194,100456.16,100456.16,123835.32
1759636500000000000,0.140194,100456.16,100456.16,123776.21999999999
1759638300000000000,0.140194,100456.16,100456.16,124019.23999999999
1759640100000000000,0.140194,100456.16,100456.16,125172.81000000001
1759641900000000000,0.140194,100456.16,100456.16,125392.07999999999
1759643700000000000,0.140194,100456.16,100456.16,125127.98999999999
1759645500000000000,0.140194,100456.16,100456.16,124990.47
1759647300000000000,0.140194,100456.16,100456.16,125000.01000000001
1759649100000000000,0.140194,100456.16,100456.16,124770.34999999999
1759650900000000000,0.140194,100456.16,100456.16,124713.63
1759652700000000000,0.140194,100456.16,100456.16,124739.98999999999
1759654500000000000,0.140194,100456.16,100456.16,124595.98999999999
1759656300000000000,0.059691,100127.29,100127.29,124013.40000000001
1759658100000000000,0.059691,100127.29,100127.29,123020.5
1759659900000000000,0.059691,100127.29,100127.29,123012.29
1759661700000000000,0.059691,100127.29,100127.29,123028.01000000001
1759663500000000000,0.059691,100127.29,100127.29,123361.99999999999
1759665300000000000,0.059691,100127.29,100127.29,123464.64
1759667100000000000,0.059691,100127.29,100127.29,123133.01999999999
1759668900000000000,0.059691,100127.29,100127.29,123085.88
1759670700000000000,0.059691,100127.29,100127.29,123288.76000000001
1759672500000000000,0.059691,100127.29,100127.29,123161.39
1759674300000000000,0.059691,100127.29,100127.29,123206.52
1759676100000000000,0.059691,100127.29,100127.29,123034.67
1759677900000000000,0.059691,100127.29,100127.29,122892.0
1759679700000000000,0.059691,100127.29,100127.29,122803.17
1759681500000000000,0.059691,100127.29,100127.29,122952.30999999998
1759683300000000000,0.059691,100127.29,100127.29,123265.54000000001
1759685100000000000,0.059691,100127.29,100127.29,123190.91
1759686900000000000,0.059691,100127.29,100127.29,123057.05
1759688700000000000,0.059691,100127.29,100127.29,123042.59999999999
1759690500000000000,0.059691,100127.29,100127.29,122999.43999999999
1759692300000000000,0.059691,100127.29,100127.29,122843.15
1759694100000000000,0.059691,100127.29,100127.29,122591.79
1759695900000000000,0.059691,100127.29,100127.29,122741.01999999999
1759697700000000000,0.059691,100127.29,100127.29,122705.31999999999
1759699500000000000,0.059691,100127.29,100127.29,122680.90999999999
1759701300000000000,0.059691,100127.29,100127.29,122729.99
1759703100000000000,0.100252,100126.29000000001,100126.29000000001,123130.59000000001
1759704900000000000,0.100252,100126.29000000001,100126.29000000001,123237.40000000001
1759706700000000000,0.100252,100126.29000000001,100126.29000000001,123465.28
1759708500000000000,0.140723,100125.29,100125.29,123482.31
1759710300000000000,0.140723,100125.29,100125.29,123660.66
1759712100000000000,0.140723,100125.29,100125.29,123347.29
1759713900000000000,0.140723,100125.29,100125.29,123851.34999999999
1759715700000000000,0.140723,100125.29,100125.29,124035.32
1759717500000000000,0.140723,100125.29,100125.29,123871.43000000001
1759719300000000000,0.140723,100125.29,100125.29,124110.61
1759721100000000000,0.140723,100125.29,100125.29,123910.59000000001
1759722900000000000,0.140723,100125.29,100125.29,123839.09000000001
1759724700000000000,0.140723,100125.29,100125.29,123966.43999999999
1759726500000000000,0.140723,100125.29,100125.29,123580.26000000001
1759728300000000000,0.140723,100125.29,100125.29,123603.55
1759730100000000000,0.140723,100125.29,100125.29,123585.99999999999
1759731900000000000,0.140723,100125.29,100125.29,123861.88
1759733700000000000,0.140723,100125.29,100125.29,123947.9
1759735500000000000,0.140723,100125.29,100125.29,123841.14
1759737300000000000,0.140723,100125.29,100125.29,123390.47
1759739100000000000,0.140723,100125.29,100125.29,123760.0
1759740900000000000,0.140723,100125.29,100125.29,123846.54999999999
1759742700000000000,0.140723,100125.29,100125.29,123907.91999999998
1759744500000000000,0.140723,100125.29,100125.29,123955.3
1759746300000000000,0.140723,100125.29,100125.29,124096.5
1759748100000000000,0.140723,100125.29,100125.29,123977.99999999999
1759749900000000000,0.140723,100125.29,100125.29,124365.90999999999
1759751700000000000,0.140723,100125.29,100125.29,124215.0
1759753500000000000,0.140723,100125.29,100125.29,124382.20000000001
1759755300000000000,0.140723,100125.29,100125.29,124556.64
1759757100000000000,0.140723,100125.29,100125.29,124848.0
1759758900000000000,0.140723,100125.29,100125.29,125031.32999999999
1759760700000000000,0.140723,100125.29,100125.29,124851.02999999998
1759762500000000000,0.140723,100125.29,100125.29,124529.99999999999
1759764300000000000,0.140723,100125.29,100125.29,125172.40000000001
1759766100000000000,0.140723,100125.29,100125.29,125000.0
1759767900000000000,0.140723,100125.29,100125.29,124879.57999999999
1759769700000000000,0.140723,100125.29,100125.29,125455.23999999999
1759771500000000000,0.180481,100124.29000000001,100124.29000000001,125653.56000000001
1759773300000000000,0.180481,100124.29000000001,100124.29000000001,125284.0
1759775100000000000,0.180481,100124.29000000001,100124.29000000001,125208.74
1759776900000000000,0.180481,100124.29000000001,100124.29000000001,126011.18000000001
1759778700000000000,0.180481,100124.29000000001,100124.29000000001,125669.31000000001
1759780500000000000,0.180481,100124.29000000001,100124.29000000001,125410.81
1759782300000000000,0.180481,100124.29000000001,100124.29000000001,125137.45999999999
1759784100000000000,0.180481,100124.29000000001,100124.29000000001,125211.02
1759785900000000000,0.180481,100124.29000000001,100124.29000000001,124789.19999999998
1759787700000000000,0.180481,100124.29000000001,100124.29000000001,125097.84999999999
1759789500000000000,0.180481,100124.29000000001,100124.29000000001,125175.55
1759791300000000000,0.180481,100124.29000000001,100124.29000000001,125039.13
1759793100000000000,0.180481,100124.29000000001,100124.29000000001,124846.38999999998
1759794900000000000,0.180481,100124.29000000001,100124.29000000001,124658.54000000001
1759796700000000000,0.180481,100124.29000000001,100124.29000000001,124697.0
1759798500000000000,0.180481,100124.29000000001,100124.29000000001,124900.93
1759800300000000000,0.180481,100124.29000000001,100124.29000000001,124713.98
1759802100000000000,0.180481,100124.29000000001,100124.29000000001,124699.98999999999
1759803900000000000,0.099983,100011.75,100011.75,124560.11
1759805700000000000,0.099983,100011.75,100011.75,124259.9
1759807500000000000,0.099983,100011.75,100011.75,124152.07
1759809300000000000,0.099983,100011.75,100011.75,124329.74
1759811100000000000,0.099983,100011.75,100011.75,124424.01000000001
1759812900000000000,0.099983,100011.75,100011.75,124500.0
1759814700000000000,0.099983,100011.75,100011.75,124473.1
1759816500000000000,0.099983,100011.75,100011.75,124414.17
1759818300000000000,0.05965,99965.72,99965.72,123891.55
1759820100000000000,0.05965,99965.72,99965.72,123890.84000000001
1759821900000000000,0.019229,99930.55,99930.55,123849.99999999999
1759823700000000000,0.019229,99930.55,99930.55,123667.98999999999
1759825500000000000,0.019229,99930.55,99930.55,123641.38
1759827300000000000,0.019229,99930.55,99930.55,123861.74999999999
1759829100000000000,0.019229,99930.55,99930.55,124109.06000000001
1759830900000000000,0.019229,99930.55,99930.55,124117.48
1759832700000000000,0.019229,99930.55,99930.55,124279.25
1759834500000000000,0.019229,99930.55,99930.55,124282.19
1759836300000000000,0.019229,99930.55,99930.55,124388.67000000001
1759838100000000000,0.019229,99930.55,99930.55,124453.38
1759839900000000000,0.1397,99927.54999999999,99927.54999999999,124438.00000000001
1759841700000000000,0.25991,99924.55,99924.55,124917.99
1759843500000000000,0.25991,99924.55,99924.55,124804.14
1759845300000000000,0.25991,99924.55,99924.55,123891.68
1759847100000000000,0.25991,99924.55,99924.55,122887.64
1759848900000000000,0.25991,99924.55,99924.55,122725.36000000002
1759850700000000000,0.25991,99924.55,99924.55,122079.96
1759852500000000000,0.25991,99924.55,99924.55,121846.01
1759854300000000000,0.25991,99924.55,99924.55,121143.21
1759856100000000000,0.25991,99924.55,99924.55,121684.17000000001
1759857900000000000,0.25991,99924.55,99924.55,121295.55
1759859700000000000,0.25991,99924.55,99924.55,121130.02
1759861500000000000,0.25991,99924.55,99924.55,120747.51
1759863300000000000,0.25991,99924.55,99924.55,120895.37000000001
1759865100000000000,0.25991,99924.55,99924.55,121270.00000000001
1759866900000000000,0.25991,99924.55,99924.55,121637.17
1759868700000000000,0.25991,99924.55,99924.55,122196.46999999999
1759870500000000000,0.25991,99924.55,99924.55,121943.61
1759872300000000000,0.25991,99924.55,99924.55,122248.21
1759874100000000000,0.25991,99924.55,99924.55,122016.0
1759875900000000000,0.25991,99924.55,99924.55,121916.73
1759877700000000000,0.25991,99924.55,99924.55,122011.17
1759879500000000000,0.218812,100040.76000000001,100040.76000000001,121662.19
1759881300000000000,0.218812,100040.76000000001,100040.76000000001,121332.94999999998
1759883100000000000,0.218812,100040.76000000001,100040.76000000001,121587.8
1759884900000000000,0.218812,100040.76000000001,100040.76000000001,121914.09000000001
1759886700000000000,0.218812,100040.76000000001,100040.76000000001,121833.45000000001
1759888500000000000,0.218812,100040.76000000001,100040.76000000001,121950.01
1759890300000000000,0.218812,100040.76000000001,100040.76000000001,122186.01
1759892100000000000,0.218812,100040.76000000001,100040.76000000001,122048.28000000001
1759893900000000000,0.218812,100040.76000000001,100040.76000000001,121453.24
1759895700000000000,0.177568,100175.25,100175.25,121374.75000000001
1759897500000000000,0.177568,100175.25,100175.25,121471.37000000001
1759899300000000000,0.177568,100175.25,100175.25,121900.0
1759901100000000000,0.177568,100175.25,100175.25,121390.20000000001
1759902900000000000,0.177568,100175.25,100175.25,121374.01
1759904700000000000,0.177568,100175.25,100175.25,121411.41999999998
1759906500000000000,0.177568,100175.25,100175.25,121784.29
1759908300000000000,0.177568,100175.25,100175.25,121553.73
1759910100000000000,0.177568,100175.25,100175.25,121597.06000000001
1759911900000000000,0.177568,100175.25,100175.25,121916.41
1759913700000000000,0.177568,100175.25,100175.25,122381.84999999999
1759915500000000000,0.177568,100175.25,100175.25,122531.86
1759917300000000000,0.177568,100175.25,100175.25,122516.98
1759919100000000000,0.177568,100175.25,100175.25,122608.0
1759920900000000000,0.177568,100175.25,100175.25,122934.59999999999
1759922700000000000,0.177568,100175.25,100175.25,123020.69
1759924500000000000,0.177568,100175.25,100175.25,122884.14
1759926300000000000,0.177568,100175.25,100175.25,122756.76000000001
1759928100000000000,0.177568,100175.25,100175.25,122631.52
1759929900000000000,0.177568,100175.25,100175.25,122497.15999999999
1759931700000000000,0.177568,100175.25,100175.25,122599.04
1759933500000000000,0.177568,100175.25,100175.25,122590.73000000001
1759935300000000000,0.136652,100268.87,100268.87,122320.0
1759937100000000000,0.136652,100268.87,100268.87,122448.01000000001
1759938900000000000,0.136652,100268.87,100268.87,122189.72
1759940700000000000,0.136652,100268.87,100268.87,122672.51000000001
1759942500000000000,0.136652,100268.87,100268.87,123051.02999999998
1759944300000000000,0.217336,100266.87,100266.87,123792.35
1759946100000000000,0.217336,100266.87,100266.87,124033.19
1759947900000000000,0.217336,100266.87,100266.87,123615.28000000001
1759949700000000000,0.217336,100266.87,100266.87,123460.21999999999
1759951500000000000,0.217336,100266.87,100266.87,123638.22
1759953300000000000,0.217336,100266.87,100266.87,123449.99999999999
1759955100000000000,0.217336,100266.87,100266.87,123563.37000000001
1759956900000000000,0.217336,100266.87,100266.87,122856.69
1759958700000000000,0.217336,100266.87,100266.87,123279.46
1759960500000000000,0.217336,100266.87,100266.87,123277.33
1759962300000000000,0.217336,100266.87,100266.87,123290.95999999999
1759964100000000000,0.217336,100266.87,100266.87,123200.81999999999
1759965900000000000,0.217336,100266.87,100266.87,123478.25000000001
1759967700000000000,0.217336,100266.87,100266.87,123305.99999999999
1759969500000000000,0.217336,100266.87,100266.87,123062.25000000001
1759971300000000000,0.217336,100266.87,100266.87,122839.15
1759973100000000000,0.217336,100266.87,100266.87,122525.48
1759974900000000000,0.217336,100266.87,100266.87,122548.23
1759976700000000000,0.217336,100266.87,100266.87,121994.82
1759978500000000000,0.217336,100266.87,100266.87,121617.81
1759980300000000000,0.217336,100266.87,100266.87,121969.04
1759982100000000000,0.217336,100266.87,100266.87,122038.01
1759983900000000000,0.217336,100266.87,100266.87,122236.26999999999
1759985700000000000,0.217336,100266.87,100266.87,122144.7
1759987500000000000,0.217336,100266.87,100266.87,122010.24
1759989300000000000,0.217336,100266.87,100266.87,122100.92000000001
1759991100000000000,0.217336,100266.87,100266.87,122096.39999999998
1759992900000000000,0.217336,100266.87,100266.87,121957.31999999999
1759994700000000000,0.217336,100266.87,100266.87,121876.39
1759996500000000000,0.217336,100266.87,100266.87,121906.09999999999
1759998300000000000,0.135019,100496.89,100496.89,121180.0
1760000100000000000,0.135019,100496.89,100496.89,121261.62
1760001900000000000,0.135019,100496.89,100496.89,121699.86
1760003700000000000,0.135019,100496.89,100496.89,121813.04000000001
1760005500000000000,0.135019,100496.89,100496.89,121736.35
1760007300000000000,0.135019,100496.89,100496.89,122170.27
1760009100000000000,0.135019,100496.89,100496.89,122680.97000000002
1760010900000000000,0.135019,100496.89,100496.89,122737.56999999999
1760012700000000000,0.135019,100496.89,100496.89,123012.30999999998
1760014500000000000,0.135019,100496.89,100496.89,123563.37999999999
1760016300000000000,0.135019,100496.89,100496.89,123461.86000000002
1760018100000000000,0.135019,100496.89,100496.89,122415.73999999999
1760019900000000000,0.135019,100496.89,100496.89,121690.27
1760021700000000000,0.135019,100496.89,100496.89,121315.0
1760023500000000000,0.135019,100496.89,100496.89,121045.29000000001
1760025300000000000,0.135019,100496.89,100496.89,121147.14000000001
1760027100000000000,0.135019,100496.89,100496.89,121249.99999999999
1760028900000000000,0.135019,100496.89,100496.89,119819.77
1760030700000000000,0.135019,100496.89,100496.89,120259.07999999999
1760032500000000000,0.135019,100496.89,100496.89,120974.00000000001
1760034300000000000,0.135019,100496.89,100496.89,120696.90000000001
1760036100000000000,0.135019,100496.89,100496.89,120649.31999999999
1760037900000000000,0.135019,100496.89,100496.89,121099.98999999999
1760039700000000000,0.135019,100496.89,100496.89,120951.71999999999
1760041500000000000,0.135019,100496.89,100496.89,120870.22999999998
1760043300000000000,0.135019,100496.89,100496.89,121109.09
1760045100000000000,0.135019,100496.89,100496.89,121333.76
1760046900000000000,0.135019,100496.89,100496.89,121461.01999999999
1760048700000000000,0.135019,100496.89,100496.89,121544.05
1760050500000000000,0.135019,100496.89,100496.89,121686.19
1760052300000000000,0.135019,100496.89,100496.89,121506.9
1760054100000000000,0.17605,100495.89,100495.89,121662.4
1760055900000000000,0.17605,100495.89,100495.89,121863.73999999999
1760057700000000000,0.17605,100495.89,100495.89,121745.26999999999
1760059500000000000,0.17605,100495.89,100495.89,121811.7
1760061300000000000,0.17605,100495.89,100495.89,121623.96999999999
1760063100000000000,0.093592,100696.45000000001,100696.45000000001,121349.64
1760064900000000000,0.010936,100921.67,100921.67,121059.73000000001
1760066700000000000,0.010936,100921.67,100921.67,121438.91
1760068500000000000,0.010936,100921.67,100921.67,121026.01
1760070300000000000,0.010936,100921.67,100921.67,121288.07
1760072100000000000,0.010936,100921.67,100921.67,121234.51
1760073900000000000,0.010936,100921.67,100921.67,121370.87
1760075700000000000,0.010936,100921.67,100921.67,121583.89
1760077500000000000,0.010936,100921.67,100921.67,121526.88
1760079300000000000,0.010936,100921.67,100921.67,121378.18000000001
1760081100000000000,0.010936,100921.67,100921.67,121313.56000000001
1760082900000000000,0.010936,100921.67,100921.67,120932.05
1760084700000000000,0.010936,100921.67,100921.67,121279.89
1760086500000000000,0.010936,100921.67,100921.67,121631.54
1760088300000000000,0.010936,100921.67,100921.67,121754.33
1760090100000000000,0.010936,100921.67,100921.67,121314.73000000001
1760091900000000000,0.010936,100921.67,100921.67,121334.00000000001
1760093700000000000,0.010936,100921.67,100921.67,121496.33000000002
1760095500000000000,0.010936,100921.67,100921.67,121449.81
1760097300000000000,0.010936,100921.67,100921.67,121554.54999999999
1760099100000000000,0.010936,100921.67,100921.67,121544.39999999998
1760100900000000000,0.010936,100921.67,100921.67,121597.20999999999
1760102700000000000,0.010936,100921.67,100921.67,121975.32
1760104500000000000,0.133735,100918.67,100918.67,121684.2
1760106300000000000,0.133735,100918.67,100918.67,121215.01
1760108100000000000,0.133735,100918.67,100918.67,120493.17
1760109900000000000,0.059585,101084.5,101084.5,119252.85999999999
1760111700000000000,0.059585,101084.5,101084.5,119018.98000000001
1760113500000000000,0.059585,101084.5,101084.5,119068.85999999999
1760115300000000000,0.059585,101084.5,101084.5,118205.61000000002
1760117100000000000,0.059585,101084.5,101084.5,118150.75000000001
1760118900000000000,0.059585,101084.5,101084.5,117623.8
1760120700000000000,0.059585,101084.5,101084.5,117612.26
1760122500000000000,0.059585,101084.5,101084.5,117237.7
1760124000000000000,0.059585,101084.5,101084.5,116515.99
1760124300000000000,0.0,101430.09999999999,101430.09999999999,116040.38
1760124600000000000,0.0,101430.09999999999,101430.09999999999,116220.0
1760124900000000000,0.0,101430.09999999999,101430.09999999999,116446.65
1760125200000000000,0.0,101430.09999999999,101430.09999999999,116923.96
1760125500000000000,0.0,101430.09999999999,101430.09999999999,117093.74
1760125800000000000,0.0,101430.09999999999,101430.09999999999,116854.53
1760126100000000000,0.0,101430.09999999999,101430.09999999999,116661.5
1760126400000000000,0.0,101430.09999999999,101430.09999999999,116899.43000000001
1760126700000000000,0.0,101430.09999999999,101430.09999999999,116620.61
1760127000000000000,0.0,101430.09999999999,101430.09999999999,116780.01
1760127300000000000,0.0,101430.09999999999,101430.09999999999,116771.99
1760127600000000000,0.0,101430.09999999999,101430.09999999999,117000.0
1760127900000000000,0.0,101430.09999999999,101430.09999999999,117065.91
1760128200000000000,0.0,101430.09999999999,101430.09999999999,116914.67
1760128500000000000,0.0,101430.09999999999,101430.09999999999,116880.21
1760128800000000000,0.0,101430.09999999999,101430.09999999999,117034.61
1760129100000000000,0.0,101430.09999999999,101430.09999999999,116890.8
1760129400000000000,0.0,101430.09999999999,101430.09999999999,115406.0
1760129700000000000,0.0,101430.09999999999,101430.09999999999,114266.81999999999
1760130000000000000,0.0,101430.09999999999,101430.09999999999,115062.01
1760130300000000000,0.0,101430.09999999999,101430.09999999999,114437.5
1760130600000000000,0.0,101430.09999999999,101430.09999999999,112209.36
1760130900000000000,0.0,101430.09999999999,101430.09999999999,103975.26000000001
1760131200000000000,0.0,101430.09999999999,101430.09999999999,108219.07999999999
1760131500000000000,0.0,101430.09999999999,101430.09999999999,108432.09
1760131800000000000,0.0,101430.09999999999,101430.09999999999,111338.21
1760132100000000000,0.0,101430.09999999999,101430.09999999999,111399.70999999999
1760132400000000000,0.0,101430.09999999999,101430.09999999999,110809.05
1760132700000000000,0.0,101430.09999999999,101430.09999999999,113104.41
1760133000000000000,0.0,101430.09999999999,101430.09999999999,113038.98999999999
1760133300000000000,0.0,101430.09999999999,101430.09999999999,113451.86
1760133600000000000,0.0,101430.09999999999,101430.09999999999,113210.81
1760133900000000000,0.0,101430.09999999999,101430.09999999999,112913.66
1760134200000000000,0.0,101430.09999999999,101430.09999999999,113688.22
1760134500000000000,0.0,101430.09999999999,101430.09999999999,113213.78
1760134800000000000,0.0,101430.09999999999,101430.09999999999,112675.78
1760135100000000000,0.0,101430.09999999999,101430.09999999999,112360.83
1760135400000000000,0.0,101430.09999999999,101430.09999999999,113099.64
1760135700000000000,0.0,101430.09999999999,101430.09999999999,113006.25
1760136000000000000,0.0,101430.09999999999,101430.09999999999,113172.34
1760136300000000000,0.0,101430.09999999999,101430.09999999999,113851.87999999999
1760136600000000000,0.0,101430.09999999999,101430.09999999999,113629.74
1760136900000000000,0.0,101430.09999999999,101430.09999999999,113700.0
1760137200000000000,0.0,101430.09999999999,101430.09999999999,113520.08
1760137500000000000,0.0,101430.09999999999,101430.09999999999,113126.24
1760137800000000000,0.0,101430.09999999999,101430.09999999999,113050.98999999999
1760138100000000000,0.0,101430.09999999999,101430.09999999999,113190.85
1760138400000000000,0.0,101430.09999999999,101430.09999999999,113223.02
1760138700000000000,0.0,101430.09999999999,101430.09999999999,113771.8
1760139000000000000,0.0,101430.09999999999,101430.09999999999,113835.82
1760139300000000000,0.0,101430.09999999999,101430.09999999999,114333.34
1760139600000000000,0.0,101430.09999999999,101430.09999999999,114617.31999999999
1760139900000000000,0.0,101430.09999999999,101430.09999999999,113579.83
1760140200000000000,0.0,101430.09999999999,101430.09999999999,112964.66
1760140500000000000,0.0,101430.09999999999,101430.09999999999,112774.5
1760140800000000000,0.0,101430.09999999999,101430.09999999999,112777.95
1760141100000000000,0.0,101430.09999999999,101430.09999999999,112761.67
1760141400000000000,0.0,101430.09999999999,101430.09999999999,112344.76000000001
1760141700000000000,0.0,101430.09999999999,101430.09999999999,111767.96
1760142000000000000,0.0,101430.09999999999,101430.09999999999,112096.12000000001
1760142300000000000,0.0,101430.09999999999,101430.09999999999,112451.53
1760142600000000000,0.0,101430.09999999999,101430.09999999999,112142.8
1760142900000000000,0.0,101430.09999999999,101430.09999999999,112395.0
1760143200000000000,0.0,101430.09999999999,101430.09999999999,112640.04
1760143500000000000,0.0,101430.09999999999,101430.09999999999,112977.2
1760143800000000000,0.0,101430.09999999999,101430.09999999999,112774.01
1760144100000000000,0.0,101430.09999999999,101430.09999999999,112514.58
1760144400000000000,0.0,101430.09999999999,101430.09999999999,112222.73
1760144700000000000,0.0,101430.09999999999,101430.09999999999,112150.33
1760145000000000000,0.0,101430.09999999999,101430.09999999999,111951.37999999999
1760145300000000000,0.0,101430.09999999999,101430.09999999999,111607.07999999999
1760145600000000000,0.0,101430.09999999999,101430.09999999999,111308.81
1760145900000000000,0.0,101430.09999999999,101430.09999999999,111260.89
1760146200000000000,0.0,101430.09999999999,101430.09999999999,111674.64
1760146500000000000,0.0,101430.09999999999,101430.09999999999,111840.0
1760146800000000000,0.0,101430.09999999999,101430.09999999999,111245.34
1760147100000000000,0.0,101430.09999999999,101430.09999999999,111297.77
1760147400000000000,0.0,101430.09999999999,101430.09999999999,111161.0
1760147700000000000,0.0,101430.09999999999,101430.09999999999,111095.37
1760148000000000000,0.0,101430.09999999999,101430.09999999999,111569.31
1760148300000000000,0.0,101430.09999999999,101430.09999999999,111728.19
1760148600000000000,0.0,101430.09999999999,101430.09999999999,111949.01000000001
1760148900000000000,0.0,101430.09999999999,101430.09999999999,112007.29
1760149200000000000,0.0,101430.09999999999,101430.09999999999,112370.96
1760149500000000000,0.0,101430.09999999999,101430.09999999999,112180.24
1760149800000000000,0.0,101430.09999999999,101430.09999999999,112355.81
1760150100000000000,0.0,101430.09999999999,101430.09999999999,112607.13
1760150400000000000,0.0,101430.09999999999,101430.09999999999,113172.58
1760150700000000000,0.0,101430.09999999999,101430.09999999999,113251.69
1760151000000000000,0.0,101430.09999999999,101430.09999999999,113161.3
1760151300000000000,0.0,101430.09999999999,101430.09999999999,113196.48
1760151600000000000,0.0,101430.09999999999,101430.09999999999,112815.2
1760151900000000000,0.0,101430.09999999999,101430.09999999999,112339.06
1760152200000000000,0.0,101430.09999999999,101430.09999999999,112360.39
1760152500000000000,0.0,101430.09999999999,101430.09999999999,112205.89
1760152800000000000,0.0,101430.09999999999,101430.09999999999,112072.17
1760153100000000000,0.0,101430.09999999999,101430.09999999999,111880.26
1760153400000000000,0.0,101430.09999999999,101430.09999999999,112016.81999999999
1760153700000000000,0.0,101430.09999999999,101430.09999999999,111893.49
1760154000000000000,0.0,101430.09999999999,101430.09999999999,111880.48
1760154300000000000,0.0,101430.09999999999,101430.09999999999,112158.3
1760154600000000000,0.0,101430.09999999999,101430.09999999999,112079.90000000001
1760154900000000000,0.0,101430.09999999999,101430.09999999999,112300.01
1760155200000000000,0.0,101430.09999999999,101430.09999999999,112295.86
1760155500000000000,0.0,101430.09999999999,101430.09999999999,112222.34999999999
1760155800000000000,0.0,101430.09999999999,101430.09999999999,112436.59
1760156100000000000,0.0,101430.09999999999,101430.09999999999,112541.09000000001
1760156400000000000,0.0,101430.09999999999,101430.09999999999,112463.65000000001
1760156700000000000,0.0,101430.09999999999,101430.09999999999,112274.66
1760157000000000000,0.0,101430.09999999999,101430.09999999999,111951.8
1760157300000000000,0.0,101430.09999999999,101430.09999999999,111824.0
1760157600000000000,0.0,101430.09999999999,101430.09999999999,112110.48
1760157900000000000,0.0,101430.09999999999,101430.09999999999,112017.26000000001
1760158200000000000,0.0,101430.09999999999,101430.09999999999,112756.63
1760158500000000000,0.0,101430.09999999999,101430.09999999999,112945.79
1760158800000000000,0.0,101430.09999999999,101430.09999999999,112628.41
1760160300000000000,0.0,101430.09999999999,101430.09999999999,112016.36
1760162100000000000,0.0,101430.09999999999,101430.09999999999,112389.48
1760163900000000000,0.0,101430.09999999999,101430.09999999999,112676.56
1760165700000000000,0.0,101430.09999999999,101430.09999999999,112045.99
1760167500000000000,0.089616,101428.09999999999,101428.09999999999,110754.18
1760169300000000000,0.089616,101428.09999999999,101428.09999999999,110384.61
1760171100000000000,0.089616,101428.09999999999,101428.09999999999,110949.22
1760172900000000000,0.089616,101428.09999999999,101428.09999999999,111328.38
1760174700000000000,0.089616,101428.09999999999,101428.09999999999,111757.95
1760176500000000000,0.089616,101428.09999999999,101428.09999999999,111642.78
1760178300000000000,0.089616,101428.09999999999,101428.09999999999,112197.42
1760180100000000000,0.089616,101428.09999999999,101428.09999999999,112114.64
1760181900000000000,0.089616,101428.09999999999,101428.09999999999,112350.0
1760183700000000000,0.089616,101428.09999999999,101428.09999999999,112280.0
1760185500000000000,0.089616,101428.09999999999,101428.09999999999,112466.66
1760187300000000000,0.089616,101428.09999999999,101428.09999999999,112380.14
1760189100000000000,0.089616,101428.09999999999,101428.09999999999,112345.98000000001
1760190900000000000,0.089616,101428.09999999999,101428.09999999999,112267.86
1760192700000000000,0.089616,101428.09999999999,101428.09999999999,112039.41
1760194500000000000,0.089616,101428.09999999999,101428.09999999999,111991.97
1760196300000000000,0.089616,101428.09999999999,101428.09999999999,112204.90999999999
1760198100000000000,0.089616,101428.09999999999,101428.09999999999,111793.2
1760199900000000000,0.089616,101428.09999999999,101428.09999999999,111806.29000000001
1760201700000000000,0.089616,101428.09999999999,101428.09999999999,111846.18
1760203500000000000,0.089616,101428.09999999999,101428.09999999999,112122.69
1760205300000000000,0.089616,101428.09999999999,101428.09999999999,112005.57
1760207100000000000,0.089616,101428.09999999999,101428.09999999999,111894.49
1760208900000000000,0.089616,101428.09999999999,101428.09999999999,111955.27
1760210700000000000,0.089616,101428.09999999999,101428.09999999999,111391.54999999999
1760212500000000000,0.089616,101428.09999999999,101428.09999999999,111178.31
1760214300000000000,0.089616,101428.09999999999,101428.09999999999,110619.07999999999
1760216100000000000,0.089616,101428.09999999999,101428.09999999999,110244.98
1760217900000000000,0.048877,101384.85,101384.85,110802.96
1760219700000000000,0.048877,101384.85,101384.85,110893.54
1760221500000000000,0.048877,101384.85,101384.85,110928.87
1760223300000000000,0.048877,101384.85,101384.85,111043.27
1760225100000000000,0.048877,101384.85,101384.85,110949.88
1760226900000000000,0.048877,101384.85,101384.85,110644.4
1760228700000000000,0.048877,101384.85,101384.85,109924.92000000001
1760230500000000000,0.048877,101384.85,101384.85,109641.54
1760232300000000000,0.048877,101384.85,101384.85,109963.62999999999
1760234100000000000,0.048877,101384.85,101384.85,109978.56
1760235900000000000,0.048877,101384.85,101384.85,110447.44
1760237700000000000,0.048877,101384.85,101384.85,110119.02
1760239500000000000,0.048877,101384.85,101384.85,110960.34
1760241300000000000,0.048877,101384.85,101384.85,110676.0
1760243100000000000,0.048877,101384.85,101384.85,111131.37999999999
1760244900000000000,0.004007,101376.97,101376.97,111524.87
1760246700000000000,0.004007,101376.97,101376.97,111583.92
1760248500000000000,0.004007,101376.97,101376.97,111700.38
1760250300000000000,0.004007,101376.97,101376.97,111933.62
1760252100000000000,0.004007,101376.97,101376.97,111686.01
1760253900000000000,0.004007,101376.97,101376.97,111616.39
1760255700000000000,0.004007,101376.97,101376.97,111525.2
1760257500000000000,0.004007,101376.97,101376.97,111762.09
1760259300000000000,0.004007,101376.97,101376.97,111310.9
1760261100000000000,0.004007,101376.97,101376.97,111388.98999999999
1760262900000000000,0.004007,101376.97,101376.97,111837.04
1760264700000000000,0.004007,101376.97,101376.97,111613.99
1760266500000000000,0.004007,101376.97,101376.97,111651.64
1760268300000000000,0.004007,101376.97,101376.97,111740.0
1760270100000000000,0.004007,101376.97,101376.97,111848.36
1760271900000000000,0.004007,101376.97,101376.97,112004.64
1760273700000000000,0.004007,101376.97,101376.97,111789.6
1760275500000000000,0.004007,101376.97,101376.97,111677.06
1760277300000000000,0.048905,101375.97,101375.97,111297.52
1760279100000000000,0.048905,101375.97,101375.97,111481.26000000001
1760280900000000000,0.121038,101411.12,101411.12,112338.09999999999
1760282700000000000,0.121038,101411.12,101411.12,113169.49
1760284500000000000,0.121038,101411.12,101411.12,113198.20000000001
1760286300000000000,0.121038,101411.12,101411.12,113649.78
1760288100000000000,0.121038,101411.12,101411.12,114069.35
1760289900000000000,0.121038,101411.12,101411.12,114336.93000000001
1760291700000000000,0.121038,101411.12,101411.12,113799.99
1760293500000000000,0.121038,101411.12,101411.12,113894.18
1760295300000000000,0.121038,101411.12,101411.12,113878.93000000001
1760297100000000000,0.121038,101411.12,101411.12,114289.99
1760298900000000000,0.121038,101411.12,101411.12,114342.28
1760300700000000000,0.121038,101411.12,101411.12,115230.89
1760302500000000000,0.121038,101411.12,101411.12,114927.97
1760304300000000000,0.121038,101411.12,101411.12,114953.14
1760306100000000000,0.121038,101411.12,101411.12,114882.06
1760307900000000000,0.121038,101411.12,101411.12,115233.74
1760309700000000000,0.121038,101411.12,101411.12,115221.40000000001
1760311500000000000,0.121038,101411.12,101411.12,115245.25
1760313300000000000,0.121038,101411.12,101411.12,114958.8
1760315100000000000,0.121038,101411.12,101411.12,115218.63
1760316900000000000,0.121038,101411.12,101411.12,115280.84
1760318700000000000,0.121038,101411.12,101411.12,115602.0
1760320500000000000,0.121038,101411.12,101411.12,115713.31999999999
1760322300000000000,0.121038,101411.12,101411.12,115210.69
1760324100000000000,0.121038,101411.12,101411.12,115319.97
1760325900000000000,0.121038,101411.12,101411.12,115157.11
1760327700000000000,0.121038,101411.12,101411.12,114821.12
1760329500000000000,0.121038,101411.12,101411.12,114651.45999999999
1760331300000000000,0.121038,101411.12,101411.12,114708.15000000001
1760333100000000000,0.121038,101411.12,101411.12,114713.83
1760334900000000000,0.121038,101411.12,101411.12,114611.82
1760336700000000000,0.121038,101411.12,101411.12,115099.99
1760338500000000000,0.164422,101410.12,101410.12,115221.22
1760340300000000000,0.164422,101410.12,101410.12,115493.79999999999
1760342100000000000,0.164422,101410.12,101410.12,115399.67
1760343900000000000,0.164422,101410.12,101410.12,115290.7
1760345700000000000,0.164422,101410.12,101410.12,115254.23
1760347500000000000,0.164422,101410.12,101410.12,114950.0
1760349300000000000,0.164422,101410.12,101410.12,115127.04
1760351100000000000,0.164422,101410.12,101410.12,114884.69
1760352900000000000,0.164422,101410.12,101410.12,114810.62000000001
1760354700000000000,0.076818,101323.90000000001,101323.90000000001,113643.33
1760356500000000000,0.076818,101323.90000000001,101323.90000000001,114180.0
1760358300000000000,0.076818,101323.90000000001,101323.90000000001,114353.92
1760360100000000000,0.076818,101323.90000000001,101323.90000000001,114412.26
1760361900000000000,0.076818,101323.90000000001,101323.90000000001,114345.7
1760363700000000000,0.076818,101323.90000000001,101323.90000000001,115345.79
1760365500000000000,0.076818,101323.90000000001,101323.90000000001,114318.48
1760367300000000000,0.076818,101323.90000000001,101323.90000000001,114036.63
1760369100000000000,0.076818,101323.90000000001,101323.90000000001,114259.37
1760370900000000000,0.076818,101323.90000000001,101323.90000000001,114312.09999999999
1760372700000000000,0.076818,101323.90000000001,101323.90000000001,114457.27
1760374500000000000,0.076818,101323.90000000001,101323.90000000001,114669.24
1760376300000000000,0.076818,101323.90000000001,101323.90000000001,114546.0
1760378100000000000,0.076818,101323.90000000001,101323.90000000001,115040.55
1760379900000000000,0.076818,101323.90000000001,101323.90000000001,115258.4
1760381700000000000,0.076818,101323.90000000001,101323.90000000001,115160.63
1760383500000000000,0.076818,101323.90000000001,101323.90000000001,115602.3
1760385300000000000,0.1452,101322.32,101322.32,115792.84
1760387100000000000,0.1452,101322.32,101322.32,115493.17
1760388900000000000,0.1452,101322.32,101322.32,115713.37
1760390700000000000,0.1452,101322.32,101322.32,115632.34999999999
1760392500000000000,0.1452,101322.32,101322.32,115700.0
1760394300000000000,0.1452,101322.32,101322.32,115583.04
1760396100000000000,0.1452,101322.32,101322.32,115507.19
1760397900000000000,0.1452,101322.32,101322.32,115388.11
1760399700000000000,0.10182,101284.78,101284.78,115166.0
1760401500000000000,0.10182,101284.78,101284.78,115209.22
1760403300000000000,0.058299,101263.36,101263.36,114959.03
1760405100000000000,0.058299,101263.36,101263.36,114565.06999999999
1760406900000000000,0.058299,101263.36,101263.36,114274.56999999999
1760408700000000000,0.058299,101263.36,101263.36,114013.98000000001
1760410500000000000,0.058299,101263.36,101263.36,113647.05
1760412300000000000,0.058299,101263.36,101263.36,113329.53
1760414100000000000,0.058299,101263.36,101263.36,113500.0
1760415900000000000,0.058299,101263.36,101263.36,113495.90000000001
1760417700000000000,0.058299,101263.36,101263.36,113062.09
1760419500000000000,0.058299,101263.36,101263.36,113031.91
1760421300000000000,0.058299,101263.36,101263.36,112493.11
1760423100000000000,0.058299,101263.36,101263.36,112282.32
1760424900000000000,0.058299,101263.36,101263.36,111987.37999999999
1760426700000000000,0.058299,101263.36,101263.36,112079.14
1760428500000000000,0.058299,101263.36,101263.36,111724.41
1760430300000000000,0.058299,101263.36,101263.36,111973.1
1760432100000000000,0.058299,101263.36,101263.36,111803.33
1760433900000000000,0.058299,101263.36,101263.36,111767.91
1760435700000000000,0.058299,101263.36,101263.36,111287.89
1760437500000000000,0.058299,101263.36,101263.36,110378.14
1760439300000000000,0.058299,101263.36,101263.36,110623.58
1760441100000000000,0.058299,101263.36,101263.36,111480.83
1760442900000000000,0.058299,101263.36,101263.36,111313.98000000001
1760444700000000000,0.058299,101263.36,101263.36,111248.90999999999
1760446500000000000,0.058299,101263.36,101263.36,110803.28
1760448300000000000,0.058299,101263.36,101263.36,110753.65000000001
1760450100000000000,0.102747,101455.4,101455.4,111014.38
1760451900000000000,0.192129,101453.40000000001,101453.40000000001,111818.85
1760453700000000000,0.192129,101453.40000000001,101453.40000000001,111435.20999999999
1760455500000000000,0.192129,101453.40000000001,101453.40000000001,111507.29
1760457300000000000,0.192129,101453.40000000001,101453.40000000001,112900.43
1760459100000000000,0.192129,101453.40000000001,101453.40000000001,112732.8
1760460900000000000,0.192129,101453.40000000001,101453.40000000001,112328.83
1760462700000000000,0.192129,101453.40000000001,101453.40000000001,112780.71
1760464500000000000,0.192129,101453.40000000001,101453.40000000001,112774.97
1760466300000000000,0.192129,101453.40000000001,101453.40000000001,113153.72
1760468100000000000,0.192129,101453.40000000001,101453.40000000001,112861.36
1760469900000000000,0.192129,101453.40000000001,101453.40000000001,113371.33
1760471700000000000,0.192129,101453.40000000001,101453.40000000001,112613.7
1760473500000000000,0.192129,101453.40000000001,101453.40000000001,112810.01
1760475300000000000,0.192129,101453.40000000001,101453.40000000001,112992.87
1760477100000000000,0.192129,101453.40000000001,101453.40000000001,112981.35
1760478900000000000,0.192129,101453.40000000001,101453.40000000001,113128.7
1760480700000000000,0.192129,101453.40000000001,101453.40000000001,113184.64
1760482500000000000,0.192129,101453.40000000001,101453.40000000001,113211.87
1760484300000000000,0.192129,101453.40000000001,101453.40000000001,113426.01
1760486100000000000,0.192129,101453.40000000001,101453.40000000001,113028.14
1760487900000000000,0.192129,101453.40000000001,101453.40000000001,112827.59
1760489700000000000,0.192129,101453.40000000001,101453.40000000001,112993.86
1760491500000000000,0.192129,101453.40000000001,101453.40000000001,112482.06
1760493300000000000,0.192129,101453.40000000001,101453.40000000001,112738.17
1760495100000000000,0.192129,101453.40000000001,101453.40000000001,113568.96
1760496900000000000,0.192129,101453.40000000001,101453.40000000001,112809.94
1760498700000000000,0.192129,101453.40000000001,101453.40000000001,112260.0
1760500500000000000,0.192129,101453.40000000001,101453.40000000001,112024.29000000001
1760502300000000000,0.192129,101453.40000000001,101453.40000000001,112180.14
1760504100000000000,0.192129,101453.40000000001,101453.40000000001,112344.81
1760505900000000000,0.192129,101453.40000000001,101453.40000000001,112309.89
1760507700000000000,0.192129,101453.40000000001,101453.40000000001,112431.95
1760509500000000000,0.147483,101442.79000000001,101442.79000000001,111944.0
1760511300000000000,0.147483,101442.79000000001,101442.79000000001,112460.47
1760513100000000000,0.147483,101442.79000000001,101442.79000000001,112349.24
1760514900000000000,0.147483,101442.79000000001,101442.79000000001,112584.5
1760516700000000000,0.236073,101440.79000000001,101440.79000000001,113124.97
1760518500000000000,0.324317,101438.79000000001,101438.79000000001,112944.85
1760520300000000000,0.324317,101438.79000000001,101438.79000000001,112600.0
1760522100000000000,0.324317,101438.79000000001,101438.79000000001,112564.01
1760523900000000000,0.324317,101438.79000000001,101438.79000000001,112397.99
1760525700000000000,0.324317,101438.79000000001,101438.79000000001,112266.71
1760527500000000000,0.324317,101438.79000000001,101438.79000000001,112049.37
1760529300000000000,0.324317,101438.79000000001,101438.79000000001,111905.73000000001
1760531100000000000,0.189845,101563.59,101563.59,111469.76
1760532900000000000,0.189845,101563.59,101563.59,111711.25
1760534700000000000,0.189845,101563.59,101563.59,111431.54999999999
1760536500000000000,0.189845,101563.59,101563.59,111389.0
1760538300000000000,0.189845,101563.59,101563.59,111918.76
1760540100000000000,0.189845,101563.59,101563.59,111059.76
1760541900000000000,0.189845,101563.59,101563.59,111188.48
1760543700000000000,0.189845,101563.59,101563.59,110798.01
1760545500000000000,0.189845,101563.59,101563.59,110971.33
1760547300000000000,0.189845,101563.59,101563.59,110748.0
1760549100000000000,0.189845,101563.59,101563.59,110404.11
1760550900000000000,0.189845,101563.59,101563.59,111186.78
1760552700000000000,0.189845,101563.59,101563.59,111213.70999999999
1760554500000000000,0.189845,101563.59,101563.59,111444.76000000001
1760556300000000000,0.189845,101563.59,101563.59,111496.01999999999
1760558100000000000,0.189845,101563.59,101563.59,111271.73000000001
1760559900000000000,0.189845,101563.59,101563.59,111060.54000000001
1760561700000000000,0.189845,101563.59,101563.59,111109.76
1760563500000000000,0.189845,101563.59,101563.59,110976.22
1760565300000000000,0.189845,101563.59,101563.59,110854.19
1760567100000000000,0.189845,101563.59,101563.59,111167.75
1760568900000000000,0.189845,101563.59,101563.59,110667.97
1760570700000000000,0.189845,101563.59,101563.59,110880.0
1760572500000000000,0.189845,101563.59,101563.59,110763.28
1760574300000000000,0.189845,101563.59,101563.59,110784.75
1760576100000000000,0.189845,101563.59,101563.59,110431.27
1760577900000000000,0.189845,101563.59,101563.59,110893.3
1760579700000000000,0.189845,101563.59,101563.59,111299.99
1760581500000000000,0.234689,101562.59,101562.59,111400.0
1760583300000000000,0.234689,101562.59,101562.59,111510.43
1760585100000000000,0.234689,101562.59,101562.59,111730.04000000001
1760586900000000000,0.234689,101562.59,101562.59,111329.48
1760588700000000000,0.234689,101562.59,101562.59,111550.56999999999
1760590500000000000,0.234689,101562.59,101562.59,110966.03
1760592300000000000,0.234689,101562.59,101562.59,111054.72
1760594100000000000,0.234689,101562.59,101562.59,110951.14
1760595900000000000,0.234689,101562.59,101562.59,111316.46
1760597700000000000,0.234689,101562.59,101562.59,111666.83
1760599500000000000,0.234689,101562.59,101562.59,110771.28
1760601300000000000,0.234689,101562.59,101562.59,110584.2
1760603100000000000,0.234689,101562.59,101562.59,110551.89
1760604900000000000,0.234689,101562.59,101562.59,110817.5
1760606700000000000,0.234689,101562.59,101562.59,110680.09999999999
1760608500000000000,0.143907,101755.99,101755.99,111146.31
1760610300000000000,0.143907,101755.99,101755.99,111353.56000000001
1760612100000000000,0.143907,101755.99,101755.99,111469.62999999999
1760613900000000000,0.143907,101755.99,101755.99,111112.14
1760615700000000000,0.143907,101755.99,101755.99,111404.72
1760617500000000000,0.143907,101755.99,101755.99,111419.94
1760619300000000000,0.143907,101755.99,101755.99,111519.06999999999
1760621100000000000,0.143907,101755.99,101755.99,111141.36
1760622900000000000,0.098758,101825.54999999999,101825.54999999999,110860.0
1760624700000000000,0.068447,101887.31,101887.31,110343.41
1760626500000000000,0.068447,101887.31,101887.31,110529.34
1760628300000000000,0.068447,101887.31,101887.31,110044.97
1760630100000000000,0.068447,101887.31,101887.31,108549.20999999999
1760631900000000000,0.068447,101887.31,101887.31,108133.98000000001
1760633700000000000,0.068447,101887.31,101887.31,109232.43
1760635500000000000,0.068447,101887.31,101887.31,108817.74
1760637300000000000,0.068447,101887.31,101887.31,108276.7
1760639100000000000,0.068447,101887.31,101887.31,107865.79
1760640900000000000,0.068447,101887.31,101887.31,108656.19
1760642700000000000,0.068447,101887.31,101887.31,107925.43000000001
1760644500000000000,0.068447,101887.31,101887.31,108197.66
1760646300000000000,0.068447,101887.31,101887.31,107973.06
1760648100000000000,0.068447,101887.31,101887.31,107838.01
1760649900000000000,0.068447,101887.31,101887.31,108107.99
1760651700000000000,0.068447,101887.31,101887.31,108443.7
1760653500000000000,0.068447,101887.31,101887.31,107970.39
1760655300000000000,0.068447,101887.31,101887.31,107798.85
1760657100000000000,0.068447,101887.31,101887.31,108313.68
1760658900000000000,0.068447,101887.31,101887.31,108194.28
1760660700000000000,0.068447,101887.31,101887.31,108499.99
1760662500000000000,0.068447,101887.31,101887.31,108800.0
1760664300000000000,0.068447,101887.31,101887.31,108824.04
1760666100000000000,0.068447,101887.31,101887.31,108839.84
1760667900000000000,0.068447,101887.31,101887.31,108425.56000000001
1760669700000000000,0.068447,101887.31,101887.31,108972.97
1760671500000000000,0.068447,101887.31,101887.31,109037.76
1760673300000000000,0.068447,101887.31,101887.31,109176.73999999999
1760675100000000000,0.068447,101887.31,101887.31,108966.34999999999
1760676900000000000,0.068447,101887.31,101887.31,108787.26000000001
1760678700000000000,0.068447,101887.31,101887.31,108832.09999999999
1760680500000000000,0.022384,102059.49,102059.49,108381.76
1760682300000000000,0.023805,102149.3,102149.3,107820.01999999999
1760684100000000000,0.023805,102149.3,102149.3,106741.28
1760685900000000000,0.023805,102149.3,102149.3,106297.6
1760687700000000000,0.023805,102149.3,102149.3,105633.75
1760689500000000000,0.023805,102149.3,102149.3,105173.59
1760691300000000000,0.023805,102149.3,102149.3,104884.38
1760693100000000000,0.023805,102149.3,102149.3,105103.87999999999
1760694900000000000,0.023805,102149.3,102149.3,104531.35
1760696700000000000,0.023805,102149.3,102149.3,104014.59999999999
1760697300000000000,0.023805,102149.3,102149.3,104392.68
1760697600000000000,0.023805,102149.3,102149.3,104410.43
1760697900000000000,0.0,102058.21,102058.21,104665.33
1760698200000000000,0.0,102058.21,102058.21,104791.19
1760698500000000000,0.0,102058.21,102058.21,104751.99
1760698800000000000,0.0,102058.21,102058.21,104936.01
1760699100000000000,0.0,102058.21,102058.21,104934.0
1760699400000000000,0.0,102058.21,102058.21,105816.0
1760699700000000000,0.0,102058.21,102058.21,106108.92000000001
1760700000000000000,0.0,102058.21,102058.21,106150.0
1760700300000000000,0.0,102058.21,102058.21,106257.17
1760700600000000000,0.0,102058.21,102058.21,106266.25
1760700900000000000,0.0,102058.21,102058.21,105891.94
1760701200000000000,0.0,102058.21,102058.21,105868.09999999999
1760701500000000000,0.0,102058.21,102058.21,105938.42
1760701800000000000,0.0,102058.21,102058.21,105691.56
1760702100000000000,0.0,102058.21,102058.21,105683.71999999999
1760702400000000000,0.0,102058.21,102058.21,105779.25
1760702700000000000,0.0,102058.21,102058.21,106003.51
1760703000000000000,0.0,102058.21,102058.21,105743.37
1760703300000000000,0.0,102058.21,102058.21,105800.04
1760703600000000000,0.0,102058.21,102058.21,105804.43
1760703900000000000,0.0,102058.21,102058.21,105600.73999999999
1760704200000000000,0.0,102058.21,102058.21,105473.35
1760704500000000000,0.0,102058.21,102058.21,105671.77
1760704800000000000,0.0,102058.21,102058.21,105637.74
1760705100000000000,0.0,102058.21,102058.21,105510.01
1760705400000000000,0.0,102058.21,102058.21,105435.64
1760705700000000000,0.0,102058.21,102058.21,105350.4
1760706000000000000,0.0,102058.21,102058.21,105390.56999999999
1760706300000000000,0.0,102058.21,102058.21,105326.34
1760706600000000000,0.0,102058.21,102058.21,104916.81999999999
1760706900000000000,0.0,102058.21,102058.21,105342.26
1760707200000000000,0.0,102058.21,102058.21,105591.98000000001
1760707500000000000,0.0,102058.21,102058.21,105505.06
1760707800000000000,0.0,102058.21,102058.21,105880.53
1760708100000000000,0.0,102058.21,102058.21,105780.01
1760708400000000000,0.0,102058.21,102058.21,105326.67
1760708700000000000,0.0,102058.21,102058.21,105420.97
1760709000000000000,0.0,102058.21,102058.21,105934.89
1760709300000000000,0.0,102058.21,102058.21,105835.62999999999
1760709600000000000,0.0,102058.21,102058.21,105574.0
1760711100000000000,0.0,102058.21,102058.21,105066.20000000001
1760712900000000000,0.0,102058.21,102058.21,105163.42
1760714700000000000,0.0,102058.21,102058.21,106091.31
1760716500000000000,0.047037,102057.20999999999,102057.20999999999,106803.53
1760718300000000000,0.088282,102056.32,102056.32,106792.6
1760720100000000000,0.088282,102056.32,102056.32,106372.34
1760721900000000000,0.088282,102056.32,102056.32,106218.58
1760723700000000000,0.088282,102056.32,102056.32,106453.27
1760725500000000000,0.088282,102056.32,102056.32,106888.93000000001
1760727300000000000,0.088282,102056.32,102056.32,106647.11
1760729100000000000,0.088282,102056.32,102056.32,106596.79000000001
1760730900000000000,0.088282,102056.32,102056.32,106454.72
1760732700000000000,0.088282,102056.32,102056.32,107027.92
1760734500000000000,0.088282,102056.32,102056.32,107021.37
1760736300000000000,0.088282,102056.32,102056.32,107419.99
1760738100000000000,0.088282,102056.32,102056.32,107301.40000000001
1760739900000000000,0.088282,102056.32,102056.32,107140.34
1760741700000000000,0.088282,102056.32,102056.32,107000.09999999999
1760743500000000000,0.088282,102056.32,102056.32,106593.97
1760745300000000000,0.088282,102056.32,102056.32,106431.68
1760747100000000000,0.088282,102056.32,102056.32,106744.04
1760748900000000000,0.088282,102056.32,102056.32,106845.52
1760750700000000000,0.088282,102056.32,102056.32,107283.61
1760752500000000000,0.088282,102056.32,102056.32,107149.3
1760754300000000000,0.088282,102056.32,102056.32,106996.76000000001
1760756100000000000,0.088282,102056.32,102056.32,106597.98000000001
1760757900000000000,0.088282,102056.32,102056.32,106950.52
1760759700000000000,0.088282,102056.32,102056.32,107070.4
1760761500000000000,0.088282,102056.32,102056.32,106660.49
1760763300000000000,0.088282,102056.32,102056.32,106478.71
1760765100000000000,0.088282,102056.32,102056.32,106592.11
1760766900000000000,0.088282,102056.32,102056.32,106812.51999999999
1760768700000000000,0.088282,102056.32,102056.32,106856.05
1760770500000000000,0.088282,102056.32,102056.32,106839.96
1760772300000000000,0.181489,102054.32,102054.32,107082.15000000001
1760774100000000000,0.040924,102099.77,102099.77,106665.0
1760775900000000000,0.040924,102099.77,102099.77,106698.71
1760777700000000000,0.040924,102099.77,102099.77,106719.2
1760779500000000000,0.040924,102099.77,102099.77,106850.20000000001
1760781300000000000,0.040924,102099.77,102099.77,106884.41
1760783100000000000,0.040924,102099.77,102099.77,106974.22
1760784900000000000,0.040924,102099.77,102099.77,106924.47
1760786700000000000,0.040924,102099.77,102099.77,106891.70999999999
1760788500000000000,0.040924,102099.77,102099.77,107208.6
1760790300000000000,0.040924,102099.77,102099.77,107115.99
1760792100000000000,0.040924,102099.77,102099.77,107065.17
1760793900000000000,0.040924,102099.77,102099.77,107004.12000000001
1760795700000000000,0.040924,102099.77,102099.77,106888.78
1760797500000000000,0.040924,102099.77,102099.77,106908.04
1760799300000000000,0.040924,102099.77,102099.77,107028.36
1760801100000000000,0.040924,102099.77,102099.77,106972.51999999999
1760802900000000000,0.040924,102099.77,102099.77,106948.75
1760804700000000000,0.040924,102099.77,102099.77,106815.68
1760806500000000000,0.040924,102099.77,102099.77,106664.01
1760808300000000000,0.040924,102099.77,102099.77,106934.21
1760810100000000000,0.040924,102099.77,102099.77,106880.03
1760811900000000000,0.040924,102099.77,102099.77,106802.0
1760813700000000000,0.040924,102099.77,102099.77,106843.75
1760815500000000000,0.040924,102099.77,102099.77,106984.34
1760817300000000000,0.040924,102099.77,102099.77,107080.14
1760819100000000000,0.040924,102099.77,102099.77,107235.4
1760820900000000000,0.040924,102099.77,102099.77,107018.51
1760822700000000000,0.040924,102099.77,102099.77,107101.98000000001
1760824500000000000,0.040924,102099.77,102099.77,107177.05
1760826300000000000,0.040924,102099.77,102099.77,107237.90000000001
1760828100000000000,0.040924,102099.77,102099.77,107125.87
1760829900000000000,0.040924,102099.77,102099.77,107054.97
1760831700000000000,0.040924,102099.77,102099.77,107185.01000000001
1760833500000000000,0.040924,102099.77,102099.77,107088.34999999999
1760835300000000000,0.052639,102100.53,102100.53,106898.03
1760837100000000000,0.052639,102100.53,102100.53,106949.99
1760838900000000000,0.052639,102100.53,102100.53,106973.26000000001
1760840700000000000,0.052639,102100.53,102100.53,106888.97
1760842500000000000,0.052639,102100.53,102100.53,106847.02
1760844300000000000,0.052639,102100.53,102100.53,107137.81
1760846100000000000,0.052639,102100.53,102100.53,107275.78
1760847900000000000,0.052639,102100.53,102100.53,107069.75
1760849700000000000,0.052639,102100.53,102100.53,107046.9
1760851500000000000,0.052639,102100.53,102100.53,106972.90999999999
1760853300000000000,0.052639,102100.53,102100.53,106888.59
1760855100000000000,0.052639,102100.53,102100.53,106799.0
1760856900000000000,0.052639,102100.53,102100.53,106777.75
1760858700000000000,0.052639,102100.53,102100.53,106842.63
1760860500000000000,0.052639,102100.53,102100.53,106786.0
1760862300000000000,0.052639,102100.53,102100.53,106706.09999999999
1760864100000000000,0.052639,102100.53,102100.53,106443.95
1760865900000000000,0.052639,102100.53,102100.53,106153.3
1760867700000000000,0.226349,102127.62999999999,102127.62999999999,107401.47
1760869500000000000,0.226349,102127.62999999999,102127.62999999999,107800.43
1760871300000000000,0.226349,102127.62999999999,102127.62999999999,107882.71
1760873100000000000,0.226349,102127.62999999999,102127.62999999999,107838.01999999999
1760874900000000000,0.226349,102127.62999999999,102127.62999999999,107783.47
1760876700000000000,0.226349,102127.62999999999,102127.62999999999,107493.5
1760878500000000000,0.226349,102127.62999999999,102127.62999999999,107631.43000000001
1760880300000000000,0.226349,102127.62999999999,102127.62999999999,107495.97
1760882100000000000,0.226349,102127.62999999999,102127.62999999999,108096.34
1760883900000000000,0.226349,102127.62999999999,102127.62999999999,108396.56999999999
1760885700000000000,0.226349,102127.62999999999,102127.62999999999,108405.47
1760887500000000000,0.226349,102127.62999999999,102127.62999999999,108472.72
1760889300000000000,0.226349,102127.62999999999,102127.62999999999,108486.7
1760891100000000000,0.226349,102127.62999999999,102127.62999999999,108346.07
1760892900000000000,0.226349,102127.62999999999,102127.62999999999,108624.19
1760894700000000000,0.226349,102127.62999999999,102127.62999999999,109056.56999999999
1760896500000000000,0.226349,102127.62999999999,102127.62999999999,109113.52
1760898300000000000,0.226349,102127.62999999999,102127.62999999999,109216.07
1760900100000000000,0.226349,102127.62999999999,102127.62999999999,109383.01000000001
1760901900000000000,0.226349,102127.62999999999,102127.62999999999,109138.25
1760903700000000000,0.226349,102127.62999999999,102127.62999999999,108908.43
1760905500000000000,0.226349,102127.62999999999,102127.62999999999,108921.17
1760907300000000000,0.226349,102127.62999999999,102127.62999999999,108845.06
1760909100000000000,0.226349,102127.62999999999,102127.62999999999,108620.01
1760910900000000000,0.226349,102127.62999999999,102127.62999999999,108744.81999999999
1760912700000000000,0.226349,102127.62999999999,102127.62999999999,109182.75
1760914500000000000,0.226349,102127.62999999999,102127.62999999999,109146.8
1760916300000000000,0.226349,102127.62999999999,102127.62999999999,108772.24
1760918100000000000,0.226349,102127.62999999999,102127.62999999999,108642.78
1760919900000000000,0.17986,102126.84000000001,102126.84000000001,107654.20000000001
1760921700000000000,0.17986,102126.84000000001,102126.84000000001,108047.45999999999
1760923500000000000,0.17986,102126.84000000001,102126.84000000001,108113.70999999999
1760925300000000000,0.17986,102126.84000000001,102126.84000000001,108053.58
1760927100000000000,0.17986,102126.84000000001,102126.84000000001,108441.58
1760928900000000000,0.17986,102126.84000000001,102126.84000000001,108767.02
1760930700000000000,0.17986,102126.84000000001,102126.84000000001,108771.67
1760932500000000000,0.17986,102126.84000000001,102126.84000000001,110145.44
1760934300000000000,0.17986,102126.84000000001,102126.84000000001,110062.11
1760936100000000000,0.17986,102126.84000000001,102126.84000000001,110422.09999999999
1760937900000000000,0.17986,102126.84000000001,102126.84000000001,110571.09000000001
1760939700000000000,0.17986,102126.84000000001,102126.84000000001,111033.79
1760941500000000000,0.17986,102126.84000000001,102126.84000000001,111054.89
1760943300000000000,0.17986,102126.84000000001,102126.84000000001,111298.55
1760945100000000000,0.17986,102126.84000000001,102126.84000000001,111362.03
1760946900000000000,0.17986,102126.84000000001,102126.84000000001,111169.92
1760948700000000000,0.17986,102126.84000000001,102126.84000000001,111258.46
1760950500000000000,0.224648,102125.84,102125.84,111097.15
1760952300000000000,0.224648,102125.84,102125.84,110800.48
1760954100000000000,0.224648,102125.84,102125.84,110964.13
1760955900000000000,0.224648,102125.84,102125.84,111020.28000000001
1760957700000000000,0.134262,101919.02,101919.02,110731.78
1760959500000000000,0.134262,101919.02,101919.02,110810.88
1760961300000000000,0.134262,101919.02,101919.02,111016.75
1760963100000000000,0.134262,101919.02,101919.02,111063.1
1760964900000000000,0.134262,101919.02,101919.02,110843.81
1760966700000000000,0.134262,101919.02,101919.02,110744.58
1760968500000000000,0.134262,101919.02,101919.02,111161.35
1760970300000000000,0.134262,101919.02,101919.02,111275.05
1760972100000000000,0.134262,101919.02,101919.02,111210.86
1760973900000000000,0.134262,101919.02,101919.02,111294.34
1760975700000000000,0.134262,101919.02,101919.02,111144.55
1760977500000000000,0.134262,101919.02,101919.02,110981.0
1760979300000000000,0.043466,101756.7,101756.7,110683.19
1760981100000000000,0.043466,101756.7,101756.7,110368.51
1760982900000000000,0.043466,101756.7,101756.7,110282.76
1760984700000000000,0.043466,101756.7,101756.7,110660.21
1760986500000000000,0.043466,101756.7,101756.7,110937.92
1760988300000000000,0.043466,101756.7,101756.7,110810.64
1760990100000000000,0.043466,101756.7,101756.7,110803.22
1760991900000000000,0.043466,101756.7,101756.7,111038.47
1760993700000000000,0.043466,101756.7,101756.7,111091.45999999999
1760995500000000000,0.043466,101756.7,101756.7,110887.15
1760997300000000000,0.043466,101756.7,101756.7,110563.2
1760999100000000000,0.043466,101756.7,101756.7,110668.34999999999
1761000900000000000,0.043466,101756.7,101756.7,110794.08
1761002700000000000,0.043466,101756.7,101756.7,110759.90000000001
1761004500000000000,0.043466,101756.7,101756.7,110532.09
1761006300000000000,0.001884,101673.82,101673.82,110331.47
1761008100000000000,0.001884,101673.82,101673.82,110446.69
1761009900000000000,0.001884,101673.82,101673.82,110279.34
1761011700000000000,0.047375,101672.81999999999,101672.81999999999,109863.19
1761013500000000000,0.047375,101672.81999999999,101672.81999999999,109479.99
1761015300000000000,0.047375,101672.81999999999,101672.81999999999,109514.92
1761017100000000000,0.047375,101672.81999999999,101672.81999999999,109452.94
1761018900000000000,0.047375,101672.81999999999,101672.81999999999,109059.22
1761020700000000000,0.047375,101672.81999999999,101672.81999999999,108234.68000000001
1761022500000000000,0.047375,101672.81999999999,101672.81999999999,107779.7
1761024300000000000,0.047375,101672.81999999999,101672.81999999999,107887.7
1761026100000000000,0.047375,101672.81999999999,101672.81999999999,107537.12
1761027900000000000,0.047375,101672.81999999999,101672.81999999999,107981.74
1761029700000000000,0.047375,101672.81999999999,101672.81999999999,107909.79
1761031500000000000,0.047375,101672.81999999999,101672.81999999999,108038.01
1761033300000000000,0.047375,101672.81999999999,101672.81999999999,108086.37000000001
1761035100000000000,0.047375,101672.81999999999,101672.81999999999,107842.63
1761036900000000000,0.047375,101672.81999999999,101672.81999999999,107695.79
1761038700000000000,0.047375,101672.81999999999,101672.81999999999,107780.69
1761040500000000000,0.047375,101672.81999999999,101672.81999999999,107754.26999999999
1761042300000000000,0.047375,101672.81999999999,101672.81999999999,107629.86
1761044100000000000,0.047375,101672.81999999999,101672.81999999999,108499.56
1761045900000000000,0.047375,101672.81999999999,101672.81999999999,108342.66
1761047700000000000,0.047375,101672.81999999999,101672.81999999999,108580.01
1761049500000000000,0.047375,101672.81999999999,101672.81999999999,109126.01999999999
1761051300000000000,0.047375,101672.81999999999,101672.81999999999,108793.40000000001
1761053100000000000,0.047375,101672.81999999999,101672.81999999999,108722.8
1761054900000000000,0.047375,101672.81999999999,101672.81999999999,108426.98
1761056700000000000,0.013185,101680.05,101680.05,109679.8
1761058500000000000,0.031804,101695.02,101695.02,112170.52
1761060300000000000,0.031804,101695.02,101695.02,112979.18000000001
1761062100000000000,0.031804,101695.02,101695.02,113422.61
1761062700000000000,0.031804,101695.02,101695.02,113196.41
1761063000000000000,0.031804,101695.02,101695.02,113534.64
1761063300000000000,0.031804,101695.02,101695.02,113746.19
1761063600000000000,0.031804,101695.02,101695.02,113693.48
1761063900000000000,0.031804,101695.02,101695.02,113677.99
1761064200000000000,0.031804,101695.02,101695.02,113762.0
1761064500000000000,0.031804,101695.02,101695.02,113713.08
1761064800000000000,0.031804,101695.02,101695.02,113444.47
1761065100000000000,0.031804,101695.02,101695.02,113469.37
1761065400000000000,0.0,101630.62000000001,101630.62000000001,113096.97
1761065700000000000,0.0,101630.62000000001,101630.62000000001,112565.88
1761066000000000000,0.0,101630.62000000001,101630.62000000001,112572.98999999999
1761066300000000000,0.0,101630.62000000001,101630.62000000001,112858.24
1761066600000000000,0.0,101630.62000000001,101630.62000000001,112729.19
1761066900000000000,0.0,101630.62000000001,101630.62000000001,111915.76
1761067200000000000,0.0,101630.62000000001,101630.62000000001,111996.43
1761067500000000000,0.0,101630.62000000001,101630.62000000001,112386.83
1761067800000000000,0.0,101630.62000000001,101630.62000000001,112414.0
1761068100000000000,0.0,101630.62000000001,101630.62000000001,112375.13
1761068400000000000,0.0,101630.62000000001,101630.62000000001,112474.81
1761068700000000000,0.0,101630.62000000001,101630.62000000001,112326.77
1761069000000000000,0.0,101630.62000000001,101630.62000000001,112047.32
1761069300000000000,0.0,101630.62000000001,101630.62000000001,111973.42
1761069600000000000,0.0,101630.62000000001,101630.62000000001,112200.90999999999
1761069900000000000,0.0,101630.62000000001,101630.62000000001,112147.36
1761070200000000000,0.0,101630.62000000001,101630.62000000001,111877.19
1761070500000000000,0.0,101630.62000000001,101630.62000000001,111856.29000000001
1761070800000000000,0.0,101630.62000000001,101630.62000000001,112030.49
1761071100000000000,0.0,101630.62000000001,101630.62000000001,111835.51
1761071400000000000,0.0,101630.62000000001,101630.62000000001,111860.85
1761071700000000000,0.0,101630.62000000001,101630.62000000001,111608.19
1761072000000000000,0.0,101630.62000000001,101630.62000000001,111652.38
1761072300000000000,0.0,101630.62000000001,101630.62000000001,112007.86
1761072600000000000,0.0,101630.62000000001,101630.62000000001,111871.59
1761072900000000000,0.0,101630.62000000001,101630.62000000001,111990.55
1761073200000000000,0.0,101630.62000000001,101630.62000000001,112053.45
1761073500000000000,0.0,101630.62000000001,101630.62000000001,112072.21
1761073800000000000,0.0,101630.62000000001,101630.62000000001,112165.3
1761074100000000000,0.0,101630.62000000001,101630.62000000001,112105.05
1761074400000000000,0.0,101630.62000000001,101630.62000000001,111651.22
1761074700000000000,0.0,101630.62000000001,101630.62000000001,111721.95999999999
1761075000000000000,0.0,101630.62000000001,101630.62000000001,111684.03
1761075300000000000,0.0,101630.62000000001,101630.62000000001,111737.56000000001
1761075600000000000,0.0,101630.62000000001,101630.62000000001,111816.51
1761075900000000000,0.0,101630.62000000001,101630.62000000001,111920.0
1761076200000000000,0.0,101630.62000000001,101630.62000000001,111975.59
1761076500000000000,0.0,101630.62000000001,101630.62000000001,111780.39
1761076800000000000,0.0,101630.62000000001,101630.62000000001,111663.70999999999
1761077100000000000,0.0,101630.62000000001,101630.62000000001,111564.86
1761077400000000000,0.0,101630.62000000001,101630.62000000001,111311.03
1761077700000000000,0.0,101630.62000000001,101630.62000000001,110819.93
1761078000000000000,0.0,101630.62000000001,101630.62000000001,110926.28
1761078300000000000,0.0,101630.62000000001,101630.62000000001,110834.89
1761078600000000000,0.0,101630.62000000001,101630.62000000001,110708.44
1761078900000000000,0.0,101630.62000000001,101630.62000000001,110960.81
1761079200000000000,0.0,101630.62000000001,101630.62000000001,110923.58
1761079500000000000,0.0,101630.62000000001,101630.62000000001,110883.2
1761080100000000000,0.0,101630.62000000001,101630.62000000001,110787.56
1761081900000000000,0.045273,101629.62,101629.62,110506.48
1761083700000000000,0.045273,101629.62,101629.62,110816.32
1761085500000000000,0.09082,101628.62000000001,101628.62000000001,109623.54999999999
1761087300000000000,0.09082,101628.62000000001,101628.62000000001,109066.98
1761089100000000000,0.09082,101628.62000000001,101628.62000000001,109120.83
1761090900000000000,0.09082,101628.62000000001,101628.62000000001,108297.67
1761092100000000000,0.09082,101628.62000000001,101628.62000000001,108303.0
1761092400000000000,0.09082,101628.62000000001,101628.62000000001,108222.45000000001
1761092700000000000,0.09082,101628.62000000001,101628.62000000001,108002.24
1761093000000000000,0.09082,101628.62000000001,101628.62000000001,108031.68
1761093300000000000,0.09082,101628.62000000001,101628.62000000001,107929.97
1761093600000000000,0.09082,101628.62000000001,101628.62000000001,108064.68
1761093900000000000,0.09082,101628.62000000001,101628.62000000001,108167.74
1761094200000000000,0.09082,101628.62000000001,101628.62000000001,108140.01
1761094500000000000,0.09082,101628.62000000001,101628.62000000001,107986.14
1761094800000000000,0.09082,101628.62000000001,101628.62000000001,108106.65
1761095100000000000,0.0,101467.64,101467.64,108344.14
1761095400000000000,0.0,101467.64,101467.64,108403.41
1761095700000000000,0.0,101467.64,101467.64,108144.69
1761096000000000000,0.0,101467.64,101467.64,108268.0
1761096300000000000,0.0,101467.64,101467.64,108160.01
1761096600000000000,0.0,101467.64,101467.64,108050.42
1761096900000000000,0.0,101467.64,101467.64,108199.70999999999
1761097200000000000,0.0,101467.64,101467.64,108259.37999999999
1761097500000000000,0.0,101467.64,101467.64,108174.61
1761097800000000000,0.0,101467.64,101467.64,108293.58
1761098100000000000,0.0,101467.64,101467.64,108364.21
1761098400000000000,0.0,101467.64,101467.64,108450.52
1761098700000000000,0.0,101467.64,101467.64,108529.98000000001
1761099000000000000,0.0,101467.64,101467.64,108663.01000000001
1761099300000000000,0.0,101467.64,101467.64,108547.04
1761099600000000000,0.0,101467.64,101467.64,108501.41
1761099900000000000,0.0,101467.64,101467.64,108582.22
1761100200000000000,0.0,101467.64,101467.64,108436.85
1761100500000000000,0.0,101467.64,101467.64,108339.37999999999
1761100800000000000,0.0,101467.64,101467.64,108301.72
1761101100000000000,0.0,101467.64,101467.64,108260.45000000001
1761101400000000000,0.0,101467.64,101467.64,108330.08
1761101700000000000,0.0,101467.64,101467.64,108198.85
1761102000000000000,0.0,101467.64,101467.64,108143.28
1761102300000000000,0.0,101467.64,101467.64,108159.91
1761102600000000000,0.0,101467.64,101467.64,108017.5
1761102900000000000,0.0,101467.64,101467.64,107925.7
1761103200000000000,0.0,101467.64,101467.64,108000.33
1761103500000000000,0.0,101467.64,101467.64,108154.07
1761103800000000000,0.0,101467.64,101467.64,108112.92000000001
1761104100000000000,0.0,101467.64,101467.64,107990.7
1761104400000000000,0.0,101467.64,101467.64,108031.17
1761104700000000000,0.0,101467.64,101467.64,108047.99
1761105000000000000,0.0,101467.64,101467.64,108122.56999999999
1761105300000000000,0.0,101467.64,101467.64,108216.01999999999
1761105600000000000,0.0,101467.64,101467.64,108299.39
1761105900000000000,0.0,101467.64,101467.64,108462.43999999999
1761106200000000000,0.0,101467.64,101467.64,108454.01999999999
1761106500000000000,0.0,101467.64,101467.64,108447.37999999999
1761106800000000000,0.0,101467.64,101467.64,108421.43000000001
1761107100000000000,0.0,101467.64,101467.64,108382.42
1761107400000000000,0.0,101467.64,101467.64,108500.2
1761107700000000000,0.0,101467.64,101467.64,108531.74
1761108000000000000,0.0,101467.64,101467.64,108491.06
1761108300000000000,0.0,101467.64,101467.64,108615.81
1761108600000000000,0.0,101467.64,101467.64,108588.26
1761108900000000000,0.0,101467.64,101467.64,108625.6
1761109200000000000,0.0,101467.64,101467.64,108632.51
1761109500000000000,0.0,101467.64,101467.64,108366.43
1761110700000000000,0.04628,101466.64,101466.64,108053.72
1761112500000000000,0.04628,101466.64,101466.64,108166.81
1761114300000000000,0.04628,101466.64,101466.64,108245.79
1761116100000000000,0.04628,101466.64,101466.64,107980.01999999999
1761117900000000000,0.092696,101465.64,101465.64,107988.62000000001
1761119700000000000,0.092696,101465.64,101465.64,108321.62999999999
1761121500000000000,0.092696,101465.64,101465.64,108258.41
1761123300000000000,0.092696,101465.64,101465.64,108229.3
1761125100000000000,0.092696,101465.64,101465.64,108202.36
1761126900000000000,0.092696,101465.64,101465.64,107963.13
1761128700000000000,0.092696,101465.64,101465.64,107941.48
1761130500000000000,0.092696,101465.64,101465.64,107657.98000000001
1761132300000000000,0.092696,101465.64,101465.64,107819.8
1761134100000000000,0.092696,101465.64,101465.64,107555.05
1761135900000000000,0.092696,101465.64,101465.64,107983.4
1761137700000000000,0.092696,101465.64,101465.64,108044.96
1761139500000000000,0.092696,101465.64,101465.64,108113.99
1761141300000000000,0.045337,101535.75,101535.75,108783.36
1761143100000000000,0.045337,101535.75,101535.75,107940.55
1761144900000000000,0.182971,101532.75,101532.75,108947.5
1761146700000000000,0.182971,101532.75,101532.75,107886.97
1761148500000000000,0.182971,101532.75,101532.75,108416.5
1761150300000000000,0.182971,101532.75,101532.75,108546.26999999999
1761152100000000000,0.182971,101532.75,101532.75,108226.0
1761153900000000000,0.182971,101532.75,101532.75,107942.34999999999
1761155700000000000,0.182971,101532.75,101532.75,107778.45000000001
1761157500000000000,0.182971,101532.75,101532.75,108014.04000000001
1761159300000000000,0.182971,101532.75,101532.75,108023.33
1761161100000000000,0.182971,101532.75,101532.75,108099.37999999999
1761162900000000000,0.182971,101532.75,101532.75,107870.34999999999
1761164700000000000,0.182971,101532.75,101532.75,107632.58
1761166500000000000,0.182971,101532.75,101532.75,107696.03
1761168300000000000,0.182971,101532.75,101532.75,106785.59
1761170100000000000,0.182971,101532.75,101532.75,107207.98000000001
1761171900000000000,0.182971,101532.75,101532.75,107055.54999999999
1761173700000000000,0.182971,101532.75,101532.75,107196.81999999999
1761175500000000000,0.229375,101531.75,101531.75,107796.09
1761177300000000000,0.229375,101531.75,101531.75,107567.44
1761179100000000000,0.229375,101531.75,101531.75,107597.04
1761180900000000000,0.229375,101531.75,101531.75,107845.3
1761182700000000000,0.275519,101530.75,101530.75,108188.76000000001
1761184500000000000,0.275519,101530.75,101530.75,108150.0
1761186300000000000,0.275519,101530.75,101530.75,108206.32
1761188100000000000,0.275519,101530.75,101530.75,108410.29000000001
1761189900000000000,0.275519,101530.75,101530.75,108705.76
1761191700000000000,0.275519,101530.75,101530.75,108377.95999999999
1761193500000000000,0.275519,101530.75,101530.75,108561.87
1761195300000000000,0.275519,101530.75,101530.75,108644.32
1761197100000000000,0.275519,101530.75,101530.75,108766.8
1761198900000000000,0.275519,101530.75,101530.75,108940.58
1761200700000000000,0.275519,101530.75,101530.75,109881.05
1761202500000000000,0.275519,101530.75,101530.75,110246.94
1761204300000000000,0.275519,101530.75,101530.75,109546.34999999999
1761206100000000000,0.275519,101530.75,101530.75,109269.90000000001
1761207900000000000,0.275519,101530.75,101530.75,109782.67
1761209700000000000,0.275519,101530.75,101530.75,109505.44
1761211500000000000,0.275519,101530.75,101530.75,109429.41
1761213300000000000,0.275519,101530.75,101530.75,109426.98999999999
1761215100000000000,0.275519,101530.75,101530.75,109528.0
1761216900000000000,0.275519,101530.75,101530.75,109439.2
1761218700000000000,0.275519,101530.75,101530.75,109537.59
1761220500000000000,0.275519,101530.75,101530.75,109253.89
1761222300000000000,0.275519,101530.75,101530.75,109130.73
1761224100000000000,0.275519,101530.75,101530.75,109164.94
1761225900000000000,0.275519,101530.75,101530.75,109140.88
1761227700000000000,0.275519,101530.75,101530.75,109500.62000000001
1761229500000000000,0.275519,101530.75,101530.75,109296.67
1761231300000000000,0.275519,101530.75,101530.75,109594.9
1761233100000000000,0.275519,101530.75,101530.75,109796.73999999999
1761234900000000000,0.275519,101530.75,101530.75,109908.28000000001
1761236700000000000,0.275519,101530.75,101530.75,109820.09
1761238500000000000,0.275519,101530.75,101530.75,110263.74
1761240300000000000,0.275519,101530.75,101530.75,110206.45000000001
1761242100000000000,0.275519,101530.75,101530.75,111241.70999999999
1761243900000000000,0.275519,101530.75,101530.75,110534.01
1761245700000000000,0.275519,101530.75,101530.75,110571.66
1761247500000000000,0.275519,101530.75,101530.75,110526.88
1761249300000000000,0.275519,101530.75,101530.75,110200.0
1761251100000000000,0.275519,101530.75,101530.75,109953.44
1761252900000000000,0.275519,101530.75,101530.75,109524.81
1761254700000000000,0.275519,101530.75,101530.75,109651.95
1761256500000000000,0.275519,101530.75,101530.75,109532.97
1761258300000000000,0.275519,101530.75,101530.75,109975.4
1761260100000000000,0.275519,101530.75,101530.75,109943.94
1761261900000000000,0.275519,101530.75,101530.75,110068.55
1761263700000000000,0.275519,101530.75,101530.75,110078.18
1761265500000000000,0.275519,101530.75,101530.75,110162.53
1761267300000000000,0.275519,101530.75,101530.75,110500.28000000001
1761269100000000000,0.275519,101530.75,101530.75,110242.36
1761270900000000000,0.275519,101530.75,101530.75,110585.08
1761272700000000000,0.275519,101530.75,101530.75,110431.64
1761274500000000000,0.275519,101530.75,101530.75,110570.12
1761276300000000000,0.275519,101530.75,101530.75,110467.87999999999
1761278100000000000,0.275519,101530.75,101530.75,110441.45999999999
1761279900000000000,0.275519,101530.75,101530.75,110962.21
1761281700000000000,0.275519,101530.75,101530.75,111178.55
1761283500000000000,0.275519,101530.75,101530.75,111001.94
1761285300000000000,0.275519,101530.75,101530.75,111261.36
1761287100000000000,0.275519,101530.75,101530.75,111310.52
1761288900000000000,0.275519,101530.75,101530.75,111464.36
1761290700000000000,0.275519,101530.75,101530.75,111215.99
1761292500000000000,0.275519,101530.75,101530.75,111054.61
1761294300000000000,0.275519,101530.75,101530.75,110812.0
1761296100000000000,0.275519,101530.75,101530.75,111097.79999999999
1761297900000000000,0.275519,101530.75,101530.75,111426.52
1761299700000000000,0.275519,101530.75,101530.75,111324.51
1761301500000000000,0.275519,101530.75,101530.75,111076.7
1761303300000000000,0.275519,101530.75,101530.75,111114.03
1761305100000000000,0.275519,101530.75,101530.75,111117.69
1761306900000000000,0.275519,101530.75,101530.75,111066.29000000001
1761308700000000000,0.275519,101530.75,101530.75,111006.7
1761310500000000000,0.275519,101530.75,101530.75,111297.01000000001
1761312300000000000,0.275519,101530.75,101530.75,111236.22
1761314100000000000,0.23031,101440.36,101440.36,110937.94
1761315900000000000,0.184879,101374.0,101374.0,110000.43
1761317700000000000,0.184879,101374.0,101374.0,110219.17
1761319500000000000,0.184879,101374.0,101374.0,110588.03
1761321300000000000,0.184879,101374.0,101374.0,110046.90999999999
1761323100000000000,0.184879,101374.0,101374.0,110353.05
1761324900000000000,0.184879,101374.0,101374.0,110261.81
1761326700000000000,0.184879,101374.0,101374.0,110493.25
1761328500000000000,0.184879,101374.0,101374.0,110235.22
1761330300000000000,0.184879,101374.0,101374.0,110516.26
1761332100000000000,0.184879,101374.0,101374.0,110619.39
1761333900000000000,0.184879,101374.0,101374.0,110941.72
1761335700000000000,0.184879,101374.0,101374.0,110615.06999999999
1761337500000000000,0.184879,101374.0,101374.0,110743.39
1761339300000000000,0.184879,101374.0,101374.0,110893.7
1761341100000000000,0.229943,101373.0,101373.0,110879.19
1761342900000000000,0.229943,101373.0,101373.0,111085.57
1761344700000000000,0.229943,101373.0,101373.0,111073.11
1761346500000000000,0.229943,101373.0,101373.0,111023.01000000001
1761348300000000000,0.229943,101373.0,101373.0,111037.3
1761350100000000000,0.229943,101373.0,101373.0,111004.89
1761351900000000000,0.229943,101373.0,101373.0,110850.04000000001
1761353700000000000,0.229943,101373.0,101373.0,110766.59999999999
1761355500000000000,0.229943,101373.0,101373.0,111102.48
1761357300000000000,0.229943,101373.0,101373.0,111070.31
1761359100000000000,0.229943,101373.0,101373.0,111009.15999999999
1761360900000000000,0.229943,101373.0,101373.0,111025.77
1761362700000000000,0.229943,101373.0,101373.0,111089.04
1761364500000000000,0.229943,101373.0,101373.0,111029.99
1761366300000000000,0.274888,101372.0,101372.0,111305.84
1761368100000000000,0.274888,101372.0,101372.0,111228.0
1761369900000000000,0.274888,101372.0,101372.0,111189.42
1761371700000000000,0.274888,101372.0,101372.0,111386.79000000001
1761373500000000000,0.274888,101372.0,101372.0,111319.8
1761375300000000000,0.274888,101372.0,101372.0,111366.42
1761377100000000000,0.274888,101372.0,101372.0,111643.42
1761378900000000000,0.274888,101372.0,101372.0,111489.6
1761380700000000000,0.274888,101372.0,101372.0,111658.71
1761382500000000000,0.274888,101372.0,101372.0,111763.8
1761384300000000000,0.274888,101372.0,101372.0,111668.01999999999
1761386100000000000,0.274888,101372.0,101372.0,111521.47
1761387900000000000,0.274888,101372.0,101372.0,111514.95
1761389700000000000,0.274888,101372.0,101372.0,111559.94
1761391500000000000,0.274888,101372.0,101372.0,111633.01000000001
1761393300000000000,0.274888,101372.0,101372.0,111563.81
1761395100000000000,0.274888,101372.0,101372.0,111700.0
1761396900000000000,0.274888,101372.0,101372.0,111899.03
1761398700000000000,0.274888,101372.0,101372.0,111778.0
1761400500000000000,0.230079,101274.55,101274.55,111680.90999999999
1761402300000000000,0.230079,101274.55,101274.55,111633.95999999999
1761404100000000000,0.230079,101274.55,101274.55,111591.19
1761405900000000000,0.230079,101274.55,101274.55,111470.86
1761407700000000000,0.18519,101185.77,101185.77,111385.18000000001
1761409500000000000,0.18519,101185.77,101185.77,111225.35
1761411300000000000,0.18519,101185.77,101185.77,111372.25
1761413100000000000,0.18519,101185.77,101185.77,111356.0
1761414900000000000,0.18519,101185.77,101185.77,111374.96
1761416700000000000,0.18519,101185.77,101185.77,111599.99
1761418500000000000,0.18519,101185.77,101185.77,111719.98000000001
1761420300000000000,0.18519,101185.77,101185.77,111635.87
1761422100000000000,0.18519,101185.77,101185.77,111623.45
1761423900000000000,0.18519,101185.77,101185.77,111534.75
1761425700000000000,0.18519,101185.77,101185.77,111431.94
1761427500000000000,0.18519,101185.77,101185.77,111401.94
1761429300000000000,0.18519,101185.77,101185.77,111477.76
1761431100000000000,0.18519,101185.77,101185.77,111503.14
1761432900000000000,0.18519,101185.77,101185.77,111621.69
1761434700000000000,0.18519,101185.77,101185.77,111640.25
1761436500000000000,0.18519,101185.77,101185.77,111646.26999999999
1761438300000000000,0.18519,101185.77,101185.77,111742.26
1761440100000000000,0.18519,101185.77,101185.77,111715.98000000001
1761441900000000000,0.18519,101185.77,101185.77,111711.01000000001
1761443700000000000,0.18519,101185.77,101185.77,111644.42
1761445500000000000,0.18519,101185.77,101185.77,111660.61
1761447300000000000,0.18519,101185.77,101185.77,111448.85
1761449100000000000,0.18519,101185.77,101185.77,111495.4
1761450900000000000,0.18519,101185.77,101185.77,111260.46
1761452700000000000,0.18519,101185.77,101185.77,111407.0
1761454500000000000,0.18519,101185.77,101185.77,111430.4
1761456300000000000,0.18519,101185.77,101185.77,111508.62000000001
1761458100000000000,0.229989,101184.77,101184.77,111615.32
1761459900000000000,0.229989,101184.77,101184.77,111630.49
1761461700000000000,0.229989,101184.77,101184.77,111635.95
1761463500000000000,0.229989,101184.77,101184.77,111649.54999999999
1761465300000000000,0.229989,101184.77,101184.77,111723.98000000001
1761467100000000000,0.274739,101183.77,101183.77,111795.74
1761468900000000000,0.274739,101183.77,101183.77,111776.94
1761470700000000000,0.274739,101183.77,101183.77,112667.23999999999
1761472500000000000,0.274739,101183.77,101183.77,112528.83
1761474300000000000,0.274739,101183.77,101183.77,112333.14
1761476100000000000,0.274739,101183.77,101183.77,112477.1
1761477900000000000,0.274739,101183.77,101183.77,112707.09000000001
1761479700000000000,0.274739,101183.77,101183.77,113286.09
1761481500000000000,0.274739,101183.77,101183.77,113644.81999999999
1761483300000000000,0.274739,101183.77,101183.77,113575.05
1761485100000000000,0.274739,101183.77,101183.77,113632.01
1761486900000000000,0.274739,101183.77,101183.77,113711.53
1761488700000000000,0.274739,101183.77,101183.77,113696.88
1761490500000000000,0.274739,101183.77,101183.77,113575.36
1761492300000000000,0.274739,101183.77,101183.77,113516.98
1761494100000000000,0.274739,101183.77,101183.77,113694.97
1761495900000000000,0.274739,101183.77,101183.77,113400.0
1761497700000000000,0.274739,101183.77,101183.77,113517.53
1761499500000000000,0.274739,101183.77,101183.77,113640.71
1761501300000000000,0.274739,101183.77,101183.77,113442.13
1761503100000000000,0.274739,101183.77,101183.77,113497.04
1761504900000000000,0.274739,101183.77,101183.77,113575.15
1761506700000000000,0.274739,101183.77,101183.77,113690.43999999999
1761508500000000000,0.274739,101183.77,101183.77,113585.99
1761510300000000000,0.274739,101183.77,101183.77,113372.23
1761512100000000000,0.274739,101183.77,101183.77,113320.8
1761513900000000000,0.230577,101047.67,101047.67,113065.86
1761515700000000000,0.186344,100919.43000000001,100919.43000000001,113497.06
1761517500000000000,0.186344,100919.43000000001,100919.43000000001,114388.29000000001
1761519300000000000,0.186344,100919.43000000001,100919.43000000001,114681.33
1761521100000000000,0.186344,100919.43000000001,100919.43000000001,114385.13
1761522900000000000,0.186344,100919.43000000001,100919.43000000001,114559.4
1761524700000000000,0.186344,100919.43000000001,100919.43000000001,114867.66
1761526500000000000,0.186344,100919.43000000001,100919.43000000001,114767.29
1761528300000000000,0.186344,100919.43000000001,100919.43000000001,115149.99
1761530100000000000,0.186344,100919.43000000001,100919.43000000001,115284.01
1761531900000000000,0.186344,100919.43000000001,100919.43000000001,114966.14
1761533700000000000,0.186344,100919.43000000001,100919.43000000001,114883.39
1761535500000000000,0.186344,100919.43000000001,100919.43000000001,114926.46
1761537300000000000,0.186344,100919.43000000001,100919.43000000001,114958.51
1761539100000000000,0.186344,100919.43000000001,100919.43000000001,115193.59
1761540900000000000,0.186344,100919.43000000001,100919.43000000001,115256.44
1761542700000000000,0.186344,100919.43000000001,100919.43000000001,115555.5
1761544500000000000,0.186344,100919.43000000001,100919.43000000001,115556.56999999999
1761546300000000000,0.186344,100919.43000000001,100919.43000000001,115746.68000000001
1761548100000000000,0.186344,100919.43000000001,100919.43000000001,116053.49
1761549900000000000,0.186344,100919.43000000001,100919.43000000001,115860.77
1761551700000000000,0.186344,100919.43000000001,100919.43000000001,115554.59999999999
1761553500000000000,0.186344,100919.43000000001,100919.43000000001,115136.47
1761555300000000000,0.186344,100919.43000000001,100919.43000000001,115014.88
1761557100000000000,0.186344,100919.43000000001,100919.43000000001,115177.54999999999
1761558900000000000,0.186344,100919.43000000001,100919.43000000001,115254.01
1761560700000000000,0.186344,100919.43000000001,100919.43000000001,115467.57
1761562500000000000,0.186344,100919.43000000001,100919.43000000001,115447.94
1761564300000000000,0.186344,100919.43000000001,100919.43000000001,115283.27
1761566100000000000,0.186344,100919.43000000001,100919.43000000001,115362.01999999999
1761567900000000000,0.186344,100919.43000000001,100919.43000000001,115291.45999999999
1761569700000000000,0.186344,100919.43000000001,100919.43000000001,115065.67
1761571500000000000,0.186344,100919.43000000001,100919.43000000001,115137.25
1761573300000000000,0.099171,100520.56999999999,100520.56999999999,115264.28000000001
1761575100000000000,0.099171,100520.56999999999,100520.56999999999,114990.8
1761576900000000000,0.099171,100520.56999999999,100520.56999999999,114810.05
1761578700000000000,0.099171,100520.56999999999,100520.56999999999,115078.0
1761580500000000000,0.099171,100520.56999999999,100520.56999999999,114969.68
1761582300000000000,0.229134,100517.57,100517.57,115344.86
1761584100000000000,0.229134,100517.57,100517.57,115497.57
1761585900000000000,0.229134,100517.57,100517.57,115328.98
1761587700000000000,0.358782,100514.56999999999,100514.56999999999,115706.06
1761589500000000000,0.358782,100514.56999999999,100514.56999999999,115404.31
1761591300000000000,0.358782,100514.56999999999,100514.56999999999,115342.19
1761593100000000000,0.358782,100514.56999999999,100514.56999999999,115001.40000000001
1761594900000000000,0.358782,100514.56999999999,100514.56999999999,114942.64
1761596700000000000,0.358782,100514.56999999999,100514.56999999999,114713.0
1761598500000000000,0.358782,100514.56999999999,100514.56999999999,114455.17
1761600300000000000,0.358782,100514.56999999999,100514.56999999999,114165.54
1761602100000000000,0.358782,100514.56999999999,100514.56999999999,114302.7
1761603900000000000,0.358782,100514.56999999999,100514.56999999999,114425.90000000001
1761605700000000000,0.358782,100514.56999999999,100514.56999999999,114112.51
1761607500000000000,0.358782,100514.56999999999,100514.56999999999,114025.7
1761609300000000000,0.358782,100514.56999999999,100514.56999999999,114107.65000000001
1761611100000000000,0.358782,100514.56999999999,100514.56999999999,114240.01999999999
1761612900000000000,0.358782,100514.56999999999,100514.56999999999,113961.67
1761614700000000000,0.358782,100514.56999999999,100514.56999999999,114214.16
1761616500000000000,0.358782,100514.56999999999,100514.56999999999,114424.76000000001
1761618300000000000,0.358782,100514.56999999999,100514.56999999999,114109.84
1761620100000000000,0.358782,100514.56999999999,100514.56999999999,113936.94
1761621900000000000,0.358782,100514.56999999999,100514.56999999999,113958.29000000001
1761623700000000000,0.358782,100514.56999999999,100514.56999999999,113908.24
1761625500000000000,0.358782,100514.56999999999,100514.56999999999,113857.0
1761627300000000000,0.358782,100514.56999999999,100514.56999999999,113964.59
1761629100000000000,0.358782,100514.56999999999,100514.56999999999,113958.53
1761630900000000000,0.314757,100535.28,100535.28,113605.31
1761632700000000000,0.314757,100535.28,100535.28,113840.01999999999
1761634500000000000,0.314757,100535.28,100535.28,114115.52
1761636300000000000,0.314757,100535.28,100535.28,114267.02
1761638100000000000,0.314757,100535.28,100535.28,114188.37000000001
1761639900000000000,0.314757,100535.28,100535.28,114371.73000000001
1761641700000000000,0.314757,100535.28,100535.28,114427.23
1761643500000000000,0.314757,100535.28,100535.28,114234.92
1761645300000000000,0.314757,100535.28,100535.28,114528.6
1761647100000000000,0.314757,100535.28,100535.28,114545.49
1761648900000000000,0.314757,100535.28,100535.28,114595.70999999999
1761650700000000000,0.314757,100535.28,100535.28,114553.67
1761652500000000000,0.314757,100535.28,100535.28,114357.73000000001
1761654300000000000,0.314757,100535.28,100535.28,114190.46
1761656100000000000,0.314757,100535.28,100535.28,114449.54999999999
1761657900000000000,0.314757,100535.28,100535.28,115070.49
1761659700000000000,0.314757,100535.28,100535.28,115522.9
1761661500000000000,0.314757,100535.28,100535.28,115923.99
1761663300000000000,0.314757,100535.28,100535.28,115068.17
1761665100000000000,0.314757,100535.28,100535.28,115028.73999999999
1761666900000000000,0.314757,100535.28,100535.28,114641.37999999999
1761668700000000000,0.314757,100535.28,100535.28,115076.48
1761670500000000000,0.314757,100535.28,100535.28,115341.59
1761672300000000000,0.314757,100535.28,100535.28,115465.56000000001
1761674100000000000,0.314757,100535.28,100535.28,115290.0
1761675900000000000,0.314757,100535.28,100535.28,114901.03
1761677700000000000,0.314757,100535.28,100535.28,115022.8
1761679500000000000,0.314757,100535.28,100535.28,113717.01000000001
1761681300000000000,0.314757,100535.28,100535.28,113689.99
1761683100000000000,0.270634,100567.15,100567.15,112538.83
1761684900000000000,0.270634,100567.15,100567.15,112808.05
1761686700000000000,0.270634,100567.15,100567.15,112734.8
1761688500000000000,0.270634,100567.15,100567.15,112994.4
1761690300000000000,0.270634,100567.15,100567.15,113142.51
1761692100000000000,0.270634,100567.15,100567.15,113224.08
1761693900000000000,0.270634,100567.15,100567.15,112897.82
1761695700000000000,0.270634,100567.15,100567.15,112898.45000000001
1761697500000000000,0.270634,100567.15,100567.15,112696.08
1761699300000000000,0.270634,100567.15,100567.15,112442.88
1761701100000000000,0.270634,100567.15,100567.15,112216.6
1761702900000000000,0.270634,100567.15,100567.15,112500.03
1761704700000000000,0.270634,100567.15,100567.15,112688.0
1761706500000000000,0.270634,100567.15,100567.15,112666.75
1761708300000000000,0.270634,100567.15,100567.15,112486.01999999999
1761710100000000000,0.270634,100567.15,100567.15,112523.49
1761711900000000000,0.270634,100567.15,100567.15,112711.97
1761713700000000000,0.270634,100567.15,100567.15,112810.55
1761715500000000000,0.270634,100567.15,100567.15,112972.01
1761717300000000000,0.270634,100567.15,100567.15,113039.1
1761719100000000000,0.270634,100567.15,100567.15,113055.58
1761720900000000000,0.270634,100567.15,100567.15,113284.2
1761722700000000000,0.270634,100567.15,100567.15,113444.2
1761724500000000000,0.270634,100567.15,100567.15,113577.90000000001
1761726300000000000,0.270634,100567.15,100567.15,113311.23999999999
1761728100000000000,0.270634,100567.15,100567.15,113070.94
1761729900000000000,0.270634,100567.15,100567.15,112943.67
1761731700000000000,0.270634,100567.15,100567.15,112974.43999999999
1761733500000000000,0.270634,100567.15,100567.15,113038.65
1761735300000000000,0.270634,100567.15,100567.15,112870.01
1761737100000000000,0.270634,100567.15,100567.15,113129.97
1761738900000000000,0.270634,100567.15,100567.15,113132.36
1761740700000000000,0.270634,100567.15,100567.15,113074.01
1761742500000000000,0.270634,100567.15,100567.15,113139.13
1761744300000000000,0.270634,100567.15,100567.15,113543.16
1761746100000000000,0.18214,100659.28,100659.28,112873.06999999999
1761747900000000000,0.18214,100659.28,100659.28,112317.1
1761749700000000000,0.18214,100659.28,100659.28,112488.44
1761751500000000000,0.18214,100659.28,100659.28,112029.7
1761753300000000000,0.18214,100659.28,100659.28,111509.74
1761755100000000000,0.18214,100659.28,100659.28,111160.64
1761756900000000000,0.18214,100659.28,100659.28,111106.34999999999
1761758700000000000,0.18214,100659.28,100659.28,111195.87
1761760500000000000,0.18214,100659.28,100659.28,111883.49
1761762300000000000,0.18214,100659.28,100659.28,111433.33
1761764100000000000,0.18214,100659.28,100659.28,110806.38
1761765900000000000,0.18214,100659.28,100659.28,110947.53
1761767700000000000,0.18214,100659.28,100659.28,110640.0
1761769500000000000,0.18214,100659.28,100659.28,111329.97
1761771300000000000,0.18214,100659.28,100659.28,111433.45999999999
1761773100000000000,0.18214,100659.28,100659.28,111545.70999999999
1761774900000000000,0.18214,100659.28,100659.28,111617.26000000001
1761776700000000000,0.18214,100659.28,100659.28,111220.18
1761778500000000000,0.18214,100659.28,100659.28,111028.2
1761780300000000000,0.18214,100659.28,100659.28,110463.59
1761782100000000000,0.18214,100659.28,100659.28,110021.29
1761783900000000000,0.18214,100659.28,100659.28,110386.98
1761785700000000000,0.18214,100659.28,100659.28,110559.48000000001
1761787500000000000,0.18214,100659.28,100659.28,110382.7
1761789300000000000,0.18214,100659.28,100659.28,110460.76000000001
1761791100000000000,0.18214,100659.28,100659.28,110918.62000000001
1761792900000000000,0.18214,100659.28,100659.28,110985.92
1761794700000000000,0.18214,100659.28,100659.28,110783.89
1761796500000000000,0.18214,100659.28,100659.28,110751.47
1761798300000000000,0.18214,100659.28,100659.28,108390.01999999999
1761800100000000000,0.18214,100659.28,100659.28,108575.27
1761801900000000000,0.18214,100659.28,100659.28,109163.95
1761803700000000000,0.227438,100658.28,100658.28,110248.29000000001
1761805500000000000,0.227438,100658.28,100658.28,110176.26999999999
1761807300000000000,0.227438,100658.28,100658.28,110768.01
1761809100000000000,0.227438,100658.28,100658.28,111274.25
1761810900000000000,0.227438,100658.28,100658.28,111366.72
1761812700000000000,0.227438,100658.28,100658.28,110681.23
1761814500000000000,0.227438,100658.28,100658.28,110714.31
1761816300000000000,0.227438,100658.28,100658.28,110415.4
1761818100000000000,0.227438,100658.28,100658.28,110171.69
1761819900000000000,0.227438,100658.28,100658.28,110065.79999999999
1761821700000000000,0.227438,100658.28,100658.28,110105.75
1761823500000000000,0.227438,100658.28,100658.28,109922.73999999999
1761825300000000000,0.227438,100658.28,100658.28,109717.29
1761827100000000000,0.227438,100658.28,100658.28,108784.3
1761828900000000000,0.227438,100658.28,100658.28,108387.86
1761830700000000000,0.227438,100658.28,100658.28,108461.22
1761832500000000000,0.13453,101185.72,101185.72,107627.16
1761834300000000000,0.13453,101185.72,101185.72,107962.66
1761836100000000000,0.13453,101185.72,101185.72,108285.54
1761837900000000000,0.13453,101185.72,101185.72,107860.8
1761839700000000000,0.13453,101185.72,101185.72,107711.56
1761841500000000000,0.13453,101185.72,101185.72,108150.0
1761843300000000000,0.13453,101185.72,101185.72,108144.56999999999
1761845100000000000,0.13453,101185.72,101185.72,107149.62
1761846900000000000,0.13453,101185.72,101185.72,107486.69
1761848700000000000,0.13453,101185.72,101185.72,107351.3
1761850500000000000,0.13453,101185.72,101185.72,106837.09000000001
1761852300000000000,0.13453,101185.72,101185.72,107007.23999999999
1761854100000000000,0.13453,101185.72,101185.72,106536.39
1761855900000000000,0.13453,101185.72,101185.72,107188.34
1761857700000000000,0.13453,101185.72,101185.72,107510.90999999999
1761859500000000000,0.13453,101185.72,101185.72,107642.4
1761861300000000000,0.13453,101185.72,101185.72,107907.68
1761863100000000000,0.13453,101185.72,101185.72,107596.9
1761864900000000000,0.13453,101185.72,101185.72,107912.81
1761866700000000000,0.13453,101185.72,101185.72,107714.34999999999
1761868500000000000,0.180768,101184.72,101184.72,108322.88
1761870300000000000,0.180768,101184.72,101184.72,108516.41
1761872100000000000,0.226757,101183.71999999999,101183.71999999999,109317.20999999999
1761873900000000000,0.226757,101183.71999999999,101183.71999999999,109850.4
1761875700000000000,0.226757,101183.71999999999,101183.71999999999,109619.77
1761877500000000000,0.226757,101183.71999999999,101183.71999999999,109358.59
1761879300000000000,0.226757,101183.71999999999,101183.71999999999,108857.99
1761881100000000000,0.226757,101183.71999999999,101183.71999999999,109093.82
1761882900000000000,0.226757,101183.71999999999,101183.71999999999,109227.86
1761884700000000000,0.226757,101183.71999999999,101183.71999999999,109791.61
1761886500000000000,0.226757,101183.71999999999,101183.71999999999,110084.01999999999
1761888300000000000,0.226757,101183.71999999999,101183.71999999999,109890.14
1761890100000000000,0.226757,101183.71999999999,101183.71999999999,109899.15
1761891900000000000,0.226757,101183.71999999999,101183.71999999999,109691.18000000001
1761893700000000000,0.226757,101183.71999999999,101183.71999999999,109650.0
1761895500000000000,0.226757,101183.71999999999,101183.71999999999,109676.24
1761897300000000000,0.226757,101183.71999999999,101183.71999999999,109449.31
1761899100000000000,0.226757,101183.71999999999,101183.71999999999,109830.83
1761900900000000000,0.226757,101183.71999999999,101183.71999999999,110062.43999999999
1761902700000000000,0.226757,101183.71999999999,101183.71999999999,109998.84000000001
1761904500000000000,0.226757,101183.71999999999,101183.71999999999,109848.39
1761906300000000000,0.226757,101183.71999999999,101183.71999999999,109846.49
1761908100000000000,0.226757,101183.71999999999,101183.71999999999,109819.2
1761909900000000000,0.226757,101183.71999999999,101183.71999999999,109521.37
1761911700000000000,0.226757,101183.71999999999,101183.71999999999,110415.61
1761913500000000000,0.226757,101183.71999999999,101183.71999999999,110170.08
1761915300000000000,0.226757,101183.71999999999,101183.71999999999,109653.19
1761917100000000000,0.226757,101183.71999999999,101183.71999999999,109922.59
1761918900000000000,0.181106,101265.42,101265.42,110157.54
1761920700000000000,0.271568,101263.42,101263.42,109805.08
1761922500000000000,0.361614,101261.42,101261.42,110790.14
1761924300000000000,0.361614,101261.42,101261.42,110487.84
1761926100000000000,0.361614,101261.42,101261.42,110202.9
1761927900000000000,0.361614,101261.42,101261.42,110112.72
1761929700000000000,0.224019,101540.72,101540.72,108845.40000000001
1761931500000000000,0.224019,101540.72,101540.72,109042.51
1761933300000000000,0.224019,101540.72,101540.72,109299.98000000001
1761935100000000000,0.224019,101540.72,101540.72,109232.0
1761936900000000000,0.224019,101540.72,101540.72,109452.34999999999
1761938700000000000,0.224019,101540.72,101540.72,109780.01
1761940500000000000,0.224019,101540.72,101540.72,109828.78
1761942300000000000,0.224019,101540.72,101540.72,109687.91
1761944100000000000,0.224019,101540.72,101540.72,109493.84999999999
1761945900000000000,0.224019,101540.72,101540.72,109548.6
1761947700000000000,0.224019,101540.72,101540.72,109558.48
1761949500000000000,0.224019,101540.72,101540.72,109656.56999999999
1761951300000000000,0.224019,101540.72,101540.72,109580.09
1761953100000000000,0.224019,101540.72,101540.72,109613.24
1761954900000000000,0.224019,101540.72,101540.72,109608.01
1761956700000000000,0.224019,101540.72,101540.72,109537.24
1761958500000000000,0.224019,101540.72,101540.72,109730.78
1761960300000000000,0.224019,101540.72,101540.72,109928.04
1761962100000000000,0.224019,101540.72,101540.72,109734.11
1761963900000000000,0.224019,101540.72,101540.72,109651.53
1761965700000000000,0.224019,101540.72,101540.72,109790.26999999999
1761967500000000000,0.224019,101540.72,101540.72,110034.09
1761969300000000000,0.224019,101540.72,101540.72,110226.37000000001
1761971100000000000,0.224019,101540.72,101540.72,110291.54
1761972900000000000,0.224019,101540.72,101540.72,110291.67
1761974700000000000,0.224019,101540.72,101540.72,110145.33
1761976500000000000,0.224019,101540.72,101540.72,110140.79000000001
1761978300000000000,0.224019,101540.72,101540.72,110017.27
1761980100000000000,0.224019,101540.72,101540.72,110004.81999999999
1761981900000000000,0.224019,101540.72,101540.72,110175.03
1761983700000000000,0.224019,101540.72,101540.72,110071.4
1761985500000000000,0.224019,101540.72,101540.72,110188.89
1761987300000000000,0.224019,101540.72,101540.72,110248.88
1761989100000000000,0.224019,101540.72,101540.72,110182.45000000001
1761990900000000000,0.224019,101540.72,101540.72,109991.29
1761992700000000000,0.224019,101540.72,101540.72,110007.92
1761994500000000000,0.224019,101540.72,101540.72,110147.83
1761996300000000000,0.224019,101540.72,101540.72,110052.24
1761998100000000000,0.224019,101540.72,101540.72,110137.59
1761999900000000000,0.224019,101540.72,101540.72,110078.89
1762001700000000000,0.224019,101540.72,101540.72,110017.27
1762003500000000000,0.224019,101540.72,101540.72,110008.01
1762005300000000000,0.178491,101596.43,101596.43,109946.26999999999
1762007100000000000,0.178491,101596.43,101596.43,109888.83
1762008900000000000,0.178491,101596.43,101596.43,109933.84999999999
1762010700000000000,0.178491,101596.43,101596.43,110060.0
1762012500000000000,0.178491,101596.43,101596.43,110310.65
1762014300000000000,0.178491,101596.43,101596.43,110208.5
1762016100000000000,0.178491,101596.43,101596.43,110464.33
1762017900000000000,0.178491,101596.43,101596.43,110208.73999999999
1762019700000000000,0.178491,101596.43,101596.43,110208.97
1762021500000000000,0.178491,101596.43,101596.43,110260.09
1762023300000000000,0.178491,101596.43,101596.43,110341.27
1762025100000000000,0.178491,101596.43,101596.43,110274.34
1762026900000000000,0.178491,101596.43,101596.43,110299.99
1762028700000000000,0.178491,101596.43,101596.43,110445.73000000001
1762030500000000000,0.178491,101596.43,101596.43,110406.20000000001
1762032300000000000,0.22379,101595.43000000001,101595.43000000001,110351.91
1762034100000000000,0.04192,101765.97,101765.97,109862.85
1762035900000000000,0.04192,101765.97,101765.97,109998.04000000001
1762037700000000000,0.04192,101765.97,101765.97,110092.78
1762039500000000000,0.04192,101765.97,101765.97,110086.01
1762041300000000000,0.04192,101765.97,101765.97,110098.09999999999
1762043100000000000,0.04192,101765.97,101765.97,110030.64
1762044900000000000,0.04192,101765.97,101765.97,109974.09
1762046700000000000,0.04192,101765.97,101765.97,110091.36
1762048500000000000,0.04192,101765.97,101765.97,109978.01
1762050300000000000,0.04192,101765.97,101765.97,109995.91
1762052100000000000,0.04192,101765.97,101765.97,110015.77
1762053900000000000,0.04192,101765.97,101765.97,109985.44
1762055700000000000,0.04192,101765.97,101765.97,110053.23
1762057500000000000,0.04192,101765.97,101765.97,110131.0
1762059300000000000,0.132384,101763.97,101763.97,110670.26999999999
1762061100000000000,0.132384,101763.97,101763.97,110456.8
1762062900000000000,0.132384,101763.97,101763.97,110497.98000000001
1762064700000000000,0.132384,101763.97,101763.97,110413.17
1762066500000000000,0.132384,101763.97,101763.97,110663.89
1762068300000000000,0.132384,101763.97,101763.97,110503.06
1762070100000000000,0.132384,101763.97,101763.97,110895.53
1762071900000000000,0.132384,101763.97,101763.97,110797.68
1762073700000000000,0.132384,101763.97,101763.97,110850.17
1762075500000000000,0.132384,101763.97,101763.97,110968.29000000001
1762077300000000000,0.132384,101763.97,101763.97,110714.0
1762079100000000000,0.132384,101763.97,101763.97,110578.5
1762080900000000000,0.132384,101763.97,101763.97,110492.0
1762082700000000000,0.132384,101763.97,101763.97,110844.05
1762084500000000000,0.132384,101763.97,101763.97,111196.98999999999
1762086300000000000,0.132384,101763.97,101763.97,110935.84999999999
1762088100000000000,0.132384,101763.97,101763.97,110736.24
1762089900000000000,0.087066,101778.09999999999,101778.09999999999,110407.23
1762091700000000000,0.087066,101778.09999999999,101778.09999999999,110568.65
1762093500000000000,0.087066,101778.09999999999,101778.09999999999,110307.99
1762095300000000000,0.087066,101778.09999999999,101778.09999999999,110422.24
1762097100000000000,0.087066,101778.09999999999,101778.09999999999,110523.90000000001
1762098900000000000,0.087066,101778.09999999999,101778.09999999999,110117.48
1762100700000000000,0.041635,101804.67,101804.67,110081.51
1762102500000000000,0.041635,101804.67,101804.67,110115.34
1762104300000000000,0.041635,101804.67,101804.67,110163.16
1762106100000000000,0.041635,101804.67,101804.67,110190.4
1762107900000000000,0.041635,101804.67,101804.67,110251.04
1762109700000000000,0.041635,101804.67,101804.67,110331.0
1762111500000000000,0.041635,101804.67,101804.67,109960.95
1762113300000000000,0.041635,101804.67,101804.67,110180.84
1762115100000000000,0.041635,101804.67,101804.67,109921.91
1762116900000000000,0.041635,101804.67,101804.67,110086.7
1762118700000000000,0.041635,101804.67,101804.67,110020.29000000001
1762120500000000000,0.041635,101804.67,101804.67,109990.9
1762122300000000000,0.041635,101804.67,101804.67,109992.3
1762124100000000000,0.041635,101804.67,101804.67,109899.99
1762125900000000000,0.041635,101804.67,101804.67,110187.75
1762127700000000000,0.041635,101804.67,101804.67,110540.68
1762129500000000000,0.041635,101804.67,101804.67,110332.56999999999
1762131300000000000,0.041635,101804.67,101804.67,109757.11
1762133100000000000,0.041635,101804.67,101804.67,109643.86
1762134900000000000,0.041635,101804.67,101804.67,109665.5
1762136700000000000,0.041635,101804.67,101804.67,109249.74
1762138500000000000,0.041635,101804.67,101804.67,109033.83
1762140300000000000,0.041635,101804.67,101804.67,108127.33
1762142100000000000,0.041635,101804.67,101804.67,107937.45
1762143900000000000,0.041635,101804.67,101804.67,107836.31
1762145700000000000,0.041635,101804.67,101804.67,107900.37000000001
1762147500000000000,0.041635,101804.67,101804.67,107968.39
1762149300000000000,0.00489,101936.66,101936.66,107606.75
1762151100000000000,0.00489,101936.66,101936.66,107454.98999999999
1762152900000000000,0.00489,101936.66,101936.66,107494.23
1762154700000000000,0.00489,101936.66,101936.66,107650.01
1762156500000000000,0.00489,101936.66,101936.66,107468.23
1762158300000000000,0.00489,101936.66,101936.66,107228.36
1762160100000000000,0.014239,101936.46,101936.46,107586.97
1762161900000000000,0.014239,101936.46,101936.46,107370.07
1762163700000000000,0.014239,101936.46,101936.46,107197.94
1762165500000000000,0.014239,101936.46,101936.46,107592.09
1762167300000000000,0.014239,101936.46,101936.46,106974.98999999999
1762169100000000000,0.014239,101936.46,101936.46,107637.15999999999
1762170900000000000,0.014239,101936.46,101936.46,107787.42
1762172700000000000,0.014239,101936.46,101936.46,108254.88
1762174500000000000,0.014239,101936.46,101936.46,107768.9
1762176300000000000,0.014239,101936.46,101936.46,107688.0
1762178100000000000,0.014239,101936.46,101936.46,107908.68
1762179900000000000,0.014239,101936.46,101936.46,107546.21
1762181700000000000,0.014239,101936.46,101936.46,108059.99
1762183500000000000,0.014239,101936.46,101936.46,105992.64
1762185300000000000,0.014239,101936.46,101936.46,105745.70999999999
1762187100000000000,0.014239,101936.46,101936.46,106380.0
1762188900000000000,0.014239,101936.46,101936.46,106678.43999999999
1762190700000000000,0.014239,101936.46,101936.46,107080.0
1762192500000000000,0.014239,101936.46,101936.46,107481.19
1762194300000000000,0.014239,101936.46,101936.46,107262.24
1762196100000000000,0.014239,101936.46,101936.46,106961.62
1762197900000000000,0.014239,101936.46,101936.46,106945.99
1762199700000000000,0.014239,101936.46,101936.46,107090.0
1762201500000000000,0.014239,101936.46,101936.46,106745.92
1762203300000000000,0.014239,101936.46,101936.46,106657.54999999999
1762205100000000000,0.014239,101936.46,101936.46,106625.06
1762206900000000000,0.014239,101936.46,101936.46,106888.71
1762208700000000000,0.014239,101936.46,101936.46,106176.34
1762210500000000000,0.061451,101935.45999999999,101935.45999999999,106489.95
1762212300000000000,0.061451,101935.45999999999,101935.45999999999,106440.73
1762214100000000000,0.061451,101935.45999999999,101935.45999999999,106583.04
1762215900000000000,0.061451,101935.45999999999,101935.45999999999,105852.38
1762217700000000000,0.061451,101935.45999999999,101935.45999999999,106471.45
1762219500000000000,0.061451,101935.45999999999,101935.45999999999,106898.42
1762221300000000000,0.031805,101997.44,101997.44,107040.01
1762223100000000000,0.031805,101997.44,101997.44,106944.59
1762224900000000000,0.031805,101997.44,101997.44,106482.59999999999
1762226700000000000,0.031805,101997.44,101997.44,106962.95
1762228500000000000,0.031805,101997.44,101997.44,107158.79000000001
1762230300000000000,0.031805,101997.44,101997.44,106939.09000000001
1762232100000000000,0.031805,101997.44,101997.44,106750.14
1762233900000000000,0.031805,101997.44,101997.44,105668.09
1762235700000000000,0.037013,102059.32,102059.32,104215.76
1762237500000000000,0.037013,102059.32,102059.32,104972.73
1762239300000000000,0.037013,102059.32,102059.32,104766.14
1762241100000000000,0.037013,102059.32,102059.32,104370.72
1762242900000000000,0.037013,102059.32,102059.32,104490.72
1762244700000000000,0.037013,102059.32,102059.32,104202.4
1762246500000000000,0.037013,102059.32,102059.32,104051.90000000001
1762248300000000000,0.037013,102059.32,102059.32,103878.13
1762250100000000000,0.037013,102059.32,102059.32,103857.95999999999
1762251900000000000,0.037013,102059.32,102059.32,103745.15
1762253700000000000,0.037013,102059.32,102059.32,103816.39
1762255500000000000,0.037013,102059.32,102059.32,104310.09999999999
1762257300000000000,0.037013,102059.32,102059.32,104584.76000000001
1762259100000000000,0.037013,102059.32,102059.32,104121.42
1762260900000000000,0.037013,102059.32,102059.32,103952.54000000001
1762262700000000000,0.037013,102059.32,102059.32,103685.54
1762264500000000000,0.037013,102059.32,102059.32,103924.25
1762266300000000000,0.037013,102059.32,102059.32,103783.35
1762268100000000000,0.010468,102068.85,102068.85,104500.01
1762269900000000000,0.105884,102066.85,102066.85,104466.01
1762271700000000000,0.105884,102066.85,102066.85,103197.01000000001
1762273500000000000,0.001032,102262.94,102262.94,102740.17
1762275300000000000,0.001032,102262.94,102262.94,102257.7
1762277100000000000,0.001032,102262.94,102262.94,101356.75
1762278900000000000,0.001032,102262.94,102262.94,101114.83
1762280700000000000,0.001032,102262.94,102262.94,100704.6
1762282500000000000,0.001032,102262.94,102262.94,101363.98000000001
1762284300000000000,0.001032,102262.94,102262.94,101306.87
1762286100000000000,0.001032,102262.94,102262.94,100542.64
1762287900000000000,0.001032,102262.94,102262.94,100542.12
1762289700000000000,0.001032,102262.94,102262.94,100755.43000000001
1762290900000000000,0.001032,102262.94,102262.94,100219.66
1762291200000000000,0.0,102260.22,102260.22,100017.51
1762291500000000000,0.0,102260.22,102260.22,99926.29000000001
1762291800000000000,0.0,102260.22,102260.22,99119.75
1762292100000000000,0.0,102260.22,102260.22,99268.12000000001
1762292400000000000,0.0,102260.22,102260.22,99304.26
1762292700000000000,0.0,102260.22,102260.22,99539.81
1762293000000000000,0.0,102260.22,102260.22,99538.46
1762293300000000000,0.0,102260.22,102260.22,100311.45999999999
1762293600000000000,0.0,102260.22,102260.22,100626.24
1762293900000000000,0.0,102260.22,102260.22,100988.09999999999
1762294200000000000,0.0,102260.22,102260.22,100910.17
1762294500000000000,0.0,102260.22,102260.22,101299.28
1762294800000000000,0.0,102260.22,102260.22,101119.35
1762295100000000000,0.0,102260.22,102260.22,101140.92000000001
1762295400000000000,0.0,102260.22,102260.22,101597.42
1762295700000000000,0.0,102260.22,102260.22,101530.14
1762296000000000000,0.0,102260.22,102260.22,101178.25
1762296300000000000,0.0,102260.22,102260.22,101173.62
1762296600000000000,0.0,102260.22,102260.22,101032.39
1762296900000000000,0.0,102260.22,102260.22,101295.70999999999
1762297200000000000,0.0,102260.22,102260.22,101345.43000000001
1762297500000000000,0.0,102260.22,102260.22,101105.27
1762297800000000000,0.0,102260.22,102260.22,101269.2
1762298100000000000,0.0,102260.22,102260.22,101142.76
1762298400000000000,0.0,102260.22,102260.22,101119.31
1762298700000000000,0.0,102260.22,102260.22,101235.25
1762299000000000000,0.0,102260.22,102260.22,101131.53
1762299300000000000,0.0,102260.22,102260.22,101207.82
1762299600000000000,0.0,102260.22,102260.22,101397.20999999999
1762299900000000000,0.0,102260.22,102260.22,101555.37999999999
1762300200000000000,0.0,102260.22,102260.22,101631.95
1762300500000000000,0.0,102260.22,102260.22,101497.22
1762302300000000000,0.0,102260.22,102260.22,100973.18000000001
1762304100000000000,0.049669,102259.22,102259.22,100564.3
1762305900000000000,0.099685,102258.22,102258.22,99113.39
1762307700000000000,0.099685,102258.22,102258.22,100761.62
1762309500000000000,0.099685,102258.22,102258.22,101270.0
1762311300000000000,0.099685,102258.22,102258.22,101677.93
1762313100000000000,0.047279,102429.49,102429.49,102106.47
1762314900000000000,0.047279,102429.49,102429.49,102130.0
1762316700000000000,0.047279,102429.49,102429.49,101566.32
1762318500000000000,0.047279,102429.49,102429.49,101998.3
1762320300000000000,0.047279,102429.49,102429.49,101882.89
1762322100000000000,0.047279,102429.49,102429.49,101824.89
1762323900000000000,0.047279,102429.49,102429.49,101922.06
1762325700000000000,0.047279,102429.49,102429.49,102119.99
1762327500000000000,0.047279,102429.49,102429.49,101827.54
1762329300000000000,0.047279,102429.49,102429.49,101993.02
1762331100000000000,0.047279,102429.49,102429.49,101431.95
1762332900000000000,0.047279,102429.49,102429.49,101699.74
1762334700000000000,0.047279,102429.49,102429.49,101895.12
1762336500000000000,0.047279,102429.49,102429.49,101995.29
1762338300000000000,0.047279,102429.49,102429.49,101799.1
1762340100000000000,0.047279,102429.49,102429.49,101401.97
1762341900000000000,0.047279,102429.49,102429.49,101605.7
1762343700000000000,0.047279,102429.49,102429.49,102070.61
1762345500000000000,0.193244,102426.49,102426.49,102531.01000000001
1762347300000000000,0.193244,102426.49,102426.49,102673.35
1762349100000000000,0.193244,102426.49,102426.49,102516.67
1762350900000000000,0.193244,102426.49,102426.49,102985.91
1762352700000000000,0.193244,102426.49,102426.49,102658.73
1762354500000000000,0.193244,102426.49,102426.49,103202.3
1762356300000000000,0.193244,102426.49,102426.49,103367.25
1762358100000000000,0.193244,102426.49,102426.49,103728.3
1762359900000000000,0.193244,102426.49,102426.49,103514.59999999999
1762361700000000000,0.193244,102426.49,102426.49,103919.2
1762363500000000000,0.193244,102426.49,102426.49,103903.84
1762365300000000000,0.193244,102426.49,102426.49,103904.05
1762367100000000000,0.193244,102426.49,102426.49,104123.06
1762368900000000000,0.241176,102425.49,102425.49,104347.4
1762370700000000000,0.241176,102425.49,102425.49,104211.1
1762372500000000000,0.241176,102425.49,102425.49,104008.09
1762374300000000000,0.241176,102425.49,102425.49,104012.0
1762376100000000000,0.241176,102425.49,102425.49,103831.22
1762377900000000000,0.241176,102425.49,102425.49,103570.29000000001
1762379700000000000,0.241176,102425.49,102425.49,103672.37000000001
1762381500000000000,0.241176,102425.49,102425.49,103363.1
1762383300000000000,0.241176,102425.49,102425.49,103706.55
1762385100000000000,0.241176,102425.49,102425.49,103956.18
1762386900000000000,0.241176,102425.49,102425.49,103885.15999999999
1762388700000000000,0.241176,102425.49,102425.49,103432.06
1762390500000000000,0.241176,102425.49,102425.49,103677.72
1762392300000000000,0.143868,102439.95,102439.95,102833.83
1762394100000000000,0.143868,102439.95,102439.95,103365.65000000001
1762395900000000000,0.143868,102439.95,102439.95,102899.28
1762397700000000000,0.143868,102439.95,102439.95,103321.81
1762399500000000000,0.143868,102439.95,102439.95,103598.75
1762401300000000000,0.143868,102439.95,102439.95,103636.03
1762403100000000000,0.143868,102439.95,102439.95,103756.97
1762404900000000000,0.143868,102439.95,102439.95,104030.79000000001
1762406700000000000,0.143868,102439.95,102439.95,103500.01
1762408500000000000,0.143868,102439.95,102439.95,103143.57
1762410300000000000,0.143868,102439.95,102439.95,103508.78
1762412100000000000,0.143868,102439.95,102439.95,103318.75
1762413900000000000,0.143868,102439.95,102439.95,103442.37000000001
1762415700000000000,0.143868,102439.95,102439.95,103185.48
1762417500000000000,0.143868,102439.95,102439.95,103331.62
1762419300000000000,0.143868,102439.95,102439.95,103200.26
1762421100000000000,0.143868,102439.95,102439.95,102963.48000000001
1762422900000000000,0.143868,102439.95,102439.95,102810.01
1762424700000000000,0.143868,102439.95,102439.95,103025.23
1762426500000000000,0.143868,102439.95,102439.95,103122.54000000001
1762428300000000000,0.143868,102439.95,102439.95,103142.97
1762430100000000000,0.143868,102439.95,102439.95,103227.58
1762431900000000000,0.143868,102439.95,102439.95,102802.7
1762433700000000000,0.095037,102465.40000000001,102465.40000000001,102552.38
1762435500000000000,0.095037,102465.40000000001,102465.40000000001,103496.81
1762437300000000000,0.095037,102465.40000000001,102465.40000000001,103319.70999999999
1762439100000000000,0.095037,102465.40000000001,102465.40000000001,102901.5
1762440900000000000,0.095037,102465.40000000001,102465.40000000001,102125.0
1762442700000000000,0.095037,102465.40000000001,102465.40000000001,102438.01999999999
1762444500000000000,0.045898,102522.56,102522.56,102014.48
1762446300000000000,0.045898,102522.56,102522.56,101805.84
1762448100000000000,0.045898,102522.56,102522.56,100867.2
1762449900000000000,0.045898,102522.56,102522.56,101432.12000000001
1762451700000000000,0.045898,102522.56,102522.56,101804.01
1762453500000000000,0.045898,102522.56,102522.56,101357.47
1762455300000000000,0.045898,102522.56,102522.56,101722.13
1762457100000000000,0.045898,102522.56,102522.56,101813.37
1762458900000000000,0.045898,102522.56,102522.56,101388.81
1762460700000000000,0.045898,102522.56,102522.56,101082.24
1762462500000000000,0.045898,102522.56,102522.56,100914.11
1762464300000000000,0.045898,102522.56,102522.56,100873.31
1762466100000000000,0.045898,102522.56,102522.56,101117.17
1762467900000000000,0.045898,102522.56,102522.56,101133.1
1762469700000000000,0.045898,102522.56,102522.56,101415.05
1762471500000000000,0.045898,102522.56,102522.56,101359.0
1762473300000000000,0.045898,102522.56,102522.56,101346.04000000001
1762475100000000000,0.003577,102607.56,102607.56,100929.61
1762476900000000000,0.003577,102607.56,102607.56,101479.78
1762478700000000000,0.003577,102607.56,102607.56,101680.24
1762480500000000000,0.003577,102607.56,102607.56,101538.96
1762482300000000000,0.003577,102607.56,102607.56,101243.01000000001
1762484100000000000,0.003577,102607.56,102607.56,101905.11
1762485900000000000,0.192137,102606.79000000001,102606.79000000001,102285.70999999999
1762487700000000000,0.192137,102606.79000000001,102606.79000000001,101916.29000000001
1762489500000000000,0.192137,102606.79000000001,102606.79000000001,101995.56
1762491300000000000,0.192137,102606.79000000001,102606.79000000001,102027.19
1762493100000000000,0.192137,102606.79000000001,102606.79000000001,102407.99
1762494900000000000,0.192137,102606.79000000001,102606.79000000001,102447.47
1762496700000000000,0.192137,102606.79000000001,102606.79000000001,102250.0
1762498500000000000,0.192137,102606.79000000001,102606.79000000001,101819.1
1762500300000000000,0.192137,102606.79000000001,102606.79000000001,101842.33
1762502100000000000,0.192137,102606.79000000001,102606.79000000001,102010.0
1762503900000000000,0.192137,102606.79000000001,102606.79000000001,101813.04
1762505700000000000,0.192137,102606.79000000001,102606.79000000001,101496.18
1762507500000000000,0.192137,102606.79000000001,102606.79000000001,101006.26
1762509300000000000,0.192137,102606.79000000001,102606.79000000001,101013.66
1762511100000000000,0.192137,102606.79000000001,102606.79000000001,100668.32
1762512900000000000,0.046876,102834.13,102834.13,100770.85
1762514700000000000,0.046876,102834.13,102834.13,99918.01999999999
1762516500000000000,0.046876,102834.13,102834.13,100411.89
1762518300000000000,0.046876,102834.13,102834.13,99932.01
1762520100000000000,0.046876,102834.13,102834.13,99638.28
1762521900000000000,0.046876,102834.13,102834.13,100140.33
1762523700000000000,0.046876,102834.13,102834.13,100347.35
1762525500000000000,0.046876,102834.13,102834.13,100296.7
1762527300000000000,0.046876,102834.13,102834.13,100806.08
1762529100000000000,0.046876,102834.13,102834.13,101020.01
1762530900000000000,0.046876,102834.13,102834.13,100797.95
1762532700000000000,0.046876,102834.13,102834.13,101532.87
1762534500000000000,0.046876,102834.13,102834.13,101169.2
1762536300000000000,0.096044,102833.13,102833.13,102338.0
1762538100000000000,0.144766,102832.13,102832.13,102397.12
1762539900000000000,0.144766,102832.13,102832.13,102694.41
1762541700000000000,0.144766,102832.13,102832.13,102609.45999999999
1762543500000000000,0.144766,102832.13,102832.13,102849.65000000001
1762545300000000000,0.144766,102832.13,102832.13,103395.25
1762547100000000000,0.144766,102832.13,102832.13,103200.0
1762548900000000000,0.144766,102832.13,102832.13,103783.09000000001
1762550700000000000,0.144766,102832.13,102832.13,103420.01999999999
1762552500000000000,0.144766,102832.13,102832.13,103879.23
1762554300000000000,0.144766,102832.13,102832.13,103931.28
1762556100000000000,0.144766,102832.13,102832.13,103633.03
1762557900000000000,0.144766,102832.13,102832.13,103415.62
1762559700000000000,0.144766,102832.13,102832.13,103339.07999999999
1762561500000000000,0.144766,102832.13,102832.13,103073.65000000001
1762563300000000000,0.144766,102832.13,102832.13,102713.15
1762565100000000000,0.144766,102832.13,102832.13,102977.43000000001
1762566900000000000,0.144766,102832.13,102832.13,102996.84
1762568700000000000,0.144766,102832.13,102832.13,103249.40000000001
1762570500000000000,0.144766,102832.13,102832.13,102846.65
1762572300000000000,0.144766,102832.13,102832.13,103095.41
1762574100000000000,0.144766,102832.13,102832.13,102592.76000000001
1762575900000000000,0.144766,102832.13,102832.13,102471.36
1762577700000000000,0.144766,102832.13,102832.13,102565.03
1762579500000000000,0.144766,102832.13,102832.13,102504.73
1762581300000000000,0.144766,102832.13,102832.13,102304.0
1762583100000000000,0.144766,102832.13,102832.13,102342.79000000001
1762584900000000000,0.144766,102832.13,102832.13,102215.62
1762586700000000000,0.144766,102832.13,102832.13,102083.2
1762588500000000000,0.144766,102832.13,102832.13,102352.96
1762590300000000000,0.144766,102832.13,102832.13,102450.42
1762592100000000000,0.193483,102831.13,102831.13,102431.74
1762593900000000000,0.193483,102831.13,102831.13,102480.38
1762595700000000000,0.193483,102831.13,102831.13,102399.45999999999
1762597500000000000,0.193483,102831.13,102831.13,102520.01999999999
1762599300000000000,0.193483,102831.13,102831.13,102480.04
1762601100000000000,0.193483,102831.13,102831.13,102509.99
1762602900000000000,0.002829,102905.53,102905.53,101857.1
1762604700000000000,0.002829,102905.53,102905.53,101995.82
1762606500000000000,0.002829,102905.53,102905.53,102065.14
1762608300000000000,0.002829,102905.53,102905.53,102105.93
1762610100000000000,0.002829,102905.53,102905.53,101804.63
1762611900000000000,0.002829,102905.53,102905.53,101701.29
1762613700000000000,0.002829,102905.53,102905.53,101827.19
1762615500000000000,0.002829,102905.53,102905.53,101591.92
1762617300000000000,0.002829,102905.53,102905.53,101711.45
1762619100000000000,0.002829,102905.53,102905.53,101841.17
1762620900000000000,0.002829,102905.53,102905.53,101850.22
1762622700000000000,0.002829,102905.53,102905.53,101800.5
1762624500000000000,0.002829,102905.53,102905.53,101994.52
1762626300000000000,0.002829,102905.53,102905.53,102009.23
1762628100000000000,0.002829,102905.53,102905.53,102139.53
1762629900000000000,0.002829,102905.53,102905.53,101801.24
1762631700000000000,0.002829,102905.53,102905.53,101989.65000000001
1762633500000000000,0.002829,102905.53,102905.53,102108.9
1762635300000000000,0.002829,102905.53,102905.53,102068.06
1762637100000000000,0.002829,102905.53,102905.53,102089.33
1762638900000000000,0.002829,102905.53,102905.53,102272.81
1762640700000000000,0.002829,102905.53,102905.53,102329.53
1762642500000000000,0.002829,102905.53,102905.53,102377.45999999999
1762644300000000000,0.002829,102905.53,102905.53,102450.97
1762646100000000000,0.002829,102905.53,102905.53,102312.94
1762647900000000000,0.100759,102903.53,102903.53,101779.14
1762649700000000000,0.100759,102903.53,102903.53,101797.74
1762651500000000000,0.100759,102903.53,102903.53,101846.01
1762653300000000000,0.100759,102903.53,102903.53,102045.06999999999
1762655100000000000,0.100759,102903.53,102903.53,101902.20000000001
1762656900000000000,0.100759,102903.53,102903.53,101633.25
1762658700000000000,0.100759,102903.53,102903.53,101505.39
1762660500000000000,0.100759,102903.53,102903.53,101662.05
1762662300000000000,0.100759,102903.53,102903.53,102070.9
1762664100000000000,0.100759,102903.53,102903.53,101724.90999999999
1762665900000000000,0.100759,102903.53,102903.53,101982.79000000001
1762667700000000000,0.100759,102903.53,102903.53,101928.54000000001
1762669500000000000,0.100759,102903.53,102903.53,101887.48000000001
1762671300000000000,0.100759,102903.53,102903.53,101752.83
1762673100000000000,0.100759,102903.53,102903.53,101790.59999999999
1762674900000000000,0.100759,102903.53,102903.53,101944.59
1762676700000000000,0.100759,102903.53,102903.53,101942.38
1762678500000000000,0.100759,102903.53,102903.53,101972.94
1762680300000000000,0.100759,102903.53,102903.53,101962.81
1762682100000000000,0.100759,102903.53,102903.53,101657.45999999999
1762683900000000000,0.100759,102903.53,102903.53,101757.37999999999
1762685700000000000,0.100759,102903.53,102903.53,101876.36
1762687500000000000,0.100759,102903.53,102903.53,102125.34
1762689300000000000,0.100759,102903.53,102903.53,102239.41
1762691100000000000,0.100759,102903.53,102903.53,102193.28
1762692900000000000,0.100759,102903.53,102903.53,102086.9
1762694700000000000,0.045608,102938.73999999999,102938.73999999999,102510.33
1762696500000000000,0.191765,102935.74,102935.74,102911.39
1762698300000000000,0.191765,102935.74,102935.74,103876.45000000001
1762700100000000000,0.191765,102935.74,102935.74,103037.90000000001
1762701900000000000,0.191765,102935.74,102935.74,103585.13
1762703700000000000,0.191765,102935.74,102935.74,103762.17
1762705500000000000,0.191765,102935.74,102935.74,103493.59
1762707300000000000,0.191765,102935.74,102935.74,103845.04
1762709100000000000,0.191765,102935.74,102935.74,103615.51
1762710900000000000,0.191765,102935.74,102935.74,103637.57
1762712700000000000,0.191765,102935.74,102935.74,103613.05
1762714500000000000,0.239707,102934.73999999999,102934.73999999999,104512.65
1762716300000000000,0.239707,102934.73999999999,102934.73999999999,104736.51999999999
1762718100000000000,0.239707,102934.73999999999,102934.73999999999,104805.57
1762719900000000000,0.249244,102934.54000000001,102934.54000000001,104501.72
1762721700000000000,0.249244,102934.54000000001,102934.54000000001,104633.12
1762723500000000000,0.249244,102934.54000000001,102934.54000000001,104641.88
1762725300000000000,0.249244,102934.54000000001,102934.54000000001,104528.81999999999
1762727100000000000,0.249244,102934.54000000001,102934.54000000001,104331.53
1762728900000000000,0.249244,102934.54000000001,102934.54000000001,104732.48
1762730700000000000,0.249244,102934.54000000001,102934.54000000001,104657.87
1762732500000000000,0.249244,102934.54000000001,102934.54000000001,104722.96
1762734300000000000,0.249244,102934.54000000001,102934.54000000001,105513.04
1762736100000000000,0.249244,102934.54000000001,102934.54000000001,106314.96
1762737900000000000,0.249244,102934.54000000001,102934.54000000001,106071.99
1762739700000000000,0.249244,102934.54000000001,102934.54000000001,105699.99
1762741500000000000,0.249244,102934.54000000001,102934.54000000001,105765.13
1762743300000000000,0.249244,102934.54000000001,102934.54000000001,106006.69
1762745100000000000,0.249244,102934.54000000001,102934.54000000001,105953.97
1762746900000000000,0.249244,102934.54000000001,102934.54000000001,106027.97
1762748700000000000,0.249244,102934.54000000001,102934.54000000001,105945.91
1762750500000000000,0.249244,102934.54000000001,102934.54000000001,106153.14
1762752300000000000,0.249244,102934.54000000001,102934.54000000001,106231.16
1762754100000000000,0.249244,102934.54000000001,102934.54000000001,106100.0
1762755900000000000,0.249244,102934.54000000001,102934.54000000001,106116.45000000001
1762757700000000000,0.249244,102934.54000000001,102934.54000000001,106221.88
1762759500000000000,0.249244,102934.54000000001,102934.54000000001,106334.48
1762761300000000000,0.249244,102934.54000000001,102934.54000000001,106461.45
1762763100000000000,0.202179,102781.64,102781.64,106245.14
1762764900000000000,0.154987,102641.79999999999,102641.79999999999,105965.45999999999
1762766700000000000,0.154987,102641.79999999999,102641.79999999999,106422.0
1762768500000000000,0.154987,102641.79999999999,102641.79999999999,106440.0
1762770300000000000,0.154987,102641.79999999999,102641.79999999999,106169.70999999999
1762772100000000000,0.154987,102641.79999999999,102641.79999999999,105995.26000000001
1762773900000000000,0.154987,102641.79999999999,102641.79999999999,106172.01999999999
1762775700000000000,0.154987,102641.79999999999,102641.79999999999,106176.5
1762777500000000000,0.154987,102641.79999999999,102641.79999999999,105919.23
1762779300000000000,0.154987,102641.79999999999,102641.79999999999,105944.17
1762781100000000000,0.154987,102641.79999999999,102641.79999999999,106303.78
1762782900000000000,0.154987,102641.79999999999,102641.79999999999,106548.01999999999
1762784700000000000,0.154987,102641.79999999999,102641.79999999999,106189.67
1762786500000000000,0.154987,102641.79999999999,102641.79999999999,104898.15000000001
1762788300000000000,0.154987,102641.79999999999,102641.79999999999,105479.7
1762790100000000000,0.154987,102641.79999999999,102641.79999999999,105079.99
1762791900000000000,0.154987,102641.79999999999,102641.79999999999,105178.8
1762793700000000000,0.154987,102641.79999999999,102641.79999999999,105242.05
1762795500000000000,0.154987,102641.79999999999,102641.79999999999,105365.6
1762797300000000000,0.154987,102641.79999999999,102641.79999999999,105953.1
1762799100000000000,0.154987,102641.79999999999,102641.79999999999,105903.83
1762800900000000000,0.154987,102641.79999999999,102641.79999999999,105478.0
1762802700000000000,0.154987,102641.79999999999,102641.79999999999,105726.17
1762804500000000000,0.154987,102641.79999999999,102641.79999999999,105817.99
1762806300000000000,0.154987,102641.79999999999,102641.79999999999,106036.65
1762808100000000000,0.154987,102641.79999999999,102641.79999999999,106010.73
1762809900000000000,0.154987,102641.79999999999,102641.79999999999,105556.22
1762811700000000000,0.154987,102641.79999999999,102641.79999999999,105631.27
1762813500000000000,0.154987,102641.79999999999,102641.79999999999,105618.0
1762815300000000000,0.154987,102641.79999999999,102641.79999999999,106062.8
1762817100000000000,0.154987,102641.79999999999,102641.79999999999,106184.26
1762818900000000000,0.154987,102641.79999999999,102641.79999999999,106011.13
1762820700000000000,0.107649,102516.92000000001,102516.92000000001,105721.73000000001
1762822500000000000,0.107649,102516.92000000001,102516.92000000001,106139.83
1762824300000000000,0.268001,102513.5,102513.5,106792.58
1762826100000000000,0.268001,102513.5,102513.5,106110.36
1762827900000000000,0.268001,102513.5,102513.5,106368.37000000001
1762829700000000000,0.268001,102513.5,102513.5,106655.02
1762831500000000000,0.268001,102513.5,102513.5,106773.06
1762833300000000000,0.268001,102513.5,102513.5,106456.0
1762835100000000000,0.268001,102513.5,102513.5,105978.89
1762836900000000000,0.268001,102513.5,102513.5,105755.32
1762838700000000000,0.172971,102503.37999999999,102503.37999999999,105562.17
1762840500000000000,0.172971,102503.37999999999,102503.37999999999,105249.35
1762842300000000000,0.172971,102503.37999999999,102503.37999999999,105042.68000000001
1762844100000000000,0.172971,102503.37999999999,102503.37999999999,105261.27
1762845900000000000,0.172971,102503.37999999999,102503.37999999999,105165.94
1762847700000000000,0.172971,102503.37999999999,102503.37999999999,104783.98000000001
1762849500000000000,0.172971,102503.37999999999,102503.37999999999,105095.71999999999
1762851300000000000,0.172971,102503.37999999999,102503.37999999999,105157.79999999999
1762853100000000000,0.172971,102503.37999999999,102503.37999999999,105338.76
1762854900000000000,0.172971,102503.37999999999,102503.37999999999,104971.62999999999
1762856700000000000,0.172971,102503.37999999999,102503.37999999999,105130.41
1762858500000000000,0.172971,102503.37999999999,102503.37999999999,105176.38
1762860300000000000,0.172971,102503.37999999999,102503.37999999999,105304.0
1762862100000000000,0.172971,102503.37999999999,102503.37999999999,105311.90000000001
1762863900000000000,0.172971,102503.37999999999,102503.37999999999,104956.77
1762865700000000000,0.172971,102503.37999999999,102503.37999999999,104530.83
1762867500000000000,0.172971,102503.37999999999,102503.37999999999,104324.31
1762869300000000000,0.172971,102503.37999999999,102503.37999999999,104390.92
1762871100000000000,0.172971,102503.37999999999,102503.37999999999,104478.33
1762872900000000000,0.172971,102503.37999999999,102503.37999999999,104560.16
1762874700000000000,0.172971,102503.37999999999,102503.37999999999,103706.55
1762876500000000000,0.172971,102503.37999999999,102503.37999999999,103455.99
1762878300000000000,0.172971,102503.37999999999,102503.37999999999,103413.99
1762880100000000000,0.172971,102503.37999999999,102503.37999999999,103399.43000000001
1762881900000000000,0.172971,102503.37999999999,102503.37999999999,103396.04
1762883700000000000,0.172971,102503.37999999999,102503.37999999999,103338.98999999999
1762885500000000000,0.172971,102503.37999999999,102503.37999999999,103315.5
1762887300000000000,0.172971,102503.37999999999,102503.37999999999,103401.06999999999
1762889100000000000,0.172971,102503.37999999999,102503.37999999999,103413.43000000001
1762890900000000000,0.172971,102503.37999999999,102503.37999999999,103126.39
1762892700000000000,0.172971,102503.37999999999,102503.37999999999,102961.6
1762894500000000000,0.172971,102503.37999999999,102503.37999999999,102809.27
1762896300000000000,0.172971,102503.37999999999,102503.37999999999,102784.78
1762898100000000000,0.12426,102624.08,102624.08,102633.92
1762899900000000000,0.12426,102624.08,102624.08,102936.86
1762901700000000000,0.12426,102624.08,102624.08,103000.01
1762903500000000000,0.12426,102624.08,102624.08,103121.48
1762905300000000000,0.12426,102624.08,102624.08,103058.98999999999
1762907100000000000,0.12426,102624.08,102624.08,103075.49
1762908900000000000,0.12426,102624.08,102624.08,102885.99
1762910700000000000,0.12426,102624.08,102624.08,103146.56
1762912500000000000,0.12426,102624.08,102624.08,103254.64
1762914300000000000,0.12426,102624.08,102624.08,103296.0
1762916100000000000,0.12426,102624.08,102624.08,103151.66
1762917900000000000,0.12426,102624.08,102624.08,103324.0
1762919700000000000,0.12426,102624.08,102624.08,103310.0
1762921500000000000,0.12426,102624.08,102624.08,103209.13
1762923300000000000,0.12426,102624.08,102624.08,103246.87
1762925100000000000,0.12426,102624.08,102624.08,103360.41
1762926900000000000,0.12426,102624.08,102624.08,103385.3
1762928700000000000,0.12426,102624.08,102624.08,103530.0
1762930500000000000,0.12426,102624.08,102624.08,103366.97
1762932300000000000,0.12426,102624.08,102624.08,103422.92
1762934100000000000,0.12426,102624.08,102624.08,103112.66
1762935900000000000,0.220813,102622.08,102622.08,103863.0
1762937700000000000,0.220813,102622.08,102622.08,104147.23999999999
1762939500000000000,0.220813,102622.08,102622.08,104754.84000000001
1762941300000000000,0.220813,102622.08,102622.08,104521.56000000001
1762943100000000000,0.220813,102622.08,102622.08,104727.76
1762944900000000000,0.220813,102622.08,102622.08,104899.99
1762946700000000000,0.220813,102622.08,102622.08,104794.01999999999
1762948500000000000,0.220813,102622.08,102622.08,105020.83
1762950300000000000,0.220813,102622.08,102622.08,104963.35
1762952100000000000,0.220813,102622.08,102622.08,104993.74
1762953900000000000,0.220813,102622.08,102622.08,104974.47
1762955700000000000,0.220813,102622.08,102622.08,105039.99
1762957500000000000,0.220813,102622.08,102622.08,104765.43000000001
1762959300000000000,0.220813,102622.08,102622.08,103990.4
1762961100000000000,0.220813,102622.08,102622.08,103458.01
1762962900000000000,0.070228,102974.32,102974.32,102173.51
1762964700000000000,0.070228,102974.32,102974.32,101800.76000000001
1762966500000000000,0.070228,102974.32,102974.32,101442.61
1762968300000000000,0.070228,102974.32,102974.32,101601.42
1762970100000000000,0.070228,102974.32,102974.32,101748.01999999999
1762971900000000000,0.070228,102974.32,102974.32,101610.88
1762973700000000000,0.070228,102974.32,102974.32,101542.17
1762975500000000000,0.070228,102974.32,102974.32,101085.61
1762976700000000000,0.070228,102974.32,102974.32,101240.0
1762977000000000000,0.0,102876.58,102876.58,101320.31
1762977300000000000,0.0,102876.58,102876.58,101297.31
1762977600000000000,0.0,102876.58,102876.58,101377.99
1762977900000000000,0.0,102876.58,102876.58,101476.2
1762978200000000000,0.0,102876.58,102876.58,101431.99
1762978500000000000,0.0,102876.58,102876.58,101611.78
1762978800000000000,0.0,102876.58,102876.58,101571.39
1762979100000000000,0.0,102876.58,102876.58,101717.3
1762979400000000000,0.0,102876.58,102876.58,101733.83
1762979700000000000,0.0,102876.58,102876.58,101671.1
1762980000000000000,0.0,102876.58,102876.58,101683.41
1762980300000000000,0.0,102876.58,102876.58,101610.32
1762980600000000000,0.0,102876.58,102876.58,101675.61
1762980900000000000,0.0,102876.58,102876.58,101539.01000000001
1762981200000000000,0.0,102876.58,102876.58,101550.01
1762981500000000000,0.0,102876.58,102876.58,101667.76
1762981800000000000,0.0,102876.58,102876.58,101894.32
1762982100000000000,0.0,102876.58,102876.58,101839.18000000001
1762982400000000000,0.0,102876.58,102876.58,101730.36
1762982700000000000,0.0,102876.58,102876.58,101715.78
1762983000000000000,0.0,102876.58,102876.58,101864.53
1762983300000000000,0.0,102876.58,102876.58,101827.32
1762983600000000000,0.0,102876.58,102876.58,101805.12
1762983900000000000,0.0,102876.58,102876.58,101810.0
1762984200000000000,0.0,102876.58,102876.58,101828.01
1762984500000000000,0.0,102876.58,102876.58,101920.47
1762984800000000000,0.0,102876.58,102876.58,101835.79
1762985100000000000,0.0,102876.58,102876.58,101671.26000000001
1762985400000000000,0.0,102876.58,102876.58,101469.1
1762985700000000000,0.0,102876.58,102876.58,101576.44
1762986000000000000,0.0,102876.58,102876.58,101747.99
1762986300000000000,0.0,102876.58,102876.58,101697.98000000001
1762986600000000000,0.0,102876.58,102876.58,101643.34
1762986900000000000,0.0,102876.58,102876.58,101796.79000000001
1762988100000000000,0.0,102876.58,102876.58,101978.96
1762989900000000000,0.0,102876.58,102876.58,101878.52
1762991700000000000,0.049258,102875.58,102875.58,101654.37000000001
1762993500000000000,0.049258,102875.58,102875.58,101483.6
1762995300000000000,0.049258,102875.58,102875.58,101854.58
1762997100000000000,0.14626,102918.08,102918.08,101998.25
1762998900000000000,0.14626,102918.08,102918.08,102007.0
1763000700000000000,0.14626,102918.08,102918.08,101994.07
1763002500000000000,0.14626,102918.08,102918.08,102064.41
1763004300000000000,0.047438,103019.64,103019.64,102124.07
1763006100000000000,0.047438,103019.64,103019.64,102130.21
1763007900000000000,0.047438,103019.64,103019.64,102145.23
1763009700000000000,0.047438,103019.64,103019.64,102120.0
1763011500000000000,0.047438,103019.64,103019.64,102256.62000000001
1763013300000000000,0.047438,103019.64,103019.64,103135.84
1763015100000000000,0.047438,103019.64,103019.64,103577.20999999999
1763016900000000000,0.047438,103019.64,103019.64,103590.73999999999
1763018700000000000,0.047438,103019.64,103019.64,103922.01999999999
1763020500000000000,0.047438,103019.64,103019.64,103475.66
1763022300000000000,0.047438,103019.64,103019.64,103722.01999999999
1763024100000000000,0.047438,103019.64,103019.64,103684.06
1763025900000000000,0.047438,103019.64,103019.64,102902.71
1763027700000000000,0.047438,103019.64,103019.64,102827.0
1763029500000000000,0.047438,103019.64,103019.64,103073.54999999999
1763031300000000000,0.047438,103019.64,103019.64,102991.22
1763033100000000000,0.047438,103019.64,103019.64,102918.09
1763034900000000000,0.047438,103019.64,103019.64,102936.5
1763036700000000000,0.047438,103019.64,103019.64,102952.90999999999
1763038500000000000,0.047438,103019.64,103019.64,103143.45
1763040300000000000,0.047438,103019.64,103019.64,102554.62000000001
1763042100000000000,0.047438,103019.64,103019.64,102326.48
1763043900000000000,0.047438,103019.64,103019.64,102449.99
1763045700000000000,0.096172,103018.64,103018.64,102873.14
1763047500000000000,0.096172,103018.64,103018.64,102205.91
1763049300000000000,0.096172,103018.64,103018.64,101382.64
1763051100000000000,0.002794,103149.01000000001,103149.01000000001,101064.94
1763052900000000000,0.002794,103149.01000000001,103149.01000000001,100633.13
1763054700000000000,0.022832,103148.61,103148.61,100314.98
1763056500000000000,0.022832,103148.61,103148.61,99659.99
1763058300000000000,0.022832,103148.61,103148.61,99100.17
1763060100000000000,0.022832,103148.61,103148.61,98591.78
1763061900000000000,0.022832,103148.61,103148.61,99170.77
1763062200000000000,0.022832,103148.61,103148.61,98771.53
1763062500000000000,0.022832,103148.61,103148.61,98702.66
1763062800000000000,0.0,103112.95,103112.95,98910.95
1763063100000000000,0.0,103112.95,103112.95,98661.26000000001
1763063400000000000,0.0,103112.95,103112.95,98712.73
1763063700000000000,0.0,103112.95,103112.95,98682.14
1763064000000000000,0.0,103112.95,103112.95,98293.45
1763064300000000000,0.0,103112.95,103112.95,98509.06
1763064600000000000,0.0,103112.95,103112.95,98308.6
1763064900000000000,0.0,103112.95,103112.95,98080.73999999999
1763065200000000000,0.0,103112.95,103112.95,98284.11
1763065500000000000,0.0,103112.95,103112.95,98530.69
1763065800000000000,0.0,103112.95,103112.95,98472.43
1763066100000000000,0.0,103112.95,103112.95,98794.32
1763066400000000000,0.0,103112.95,103112.95,98555.87
1763066700000000000,0.0,103112.95,103112.95,98314.76
1763067000000000000,0.0,103112.95,103112.95,98173.69
1763067300000000000,0.0,103112.95,103112.95,98162.11
1763067600000000000,0.0,103112.95,103112.95,98325.76
1763067900000000000,0.0,103112.95,103112.95,98606.62000000001
1763068200000000000,0.0,103112.95,103112.95,98619.99
1763068500000000000,0.0,103112.95,103112.95,98441.67
1763068800000000000,0.0,103112.95,103112.95,98374.61
1763069100000000000,0.0,103112.95,103112.95,98515.89
1763069400000000000,0.0,103112.95,103112.95,98619.97
1763069700000000000,0.0,103112.95,103112.95,98581.37
1763070000000000000,0.0,103112.95,103112.95,98836.26999999999
1763070300000000000,0.0,103112.95,103112.95,98816.53
1763070600000000000,0.0,103112.95,103112.95,98900.01
1763070900000000000,0.0,103112.95,103112.95,98817.36
1763071200000000000,0.0,103112.95,103112.95,98900.01
1763071500000000000,0.0,103112.95,103112.95,99041.76
1763071800000000000,0.0,103112.95,103112.95,99301.61
1763072100000000000,0.0,103112.95,103112.95,99273.75
1763072400000000000,0.0,103112.95,103112.95,99466.5
1763072700000000000,0.0,103112.95,103112.95,99507.82
1763073000000000000,0.0,103112.95,103112.95,99480.0
1763073300000000000,0.0,103112.95,103112.95,99749.99
1763073600000000000,0.0,103112.95,103112.95,99776.34999999999
1763073900000000000,0.0,103112.95,103112.95,99770.13
1763074200000000000,0.0,103112.95,103112.95,99892.44
1763074500000000000,0.0,103112.95,103112.95,99851.82
1763074800000000000,0.0,103112.95,103112.95,99714.01
1763075100000000000,0.0,103112.95,103112.95,99920.73999999999
1763075400000000000,0.0,103112.95,103112.95,100092.41
1763075700000000000,0.0,103112.95,103112.95,100372.0
1763076000000000000,0.0,103112.95,103112.95,100250.0
1763076300000000000,0.0,103112.95,103112.95,100231.64
1763078100000000000,0.050127,103111.95,103111.95,99692.01999999999
1763079900000000000,0.100528,103110.95,103110.95,99469.09000000001
1763081700000000000,0.100528,103110.95,103110.95,98973.95
1763083500000000000,0.100528,103110.95,103110.95,99102.87
1763085300000000000,0.100528,103110.95,103110.95,99255.6
1763087100000000000,0.100528,103110.95,103110.95,99683.35
1763088900000000000,0.100528,103110.95,103110.95,99620.0
1763090700000000000,0.100528,103110.95,103110.95,99294.8
1763092500000000000,0.100528,103110.95,103110.95,99139.37999999999
1763094300000000000,0.100528,103110.95,103110.95,98976.63
1763096100000000000,0.100528,103110.95,103110.95,97823.98000000001
1763097900000000000,0.100528,103110.95,103110.95,97268.0
1763099700000000000,0.100528,103110.95,103110.95,97523.98000000001
1763101500000000000,0.100528,103110.95,103110.95,96989.22
1763103300000000000,0.100528,103110.95,103110.95,97569.13
1763105100000000000,0.100528,103110.95,103110.95,97699.28
1763106900000000000,0.100528,103110.95,103110.95,97151.98000000001
1763108700000000000,0.100528,103110.95,103110.95,96930.52
1763110500000000000,0.100528,103110.95,103110.95,97377.41
1763112300000000000,0.100528,103110.95,103110.95,97079.17
1763114100000000000,0.100528,103110.95,103110.95,96839.93
1763115900000000000,0.100528,103110.95,103110.95,96999.90000000001
1763117700000000000,0.100528,103110.95,103110.95,96752.2
1763119500000000000,0.100528,103110.95,103110.95,96529.87
1763121300000000000,0.100528,103110.95,103110.95,96167.44
1763123100000000000,0.100528,103110.95,103110.95,95756.95
1763124900000000000,0.100528,103110.95,103110.95,95350.75
1763126700000000000,0.100528,103110.95,103110.95,95099.99
1763128500000000000,0.100528,103110.95,103110.95,95243.95
1763130300000000000,0.100528,103110.95,103110.95,95412.62000000001
1763132100000000000,0.100528,103110.95,103110.95,96542.38
1763133900000000000,0.100528,103110.95,103110.95,96543.45999999999
1763135700000000000,0.100528,103110.95,103110.95,96796.14
1763137500000000000,0.100528,103110.95,103110.95,96974.13
1763139300000000000,0.100528,103110.95,103110.95,97011.22
1763141100000000000,0.100528,103110.95,103110.95,96719.03
1763142900000000000,0.100528,103110.95,103110.95,95842.56
1763144700000000000,0.100528,103110.95,103110.95,96050.9
1763146500000000000,0.15306,103109.95,103109.95,95075.53
1763148300000000000,0.15306,103109.95,103109.95,95737.7
1763150100000000000,0.15306,103109.95,103109.95,95778.29000000001
1763151900000000000,0.15306,103109.95,103109.95,94934.15000000001
1763153700000000000,0.15306,103109.95,103109.95,94377.47
1763155500000000000,0.15306,103109.95,103109.95,94692.17
1763157300000000000,0.15306,103109.95,103109.95,95059.47
1763159100000000000,0.15306,103109.95,103109.95,95282.98
1763160900000000000,0.15306,103109.95,103109.95,95179.99
1763162700000000000,0.15306,103109.95,103109.95,94324.25
1763164500000000000,0.15306,103109.95,103109.95,94594.0
1763166300000000000,0.15306,103109.95,103109.95,95365.25
1763168100000000000,0.15306,103109.95,103109.95,95149.35
1763169900000000000,0.15306,103109.95,103109.95,95117.65000000001
1763171700000000000,0.15306,103109.95,103109.95,95650.17
1763173500000000000,0.15306,103109.95,103109.95,95880.0
1763175300000000000,0.15306,103109.95,103109.95,96482.77
1763177100000000000,0.15306,103109.95,103109.95,96656.01
1763178900000000000,0.15306,103109.95,103109.95,96417.12
1763180700000000000,0.15306,103109.95,103109.95,96087.05
1763182500000000000,0.15306,103109.95,103109.95,96112.14
1763184300000000000,0.15306,103109.95,103109.95,96074.11
1763186100000000000,0.15306,103109.95,103109.95,96342.18
1763187900000000000,0.15306,103109.95,103109.95,96409.73000000001
1763189700000000000,0.15306,103109.95,103109.95,96121.27
1763191500000000000,0.15306,103109.95,103109.95,96326.4
1763193300000000000,0.15306,103109.95,103109.95,96333.86
1763195100000000000,0.205239,103108.95,103108.95,95969.12
1763196900000000000,0.205239,103108.95,103108.95,95910.88
1763198700000000000,0.205239,103108.95,103108.95,95944.62000000001
1763200500000000000,0.205239,103108.95,103108.95,95808.44
1763202300000000000,0.205239,103108.95,103108.95,95867.3
1763204100000000000,0.205239,103108.95,103108.95,95952.13
1763205900000000000,0.205239,103108.95,103108.95,95839.44
1763207700000000000,0.205239,103108.95,103108.95,95696.87
1763209500000000000,0.205239,103108.95,103108.95,95855.73000000001
1763211300000000000,0.205239,103108.95,103108.95,95814.08
1763213100000000000,0.205239,103108.95,103108.95,96059.57
1763214900000000000,0.205239,103108.95,103108.95,96370.16
1763216700000000000,0.205239,103108.95,103108.95,96140.81
1763218500000000000,0.205239,103108.95,103108.95,96254.25
1763220300000000000,0.205239,103108.95,103108.95,96381.44
1763222100000000000,0.205239,103108.95,103108.95,96260.0
1763223900000000000,0.205239,103108.95,103108.95,95803.6
1763225700000000000,0.205239,103108.95,103108.95,96162.84000000001
1763227500000000000,0.205239,103108.95,103108.95,96013.72
1763229300000000000,0.205239,103108.95,103108.95,96238.5
1763231100000000000,0.205239,103108.95,103108.95,96065.0
1763232900000000000,0.205239,103108.95,103108.95,96052.98999999999
1763234700000000000,0.205239,103108.95,103108.95,96059.98000000001
1763236500000000000,0.205239,103108.95,103108.95,96012.01
1763238300000000000,0.205239,103108.95,103108.95,95723.97
1763240100000000000,0.257667,103107.95,103107.95,95277.52
1763241900000000000,0.257667,103107.95,103107.95,95416.15000000001
1763243700000000000,0.257667,103107.95,103107.95,95279.99
1763245500000000000,0.257667,103107.95,103107.95,95612.5
1763247300000000000,0.257667,103107.95,103107.95,95619.62
1763249100000000000,0.257667,103107.95,103107.95,95635.71999999999
1763250900000000000,0.257667,103107.95,103107.95,95596.24
1763252700000000000,0.310074,103106.95,103106.95,95268.08
1763254500000000000,0.310074,103106.95,103106.95,95362.0
1763256300000000000,0.362631,103105.95,103105.95,95450.01
1763258100000000000,0.362631,103105.95,103105.95,95276.62000000001
1763259900000000000,0.362631,103105.95,103105.95,95660.45000000001
1763261700000000000,0.206304,103014.81,103014.81,95963.87999999999
1763263500000000000,0.206304,103014.81,103014.81,95814.9
1763265300000000000,0.206304,103014.81,103014.81,95825.02
1763267100000000000,0.206304,103014.81,103014.81,95835.76
1763268900000000000,0.206304,103014.81,103014.81,95821.79
1763270700000000000,0.206304,103014.81,103014.81,95966.37000000001
1763272500000000000,0.206304,103014.81,103014.81,95881.82
1763274300000000000,0.206304,103014.81,103014.81,95978.88
1763276100000000000,0.206304,103014.81,103014.81,95813.53
1763277900000000000,0.206304,103014.81,103014.81,95820.75
1763279700000000000,0.206304,103014.81,103014.81,96099.99
1763281500000000000,0.050421,102966.48,102966.48,95869.42
1763283300000000000,0.050421,102966.48,102966.48,96116.94
1763285100000000000,0.050421,102966.48,102966.48,96107.62999999999
1763286900000000000,0.050421,102966.48,102966.48,96629.75
1763288700000000000,0.050421,102966.48,102966.48,96481.27
1763290500000000000,0.050421,102966.48,102966.48,96444.71
1763292300000000000,0.050421,102966.48,102966.48,95608.64
1763294100000000000,0.050421,102966.48,102966.48,95627.13
1763295900000000000,0.050421,102966.48,102966.48,95815.84999999999
1763297700000000000,0.050421,102966.48,102966.48,95743.90000000001
1763299500000000000,0.050421,102966.48,102966.48,95390.01
1763301300000000000,0.050421,102966.48,102966.48,95420.44
1763303100000000000,0.050421,102966.48,102966.48,95408.01999999999
1763304900000000000,0.050421,102966.48,102966.48,95531.13
1763306700000000000,0.050421,102966.48,102966.48,95428.7
1763308500000000000,0.142625,102964.73,102964.73,94573.45999999999
1763310300000000000,0.142625,102964.73,102964.73,94304.42
1763312100000000000,0.142625,102964.73,102964.73,94224.47
1763313900000000000,0.142625,102964.73,102964.73,94397.09000000001
1763315700000000000,0.142625,102964.73,102964.73,94357.67
1763317500000000000,0.142625,102964.73,102964.73,94828.12000000001
1763319300000000000,0.142625,102964.73,102964.73,94049.64
1763321100000000000,0.142625,102964.73,102964.73,94399.04
1763322900000000000,0.142625,102964.73,102964.73,94020.0
1763324700000000000,0.142625,102964.73,102964.73,94618.51
1763326500000000000,0.142625,102964.73,102964.73,94090.0
1763328300000000000,0.142625,102964.73,102964.73,93677.44
1763330100000000000,0.142625,102964.73,102964.73,93505.22
1763331900000000000,0.142625,102964.73,102964.73,93670.28
1763333700000000000,0.142625,102964.73,102964.73,94183.36
1763335500000000000,0.142625,102964.73,102964.73,94242.01999999999
1763337300000000000,0.142625,102964.73,102964.73,94261.44
1763339100000000000,0.142625,102964.73,102964.73,94723.65000000001
1763340900000000000,0.142625,102964.73,102964.73,95290.01
1763342700000000000,0.142625,102964.73,102964.73,95147.59
1763344500000000000,0.142625,102964.73,102964.73,94768.01999999999
1763346300000000000,0.142625,102964.73,102964.73,95159.70999999999
1763348100000000000,0.142625,102964.73,102964.73,94976.18
1763349900000000000,0.142625,102964.73,102964.73,95433.01000000001
1763351700000000000,0.142625,102964.73,102964.73,95496.77
1763353500000000000,0.142625,102964.73,102964.73,95411.96
1763355300000000000,0.142625,102964.73,102964.73,95096.73999999999
1763357100000000000,0.142625,102964.73,102964.73,95151.90000000001
1763358900000000000,0.142625,102964.73,102964.73,95122.76
1763360700000000000,0.142625,102964.73,102964.73,95070.75
1763362500000000000,0.142625,102964.73,102964.73,95282.36
1763364300000000000,0.142625,102964.73,102964.73,95449.40000000001
1763366100000000000,0.090464,102981.88,102981.88,95653.77
1763367900000000000,0.090464,102981.88,102981.88,95846.83
1763369700000000000,0.090464,102981.88,102981.88,95619.06
1763371500000000000,0.090464,102981.88,102981.88,95726.56
1763373300000000000,0.090464,102981.88,102981.88,95656.21
1763375100000000000,0.090464,102981.88,102981.88,95635.71999999999
1763376900000000000,0.090464,102981.88,102981.88,95651.7
1763378700000000000,0.090464,102981.88,102981.88,95716.21
1763380500000000000,0.090464,102981.88,102981.88,95565.37999999999
1763382300000000000,0.090464,102981.88,102981.88,95459.99
1763384100000000000,0.090464,102981.88,102981.88,95312.23
1763385900000000000,0.301086,102977.88,102977.88,94571.87999999999
1763387700000000000,0.301086,102977.88,102977.88,93959.79
1763389500000000000,0.301086,102977.88,102977.88,94155.06
1763391300000000000,0.301086,102977.88,102977.88,94769.31999999999
1763393100000000000,0.301086,102977.88,102977.88,94530.71
1763394900000000000,0.301086,102977.88,102977.88,93959.67
1763396700000000000,0.301086,102977.88,102977.88,93480.29000000001
1763398500000000000,0.301086,102977.88,102977.88,94306.0
1763400300000000000,0.301086,102977.88,102977.88,93532.63
1763402100000000000,0.301086,102977.88,102977.88,92767.49
1763403900000000000,0.301086,102977.88,102977.88,92462.98
1763405700000000000,0.301086,102977.88,102977.88,92549.01000000001
1763407500000000000,0.301086,102977.88,102977.88,92280.34999999999
1763409300000000000,0.301086,102977.88,102977.88,91678.93000000001
1763411100000000000,0.301086,102977.88,102977.88,91767.28
1763412900000000000,0.301086,102977.88,102977.88,91920.59
1763414700000000000,0.301086,102977.88,102977.88,91783.31
1763416500000000000,0.301086,102977.88,102977.88,91959.70999999999
1763418300000000000,0.301086,102977.88,102977.88,92172.75
1763420100000000000,0.301086,102977.88,102977.88,92247.62999999999
1763421900000000000,0.301086,102977.88,102977.88,91884.37000000001
1763423700000000000,0.301086,102977.88,102977.88,92215.14
1763425500000000000,0.301086,102977.88,102977.88,92029.83
1763427300000000000,0.355767,102976.88,102976.88,92169.86
1763429100000000000,0.355767,102976.88,102976.88,91798.86
1763430900000000000,0.355767,102976.88,102976.88,91714.29000000001
1763432700000000000,0.366767,102976.68,102976.68,91670.89
1763434500000000000,0.366767,102976.68,102976.68,90866.01
1763436300000000000,0.366767,102976.68,102976.68,90027.77
1763438100000000000,0.366767,102976.68,102976.68,90842.72
1763439900000000000,0.366767,102976.68,102976.68,89924.85
1763441700000000000,0.366767,102976.68,102976.68,90081.90000000001
1763443500000000000,0.366767,102976.68,102976.68,90193.68
1763445300000000000,0.366767,102976.68,102976.68,90221.33
1763447100000000000,0.366767,102976.68,102976.68,90066.39
1763448900000000000,0.366767,102976.68,102976.68,89651.3
1763450700000000000,0.366767,102976.68,102976.68,90155.29
1763452500000000000,0.366767,102976.68,102976.68,90512.09999999999
1763454300000000000,0.366767,102976.68,102976.68,90842.01
1763456100000000000,0.366767,102976.68,102976.68,91220.0
1763457900000000000,0.366767,102976.68,102976.68,90934.0
1763459700000000000,0.366767,102976.68,102976.68,91400.01
1763461500000000000,0.366767,102976.68,102976.68,91340.79000000001
1763463300000000000,0.366767,102976.68,102976.68,91585.02
1763465100000000000,0.366767,102976.68,102976.68,91468.65
1763466900000000000,0.366767,102976.68,102976.68,91517.82
1763468700000000000,0.366767,102976.68,102976.68,91222.71
1763470500000000000,0.366767,102976.68,102976.68,91518.54000000001
1763472300000000000,0.366767,102976.68,102976.68,91288.58
1763474100000000000,0.366767,102976.68,102976.68,91476.56
1763475900000000000,0.366767,102976.68,102976.68,91785.82
1763477700000000000,0.366767,102976.68,102976.68,91359.29
1763479500000000000,0.043373,102426.75,102426.75,92801.62
1763481300000000000,0.043373,102426.75,102426.75,92910.09999999999
1763483100000000000,0.043373,102426.75,102426.75,93733.14
1763484900000000000,0.043373,102426.75,102426.75,93499.16
1763486700000000000,0.043373,102426.75,102426.75,92963.58
1763488500000000000,0.043373,102426.75,102426.75,93256.92000000001
1763490300000000000,0.043373,102426.75,102426.75,93231.99
1763492100000000000,0.043373,102426.75,102426.75,93331.07999999999
1763493900000000000,0.043373,102426.75,102426.75,93442.73999999999
1763495700000000000,0.043373,102426.75,102426.75,93195.61
1763497500000000000,0.043373,102426.75,102426.75,93133.23
1763499300000000000,0.043373,102426.75,102426.75,92783.36
1763501100000000000,0.043373,102426.75,102426.75,92940.66
1763502900000000000,0.043373,102426.75,102426.75,92491.59
1763504700000000000,0.043373,102426.75,102426.75,93246.88
1763506500000000000,0.043373,102426.75,102426.75,93160.0
1763508300000000000,0.043373,102426.75,102426.75,92829.95
1763510100000000000,0.043373,102426.75,102426.75,92960.83
1763511900000000000,0.043373,102426.75,102426.75,92301.53
1763513700000000000,0.043373,102426.75,102426.75,92416.51
1763515500000000000,0.043373,102426.75,102426.75,92431.0
1763517300000000000,0.043373,102426.75,102426.75,92439.99
1763519100000000000,0.043373,102426.75,102426.75,92612.33
1763520900000000000,0.043373,102426.75,102426.75,92569.12
1763522700000000000,0.043373,102426.75,102426.75,92299.90000000001
1763524500000000000,0.043373,102426.75,102426.75,91874.52
1763526300000000000,0.043373,102426.75,102426.75,91694.96
1763528100000000000,0.043373,102426.75,102426.75,91163.2
1763529900000000000,0.098223,102425.75,102425.75,90840.55
1763531700000000000,0.098223,102425.75,102425.75,90459.99
1763533500000000000,0.098223,102425.75,102425.75,90815.99
1763535300000000000,0.098223,102425.75,102425.75,90990.87
1763537100000000000,0.098223,102425.75,102425.75,91270.65
1763538900000000000,0.043853,102389.53,102389.53,91863.64
1763540700000000000,0.043853,102389.53,102389.53,91923.78
1763542500000000000,0.043853,102389.53,102389.53,91470.43999999999
1763544300000000000,0.043853,102389.53,102389.53,91292.81
1763546100000000000,0.043853,102389.53,102389.53,91513.72
1763547900000000000,0.043853,102389.53,102389.53,91500.01
1763549700000000000,0.043853,102389.53,102389.53,91314.75
1763551500000000000,0.043853,102389.53,102389.53,91550.4
1763553300000000000,0.043853,102389.53,102389.53,91410.22
1763555100000000000,0.043853,102389.53,102389.53,91362.84000000001
1763556900000000000,0.043853,102389.53,102389.53,91780.0
1763558700000000000,0.043853,102389.53,102389.53,91789.75
1763560500000000000,0.043853,102389.53,102389.53,91405.02
1763562300000000000,0.153675,102387.53,102387.53,91121.93
1763564100000000000,0.153675,102387.53,102387.53,91713.44
1763565900000000000,0.153675,102387.53,102387.53,91235.13
1763567700000000000,0.264047,102385.53,102385.53,89951.7
1763569500000000000,0.264047,102385.53,102385.53,89696.37000000001
1763571300000000000,0.264047,102385.53,102385.53,89905.78
1763573100000000000,0.264047,102385.53,102385.53,89527.7
1763574900000000000,0.264047,102385.53,102385.53,89500.01
1763576700000000000,0.264047,102385.53,102385.53,89068.26
1763578500000000000,0.264047,102385.53,102385.53,89237.83
1763580300000000000,0.264047,102385.53,102385.53,88954.20000000001
1763582100000000000,0.264047,102385.53,102385.53,88884.56
1763583900000000000,0.264047,102385.53,102385.53,89396.23
1763585700000000000,0.264047,102385.53,102385.53,89516.90999999999
1763587500000000000,0.264047,102385.53,102385.53,90118.0
1763589300000000000,0.264047,102385.53,102385.53,90600.68
1763591100000000000,0.264047,102385.53,102385.53,90594.86
1763592900000000000,0.264047,102385.53,102385.53,90480.56
1763594700000000000,0.264047,102385.53,102385.53,91391.07999999999
1763596500000000000,0.264047,102385.53,102385.53,91554.96
1763598300000000000,0.264047,102385.53,102385.53,91855.18000000001
1763600100000000000,0.209661,102428.65,102428.65,91891.32
1763601900000000000,0.209661,102428.65,102428.65,92227.82
1763603700000000000,0.155612,102502.42,102502.42,92590.13
1763605500000000000,0.155612,102502.42,102502.42,92497.47
1763607300000000000,0.155612,102502.42,102502.42,92592.84
1763609100000000000,0.155612,102502.42,102502.42,92380.55
1763610900000000000,0.155612,102502.42,102502.42,92440.32
1763612700000000000,0.155612,102502.42,102502.42,92289.91
1763614500000000000,0.155612,102502.42,102502.42,92962.83
1763616300000000000,0.155612,102502.42,102502.42,92679.34
1763618100000000000,0.155612,102502.42,102502.42,92616.2
1763619900000000000,0.155612,102502.42,102502.42,92447.19
1763621700000000000,0.155612,102502.42,102502.42,91974.7
1763623500000000000,0.155612,102502.42,102502.42,91936.44
1763625300000000000,0.155612,102502.42,102502.42,92320.18
1763627100000000000,0.155612,102502.42,102502.42,92278.79000000001
1763628900000000000,0.155612,102502.42,102502.42,92128.22
1763630700000000000,0.155612,102502.42,102502.42,91819.28
1763632500000000000,0.155612,102502.42,102502.42,91950.0
1763634300000000000,0.155612,102502.42,102502.42,91973.05
1763636100000000000,0.155612,102502.42,102502.42,91801.39
1763637900000000000,0.155612,102502.42,102502.42,91564.79000000001
1763639700000000000,0.155612,102502.42,102502.42,91934.0
1763641500000000000,0.155612,102502.42,102502.42,91733.65000000001
1763643300000000000,0.155612,102502.42,102502.42,91839.25
1763645100000000000,0.155612,102502.42,102502.42,91917.97
1763646900000000000,0.155612,102502.42,102502.42,91529.36
1763648700000000000,0.320825,102499.42,102499.42,91452.53
1763650500000000000,0.320825,102499.42,102499.42,91103.19
1763652300000000000,0.320825,102499.42,102499.42,90629.88
1763654100000000000,0.320825,102499.42,102499.42,89869.88
1763655900000000000,0.320825,102499.42,102499.42,88709.52
1763657700000000000,0.320825,102499.42,102499.42,87878.09999999999
1763659500000000000,0.320825,102499.42,102499.42,87132.0
1763659800000000000,0.0,101281.81,101281.81,86805.02
1763660100000000000,0.0,101281.81,101281.81,86908.71
1763660400000000000,0.0,101281.81,101281.81,86758.36
1763660700000000000,0.0,101281.81,101281.81,86740.68
1763661000000000000,0.0,101281.81,101281.81,86939.62
1763661300000000000,0.0,101281.81,101281.81,87233.81
1763661600000000000,0.0,101281.81,101281.81,87123.67
1763661900000000000,0.0,101281.81,101281.81,87493.61
1763662200000000000,0.0,101281.81,101281.81,87698.62000000001
1763662500000000000,0.0,101281.81,101281.81,87339.61
1763662800000000000,0.0,101281.81,101281.81,86959.16
1763663100000000000,0.0,101281.81,101281.81,86960.28000000001
1763663400000000000,0.0,101281.81,101281.81,86950.45000000001
1763663700000000000,0.0,101281.81,101281.81,86722.0
1763664000000000000,0.0,101281.81,101281.81,86767.29
1763664300000000000,0.0,101281.81,101281.81,86664.0
1763664600000000000,0.0,101281.81,101281.81,86437.72
1763664900000000000,0.0,101281.81,101281.81,86486.26999999999
1763665200000000000,0.0,101281.81,101281.81,86128.09999999999
1763665500000000000,0.0,101281.81,101281.81,86335.8
1763665800000000000,0.0,101281.81,101281.81,86420.78
1763666100000000000,0.0,101281.81,101281.81,86503.64
1763666400000000000,0.0,101281.81,101281.81,86701.05
1763666700000000000,0.0,101281.81,101281.81,86928.0
1763667000000000000,0.0,101281.81,101281.81,86654.26
1763667300000000000,0.0,101281.81,101281.81,86525.15999999999
1763667600000000000,0.0,101281.81,101281.81,86679.95
1763667900000000000,0.0,101281.81,101281.81,86476.63
1763668200000000000,0.0,101281.81,101281.81,86612.3
1763668500000000000,0.0,101281.81,101281.81,86921.28
1763668800000000000,0.0,101281.81,101281.81,86640.0
1763669100000000000,0.0,101281.81,101281.81,86614.3
1763669400000000000,0.0,101281.81,101281.81,86335.17
1763669700000000000,0.0,101281.81,101281.81,86651.99
1763670000000000000,0.0,101281.81,101281.81,86698.0
1763670300000000000,0.0,101281.81,101281.81,87056.71
1763670600000000000,0.0,101281.81,101281.81,86760.28000000001
1763670900000000000,0.0,101281.81,101281.81,86615.14
1763671200000000000,0.0,101281.81,101281.81,86591.45
1763671500000000000,0.0,101281.81,101281.81,86581.78
1763671800000000000,0.0,101281.81,101281.81,86488.01
1763672100000000000,0.0,101281.81,101281.81,86462.97
1763672400000000000,0.0,101281.81,101281.81,86677.42
1763672700000000000,0.0,101281.81,101281.81,86805.42
1763673000000000000,0.0,101281.81,101281.81,86920.48
1763673300000000000,0.0,101281.81,101281.81,87196.69
1763673600000000000,0.0,101281.81,101281.81,87400.01
1763673900000000000,0.0,101281.81,101281.81,87154.64
1763674200000000000,0.0,101281.81,101281.81,87316.55
1763674500000000000,0.0,101281.81,101281.81,87310.68000000001
1763674800000000000,0.0,101281.81,101281.81,87595.92
1763675100000000000,0.0,101281.81,101281.81,87590.17
1763675400000000000,0.0,101281.81,101281.81,87556.59
1763675700000000000,0.0,101281.81,101281.81,87282.59999999999
1763676000000000000,0.0,101281.81,101281.81,87459.66
1763676300000000000,0.0,101281.81,101281.81,87657.0
1763676600000000000,0.0,101281.81,101281.81,87894.12
1763676900000000000,0.0,101281.81,101281.81,87879.99
1763677200000000000,0.0,101281.81,101281.81,87961.68
1763677500000000000,0.0,101281.81,101281.81,88131.31
1763677800000000000,0.0,101281.81,101281.81,88000.01
1763678100000000000,0.0,101281.81,101281.81,87803.59
1763678400000000000,0.0,101281.81,101281.81,88131.01000000001
1763678700000000000,0.0,101281.81,101281.81,88055.12
1763679000000000000,0.0,101281.81,101281.81,87990.0
1763679300000000000,0.0,101281.81,101281.81,88065.97
1763679600000000000,0.0,101281.81,101281.81,87990.53
1763679900000000000,0.0,101281.81,101281.81,87647.82
1763680200000000000,0.0,101281.81,101281.81,87563.32
1763680500000000000,0.0,101281.81,101281.81,87562.94
1763680800000000000,0.0,101281.81,101281.81,87472.0
1763681100000000000,0.0,101281.81,101281.81,87265.51
1763681400000000000,0.0,101281.81,101281.81,87187.3
1763681700000000000,0.0,101281.81,101281.81,86808.3
1763682000000000000,0.0,101281.81,101281.81,87042.48
1763682300000000000,0.0,101281.81,101281.81,86844.01
1763682600000000000,0.0,101281.81,101281.81,86773.98000000001
1763682900000000000,0.0,101281.81,101281.81,86637.23
1763684700000000000,0.0,101281.81,101281.81,87281.37
1763686500000000000,0.057154,101280.81,101280.81,87285.24
1763688300000000000,0.057154,101280.81,101280.81,87281.95999999999
1763690100000000000,0.057154,101280.81,101280.81,87049.86
1763691900000000000,0.057154,101280.81,101280.81,86503.13
1763693700000000000,0.059192,101366.41,101366.41,85444.93000000001
1763695500000000000,0.059192,101366.41,101366.41,85690.07
1763697300000000000,0.059192,101366.41,101366.41,85821.34
1763699100000000000,0.059192,101366.41,101366.41,85850.86
1763700900000000000,0.059192,101366.41,101366.41,86053.09000000001
1763702700000000000,0.059192,101366.41,101366.41,86208.42
1763704500000000000,0.059192,101366.41,101366.41,86195.07999999999
1763706300000000000,0.059192,101366.41,101366.41,85633.40000000001
1763708100000000000,0.059192,101366.41,101366.41,85581.3
1763709900000000000,0.082675,101366.01,101366.01,85205.17
1763711700000000000,0.082675,101366.01,101366.01,84049.39
1763713500000000000,0.082675,101366.01,101366.01,84223.36
1763715300000000000,0.082675,101366.01,101366.01,83643.45
1763717100000000000,0.082675,101366.01,101366.01,83079.79
1763718900000000000,0.082675,101366.01,101366.01,82207.84
1763719500000000000,0.082675,101366.01,101366.01,82078.88
1763719800000000000,0.0,101065.94,101065.94,82110.41
1763720100000000000,0.0,101065.94,101065.94,82060.0
1763720400000000000,0.0,101065.94,101065.94,82192.0
1763720700000000000,0.0,101065.94,101065.94,82057.68
1763721000000000000,0.0,101065.94,101065.94,82450.71
1763721300000000000,0.0,101065.94,101065.94,82740.05
1763721600000000000,0.0,101065.94,101065.94,82544.54000000001
1763721900000000000,0.0,101065.94,101065.94,82454.73999999999
1763722200000000000,0.0,101065.94,101065.94,82708.03
1763722500000000000,0.0,101065.94,101065.94,82703.61
1763722800000000000,0.0,101065.94,101065.94,82947.99
1763723100000000000,0.0,101065.94,101065.94,83235.27
1763723400000000000,0.0,101065.94,101065.94,83081.51
1763723700000000000,0.0,101065.94,101065.94,82888.65
1763724000000000000,0.0,101065.94,101065.94,83071.74
1763724300000000000,0.0,101065.94,101065.94,82925.23
1763724600000000000,0.0,101065.94,101065.94,82795.18000000001
1763724900000000000,0.0,101065.94,101065.94,82625.43000000001
1763725200000000000,0.0,101065.94,101065.94,82517.34
1763725500000000000,0.0,101065.94,101065.94,82293.89
1763725800000000000,0.0,101065.94,101065.94,82257.17
1763726100000000000,0.0,101065.94,101065.94,82309.66
1763726400000000000,0.0,101065.94,101065.94,82210.26
1763726700000000000,0.0,101065.94,101065.94,82064.26999999999
1763727000000000000,0.0,101065.94,101065.94,82310.84000000001
1763727300000000000,0.0,101065.94,101065.94,81980.26
1763727600000000000,0.0,101065.94,101065.94,81099.99
1763727900000000000,0.0,101065.94,101065.94,80945.66
1763728200000000000,0.0,101065.94,101065.94,81699.83
1763728500000000000,0.0,101065.94,101065.94,82973.17
1763728800000000000,0.0,101065.94,101065.94,83010.37000000001
1763729100000000000,0.0,101065.94,101065.94,83203.37999999999
1763729400000000000,0.0,101065.94,101065.94,83576.66
1763729700000000000,0.0,101065.94,101065.94,83285.35
1763730000000000000,0.0,101065.94,101065.94,83238.23
1763730300000000000,0.0,101065.94,101065.94,83820.68
1763730600000000000,0.0,101065.94,101065.94,83820.0
1763730900000000000,0.0,101065.94,101065.94,84155.35
1763731200000000000,0.0,101065.94,101065.94,83636.34999999999
1763731500000000000,0.0,101065.94,101065.94,83429.91
1763731800000000000,0.0,101065.94,101065.94,83512.49
1763732100000000000,0.0,101065.94,101065.94,83859.61
1763732400000000000,0.0,101065.94,101065.94,84155.86
1763732700000000000,0.0,101065.94,101065.94,84092.56
1763733000000000000,0.0,101065.94,101065.94,84272.72
1763733300000000000,0.0,101065.94,101065.94,84115.28
1763733600000000000,0.0,101065.94,101065.94,83863.57
1763733900000000000,0.0,101065.94,101065.94,84210.04000000001
1763734200000000000,0.0,101065.94,101065.94,83828.33
1763734500000000000,0.0,101065.94,101065.94,83626.68000000001
1763734800000000000,0.0,101065.94,101065.94,83753.79999999999
1763735100000000000,0.0,101065.94,101065.94,83689.7
1763735400000000000,0.0,101065.94,101065.94,84769.87
1763736900000000000,0.0,101065.94,101065.94,84850.0
1763738700000000000,0.059646,101064.94,101064.94,83623.77
1763740500000000000,0.120044,101063.94,101063.94,82932.47
1763742300000000000,0.120044,101063.94,101063.94,83282.12
1763744100000000000,0.120044,101063.94,101063.94,84919.59
1763745900000000000,0.120044,101063.94,101063.94,85205.27
1763747700000000000,0.120044,101063.94,101063.94,84877.06999999999
1763749500000000000,0.120044,101063.94,101063.94,84065.67
1763751300000000000,0.120044,101063.94,101063.94,84577.11
1763753100000000000,0.120044,101063.94,101063.94,84894.66
1763754900000000000,0.120044,101063.94,101063.94,84209.3
1763756700000000000,0.120044,101063.94,101063.94,83537.47
1763758500000000000,0.120044,101063.94,101063.94,84571.2
1763760300000000000,0.120044,101063.94,101063.94,84963.57
1763762100000000000,0.120044,101063.94,101063.94,85182.14
1763763900000000000,0.120044,101063.94,101063.94,84828.98999999999
1763765700000000000,0.120044,101063.94,101063.94,84284.42
1763767500000000000,0.120044,101063.94,101063.94,85032.63
1763769300000000000,0.120044,101063.94,101063.94,85129.43000000001
1763771100000000000,0.120044,101063.94,101063.94,84895.97
1763772900000000000,0.120044,101063.94,101063.94,84739.93
1763774700000000000,0.120044,101063.94,101063.94,84887.03
1763776500000000000,0.120044,101063.94,101063.94,85174.28
1763778300000000000,0.120044,101063.94,101063.94,84693.08
1763780100000000000,0.120044,101063.94,101063.94,84528.98999999999
1763781900000000000,0.120044,101063.94,101063.94,84424.4
1763783700000000000,0.120044,101063.94,101063.94,84440.47
1763785500000000000,0.120044,101063.94,101063.94,84000.72
1763787300000000000,0.120044,101063.94,101063.94,84246.88
1763789100000000000,0.120044,101063.94,101063.94,84083.31
1763790900000000000,0.120044,101063.94,101063.94,84280.92000000001
1763792700000000000,0.120044,101063.94,101063.94,84506.0
1763794500000000000,0.120044,101063.94,101063.94,84636.0
1763796300000000000,0.120044,101063.94,101063.94,84494.41
1763798100000000000,0.120044,101063.94,101063.94,84580.06
1763799900000000000,0.120044,101063.94,101063.94,84224.54000000001
1763801700000000000,0.179428,101062.94,101062.94,84016.77
1763803500000000000,0.179428,101062.94,101062.94,84107.34
1763805300000000000,0.239136,101061.94,101061.94,83929.52
1763807100000000000,0.239136,101061.94,101061.94,83686.17
1763808900000000000,0.239136,101061.94,101061.94,83693.25
1763810700000000000,0.239136,101061.94,101061.94,84227.26000000001
1763812500000000000,0.239136,101061.94,101061.94,84098.94
1763814300000000000,0.239136,101061.94,101061.94,83666.32
1763816100000000000,0.239136,101061.94,101061.94,83884.0
1763817900000000000,0.239136,101061.94,101061.94,83889.15
1763819700000000000,0.239136,101061.94,101061.94,83947.89
1763821500000000000,0.239136,101061.94,101061.94,84581.7
1763823300000000000,0.239136,101061.94,101061.94,84494.4
1763825100000000000,0.239136,101061.94,101061.94,84433.61
1763826900000000000,0.239136,101061.94,101061.94,84284.01
1763828700000000000,0.239136,101061.94,101061.94,84600.08
1763830500000000000,0.239136,101061.94,101061.94,84694.66
1763832300000000000,0.239136,101061.94,101061.94,84703.31
1763834100000000000,0.239136,101061.94,101061.94,84554.20000000001
1763835900000000000,0.239136,101061.94,101061.94,84598.0
1763837700000000000,0.239136,101061.94,101061.94,84659.79
1763839500000000000,0.239136,101061.94,101061.94,84617.88
1763841300000000000,0.239136,101061.94,101061.94,84609.76
1763843100000000000,0.239136,101061.94,101061.94,84759.02
1763844900000000000,0.239136,101061.94,101061.94,84474.41
1763846700000000000,0.239136,101061.94,101061.94,84308.01
1763848500000000000,0.239136,101061.94,101061.94,84411.3
1763850300000000000,0.239136,101061.94,101061.94,84616.51
1763852100000000000,0.18031,101141.11,101141.11,85072.88
1763853900000000000,0.18031,101141.11,101141.11,84859.32
1763855700000000000,0.18031,101141.11,101141.11,84739.74
1763857500000000000,0.121683,101236.9,101236.9,85067.87
1763859300000000000,0.121683,101236.9,101236.9,84971.74
1763861100000000000,0.121683,101236.9,101236.9,85530.39
1763862900000000000,0.121683,101236.9,101236.9,85879.83
1763864700000000000,0.121683,101236.9,101236.9,86042.62000000001
1763866500000000000,0.121683,101236.9,101236.9,86000.34
1763868300000000000,0.121683,101236.9,101236.9,85945.04
1763870100000000000,0.121683,101236.9,101236.9,86308.54000000001
1763871900000000000,0.121683,101236.9,101236.9,86502.0
1763873700000000000,0.121683,101236.9,101236.9,86548.2
1763875500000000000,0.121683,101236.9,101236.9,86235.61
1763877300000000000,0.121683,101236.9,101236.9,86358.28
1763879100000000000,0.121683,101236.9,101236.9,86164.95
1763880900000000000,0.121683,101236.9,101236.9,85864.68
1763882700000000000,0.121683,101236.9,101236.9,85522.67
1763884500000000000,0.121683,101236.9,101236.9,85782.19
1763886300000000000,0.121683,101236.9,101236.9,85988.88
1763888100000000000,0.121683,101236.9,101236.9,86137.19
1763889900000000000,0.121683,101236.9,101236.9,86161.43000000001
1763891700000000000,0.121683,101236.9,101236.9,86393.02
1763893500000000000,0.121683,101236.9,101236.9,86164.3
1763895300000000000,0.121683,101236.9,101236.9,86066.23
1763897100000000000,0.121683,101236.9,101236.9,86046.47
1763898900000000000,0.121683,101236.9,101236.9,86331.28
1763900700000000000,0.121683,101236.9,101236.9,86777.01000000001
1763902500000000000,0.121683,101236.9,101236.9,86530.04000000001
1763904300000000000,0.121683,101236.9,101236.9,86478.51
1763906100000000000,0.121683,101236.9,101236.9,86928.31
1763907900000000000,0.121683,101236.9,101236.9,86789.86
1763909700000000000,0.121683,101236.9,101236.9,86547.4
1763911500000000000,0.121683,101236.9,101236.9,86692.61
1763913300000000000,0.064362,101441.88,101441.88,87087.44
1763915100000000000,0.064362,101441.88,101441.88,87065.54999999999
1763916900000000000,0.064362,101441.88,101441.88,86685.6
1763918700000000000,0.064362,101441.88,101441.88,86889.24
1763920500000000000,0.064362,101441.88,101441.88,86746.51
1763922300000000000,0.064362,101441.88,101441.88,86888.47
1763924100000000000,0.064362,101441.88,101441.88,86995.02
1763925900000000000,0.064362,101441.88,101441.88,87332.64
1763927700000000000,0.064362,101441.88,101441.88,87325.01000000001
1763929500000000000,0.064362,101441.88,101441.88,87623.91
1763931300000000000,0.064362,101441.88,101441.88,87483.36
1763933100000000000,0.064362,101441.88,101441.88,87596.73999999999
1763934900000000000,0.052961,101488.16,101488.16,87992.01999999999
1763936700000000000,0.052961,101488.16,101488.16,87904.34
1763938500000000000,0.052961,101488.16,101488.16,88004.0
1763940300000000000,0.052961,101488.16,101488.16,87064.04
1763942100000000000,0.052961,101488.16,101488.16,86830.0
1763943900000000000,0.22685,101485.15999999999,101485.15999999999,86445.49
1763945700000000000,0.22685,101485.15999999999,101485.15999999999,86740.64
1763947500000000000,0.22685,101485.15999999999,101485.15999999999,86827.47
1763949300000000000,0.22685,101485.15999999999,101485.15999999999,87068.51
1763951100000000000,0.22685,101485.15999999999,101485.15999999999,87713.86
1763952900000000000,0.22685,101485.15999999999,101485.15999999999,87518.22
1763954700000000000,0.22685,101485.15999999999,101485.15999999999,87616.78
1763956500000000000,0.22685,101485.15999999999,101485.15999999999,87460.01999999999
1763958300000000000,0.22685,101485.15999999999,101485.15999999999,86602.88
1763960100000000000,0.22685,101485.15999999999,101485.15999999999,86738.37000000001
1763961900000000000,0.22685,101485.15999999999,101485.15999999999,87630.5
1763963700000000000,0.22685,101485.15999999999,101485.15999999999,87468.29000000001
1763965500000000000,0.22685,101485.15999999999,101485.15999999999,87161.43000000001
1763967300000000000,0.22685,101485.15999999999,101485.15999999999,86910.78
1763969100000000000,0.22685,101485.15999999999,101485.15999999999,86880.36
1763970900000000000,0.22685,101485.15999999999,101485.15999999999,87050.39
1763972700000000000,0.22685,101485.15999999999,101485.15999999999,86832.98999999999
1763974500000000000,0.22685,101485.15999999999,101485.15999999999,86961.51
1763976300000000000,0.342835,101483.16,101483.16,85943.62999999999
1763978100000000000,0.342835,101483.16,101483.16,85944.90999999999
1763979900000000000,0.342835,101483.16,101483.16,85825.31
1763981700000000000,0.342835,101483.16,101483.16,86049.74
1763983500000000000,0.342835,101483.16,101483.16,86079.57
1763985300000000000,0.342835,101483.16,101483.16,86264.72
1763987100000000000,0.342835,101483.16,101483.16,86199.98000000001
1763988900000000000,0.342835,101483.16,101483.16,86003.0
1763990700000000000,0.342835,101483.16,101483.16,86513.5
1763992500000000000,0.342835,101483.16,101483.16,86160.0
1763994300000000000,0.342835,101483.16,101483.16,85935.62999999999
1763996100000000000,0.342835,101483.16,101483.16,86171.14
1763997900000000000,0.342835,101483.16,101483.16,86086.81999999999
1763999700000000000,0.342835,101483.16,101483.16,86616.44
1764001500000000000,0.342835,101483.16,101483.16,87229.98000000001
1764003300000000000,0.171349,101759.67,101759.67,87174.5
1764005100000000000,0.171349,101759.67,101759.67,87717.41
1764006900000000000,0.000841,102119.97,102119.97,88369.91
1764008700000000000,0.000841,102119.97,102119.97,88359.19
1764010500000000000,0.000841,102119.97,102119.97,88715.31
1764012300000000000,0.000841,102119.97,102119.97,88635.7
1764014100000000000,0.000841,102119.97,102119.97,88327.29
1764015900000000000,0.000841,102119.97,102119.97,88884.61
1764017700000000000,0.000841,102119.97,102119.97,89089.06
1764019500000000000,0.000841,102119.97,102119.97,88917.31
1764021300000000000,0.000841,102119.97,102119.97,88766.15000000001
1764023100000000000,0.000841,102119.97,102119.97,88784.34999999999
1764024900000000000,0.000841,102119.97,102119.97,88636.54000000001
1764026700000000000,0.000841,102119.97,102119.97,88617.54999999999
1764028500000000000,0.057366,102118.97,102118.97,88300.01
1764030300000000000,0.114136,102117.97,102117.97,87887.28
1764032100000000000,0.114136,102117.97,102117.97,88100.0
1764033900000000000,0.114136,102117.97,102117.97,88048.61
1764035700000000000,0.114136,102117.97,102117.97,87732.83
1764037500000000000,0.114136,102117.97,102117.97,87627.96
1764039300000000000,0.114136,102117.97,102117.97,87909.40000000001
1764041100000000000,0.114136,102117.97,102117.97,87940.19
1764042900000000000,0.114136,102117.97,102117.97,87822.12
1764044700000000000,0.114136,102117.97,102117.97,88031.81
1764046500000000000,0.114136,102117.97,102117.97,88341.14
1764048300000000000,0.114136,102117.97,102117.97,88005.95
1764050100000000000,0.114136,102117.97,102117.97,88120.81999999999
1764051900000000000,0.114136,102117.97,102117.97,87944.06
1764053700000000000,0.114136,102117.97,102117.97,88003.97
1764055500000000000,0.114136,102117.97,102117.97,87699.78
1764057300000000000,0.114136,102117.97,102117.97,87384.81
1764059100000000000,0.114136,102117.97,102117.97,87532.36
1764060900000000000,0.114136,102117.97,102117.97,87009.82
1764062700000000000,0.114136,102117.97,102117.97,86684.8
1764064500000000000,0.114136,102117.97,102117.97,87231.76
1764066300000000000,0.114136,102117.97,102117.97,87215.1
1764068100000000000,0.114136,102117.97,102117.97,87411.01000000001
1764069900000000000,0.114136,102117.97,102117.97,87426.93000000001
1764071700000000000,0.114136,102117.97,102117.97,87361.70999999999
1764073500000000000,0.114136,102117.97,102117.97,87636.0
1764075300000000000,0.114136,102117.97,102117.97,87509.99
1764077100000000000,0.114136,102117.97,102117.97,87625.76
1764078900000000000,0.114136,102117.97,102117.97,87083.01000000001
1764080700000000000,0.114136,102117.97,102117.97,87180.07
1764082500000000000,0.171999,102116.97,102116.97,86741.54999999999
1764084300000000000,0.171999,102116.97,102116.97,86760.94
1764086100000000000,0.171999,102116.97,102116.97,86988.94
1764087900000000000,0.171999,102116.97,102116.97,87236.73999999999
1764089700000000000,0.171999,102116.97,102116.97,87121.31
1764091500000000000,0.057819,102109.37,102109.37,87493.44
1764093300000000000,0.057819,102109.37,102109.37,87625.89
1764095100000000000,0.057819,102109.37,102109.37,87646.63
1764096900000000000,0.057819,102109.37,102109.37,87239.29
1764098700000000000,0.057819,102109.37,102109.37,86296.81999999999
1764100500000000000,0.057819,102109.37,102109.37,86882.85
1764102300000000000,0.057819,102109.37,102109.37,87054.0
1764104100000000000,0.057819,102109.37,102109.37,87382.7
1764105900000000000,0.057819,102109.37,102109.37,87295.74
1764107700000000000,0.057819,102109.37,102109.37,87032.37000000001
1764109500000000000,0.057819,102109.37,102109.37,87136.32
1764111300000000000,0.057819,102109.37,102109.37,87642.41
1764113100000000000,0.057819,102109.37,102109.37,87534.25
1764114900000000000,0.057819,102109.37,102109.37,87369.95999999999
1764116700000000000,0.057819,102109.37,102109.37,87630.66
1764118500000000000,0.057819,102109.37,102109.37,87573.51
1764120300000000000,0.057819,102109.37,102109.37,87591.6
1764122100000000000,0.055603,102138.36,102138.36,87921.94
1764123900000000000,0.055603,102138.36,102138.36,87808.03
1764125700000000000,0.055603,102138.36,102138.36,87711.82
1764127500000000000,0.055603,102138.36,102138.36,87823.89
1764129300000000000,0.055603,102138.36,102138.36,87119.92
1764131100000000000,0.055603,102138.36,102138.36,87242.09999999999
1764132900000000000,0.055603,102138.36,102138.36,87230.23
1764134700000000000,0.055603,102138.36,102138.36,87549.48
1764136500000000000,0.055603,102138.36,102138.36,87519.53
1764138300000000000,0.055603,102138.36,102138.36,87613.54
1764140100000000000,0.055603,102138.36,102138.36,87794.0
1764141900000000000,0.055603,102138.36,102138.36,87799.99
1764143700000000000,0.112453,102137.36,102137.36,87935.05
1764145500000000000,0.112453,102137.36,102137.36,87557.31
1764147300000000000,0.112453,102137.36,102137.36,87424.8
1764149100000000000,0.002137,102224.17,102224.17,87115.23
1764150900000000000,0.117177,102222.17,102222.17,86825.27
1764152700000000000,0.117177,102222.17,102222.17,86868.08
1764154500000000000,0.117177,102222.17,102222.17,86955.17
1764156300000000000,0.117177,102222.17,102222.17,86896.44
1764158100000000000,0.117177,102222.17,102222.17,87095.79
1764159900000000000,0.117177,102222.17,102222.17,86520.98
1764161700000000000,0.117177,102222.17,102222.17,86643.07999999999
1764163500000000000,0.117177,102222.17,102222.17,86718.59999999999
1764165300000000000,0.117177,102222.17,102222.17,87128.51
1764167100000000000,0.117177,102222.17,102222.17,87308.45000000001
1764168900000000000,0.117177,102222.17,102222.17,86899.73000000001
1764170700000000000,0.117177,102222.17,102222.17,87261.25
1764172500000000000,0.117177,102222.17,102222.17,86978.0
1764174300000000000,0.117177,102222.17,102222.17,87594.43999999999
1764176100000000000,0.117177,102222.17,102222.17,87820.01
1764177900000000000,0.048488,102378.62000000001,102378.62000000001,88663.14
1764179700000000000,0.048488,102378.62000000001,102378.62000000001,89830.79000000001
1764181500000000000,0.048488,102378.62000000001,102378.62000000001,90349.26000000001
1764183300000000000,0.048488,102378.62000000001,102378.62000000001,90145.69
1764185100000000000,0.048488,102378.62000000001,102378.62000000001,89790.41
1764186900000000000,0.048488,102378.62000000001,102378.62000000001,89957.36
1764188700000000000,0.048488,102378.62000000001,102378.62000000001,90000.34999999999
1764190500000000000,0.048488,102378.62000000001,102378.62000000001,89866.81999999999
1764192300000000000,0.048488,102378.62000000001,102378.62000000001,90270.0
1764192900000000000,0.048488,102378.62000000001,102378.62000000001,90224.12000000001
1764193200000000000,0.0,102286.25,102286.25,90231.64
1764193500000000000,0.0,102286.25,102286.25,90381.98000000001
1764193800000000000,0.0,102286.25,102286.25,90292.93000000001
1764194100000000000,0.0,102286.25,102286.25,90195.99
1764194400000000000,0.0,102286.25,102286.25,90185.29
1764194700000000000,0.0,102286.25,102286.25,90302.97
1764195000000000000,0.0,102286.25,102286.25,90324.12000000001
1764195300000000000,0.0,102286.25,102286.25,90435.64
1764195600000000000,0.0,102286.25,102286.25,90285.52
1764195900000000000,0.0,102286.25,102286.25,90336.90999999999
1764196200000000000,0.0,102286.25,102286.25,90278.0
1764196500000000000,0.0,102286.25,102286.25,90281.41
1764196800000000000,0.0,102286.25,102286.25,90241.84
1764197100000000000,0.0,102286.25,102286.25,90305.41
1764197400000000000,0.0,102286.25,102286.25,90262.42
1764197700000000000,0.0,102286.25,102286.25,90386.56999999999
1764198000000000000,0.0,102286.25,102286.25,90499.99
1764198300000000000,0.0,102286.25,102286.25,90500.05
1764198600000000000,0.0,102286.25,102286.25,90512.61
1764198900000000000,0.0,102286.25,102286.25,90400.11
1764199200000000000,0.0,102286.25,102286.25,90490.67
1764199500000000000,0.0,102286.25,102286.25,90337.44
1764199800000000000,0.0,102286.25,102286.25,90369.36
1764200100000000000,0.0,102286.25,102286.25,90365.42
1764200400000000000,0.0,102286.25,102286.25,90417.22
1764200700000000000,0.0,102286.25,102286.25,90575.94
1764201000000000000,0.0,102286.25,102286.25,90512.73999999999
1764201300000000000,0.0,102286.25,102286.25,90484.01999999999
1764201600000000000,0.0,102286.25,102286.25,90422.59
1764201900000000000,0.0,102286.25,102286.25,90268.32
1764202200000000000,0.0,102286.25,102286.25,90179.01000000001
1764202500000000000,0.0,102286.25,102286.25,90249.03
1764202800000000000,0.0,102286.25,102286.25,90184.90999999999
1764203100000000000,0.0,102286.25,102286.25,90218.01
1764203400000000000,0.0,102286.25,102286.25,90321.12
1764203700000000000,0.0,102286.25,102286.25,90317.11
1764204000000000000,0.0,102286.25,102286.25,90361.67
1764204300000000000,0.0,102286.25,102286.25,90539.66
1764204900000000000,0.0,102286.25,102286.25,90485.84999999999
1764206700000000000,0.055047,102285.25,102285.25,90719.2
1764208500000000000,0.066017,102285.05,102285.05,91145.78
1764210300000000000,0.066017,102285.05,102285.05,91480.0
1764212100000000000,0.066017,102285.05,102285.05,91389.20999999999
1764213900000000000,0.066017,102285.05,102285.05,91334.53
1764215700000000000,0.066017,102285.05,102285.05,91091.68
1764217500000000000,0.066017,102285.05,102285.05,91125.69
1764219300000000000,0.066017,102285.05,102285.05,91277.06
1764221100000000000,0.066017,102285.05,102285.05,91489.02
1764222900000000000,0.066017,102285.05,102285.05,90967.54
1764224700000000000,0.066017,102285.05,102285.05,91382.0
1764226500000000000,0.066017,102285.05,102285.05,91244.58
1764228300000000000,0.066017,102285.05,102285.05,91442.95
1764230100000000000,0.066017,102285.05,102285.05,91408.34
1764231900000000000,0.066017,102285.05,102285.05,91368.81
1764233700000000000,0.066017,102285.05,102285.05,91492.01999999999
1764235500000000000,0.066017,102285.05,102285.05,91601.53
1764237300000000000,0.066017,102285.05,102285.05,91561.67
1764239100000000000,0.066017,102285.05,102285.05,91650.56999999999
1764240900000000000,0.066017,102285.05,102285.05,91613.51
1764242700000000000,0.066017,102285.05,102285.05,91361.39
1764244500000000000,0.066017,102285.05,102285.05,91371.87999999999
1764246300000000000,0.066017,102285.05,102285.05,91277.31999999999
1764248100000000000,0.066017,102285.05,102285.05,90986.56
1764249900000000000,0.066017,102285.05,102285.05,90715.05
1764251700000000000,0.066017,102285.05,102285.05,90852.78
1764253500000000000,0.066017,102285.05,102285.05,90951.57
1764255300000000000,0.066017,102285.05,102285.05,90789.68
1764257100000000000,0.066017,102285.05,102285.05,90931.97
1764258900000000000,0.066017,102285.05,102285.05,90958.3
1764260700000000000,0.066017,102285.05,102285.05,91206.69
1764262500000000000,0.066017,102285.05,102285.05,91467.13
1764264300000000000,0.066017,102285.05,102285.05,91370.76
1764266100000000000,0.066017,102285.05,102285.05,91479.3
1764267900000000000,0.066017,102285.05,102285.05,91420.68
1764269700000000000,0.066017,102285.05,102285.05,91791.99
1764271500000000000,0.066017,102285.05,102285.05,91620.13
1764273300000000000,0.066017,102285.05,102285.05,91528.21
1764275100000000000,0.066017,102285.05,102285.05,91429.56000000001
1764276900000000000,0.066017,102285.05,102285.05,91433.17
1764278700000000000,0.066017,102285.05,102285.05,91528.5
1764280500000000000,0.066017,102285.05,102285.05,91416.98999999999
1764282300000000000,0.066017,102285.05,102285.05,91569.77
1764284100000000000,0.066017,102285.05,102285.05,91317.65000000001
1764285900000000000,0.066017,102285.05,102285.05,91386.48
1764287700000000000,0.066017,102285.05,102285.05,91333.95
1764289500000000000,0.066017,102285.05,102285.05,91232.01
1764291300000000000,0.066017,102285.05,102285.05,91207.34
1764293100000000000,0.01107,102277.93,102277.93,90945.0
1764294900000000000,0.01107,102277.93,102277.93,90804.56
1764296700000000000,0.01107,102277.93,102277.93,90690.09999999999
1764298500000000000,0.01107,102277.93,102277.93,91083.07999999999
1764300300000000000,0.01107,102277.93,102277.93,91212.38
1764302100000000000,0.01107,102277.93,102277.93,91208.85
1764303900000000000,0.01107,102277.93,102277.93,91411.87
1764305700000000000,0.01107,102277.93,102277.93,91424.01999999999
1764307500000000000,0.01107,102277.93,102277.93,91523.36
1764309300000000000,0.01107,102277.93,102277.93,91612.09
1764311100000000000,0.01107,102277.93,102277.93,91303.25
1764312900000000000,0.01107,102277.93,102277.93,91300.69
1764314700000000000,0.01107,102277.93,102277.93,91481.34
1764316500000000000,0.01107,102277.93,102277.93,90910.87
1764318300000000000,0.01107,102277.93,102277.93,91148.09999999999
1764320100000000000,0.01107,102277.93,102277.93,91690.0
1764321900000000000,0.01107,102277.93,102277.93,91630.79000000001
1764323700000000000,0.01107,102277.93,102277.93,91599.99
1764325500000000000,0.01107,102277.93,102277.93,91568.16
1764327300000000000,0.01107,102277.93,102277.93,91850.49
1764329100000000000,0.044265,102314.56999999999,102314.56999999999,91283.17
1764330900000000000,0.044265,102314.56999999999,102314.56999999999,91437.64
1764332700000000000,0.044265,102314.56999999999,102314.56999999999,91558.33
1764334500000000000,0.044265,102314.56999999999,102314.56999999999,91513.40000000001
1764336300000000000,0.044265,102314.56999999999,102314.56999999999,91552.24
1764338100000000000,0.020749,102364.96,102364.96,92377.01000000001
1764339900000000000,0.020749,102364.96,102364.96,92964.17
1764341700000000000,0.020749,102364.96,102364.96,92250.01
1764343500000000000,0.020749,102364.96,102364.96,92668.55
1764345300000000000,0.020749,102364.96,102364.96,92362.49
1764347100000000000,0.020749,102364.96,102364.96,91186.21
1764348900000000000,0.020749,102364.96,102364.96,90936.23
1764350700000000000,0.144569,102394.20000000001,102394.20000000001,90480.01
1764352500000000000,0.144569,102394.20000000001,102394.20000000001,90663.98000000001
1764354300000000000,0.144569,102394.20000000001,102394.20000000001,90791.91
1764356100000000000,0.144569,102394.20000000001,102394.20000000001,90830.56999999999
1764357900000000000,0.144569,102394.20000000001,102394.20000000001,91091.35
1764359700000000000,0.144569,102394.20000000001,102394.20000000001,91157.44
1764361500000000000,0.144569,102394.20000000001,102394.20000000001,91156.76000000001
1764363300000000000,0.144569,102394.20000000001,102394.20000000001,91201.1
1764365100000000000,0.144569,102394.20000000001,102394.20000000001,91137.27
1764366900000000000,0.144569,102394.20000000001,102394.20000000001,90888.01
1764368700000000000,0.144569,102394.20000000001,102394.20000000001,90871.7
1764370500000000000,0.144569,102394.20000000001,102394.20000000001,91122.0
1764372300000000000,0.144569,102394.20000000001,102394.20000000001,90982.16
1764374100000000000,0.144569,102394.20000000001,102394.20000000001,90890.7
1764375900000000000,0.144569,102394.20000000001,102394.20000000001,90895.99
1764377700000000000,0.144569,102394.20000000001,102394.20000000001,90884.01
1764379500000000000,0.089688,102413.66,102413.66,90964.42
1764381300000000000,0.089688,102413.66,102413.66,90881.2
1764383100000000000,0.089688,102413.66,102413.66,90845.27
1764384900000000000,0.200006,102411.66,102411.66,90798.89
1764386700000000000,0.200006,102411.66,102411.66,90720.01
1764388500000000000,0.200006,102411.66,102411.66,90680.26
1764390300000000000,0.200006,102411.66,102411.66,90697.82
1764392100000000000,0.200006,102411.66,102411.66,90901.56000000001
1764393900000000000,0.200006,102411.66,102411.66,90895.69
1764395700000000000,0.200006,102411.66,102411.66,90747.16
1764397500000000000,0.310604,102409.66,102409.66,90549.78
1764399300000000000,0.310604,102409.66,102409.66,90565.29
1764401100000000000,0.310604,102409.66,102409.66,90489.48
1764402900000000000,0.310604,102409.66,102409.66,90567.67
1764404700000000000,0.310604,102409.66,102409.66,90622.93000000001
1764406500000000000,0.310604,102409.66,102409.66,90629.67
1764408300000000000,0.310604,102409.66,102409.66,90528.31
1764410100000000000,0.310604,102409.66,102409.66,90560.08
1764411900000000000,0.310604,102409.66,102409.66,90572.58
1764413700000000000,0.310604,102409.66,102409.66,90552.47
1764415500000000000,0.310604,102409.66,102409.66,90543.1
1764417300000000000,0.310604,102409.66,102409.66,90673.19
1764419100000000000,0.310604,102409.66,102409.66,90557.25
1764420900000000000,0.310604,102409.66,102409.66,90616.01
1764422700000000000,0.310604,102409.66,102409.66,90765.73000000001
1764424500000000000,0.310604,102409.66,102409.66,90783.17
1764426300000000000,0.310604,102409.66,102409.66,90668.48
1764428100000000000,0.310604,102409.66,102409.66,90621.72
1764429900000000000,0.310604,102409.66,102409.66,90882.16
1764431700000000000,0.310604,102409.66,102409.66,91063.5
1764433500000000000,0.310604,102409.66,102409.66,90906.45000000001
1764435300000000000,0.310604,102409.66,102409.66,91004.03
1764437100000000000,0.365693,102408.66,102408.66,90706.09999999999
1764438900000000000,0.420933,102407.66,102407.66,90421.20999999999
1764440700000000000,0.420933,102407.66,102407.66,90298.97
1764442500000000000,0.420933,102407.66,102407.66,90690.84000000001
1764444300000000000,0.420933,102407.66,102407.66,90806.52
1764446100000000000,0.420933,102407.66,102407.66,90640.78
1764447900000000000,0.420933,102407.66,102407.66,90654.09999999999
1764449700000000000,0.420933,102407.66,102407.66,90963.29
1764451500000000000,0.420933,102407.66,102407.66,90942.19
1764453300000000000,0.420933,102407.66,102407.66,91008.68
1764455100000000000,0.420933,102407.66,102407.66,90729.04
1764456900000000000,0.420933,102407.66,102407.66,90753.02
1764458700000000000,0.420933,102407.66,102407.66,90817.3
1764460500000000000,0.420933,102407.66,102407.66,90802.43999999999
1764462300000000000,0.420933,102407.66,102407.66,90863.03
1764464100000000000,0.420933,102407.66,102407.66,90893.94
1764465900000000000,0.420933,102407.66,102407.66,90954.34999999999
1764467700000000000,0.420933,102407.66,102407.66,90913.31
1764469500000000000,0.420933,102407.66,102407.66,90959.99
1764471300000000000,0.420933,102407.66,102407.66,90795.51
1764473100000000000,0.420933,102407.66,102407.66,90687.23
1764474900000000000,0.420933,102407.66,102407.66,90909.35
1764476700000000000,0.420933,102407.66,102407.66,90870.53
1764478500000000000,0.420933,102407.66,102407.66,90858.0
1764480300000000000,0.420933,102407.66,102407.66,90682.9
1764482100000000000,0.420933,102407.66,102407.66,90783.75
1764483900000000000,0.420933,102407.66,102407.66,90908.95
1764485700000000000,0.420933,102407.66,102407.66,90898.68000000001
1764487500000000000,0.420933,102407.66,102407.66,90955.4
1764489300000000000,0.420933,102407.66,102407.66,90968.16
1764491100000000000,0.256566,102512.45000000001,102512.45000000001,91161.61
1764492900000000000,0.256566,102512.45000000001,102512.45000000001,91184.45000000001
1764494700000000000,0.201976,102565.47,102565.47,91420.71
1764496500000000000,0.201976,102565.47,102565.47,91413.06999999999
1764498300000000000,0.201976,102565.47,102565.47,91396.87
1764500100000000000,0.201976,102565.47,102565.47,91234.31
1764501900000000000,0.201976,102565.47,102565.47,91255.15
1764503700000000000,0.201976,102565.47,102565.47,91048.78
1764505500000000000,0.201976,102565.47,102565.47,91262.01999999999
1764507300000000000,0.201976,102565.47,102565.47,91469.51
1764509100000000000,0.19056,102580.75,102580.75,91851.19
1764510900000000000,0.19056,102580.75,102580.75,91769.99
1764512700000000000,0.19056,102580.75,102580.75,91554.20000000001
1764514500000000000,0.19056,102580.75,102580.75,91499.99
1764516300000000000,0.19056,102580.75,102580.75,91576.62000000001
1764518100000000000,0.19056,102580.75,102580.75,91435.31
1764519900000000000,0.19056,102580.75,102580.75,91754.67
1764521700000000000,0.19056,102580.75,102580.75,91825.18000000001
1764523500000000000,0.19056,102580.75,102580.75,91386.26999999999
1764525300000000000,0.19056,102580.75,102580.75,91488.19
1764527100000000000,0.19056,102580.75,102580.75,91394.73
1764528900000000000,0.19056,102580.75,102580.75,91459.90000000001
1764530700000000000,0.19056,102580.75,102580.75,91346.67
1764532500000000000,0.19056,102580.75,102580.75,91460.79000000001
1764534300000000000,0.19056,102580.75,102580.75,91313.35
1764536100000000000,0.19056,102580.75,102580.75,91315.6
1764537900000000000,0.19056,102580.75,102580.75,91074.85
1764539700000000000,0.19056,102580.75,102580.75,91174.22
1764541500000000000,0.19056,102580.75,102580.75,91230.16
1764543300000000000,0.19056,102580.75,102580.75,91225.28
1764545100000000000,0.19056,102580.75,102580.75,90660.45000000001
1764546900000000000,0.19056,102580.75,102580.75,90360.0
1764548700000000000,0.19056,102580.75,102580.75,88375.56
1764550500000000000,0.19056,102580.75,102580.75,87000.0
1764552300000000000,0.19056,102580.75,102580.75,87268.11
1764553500000000000,0.19056,102580.75,102580.75,87350.01
1764553800000000000,0.19056,102580.75,102580.75,87188.81
1764554100000000000,0.19056,102580.75,102580.75,87168.90999999999
1764554400000000000,0.19056,102580.75,102580.75,87354.78
1764554700000000000,0.0,101965.93,101965.93,87285.44
1764555000000000000,0.0,101965.93,101965.93,87400.01
1764555300000000000,0.0,101965.93,101965.93,87250.0
1764555600000000000,0.0,101965.93,101965.93,87130.66
1764555900000000000,0.0,101965.93,101965.93,87088.25
1764556200000000000,0.0,101965.93,101965.93,87100.01
1764556500000000000,0.0,101965.93,101965.93,86678.0
1764556800000000000,0.0,101965.93,101965.93,86819.53
1764557100000000000,0.0,101965.93,101965.93,86495.0
1764557400000000000,0.0,101965.93,101965.93,86774.17
1764557700000000000,0.0,101965.93,101965.93,86722.29000000001
1764558000000000000,0.0,101965.93,101965.93,86767.37
1764558300000000000,0.0,101965.93,101965.93,86470.01
1764558600000000000,0.0,101965.93,101965.93,86398.01999999999
1764558900000000000,0.0,101965.93,101965.93,86410.42
1764559200000000000,0.0,101965.93,101965.93,86486.16
1764559500000000000,0.0,101965.93,101965.93,86381.97
1764559800000000000,0.0,101965.93,101965.93,86266.07
1764560100000000000,0.0,101965.93,101965.93,86206.19
1764560400000000000,0.0,101965.93,101965.93,86448.92000000001
1764560700000000000,0.0,101965.93,101965.93,86242.07
1764561000000000000,0.0,101965.93,101965.93,86290.24
1764561300000000000,0.0,101965.93,101965.93,86346.13
1764561600000000000,0.0,101965.93,101965.93,86203.96
1764561900000000000,0.0,101965.93,101965.93,86186.0
1764562200000000000,0.0,101965.93,101965.93,86032.04
1764562500000000000,0.0,101965.93,101965.93,86020.97
1764562800000000000,0.0,101965.93,101965.93,85823.2
1764563100000000000,0.0,101965.93,101965.93,85733.67
1764563400000000000,0.0,101965.93,101965.93,85903.79
1764563700000000000,0.0,101965.93,101965.93,85933.99
1764564000000000000,0.0,101965.93,101965.93,85895.25
1764564300000000000,0.0,101965.93,101965.93,85864.92000000001
1764564600000000000,0.0,101965.93,101965.93,85751.3
1764564900000000000,0.0,101965.93,101965.93,85801.03
1764565200000000000,0.0,101965.93,101965.93,85836.59
1764565500000000000,0.0,101965.93,101965.93,85748.01
1764565800000000000,0.0,101965.93,101965.93,85755.5
1764566100000000000,0.0,101965.93,101965.93,85701.23
1764566400000000000,0.0,101965.93,101965.93,85844.34
1764566700000000000,0.0,101965.93,101965.93,86006.85
1764567000000000000,0.0,101965.93,101965.93,85884.01
1764567300000000000,0.0,101965.93,101965.93,85667.33
1764567600000000000,0.0,101965.93,101965.93,85750.49
1764567900000000000,0.0,101965.93,101965.93,85973.26000000001
1764568200000000000,0.0,101965.93,101965.93,85941.17
1764568500000000000,0.0,101965.93,101965.93,86001.08
1764568800000000000,0.0,101965.93,101965.93,86159.1
1764569100000000000,0.0,101965.93,101965.93,86125.15999999999
1764569400000000000,0.0,101965.93,101965.93,86280.0
1764569700000000000,0.0,101965.93,101965.93,86062.06
1764570000000000000,0.0,101965.93,101965.93,86036.0
1764570300000000000,0.0,101965.93,101965.93,86074.3
1764570600000000000,0.0,101965.93,101965.93,86068.56999999999
1764570900000000000,0.0,101965.93,101965.93,86235.98000000001
1764571200000000000,0.0,101965.93,101965.93,86289.84999999999
1764571500000000000,0.0,101965.93,101965.93,86286.41
1764571800000000000,0.0,101965.93,101965.93,86199.95
1764572100000000000,0.0,101965.93,101965.93,86234.16
1764572400000000000,0.0,101965.93,101965.93,86207.68
1764572700000000000,0.0,101965.93,101965.93,86129.09000000001
1764573000000000000,0.0,101965.93,101965.93,86161.34
1764573300000000000,0.0,101965.93,101965.93,86151.27
1764573600000000000,0.0,101965.93,101965.93,86149.99
1764573900000000000,0.0,101965.93,101965.93,86246.84000000001
1764574200000000000,0.0,101965.93,101965.93,86307.83
1764574500000000000,0.0,101965.93,101965.93,86387.45999999999
1764574800000000000,0.0,101965.93,101965.93,86465.45999999999
1764575100000000000,0.0,101965.93,101965.93,86536.0
1764575400000000000,0.0,101965.93,101965.93,86500.05
1764575700000000000,0.0,101965.93,101965.93,86550.3
1764576000000000000,0.0,101965.93,101965.93,86400.42
1764576300000000000,0.0,101965.93,101965.93,86592.89
1764576600000000000,0.0,101965.93,101965.93,86477.45999999999
1764576900000000000,0.0,101965.93,101965.93,86549.75
1764577200000000000,0.0,101965.93,101965.93,86490.36
1764577500000000000,0.0,101965.93,101965.93,86649.99
1764577800000000000,0.0,101965.93,101965.93,86570.47
1764579300000000000,0.0,101965.93,101965.93,86869.51
1764581100000000000,0.0,101965.93,101965.93,86606.01
1764582900000000000,0.0,101965.93,101965.93,86704.86
1764584700000000000,0.0,101965.93,101965.93,86596.11
1764586500000000000,0.0,101965.93,101965.93,86647.73000000001
1764588300000000000,0.0,101965.93,101965.93,86464.73
1764590100000000000,0.057928,101964.93000000001,101964.93000000001,86149.15
1764591900000000000,0.116118,101963.93,101963.93,85835.3
1764593700000000000,0.116118,101963.93,101963.93,85430.64
1764595500000000000,0.116118,101963.93,101963.93,85994.0
1764597300000000000,0.116118,101963.93,101963.93,85986.85
1764599100000000000,0.116118,101963.93,101963.93,86244.01
1764600900000000000,0.116118,101963.93,101963.93,86067.90000000001
1764602700000000000,0.116118,101963.93,101963.93,84955.95
1764604500000000000,0.116118,101963.93,101963.93,84677.87
1764606300000000000,0.116118,101963.93,101963.93,84558.0
1764608100000000000,0.116118,101963.93,101963.93,84571.8
1764609900000000000,0.116118,101963.93,101963.93,84984.34
1764611700000000000,0.116118,101963.93,101963.93,84920.3
1764613500000000000,0.116118,101963.93,101963.93,85306.0
1764615300000000000,0.116118,101963.93,101963.93,85199.48000000001
1764617100000000000,0.116118,101963.93,101963.93,84738.33
1764618900000000000,0.116118,101963.93,101963.93,85024.5
1764620700000000000,0.116118,101963.93,101963.93,85266.52
1764622500000000000,0.116118,101963.93,101963.93,85518.0
1764624300000000000,0.116118,101963.93,101963.93,86170.19
1764626100000000000,0.116118,101963.93,101963.93,86436.65
1764627900000000000,0.116118,101963.93,101963.93,86430.94
1764629700000000000,0.116118,101963.93,101963.93,86572.65
1764631500000000000,0.116118,101963.93,101963.93,86742.71
1764633300000000000,0.116118,101963.93,101963.93,86286.01
1764635100000000000,0.116118,101963.93,101963.93,86329.65000000001
1764636900000000000,0.116118,101963.93,101963.93,86513.33
1764638700000000000,0.058547,102004.95,102004.95,86737.81
1764640500000000000,0.058547,102004.95,102004.95,86454.93000000001
1764642300000000000,0.058547,102004.95,102004.95,86676.59
1764644100000000000,0.058547,102004.95,102004.95,86554.47
1764645900000000000,0.058547,102004.95,102004.95,86356.75
1764647700000000000,0.058547,102004.95,102004.95,86976.98999999999
1764649500000000000,0.001232,102067.99,102067.99,87032.0
1764651300000000000,0.001232,102067.99,102067.99,86970.28
1764653100000000000,0.001232,102067.99,102067.99,86911.37999999999
1764654900000000000,0.001232,102067.99,102067.99,87008.2
1764656700000000000,0.001232,102067.99,102067.99,86921.98000000001
1764658500000000000,0.001232,102067.99,102067.99,87090.46
1764660300000000000,0.001232,102067.99,102067.99,86913.90000000001
1764662100000000000,0.001232,102067.99,102067.99,87012.65
1764663900000000000,0.001232,102067.99,102067.99,86490.8
1764665700000000000,0.001232,102067.99,102067.99,86471.89
1764667500000000000,0.001232,102067.99,102067.99,86872.76000000001
1764669300000000000,0.001232,102067.99,102067.99,86769.87
1764671100000000000,0.001232,102067.99,102067.99,86797.67
1764672900000000000,0.001232,102067.99,102067.99,87272.44
1764674700000000000,0.001232,102067.99,102067.99,87419.99
1764676500000000000,0.001232,102067.99,102067.99,87368.92000000001
1764678300000000000,0.001232,102067.99,102067.99,87454.77
1764680100000000000,0.001232,102067.99,102067.99,87264.2
1764681900000000000,0.001232,102067.99,102067.99,87315.8
1764683700000000000,0.001232,102067.99,102067.99,87731.41
1764685500000000000,0.001232,102067.99,102067.99,88675.45
1764687300000000000,0.001232,102067.99,102067.99,89271.99
1764689100000000000,0.001232,102067.99,102067.99,90174.52
1764690900000000000,0.001232,102067.99,102067.99,90850.01
1764692400000000000,0.001232,102067.99,102067.99,90288.18
1764692700000000000,0.0,102073.15999999999,102073.15999999999,90277.70999999999
1764693000000000000,0.0,102073.15999999999,102073.15999999999,90565.15999999999
1764693300000000000,0.0,102073.15999999999,102073.15999999999,90758.33
1764693600000000000,0.0,102073.15999999999,102073.15999999999,90583.42
1764693900000000000,0.0,102073.15999999999,102073.15999999999,90613.25
1764694200000000000,0.0,102073.15999999999,102073.15999999999,90995.95
1764694500000000000,0.0,102073.15999999999,102073.15999999999,90759.15
1764694800000000000,0.0,102073.15999999999,102073.15999999999,90986.46
1764695100000000000,0.0,102073.15999999999,102073.15999999999,90847.23999999999
1764695400000000000,0.0,102073.15999999999,102073.15999999999,90973.41
1764695700000000000,0.0,102073.15999999999,102073.15999999999,91357.26000000001
1764696000000000000,0.0,102073.15999999999,102073.15999999999,91682.5
1764696300000000000,0.0,102073.15999999999,102073.15999999999,91756.0
1764696600000000000,0.0,102073.15999999999,102073.15999999999,91900.0
1764696900000000000,0.0,102073.15999999999,102073.15999999999,91698.73
1764697200000000000,0.0,102073.15999999999,102073.15999999999,91723.45
1764697500000000000,0.0,102073.15999999999,102073.15999999999,91544.48
1764697800000000000,0.0,102073.15999999999,102073.15999999999,91658.79000000001
1764698100000000000,0.0,102073.15999999999,102073.15999999999,91458.4
1764698400000000000,0.0,102073.15999999999,102073.15999999999,91583.59
1764698700000000000,0.0,102073.15999999999,102073.15999999999,91689.76
1764699000000000000,0.0,102073.15999999999,102073.15999999999,91824.78
1764699300000000000,0.0,102073.15999999999,102073.15999999999,91971.44
1764699600000000000,0.0,102073.15999999999,102073.15999999999,92000.73999999999
1764699900000000000,0.0,102073.15999999999,102073.15999999999,91914.39
1764700200000000000,0.0,102073.15999999999,102073.15999999999,91991.45
1764700500000000000,0.0,102073.15999999999,102073.15999999999,91910.78
1764700800000000000,0.0,102073.15999999999,102073.15999999999,91915.09000000001
1764701100000000000,0.0,102073.15999999999,102073.15999999999,92004.6
1764701400000000000,0.0,102073.15999999999,102073.15999999999,91966.52
1764701700000000000,0.0,102073.15999999999,102073.15999999999,91954.49
1764702000000000000,0.0,102073.15999999999,102073.15999999999,92177.06
1764702300000000000,0.0,102073.15999999999,102073.15999999999,92120.0
1764702600000000000,0.0,102073.15999999999,102073.15999999999,92036.92000000001
1764702900000000000,0.0,102073.15999999999,102073.15999999999,92020.3
1764703200000000000,0.0,102073.15999999999,102073.15999999999,91948.61
1764703500000000000,0.0,102073.15999999999,102073.15999999999,92017.65000000001
1764703800000000000,0.0,102073.15999999999,102073.15999999999,92130.90999999999
1764704100000000000,0.0,102073.15999999999,102073.15999999999,92265.37999999999
1764704400000000000,0.0,102073.15999999999,102073.15999999999,92134.73999999999
1764704700000000000,0.0,102073.15999999999,102073.15999999999,92014.08
1764705000000000000,0.0,102073.15999999999,102073.15999999999,91930.89
1764705300000000000,0.0,102073.15999999999,102073.15999999999,91903.39
1764705600000000000,0.0,102073.15999999999,102073.15999999999,91687.91
1764705900000000000,0.0,102073.15999999999,102073.15999999999,91888.0
1764706200000000000,0.0,102073.15999999999,102073.15999999999,91557.33
1764706500000000000,0.0,102073.15999999999,102073.15999999999,91231.09000000001
1764706800000000000,0.0,102073.15999999999,102073.15999999999,91260.64
1764707100000000000,0.0,102073.15999999999,102073.15999999999,90974.78
1764707400000000000,0.0,102073.15999999999,102073.15999999999,91036.39
1764707700000000000,0.0,102073.15999999999,102073.15999999999,90739.06
1764708000000000000,0.0,102073.15999999999,102073.15999999999,90943.44
1764708300000000000,0.0,102073.15999999999,102073.15999999999,90923.43000000001
1764708600000000000,0.0,102073.15999999999,102073.15999999999,90939.14
1764708900000000000,0.0,102073.15999999999,102073.15999999999,91026.67
1764709200000000000,0.0,102073.15999999999,102073.15999999999,91129.54999999999
1764709500000000000,0.0,102073.15999999999,102073.15999999999,91253.43000000001
1764709800000000000,0.0,102073.15999999999,102073.15999999999,91231.49
1764710100000000000,0.0,102073.15999999999,102073.15999999999,91213.89
1764710400000000000,0.0,102073.15999999999,102073.15999999999,91282.34
1764710700000000000,0.0,102073.15999999999,102073.15999999999,91429.40000000001
1764711000000000000,0.0,102073.15999999999,102073.15999999999,91322.14
1764711300000000000,0.0,102073.15999999999,102073.15999999999,91400.84
1764711600000000000,0.0,102073.15999999999,102073.15999999999,91477.72
1764711900000000000,0.0,102073.15999999999,102073.15999999999,91447.12
1764712200000000000,0.0,102073.15999999999,102073.15999999999,91622.68000000001
1764712500000000000,0.0,102073.15999999999,102073.15999999999,91562.43
1764712800000000000,0.0,102073.15999999999,102073.15999999999,91851.7
1764713100000000000,0.0,102073.15999999999,102073.15999999999,91555.76
1764713400000000000,0.0,102073.15999999999,102073.15999999999,91841.06999999999
1764713700000000000,0.0,102073.15999999999,102073.15999999999,91799.02
1764714000000000000,0.0,102073.15999999999,102073.15999999999,91711.23
1764714300000000000,0.0,102073.15999999999,102073.15999999999,91620.12000000001
1764714600000000000,0.0,102073.15999999999,102073.15999999999,91659.4
1764714900000000000,0.0,102073.15999999999,102073.15999999999,91664.31
1764715200000000000,0.0,102073.15999999999,102073.15999999999,91807.99
1764715500000000000,0.0,102073.15999999999,102073.15999999999,91854.65
1764715800000000000,0.0,102073.15999999999,102073.15999999999,91951.28
1764716100000000000,0.0,102073.15999999999,102073.15999999999,91981.91
1764716400000000000,0.0,102073.15999999999,102073.15999999999,91873.08
1764716700000000000,0.0,102073.15999999999,102073.15999999999,91899.74
1764717000000000000,0.0,102073.15999999999,102073.15999999999,91831.23
1764717900000000000,0.0,102073.15999999999,102073.15999999999,91666.87
1764719700000000000,0.054651,102072.16,102072.16,91277.88
1764721500000000000,0.10952,102071.16,102071.16,91183.2
1764723300000000000,0.10952,102071.16,102071.16,91660.12000000001
1764725100000000000,0.10952,102071.16,102071.16,91902.28
1764726900000000000,0.053143,102167.52,102167.52,92251.62999999999
1764728700000000000,0.100874,102166.64,102166.64,92806.76
1764730500000000000,0.100874,102166.64,102166.64,92817.92
1764732300000000000,0.100874,102166.64,102166.64,92836.38
1764734100000000000,0.100874,102166.64,102166.64,92628.90999999999
1764735900000000000,0.100874,102166.64,102166.64,92823.3
1764737700000000000,0.100874,102166.64,102166.64,93362.21
1764739500000000000,0.100874,102166.64,102166.64,93351.31
1764741300000000000,0.100874,102166.64,102166.64,93642.92
1764743100000000000,0.100874,102166.64,102166.64,93935.83
1764744900000000000,0.100874,102166.64,102166.64,93431.8
1764746700000000000,0.100874,102166.64,102166.64,93040.0
1764748500000000000,0.100874,102166.64,102166.64,92999.99
1764750300000000000,0.100874,102166.64,102166.64,92916.79000000001
1764752100000000000,0.100874,102166.64,102166.64,92765.65000000001
1764753900000000000,0.100874,102166.64,102166.64,92934.49
1764755700000000000,0.100874,102166.64,102166.64,93178.46
1764757500000000000,0.100874,102166.64,102166.64,93214.08
1764759300000000000,0.100874,102166.64,102166.64,92939.4
1764761100000000000,0.100874,102166.64,102166.64,92995.32
1764762900000000000,0.100874,102166.64,102166.64,93005.68
1764764700000000000,0.100874,102166.64,102166.64,92730.7
1764766500000000000,0.100874,102166.64,102166.64,92937.39
1764768300000000000,0.100874,102166.64,102166.64,93015.53
1764770100000000000,0.100874,102166.64,102166.64,93130.88
1764771900000000000,0.100874,102166.64,102166.64,92540.06
1764773700000000000,0.100874,102166.64,102166.64,92357.54
1764775500000000000,0.100874,102166.64,102166.64,92317.19
1764777300000000000,0.100874,102166.64,102166.64,92373.3
1764779100000000000,0.100874,102166.64,102166.64,92268.45000000001
1764780900000000000,0.100874,102166.64,102166.64,92242.24
1764782700000000000,0.100874,102166.64,102166.64,92506.45000000001
1764784500000000000,0.100874,102166.64,102166.64,92956.22
1764786300000000000,0.100874,102166.64,102166.64,93096.69
1764788100000000000,0.100874,102166.64,102166.64,92623.86
1764789900000000000,0.100874,102166.64,102166.64,92714.63
1764791700000000000,0.100874,102166.64,102166.64,93024.98999999999
1764793500000000000,0.100874,102166.64,102166.64,93033.12
1764795300000000000,0.100874,102166.64,102166.64,92980.43
1764797100000000000,0.100874,102166.64,102166.64,93276.2
1764798900000000000,0.154336,102165.64,102165.64,93700.0
1764800700000000000,0.154336,102165.64,102165.64,93405.53
1764802500000000000,0.154336,102165.64,102165.64,93781.01000000001
1764804300000000000,0.154336,102165.64,102165.64,93641.13
1764806100000000000,0.154336,102165.64,102165.64,93429.95
1764807900000000000,0.154336,102165.64,102165.64,92828.08
1764809700000000000,0.154336,102165.64,102165.64,93054.86
1764811500000000000,0.154336,102165.64,102165.64,93384.29000000001
1764813300000000000,0.154336,102165.64,102165.64,93195.06999999999
1764815100000000000,0.154336,102165.64,102165.64,93800.01
1764816900000000000,0.154336,102165.64,102165.64,93943.23999999999
1764818700000000000,0.154336,102165.64,102165.64,93616.56999999999
1764820500000000000,0.154336,102165.64,102165.64,93543.04
1764822300000000000,0.154336,102165.64,102165.64,93409.11
1764824100000000000,0.154336,102165.64,102165.64,93360.58
1764825900000000000,0.154336,102165.64,102165.64,93203.4
1764827700000000000,0.154336,102165.64,102165.64,92979.25
1764829500000000000,0.154336,102165.64,102165.64,93206.39
1764831300000000000,0.154336,102165.64,102165.64,93140.73999999999
1764833100000000000,0.154336,102165.64,102165.64,93101.13
1764834900000000000,0.154336,102165.64,102165.64,93397.67
1764836700000000000,0.207832,102164.64,102164.64,93126.03
1764838500000000000,0.207832,102164.64,102164.64,93260.63
1764840300000000000,0.207832,102164.64,102164.64,93367.71999999999
1764842100000000000,0.207832,102164.64,102164.64,93454.7
1764843900000000000,0.207832,102164.64,102164.64,93312.81
1764845700000000000,0.207832,102164.64,102164.64,93260.0
1764847500000000000,0.207832,102164.64,102164.64,93006.71
1764849300000000000,0.100092,102177.78,102177.78,92948.31
1764851100000000000,0.100092,102177.78,102177.78,92862.20000000001
1764852900000000000,0.100092,102177.78,102177.78,92990.18
1764854700000000000,0.100092,102177.78,102177.78,92786.79000000001
1764856500000000000,0.008026,102222.34999999999,102222.34999999999,92516.38
1764858300000000000,0.008026,102222.34999999999,102222.34999999999,92791.49
1764860100000000000,0.008026,102222.34999999999,102222.34999999999,91894.01
1764861900000000000,0.008026,102222.34999999999,102222.34999999999,92576.58
1764863700000000000,0.008026,102222.34999999999,102222.34999999999,92971.49
1764865500000000000,0.008026,102222.34999999999,102222.34999999999,92912.47
1764867300000000000,0.008026,102222.34999999999,102222.34999999999,92431.71999999999
1764869100000000000,0.008026,102222.34999999999,102222.34999999999,92130.43
1764870900000000000,0.008026,102222.34999999999,102222.34999999999,92426.76
1764872700000000000,0.008026,102222.34999999999,102222.34999999999,92463.34
1764874500000000000,0.008026,102222.34999999999,102222.34999999999,92127.52
1764876300000000000,0.008026,102222.34999999999,102222.34999999999,91342.67
1764878100000000000,0.008026,102222.34999999999,102222.34999999999,91975.44
1764879900000000000,0.008026,102222.34999999999,102222.34999999999,92000.01
1764881700000000000,0.008026,102222.34999999999,102222.34999999999,92476.25
1764883500000000000,0.008026,102222.34999999999,102222.34999999999,92300.0
1764885300000000000,0.008026,102222.34999999999,102222.34999999999,92158.23
1764887100000000000,0.008026,102222.34999999999,102222.34999999999,92194.65
1764888900000000000,0.008026,102222.34999999999,102222.34999999999,92348.78
1764890700000000000,0.008026,102222.34999999999,102222.34999999999,92217.54
1764892500000000000,0.008026,102222.34999999999,102222.34999999999,92078.06
1764894300000000000,0.008026,102222.34999999999,102222.34999999999,92318.21
1764896100000000000,0.008026,102222.34999999999,102222.34999999999,92299.07999999999
1764897900000000000,0.045988,102221.97,102221.97,92514.23
1764899700000000000,0.045988,102221.97,102221.97,92358.03
1764901500000000000,0.045988,102221.97,102221.97,92567.81
1764903300000000000,0.045988,102221.97,102221.97,92518.4
1764905100000000000,0.045988,102221.97,102221.97,92407.81
1764906900000000000,0.062726,102246.88,102246.88,92142.75
1764908700000000000,0.062726,102246.88,102246.88,92190.16
1764910500000000000,0.062726,102246.88,102246.88,92028.14
1764912300000000000,0.062726,102246.88,102246.88,91967.98000000001
1764914100000000000,0.062726,102246.88,102246.88,91932.85
1764915900000000000,0.062726,102246.88,102246.88,92029.25
1764917700000000000,0.062726,102246.88,102246.88,92275.26000000001
1764919500000000000,0.062726,102246.88,102246.88,92443.59
1764921300000000000,0.062726,102246.88,102246.88,92258.65
1764923100000000000,0.062726,102246.88,102246.88,92061.76
1764924900000000000,0.062726,102246.88,102246.88,92112.04
1764926700000000000,0.169134,102244.93000000001,102244.93000000001,91345.57
1764928500000000000,0.169134,102244.93000000001,102244.93000000001,91128.56
1764930300000000000,0.169134,102244.93000000001,102244.93000000001,91352.14
1764932100000000000,0.169134,102244.93000000001,102244.93000000001,91272.85
1764933900000000000,0.169134,102244.93000000001,102244.93000000001,91421.84
1764935700000000000,0.169134,102244.93000000001,102244.93000000001,91351.43000000001
1764937500000000000,0.169134,102244.93000000001,102244.93000000001,91227.70999999999
1764939300000000000,0.169134,102244.93000000001,102244.93000000001,91242.4
1764941100000000000,0.169134,102244.93000000001,102244.93000000001,90818.73
1764942900000000000,0.169134,102244.93000000001,102244.93000000001,90465.14
1764944700000000000,0.169134,102244.93000000001,102244.93000000001,90440.25
1764946500000000000,0.169134,102244.93000000001,102244.93000000001,90287.67
1764948300000000000,0.169134,102244.93000000001,102244.93000000001,91228.98999999999
1764950100000000000,0.169134,102244.93000000001,102244.93000000001,90459.35
1764951900000000000,0.235889,102243.73000000001,102243.73000000001,89066.01
1764953700000000000,0.235889,102243.73000000001,102243.73000000001,88810.89
1764955500000000000,0.235889,102243.73000000001,102243.73000000001,88763.17
1764957300000000000,0.235889,102243.73000000001,102243.73000000001,89336.13
1764959100000000000,0.235889,102243.73000000001,102243.73000000001,89406.21
1764960900000000000,0.235889,102243.73000000001,102243.73000000001,88936.04
1764962700000000000,0.235889,102243.73000000001,102243.73000000001,89426.83
1764964500000000000,0.235889,102243.73000000001,102243.73000000001,89629.26000000001
1764966300000000000,0.235889,102243.73000000001,102243.73000000001,89562.46
1764968100000000000,0.235889,102243.73000000001,102243.73000000001,89301.75
1764969900000000000,0.235889,102243.73000000001,102243.73000000001,89419.37
1764971700000000000,0.235889,102243.73000000001,102243.73000000001,89177.68
1764973500000000000,0.235889,102243.73000000001,102243.73000000001,89233.43000000001
1764975300000000000,0.235889,102243.73000000001,102243.73000000001,89232.47
1764977100000000000,0.235889,102243.73000000001,102243.73000000001,89233.39
1764978900000000000,0.235889,102243.73000000001,102243.73000000001,89330.04000000001
1764980700000000000,0.235889,102243.73000000001,102243.73000000001,89177.90000000001
1764982500000000000,0.235889,102243.73000000001,102243.73000000001,89422.25
1764984300000000000,0.235889,102243.73000000001,102243.73000000001,89448.62000000001
1764986100000000000,0.235889,102243.73000000001,102243.73000000001,89333.83
1764987900000000000,0.235889,102243.73000000001,102243.73000000001,89274.92
1764989700000000000,0.235889,102243.73000000001,102243.73000000001,89390.9
1764991500000000000,0.235889,102243.73000000001,102243.73000000001,89555.47
1764993300000000000,0.235889,102243.73000000001,102243.73000000001,89688.34999999999
1764995100000000000,0.235889,102243.73000000001,102243.73000000001,89623.51
1764996900000000000,0.235889,102243.73000000001,102243.73000000001,89659.01000000001
1764998700000000000,0.235889,102243.73000000001,102243.73000000001,89613.59
1765000500000000000,0.235889,102243.73000000001,102243.73000000001,89604.98
1765002300000000000,0.235889,102243.73000000001,102243.73000000001,89744.2
1765004100000000000,0.235889,102243.73000000001,102243.73000000001,89688.65
1765005900000000000,0.235889,102243.73000000001,102243.73000000001,89575.5
1765007700000000000,0.291719,102242.73,102242.73,89597.13
1765009500000000000,0.347631,102241.73000000001,102241.73000000001,89288.38
1765011300000000000,0.347631,102241.73000000001,102241.73000000001,89277.14
1765013100000000000,0.347631,102241.73000000001,102241.73000000001,89634.62000000001
1765014900000000000,0.347631,102241.73000000001,102241.73000000001,89574.12
1765016700000000000,0.347631,102241.73000000001,102241.73000000001,89534.97
1765018500000000000,0.347631,102241.73000000001,102241.73000000001,89506.0
1765020300000000000,0.347631,102241.73000000001,102241.73000000001,89579.25
1765022100000000000,0.347631,102241.73000000001,102241.73000000001,89631.28
1765023900000000000,0.347631,102241.73000000001,102241.73000000001,89616.33
1765025700000000000,0.347631,102241.73000000001,102241.73000000001,89581.19
1765027500000000000,0.347631,102241.73000000001,102241.73000000001,89688.18
1765029300000000000,0.347631,102241.73000000001,102241.73000000001,89673.73000000001
1765031100000000000,0.013875,101967.59,101967.59,89934.04000000001
1765032900000000000,0.013875,101967.59,101967.59,90004.76000000001
1765034700000000000,0.013875,101967.59,101967.59,89639.84
1765036500000000000,0.013875,101967.59,101967.59,89758.77
1765038300000000000,0.013875,101967.59,101967.59,89882.46
1765040100000000000,0.013875,101967.59,101967.59,89707.8
1765041900000000000,0.013875,101967.59,101967.59,89844.48
1765043700000000000,0.013875,101967.59,101967.59,89712.85
1765045500000000000,0.013875,101967.59,101967.59,89761.53
1765047300000000000,0.013875,101967.59,101967.59,89646.71
1765049100000000000,0.013875,101967.59,101967.59,89554.0
1765050900000000000,0.013875,101967.59,101967.59,89405.64
1765052700000000000,0.013875,101967.59,101967.59,89448.62000000001
1765054500000000000,0.013875,101967.59,101967.59,89548.88
1765056300000000000,0.013875,101967.59,101967.59,89432.0
1765058100000000000,0.013875,101967.59,101967.59,89420.28000000001
1765059900000000000,0.013875,101967.59,101967.59,89350.01
1765061700000000000,0.013875,101967.59,101967.59,89285.94
1765063500000000000,0.013875,101967.59,101967.59,89013.99
1765065300000000000,0.013875,101967.59,101967.59,89236.79000000001
1765067100000000000,0.013875,101967.59,101967.59,89351.65000000001
1765068900000000000,0.042037,101949.06999999999,101949.06999999999,89392.39
1765070700000000000,0.042037,101949.06999999999,101949.06999999999,89449.99
1765072500000000000,0.042037,101949.06999999999,101949.06999999999,89300.0
1765074300000000000,0.042037,101949.06999999999,101949.06999999999,89441.26000000001
1765076100000000000,0.042037,101949.06999999999,101949.06999999999,89621.95999999999
1765077900000000000,0.042037,101949.06999999999,101949.06999999999,89576.55
1765079700000000000,0.097775,101948.07,101948.07,89722.37000000001
1765081500000000000,0.097775,101948.07,101948.07,89626.51
1765083300000000000,0.097775,101948.07,101948.07,89535.95
1765085100000000000,0.097775,101948.07,101948.07,89474.85
1765086900000000000,0.097775,101948.07,101948.07,89515.01000000001
1765088700000000000,0.097775,101948.07,101948.07,89659.01000000001
1765090500000000000,0.097775,101948.07,101948.07,89709.99
1765092300000000000,0.097775,101948.07,101948.07,89401.88
1765094100000000000,0.097775,101948.07,101948.07,89379.71999999999
1765095900000000000,0.097775,101948.07,101948.07,89351.71999999999
1765097700000000000,0.097775,101948.07,101948.07,89316.61
1765099500000000000,0.097775,101948.07,101948.07,89184.11
1765101300000000000,0.097775,101948.07,101948.07,89104.23
1765103100000000000,0.097775,101948.07,101948.07,89198.23
1765104900000000000,0.097775,101948.07,101948.07,89240.18
1765106700000000000,0.097775,101948.07,101948.07,89175.84999999999
1765108500000000000,0.097775,101948.07,101948.07,89149.18000000001
1765110300000000000,0.097775,101948.07,101948.07,89268.36
1765112100000000000,0.097775,101948.07,101948.07,89475.90000000001
1765113900000000000,0.071011,102015.11,102015.11,88926.37000000001
1765115700000000000,0.071011,102015.11,102015.11,89053.74
1765117500000000000,0.240328,102012.11,102012.11,87920.98999999999
1765119300000000000,0.240328,102012.11,102012.11,88220.53
1765121100000000000,0.240328,102012.11,102012.11,88735.39
1765122900000000000,0.184492,102059.94,102059.94,89554.52
1765124700000000000,0.184492,102059.94,102059.94,89337.62999999999
1765126500000000000,0.184492,102059.94,102059.94,89893.37999999999
1765128300000000000,0.171449,102082.3,102082.3,90723.91
1765130100000000000,0.171449,102082.3,102082.3,90945.17
1765131900000000000,0.171449,102082.3,102082.3,91574.89
1765133700000000000,0.171449,102082.3,102082.3,91363.78
1765135500000000000,0.171449,102082.3,102082.3,91267.28
1765137300000000000,0.171449,102082.3,102082.3,91425.52
1765139100000000000,0.171449,102082.3,102082.3,91430.09999999999
1765140900000000000,0.171449,102082.3,102082.3,91439.04
1765142700000000000,0.171449,102082.3,102082.3,90872.87
1765144500000000000,0.171449,102082.3,102082.3,90231.32
1765146300000000000,0.171449,102082.3,102082.3,89694.59999999999
1765148100000000000,0.171449,102082.3,102082.3,89597.03
1765149900000000000,0.171449,102082.3,102082.3,90055.11
1765151700000000000,0.171449,102082.3,102082.3,90395.31
1765153500000000000,0.171449,102082.3,102082.3,90249.99
1765155300000000000,0.171449,102082.3,102082.3,90346.7
1765157100000000000,0.171449,102082.3,102082.3,91142.58
1765158900000000000,0.171449,102082.3,102082.3,90910.7
1765160700000000000,0.171449,102082.3,102082.3,91029.20999999999
1765162500000000000,0.171449,102082.3,102082.3,91364.18
1765164300000000000,0.171449,102082.3,102082.3,91259.98000000001
1765166100000000000,0.171449,102082.3,102082.3,91068.29000000001
1765167900000000000,0.171449,102082.3,102082.3,91251.48000000001
1765169700000000000,0.171449,102082.3,102082.3,91291.33
1765171500000000000,0.171449,102082.3,102082.3,91285.41
1765173300000000000,0.171449,102082.3,102082.3,91334.03
1765175100000000000,0.171449,102082.3,102082.3,91438.21
1765176900000000000,0.171449,102082.3,102082.3,91464.54000000001
1765178700000000000,0.171449,102082.3,102082.3,91694.45000000001
1765180500000000000,0.11695,102248.66,102248.66,91565.45999999999
1765182300000000000,0.11695,102248.66,102248.66,91707.77
1765184100000000000,0.11695,102248.66,102248.66,91833.90000000001
1765185900000000000,0.08746,102346.7,102346.7,91978.01
1765187700000000000,0.08746,102346.7,102346.7,91912.01999999999
1765189500000000000,0.08746,102346.7,102346.7,92043.99
1765191300000000000,0.08746,102346.7,102346.7,92133.40000000001
1765193100000000000,0.08746,102346.7,102346.7,92040.21
1765194900000000000,0.08746,102346.7,102346.7,91968.29000000001
1765196700000000000,0.08746,102346.7,102346.7,91859.23999999999
1765198500000000000,0.08746,102346.7,102346.7,91768.96
1765200300000000000,0.08746,102346.7,102346.7,91659.54
1765202100000000000,0.08746,102346.7,102346.7,91467.82
1765203900000000000,0.251932,102343.7,102343.7,91369.83
1765205700000000000,0.416896,102340.7,102340.7,90852.56
1765207500000000000,0.416896,102340.7,102340.7,89981.15
1765209300000000000,0.416896,102340.7,102340.7,89961.37
1765211100000000000,0.416896,102340.7,102340.7,90302.87
1765212900000000000,0.416896,102340.7,102340.7,89978.48
1765214700000000000,0.416896,102340.7,102340.7,89964.92000000001
1765216500000000000,0.416896,102340.7,102340.7,90257.98000000001
1765218300000000000,0.416896,102340.7,102340.7,90149.99
1765220100000000000,0.416896,102340.7,102340.7,89921.68
1765221900000000000,0.416896,102340.7,102340.7,90121.37
1765223700000000000,0.416896,102340.7,102340.7,90124.48
1765225500000000000,0.416896,102340.7,102340.7,90453.56000000001
1765227300000000000,0.416896,102340.7,102340.7,90799.92
1765229100000000000,0.416896,102340.7,102340.7,91032.59
1765230900000000000,0.416896,102340.7,102340.7,91316.01
1765232700000000000,0.416896,102340.7,102340.7,90971.5
1765234500000000000,0.416896,102340.7,102340.7,90833.86
1765236300000000000,0.416896,102340.7,102340.7,90719.27
1765238100000000000,0.416896,102340.7,102340.7,90634.34
1765239900000000000,0.416896,102340.7,102340.7,90690.79000000001
1765241700000000000,0.416896,102340.7,102340.7,90396.73
1765243500000000000,0.416896,102340.7,102340.7,90214.96
1765245300000000000,0.416896,102340.7,102340.7,90055.8
1765247100000000000,0.416896,102340.7,102340.7,90299.2
1765248900000000000,0.416896,102340.7,102340.7,90068.2
1765250700000000000,0.416896,102340.7,102340.7,90030.0
1765252500000000000,0.416896,102340.7,102340.7,90405.01000000001
1765254300000000000,0.416896,102340.7,102340.7,90400.47
1765256100000000000,0.416896,102340.7,102340.7,89917.53
1765257900000000000,0.416896,102340.7,102340.7,89862.47
1765259700000000000,0.416896,102340.7,102340.7,89899.35
1765261500000000000,0.416896,102340.7,102340.7,89877.95999999999
1765263300000000000,0.416896,102340.7,102340.7,90166.84000000001
1765265100000000000,0.416896,102340.7,102340.7,90363.13
1765266900000000000,0.416896,102340.7,102340.7,90496.8
1765268700000000000,0.416896,102340.7,102340.7,90522.0
1765270500000000000,0.416896,102340.7,102340.7,90498.72
1765272300000000000,0.416896,102340.7,102340.7,90300.04
1765274100000000000,0.416896,102340.7,102340.7,90131.59
1765275900000000000,0.416896,102340.7,102340.7,90192.36
1765277700000000000,0.416896,102340.7,102340.7,90298.45000000001
1765279500000000000,0.416896,102340.7,102340.7,90290.19
1765281300000000000,0.416896,102340.7,102340.7,90384.55
1765283100000000000,0.416896,102340.7,102340.7,90556.0
1765284900000000000,0.416896,102340.7,102340.7,90580.0
1765286700000000000,0.416896,102340.7,102340.7,90694.83
1765288500000000000,0.416896,102340.7,102340.7,90431.03
1765290300000000000,0.416896,102340.7,102340.7,90267.17
1765292100000000000,0.416896,102340.7,102340.7,90357.59
1765293900000000000,0.362034,102371.28,102371.28,91148.56999999999
1765295700000000000,0.281166,102483.23999999999,102483.23999999999,92707.51
1765297500000000000,0.281166,102483.23999999999,102483.23999999999,93376.78
1765299300000000000,0.281166,102483.23999999999,102483.23999999999,94187.81
1765301100000000000,0.281166,102483.23999999999,102483.23999999999,93757.64
1765302900000000000,0.281166,102483.23999999999,102483.23999999999,93917.99
1765304700000000000,0.281166,102483.23999999999,102483.23999999999,94121.02
1765306500000000000,0.281166,102483.23999999999,102483.23999999999,93920.48
1765307100000000000,0.281166,102483.23999999999,102483.23999999999,93845.84999999999
1765307400000000000,0.0,103414.34,103414.34,93931.41
1765307700000000000,0.0,103414.34,103414.34,93980.18
1765308000000000000,0.0,103414.34,103414.34,93933.73000000001
1765308300000000000,0.0,103414.34,103414.34,93990.22
1765308600000000000,0.0,103414.34,103414.34,94046.43
1765308900000000000,0.0,103414.34,103414.34,93926.56999999999
1765309200000000000,0.0,103414.34,103414.34,93733.99
1765309500000000000,0.0,103414.34,103414.34,93829.58
1765309800000000000,0.0,103414.34,103414.34,93901.29
1765310100000000000,0.0,103414.34,103414.34,93800.83
1765310400000000000,0.0,103414.34,103414.34,93617.68
1765310700000000000,0.0,103414.34,103414.34,93688.0
1765311000000000000,0.0,103414.34,103414.34,93705.61
1765311300000000000,0.0,103414.34,103414.34,93321.37999999999
1765311600000000000,0.0,103414.34,103414.34,92934.46
1765311900000000000,0.0,103414.34,103414.34,93080.12000000001
1765312200000000000,0.0,103414.34,103414.34,92846.36
1765312500000000000,0.0,103414.34,103414.34,93115.94
1765312800000000000,0.0,103414.34,103414.34,93024.6
1765313100000000000,0.0,103414.34,103414.34,93113.27
1765313400000000000,0.0,103414.34,103414.34,93061.61
1765313700000000000,0.0,103414.34,103414.34,93116.76000000001
1765314000000000000,0.0,103414.34,103414.34,93158.24
1765314300000000000,0.0,103414.34,103414.34,93031.5
1765314600000000000,0.0,103414.34,103414.34,92999.83
1765314900000000000,0.0,103414.34,103414.34,92989.22
1765315200000000000,0.0,103414.34,103414.34,93168.32
1765315500000000000,0.0,103414.34,103414.34,93106.26
1765315800000000000,0.0,103414.34,103414.34,92945.48
1765316100000000000,0.0,103414.34,103414.34,92937.17
1765316400000000000,0.0,103414.34,103414.34,92679.70999999999
1765316700000000000,0.0,103414.34,103414.34,92583.22
1765317000000000000,0.0,103414.34,103414.34,92290.16
1765317300000000000,0.0,103414.34,103414.34,92640.0
1765317600000000000,0.0,103414.34,103414.34,92675.54
1765317900000000000,0.0,103414.34,103414.34,92728.56999999999
1765319100000000000,0.0,103414.34,103414.34,92506.67
1765320900000000000,0.0,103414.34,103414.34,92884.0
1765322700000000000,0.0,103414.34,103414.34,92874.78
1765324500000000000,0.0,103414.34,103414.34,92678.8
1765326300000000000,0.0,103414.34,103414.34,92530.55
1765328100000000000,0.0,103414.34,103414.34,92130.81
1765329900000000000,0.0,103414.34,103414.34,92276.93000000001
1765331700000000000,0.054322,103413.34,103413.34,92316.36
1765333500000000000,0.054322,103413.34,103413.34,92502.87
1765335300000000000,0.054322,103413.34,103413.34,92495.68
1765337100000000000,0.054322,103413.34,103413.34,92409.87
1765338900000000000,0.054322,103413.34,103413.34,92410.62000000001
1765340700000000000,0.054322,103413.34,103413.34,92434.9
1765342500000000000,0.054322,103413.34,103413.34,92552.62000000001
1765344300000000000,0.054322,103413.34,103413.34,92582.5
1765346100000000000,0.054322,103413.34,103413.34,92556.28000000001
1765347900000000000,0.054322,103413.34,103413.34,92549.58
1765349700000000000,0.054322,103413.34,103413.34,92700.0
1765351500000000000,0.054322,103413.34,103413.34,92588.65
1765353300000000000,0.054322,103413.34,103413.34,92782.90999999999
1765355100000000000,0.054322,103413.34,103413.34,92677.56000000001
1765356900000000000,0.054322,103413.34,103413.34,92605.0
1765358700000000000,0.054322,103413.34,103413.34,92481.84
1765360500000000000,0.054322,103413.34,103413.34,92920.01
1765362300000000000,0.052904,103477.45,103477.45,92450.16
1765364100000000000,0.052904,103477.45,103477.45,92272.66
1765365900000000000,0.052904,103477.45,103477.45,92346.23
1765367700000000000,0.052904,103477.45,103477.45,92120.45000000001
1765369500000000000,0.052904,103477.45,103477.45,92022.55
1765371300000000000,0.052904,103477.45,103477.45,91987.22
1765373100000000000,0.052904,103477.45,103477.45,92107.04
1765374900000000000,0.052904,103477.45,103477.45,92093.66
1765376700000000000,0.052904,103477.45,103477.45,91939.73000000001
1765378500000000000,0.001609,103557.83,103557.83,91831.23999999999
1765380300000000000,0.001609,103557.83,103557.83,91944.75
1765382100000000000,0.001609,103557.83,103557.83,92063.69
1765383900000000000,0.214869,103554.69,103554.69,92484.81999999999
1765385700000000000,0.214869,103554.69,103554.69,92174.11
1765387500000000000,0.214869,103554.69,103554.69,92316.04
1765389300000000000,0.214869,103554.69,103554.69,92396.23
1765391100000000000,0.214869,103554.69,103554.69,92254.0
1765392900000000000,0.214869,103554.69,103554.69,92503.48000000001
1765394700000000000,0.214869,103554.69,103554.69,92467.71999999999
1765396500000000000,0.214869,103554.69,103554.69,92957.67
1765398300000000000,0.214869,103554.69,103554.69,93579.44
1765400100000000000,0.214869,103554.69,103554.69,92453.89
1765401900000000000,0.214869,103554.69,103554.69,92381.7
1765403700000000000,0.214869,103554.69,103554.69,92356.38
1765405500000000000,0.214869,103554.69,103554.69,92322.64
1765407300000000000,0.214869,103554.69,103554.69,92509.94
1765409100000000000,0.214869,103554.69,103554.69,92134.67
1765410900000000000,0.214869,103554.69,103554.69,92015.37
1765412700000000000,0.214869,103554.69,103554.69,91767.45999999999
1765414500000000000,0.050853,103704.87,103704.87,91386.17
1765416300000000000,0.050853,103704.87,103704.87,91086.68000000001
1765418100000000000,0.050853,103704.87,103704.87,90674.73999999999
1765419900000000000,0.050853,103704.87,103704.87,90087.36
1765421700000000000,0.050853,103704.87,103704.87,90074.0
1765423500000000000,0.050853,103704.87,103704.87,89737.48
1765425300000000000,0.050853,103704.87,103704.87,89880.01
1765427100000000000,0.050853,103704.87,103704.87,90040.33
1765427400000000000,0.0,103825.69,103825.69,90104.83
1765427700000000000,0.0,103825.69,103825.69,90137.74
1765428000000000000,0.0,103825.69,103825.69,90105.97
1765428300000000000,0.0,103825.69,103825.69,90251.86
1765428600000000000,0.0,103825.69,103825.69,90352.77
1765428900000000000,0.0,103825.69,103825.69,90436.55
1765429200000000000,0.0,103825.69,103825.69,90277.75
1765429500000000000,0.0,103825.69,103825.69,90257.64
1765429800000000000,0.0,103825.69,103825.69,90113.0
1765430100000000000,0.0,103825.69,103825.69,90204.56
1765430400000000000,0.0,103825.69,103825.69,90304.24
1765430700000000000,0.0,103825.69,103825.69,90275.13
1765431000000000000,0.0,103825.69,103825.69,90203.92
1765431300000000000,0.0,103825.69,103825.69,90230.32
1765431600000000000,0.0,103825.69,103825.69,90222.69
1765431900000000000,0.0,103825.69,103825.69,90282.19
1765432200000000000,0.0,103825.69,103825.69,90336.71
1765432500000000000,0.0,103825.69,103825.69,90316.72
1765432800000000000,0.0,103825.69,103825.69,90276.11
1765433100000000000,0.0,103825.69,103825.69,90275.11
1765433400000000000,0.0,103825.69,103825.69,90263.78
1765433700000000000,0.0,103825.69,103825.69,90194.98
1765434000000000000,0.0,103825.69,103825.69,90044.98999999999
1765434300000000000,0.0,103825.69,103825.69,90111.2
1765434600000000000,0.0,103825.69,103825.69,90278.5
1765434900000000000,0.0,103825.69,103825.69,90436.53
1765435200000000000,0.0,103825.69,103825.69,90317.95999999999
1765435500000000000,0.0,103825.69,103825.69,90299.43000000001
1765435800000000000,0.0,103825.69,103825.69,90267.22
1765436100000000000,0.0,103825.69,103825.69,90301.35
1765436400000000000,0.0,103825.69,103825.69,90256.16
1765436700000000000,0.0,103825.69,103825.69,90213.05
1765437000000000000,0.0,103825.69,103825.69,90212.51999999999
1765437300000000000,0.0,103825.69,103825.69,90240.47
1765437600000000000,0.0,103825.69,103825.69,90177.99
1765437900000000000,0.0,103825.69,103825.69,90127.8
1765438200000000000,0.0,103825.69,103825.69,90172.62000000001
1765438500000000000,0.0,103825.69,103825.69,90150.05
1765439700000000000,0.0,103825.69,103825.69,90272.75
1765441500000000000,0.0,103825.69,103825.69,90121.01000000001
1765443300000000000,0.0,103825.69,103825.69,90183.70999999999
1765445100000000000,0.055294,103824.69,103824.69,90421.02
1765446900000000000,0.055294,103824.69,103824.69,90234.19
1765448700000000000,0.055294,103824.69,103824.69,90267.02
1765450500000000000,0.055294,103824.69,103824.69,90320.15000000001
1765452300000000000,0.055294,103824.69,103824.69,90259.56
1765454100000000000,0.055294,103824.69,103824.69,90242.34999999999
1765455900000000000,0.055294,103824.69,103824.69,90310.77
1765457700000000000,0.055294,103824.69,103824.69,90032.31
1765459500000000000,0.055294,103824.69,103824.69,90051.66
1765461300000000000,0.055898,103849.79,103849.79,90103.53
1765463100000000000,0.055898,103849.79,103849.79,90139.2
1765464900000000000,0.167394,103847.79,103847.79,89545.24
1765466700000000000,0.167394,103847.79,103847.79,90251.23
1765468500000000000,0.167394,103847.79,103847.79,89872.51
1765470300000000000,0.167394,103847.79,103847.79,89563.19
1765472100000000000,0.167394,103847.79,103847.79,89737.11
1765473900000000000,0.167394,103847.79,103847.79,90062.52
1765475700000000000,0.167394,103847.79,103847.79,89983.23
1765477500000000000,0.167394,103847.79,103847.79,90351.83
1765479300000000000,0.001959,103993.41,103993.41,90710.5
1765481100000000000,0.001959,103993.41,103993.41,91124.59
1765482900000000000,0.001959,103993.41,103993.41,90839.81
1765484700000000000,0.001959,103993.41,103993.41,91055.16
1765486500000000000,0.001959,103993.41,103993.41,91792.98999999999
1765488300000000000,0.001959,103993.41,103993.41,93280.01
1765490100000000000,0.001959,103993.41,103993.41,92858.39
1765491900000000000,0.001959,103993.41,103993.41,92333.12
1765493700000000000,0.001959,103993.41,103993.41,92352.0
1765495500000000000,0.001959,103993.41,103993.41,92495.70999999999
1765497300000000000,0.001959,103993.41,103993.41,92513.37999999999
1765499100000000000,0.001959,103993.41,103993.41,92386.0
1765500900000000000,0.110797,103991.41,103991.41,91573.88
1765502700000000000,0.110797,103991.41,103991.41,92097.09000000001
1765504500000000000,0.110797,103991.41,103991.41,92170.0
1765506300000000000,0.110797,103991.41,103991.41,92396.23
1765508100000000000,0.110797,103991.41,103991.41,92588.79000000001
1765509900000000000,0.110797,103991.41,103991.41,92237.54
1765511700000000000,0.110797,103991.41,103991.41,92283.4
1765513500000000000,0.110797,103991.41,103991.41,92208.0
1765515300000000000,0.110797,103991.41,103991.41,92396.69
1765517100000000000,0.110797,103991.41,103991.41,92133.18000000001
1765518900000000000,0.110797,103991.41,103991.41,92444.42
1765520700000000000,0.110797,103991.41,103991.41,92600.54000000001
1765522500000000000,0.110797,103991.41,103991.41,92513.34
1765524300000000000,0.110797,103991.41,103991.41,92377.79999999999
1765526100000000000,0.110797,103991.41,103991.41,92425.34
1765527900000000000,0.110797,103991.41,103991.41,92258.49
1765529700000000000,0.110797,103991.41,103991.41,92342.39
1765531500000000000,0.110797,103991.41,103991.41,92113.56000000001
1765533300000000000,0.110797,103991.41,103991.41,92520.56
1765535100000000000,0.110797,103991.41,103991.41,92460.04
1765536900000000000,0.110797,103991.41,103991.41,92492.32
1765538700000000000,0.110797,103991.41,103991.41,92362.3
1765540500000000000,0.110797,103991.41,103991.41,92418.19
1765542300000000000,0.110797,103991.41,103991.41,92182.65
1765544100000000000,0.110797,103991.41,103991.41,92419.99
1765545900000000000,0.110797,103991.41,103991.41,92280.33
1765547700000000000,0.110797,103991.41,103991.41,92302.79000000001
1765549500000000000,0.110797,103991.41,103991.41,92126.94
1765551300000000000,0.110797,103991.41,103991.41,92444.0
1765553100000000000,0.110797,103991.41,103991.41,90842.7
1765554900000000000,0.110797,103991.41,103991.41,89935.14
1765556700000000000,0.110797,103991.41,103991.41,90409.17
1765558500000000000,0.166583,103990.41,103990.41,90046.54000000001
1765560300000000000,0.166583,103990.41,103990.41,89840.25
1765562100000000000,0.166583,103990.41,103990.41,90083.09000000001
1765563900000000000,0.166583,103990.41,103990.41,90540.86
1765565700000000000,0.166583,103990.41,103990.41,90372.0
1765567500000000000,0.166583,103990.41,103990.41,90195.54999999999
1765569300000000000,0.166583,103990.41,103990.41,90198.22
1765571100000000000,0.166583,103990.41,103990.41,90020.49
1765572900000000000,0.166583,103990.41,103990.41,90214.08
1765574700000000000,0.166583,103990.41,103990.41,90178.09
1765576500000000000,0.166583,103990.41,103990.41,90193.94
1765578300000000000,0.166583,103990.41,103990.41,90330.5
1765580100000000000,0.166583,103990.41,103990.41,90335.92
1765581900000000000,0.166583,103990.41,103990.41,90312.26999999999
1765583700000000000,0.166583,103990.41,103990.41,90268.42
1765585500000000000,0.166583,103990.41,103990.41,90307.16
1765587300000000000,0.166583,103990.41,103990.41,90323.01000000001
1765589100000000000,0.166583,103990.41,103990.41,90328.07
1765590900000000000,0.166583,103990.41,103990.41,90229.91
1765592700000000000,0.166583,103990.41,103990.41,90313.95999999999
1765594500000000000,0.166583,103990.41,103990.41,90232.77
1765596300000000000,0.166583,103990.41,103990.41,90338.28
1765598100000000000,0.166583,103990.41,103990.41,90345.54
1765599900000000000,0.166583,103990.41,103990.41,90326.24
1765601700000000000,0.166583,103990.41,103990.41,90371.81
1765603500000000000,0.166583,103990.41,103990.41,90351.06
1765605300000000000,0.166583,103990.41,103990.41,90342.90999999999
1765607100000000000,0.166583,103990.41,103990.41,90278.36
1765608900000000000,0.166583,103990.41,103990.41,90351.45
1765610700000000000,0.166583,103990.41,103990.41,90381.94
1765612500000000000,0.166583,103990.41,103990.41,90329.97
1765614300000000000,0.056042,103918.01999999999,103918.01999999999,90510.29000000001
1765616100000000000,0.056042,103918.01999999999,103918.01999999999,90458.19
1765617900000000000,0.056042,103918.01999999999,103918.01999999999,90430.89
1765619700000000000,0.056042,103918.01999999999,103918.01999999999,90422.56999999999
1765621500000000000,0.056042,103918.01999999999,103918.01999999999,90513.79999999999
1765623300000000000,0.056042,103918.01999999999,103918.01999999999,90595.13
1765625100000000000,0.056042,103918.01999999999,103918.01999999999,90444.85
1765626900000000000,0.056042,103918.01999999999,103918.01999999999,90330.36
1765628700000000000,0.056042,103918.01999999999,103918.01999999999,90325.42
1765630500000000000,0.222191,103915.02,103915.02,90341.05
1765632300000000000,0.222191,103915.02,103915.02,90229.99
1765634100000000000,0.388475,103912.01999999999,103912.01999999999,90245.87
1765635900000000000,0.388475,103912.01999999999,103912.01999999999,89961.12
1765637700000000000,0.388475,103912.01999999999,103912.01999999999,90079.7
1765639500000000000,0.388475,103912.01999999999,103912.01999999999,90138.04000000001
1765641300000000000,0.388475,103912.01999999999,103912.01999999999,90092.16
1765643100000000000,0.388475,103912.01999999999,103912.01999999999,90073.23
1765644900000000000,0.388475,103912.01999999999,103912.01999999999,90087.28
1765646700000000000,0.388475,103912.01999999999,103912.01999999999,90009.12
1765648500000000000,0.388475,103912.01999999999,103912.01999999999,90052.61
1765650300000000000,0.388475,103912.01999999999,103912.01999999999,90161.89
1765652100000000000,0.388475,103912.01999999999,103912.01999999999,90119.89
1765653900000000000,0.388475,103912.01999999999,103912.01999999999,90130.41
1765655700000000000,0.388475,103912.01999999999,103912.01999999999,90178.16
1765657500000000000,0.388475,103912.01999999999,103912.01999999999,90137.53
1765659300000000000,0.388475,103912.01999999999,103912.01999999999,90088.31
1765661100000000000,0.388475,103912.01999999999,103912.01999999999,89962.32
1765662900000000000,0.388475,103912.01999999999,103912.01999999999,90175.97
1765664700000000000,0.388475,103912.01999999999,103912.01999999999,90090.36
1765666500000000000,0.388475,103912.01999999999,103912.01999999999,90140.09999999999
1765668300000000000,0.388475,103912.01999999999,103912.01999999999,90198.88
1765670100000000000,0.388475,103912.01999999999,103912.01999999999,90240.01
1765671900000000000,0.388475,103912.01999999999,103912.01999999999,90304.71
1765673700000000000,0.333162,103912.54000000001,103912.54000000001,90340.0
1765675500000000000,0.333162,103912.54000000001,103912.54000000001,90426.75
1765677300000000000,0.333162,103912.54000000001,103912.54000000001,90293.29
1765679100000000000,0.333162,103912.54000000001,103912.54000000001,90354.86
1765680900000000000,0.333162,103912.54000000001,103912.54000000001,90290.17
1765682700000000000,0.333162,103912.54000000001,103912.54000000001,90278.5
1765684500000000000,0.333162,103912.54000000001,103912.54000000001,90258.98
1765686300000000000,0.333162,103912.54000000001,103912.54000000001,90302.26999999999
1765688100000000000,0.333162,103912.54000000001,103912.54000000001,90201.5
1765689900000000000,0.333162,103912.54000000001,103912.54000000001,90090.17
1765691700000000000,0.333162,103912.54000000001,103912.54000000001,90199.06
1765693500000000000,0.333162,103912.54000000001,103912.54000000001,90101.36
1765695300000000000,0.333162,103912.54000000001,103912.54000000001,90145.26000000001
1765697100000000000,0.333162,103912.54000000001,103912.54000000001,90111.76
1765698900000000000,0.333162,103912.54000000001,103912.54000000001,90245.6
1765700700000000000,0.333162,103912.54000000001,103912.54000000001,90180.0
1765702500000000000,0.333162,103912.54000000001,103912.54000000001,90108.28000000001
1765704300000000000,0.333162,103912.54000000001,103912.54000000001,90084.36
1765706100000000000,0.333162,103912.54000000001,103912.54000000001,90020.06
1765707900000000000,0.333162,103912.54000000001,103912.54000000001,89989.03
1765709700000000000,0.333162,103912.54000000001,103912.54000000001,89853.69
1765711500000000000,0.333162,103912.54000000001,103912.54000000001,89514.85
1765713300000000000,0.333162,103912.54000000001,103912.54000000001,89360.0
1765715100000000000,0.333162,103912.54000000001,103912.54000000001,89381.47
1765716900000000000,0.333162,103912.54000000001,103912.54000000001,89431.65000000001
1765718700000000000,0.333162,103912.54000000001,103912.54000000001,89280.46
1765720500000000000,0.333162,103912.54000000001,103912.54000000001,89489.5
1765722300000000000,0.333162,103912.54000000001,103912.54000000001,89279.99
1765724100000000000,0.333162,103912.54000000001,103912.54000000001,89118.04000000001
1765725900000000000,0.333162,103912.54000000001,103912.54000000001,89018.08
1765727700000000000,0.333162,103912.54000000001,103912.54000000001,89022.90999999999
1765729500000000000,0.333162,103912.54000000001,103912.54000000001,89261.11
1765731300000000000,0.333162,103912.54000000001,103912.54000000001,88836.98
1765733100000000000,0.333162,103912.54000000001,103912.54000000001,88782.71
1765734900000000000,0.333162,103912.54000000001,103912.54000000001,88810.67
1765736700000000000,0.333162,103912.54000000001,103912.54000000001,88790.56
1765738500000000000,0.333162,103912.54000000001,103912.54000000001,88997.28
1765740300000000000,0.333162,103912.54000000001,103912.54000000001,88711.11
1765742100000000000,0.333162,103912.54000000001,103912.54000000001,88644.88
1765743900000000000,0.333162,103912.54000000001,103912.54000000001,88658.53
1765745700000000000,0.333162,103912.54000000001,103912.54000000001,88558.97
1765747500000000000,0.333162,103912.54000000001,103912.54000000001,88572.25
1765749300000000000,0.333162,103912.54000000001,103912.54000000001,88443.84999999999
1765751100000000000,0.333162,103912.54000000001,103912.54000000001,88382.68000000001
1765752900000000000,0.333162,103912.54000000001,103912.54000000001,88415.29
1765754700000000000,0.333162,103912.54000000001,103912.54000000001,88026.43999999999
1765756500000000000,0.333162,103912.54000000001,103912.54000000001,88172.17
1765758300000000000,0.333162,103912.54000000001,103912.54000000001,88541.95999999999
1765760100000000000,0.333162,103912.54000000001,103912.54000000001,88465.90000000001
1765761900000000000,0.333162,103912.54000000001,103912.54000000001,88706.32
1765763700000000000,0.333162,103912.54000000001,103912.54000000001,89242.32
1765765500000000000,0.221587,103827.78,103827.78,89688.7
1765767300000000000,0.221587,103827.78,103827.78,89321.84999999999
1765769100000000000,0.221587,103827.78,103827.78,89359.59
1765770900000000000,0.221587,103827.78,103827.78,89282.59999999999
1765772700000000000,0.221587,103827.78,103827.78,89342.98999999999
1765774500000000000,0.221587,103827.78,103827.78,89667.64
1765776300000000000,0.221587,103827.78,103827.78,89704.75
1765778100000000000,0.221587,103827.78,103827.78,89615.23999999999
1765779900000000000,0.221587,103827.78,103827.78,89569.36
1765781700000000000,0.221587,103827.78,103827.78,89735.87999999999
1765783500000000000,0.221587,103827.78,103827.78,89595.43000000001
1765785300000000000,0.221587,103827.78,103827.78,89753.42
1765787100000000000,0.165942,103798.31,103798.31,89863.76
1765788900000000000,0.165942,103798.31,103798.31,89770.01
1765790700000000000,0.165942,103798.31,103798.31,89887.99
1765792500000000000,0.165942,103798.31,103798.31,89865.12
1765794300000000000,0.165942,103798.31,103798.31,89869.06
1765796100000000000,0.165942,103798.31,103798.31,89858.95
1765797900000000000,0.165942,103798.31,103798.31,89803.62999999999
1765799700000000000,0.165942,103798.31,103798.31,89641.28
1765801500000000000,0.165942,103798.31,103798.31,89573.13
1765803300000000000,0.165942,103798.31,103798.31,89695.75
1765805100000000000,0.277828,103796.31,103796.31,89449.39
1765806900000000000,0.277828,103796.31,103796.31,89432.0
1765808700000000000,0.277828,103796.31,103796.31,89390.19
1765810500000000000,0.390014,103794.31,103794.31,88050.01
1765812300000000000,0.390014,103794.31,103794.31,86871.25
1765814100000000000,0.390014,103794.31,103794.31,87033.22
1765815900000000000,0.390014,103794.31,103794.31,86910.81
1765817700000000000,0.390014,103794.31,103794.31,86400.01
1765819500000000000,0.390014,103794.31,103794.31,86194.42
1765820100000000000,0.390014,103794.31,103794.31,85701.01000000001
1765820400000000000,0.0,102233.22,102233.22,85842.29000000001
1765820700000000000,0.0,102233.22,102233.22,85817.54999999999
1765821000000000000,0.0,102233.22,102233.22,85762.0
1765821300000000000,0.0,102233.22,102233.22,85762.87
1765821600000000000,0.0,102233.22,102233.22,85651.96
1765821900000000000,0.0,102233.22,102233.22,85813.54999999999
1765822200000000000,0.0,102233.22,102233.22,85889.15
1765822500000000000,0.0,102233.22,102233.22,85818.81
1765822800000000000,0.0,102233.22,102233.22,85712.37000000001
1765823100000000000,0.0,102233.22,102233.22,85586.01
1765823400000000000,0.0,102233.22,102233.22,85357.82
1765823700000000000,0.0,102233.22,102233.22,85471.02
1765824000000000000,0.0,102233.22,102233.22,85757.59
1765824300000000000,0.0,102233.22,102233.22,85893.52
1765824600000000000,0.0,102233.22,102233.22,85976.54000000001
1765824900000000000,0.0,102233.22,102233.22,86185.39
1765825200000000000,0.0,102233.22,102233.22,86504.28000000001
1765825500000000000,0.0,102233.22,102233.22,86242.59
1765825800000000000,0.0,102233.22,102233.22,85976.54000000001
1765826100000000000,0.0,102233.22,102233.22,86184.01
1765826400000000000,0.0,102233.22,102233.22,86366.97
1765826700000000000,0.0,102233.22,102233.22,86117.24
1765827000000000000,0.0,102233.22,102233.22,86275.25
1765827300000000000,0.0,102233.22,102233.22,86270.23
1765827600000000000,0.0,102233.22,102233.22,86201.99
1765827900000000000,0.0,102233.22,102233.22,86154.42
1765828200000000000,0.0,102233.22,102233.22,86223.31
1765828500000000000,0.0,102233.22,102233.22,86149.95999999999
1765828800000000000,0.0,102233.22,102233.22,86184.0
1765829100000000000,0.0,102233.22,102233.22,85900.01
1765829400000000000,0.0,102233.22,102233.22,85761.62
1765829700000000000,0.0,102233.22,102233.22,85750.38
1765830000000000000,0.0,102233.22,102233.22,85870.83
1765830300000000000,0.0,102233.22,102233.22,85746.52
1765830600000000000,0.0,102233.22,102233.22,85946.12
1765830900000000000,0.0,102233.22,102233.22,86040.94
1765831200000000000,0.0,102233.22,102233.22,85932.56999999999
1765831500000000000,0.0,102233.22,102233.22,85818.01
1765831800000000000,0.0,102233.22,102233.22,85856.62000000001
1765832100000000000,0.0,102233.22,102233.22,85787.04
1765832400000000000,0.0,102233.22,102233.22,85674.0
1765832700000000000,0.0,102233.22,102233.22,85582.12
1765833000000000000,0.0,102233.22,102233.22,85630.0
1765833300000000000,0.0,102233.22,102233.22,85796.0
1765833600000000000,0.0,102233.22,102233.22,85988.03
1765833900000000000,0.0,102233.22,102233.22,86075.61
1765834200000000000,0.0,102233.22,102233.22,86039.99
1765834500000000000,0.0,102233.22,102233.22,86145.31999999999
1765834800000000000,0.0,102233.22,102233.22,86015.61
1765835100000000000,0.0,102233.22,102233.22,86099.45
1765835400000000000,0.0,102233.22,102233.22,86151.89
1765835700000000000,0.0,102233.22,102233.22,86243.78
1765836000000000000,0.0,102233.22,102233.22,86053.91
1765836300000000000,0.0,102233.22,102233.22,86030.11
1765836600000000000,0.0,102233.22,102233.22,86045.29
1765836900000000000,0.0,102233.22,102233.22,86062.95
1765837200000000000,0.0,102233.22,102233.22,85928.54000000001
1765837500000000000,0.0,102233.22,102233.22,86019.97
1765837800000000000,0.0,102233.22,102233.22,86069.29
1765838100000000000,0.0,102233.22,102233.22,86058.29000000001
1765838400000000000,0.0,102233.22,102233.22,86045.93
1765838700000000000,0.0,102233.22,102233.22,86016.45000000001
1765839000000000000,0.0,102233.22,102233.22,86173.06999999999
1765839300000000000,0.0,102233.22,102233.22,86259.31
1765841100000000000,0.0,102233.22,102233.22,86229.51
1765842900000000000,0.0,102233.22,102233.22,86432.08
1765844700000000000,0.0,102233.22,102233.22,86354.41
1765846500000000000,0.058148,102232.22,102232.22,85865.48
1765848300000000000,0.058148,102232.22,102232.22,85910.61
1765850100000000000,0.116519,102231.22,102231.22,85891.02
1765851900000000000,0.116519,102231.22,102231.22,86200.0
1765853700000000000,0.116519,102231.22,102231.22,85944.01
1765855500000000000,0.116519,102231.22,102231.22,85711.70999999999
1765857300000000000,0.116519,102231.22,102231.22,85875.92
1765859100000000000,0.116519,102231.22,102231.22,85646.98
1765860900000000000,0.116519,102231.22,102231.22,85838.51
1765862700000000000,0.116519,102231.22,102231.22,85986.83
1765864500000000000,0.116519,102231.22,102231.22,86028.11
1765866300000000000,0.116519,102231.22,102231.22,86416.5
1765868100000000000,0.116519,102231.22,102231.22,86508.0
1765869900000000000,0.116519,102231.22,102231.22,86227.32
1765871700000000000,0.116519,102231.22,102231.22,86021.51
1765873500000000000,0.116519,102231.22,102231.22,86271.70999999999
1765875300000000000,0.116519,102231.22,102231.22,86281.18000000001
1765877100000000000,0.116519,102231.22,102231.22,86277.75
1765878900000000000,0.116519,102231.22,102231.22,86350.0
1765880700000000000,0.116519,102231.22,102231.22,86403.78
1765882500000000000,0.229057,102321.23,102321.23,86980.01
1765884300000000000,0.229057,102321.23,102321.23,87142.66
1765886100000000000,0.229057,102321.23,102321.23,87261.45
1765887900000000000,0.229057,102321.23,102321.23,87146.72
1765889700000000000,0.229057,102321.23,102321.23,87212.98
1765891500000000000,0.229057,102321.23,102321.23,87367.6
1765893300000000000,0.229057,102321.23,102321.23,86443.02
1765895100000000000,0.229057,102321.23,102321.23,86935.14
1765896900000000000,0.229057,102321.23,102321.23,87297.99
1765898700000000000,0.229057,102321.23,102321.23,87163.39
1765900500000000000,0.285828,102320.23,102320.23,87977.43000000001
1765902300000000000,0.285828,102320.23,102320.23,87843.23
1765904100000000000,0.285828,102320.23,102320.23,87588.26
1765905900000000000,0.285828,102320.23,102320.23,87343.42
1765907700000000000,0.285828,102320.23,102320.23,87131.99
1765909500000000000,0.285828,102320.23,102320.23,87396.59
1765911300000000000,0.285828,102320.23,102320.23,87781.35
1765913100000000000,0.285828,102320.23,102320.23,87438.48
1765914900000000000,0.285828,102320.23,102320.23,87585.77
1765916700000000000,0.285828,102320.23,102320.23,87552.51999999999
1765918500000000000,0.285828,102320.23,102320.23,87573.23
1765920300000000000,0.285828,102320.23,102320.23,87690.31
1765922100000000000,0.285828,102320.23,102320.23,87768.59
1765923900000000000,0.285828,102320.23,102320.23,87872.8
1765925700000000000,0.285828,102320.23,102320.23,87783.34
1765927500000000000,0.285828,102320.23,102320.23,87667.2
1765929300000000000,0.285828,102320.23,102320.23,87863.42
1765931100000000000,0.285828,102320.23,102320.23,87500.72
1765932900000000000,0.285828,102320.23,102320.23,87537.20999999999
1765934700000000000,0.285828,102320.23,102320.23,87760.47
1765936500000000000,0.285828,102320.23,102320.23,87552.3
1765938300000000000,0.285828,102320.23,102320.23,87328.31
1765940100000000000,0.285828,102320.23,102320.23,87483.04
1765941900000000000,0.285828,102320.23,102320.23,87347.14
1765943700000000000,0.285828,102320.23,102320.23,87213.59
1765945500000000000,0.285828,102320.23,102320.23,87048.39
1765947300000000000,0.285828,102320.23,102320.23,86752.26
1765949100000000000,0.285828,102320.23,102320.23,86423.92
1765950900000000000,0.285828,102320.23,102320.23,86626.39
1765952700000000000,0.285828,102320.23,102320.23,86872.42
1765954500000000000,0.285828,102320.23,102320.23,86777.98000000001
1765956300000000000,0.285828,102320.23,102320.23,86736.37000000001
1765958100000000000,0.285828,102320.23,102320.23,87045.59
1765959900000000000,0.228038,102354.37000000001,102354.37000000001,86521.1
1765961700000000000,0.228038,102354.37000000001,102354.37000000001,86395.66
1765963500000000000,0.228038,102354.37000000001,102354.37000000001,86336.08
1765965300000000000,0.228038,102354.37000000001,102354.37000000001,86417.45999999999
1765967100000000000,0.170061,102404.81,102404.81,86566.83
1765968900000000000,0.170061,102404.81,102404.81,86624.49
1765970700000000000,0.170061,102404.81,102404.81,86790.61
1765972500000000000,0.170061,102404.81,102404.81,86983.26000000001
1765974300000000000,0.170061,102404.81,102404.81,87090.29000000001
1765976100000000000,0.170061,102404.81,102404.81,87029.54999999999
1765977900000000000,0.170061,102404.81,102404.81,87096.04
1765979700000000000,0.170061,102404.81,102404.81,87631.37
1765981500000000000,0.170061,102404.81,102404.81,87722.88
1765983300000000000,0.170061,102404.81,102404.81,89675.84999999999
1765985100000000000,0.170061,102404.81,102404.81,89921.90000000001
1765986900000000000,0.170061,102404.81,102404.81,87233.44
1765988700000000000,0.170061,102404.81,102404.81,86355.19
1765990500000000000,0.170061,102404.81,102404.81,86986.51
1765992300000000000,0.170061,102404.81,102404.81,86875.18000000001
1765994100000000000,0.170061,102404.81,102404.81,86427.12
1765995900000000000,0.170061,102404.81,102404.81,86486.81
1765997700000000000,0.170061,102404.81,102404.81,85829.22
1765999500000000000,0.170061,102404.81,102404.81,85708.97
1766001300000000000,0.170061,102404.81,102404.81,86018.53
1766003100000000000,0.170061,102404.81,102404.81,86139.53
1766004900000000000,0.170061,102404.81,102404.81,85891.18000000001
1766006700000000000,0.170061,102404.81,102404.81,85844.68
1766008500000000000,0.170061,102404.81,102404.81,85982.88
1766010300000000000,0.170061,102404.81,102404.81,86251.62999999999
1766012100000000000,0.170061,102404.81,102404.81,86339.09000000001
1766013900000000000,0.170061,102404.81,102404.81,86027.53
1766015700000000000,0.170061,102404.81,102404.81,86243.22
1766017500000000000,0.170061,102404.81,102404.81,86247.99
1766019300000000000,0.170061,102404.81,102404.81,86230.73999999999
1766021100000000000,0.170061,102404.81,102404.81,86000.01
1766022900000000000,0.170061,102404.81,102404.81,86119.20999999999
1766024700000000000,0.227844,102403.81,102403.81,86416.19
1766026500000000000,0.227844,102403.81,102403.81,86699.64
1766028300000000000,0.227844,102403.81,102403.81,86307.0
1766030100000000000,0.227844,102403.81,102403.81,86618.34
1766031900000000000,0.285395,102402.81,102402.81,86838.69
1766033700000000000,0.285395,102402.81,102402.81,86765.43000000001
1766035500000000000,0.285395,102402.81,102402.81,86549.11
1766037300000000000,0.285395,102402.81,102402.81,86440.9
1766039100000000000,0.285395,102402.81,102402.81,86466.01
1766040900000000000,0.285395,102402.81,102402.81,86645.93
1766042700000000000,0.285395,102402.81,102402.81,86840.98999999999
1766044500000000000,0.285395,102402.81,102402.81,86833.84
1766046300000000000,0.285395,102402.81,102402.81,86945.13
1766048100000000000,0.285395,102402.81,102402.81,86978.98
1766049900000000000,0.285395,102402.81,102402.81,87012.76000000001
1766051700000000000,0.285395,102402.81,102402.81,87280.95
1766053500000000000,0.285395,102402.81,102402.81,87373.95
1766055300000000000,0.285395,102402.81,102402.81,87341.95
1766057100000000000,0.285395,102402.81,102402.81,87185.99
1766058900000000000,0.285395,102402.81,102402.81,87300.73999999999
1766060700000000000,0.285395,102402.81,102402.81,87143.15
1766062500000000000,0.285395,102402.81,102402.81,87259.99
1766064300000000000,0.285395,102402.81,102402.81,87637.61
1766066100000000000,0.285395,102402.81,102402.81,88851.7
1766067900000000000,0.285395,102402.81,102402.81,88518.37000000001
1766069700000000000,0.285395,102402.81,102402.81,88345.2
1766071500000000000,0.285395,102402.81,102402.81,88599.94
1766073300000000000,0.285395,102402.81,102402.81,88513.44
1766075100000000000,0.285395,102402.81,102402.81,88100.01
1766076900000000000,0.285395,102402.81,102402.81,88014.0
1766078700000000000,0.169761,102456.08,102456.08,85902.98
1766080500000000000,0.169761,102456.08,102456.08,86483.56
1766082300000000000,0.169761,102456.08,102456.08,86397.42
1766084100000000000,0.169761,102456.08,102456.08,85970.0
1766085900000000000,0.169761,102456.08,102456.08,85656.56
1766087700000000000,0.169761,102456.08,102456.08,84483.79
1766089500000000000,0.169761,102456.08,102456.08,84979.26000000001
1766091300000000000,0.169761,102456.08,102456.08,84582.65
1766092500000000000,0.169761,102456.08,102456.08,85277.74
1766092800000000000,0.0,102745.6,102745.6,85235.01000000001
1766093100000000000,0.0,102745.6,102745.6,85460.9
1766093400000000000,0.0,102745.6,102745.6,85768.87
1766093700000000000,0.0,102745.6,102745.6,85399.52
1766094000000000000,0.0,102745.6,102745.6,85315.86
1766094300000000000,0.0,102745.6,102745.6,85463.54999999999
1766094600000000000,0.0,102745.6,102745.6,85572.09999999999
1766094900000000000,0.0,102745.6,102745.6,85630.95
1766095200000000000,0.0,102745.6,102745.6,85626.03
1766095500000000000,0.0,102745.6,102745.6,85641.09000000001
1766095800000000000,0.0,102745.6,102745.6,85390.17
1766096100000000000,0.0,102745.6,102745.6,85440.4
1766096400000000000,0.0,102745.6,102745.6,85333.64
1766096700000000000,0.0,102745.6,102745.6,85500.01
1766097000000000000,0.0,102745.6,102745.6,85601.97
1766097300000000000,0.0,102745.6,102745.6,85581.45999999999
1766097600000000000,0.0,102745.6,102745.6,85588.11
1766097900000000000,0.0,102745.6,102745.6,85634.0
1766098200000000000,0.0,102745.6,102745.6,85695.65000000001
1766098500000000000,0.0,102745.6,102745.6,85582.88
1766098800000000000,0.0,102745.6,102745.6,85507.0
1766099100000000000,0.0,102745.6,102745.6,85511.35
1766099400000000000,0.0,102745.6,102745.6,85619.98000000001
1766099700000000000,0.0,102745.6,102745.6,85547.04
1766100000000000000,0.0,102745.6,102745.6,85469.37
1766100300000000000,0.0,102745.6,102745.6,85493.48
1766100600000000000,0.0,102745.6,102745.6,85512.26999999999
1766100900000000000,0.0,102745.6,102745.6,85545.01000000001
1766101200000000000,0.0,102745.6,102745.6,85488.56
1766101500000000000,0.0,102745.6,102745.6,85413.12
1766101800000000000,0.0,102745.6,102745.6,85494.56999999999
1766102100000000000,0.0,102745.6,102745.6,85516.41
1766102400000000000,0.0,102745.6,102745.6,85456.63
1766102700000000000,0.0,102745.6,102745.6,85517.76
1766103000000000000,0.0,102745.6,102745.6,85494.22
1766103300000000000,0.0,102745.6,102745.6,85476.95
1766103600000000000,0.0,102745.6,102745.6,85456.0
1766103900000000000,0.0,102745.6,102745.6,85420.42
1766104200000000000,0.0,102745.6,102745.6,85361.31
1766104500000000000,0.0,102745.6,102745.6,85426.26999999999
1766104800000000000,0.0,102745.6,102745.6,85300.33
1766105100000000000,0.0,102745.6,102745.6,85313.24
1766105400000000000,0.0,102745.6,102745.6,85517.90000000001
1766105700000000000,0.0,102745.6,102745.6,85604.88
1766106000000000000,0.0,102745.6,102745.6,85394.5
1766106300000000000,0.0,102745.6,102745.6,85398.23
1766107500000000000,0.0,102745.6,102745.6,85167.34
1766109300000000000,0.058738,102744.6,102744.6,85320.43
1766111100000000000,0.058738,102744.6,102744.6,85522.69
1766112900000000000,0.057866,102779.98000000001,102779.98000000001,85643.44
1766114700000000000,0.17404,102777.98000000001,102777.98000000001,87146.04000000001
1766116500000000000,0.17404,102777.98000000001,102777.98000000001,86891.39
1766118300000000000,0.17404,102777.98000000001,102777.98000000001,87049.82
1766120100000000000,0.17404,102777.98000000001,102777.98000000001,87103.34
1766121900000000000,0.17404,102777.98000000001,102777.98000000001,86764.94
1766123700000000000,0.17404,102777.98000000001,102777.98000000001,87139.95
1766125500000000000,0.17404,102777.98000000001,102777.98000000001,87017.18000000001
1766127300000000000,0.17404,102777.98000000001,102777.98000000001,87483.41
1766129100000000000,0.17404,102777.98000000001,102777.98000000001,87938.38
1766130900000000000,0.17404,102777.98000000001,102777.98000000001,87953.40000000001
1766132700000000000,0.17404,102777.98000000001,102777.98000000001,87742.59999999999
1766134500000000000,0.17404,102777.98000000001,102777.98000000001,88102.78
1766136300000000000,0.17404,102777.98000000001,102777.98000000001,88028.23
1766138100000000000,0.17404,102777.98000000001,102777.98000000001,88105.03
1766139900000000000,0.17404,102777.98000000001,102777.98000000001,87955.83
1766141700000000000,0.17404,102777.98000000001,102777.98000000001,88267.09000000001
1766143500000000000,0.17404,102777.98000000001,102777.98000000001,88281.59
1766145300000000000,0.17404,102777.98000000001,102777.98000000001,88198.7
1766147100000000000,0.17404,102777.98000000001,102777.98000000001,88017.23
1766148900000000000,0.17404,102777.98000000001,102777.98000000001,87855.92
1766150700000000000,0.17404,102777.98000000001,102777.98000000001,88041.52
1766152500000000000,0.17404,102777.98000000001,102777.98000000001,87997.14
1766154300000000000,0.17404,102777.98000000001,102777.98000000001,88032.38
1766156100000000000,0.17404,102777.98000000001,102777.98000000001,88180.01
1766157900000000000,0.17404,102777.98000000001,102777.98000000001,88192.12000000001
1766159700000000000,0.17404,102777.98000000001,102777.98000000001,87951.87
1766161500000000000,0.17404,102777.98000000001,102777.98000000001,88418.12
1766163300000000000,0.17404,102777.98000000001,102777.98000000001,87983.25
1766165100000000000,0.17404,102777.98000000001,102777.98000000001,87609.86
1766166900000000000,0.116873,102691.79,102691.79,86943.25
1766168700000000000,0.116873,102691.79,102691.79,87335.02
1766170500000000000,0.116873,102691.79,102691.79,87155.44
1766172300000000000,0.116873,102691.79,102691.79,87658.01
1766174100000000000,0.116873,102691.79,102691.79,87845.92
1766175900000000000,0.116873,102691.79,102691.79,88036.42
1766177700000000000,0.116873,102691.79,102691.79,88099.6
1766179500000000000,0.116873,102691.79,102691.79,87993.37
1766181300000000000,0.116873,102691.79,102691.79,87839.4
1766183100000000000,0.116873,102691.79,102691.79,88218.45000000001
1766184900000000000,0.116873,102691.79,102691.79,88344.78
1766186700000000000,0.116873,102691.79,102691.79,88329.45999999999
1766188500000000000,0.116873,102691.79,102691.79,88136.94
1766190300000000000,0.116873,102691.79,102691.79,88169.37999999999
1766192100000000000,0.116873,102691.79,102691.79,88005.62999999999
1766193900000000000,0.116873,102691.79,102691.79,88137.6
1766195700000000000,0.116873,102691.79,102691.79,88075.89
1766197500000000000,0.116873,102691.79,102691.79,88116.17
1766199300000000000,0.116873,102691.79,102691.79,88204.04
1766201100000000000,0.116873,102691.79,102691.79,88306.68000000001
1766202900000000000,0.116873,102691.79,102691.79,88214.98
1766204700000000000,0.116873,102691.79,102691.79,88221.69
1766206500000000000,0.116873,102691.79,102691.79,88295.37
1766208300000000000,0.116873,102691.79,102691.79,88400.0
1766210100000000000,0.116873,102691.79,102691.79,88295.31
1766211900000000000,0.116873,102691.79,102691.79,88356.83
1766213700000000000,0.116873,102691.79,102691.79,88305.81
1766215500000000000,0.116873,102691.79,102691.79,88230.0
1766217300000000000,0.116873,102691.79,102691.79,88275.41
1766219100000000000,0.116873,102691.79,102691.79,88355.83
1766220900000000000,0.116873,102691.79,102691.79,88257.20999999999
1766222700000000000,0.116873,102691.79,102691.79,88304.26999999999
1766224500000000000,0.116873,102691.79,102691.79,88224.0
1766226300000000000,0.060173,102565.44,102565.44,88158.66
1766228100000000000,0.060173,102565.44,102565.44,88163.99
1766229900000000000,0.060173,102565.44,102565.44,88239.7
1766231700000000000,0.060173,102565.44,102565.44,88277.66
1766233500000000000,0.060173,102565.44,102565.44,88217.65000000001
1766235300000000000,0.060173,102565.44,102565.44,88256.08
1766237100000000000,0.003398,102445.54999999999,102445.54999999999,88021.06999999999
1766238900000000000,0.003398,102445.54999999999,102445.54999999999,88270.39
1766240700000000000,0.003398,102445.54999999999,102445.54999999999,88103.8
1766242500000000000,0.003398,102445.54999999999,102445.54999999999,88260.88
1766244300000000000,0.003398,102445.54999999999,102445.54999999999,88109.31
1766246100000000000,0.003398,102445.54999999999,102445.54999999999,88178.71
1766247900000000000,0.003398,102445.54999999999,102445.54999999999,88181.7
1766249700000000000,0.003398,102445.54999999999,102445.54999999999,88149.72
1766251500000000000,0.003398,102445.54999999999,102445.54999999999,88245.3
1766253300000000000,0.003398,102445.54999999999,102445.54999999999,88181.79999999999
1766255100000000000,0.003398,102445.54999999999,102445.54999999999,88205.52
1766256900000000000,0.173048,102442.55,102442.55,88313.20999999999
1766258700000000000,0.173048,102442.55,102442.55,88267.09000000001
1766260500000000000,0.173048,102442.55,102442.55,88232.92000000001
1766262300000000000,0.173048,102442.55,102442.55,88271.33
1766264100000000000,0.173048,102442.55,102442.55,88271.6
1766265900000000000,0.173048,102442.55,102442.55,88296.26999999999
1766267700000000000,0.173048,102442.55,102442.55,88208.73
1766269500000000000,0.173048,102442.55,102442.55,88211.65000000001
1766271300000000000,0.173048,102442.55,102442.55,88279.35
1766273100000000000,0.173048,102442.55,102442.55,88284.17
1766274900000000000,0.173048,102442.55,102442.55,88360.9
1766276700000000000,0.173048,102442.55,102442.55,88414.72
1766278500000000000,0.173048,102442.55,102442.55,88387.92
1766280300000000000,0.173048,102442.55,102442.55,88290.01
1766282100000000000,0.059638,102462.51,102462.51,88011.83
1766283900000000000,0.059638,102462.51,102462.51,87955.12
1766285700000000000,0.059638,102462.51,102462.51,87943.76
1766287500000000000,0.059638,102462.51,102462.51,88062.87
1766289300000000000,0.059638,102462.51,102462.51,88070.64
1766291100000000000,0.059638,102462.51,102462.51,88119.45999999999
1766292900000000000,0.059638,102462.51,102462.51,88065.83
1766294700000000000,0.059638,102462.51,102462.51,88133.28
1766296500000000000,0.059638,102462.51,102462.51,88138.95
1766298300000000000,0.059638,102462.51,102462.51,88161.37
1766300100000000000,0.059638,102462.51,102462.51,88090.72
1766301900000000000,0.059638,102462.51,102462.51,88109.12
1766303700000000000,0.059638,102462.51,102462.51,88174.79000000001
1766305500000000000,0.059638,102462.51,102462.51,88259.0
1766307300000000000,0.398905,102456.51,102456.51,88537.87
1766309100000000000,0.398905,102456.51,102456.51,88643.84999999999
1766310900000000000,0.398905,102456.51,102456.51,88892.81999999999
1766312700000000000,0.398905,102456.51,102456.51,88756.94
1766314500000000000,0.398905,102456.51,102456.51,88669.78
1766316300000000000,0.398905,102456.51,102456.51,88681.33
1766318100000000000,0.398905,102456.51,102456.51,88601.57
1766319900000000000,0.398905,102456.51,102456.51,88830.42
1766321700000000000,0.398905,102456.51,102456.51,88638.01
1766323500000000000,0.398905,102456.51,102456.51,88212.34
1766325300000000000,0.398905,102456.51,102456.51,87670.09999999999
1766327100000000000,0.398905,102456.51,102456.51,87908.55
1766328900000000000,0.398905,102456.51,102456.51,88065.18000000001
1766330700000000000,0.398905,102456.51,102456.51,87900.0
1766332500000000000,0.398905,102456.51,102456.51,88067.95
1766334300000000000,0.398905,102456.51,102456.51,88224.39
1766336100000000000,0.398905,102456.51,102456.51,88359.18000000001
1766337900000000000,0.398905,102456.51,102456.51,88307.64
1766339700000000000,0.398905,102456.51,102456.51,88324.14
1766341500000000000,0.285369,102493.14,102493.14,88126.25
1766343300000000000,0.285369,102493.14,102493.14,88445.09000000001
1766345100000000000,0.285369,102493.14,102493.14,88358.45000000001
1766346900000000000,0.285369,102493.14,102493.14,88484.01
1766348700000000000,0.285369,102493.14,102493.14,88291.74
1766350500000000000,0.285369,102493.14,102493.14,88230.96
1766352300000000000,0.285369,102493.14,102493.14,88341.6
1766354100000000000,0.285369,102493.14,102493.14,88162.86
1766355900000000000,0.285369,102493.14,102493.14,88357.79999999999
1766357700000000000,0.285369,102493.14,102493.14,88483.62999999999
1766359500000000000,0.285369,102493.14,102493.14,88450.0
1766361300000000000,0.285369,102493.14,102493.14,88658.86
1766363100000000000,0.285369,102493.14,102493.14,89005.79
1766364900000000000,0.285369,102493.14,102493.14,88622.4
1766366700000000000,0.285369,102493.14,102493.14,89014.01
1766368500000000000,0.285369,102493.14,102493.14,88626.31
1766370300000000000,0.285369,102493.14,102493.14,88327.95
1766372100000000000,0.285369,102493.14,102493.14,88458.26999999999
1766373900000000000,0.285369,102493.14,102493.14,88771.6
1766375700000000000,0.285369,102493.14,102493.14,88774.12
1766377500000000000,0.285369,102493.14,102493.14,88948.34999999999
1766379300000000000,0.285369,102493.14,102493.14,88904.98999999999
1766381100000000000,0.285369,102493.14,102493.14,88797.72
1766382900000000000,0.285369,102493.14,102493.14,88831.34
1766384700000000000,0.285369,102493.14,102493.14,88839.14
1766386500000000000,0.285369,102493.14,102493.14,88909.26000000001
1766388300000000000,0.285369,102493.14,102493.14,89111.23999999999
1766390100000000000,0.285369,102493.14,102493.14,89170.09999999999
1766391900000000000,0.285369,102493.14,102493.14,89815.81
1766393700000000000,0.285369,102493.14,102493.14,89334.20000000001
1766395500000000000,0.285369,102493.14,102493.14,89583.89
1766397300000000000,0.285369,102493.14,102493.14,89829.6
1766399100000000000,0.285369,102493.14,102493.14,89696.06
1766400900000000000,0.285369,102493.14,102493.14,89778.94
1766402700000000000,0.285369,102493.14,102493.14,89838.14
1766404500000000000,0.285369,102493.14,102493.14,89945.43000000001
1766406300000000000,0.285369,102493.14,102493.14,90300.01
1766408100000000000,0.285369,102493.14,102493.14,90208.48
1766409900000000000,0.285369,102493.14,102493.14,90125.52
1766411700000000000,0.285369,102493.14,102493.14,89912.37000000001
1766413500000000000,0.285369,102493.14,102493.14,89953.17
1766415300000000000,0.285369,102493.14,102493.14,90126.43
1766417100000000000,0.285369,102493.14,102493.14,89608.96
1766418900000000000,0.285369,102493.14,102493.14,89726.92
1766420700000000000,0.285369,102493.14,102493.14,90084.06
1766422500000000000,0.285369,102493.14,102493.14,89550.0
1766424300000000000,0.285369,102493.14,102493.14,89343.01000000001
1766426100000000000,0.285369,102493.14,102493.14,89308.92000000001
1766427900000000000,0.285369,102493.14,102493.14,89474.19
1766429700000000000,0.285369,102493.14,102493.14,89150.04000000001
1766431500000000000,0.229091,102468.09,102468.09,88528.01
1766433300000000000,0.172499,102470.79000000001,102470.79000000001,88052.43
1766435100000000000,0.172499,102470.79000000001,102470.79000000001,88074.86
1766436900000000000,0.172499,102470.79000000001,102470.79000000001,88351.03
1766438700000000000,0.172499,102470.79000000001,102470.79000000001,88436.79000000001
1766440500000000000,0.172499,102470.79000000001,102470.79000000001,88275.06
1766442300000000000,0.172499,102470.79000000001,102470.79000000001,88434.0
1766444100000000000,0.172499,102470.79000000001,102470.79000000001,88660.07
1766445900000000000,0.172499,102470.79000000001,102470.79000000001,88653.06
1766447700000000000,0.172499,102470.79000000001,102470.79000000001,88620.79000000001
1766449500000000000,0.172499,102470.79000000001,102470.79000000001,88629.25
1766451300000000000,0.172499,102470.79000000001,102470.79000000001,88770.47
1766453100000000000,0.172499,102470.79000000001,102470.79000000001,88587.05
1766454900000000000,0.172499,102470.79000000001,102470.79000000001,88513.70999999999
1766456700000000000,0.115893,102474.73,102474.73,88700.01
1766458500000000000,0.115893,102474.73,102474.73,88206.8
1766460300000000000,0.059097,102495.52,102495.52,88217.3
1766462100000000000,0.059097,102495.52,102495.52,88170.0
1766463900000000000,0.059097,102495.52,102495.52,88253.47
1766465700000000000,0.059097,102495.52,102495.52,87930.98999999999
1766467500000000000,0.059097,102495.52,102495.52,88008.8
1766469300000000000,0.059097,102495.52,102495.52,87765.01000000001
1766471100000000000,0.059097,102495.52,102495.52,87206.32
1766472900000000000,0.059097,102495.52,102495.52,87400.01
1766474700000000000,0.059097,102495.52,102495.52,87595.41
1766476500000000000,0.059097,102495.52,102495.52,87574.79000000001
1766478300000000000,0.059097,102495.52,102495.52,87618.43999999999
1766480100000000000,0.059097,102495.52,102495.52,87477.15
1766481900000000000,0.059097,102495.52,102495.52,87434.0
1766483700000000000,0.059097,102495.52,102495.52,87531.84999999999
1766485500000000000,0.059097,102495.52,102495.52,87619.15
1766487300000000000,0.059097,102495.52,102495.52,87615.93
1766489100000000000,0.059097,102495.52,102495.52,87754.51
1766490900000000000,0.059097,102495.52,102495.52,87856.65
1766492700000000000,0.059097,102495.52,102495.52,87654.97
1766494500000000000,0.059097,102495.52,102495.52,87789.18000000001
1766496300000000000,0.059097,102495.52,102495.52,87830.93000000001
1766498100000000000,0.059097,102495.52,102495.52,87616.67
1766499900000000000,0.059097,102495.52,102495.52,87646.59999999999
1766501700000000000,0.059097,102495.52,102495.52,86874.0
1766503500000000000,0.059097,102495.52,102495.52,87292.51
1766505300000000000,0.059097,102495.52,102495.52,87443.45
1766507100000000000,0.059097,102495.52,102495.52,87852.73
1766508900000000000,0.059097,102495.52,102495.52,88003.62999999999
1766510700000000000,0.059097,102495.52,102495.52,87733.19
1766512500000000000,0.001845,102556.61,102556.61,87180.01
1766514300000000000,0.001845,102556.61,102556.61,87829.5
1766516100000000000,0.001845,102556.61,102556.61,87975.01000000001
1766517900000000000,0.001845,102556.61,102556.61,87690.68000000001
1766519700000000000,0.001845,102556.61,102556.61,87752.87
1766521500000000000,0.001845,102556.61,102556.61,87770.56999999999
1766523300000000000,0.001845,102556.61,102556.61,87691.5
1766525100000000000,0.001845,102556.61,102556.61,87809.91
1766526900000000000,0.001845,102556.61,102556.61,87722.89
1766528700000000000,0.001845,102556.61,102556.61,87467.48000000001
1766530500000000000,0.001845,102556.61,102556.61,87399.45
1766532300000000000,0.001845,102556.61,102556.61,87411.39
1766534100000000000,0.001845,102556.61,102556.61,87486.0
1766535900000000000,0.001845,102556.61,102556.61,87352.89
1766537700000000000,0.001845,102556.61,102556.61,87660.47
1766539500000000000,0.001845,102556.61,102556.61,87665.86
1766541300000000000,0.001845,102556.61,102556.61,87632.51
1766543100000000000,0.001845,102556.61,102556.61,87418.25
1766544900000000000,0.001845,102556.61,102556.61,87134.39
1766546700000000000,0.001845,102556.61,102556.61,87230.26
1766548500000000000,0.001845,102556.61,102556.61,87336.23
1766550300000000000,0.001845,102556.61,102556.61,87312.46
1766552100000000000,0.001845,102556.61,102556.61,87147.65000000001
1766553900000000000,0.001845,102556.61,102556.61,87159.99
1766555700000000000,0.044987,102558.79000000001,102558.79000000001,86957.90000000001
1766557500000000000,0.044987,102558.79000000001,102558.79000000001,86979.68
1766559300000000000,0.044987,102558.79000000001,102558.79000000001,87019.20999999999
1766561100000000000,0.044987,102558.79000000001,102558.79000000001,86995.39
1766562900000000000,0.044987,102558.79000000001,102558.79000000001,86911.53
1766564700000000000,0.044987,102558.79000000001,102558.79000000001,86940.76000000001
1766566500000000000,0.044987,102558.79000000001,102558.79000000001,86795.56
1766568300000000000,0.044987,102558.79000000001,102558.79000000001,86839.99
1766570100000000000,0.044987,102558.79000000001,102558.79000000001,86812.8
1766571900000000000,0.012408,102572.17,102572.17,87042.89
1766573700000000000,0.012408,102572.17,102572.17,87077.66
1766575500000000000,0.069645,102571.17,102571.17,87228.38
1766577300000000000,0.069645,102571.17,102571.17,87203.94
1766579100000000000,0.069645,102571.17,102571.17,87322.06
1766580900000000000,0.069645,102571.17,102571.17,87428.51
1766582700000000000,0.069645,102571.17,102571.17,87269.99
1766584500000000000,0.069645,102571.17,102571.17,87286.9
1766586300000000000,0.069645,102571.17,102571.17,87241.03
1766588100000000000,0.103491,102615.26000000001,102615.26000000001,86994.7
1766589900000000000,0.103491,102615.26000000001,102615.26000000001,86858.19
1766591700000000000,0.103491,102615.26000000001,102615.26000000001,87049.99
1766593500000000000,0.103491,102615.26000000001,102615.26000000001,86970.0
1766595300000000000,0.103491,102615.26000000001,102615.26000000001,87283.23
1766597100000000000,0.103491,102615.26000000001,102615.26000000001,87461.34
1766598900000000000,0.103491,102615.26000000001,102615.26000000001,87322.77
1766600700000000000,0.103491,102615.26000000001,102615.26000000001,87413.70999999999
1766602500000000000,0.103491,102615.26000000001,102615.26000000001,87470.65
1766604300000000000,0.103491,102615.26000000001,102615.26000000001,87491.03
1766606100000000000,0.103491,102615.26000000001,102615.26000000001,87566.06
1766607900000000000,0.103491,102615.26000000001,102615.26000000001,87619.91
1766609700000000000,0.103491,102615.26000000001,102615.26000000001,87556.2
1766611500000000000,0.103491,102615.26000000001,102615.26000000001,87720.43
1766613300000000000,0.103491,102615.26000000001,102615.26000000001,87696.33
1766615100000000000,0.103491,102615.26000000001,102615.26000000001,87786.28
1766616900000000000,0.103491,102615.26000000001,102615.26000000001,88009.81
1766618700000000000,0.103491,102615.26000000001,102615.26000000001,87599.14
1766620500000000000,0.103491,102615.26000000001,102615.26000000001,87669.45
1766622300000000000,0.103491,102615.26000000001,102615.26000000001,87626.61
1766624100000000000,0.103491,102615.26000000001,102615.26000000001,87568.37000000001
1766625900000000000,0.103491,102615.26000000001,102615.26000000001,87705.95
1766627700000000000,0.103491,102615.26000000001,102615.26000000001,87699.99
1766629500000000000,0.103491,102615.26000000001,102615.26000000001,87733.22
1766631300000000000,0.046586,102684.18,102684.18,87892.66
1766633100000000000,0.046586,102684.18,102684.18,87841.97
1766634900000000000,0.046586,102684.18,102684.18,87840.42
1766636700000000000,0.046586,102684.18,102684.18,87749.7
1766638500000000000,0.046586,102684.18,102684.18,87773.33
1766640300000000000,0.046586,102684.18,102684.18,87711.79
1766642100000000000,0.046586,102684.18,102684.18,87750.55
1766643900000000000,0.046586,102684.18,102684.18,87754.47
1766645700000000000,0.046586,102684.18,102684.18,87836.42
1766647500000000000,0.046586,102684.18,102684.18,87809.95
1766649300000000000,0.046586,102684.18,102684.18,87837.59
1766651100000000000,0.160932,102682.18,102682.18,87446.54000000001
1766652900000000000,0.160932,102682.18,102682.18,87584.65
1766654700000000000,0.160932,102682.18,102682.18,87490.26999999999
1766656500000000000,0.160932,102682.18,102682.18,87526.48
1766658300000000000,0.160932,102682.18,102682.18,87415.69
1766660100000000000,0.160932,102682.18,102682.18,87414.14
1766661900000000000,0.160932,102682.18,102682.18,87556.32
1766663700000000000,0.160932,102682.18,102682.18,87519.44
1766665500000000000,0.160932,102682.18,102682.18,87566.0
1766667300000000000,0.160932,102682.18,102682.18,87566.0
1766669100000000000,0.160932,102682.18,102682.18,87514.24
1766670900000000000,0.160932,102682.18,102682.18,87638.25
1766672700000000000,0.160932,102682.18,102682.18,87575.22
1766674500000000000,0.160932,102682.18,102682.18,87718.21
1766676300000000000,0.047388,102777.15999999999,102777.15999999999,88077.14
1766678100000000000,0.047388,102777.15999999999,102777.15999999999,88371.27
1766679900000000000,0.047388,102777.15999999999,102777.15999999999,88422.01999999999
1766681700000000000,0.047388,102777.15999999999,102777.15999999999,88086.72
1766683500000000000,0.047388,102777.15999999999,102777.15999999999,88045.70999999999
1766685300000000000,0.047388,102777.15999999999,102777.15999999999,88139.07999999999
1766687100000000000,0.047388,102777.15999999999,102777.15999999999,88240.66
1766688900000000000,0.047388,102777.15999999999,102777.15999999999,88241.26000000001
1766690700000000000,0.047388,102777.15999999999,102777.15999999999,88114.22
1766692500000000000,0.047388,102777.15999999999,102777.15999999999,88151.18000000001
1766694300000000000,0.104392,102776.16,102776.16,87770.45000000001
1766696100000000000,0.104392,102776.16,102776.16,87892.69
1766697900000000000,0.104392,102776.16,102776.16,87958.19
1766699700000000000,0.104392,102776.16,102776.16,87901.20999999999
1766701500000000000,0.104392,102776.16,102776.16,87842.85
1766703300000000000,0.161611,102775.16,102775.16,87650.0
1766705100000000000,0.161611,102775.16,102775.16,87491.0
1766706900000000000,0.161611,102775.16,102775.16,87225.27
1766708700000000000,0.161611,102775.16,102775.16,87069.45
1766710500000000000,0.161611,102775.16,102775.16,87120.0
1766712300000000000,0.161611,102775.16,102775.16,87342.38
1766714100000000000,0.161611,102775.16,102775.16,87432.26
1766715900000000000,0.162576,102918.12,102918.12,89020.13
1766717700000000000,0.162576,102918.12,102918.12,89199.99
1766719500000000000,0.162576,102918.12,102918.12,88839.87999999999
1766721300000000000,0.162576,102918.12,102918.12,88844.87
1766723100000000000,0.162576,102918.12,102918.12,88713.66
1766724900000000000,0.162576,102918.12,102918.12,88969.24
1766726700000000000,0.162576,102918.12,102918.12,88915.78
1766728500000000000,0.162576,102918.12,102918.12,88996.58
1766730300000000000,0.162576,102918.12,102918.12,89081.26000000001
1766732100000000000,0.162576,102918.12,102918.12,89124.24
1766733900000000000,0.162576,102918.12,102918.12,89422.18
1766735700000000000,0.162576,102918.12,102918.12,88470.75
1766737500000000000,0.162576,102918.12,102918.12,88725.5
1766739300000000000,0.162576,102918.12,102918.12,88742.28
1766741100000000000,0.162576,102918.12,102918.12,88744.01999999999
1766742900000000000,0.162576,102918.12,102918.12,88811.76
1766744700000000000,0.162576,102918.12,102918.12,88820.93000000001
1766746500000000000,0.162576,102918.12,102918.12,88748.34
1766748300000000000,0.162576,102918.12,102918.12,88603.54999999999
1766750100000000000,0.162576,102918.12,102918.12,88533.42
1766751900000000000,0.162576,102918.12,102918.12,88702.3
1766753700000000000,0.162576,102918.12,102918.12,88678.9
1766755500000000000,0.162576,102918.12,102918.12,88770.66
1766757300000000000,0.218806,102917.12,102917.12,88992.88
1766759100000000000,0.218806,102917.12,102917.12,88967.93
1766760900000000000,0.007626,103003.70999999999,103003.70999999999,87380.43
1766762700000000000,0.007626,103003.70999999999,103003.70999999999,87007.97
1766764500000000000,0.007626,103003.70999999999,103003.70999999999,87137.81
1766766300000000000,0.007626,103003.70999999999,103003.70999999999,87259.31
1766768100000000000,0.007626,103003.70999999999,103003.70999999999,86855.82
1766769900000000000,0.007626,103003.70999999999,103003.70999999999,87298.03
1766771700000000000,0.007626,103003.70999999999,103003.70999999999,87331.91
1766773500000000000,0.007626,103003.70999999999,103003.70999999999,87215.44
1766775300000000000,0.007626,103003.70999999999,103003.70999999999,87277.77
1766777100000000000,0.007626,103003.70999999999,103003.70999999999,87371.69
1766778900000000000,0.007626,103003.70999999999,103003.70999999999,87501.83
1766780700000000000,0.007626,103003.70999999999,103003.70999999999,87612.72
1766782500000000000,0.007626,103003.70999999999,103003.70999999999,87585.77
1766784300000000000,0.007626,103003.70999999999,103003.70999999999,87579.89
1766786100000000000,0.007626,103003.70999999999,103003.70999999999,87470.59
1766787900000000000,0.007626,103003.70999999999,103003.70999999999,87434.33
1766789700000000000,0.007626,103003.70999999999,103003.70999999999,87550.0
1766791500000000000,0.007626,103003.70999999999,103003.70999999999,87451.52
1766793300000000000,0.007626,103003.70999999999,103003.70999999999,87369.56000000001
1766795100000000000,0.007626,103003.70999999999,103003.70999999999,87316.65
1766796900000000000,0.007626,103003.70999999999,103003.70999999999,87401.06999999999
1766798700000000000,0.007626,103003.70999999999,103003.70999999999,87389.76
1766800500000000000,0.049524,102997.23,102997.23,87475.03
1766802300000000000,0.049524,102997.23,102997.23,87442.8
1766804100000000000,0.049524,102997.23,102997.23,87446.01999999999
1766805900000000000,0.049524,102997.23,102997.23,87426.69
1766807700000000000,0.049524,102997.23,102997.23,87514.22
1766809500000000000,0.049524,102997.23,102997.23,87463.33
1766811300000000000,0.049524,102997.23,102997.23,87470.19
1766813100000000000,0.049524,102997.23,102997.23,87457.97
1766814900000000000,0.049524,102997.23,102997.23,87506.0
1766816700000000000,0.049524,102997.23,102997.23,87475.18000000001
1766818500000000000,0.049524,102997.23,102997.23,87469.02
1766820300000000000,0.106612,102996.23,102996.23,87592.66
1766822100000000000,0.106612,102996.23,102996.23,87539.26000000001
1766823900000000000,0.106612,102996.23,102996.23,87607.45999999999
1766825700000000000,0.106612,102996.23,102996.23,87593.0
1766827500000000000,0.106612,102996.23,102996.23,87559.95
1766829300000000000,0.106612,102996.23,102996.23,87618.90999999999
1766831100000000000,0.106612,102996.23,102996.23,87542.81999999999
1766832900000000000,0.106612,102996.23,102996.23,87503.01000000001
1766834700000000000,0.106612,102996.23,102996.23,87492.66
1766836500000000000,0.106612,102996.23,102996.23,87475.98000000001
1766838300000000000,0.106612,102996.23,102996.23,87489.77
1766840100000000000,0.106612,102996.23,102996.23,87474.28
1766841900000000000,0.106612,102996.23,102996.23,87400.01
1766843700000000000,0.106612,102996.23,102996.23,87452.78
1766845500000000000,0.106612,102996.23,102996.23,87416.46
1766847300000000000,0.106612,102996.23,102996.23,87544.9
1766849100000000000,0.106612,102996.23,102996.23,87535.20999999999
1766850900000000000,0.106612,102996.23,102996.23,87551.25
1766852700000000000,0.106612,102996.23,102996.23,87472.55
1766854500000000000,0.106612,102996.23,102996.23,87498.41
1766856300000000000,0.106612,102996.23,102996.23,87527.65000000001
1766858100000000000,0.106612,102996.23,102996.23,87562.58
1766859900000000000,0.106612,102996.23,102996.23,87528.24
1766861700000000000,0.106612,102996.23,102996.23,87500.01
1766863500000000000,0.106612,102996.23,102996.23,87557.25
1766865300000000000,0.106612,102996.23,102996.23,87569.39
1766867100000000000,0.163692,102995.23,102995.23,87544.2
1766868900000000000,0.163692,102995.23,102995.23,87555.92
1766870700000000000,0.163692,102995.23,102995.23,87634.39
1766872500000000000,0.163692,102995.23,102995.23,87668.22
1766874300000000000,0.220719,102994.23,102994.23,87692.67
1766876100000000000,0.220719,102994.23,102994.23,87565.99
1766877900000000000,0.220719,102994.23,102994.23,87648.6
1766879700000000000,0.220719,102994.23,102994.23,87877.01000000001
1766881500000000000,0.220719,102994.23,102994.23,87736.45000000001
1766883300000000000,0.220719,102994.23,102994.23,87854.96
1766885100000000000,0.220719,102994.23,102994.23,87805.51
1766886900000000000,0.220719,102994.23,102994.23,87785.95999999999
1766888700000000000,0.220719,102994.23,102994.23,87809.0
1766890500000000000,0.220719,102994.23,102994.23,87810.78
1766892300000000000,0.220719,102994.23,102994.23,87735.44
1766894100000000000,0.220719,102994.23,102994.23,87740.01
1766895900000000000,0.220719,102994.23,102994.23,87802.52
1766897700000000000,0.220719,102994.23,102994.23,87724.87
1766899500000000000,0.220719,102994.23,102994.23,87625.52
1766901300000000000,0.220719,102994.23,102994.23,87657.93
1766903100000000000,0.220719,102994.23,102994.23,87731.61
1766904900000000000,0.220719,102994.23,102994.23,87732.0
1766906700000000000,0.220719,102994.23,102994.23,87687.73000000001
1766908500000000000,0.220719,102994.23,102994.23,87730.85
1766910300000000000,0.220719,102994.23,102994.23,87778.45000000001
1766912100000000000,0.220719,102994.23,102994.23,87805.0
1766913900000000000,0.220719,102994.23,102994.23,87883.41
1766915700000000000,0.163753,102982.92,102982.92,87800.0
1766917500000000000,0.277431,102980.92000000001,102980.92000000001,87956.56
1766919300000000000,0.277431,102980.92000000001,102980.92000000001,87856.90999999999
1766921100000000000,0.277431,102980.92000000001,102980.92000000001,87892.15000000001
1766922900000000000,0.277431,102980.92000000001,102980.92000000001,87883.25
1766924700000000000,0.277431,102980.92000000001,102980.92000000001,87853.11
1766926500000000000,0.277431,102980.92000000001,102980.92000000001,87850.59999999999
1766928300000000000,0.277431,102980.92000000001,102980.92000000001,87851.58
1766930100000000000,0.277431,102980.92000000001,102980.92000000001,87896.59
1766931900000000000,0.277431,102980.92000000001,102980.92000000001,87981.02
1766933700000000000,0.390983,102978.92,102978.92,87910.0
1766935500000000000,0.390983,102978.92,102978.92,87954.39
1766937300000000000,0.390983,102978.92,102978.92,87836.26999999999
1766939100000000000,0.390983,102978.92,102978.92,87783.71999999999
1766940900000000000,0.390983,102978.92,102978.92,87814.04000000001
1766942700000000000,0.390983,102978.92,102978.92,87892.68
1766944500000000000,0.390983,102978.92,102978.92,87760.0
1766946300000000000,0.219893,103004.09,103004.09,87717.93
1766948100000000000,0.219893,103004.09,103004.09,87598.49
1766949900000000000,0.219893,103004.09,103004.09,87511.28
1766951700000000000,0.219893,103004.09,103004.09,87520.75
1766953500000000000,0.219893,103004.09,103004.09,87574.09999999999
1766955300000000000,0.219893,103004.09,103004.09,87514.76
1766957100000000000,0.219893,103004.09,103004.09,87538.73999999999
1766958900000000000,0.219893,103004.09,103004.09,87588.37000000001
1766960700000000000,0.219893,103004.09,103004.09,87626.67
1766962500000000000,0.219893,103004.09,103004.09,87900.09
1766964300000000000,0.219893,103004.09,103004.09,87711.33
1766966100000000000,0.219893,103004.09,103004.09,87952.71
1766967900000000000,0.219893,103004.09,103004.09,88011.62
1766969700000000000,0.219893,103004.09,103004.09,88295.69
1766971500000000000,0.219893,103004.09,103004.09,87992.71
1766973300000000000,0.276436,103003.09000000001,103003.09000000001,88445.57
1766975100000000000,0.288777,103002.87,103002.87,89145.39
1766976900000000000,0.288777,103002.87,103002.87,89163.25
1766978700000000000,0.288777,103002.87,103002.87,89481.42
1766980500000000000,0.288777,103002.87,103002.87,90123.54999999999
1766982300000000000,0.288777,103002.87,103002.87,90090.47
1766984100000000000,0.288777,103002.87,103002.87,90143.06
1766985900000000000,0.288777,103002.87,103002.87,90069.41
1766987700000000000,0.288777,103002.87,103002.87,89984.0
1766989500000000000,0.288777,103002.87,103002.87,89954.4
1766991300000000000,0.288777,103002.87,103002.87,89777.26000000001
1766993100000000000,0.288777,103002.87,103002.87,89526.33
1766994900000000000,0.288777,103002.87,103002.87,89617.70999999999
1766996700000000000,0.288777,103002.87,103002.87,89789.3
1766998500000000000,0.288777,103002.87,103002.87,89555.1
1767000300000000000,0.288777,103002.87,103002.87,89326.0
1767002100000000000,0.288777,103002.87,103002.87,88100.05
1767003900000000000,0.288777,103002.87,103002.87,88020.49
1767005700000000000,0.117741,103049.91,103049.91,87780.01
1767007500000000000,0.117741,103049.91,103049.91,87740.09999999999
1767009300000000000,0.117741,103049.91,103049.91,87567.66
1767011100000000000,0.054006,103124.14,103124.14,87268.33
1767012900000000000,0.054006,103124.14,103124.14,87397.0
1767014700000000000,0.054006,103124.14,103124.14,87299.27
1767016500000000000,0.054006,103124.14,103124.14,87387.70999999999
1767018300000000000,0.054006,103124.14,103124.14,87619.23999999999
1767020100000000000,0.054006,103124.14,103124.14,87429.95999999999
1767021900000000000,0.054006,103124.14,103124.14,87736.25
1767023700000000000,0.054006,103124.14,103124.14,87691.62
1767025500000000000,0.054006,103124.14,103124.14,87542.11
1767027300000000000,0.054006,103124.14,103124.14,87627.11
1767029100000000000,0.054006,103124.14,103124.14,87437.95999999999
1767030900000000000,0.054006,103124.14,103124.14,87849.99
1767032700000000000,0.002835,103157.01000000001,103157.01000000001,87712.54000000001
1767034500000000000,0.002835,103157.01000000001,103157.01000000001,87464.77
1767036300000000000,0.002835,103157.01000000001,103157.01000000001,87509.65000000001
1767038100000000000,0.002835,103157.01000000001,103157.01000000001,87366.23
1767039900000000000,0.002835,103157.01000000001,103157.01000000001,87339.4
1767041700000000000,0.111757,103156.98999999999,103156.98999999999,87212.01
1767043500000000000,0.111757,103156.98999999999,103156.98999999999,87292.64
1767045300000000000,0.111757,103156.98999999999,103156.98999999999,87337.84999999999
1767047100000000000,0.111757,103156.98999999999,103156.98999999999,87225.02
1767048900000000000,0.111757,103156.98999999999,103156.98999999999,87351.05
1767050700000000000,0.111757,103156.98999999999,103156.98999999999,87206.15000000001
1767052500000000000,0.111757,103156.98999999999,103156.98999999999,87237.13
1767054300000000000,0.111757,103156.98999999999,103156.98999999999,87300.0
1767056100000000000,0.111757,103156.98999999999,103156.98999999999,87250.23
1767057900000000000,0.111757,103156.98999999999,103156.98999999999,87192.63
1767059700000000000,0.111757,103156.98999999999,103156.98999999999,87308.23
1767061500000000000,0.111757,103156.98999999999,103156.98999999999,87240.0
1767063300000000000,0.111757,103156.98999999999,103156.98999999999,87111.0
1767065100000000000,0.226811,103154.98999999999,103154.98999999999,87281.99
1767066900000000000,0.226811,103154.98999999999,103154.98999999999,87379.0
1767068700000000000,0.226811,103154.98999999999,103154.98999999999,87459.98000000001
1767070500000000000,0.226811,103154.98999999999,103154.98999999999,87300.0
1767072300000000000,0.226811,103154.98999999999,103154.98999999999,87278.33
1767074100000000000,0.226811,103154.98999999999,103154.98999999999,87255.97
1767075900000000000,0.226811,103154.98999999999,103154.98999999999,87384.88
1767077700000000000,0.226811,103154.98999999999,103154.98999999999,87443.17
1767079500000000000,0.226811,103154.98999999999,103154.98999999999,87426.59999999999
1767081300000000000,0.226811,103154.98999999999,103154.98999999999,87502.85
1767083100000000000,0.226811,103154.98999999999,103154.98999999999,87832.65
1767084900000000000,0.226811,103154.98999999999,103154.98999999999,87872.68
1767086700000000000,0.226811,103154.98999999999,103154.98999999999,87692.68
1767088500000000000,0.226811,103154.98999999999,103154.98999999999,87992.7
1767090300000000000,0.226811,103154.98999999999,103154.98999999999,88018.01999999999
1767092100000000000,0.226811,103154.98999999999,103154.98999999999,87949.51
1767093900000000000,0.226811,103154.98999999999,103154.98999999999,87923.81
1767095700000000000,0.226811,103154.98999999999,103154.98999999999,87903.89
1767097500000000000,0.226811,103154.98999999999,103154.98999999999,87994.77
1767099300000000000,0.226811,103154.98999999999,103154.98999999999,88023.54
1767101100000000000,0.226811,103154.98999999999,103154.98999999999,88095.99
1767102900000000000,0.226811,103154.98999999999,103154.98999999999,88110.01999999999
1767104700000000000,0.170115,103216.42,103216.42,88130.54000000001
1767106500000000000,0.113665,103299.23999999999,103299.23999999999,88875.83
1767108300000000000,0.113665,103299.23999999999,103299.23999999999,88472.51
1767110100000000000,0.113665,103299.23999999999,103299.23999999999,89016.34999999999
1767111900000000000,0.113665,103299.23999999999,103299.23999999999,89218.56
1767113700000000000,0.113665,103299.23999999999,103299.23999999999,88742.63
1767115500000000000,0.113665,103299.23999999999,103299.23999999999,88624.0
1767117300000000000,0.113665,103299.23999999999,103299.23999999999,88371.34
1767119100000000000,0.113665,103299.23999999999,103299.23999999999,88380.01
1767120900000000000,0.113665,103299.23999999999,103299.23999999999,88304.0
1767122700000000000,0.113665,103299.23999999999,103299.23999999999,88344.88
1767124500000000000,0.113665,103299.23999999999,103299.23999999999,88226.16
1767126300000000000,0.113665,103299.23999999999,103299.23999999999,88068.31
1767128100000000000,0.113665,103299.23999999999,103299.23999999999,87947.15
1767129900000000000,0.113665,103299.23999999999,103299.23999999999,88157.61
1767131700000000000,0.113665,103299.23999999999,103299.23999999999,88287.27
1767133500000000000,0.113665,103299.23999999999,103299.23999999999,88431.2
1767135300000000000,0.113665,103299.23999999999,103299.23999999999,88430.19
1767137100000000000,0.113665,103299.23999999999,103299.23999999999,88573.65000000001
1767138900000000000,0.113665,103299.23999999999,103299.23999999999,88485.49
1767140700000000000,0.113665,103299.23999999999,103299.23999999999,88391.06999999999
1767142500000000000,0.113665,103299.23999999999,103299.23999999999,88255.54
1767144300000000000,0.057173,103378.43,103378.43,88588.56999999999
1767146100000000000,0.000808,103468.7,103468.7,88649.33
1767147900000000000,0.000808,103468.7,103468.7,88664.44
1767149700000000000,0.000808,103468.7,103468.7,88673.6
1767151500000000000,0.000808,103468.7,103468.7,88537.13
1767153300000000000,0.000808,103468.7,103468.7,88453.04
1767155100000000000,0.000808,103468.7,103468.7,88432.0
1767156900000000000,0.000808,103468.7,103468.7,88325.06
1767158700000000000,0.000808,103468.7,103468.7,88460.34
1767160500000000000,0.000808,103468.7,103468.7,88463.09000000001
1767162300000000000,0.000808,103468.7,103468.7,88534.66
1767164100000000000,0.000808,103468.7,103468.7,88512.92000000001
1767165900000000000,0.000808,103468.7,103468.7,88538.89
1767167700000000000,0.000808,103468.7,103468.7,88613.12
1767169500000000000,0.000808,103468.7,103468.7,88661.6
1767171300000000000,0.000808,103468.7,103468.7,88434.65
1767173100000000000,0.000808,103468.7,103468.7,88597.0
1767174900000000000,0.000808,103468.7,103468.7,88660.09999999999
1767176700000000000,0.000808,103468.7,103468.7,88761.57
1767178500000000000,0.000808,103468.7,103468.7,88847.26000000001
1767180300000000000,0.000808,103468.7,103468.7,88936.34
1767182100000000000,0.000808,103468.7,103468.7,89011.52
1767183900000000000,0.000808,103468.7,103468.7,88936.54000000001
1767185700000000000,0.000808,103468.7,103468.7,88775.96
1767187500000000000,0.000808,103468.7,103468.7,88844.12000000001
1767189300000000000,0.000808,103468.7,103468.7,88991.87999999999
1767191100000000000,0.000808,103468.7,103468.7,88950.01
1767192900000000000,0.000808,103468.7,103468.7,88479.99
1767194700000000000,0.171052,103465.7,103465.7,87983.57
1767196500000000000,0.341683,103462.7,103462.7,87953.97
1767198300000000000,0.341683,103462.7,103462.7,87924.21
1767200100000000000,0.341683,103462.7,103462.7,87656.98
1767201900000000000,0.341683,103462.7,103462.7,87610.63
1767203700000000000,0.341683,103462.7,103462.7,87620.81999999999
1767205500000000000,0.284836,103458.75,103458.75,87940.48
1767207300000000000,0.284836,103458.75,103458.75,87684.07
1767209100000000000,0.284836,103458.75,103458.75,87737.06
1767210900000000000,0.284836,103458.75,103458.75,87541.84999999999
1767212700000000000,0.284836,103458.75,103458.75,87496.8
1767214500000000000,0.284836,103458.75,103458.75,87662.01
1767216300000000000,0.284836,103458.75,103458.75,87759.27
1767218100000000000,0.284836,103458.75,103458.75,87799.97
1767219900000000000,0.284836,103458.75,103458.75,87854.51
1767221700000000000,0.284836,103458.75,103458.75,87728.29000000001
1767223500000000000,0.284836,103458.75,103458.75,87675.44
1767225300000000000,0.284836,103458.75,103458.75,87648.22
1767227100000000000,0.284836,103458.75,103458.75,87776.18
1767228900000000000,0.284836,103458.75,103458.75,87809.23
1767230700000000000,0.284836,103458.75,103458.75,87875.22
1767232500000000000,0.284836,103458.75,103458.75,87960.0
1767234300000000000,0.284836,103458.75,103458.75,87957.62999999999
1767236100000000000,0.284836,103458.75,103458.75,87914.0
1767237900000000000,0.284836,103458.75,103458.75,87930.65
1767239700000000000,0.284836,103458.75,103458.75,87846.01999999999
1767241500000000000,0.284836,103458.75,103458.75,87632.26
1767243300000000000,0.284836,103458.75,103458.75,87590.4
1767245100000000000,0.284836,103458.75,103458.75,87708.11
1767246900000000000,0.284836,103458.75,103458.75,87704.39
1767248700000000000,0.284836,103458.75,103458.75,87656.8
1767250500000000000,0.284836,103458.75,103458.75,87658.0
1767252300000000000,0.284836,103458.75,103458.75,87605.68
1767254100000000000,0.284836,103458.75,103458.75,87631.87999999999
1767255900000000000,0.284836,103458.75,103458.75,87739.53
1767257700000000000,0.284836,103458.75,103458.75,87770.9
1767259500000000000,0.227986,103454.56999999999,103454.56999999999,87836.01999999999
1767261300000000000,0.227986,103454.56999999999,103454.56999999999,87877.99
1767263100000000000,0.227986,103454.56999999999,103454.56999999999,87851.26000000001
1767264900000000000,0.227986,103454.56999999999,103454.56999999999,87863.76
1767266700000000000,0.227986,103454.56999999999,103454.56999999999,87926.18
1767268500000000000,0.227986,103454.56999999999,103454.56999999999,88024.64
1767270300000000000,0.227986,103454.56999999999,103454.56999999999,88004.81
1767272100000000000,0.227986,103454.56999999999,103454.56999999999,87950.0
1767273900000000000,0.227986,103454.56999999999,103454.56999999999,87987.1
1767275700000000000,0.227986,103454.56999999999,103454.56999999999,87922.64
1767277500000000000,0.227986,103454.56999999999,103454.56999999999,87872.25
1767279300000000000,0.227986,103454.56999999999,103454.56999999999,87967.05
1767281100000000000,0.171201,103456.15000000001,103456.15000000001,88007.12
1767282900000000000,0.171201,103456.15000000001,103456.15000000001,88032.18
1767284700000000000,0.171201,103456.15000000001,103456.15000000001,87954.34
1767286500000000000,0.171201,103456.15000000001,103456.15000000001,87988.76000000001
1767288300000000000,0.171201,103456.15000000001,103456.15000000001,88255.49
1767290100000000000,0.171201,103456.15000000001,103456.15000000001,88316.37000000001
1767291900000000000,0.171201,103456.15000000001,103456.15000000001,88105.08
1767293700000000000,0.171201,103456.15000000001,103456.15000000001,88193.94
1767295500000000000,0.171201,103456.15000000001,103456.15000000001,88166.75
1767297300000000000,0.171201,103456.15000000001,103456.15000000001,88391.15
1767299100000000000,0.171201,103456.15000000001,103456.15000000001,88364.33
1767300900000000000,0.171201,103456.15000000001,103456.15000000001,88258.12
1767302700000000000,0.171201,103456.15000000001,103456.15000000001,88377.04
1767304500000000000,0.171201,103456.15000000001,103456.15000000001,88377.67
1767306300000000000,0.171201,103456.15000000001,103456.15000000001,88532.73999999999
1767308100000000000,0.171201,103456.15000000001,103456.15000000001,88645.57
1767309900000000000,0.171201,103456.15000000001,103456.15000000001,88735.06
1767311700000000000,0.171201,103456.15000000001,103456.15000000001,88839.04
1767313500000000000,0.171201,103456.15000000001,103456.15000000001,88715.27
1767315300000000000,0.171201,103456.15000000001,103456.15000000001,88833.97
1767317100000000000,0.171201,103456.15000000001,103456.15000000001,88690.0
1767318900000000000,0.171201,103456.15000000001,103456.15000000001,88639.89
1767320700000000000,0.227692,103455.15,103455.15,88421.94
1767322500000000000,0.227692,103455.15,103455.15,88637.03
1767324300000000000,0.227692,103455.15,103455.15,88879.49
1767326100000000000,0.115346,103551.97,103551.97,88950.65
1767327900000000000,0.115346,103551.97,103551.97,88736.79000000001
1767329700000000000,0.115346,103551.97,103551.97,88637.64
1767331500000000000,0.115346,103551.97,103551.97,88583.52
1767333300000000000,0.115346,103551.97,103551.97,88765.2
1767335100000000000,0.115346,103551.97,103551.97,88922.22
1767336900000000000,0.115346,103551.97,103551.97,88935.04
1767338700000000000,0.115346,103551.97,103551.97,88903.35
1767340500000000000,0.115346,103551.97,103551.97,88857.61
1767342300000000000,0.115346,103551.97,103551.97,89062.45000000001
1767344100000000000,0.115346,103551.97,103551.97,89178.13
1767345900000000000,0.041511,103634.12,103634.12,89167.77
1767347700000000000,0.041511,103634.12,103634.12,89467.32
1767349500000000000,0.041511,103634.12,103634.12,89596.61
1767351300000000000,0.041511,103634.12,103634.12,89666.29000000001
1767353100000000000,0.041511,103634.12,103634.12,89366.56999999999
1767354900000000000,0.041511,103634.12,103634.12,89502.95
1767356700000000000,0.041511,103634.12,103634.12,89462.68000000001
1767358500000000000,0.041511,103634.12,103634.12,89400.0
1767360300000000000,0.041511,103634.12,103634.12,89560.62000000001
1767362100000000000,0.041511,103634.12,103634.12,89348.68
1767363900000000000,0.041511,103634.12,103634.12,88900.01
1767365700000000000,0.041511,103634.12,103634.12,89580.0
1767367500000000000,0.041511,103634.12,103634.12,89128.64
1767369300000000000,0.041511,103634.12,103634.12,89418.11
1767371100000000000,0.041511,103634.12,103634.12,90055.84999999999
1767372900000000000,0.041511,103634.12,103634.12,90376.05
1767374700000000000,0.041511,103634.12,103634.12,90604.51
1767376500000000000,0.041511,103634.12,103634.12,90370.52
1767378300000000000,0.041511,103634.12,103634.12,90306.0
1767380100000000000,0.097243,103633.12,103633.12,89773.1
1767381900000000000,0.097243,103633.12,103633.12,89960.01
1767383700000000000,0.097243,103633.12,103633.12,89897.23
1767385500000000000,0.097243,103633.12,103633.12,89891.67
1767387300000000000,0.097243,103633.12,103633.12,89740.0
1767389100000000000,0.097243,103633.12,103633.12,89983.31
1767390900000000000,0.097243,103633.12,103633.12,90065.79999999999
1767392700000000000,0.097243,103633.12,103633.12,90130.88
1767394500000000000,0.097243,103633.12,103633.12,90195.37
1767396300000000000,0.097243,103633.12,103633.12,89942.0
1767398100000000000,0.097243,103633.12,103633.12,89995.13
1767399900000000000,0.097243,103633.12,103633.12,90087.45
1767401700000000000,0.097243,103633.12,103633.12,90156.19
1767403500000000000,0.097243,103633.12,103633.12,90079.95
1767405300000000000,0.097243,103633.12,103633.12,90282.69
1767407100000000000,0.097243,103633.12,103633.12,90261.48
1767408900000000000,0.097243,103633.12,103633.12,90340.0
1767410700000000000,0.097243,103633.12,103633.12,90218.43
1767412500000000000,0.097243,103633.12,103633.12,90321.22
1767414300000000000,0.097243,103633.12,103633.12,90252.0
1767416100000000000,0.097243,103633.12,103633.12,90170.0
1767417900000000000,0.097243,103633.12,103633.12,90015.74
1767419700000000000,0.097243,103633.12,103633.12,90031.1
1767421500000000000,0.097243,103633.12,103633.12,89978.01
1767423300000000000,0.097243,103633.12,103633.12,89871.05
1767425100000000000,0.097243,103633.12,103633.12,89416.0
1767426900000000000,0.097243,103633.12,103633.12,89577.13
1767428700000000000,0.097243,103633.12,103633.12,89733.06999999999
1767430500000000000,0.097243,103633.12,103633.12,89670.51
1767432300000000000,0.097243,103633.12,103633.12,89810.01
1767434100000000000,0.041635,103680.87,103680.87,89791.99
1767435900000000000,0.041635,103680.87,103680.87,89797.01000000001
1767437700000000000,0.041635,103680.87,103680.87,89754.47
1767439500000000000,0.041635,103680.87,103680.87,89724.26
1767441300000000000,0.041635,103680.87,103680.87,89752.73999999999
1767443100000000000,0.041635,103680.87,103680.87,89795.59
1767444900000000000,0.041635,103680.87,103680.87,90039.13
1767446700000000000,0.041635,103680.87,103680.87,89967.14
1767448500000000000,0.041635,103680.87,103680.87,90004.96
1767450300000000000,0.013829,103726.05,103726.05,90192.09999999999
1767452100000000000,0.013829,103726.05,103726.05,90126.01999999999
1767453900000000000,0.013829,103726.05,103726.05,90073.68
1767455700000000000,0.013829,103726.05,103726.05,89969.31
1767457500000000000,0.013829,103726.05,103726.05,90053.54
1767459300000000000,0.013829,103726.05,103726.05,90105.24
1767461100000000000,0.013829,103726.05,103726.05,90066.01999999999
1767462900000000000,0.013829,103726.05,103726.05,90093.99
1767464700000000000,0.013829,103726.05,103726.05,90178.63
1767466500000000000,0.013829,103726.05,103726.05,90138.87
1767468300000000000,0.013829,103726.05,103726.05,90151.98000000001
1767470100000000000,0.013829,103726.05,103726.05,90123.77
1767471900000000000,0.013829,103726.05,103726.05,90123.76
1767473700000000000,0.013829,103726.05,103726.05,90372.39
1767475500000000000,0.013829,103726.05,103726.05,90473.22
1767477300000000000,0.013829,103726.05,103726.05,90564.31
1767479100000000000,0.013829,103726.05,103726.05,90621.01000000001
1767480900000000000,0.013829,103726.05,103726.05,90590.04000000001
1767482700000000000,0.013829,103726.05,103726.05,90634.58
1767484500000000000,0.013829,103726.05,103726.05,90628.01
1767486300000000000,0.013829,103726.05,103726.05,91098.32
1767488100000000000,0.013829,103726.05,103726.05,91341.47
1767489900000000000,0.013829,103726.05,103726.05,91132.01
1767491700000000000,0.013829,103726.05,103726.05,91235.37
1767493500000000000,0.013829,103726.05,103726.05,91207.6
1767495300000000000,0.013829,103726.05,103726.05,91124.0
1767497100000000000,0.013829,103726.05,103726.05,91168.07
1767498900000000000,0.013829,103726.05,103726.05,91236.78
1767500700000000000,0.013829,103726.05,103726.05,91376.01
1767502500000000000,0.013829,103726.05,103726.05,91400.0
1767504300000000000,0.013829,103726.05,103726.05,91460.01
1767506100000000000,0.013829,103726.05,103726.05,91480.04
1767507900000000000,0.068291,103725.05,103725.05,91544.14
1767509700000000000,0.068291,103725.05,103725.05,91237.54999999999
1767511500000000000,0.068291,103725.05,103725.05,91308.0
1767513300000000000,0.068291,103725.05,103725.05,91532.0
1767515100000000000,0.068291,103725.05,103725.05,91234.36
1767516900000000000,0.068291,103725.05,103725.05,91374.98999999999
1767518700000000000,0.068291,103725.05,103725.05,91314.36
1767520500000000000,0.068291,103725.05,103725.05,91468.28000000001
1767522300000000000,0.068291,103725.05,103725.05,91480.0
1767524100000000000,0.068291,103725.05,103725.05,91600.62000000001
1767525900000000000,0.068291,103725.05,103725.05,91380.58
1767527700000000000,0.068291,103725.05,103725.05,91300.0
1767529500000000000,0.068291,103725.05,103725.05,91341.13
1767531300000000000,0.068291,103725.05,103725.05,91150.98
1767533100000000000,0.068291,103725.05,103725.05,91191.16
1767534900000000000,0.068291,103725.05,103725.05,91264.0
1767536700000000000,0.068291,103725.05,103725.05,91241.29
1767538500000000000,0.068291,103725.05,103725.05,91336.39
1767540300000000000,0.068291,103725.05,103725.05,91233.33
1767542100000000000,0.068291,103725.05,103725.05,91334.94
1767543900000000000,0.068291,103725.05,103725.05,91341.5
1767545700000000000,0.068291,103725.05,103725.05,91321.0
1767547500000000000,0.068291,103725.05,103725.05,91362.23
1767549300000000000,0.068291,103725.05,103725.05,91335.73000000001
1767551100000000000,0.013461,103739.41,103739.41,91179.65000000001
1767552900000000000,0.041464,103744.31,103744.31,91205.39
1767554700000000000,0.041464,103744.31,103744.31,91124.09999999999
1767556500000000000,0.041464,103744.31,103744.31,91138.07
1767558300000000000,0.041464,103744.31,103744.31,91339.99
1767560100000000000,0.041464,103744.31,103744.31,91313.94
1767561900000000000,0.041464,103744.31,103744.31,91312.0
1767563700000000000,0.041464,103744.31,103744.31,91279.99
1767565500000000000,0.041464,103744.31,103744.31,91285.37
1767567300000000000,0.041464,103744.31,103744.31,91220.01
1767569100000000000,0.122456,103760.98999999999,103760.98999999999,91372.55
1767570900000000000,0.122456,103760.98999999999,103760.98999999999,91529.73000000001
1767572700000000000,0.286094,103757.99,103757.99,91847.37999999999
1767574500000000000,0.286094,103757.99,103757.99,92405.45999999999
1767576300000000000,0.286094,103757.99,103757.99,92978.34999999999
1767578100000000000,0.286094,103757.99,103757.99,92967.28
1767579900000000000,0.286094,103757.99,103757.99,92746.20000000001
1767581700000000000,0.286094,103757.99,103757.99,93033.11
1767583500000000000,0.286094,103757.99,103757.99,92994.58
1767585300000000000,0.286094,103757.99,103757.99,92878.22
1767587100000000000,0.286094,103757.99,103757.99,92478.51
1767588900000000000,0.286094,103757.99,103757.99,92595.06999999999
1767590700000000000,0.286094,103757.99,103757.99,92709.15
1767592500000000000,0.286094,103757.99,103757.99,92359.99
1767594300000000000,0.286094,103757.99,103757.99,92279.87999999999
1767596100000000000,0.286094,103757.99,103757.99,92491.81
1767597900000000000,0.286094,103757.99,103757.99,92563.0
1767599700000000000,0.286094,103757.99,103757.99,92520.63
1767601500000000000,0.286094,103757.99,103757.99,92700.0
1767603300000000000,0.286094,103757.99,103757.99,92467.53
1767605100000000000,0.286094,103757.99,103757.99,92630.3
1767606900000000000,0.286094,103757.99,103757.99,92688.6
1767608700000000000,0.286094,103757.99,103757.99,92895.69
1767610500000000000,0.286094,103757.99,103757.99,93080.0
1767612300000000000,0.286094,103757.99,103757.99,92971.99
1767614100000000000,0.286094,103757.99,103757.99,93134.26
1767615900000000000,0.286094,103757.99,103757.99,92927.81
1767617700000000000,0.286094,103757.99,103757.99,92874.28
1767619500000000000,0.286094,103757.99,103757.99,92784.51999999999
1767621300000000000,0.286094,103757.99,103757.99,92742.73999999999
1767623100000000000,0.286094,103757.99,103757.99,92766.9
1767624900000000000,0.286094,103757.99,103757.99,93428.0
1767626700000000000,0.286094,103757.99,103757.99,93394.3
1767628500000000000,0.286094,103757.99,103757.99,93957.73000000001
1767630300000000000,0.286094,103757.99,103757.99,93837.93
1767632100000000000,0.286094,103757.99,103757.99,93701.31
1767633900000000000,0.286094,103757.99,103757.99,93446.54000000001
1767635700000000000,0.286094,103757.99,103757.99,94317.84
1767637500000000000,0.286094,103757.99,103757.99,94035.87
1767639300000000000,0.286094,103757.99,103757.99,94449.62
1767641100000000000,0.286094,103757.99,103757.99,94418.58
1767642900000000000,0.286094,103757.99,103757.99,94303.4
1767644700000000000,0.286094,103757.99,103757.99,94744.43
1767646500000000000,0.286094,103757.99,103757.99,94177.99
1767648300000000000,0.286094,103757.99,103757.99,93839.1
1767650100000000000,0.286094,103757.99,103757.99,94095.78
1767651900000000000,0.286094,103757.99,103757.99,94252.65
1767653700000000000,0.286094,103757.99,103757.99,94171.22
1767655500000000000,0.286094,103757.99,103757.99,93996.97
1767657300000000000,0.286094,103757.99,103757.99,93859.70999999999
1767659100000000000,0.286094,103757.99,103757.99,93807.70999999999
1767660900000000000,0.286094,103757.99,103757.99,93816.7
1767662700000000000,0.286094,103757.99,103757.99,94116.72
1767664500000000000,0.286094,103757.99,103757.99,93771.82
1767666300000000000,0.286094,103757.99,103757.99,93699.06999999999
1767668100000000000,0.232692,103648.54000000001,103648.54000000001,93620.6
1767669900000000000,0.232692,103648.54000000001,103648.54000000001,93794.67
1767671700000000000,0.232692,103648.54000000001,103648.54000000001,93769.24
1767673500000000000,0.232692,103648.54000000001,103648.54000000001,93866.0
1767675300000000000,0.232692,103648.54000000001,103648.54000000001,93801.06999999999
1767677100000000000,0.232692,103648.54000000001,103648.54000000001,93707.81
1767678900000000000,0.232692,103648.54000000001,103648.54000000001,93599.99
1767680700000000000,0.232692,103648.54000000001,103648.54000000001,93756.86
1767682500000000000,0.232692,103648.54000000001,103648.54000000001,93780.01
1767684300000000000,0.179125,103554.17,103554.17,93398.38
1767686100000000000,0.179125,103554.17,103554.17,93255.07999999999
1767687900000000000,0.179125,103554.17,103554.17,93331.98000000001
1767689700000000000,0.179125,103554.17,103554.17,93240.17
1767691500000000000,0.179125,103554.17,103554.17,93470.01
1767693300000000000,0.179125,103554.17,103554.17,93462.72
1767695100000000000,0.179125,103554.17,103554.17,93595.81
1767696900000000000,0.179125,103554.17,103554.17,93579.56
1767698700000000000,0.179125,103554.17,103554.17,93833.57
1767700500000000000,0.179125,103554.17,103554.17,93840.0
1767702300000000000,0.179125,103554.17,103554.17,93865.69
1767704100000000000,0.179125,103554.17,103554.17,93872.16
1767705900000000000,0.179125,103554.17,103554.17,93729.88
1767707700000000000,0.179125,103554.17,103554.17,93716.53
1767709500000000000,0.179125,103554.17,103554.17,94319.84999999999
1767711300000000000,0.179125,103554.17,103554.17,93836.81
1767713100000000000,0.179125,103554.17,103554.17,94130.53
1767714900000000000,0.179125,103554.17,103554.17,93648.98999999999
1767716700000000000,0.179125,103554.17,103554.17,92850.61
1767718500000000000,0.179125,103554.17,103554.17,92692.32
1767720300000000000,0.179125,103554.17,103554.17,92517.14
1767722100000000000,0.124807,103528.66,103528.66,91589.24
1767723900000000000,0.113876,103529.72,103529.72,92003.86
1767725700000000000,0.113876,103529.72,103529.72,92034.09
1767727500000000000,0.113876,103529.72,103529.72,92246.89
1767729300000000000,0.113876,103529.72,103529.72,92104.5
1767731100000000000,0.113876,103529.72,103529.72,92500.0
1767732900000000000,0.113876,103529.72,103529.72,92505.31999999999
1767734700000000000,0.434849,103523.71999999999,103523.71999999999,93520.42
1767736500000000000,0.434849,103523.71999999999,103523.71999999999,93258.05
1767738300000000000,0.434849,103523.71999999999,103523.71999999999,93171.13
1767740100000000000,0.434849,103523.71999999999,103523.71999999999,93362.68000000001
1767741900000000000,0.434849,103523.71999999999,103523.71999999999,93528.43
1767743700000000000,0.434849,103523.71999999999,103523.71999999999,93747.97
1767745500000000000,0.434849,103523.71999999999,103523.71999999999,93350.03
1767747300000000000,0.434849,103523.71999999999,103523.71999999999,92709.52
1767749100000000000,0.434849,103523.71999999999,103523.71999999999,92543.27
1767750900000000000,0.434849,103523.71999999999,103523.71999999999,92435.35
1767752700000000000,0.434849,103523.71999999999,103523.71999999999,92693.06999999999
1767754500000000000,0.434849,103523.71999999999,103523.71999999999,92949.77
1767756300000000000,0.434849,103523.71999999999,103523.71999999999,93002.08
1767758100000000000,0.434849,103523.71999999999,103523.71999999999,92815.83
1767759900000000000,0.434849,103523.71999999999,103523.71999999999,92782.33
1767761700000000000,0.434849,103523.71999999999,103523.71999999999,92670.29000000001
1767763500000000000,0.434849,103523.71999999999,103523.71999999999,92718.51
1767765300000000000,0.434849,103523.71999999999,103523.71999999999,92529.54
1767767100000000000,0.434849,103523.71999999999,103523.71999999999,92836.98999999999
1767768900000000000,0.434849,103523.71999999999,103523.71999999999,92614.84000000001
1767770700000000000,0.434849,103523.71999999999,103523.71999999999,92811.37999999999
1767772500000000000,0.434849,103523.71999999999,103523.71999999999,92879.13
1767774300000000000,0.434849,103523.71999999999,103523.71999999999,92860.05
1767776100000000000,0.434849,103523.71999999999,103523.71999999999,92718.9
1767777900000000000,0.380524,103573.69,103573.69,91956.96
1767779700000000000,0.326052,103637.31,103637.31,91716.14
1767781500000000000,0.326052,103637.31,103637.31,91785.54999999999
1767783300000000000,0.326052,103637.31,103637.31,91975.31
1767785100000000000,0.326052,103637.31,103637.31,92168.39
1767786900000000000,0.326052,103637.31,103637.31,92087.20999999999
1767788700000000000,0.326052,103637.31,103637.31,92068.0
1767790500000000000,0.326052,103637.31,103637.31,91997.86
1767792300000000000,0.326052,103637.31,103637.31,92228.11
1767794100000000000,0.326052,103637.31,103637.31,92044.67
1767795900000000000,0.326052,103637.31,103637.31,91552.09999999999
1767797700000000000,0.326052,103637.31,103637.31,91959.04
1767799500000000000,0.326052,103637.31,103637.31,91278.98
1767801300000000000,0.326052,103637.31,103637.31,91349.95999999999
1767803100000000000,0.326052,103637.31,103637.31,91600.16
1767804900000000000,0.326052,103637.31,103637.31,91264.54000000001
1767806700000000000,0.326052,103637.31,103637.31,91606.43
1767808500000000000,0.326052,103637.31,103637.31,91252.14
1767810300000000000,0.326052,103637.31,103637.31,91289.87
1767812100000000000,0.326052,103637.31,103637.31,90901.39
1767813900000000000,0.326052,103637.31,103637.31,90909.0
1767815700000000000,0.326052,103637.31,103637.31,91186.07
1767817500000000000,0.326052,103637.31,103637.31,90901.08
1767819300000000000,0.326052,103637.31,103637.31,91047.49
1767821100000000000,0.326052,103637.31,103637.31,91179.48000000001
1767822900000000000,0.326052,103637.31,103637.31,91089.5
1767824700000000000,0.326052,103637.31,103637.31,91076.16
1767826500000000000,0.326052,103637.31,103637.31,91180.85
1767828300000000000,0.326052,103637.31,103637.31,91309.45
1767830100000000000,0.326052,103637.31,103637.31,91364.16
1767831900000000000,0.326052,103637.31,103637.31,91111.99
1767833700000000000,0.326052,103637.31,103637.31,91394.71
1767835500000000000,0.326052,103637.31,103637.31,91518.0
1767837300000000000,0.326052,103637.31,103637.31,91428.4
1767839100000000000,0.271233,103733.25,103733.25,91222.24
1767840900000000000,0.216281,103841.54999999999,103841.54999999999,90956.49
1767842700000000000,0.216281,103841.54999999999,103841.54999999999,90949.88
1767844500000000000,0.216281,103841.54999999999,103841.54999999999,90813.40000000001
1767846300000000000,0.216281,103841.54999999999,103841.54999999999,91096.85
1767848100000000000,0.216281,103841.54999999999,103841.54999999999,91022.75
1767849900000000000,0.216281,103841.54999999999,103841.54999999999,91008.7
1767851700000000000,0.216281,103841.54999999999,103841.54999999999,90829.58
1767853500000000000,0.216281,103841.54999999999,103841.54999999999,90276.86
1767855300000000000,0.216281,103841.54999999999,103841.54999999999,89898.01
1767857100000000000,0.216281,103841.54999999999,103841.54999999999,90266.66
1767858900000000000,0.216281,103841.54999999999,103841.54999999999,90548.01999999999
1767860700000000000,0.216281,103841.54999999999,103841.54999999999,90708.26
1767862500000000000,0.216281,103841.54999999999,103841.54999999999,90227.25
1767864300000000000,0.216281,103841.54999999999,103841.54999999999,90027.02
1767866100000000000,0.216281,103841.54999999999,103841.54999999999,90010.0
1767867900000000000,0.216281,103841.54999999999,103841.54999999999,90200.9
1767869700000000000,0.216281,103841.54999999999,103841.54999999999,90410.09999999999
1767871500000000000,0.216281,103841.54999999999,103841.54999999999,90218.61
1767873300000000000,0.216281,103841.54999999999,103841.54999999999,90226.77
1767875100000000000,0.216281,103841.54999999999,103841.54999999999,89953.03
1767876900000000000,0.216281,103841.54999999999,103841.54999999999,89989.20999999999
1767878700000000000,0.216281,103841.54999999999,103841.54999999999,90067.75
1767880500000000000,0.216281,103841.54999999999,103841.54999999999,89962.14
1767882300000000000,0.216281,103841.54999999999,103841.54999999999,89643.89
1767884100000000000,0.216281,103841.54999999999,103841.54999999999,90024.01
1767885900000000000,0.216281,103841.54999999999,103841.54999999999,90584.67
1767887700000000000,0.216281,103841.54999999999,103841.54999999999,90781.57
1767889500000000000,0.216281,103841.54999999999,103841.54999999999,90667.67
1767891300000000000,0.216281,103841.54999999999,103841.54999999999,90926.84000000001
1767893100000000000,0.216281,103841.54999999999,103841.54999999999,90865.59
1767894900000000000,0.216281,103841.54999999999,103841.54999999999,91366.39
1767896700000000000,0.216281,103841.54999999999,103841.54999999999,91257.36
1767898500000000000,0.216281,103841.54999999999,103841.54999999999,91117.35
1767900300000000000,0.216281,103841.54999999999,103841.54999999999,91090.81
1767902100000000000,0.216281,103841.54999999999,103841.54999999999,90937.41
1767903900000000000,0.161085,103972.54000000001,103972.54000000001,90593.25
1767905700000000000,0.161085,103972.54000000001,103972.54000000001,90927.62
1767907500000000000,0.161085,103972.54000000001,103972.54000000001,91115.95
1767909300000000000,0.161085,103972.54000000001,103972.54000000001,91272.96
1767911100000000000,0.161085,103972.54000000001,103972.54000000001,91284.5
1767912900000000000,0.161085,103972.54000000001,103972.54000000001,91231.90000000001
1767914700000000000,0.161085,103972.54000000001,103972.54000000001,91283.05
1767916500000000000,0.161085,103972.54000000001,103972.54000000001,91099.99
1767918300000000000,0.161085,103972.54000000001,103972.54000000001,91066.72
1767920100000000000,0.161085,103972.54000000001,103972.54000000001,91290.33
1767921900000000000,0.161085,103972.54000000001,103972.54000000001,91498.0
1767923700000000000,0.161085,103972.54000000001,103972.54000000001,91056.19
1767925500000000000,0.161085,103972.54000000001,103972.54000000001,91296.17
1767927300000000000,0.161085,103972.54000000001,103972.54000000001,91038.38
1767929100000000000,0.161085,103972.54000000001,103972.54000000001,91022.64
1767930900000000000,0.161085,103972.54000000001,103972.54000000001,91220.23
1767932700000000000,0.161085,103972.54000000001,103972.54000000001,91127.17
1767934500000000000,0.161085,103972.54000000001,103972.54000000001,91012.8
1767936300000000000,0.161085,103972.54000000001,103972.54000000001,91022.43999999999
1767938100000000000,0.161085,103972.54000000001,103972.54000000001,91091.82
1767939900000000000,0.161085,103972.54000000001,103972.54000000001,90989.29
1767941700000000000,0.161085,103972.54000000001,103972.54000000001,91137.58
1767943500000000000,0.161085,103972.54000000001,103972.54000000001,91029.3
1767945300000000000,0.161085,103972.54000000001,103972.54000000001,90741.84
1767947100000000000,0.161085,103972.54000000001,103972.54000000001,90677.91
1767948900000000000,0.105565,104133.65000000001,104133.65000000001,90033.52
1767950700000000000,0.105565,104133.65000000001,104133.65000000001,90414.34
1767952500000000000,0.105565,104133.65000000001,104133.65000000001,90338.46
1767954300000000000,0.105565,104133.65000000001,104133.65000000001,90438.85
1767956100000000000,0.105565,104133.65000000001,104133.65000000001,90485.87
1767957900000000000,0.160719,104132.65,104132.65,90568.01999999999
1767959700000000000,0.160719,104132.65,104132.65,90463.11
1767961500000000000,0.160719,104132.65,104132.65,90342.15000000001
1767963300000000000,0.160719,104132.65,104132.65,90449.23
1767965100000000000,0.160719,104132.65,104132.65,90591.45999999999
1767966900000000000,0.160719,104132.65,104132.65,90607.66
1767968700000000000,0.160719,104132.65,104132.65,90556.92000000001
1767970500000000000,0.160719,104132.65,104132.65,90150.0
1767972300000000000,0.215572,104131.65000000001,104131.65000000001,91680.59
1767974100000000000,0.215572,104131.65000000001,104131.65000000001,91176.47
1767975900000000000,0.215572,104131.65000000001,104131.65000000001,91379.41
1767977700000000000,0.215572,104131.65000000001,104131.65000000001,91623.89
1767979500000000000,0.215572,104131.65000000001,104131.65000000001,91133.76
1767981300000000000,0.215572,104131.65000000001,104131.65000000001,91422.23
1767983100000000000,0.215572,104131.65000000001,104131.65000000001,90603.53
1767984900000000000,0.215572,104131.65000000001,104131.65000000001,90820.31
1767986700000000000,0.215572,104131.65000000001,104131.65000000001,90328.34
1767988500000000000,0.215572,104131.65000000001,104131.65000000001,90332.15000000001
1767990300000000000,0.215572,104131.65000000001,104131.65000000001,90472.86
1767992100000000000,0.215572,104131.65000000001,104131.65000000001,90303.36
1767993900000000000,0.215572,104131.65000000001,104131.65000000001,90562.62000000001
1767995700000000000,0.215572,104131.65000000001,104131.65000000001,90541.97
1767997500000000000,0.215572,104131.65000000001,104131.65000000001,90603.52
1767999300000000000,0.215572,104131.65000000001,104131.65000000001,90630.08
1768001100000000000,0.215572,104131.65000000001,104131.65000000001,90721.0
1768002900000000000,0.215572,104131.65000000001,104131.65000000001,90641.28
1768004700000000000,0.215572,104131.65000000001,104131.65000000001,90621.43000000001
1768006500000000000,0.215572,104131.65000000001,104131.65000000001,90600.0
1768008300000000000,0.215572,104131.65000000001,104131.65000000001,90666.43
1768010100000000000,0.215572,104131.65000000001,104131.65000000001,90688.0
1768011900000000000,0.270665,104130.65,104130.65,90782.16
1768013700000000000,0.270665,104130.65,104130.65,90697.17
1768015500000000000,0.270665,104130.65,104130.65,90631.54999999999
1768017300000000000,0.270665,104130.65,104130.65,90626.14
1768019100000000000,0.160217,104254.67,104254.67,90525.5
1768020900000000000,0.049639,104390.67,104390.67,90448.3
1768022700000000000,0.049639,104390.67,104390.67,90568.63
1768024500000000000,0.049639,104390.67,104390.67,90603.52
1768026300000000000,0.049639,104390.67,104390.67,90526.45000000001
1768028100000000000,0.049639,104390.67,104390.67,90505.47
1768029900000000000,0.049639,104390.67,104390.67,90606.67
1768031700000000000,0.049639,104390.67,104390.67,90678.5
1768033500000000000,0.049639,104390.67,104390.67,90696.01
1768035300000000000,0.049639,104390.67,104390.67,90661.95
1768037100000000000,0.049639,104390.67,104390.67,90683.02
1768038900000000000,0.049639,104390.67,104390.67,90768.96
1768040700000000000,0.049639,104390.67,104390.67,90761.69
1768042500000000000,0.049639,104390.67,104390.67,90828.0
1768044300000000000,0.049639,104390.67,104390.67,90781.84999999999
1768046100000000000,0.049639,104390.67,104390.67,90723.86
1768047900000000000,0.049639,104390.67,104390.67,90719.32
1768049700000000000,0.049639,104390.67,104390.67,90733.70999999999
1768051500000000000,0.049639,104390.67,104390.67,90727.56
1768053300000000000,0.049639,104390.67,104390.67,90656.51
1768055100000000000,0.049639,104390.67,104390.67,90619.51
1768056900000000000,0.049639,104390.67,104390.67,90591.01000000001
1768058700000000000,0.049639,104390.67,104390.67,90595.76
1768060500000000000,0.049639,104390.67,104390.67,90665.75
1768062300000000000,0.049639,104390.67,104390.67,90646.29000000001
1768064100000000000,0.049639,104390.67,104390.67,90676.66
1768065900000000000,0.049639,104390.67,104390.67,90745.99
1768067700000000000,0.060695,104439.25,104439.25,90544.96
1768069500000000000,0.060695,104439.25,104439.25,90580.15000000001
1768071300000000000,0.060695,104439.25,104439.25,90595.62
1768073100000000000,0.060695,104439.25,104439.25,90596.90999999999
1768074900000000000,0.060695,104439.25,104439.25,90626.54000000001
1768076700000000000,0.060695,104439.25,104439.25,90642.09999999999
1768078500000000000,0.060695,104439.25,104439.25,90572.86
1768080300000000000,0.060695,104439.25,104439.25,90568.26
1768082100000000000,0.060695,104439.25,104439.25,90510.73999999999
1768083900000000000,0.060695,104439.25,104439.25,90488.43
1768085700000000000,0.060695,104439.25,104439.25,90427.76
1768087500000000000,0.060695,104439.25,104439.25,90548.4
1768089300000000000,0.060695,104439.25,104439.25,90504.7
1768091100000000000,0.060695,104439.25,104439.25,90602.51
1768092900000000000,0.060695,104439.25,104439.25,90640.44
1768094700000000000,0.060695,104439.25,104439.25,90587.70999999999
1768096500000000000,0.060695,104439.25,104439.25,90628.23
1768098300000000000,0.060695,104439.25,104439.25,90676.48
1768100100000000000,0.060695,104439.25,104439.25,90699.0
1768101900000000000,0.060695,104439.25,104439.25,90708.25
1768103700000000000,0.060695,104439.25,104439.25,90733.5
1768105500000000000,0.060695,104439.25,104439.25,90708.26999999999
1768107300000000000,0.049463,104447.52,104447.52,90785.48
1768109100000000000,0.049463,104447.52,104447.52,90757.5
1768110900000000000,0.159549,104445.52,104445.52,90774.43
1768112700000000000,0.159549,104445.52,104445.52,90666.52
1768114500000000000,0.159549,104445.52,104445.52,90744.0
1768116300000000000,0.159549,104445.52,104445.52,90727.17
1768118100000000000,0.159549,104445.52,104445.52,90710.79000000001
1768119900000000000,0.159549,104445.52,104445.52,90729.3
1768121700000000000,0.159549,104445.52,104445.52,90790.01
1768123500000000000,0.159549,104445.52,104445.52,90755.05
1768125300000000000,0.159549,104445.52,104445.52,90740.01999999999
1768127100000000000,0.159549,104445.52,104445.52,90720.44
1768128900000000000,0.159549,104445.52,104445.52,90736.67
1768130700000000000,0.159549,104445.52,104445.52,90714.4
1768132500000000000,0.159549,104445.52,104445.52,90754.98999999999
1768134300000000000,0.214575,104444.51999999999,104444.51999999999,90871.65000000001
1768136100000000000,0.269543,104443.52,104443.52,90938.13
1768137900000000000,0.269543,104443.52,104443.52,90892.04
1768139700000000000,0.269543,104443.52,104443.52,90849.45
1768141500000000000,0.269543,104443.52,104443.52,90987.68
1768143300000000000,0.269543,104443.52,104443.52,91127.16
1768145100000000000,0.269543,104443.52,104443.52,90960.25
1768146900000000000,0.269543,104443.52,104443.52,90875.79
1768148700000000000,0.269543,104443.52,104443.52,91034.56999999999
1768150500000000000,0.269543,104443.52,104443.52,91039.15
1768152300000000000,0.269543,104443.52,104443.52,91055.17
1768154100000000000,0.269543,104443.52,104443.52,90986.68000000001
1768155900000000000,0.269543,104443.52,104443.52,90930.81
1768157700000000000,0.269543,104443.52,104443.52,90886.68000000001
1768159500000000000,0.269543,104443.52,104443.52,90894.98
1768161300000000000,0.269543,104443.52,104443.52,90690.8
1768163100000000000,0.061504,104498.22,104498.22,90533.24
1768164900000000000,0.061504,104498.22,104498.22,90708.26
1768166700000000000,0.061504,104498.22,104498.22,90636.15000000001
1768168500000000000,0.061504,104498.22,104498.22,90757.06
1768170300000000000,0.061504,104498.22,104498.22,90685.54
1768172100000000000,0.061504,104498.22,104498.22,90526.01999999999
1768173900000000000,0.061504,104498.22,104498.22,90756.87
1768175700000000000,0.061504,104498.22,104498.22,91013.65000000001
1768177500000000000,0.061504,104498.22,104498.22,91150.08
1768179300000000000,0.061504,104498.22,104498.22,91258.65
1768181100000000000,0.061504,104498.22,104498.22,91513.1
1768182900000000000,0.061504,104498.22,104498.22,91412.44
1768184700000000000,0.061504,104498.22,104498.22,91783.23
1768186500000000000,0.007217,104580.31,104580.31,92203.56
1768188300000000000,0.007217,104580.31,104580.31,92381.90000000001
1768190100000000000,0.007217,104580.31,104580.31,91808.12000000001
1768191900000000000,0.007217,104580.31,104580.31,92047.53
1768193700000000000,0.007217,104580.31,104580.31,92175.78
1768195500000000000,0.007217,104580.31,104580.31,92241.72
1768197300000000000,0.007217,104580.31,104580.31,92111.86
1768199100000000000,0.007217,104580.31,104580.31,91965.0
1768200900000000000,0.007217,104580.31,104580.31,91836.34
1768202700000000000,0.007217,104580.31,104580.31,91891.1
1768204500000000000,0.007217,104580.31,104580.31,91408.09
1768206300000000000,0.007217,104580.31,104580.31,91449.05
1768208100000000000,0.227769,104576.31,104576.31,90752.26999999999
1768209900000000000,0.227769,104576.31,104576.31,90810.33
1768211700000000000,0.227769,104576.31,104576.31,90685.64
1768213500000000000,0.227769,104576.31,104576.31,90561.27
1768215300000000000,0.227769,104576.31,104576.31,90433.45999999999
1768217100000000000,0.227769,104576.31,104576.31,90689.84
1768218900000000000,0.227769,104576.31,104576.31,90620.96
1768220700000000000,0.227769,104576.31,104576.31,90780.01
1768222500000000000,0.227769,104576.31,104576.31,90789.37
1768224300000000000,0.227769,104576.31,104576.31,90690.90999999999
1768226100000000000,0.227769,104576.31,104576.31,90636.01
1768227900000000000,0.227769,104576.31,104576.31,90290.20000000001
1768229700000000000,0.227769,104576.31,104576.31,90908.95
1768231500000000000,0.227769,104576.31,104576.31,91320.0
1768233300000000000,0.227769,104576.31,104576.31,91665.0
1768235100000000000,0.227769,104576.31,104576.31,92217.62
1768236900000000000,0.227769,104576.31,104576.31,92123.52
1768238700000000000,0.227769,104576.31,104576.31,91711.52
1768240500000000000,0.28246,104575.31,104575.31,91522.83
1768242300000000000,0.28246,104575.31,104575.31,91924.0
1768244100000000000,0.28246,104575.31,104575.31,91691.8
1768245900000000000,0.28246,104575.31,104575.31,91825.0
1768247700000000000,0.28246,104575.31,104575.31,91861.27
1768249500000000000,0.28246,104575.31,104575.31,91734.81999999999
1768251300000000000,0.28246,104575.31,104575.31,91484.86
1768253100000000000,0.28246,104575.31,104575.31,91338.01
1768254900000000000,0.28246,104575.31,104575.31,91055.17
1768256700000000000,0.28246,104575.31,104575.31,91269.52
1768258500000000000,0.28246,104575.31,104575.31,91244.98999999999
1768260300000000000,0.28246,104575.31,104575.31,91269.34
1768262100000000000,0.28246,104575.31,104575.31,91296.2
1768263900000000000,0.28246,104575.31,104575.31,91444.51
1768265700000000000,0.28246,104575.31,104575.31,91482.73999999999
1768267500000000000,0.28246,104575.31,104575.31,91327.53
1768269300000000000,0.28246,104575.31,104575.31,91185.35
1768271100000000000,0.28246,104575.31,104575.31,91267.68
1768272900000000000,0.28246,104575.31,104575.31,91118.3
1768274700000000000,0.28246,104575.31,104575.31,91387.39
1768276500000000000,0.28246,104575.31,104575.31,91408.90999999999
1768278300000000000,0.28246,104575.31,104575.31,91473.1
1768280100000000000,0.28246,104575.31,104575.31,91515.16
1768281900000000000,0.28246,104575.31,104575.31,92083.28
1768283700000000000,0.28246,104575.31,104575.31,91920.98999999999
1768285500000000000,0.28246,104575.31,104575.31,91879.45
1768287300000000000,0.28246,104575.31,104575.31,92184.36
1768289100000000000,0.28246,104575.31,104575.31,92029.22
1768290900000000000,0.28246,104575.31,104575.31,91942.0
1768292700000000000,0.28246,104575.31,104575.31,91954.7
1768294500000000000,0.28246,104575.31,104575.31,92165.90000000001
1768296300000000000,0.228496,104673.19,104673.19,92550.78
1768298100000000000,0.33695,104671.19,104671.19,92269.42
1768299900000000000,0.33695,104671.19,104671.19,92255.86
1768301700000000000,0.33695,104671.19,104671.19,92128.62000000001
1768303500000000000,0.33695,104671.19,104671.19,92204.62000000001
1768305300000000000,0.445668,104669.19,104669.19,92000.73999999999
1768307100000000000,0.445668,104669.19,104669.19,92074.5
1768308900000000000,0.445668,104669.19,104669.19,92109.35
1768310700000000000,0.445668,104669.19,104669.19,92139.99
1768312500000000000,0.445668,104669.19,104669.19,92076.12000000001
1768314300000000000,0.445668,104669.19,104669.19,92433.62999999999
1768316100000000000,0.313496,104856.71,104856.71,92462.03
1768317900000000000,0.313496,104856.71,104856.71,92397.13
1768319700000000000,0.313496,104856.71,104856.71,93449.99
1768321500000000000,0.313496,104856.71,104856.71,93199.99
1768323300000000000,0.313496,104856.71,104856.71,93389.62999999999
1768325100000000000,0.313496,104856.71,104856.71,93414.95
1768326900000000000,0.313496,104856.71,104856.71,93241.99
1768328700000000000,0.313496,104856.71,104856.71,93572.76000000001
1768330500000000000,0.313496,104856.71,104856.71,93633.70999999999
1768332300000000000,0.313496,104856.71,104856.71,93858.39
1768334100000000000,0.313496,104856.71,104856.71,94226.84000000001
1768335900000000000,0.313496,104856.71,104856.71,94348.55
1768337700000000000,0.313496,104856.71,104856.71,94408.7
1768339500000000000,0.313496,104856.71,104856.71,94324.84
1768341300000000000,0.313496,104856.71,104856.71,94087.23
1768343100000000000,0.313496,104856.71,104856.71,95316.77
1768344900000000000,0.313496,104856.71,104856.71,95757.20999999999
1768346700000000000,0.313496,104856.71,104856.71,95386.61
1768348500000000000,0.313496,104856.71,104856.71,95414.0
1768350300000000000,0.313496,104856.71,104856.71,95466.43
1768352100000000000,0.313496,104856.71,104856.71,95236.84
1768353900000000000,0.313496,104856.71,104856.71,95480.56999999999
1768355700000000000,0.313496,104856.71,104856.71,95245.6
1768357500000000000,0.313496,104856.71,104856.71,95526.62000000001
1768359300000000000,0.313496,104856.71,104856.71,95347.45999999999
1768361100000000000,0.313496,104856.71,104856.71,95372.19
1768362900000000000,0.313496,104856.71,104856.71,95720.98999999999
1768364700000000000,0.313496,104856.71,104856.71,95460.37000000001
1768366500000000000,0.313496,104856.71,104856.71,95245.15999999999
1768368300000000000,0.313496,104856.71,104856.71,95043.76
1768370100000000000,0.313496,104856.71,104856.71,95005.0
1768371900000000000,0.313496,104856.71,104856.71,94697.04
1768373700000000000,0.313496,104856.71,104856.71,95028.87
1768375500000000000,0.313496,104856.71,104856.71,94935.14
1768377300000000000,0.313496,104856.71,104856.71,95205.1
1768379100000000000,0.313496,104856.71,104856.71,95170.3
1768380900000000000,0.313496,104856.71,104856.71,94900.01
1768382700000000000,0.313496,104856.71,104856.71,95066.4
1768384500000000000,0.313496,104856.71,104856.71,95088.24
1768386300000000000,0.313496,104856.71,104856.71,95039.98000000001
1768388100000000000,0.313496,104856.71,104856.71,95091.75
1768389900000000000,0.313496,104856.71,104856.71,94977.15999999999
1768391700000000000,0.313496,104856.71,104856.71,94792.98999999999
1768393500000000000,0.313496,104856.71,104856.71,95079.53
1768395300000000000,0.313496,104856.71,104856.71,95077.56000000001
1768397100000000000,0.313496,104856.71,104856.71,95190.7
1768398900000000000,0.313496,104856.71,104856.71,94998.19
1768400700000000000,0.313496,104856.71,104856.71,95628.0
1768402500000000000,0.214195,105309.84,105309.84,96493.15
1768404300000000000,0.214195,105309.84,105309.84,96745.76
1768406100000000000,0.214195,105309.84,105309.84,96764.56999999999
1768407900000000000,0.214195,105309.84,105309.84,97248.37000000001
1768409700000000000,0.214195,105309.84,105309.84,97293.24
1768411500000000000,0.214195,105309.84,105309.84,97544.01
1768413300000000000,0.265733,105308.84,105308.84,96956.07
1768415100000000000,0.265733,105308.84,105308.84,97040.86
1768416900000000000,0.317627,105307.84,105307.84,96806.55
1768418700000000000,0.317627,105307.84,105307.84,97561.58
1768420500000000000,0.317627,105307.84,105307.84,97267.42
1768422300000000000,0.317627,105307.84,105307.84,97338.51
1768424100000000000,0.317627,105307.84,105307.84,97655.28
1768425900000000000,0.317627,105307.84,105307.84,97584.32
1768427700000000000,0.317627,105307.84,105307.84,97564.0
1768429500000000000,0.317627,105307.84,105307.84,97324.28000000001
1768431300000000000,0.317627,105307.84,105307.84,96878.34
1768433100000000000,0.317627,105307.84,105307.84,96992.83
1768434900000000000,0.317627,105307.84,105307.84,96951.78
1768436700000000000,0.317627,105307.84,105307.84,96724.73999999999
1768438500000000000,0.317627,105307.84,105307.84,96658.03
1768440300000000000,0.317627,105307.84,105307.84,96390.36
1768442100000000000,0.317627,105307.84,105307.84,96445.31
1768443900000000000,0.317627,105307.84,105307.84,96527.45
1768445700000000000,0.317627,105307.84,105307.84,96339.91
1768447500000000000,0.317627,105307.84,105307.84,95919.86
1768449300000000000,0.317627,105307.84,105307.84,95985.1
1768451100000000000,0.317627,105307.84,105307.84,96244.04
1768452900000000000,0.317627,105307.84,105307.84,96316.26999999999
1768454700000000000,0.317627,105307.84,105307.84,96249.90000000001
1768456500000000000,0.317627,105307.84,105307.84,96429.70999999999
1768458300000000000,0.317627,105307.84,105307.84,96501.11
1768460100000000000,0.317627,105307.84,105307.84,96243.78
1768461900000000000,0.317627,105307.84,105307.84,96478.28
1768463700000000000,0.317627,105307.84,105307.84,96630.48
1768465500000000000,0.317627,105307.84,105307.84,96370.14
1768467300000000000,0.317627,105307.84,105307.84,96643.0
1768469100000000000,0.317627,105307.84,105307.84,96754.26999999999
1768470900000000000,0.214488,105698.73,105698.73,97040.75
1768472700000000000,0.214488,105698.73,105698.73,96786.73999999999
1768474500000000000,0.214488,105698.73,105698.73,96818.68000000001
1768476300000000000,0.214488,105698.73,105698.73,96875.14
1768478100000000000,0.214488,105698.73,105698.73,96581.08
1768479900000000000,0.214488,105698.73,105698.73,96636.14
1768481700000000000,0.214488,105698.73,105698.73,96981.65000000001
1768483500000000000,0.214488,105698.73,105698.73,96927.36
1768485300000000000,0.214488,105698.73,105698.73,96846.75
1768487100000000000,0.214488,105698.73,105698.73,96788.26999999999
1768488900000000000,0.214488,105698.73,105698.73,96063.43000000001
1768490700000000000,0.214488,105698.73,105698.73,95894.83
1768492500000000000,0.214488,105698.73,105698.73,96737.04
1768494300000000000,0.214488,105698.73,105698.73,96427.07999999999
1768496100000000000,0.214488,105698.73,105698.73,96738.51
1768497900000000000,0.214488,105698.73,105698.73,96742.61
1768499700000000000,0.214488,105698.73,105698.73,96636.34999999999
1768501500000000000,0.214488,105698.73,105698.73,96174.11
1768503300000000000,0.214488,105698.73,105698.73,95835.0
1768505100000000000,0.214488,105698.73,105698.73,95505.35
1768506900000000000,0.214488,105698.73,105698.73,95516.01
1768508700000000000,0.214488,105698.73,105698.73,95198.86
1768510500000000000,0.214488,105698.73,105698.73,95260.67
1768512300000000000,0.214488,105698.73,105698.73,95439.06
1768514100000000000,0.214488,105698.73,105698.73,95584.34999999999
1768515900000000000,0.214488,105698.73,105698.73,95706.59
1768517700000000000,0.214488,105698.73,105698.73,95583.87
1768519500000000000,0.214488,105698.73,105698.73,95567.99
1768521300000000000,0.214488,105698.73,105698.73,95604.8
1768523100000000000,0.214488,105698.73,105698.73,95694.0
1768524900000000000,0.214488,105698.73,105698.73,95633.5
1768526700000000000,0.214488,105698.73,105698.73,95646.83
1768528500000000000,0.162223,105829.34,105829.34,95664.18
1768530300000000000,0.162223,105829.34,105829.34,95676.63
1768532100000000000,0.162223,105829.34,105829.34,95504.4
1768533900000000000,0.162223,105829.34,105829.34,95505.01000000001
1768535700000000000,0.162223,105829.34,105829.34,95354.69
1768537500000000000,0.162223,105829.34,105829.34,95400.03
1768539300000000000,0.267175,105827.34,105827.34,95261.29
1768541100000000000,0.267175,105827.34,105827.34,95299.70999999999
1768542900000000000,0.267175,105827.34,105827.34,95660.37000000001
1768544700000000000,0.267175,105827.34,105827.34,95657.67
1768546500000000000,0.267175,105827.34,105827.34,95741.20999999999
1768548300000000000,0.267175,105827.34,105827.34,95587.64
1768550100000000000,0.267175,105827.34,105827.34,95653.15999999999
1768551900000000000,0.162855,106020.68,106020.68,95806.75
1768553700000000000,0.162855,106020.68,106020.68,95676.0
1768555500000000000,0.162855,106020.68,106020.68,95718.95
1768557300000000000,0.162855,106020.68,106020.68,95613.53
1768559100000000000,0.162855,106020.68,106020.68,95431.06
1768560900000000000,0.162855,106020.68,106020.68,95307.35
1768562700000000000,0.162855,106020.68,106020.68,95351.37999999999
1768564500000000000,0.162855,106020.68,106020.68,95429.09000000001
1768566300000000000,0.162855,106020.68,106020.68,95568.98
1768568100000000000,0.162855,106020.68,106020.68,95458.55
1768569900000000000,0.162855,106020.68,106020.68,95533.25
1768571700000000000,0.162855,106020.68,106020.68,95448.87
1768573500000000000,0.162855,106020.68,106020.68,95714.09999999999
1768575300000000000,0.162855,106020.68,106020.68,95192.36
1768577100000000000,0.320601,106017.68,106017.68,94721.91
1768578900000000000,0.320601,106017.68,106017.68,94585.98000000001
1768580700000000000,0.320601,106017.68,106017.68,94870.05
1768582500000000000,0.320601,106017.68,106017.68,94872.55
1768584300000000000,0.320601,106017.68,106017.68,94761.66
1768586100000000000,0.320601,106017.68,106017.68,95076.08
1768587900000000000,0.268062,106050.21,106050.21,95209.27
1768589700000000000,0.268062,106050.21,106050.21,95001.19
1768591500000000000,0.268062,106050.21,106050.21,94861.39
1768593300000000000,0.268062,106050.21,106050.21,95002.09
1768595100000000000,0.268062,106050.21,106050.21,95118.13
1768596900000000000,0.215727,106102.01,106102.01,95553.6
1768598700000000000,0.215727,106102.01,106102.01,95423.14
1768600500000000000,0.215727,106102.01,106102.01,95523.52
1768602300000000000,0.215727,106102.01,106102.01,95371.64
1768604100000000000,0.215727,106102.01,106102.01,95514.0
1768605900000000000,0.215727,106102.01,106102.01,95557.0
1768607700000000000,0.215727,106102.01,106102.01,95550.94
1768609500000000000,0.215727,106102.01,106102.01,95479.43000000001
1768611300000000000,0.215727,106102.01,106102.01,95465.97
1768613100000000000,0.215727,106102.01,106102.01,95472.73999999999
1768614900000000000,0.215727,106102.01,106102.01,95399.93
1768616700000000000,0.215727,106102.01,106102.01,95290.3
1768618500000000000,0.215727,106102.01,106102.01,95371.35
1768620300000000000,0.215727,106102.01,106102.01,95330.96
1768622100000000000,0.215727,106102.01,106102.01,95372.95
1768623900000000000,0.215727,106102.01,106102.01,95334.52
1768625700000000000,0.215727,106102.01,106102.01,95303.64
1768627500000000000,0.215727,106102.01,106102.01,95322.94
1768629300000000000,0.215727,106102.01,106102.01,95323.67
1768631100000000000,0.215727,106102.01,106102.01,95223.23
1768632900000000000,0.215727,106102.01,106102.01,95240.07
1768634700000000000,0.215727,106102.01,106102.01,95176.61
1768636500000000000,0.215727,106102.01,106102.01,95101.67
1768638300000000000,0.215727,106102.01,106102.01,95215.3
1768640100000000000,0.215727,106102.01,106102.01,95247.51
1768641900000000000,0.215727,106102.01,106102.01,95221.36
1768643700000000000,0.163248,106140.24,106140.24,95260.65
1768645500000000000,0.163248,106140.24,106140.24,95236.03
1768647300000000000,0.268352,106138.24,106138.24,95116.48
1768649100000000000,0.37353,106136.24,106136.24,95299.59
1768650900000000000,0.37353,106136.24,106136.24,95323.86
1768652700000000000,0.216204,106209.77,106209.77,95270.24
1768654500000000000,0.216204,106209.77,106209.77,95251.15
1768656300000000000,0.216204,106209.77,106209.77,95369.64
1768658100000000000,0.216204,106209.77,106209.77,95438.32
1768659900000000000,0.216204,106209.77,106209.77,95476.38
1768661700000000000,0.216204,106209.77,106209.77,95471.18000000001
1768663500000000000,0.216204,106209.77,106209.77,95513.6
1768665300000000000,0.216204,106209.77,106209.77,95573.64
1768667100000000000,0.216204,106209.77,106209.77,95471.7
1768668900000000000,0.216204,106209.77,106209.77,95315.23
1768670700000000000,0.216204,106209.77,106209.77,95412.86
1768672500000000000,0.216204,106209.77,106209.77,95357.24
1768674300000000000,0.216204,106209.77,106209.77,95455.2
1768676100000000000,0.216204,106209.77,106209.77,95428.25
1768677900000000000,0.216204,106209.77,106209.77,95336.63
1768679700000000000,0.216204,106209.77,106209.77,95291.37999999999
1768681500000000000,0.216204,106209.77,106209.77,95331.96
1768683300000000000,0.216204,106209.77,106209.77,95378.18
1768685100000000000,0.216204,106209.77,106209.77,95368.89
1768686900000000000,0.216204,106209.77,106209.77,95302.94
1768688700000000000,0.216204,106209.77,106209.77,95175.01000000001
1768690500000000000,0.216204,106209.77,106209.77,95170.97
1768692300000000000,0.216204,106209.77,106209.77,95134.66
1768694100000000000,0.216204,106209.77,106209.77,95147.77
1768695900000000000,0.216204,106209.77,106209.77,95199.68
1768697700000000000,0.216204,106209.77,106209.77,95112.47
1768699500000000000,0.216204,106209.77,106209.77,95035.73000000001
1768701300000000000,0.216204,106209.77,106209.77,94966.9
1768703100000000000,0.216204,106209.77,106209.77,95016.34
1768704900000000000,0.216204,106209.77,106209.77,95022.01
1768706700000000000,0.16362,106220.9,106220.9,95135.54
1768708500000000000,0.16362,106220.9,106220.9,95200.29000000001
1768710300000000000,0.16362,106220.9,106220.9,95103.49
1768712100000000000,0.16362,106220.9,106220.9,95095.68
1768713900000000000,0.16362,106220.9,106220.9,95142.55
1768715700000000000,0.111112,106239.19,106239.19,95188.55
1768717500000000000,0.111112,106239.19,106239.19,95187.62999999999
1768719300000000000,0.111112,106239.19,106239.19,95171.43000000001
1768721100000000000,0.111112,106239.19,106239.19,95101.99
1768722900000000000,0.111112,106239.19,106239.19,95028.26999999999
1768724700000000000,0.111112,106239.19,106239.19,95109.0
1768726500000000000,0.111112,106239.19,106239.19,95183.93
1768728300000000000,0.111112,106239.19,106239.19,95186.3
1768730100000000000,0.111112,106239.19,106239.19,95275.73000000001
1768731900000000000,0.111112,106239.19,106239.19,95127.34
1768733700000000000,0.111112,106239.19,106239.19,95180.66
1768735500000000000,0.111112,106239.19,106239.19,95113.12
1768737300000000000,0.111112,106239.19,106239.19,95168.06
1768739100000000000,0.111112,106239.19,106239.19,95141.01000000001
1768740900000000000,0.111112,106239.19,106239.19,95113.25
1768742700000000000,0.111112,106239.19,106239.19,94969.95
1768744500000000000,0.111112,106239.19,106239.19,95146.81999999999
1768746300000000000,0.111112,106239.19,106239.19,95165.0
1768748100000000000,0.111112,106239.19,106239.19,94955.79
1768749900000000000,0.111112,106239.19,106239.19,95054.26999999999
1768751700000000000,0.111112,106239.19,106239.19,95119.28
1768753500000000000,0.111112,106239.19,106239.19,95089.23
1768755300000000000,0.111112,106239.19,106239.19,95169.35
1768757100000000000,0.058626,106259.54,106259.54,95268.28000000001
1768758900000000000,0.058626,106259.54,106259.54,95274.36
1768760700000000000,0.006206,106286.20000000001,106286.20000000001,95363.31
1768762500000000000,0.006206,106286.20000000001,106286.20000000001,95439.6
1768764300000000000,0.006206,106286.20000000001,106286.20000000001,95451.06
1768766100000000000,0.006206,106286.20000000001,106286.20000000001,95380.98999999999
1768767900000000000,0.006206,106286.20000000001,106286.20000000001,95441.22
1768769700000000000,0.006206,106286.20000000001,106286.20000000001,95304.01
1768771500000000000,0.006206,106286.20000000001,106286.20000000001,95303.29
1768773300000000000,0.006206,106286.20000000001,106286.20000000001,95430.43999999999
1768775100000000000,0.006206,106286.20000000001,106286.20000000001,95465.97
1768776900000000000,0.006206,106286.20000000001,106286.20000000001,95498.61
1768778700000000000,0.322127,106280.2,106280.2,94607.18000000001
1768780500000000000,0.322127,106280.2,106280.2,93673.14
1768782300000000000,0.322127,106280.2,106280.2,92638.36
1768784100000000000,0.322127,106280.2,106280.2,92711.02
1768785900000000000,0.322127,106280.2,106280.2,92564.42
1768787700000000000,0.322127,106280.2,106280.2,92586.65
1768789500000000000,0.322127,106280.2,106280.2,92496.55
1768791300000000000,0.322127,106280.2,106280.2,92566.8
1768793100000000000,0.322127,106280.2,106280.2,92548.12000000001
1768794900000000000,0.322127,106280.2,106280.2,92690.09
1768796100000000000,0.322127,106280.2,106280.2,92645.02
1768796400000000000,0.322127,106280.2,106280.2,92547.95
1768796700000000000,0.0,105544.07,105544.07,92684.0
1768797000000000000,0.0,105544.07,105544.07,92658.09
1768797300000000000,0.0,105544.07,105544.07,92678.63
1768797600000000000,0.0,105544.07,105544.07,92687.43000000001
1768797900000000000,0.0,105544.07,105544.07,92693.37999999999
1768798200000000000,0.0,105544.07,105544.07,92720.61
1768798500000000000,0.0,105544.07,105544.07,92665.0
1768798800000000000,0.0,105544.07,105544.07,92744.42
1768799100000000000,0.0,105544.07,105544.07,92728.16
1768799400000000000,0.0,105544.07,105544.07,92658.48
1768799700000000000,0.0,105544.07,105544.07,92609.04
1768800000000000000,0.0,105544.07,105544.07,92613.99
1768800300000000000,0.0,105544.07,105544.07,92658.49
1768800600000000000,0.0,105544.07,105544.07,92610.45000000001
1768800900000000000,0.0,105544.07,105544.07,92603.71999999999
1768801200000000000,0.0,105544.07,105544.07,92613.0
1768801500000000000,0.0,105544.07,105544.07,92575.96
1768801800000000000,0.0,105544.07,105544.07,92516.66
1768802100000000000,0.0,105544.07,105544.07,92511.77
1768802400000000000,0.0,105544.07,105544.07,92570.69
1768802700000000000,0.0,105544.07,105544.07,92504.12000000001
1768803000000000000,0.0,105544.07,105544.07,92543.22
1768803300000000000,0.0,105544.07,105544.07,92470.59
1768803600000000000,0.0,105544.07,105544.07,92504.79000000001
1768803900000000000,0.0,105544.07,105544.07,92535.52
1768804200000000000,0.0,105544.07,105544.07,92606.88
1768804500000000000,0.0,105544.07,105544.07,92500.01
1768804800000000000,0.0,105544.07,105544.07,92545.59
1768805100000000000,0.0,105544.07,105544.07,92597.90000000001
1768805400000000000,0.0,105544.07,105544.07,92586.05
1768805700000000000,0.0,105544.07,105544.07,92583.27
1768806000000000000,0.0,105544.07,105544.07,92609.99
1768806300000000000,0.0,105544.07,105544.07,92593.37
1768807500000000000,0.0,105544.07,105544.07,92628.11
1768809300000000000,0.053868,105543.06999999999,105543.06999999999,92841.62
1768811100000000000,0.107621,105542.07,105542.07,92974.98999999999
1768812900000000000,0.107621,105542.07,105542.07,93259.09000000001
1768814700000000000,0.107621,105542.07,105542.07,93070.01
1768816500000000000,0.107621,105542.07,105542.07,93060.06
1768818300000000000,0.107621,105542.07,105542.07,93000.01999999999
1768820100000000000,0.107621,105542.07,105542.07,93064.88
1768821900000000000,0.107621,105542.07,105542.07,93129.95
1768823700000000000,0.107621,105542.07,105542.07,93191.96
1768825500000000000,0.107621,105542.07,105542.07,93017.99
1768827300000000000,0.107621,105542.07,105542.07,93070.59999999999
1768829100000000000,0.107621,105542.07,105542.07,92950.0
1768830900000000000,0.107621,105542.07,105542.07,93031.86
1768832700000000000,0.107621,105542.07,105542.07,92871.23999999999
1768834500000000000,0.107621,105542.07,105542.07,92812.43
1768836300000000000,0.107621,105542.07,105542.07,92920.67
1768838100000000000,0.107621,105542.07,105542.07,93068.62000000001
1768839900000000000,0.107621,105542.07,105542.07,93166.93000000001
1768841700000000000,0.107621,105542.07,105542.07,93301.86
1768843500000000000,0.107621,105542.07,105542.07,93301.34
1768845300000000000,0.107621,105542.07,105542.07,93242.98999999999
1768847100000000000,0.107621,105542.07,105542.07,92981.45999999999
1768848900000000000,0.107621,105542.07,105542.07,93065.84
1768850700000000000,0.107621,105542.07,105542.07,93073.98000000001
1768852500000000000,0.107621,105542.07,105542.07,93105.84999999999
1768854300000000000,0.107621,105542.07,105542.07,93245.08
1768856100000000000,0.107621,105542.07,105542.07,93141.94
1768857900000000000,0.107621,105542.07,105542.07,93039.99
1768859700000000000,0.107621,105542.07,105542.07,93003.42
1768861500000000000,0.107621,105542.07,105542.07,92983.84999999999
1768863300000000000,0.107621,105542.07,105542.07,92565.78
1768865100000000000,0.054676,105592.41,105592.41,92539.47
1768866900000000000,0.054676,105592.41,105592.41,92631.0
1768868700000000000,0.000823,105614.08,105614.08,92465.62999999999
1768870500000000000,0.000823,105614.08,105614.08,92717.90000000001
1768872300000000000,0.000823,105614.08,105614.08,92857.18000000001
1768874100000000000,0.000823,105614.08,105614.08,92716.48
1768875900000000000,0.000823,105614.08,105614.08,92494.59
1768877700000000000,0.000823,105614.08,105614.08,92552.16
1768879500000000000,0.000823,105614.08,105614.08,92377.67
1768881300000000000,0.000823,105614.08,105614.08,92434.92
1768883100000000000,0.000823,105614.08,105614.08,92311.77
1768884900000000000,0.109471,105612.08,105612.08,92062.61
1768886700000000000,0.132001,105611.67,105611.67,91730.32
1768888500000000000,0.132001,105611.67,105611.67,91624.18
1768890300000000000,0.132001,105611.67,105611.67,91275.91
1768892100000000000,0.132001,105611.67,105611.67,90929.98000000001
1768893900000000000,0.132001,105611.67,105611.67,91059.12
1768895700000000000,0.132001,105611.67,105611.67,91177.98000000001
1768897500000000000,0.132001,105611.67,105611.67,91203.32
1768899300000000000,0.132001,105611.67,105611.67,91116.0
1768901100000000000,0.132001,105611.67,105611.67,91046.04000000001
1768902900000000000,0.132001,105611.67,105611.67,91036.25
1768904700000000000,0.132001,105611.67,105611.67,91282.79000000001
1768906500000000000,0.132001,105611.67,105611.67,91269.58
1768908300000000000,0.132001,105611.67,105611.67,91401.12
1768910100000000000,0.132001,105611.67,105611.67,91218.98999999999
1768911900000000000,0.132001,105611.67,105611.67,91148.81999999999
1768913700000000000,0.132001,105611.67,105611.67,91280.31
1768915500000000000,0.132001,105611.67,105611.67,90881.45
1768917300000000000,0.132001,105611.67,105611.67,90958.88
1768919100000000000,0.132001,105611.67,105611.67,90990.11
1768920900000000000,0.132001,105611.67,105611.67,90531.15
1768922700000000000,0.132001,105611.67,105611.67,90625.99
1768924500000000000,0.132001,105611.67,105611.67,90684.95
1768926300000000000,0.132001,105611.67,105611.67,90624.58
1768928100000000000,0.132001,105611.67,105611.67,90165.51
1768929900000000000,0.132001,105611.67,105611.67,90207.17
1768931700000000000,0.132001,105611.67,105611.67,89775.45999999999
1768933500000000000,0.132001,105611.67,105611.67,89733.13
1768935300000000000,0.132001,105611.67,105611.67,89501.0
1768937100000000000,0.132001,105611.67,105611.67,89483.41
1768938900000000000,0.18796,105610.67,105610.67,89725.76
1768940700000000000,0.18796,105610.67,105610.67,89768.56999999999
1768942500000000000,0.18796,105610.67,105610.67,89733.99
1768944300000000000,0.18796,105610.67,105610.67,89626.97
1768946100000000000,0.18796,105610.67,105610.67,89476.01
1768947900000000000,0.18796,105610.67,105610.67,89510.67
1768949700000000000,0.199273,105610.47,105610.47,88509.18000000001
1768951500000000000,0.199273,105610.47,105610.47,88120.01999999999
1768953300000000000,0.199273,105610.47,105610.47,88427.66
1768955100000000000,0.199273,105610.47,105610.47,88561.23
1768956900000000000,0.199273,105610.47,105610.47,88936.01
1768958700000000000,0.199273,105610.47,105610.47,89078.34
1768960500000000000,0.199273,105610.47,105610.47,89020.90999999999
1768962300000000000,0.199273,105610.47,105610.47,89117.04
1768964100000000000,0.199273,105610.47,105610.47,89048.56999999999
1768965900000000000,0.199273,105610.47,105610.47,89278.93000000001
1768967700000000000,0.199273,105610.47,105610.47,89432.33
1768969500000000000,0.199273,105610.47,105610.47,89500.0
1768971300000000000,0.199273,105610.47,105610.47,89448.89
1768973100000000000,0.199273,105610.47,105610.47,89598.28
1768974900000000000,0.199273,105610.47,105610.47,89950.04000000001
1768976700000000000,0.199273,105610.47,105610.47,89885.39
1768978500000000000,0.199273,105610.47,105610.47,89649.62
1768980300000000000,0.199273,105610.47,105610.47,89628.97
1768982100000000000,0.255277,105609.47,105609.47,89213.95
1768983900000000000,0.255277,105609.47,105609.47,89256.88
1768985700000000000,0.311437,105608.47,105608.47,89197.35
1768987500000000000,0.311437,105608.47,105608.47,89409.42
1768989300000000000,0.311437,105608.47,105608.47,89112.3
1768991100000000000,0.311437,105608.47,105608.47,89338.12
1768992900000000000,0.311437,105608.47,105608.47,89248.98999999999
1768994700000000000,0.311437,105608.47,105608.47,89325.54999999999
1768996500000000000,0.311437,105608.47,105608.47,88789.99
1768998300000000000,0.311437,105608.47,105608.47,88356.73
1769000100000000000,0.311437,105608.47,105608.47,88736.31
1769001900000000000,0.311437,105608.47,105608.47,88850.12
1769003700000000000,0.311437,105608.47,105608.47,88672.64
1769005500000000000,0.311437,105608.47,105608.47,89594.54000000001
1769007300000000000,0.144352,105508.24,105508.24,89805.43000000001
1769009100000000000,0.022271,105457.08,105457.08,90013.52
1769010900000000000,0.022271,105457.08,105457.08,90288.04
1769012700000000000,0.022271,105457.08,105457.08,89584.09999999999
1769014500000000000,0.022271,105457.08,105457.08,87602.4
1769016300000000000,0.022271,105457.08,105457.08,87780.0
1769018100000000000,0.022271,105457.08,105457.08,87932.38
1769019900000000000,0.022271,105457.08,105457.08,88015.67
1769021700000000000,0.022271,105457.08,105457.08,88485.43000000001
1769023500000000000,0.022271,105457.08,105457.08,89646.66
1769025300000000000,0.022271,105457.08,105457.08,90355.56
1769027100000000000,0.022271,105457.08,105457.08,89743.32
1769028900000000000,0.022271,105457.08,105457.08,90214.01
1769030700000000000,0.022271,105457.08,105457.08,90072.26
1769032500000000000,0.022271,105457.08,105457.08,90249.18000000001
1769034300000000000,0.022271,105457.08,105457.08,89992.90999999999
1769036100000000000,0.022271,105457.08,105457.08,89763.51
1769037900000000000,0.022271,105457.08,105457.08,90030.34
1769039700000000000,0.089284,105459.5,105459.5,89454.73
1769041500000000000,0.089284,105459.5,105459.5,89839.15
1769043300000000000,0.089284,105459.5,105459.5,89908.49
1769045100000000000,0.089284,105459.5,105459.5,90135.06999999999
1769046900000000000,0.089284,105459.5,105459.5,90113.19
1769048700000000000,0.089284,105459.5,105459.5,90291.83
1769050500000000000,0.089284,105459.5,105459.5,89938.3
1769052300000000000,0.089284,105459.5,105459.5,89936.49
1769054100000000000,0.089284,105459.5,105459.5,89899.51
1769055900000000000,0.089284,105459.5,105459.5,89975.96
1769057700000000000,0.089284,105459.5,105459.5,89998.90999999999
1769059500000000000,0.089284,105459.5,105459.5,89977.81
1769061300000000000,0.089284,105459.5,105459.5,90026.3
1769063100000000000,0.089284,105459.5,105459.5,90004.63
1769064900000000000,0.089284,105459.5,105459.5,90172.11
1769066700000000000,0.089284,105459.5,105459.5,89971.70999999999
1769068500000000000,0.089284,105459.5,105459.5,89818.79000000001
1769070300000000000,0.089284,105459.5,105459.5,89876.05
1769072100000000000,0.089284,105459.5,105459.5,89920.16
1769073900000000000,0.089284,105459.5,105459.5,89993.25
1769075700000000000,0.089284,105459.5,105459.5,90033.02
1769077500000000000,0.089284,105459.5,105459.5,90029.37
1769079300000000000,0.089284,105459.5,105459.5,90078.77
1769081100000000000,0.089284,105459.5,105459.5,89952.81
1769082900000000000,0.089284,105459.5,105459.5,89941.26000000001
1769084700000000000,0.089284,105459.5,105459.5,90020.01999999999
1769086500000000000,0.089284,105459.5,105459.5,90021.09000000001
1769088300000000000,0.089284,105459.5,105459.5,90197.15999999999
1769090100000000000,0.089284,105459.5,105459.5,89619.81
1769091900000000000,0.089284,105459.5,105459.5,89574.08
1769093700000000000,0.089284,105459.5,105459.5,89088.59
1769095500000000000,0.089284,105459.5,105459.5,88658.05
1769097300000000000,0.145736,105458.5,105458.5,89000.01
1769099100000000000,0.145736,105458.5,105458.5,88992.09999999999
1769100900000000000,0.145736,105458.5,105458.5,89054.06
1769102700000000000,0.145736,105458.5,105458.5,89148.33
1769104500000000000,0.145736,105458.5,105458.5,89550.01
1769106300000000000,0.145736,105458.5,105458.5,89616.04
1769108100000000000,0.145736,105458.5,105458.5,89333.94
1769109900000000000,0.145736,105458.5,105458.5,89504.98999999999
1769111700000000000,0.145736,105458.5,105458.5,89777.90000000001
1769113500000000000,0.145736,105458.5,105458.5,89574.43999999999
1769115300000000000,0.145736,105458.5,105458.5,89409.72
1769117100000000000,0.145736,105458.5,105458.5,89571.54
1769118900000000000,0.145736,105458.5,105458.5,89268.66
1769120700000000000,0.145736,105458.5,105458.5,89422.77
1769122500000000000,0.145736,105458.5,105458.5,89346.98999999999
1769124300000000000,0.145736,105458.5,105458.5,89440.0
1769126100000000000,0.145736,105458.5,105458.5,89559.67
1769127900000000000,0.145736,105458.5,105458.5,89615.70999999999
1769129700000000000,0.145736,105458.5,105458.5,89520.01
1769131500000000000,0.145736,105458.5,105458.5,89693.15999999999
1769133300000000000,0.145736,105458.5,105458.5,89939.37999999999
1769135100000000000,0.03456,105539.62,105539.62,89769.13
1769136900000000000,0.03456,105539.62,105539.62,89663.48000000001
1769138700000000000,0.03456,105539.62,105539.62,89897.74
1769140500000000000,0.03456,105539.62,105539.62,89924.78
1769142300000000000,0.03456,105539.62,105539.62,89985.48
1769144100000000000,0.03456,105539.62,105539.62,89965.42
1769145900000000000,0.03456,105539.62,105539.62,89646.22
1769147700000000000,0.03456,105539.62,105539.62,89616.03
1769149500000000000,0.03456,105539.62,105539.62,89473.15999999999
1769151300000000000,0.03456,105539.62,105539.62,89509.59
1769153100000000000,0.03456,105539.62,105539.62,89642.22
1769154900000000000,0.03456,105539.62,105539.62,89549.45
1769156700000000000,0.03456,105539.62,105539.62,89332.78
1769158500000000000,0.090544,105538.62000000001,105538.62000000001,89221.45999999999
1769160300000000000,0.146679,105537.62,105537.62,89165.65000000001
1769162100000000000,0.146679,105537.62,105537.62,88977.72
1769163900000000000,0.146679,105537.62,105537.62,89103.0
1769165700000000000,0.146679,105537.62,105537.62,89046.49
1769167500000000000,0.146679,105537.62,105537.62,89219.99
1769169300000000000,0.146679,105537.62,105537.62,89202.48
1769171100000000000,0.146679,105537.62,105537.62,89163.52
1769172900000000000,0.146679,105537.62,105537.62,89267.83
1769174700000000000,0.146679,105537.62,105537.62,89257.43000000001
1769176500000000000,0.146679,105537.62,105537.62,89350.81
1769178300000000000,0.146679,105537.62,105537.62,89685.93
1769180100000000000,0.146679,105537.62,105537.62,89017.84999999999
1769181900000000000,0.146679,105537.62,105537.62,88979.61
1769183700000000000,0.020376,105622.31,105622.31,89761.61
1769185500000000000,0.020376,105622.31,105622.31,89575.45
1769187300000000000,0.186987,105619.31,105619.31,90124.85
1769189100000000000,0.186987,105619.31,105619.31,90981.99
1769190900000000000,0.186987,105619.31,105619.31,90600.0
1769192700000000000,0.186987,105619.31,105619.31,90871.84
1769194500000000000,0.186987,105619.31,105619.31,90530.45000000001
1769196300000000000,0.186987,105619.31,105619.31,89845.83
1769198100000000000,0.186987,105619.31,105619.31,89982.79000000001
1769199900000000000,0.186987,105619.31,105619.31,89814.37000000001
1769201700000000000,0.186987,105619.31,105619.31,89503.68
1769203500000000000,0.186987,105619.31,105619.31,89600.26
1769205300000000000,0.186987,105619.31,105619.31,89349.99
1769207100000000000,0.186987,105619.31,105619.31,89712.22
1769208900000000000,0.186987,105619.31,105619.31,89624.61
1769210700000000000,0.186987,105619.31,105619.31,89562.0
1769212500000000000,0.186987,105619.31,105619.31,89600.26
1769214300000000000,0.186987,105619.31,105619.31,89457.87
1769216100000000000,0.186987,105619.31,105619.31,89452.83
1769217900000000000,0.186987,105619.31,105619.31,89574.23
1769219700000000000,0.186987,105619.31,105619.31,89550.24
1769221500000000000,0.186987,105619.31,105619.31,89617.41
1769223300000000000,0.186987,105619.31,105619.31,89702.85
1769225100000000000,0.242665,105618.31,105618.31,89936.25
1769226900000000000,0.242665,105618.31,105618.31,89770.01999999999
1769228700000000000,0.242665,105618.31,105618.31,89723.13
1769230500000000000,0.242665,105618.31,105618.31,89829.35
1769232300000000000,0.242665,105618.31,105618.31,89816.12000000001
1769234100000000000,0.242665,105618.31,105618.31,89775.2
1769235900000000000,0.242665,105618.31,105618.31,89649.99
1769237700000000000,0.242665,105618.31,105618.31,89649.31999999999
1769239500000000000,0.242665,105618.31,105618.31,89604.88
1769241300000000000,0.242665,105618.31,105618.31,89620.09999999999
1769243100000000000,0.242665,105618.31,105618.31,89615.86
1769244900000000000,0.242665,105618.31,105618.31,89660.88
1769246700000000000,0.242665,105618.31,105618.31,89620.68
1769248500000000000,0.242665,105618.31,105618.31,89600.0
1769250300000000000,0.242665,105618.31,105618.31,89620.42
1769252100000000000,0.242665,105618.31,105618.31,89626.8
1769253900000000000,0.242665,105618.31,105618.31,89633.87
1769255700000000000,0.242665,105618.31,105618.31,89595.4
1769257500000000000,0.242665,105618.31,105618.31,89549.99
1769259300000000000,0.242665,105618.31,105618.31,89537.82
1769261100000000000,0.242665,105618.31,105618.31,89532.3
1769262900000000000,0.242665,105618.31,105618.31,89368.22
1769264700000000000,0.130747,105684.23,105684.23,89472.83
1769266500000000000,0.130747,105684.23,105684.23,89450.03
1769268300000000000,0.130747,105684.23,105684.23,89394.43
1769270100000000000,0.074796,105716.48,105716.48,89275.77
1769271900000000000,0.018778,105754.77,105754.77,89260.0
1769273700000000000,0.018778,105754.77,105754.77,89290.01
1769275500000000000,0.018778,105754.77,105754.77,89406.69
1769277300000000000,0.018778,105754.77,105754.77,89406.5
1769279100000000000,0.018778,105754.77,105754.77,89426.69
1769280900000000000,0.018778,105754.77,105754.77,89395.23
1769282700000000000,0.018778,105754.77,105754.77,89296.03
1769284500000000000,0.018778,105754.77,105754.77,89331.36
1769286300000000000,0.018778,105754.77,105754.77,89399.99
1769288100000000000,0.018778,105754.77,105754.77,89380.01
1769289900000000000,0.018778,105754.77,105754.77,89331.53
1769291700000000000,0.018778,105754.77,105754.77,89386.61
1769293500000000000,0.018778,105754.77,105754.77,89401.37
1769295300000000000,0.018778,105754.77,105754.77,89430.0
1769297100000000000,0.018778,105754.77,105754.77,89389.76
1769298900000000000,0.018778,105754.77,105754.77,89225.34
1769300700000000000,0.018778,105754.77,105754.77,89183.5
1769302500000000000,0.018778,105754.77,105754.77,89315.18000000001
1769304300000000000,0.018778,105754.77,105754.77,89200.0
1769306100000000000,0.018778,105754.77,105754.77,89176.31
1769307900000000000,0.018778,105754.77,105754.77,89140.08
1769309700000000000,0.018778,105754.77,105754.77,89139.04
1769311500000000000,0.018778,105754.77,105754.77,89035.32
1769313300000000000,0.018778,105754.77,105754.77,88960.34999999999
1769315100000000000,0.018778,105754.77,105754.77,88958.39
1769316900000000000,0.018778,105754.77,105754.77,89006.96
1769318700000000000,0.018778,105754.77,105754.77,88990.0
1769320500000000000,0.018778,105754.77,105754.77,88990.9
1769322300000000000,0.018778,105754.77,105754.77,88788.8
1769324100000000000,0.018778,105754.77,105754.77,88831.36
1769325900000000000,0.018778,105754.77,105754.77,88785.69
1769327700000000000,0.018778,105754.77,105754.77,88659.99
1769329500000000000,0.018778,105754.77,105754.77,88682.54000000001
1769331300000000000,0.071129,105779.81,105779.81,88300.01
1769333100000000000,0.071129,105779.81,105779.81,88464.45000000001
1769334900000000000,0.071129,105779.81,105779.81,88398.38
1769336700000000000,0.071129,105779.81,105779.81,88625.7
1769338500000000000,0.071129,105779.81,105779.81,88659.51
1769340300000000000,0.071129,105779.81,105779.81,88670.15000000001
1769342100000000000,0.071129,105779.81,105779.81,88570.17
1769343900000000000,0.071129,105779.81,105779.81,88690.0
1769345700000000000,0.071129,105779.81,105779.81,88791.99
1769347500000000000,0.071129,105779.81,105779.81,88697.45
1769349300000000000,0.097558,105810.46,105810.46,88921.0
1769351100000000000,0.097558,105810.46,105810.46,88719.99
1769352900000000000,0.097558,105810.46,105810.46,88710.09999999999
1769354700000000000,0.097558,105810.46,105810.46,88742.64
1769356500000000000,0.097558,105810.46,105810.46,88446.5
1769358300000000000,0.097558,105810.46,105810.46,88038.12
1769360100000000000,0.097558,105810.46,105810.46,88077.26000000001
1769361900000000000,0.097558,105810.46,105810.46,87888.6
1769363700000000000,0.097558,105810.46,105810.46,87892.17
1769365500000000000,0.097558,105810.46,105810.46,87528.53
1769367300000000000,0.097558,105810.46,105810.46,87420.01
1769369100000000000,0.097558,105810.46,105810.46,86482.18
1769370900000000000,0.097558,105810.46,105810.46,86495.16
1769372700000000000,0.097558,105810.46,105810.46,86490.16
1769374500000000000,0.097558,105810.46,105810.46,86654.61
1769376300000000000,0.097558,105810.46,105810.46,86972.89
1769378100000000000,0.097558,105810.46,105810.46,86568.5
1769379900000000000,0.097558,105810.46,105810.46,86319.07999999999
1769381700000000000,0.097558,105810.46,105810.46,86521.39
1769383500000000000,0.097558,105810.46,105810.46,86490.81999999999
1769385300000000000,0.097558,105810.46,105810.46,86670.36
1769387100000000000,0.155102,105809.45999999999,105809.45999999999,86843.23
1769388900000000000,0.155102,105809.45999999999,105809.45999999999,86854.86
1769390700000000000,0.212312,105808.46,105808.46,87649.99
1769392500000000000,0.212312,105808.46,105808.46,87698.73
1769394300000000000,0.212312,105808.46,105808.46,87915.62
1769396100000000000,0.212312,105808.46,105808.46,87563.37999999999
1769397900000000000,0.212312,105808.46,105808.46,87446.17
1769399700000000000,0.212312,105808.46,105808.46,87282.05
1769401500000000000,0.212312,105808.46,105808.46,87859.45999999999
1769403300000000000,0.212312,105808.46,105808.46,87737.06
1769405100000000000,0.212312,105808.46,105808.46,87865.01000000001
1769406900000000000,0.212312,105808.46,105808.46,87826.01
1769408700000000000,0.212312,105808.46,105808.46,87929.35
1769410500000000000,0.212312,105808.46,105808.46,87937.44
1769412300000000000,0.212312,105808.46,105808.46,87788.2
1769414100000000000,0.212312,105808.46,105808.46,88000.64
1769415900000000000,0.212312,105808.46,105808.46,88200.01
1769417700000000000,0.212312,105808.46,105808.46,87975.39
1769419500000000000,0.212312,105808.46,105808.46,87801.84999999999
1769421300000000000,0.212312,105808.46,105808.46,87663.12
1769423100000000000,0.212312,105808.46,105808.46,87912.73999999999
1769424900000000000,0.212312,105808.46,105808.46,87897.54999999999
1769426700000000000,0.212312,105808.46,105808.46,87794.68000000001
1769428500000000000,0.212312,105808.46,105808.46,87855.0
1769430300000000000,0.212312,105808.46,105808.46,87889.11
1769432100000000000,0.212312,105808.46,105808.46,87799.45
1769433900000000000,0.212312,105808.46,105808.46,87893.02
1769435700000000000,0.212312,105808.46,105808.46,87960.01
1769437500000000000,0.212312,105808.46,105808.46,87675.70999999999
1769439300000000000,0.212312,105808.46,105808.46,88178.09999999999
1769441100000000000,0.212312,105808.46,105808.46,88492.81999999999
1769442900000000000,0.155501,105804.64,105804.64,87641.41
1769444700000000000,0.101074,105839.67,105839.67,87697.51
1769446500000000000,0.101074,105839.67,105839.67,87606.98999999999
1769448300000000000,0.101074,105839.67,105839.67,87400.0
1769450100000000000,0.101074,105839.67,105839.67,87700.62000000001
1769451900000000000,0.101074,105839.67,105839.67,88082.84000000001
1769453700000000000,0.101074,105839.67,105839.67,88403.71999999999
1769455500000000000,0.101074,105839.67,105839.67,88189.53
1769457300000000000,0.101074,105839.67,105839.67,88013.19
1769459100000000000,0.101074,105839.67,105839.67,87884.0
1769460900000000000,0.101074,105839.67,105839.67,87629.22
1769462700000000000,0.101074,105839.67,105839.67,87939.8
1769464500000000000,0.101074,105839.67,105839.67,88064.69
1769466300000000000,0.101074,105839.67,105839.67,88091.99
1769468100000000000,0.101074,105839.67,105839.67,88140.01
1769469900000000000,0.101074,105839.67,105839.67,88462.78
1769471700000000000,0.101074,105839.67,105839.67,88347.07999999999
1769473500000000000,0.101074,105839.67,105839.67,88393.79999999999
1769475300000000000,0.101074,105839.67,105839.67,88353.97
1769477100000000000,0.101074,105839.67,105839.67,88438.97
1769478900000000000,0.101074,105839.67,105839.67,88550.61
1769480700000000000,0.101074,105839.67,105839.67,88558.54000000001
1769482500000000000,0.101074,105839.67,105839.67,88831.6
1769484300000000000,0.101074,105839.67,105839.67,88739.14
1769486100000000000,0.101074,105839.67,105839.67,88788.0
1769487900000000000,0.101074,105839.67,105839.67,88841.61
1769489700000000000,0.101074,105839.67,105839.67,88579.58
1769491500000000000,0.101074,105839.67,105839.67,88495.23999999999
1769493300000000000,0.101074,105839.67,105839.67,88456.3
1769495100000000000,0.101074,105839.67,105839.67,88391.99
1769496900000000000,0.101074,105839.67,105839.67,88332.67
1769498700000000000,0.101074,105839.67,105839.67,88524.71
1769500500000000000,0.04448,105816.77,105816.77,88320.41
1769502300000000000,0.04448,105816.77,105816.77,88234.72
1769504100000000000,0.01221,105805.2,105805.2,88170.81999999999
1769505900000000000,0.01221,105805.2,105805.2,87983.64
1769507700000000000,0.01221,105805.2,105805.2,87886.81999999999
1769509500000000000,0.01221,105805.2,105805.2,87989.2
1769511300000000000,0.01221,105805.2,105805.2,87786.53
1769513100000000000,0.01221,105805.2,105805.2,87874.66
1769514900000000000,0.01221,105805.2,105805.2,87992.73999999999
1769516700000000000,0.01221,105805.2,105805.2,88050.01999999999
1769518500000000000,0.01221,105805.2,105805.2,87986.96
1769520300000000000,0.01221,105805.2,105805.2,87824.32
1769522100000000000,0.01221,105805.2,105805.2,87982.15000000001
1769523900000000000,0.01221,105805.2,105805.2,88264.54000000001
1769525700000000000,0.01221,105805.2,105805.2,87745.02
1769527500000000000,0.01221,105805.2,105805.2,87630.09999999999
1769529300000000000,0.01221,105805.2,105805.2,88047.45999999999
1769531100000000000,0.157002,105807.67,105807.67,88372.9
1769532900000000000,0.325929,105804.67,105804.67,88641.44
1769534700000000000,0.325929,105804.67,105804.67,87894.33
1769536500000000000,0.325929,105804.67,105804.67,87546.58
1769538300000000000,0.325929,105804.67,105804.67,87868.0
1769540100000000000,0.325929,105804.67,105804.67,88285.05
1769541900000000000,0.325929,105804.67,105804.67,88248.68
1769543700000000000,0.325929,105804.67,105804.67,88408.77
1769545500000000000,0.325929,105804.67,105804.67,89149.99
1769547300000000000,0.325929,105804.67,105804.67,89396.16
1769549100000000000,0.325929,105804.67,105804.67,89249.75
1769550900000000000,0.325929,105804.67,105804.67,89081.45999999999
1769552700000000000,0.325929,105804.67,105804.67,89170.39
1769554500000000000,0.325929,105804.67,105804.67,89243.62999999999
1769556300000000000,0.325929,105804.67,105804.67,89502.7
1769558100000000000,0.325929,105804.67,105804.67,89250.0
1769559900000000000,0.325929,105804.67,105804.67,89319.36
1769561700000000000,0.325929,105804.67,105804.67,89467.71999999999
1769563500000000000,0.325929,105804.67,105804.67,89327.68
1769565300000000000,0.325929,105804.67,105804.67,89404.56999999999
1769567100000000000,0.325929,105804.67,105804.67,89333.79999999999
1769568900000000000,0.325929,105804.67,105804.67,89285.77
1769570700000000000,0.269777,105785.70999999999,105785.70999999999,89069.40000000001
1769572500000000000,0.269777,105785.70999999999,105785.70999999999,89126.67
1769574300000000000,0.269777,105785.70999999999,105785.70999999999,88947.99
1769576100000000000,0.269777,105785.70999999999,105785.70999999999,88975.04
1769577900000000000,0.269777,105785.70999999999,105785.70999999999,88892.25
1769579700000000000,0.269777,105785.70999999999,105785.70999999999,89084.09999999999
1769581500000000000,0.269777,105785.70999999999,105785.70999999999,89196.23
1769583300000000000,0.269777,105785.70999999999,105785.70999999999,89317.47
1769585100000000000,0.269777,105785.70999999999,105785.70999999999,89274.9
1769586900000000000,0.269777,105785.70999999999,105785.70999999999,89134.34999999999
1769588700000000000,0.269777,105785.70999999999,105785.70999999999,89026.7
1769590500000000000,0.269777,105785.70999999999,105785.70999999999,88925.47
1769592300000000000,0.269777,105785.70999999999,105785.70999999999,88994.87
1769594100000000000,0.269777,105785.70999999999,105785.70999999999,89567.25
1769595900000000000,0.269777,105785.70999999999,105785.70999999999,89341.06999999999
1769597700000000000,0.269777,105785.70999999999,105785.70999999999,89403.77
1769599500000000000,0.269777,105785.70999999999,105785.70999999999,89456.89
1769601300000000000,0.269777,105785.70999999999,105785.70999999999,90080.0
1769603100000000000,0.269777,105785.70999999999,105785.70999999999,89867.7
1769604900000000000,0.269777,105785.70999999999,105785.70999999999,89998.69
1769606700000000000,0.269777,105785.70999999999,105785.70999999999,90140.73
1769608500000000000,0.269777,105785.70999999999,105785.70999999999,90257.91
1769610300000000000,0.269777,105785.70999999999,105785.70999999999,90010.86
1769612100000000000,0.269777,105785.70999999999,105785.70999999999,89617.27
1769613900000000000,0.269777,105785.70999999999,105785.70999999999,89267.94
1769615700000000000,0.269777,105785.70999999999,105785.70999999999,89479.66
1769617500000000000,0.269777,105785.70999999999,105785.70999999999,89748.93000000001
1769619300000000000,0.269777,105785.70999999999,105785.70999999999,89629.66
1769621100000000000,0.269777,105785.70999999999,105785.70999999999,89593.88
1769622900000000000,0.269777,105785.70999999999,105785.70999999999,90169.88
1769624700000000000,0.269777,105785.70999999999,105785.70999999999,89770.32
1769626500000000000,0.269777,105785.70999999999,105785.70999999999,89546.24
1769628300000000000,0.269777,105785.70999999999,105785.70999999999,89403.69
1769630100000000000,0.269777,105785.70999999999,105785.70999999999,89402.58
1769631900000000000,0.269777,105785.70999999999,105785.70999999999,89791.54999999999
1769633700000000000,0.269777,105785.70999999999,105785.70999999999,89130.63
1769635500000000000,0.269777,105785.70999999999,105785.70999999999,89178.98999999999
1769637300000000000,0.269777,105785.70999999999,105785.70999999999,89412.17
1769639100000000000,0.269777,105785.70999999999,105785.70999999999,89285.77
1769640900000000000,0.269777,105785.70999999999,105785.70999999999,89396.15000000001
1769642700000000000,0.269777,105785.70999999999,105785.70999999999,89298.18
1769644500000000000,0.269777,105785.70999999999,105785.70999999999,89299.99
1769646300000000000,0.269777,105785.70999999999,105785.70999999999,89032.56999999999
1769648100000000000,0.269777,105785.70999999999,105785.70999999999,89143.91
1769649900000000000,0.269777,105785.70999999999,105785.70999999999,88831.59
1769651700000000000,0.213321,105793.7,105793.7,88603.56
1769653500000000000,0.213321,105793.7,105793.7,88611.14
1769655300000000000,0.156521,105832.23,105832.23,87907.06
1769657100000000000,0.156521,105832.23,105832.23,88048.39
1769658900000000000,0.156521,105832.23,105832.23,88053.70999999999
1769660700000000000,0.156521,105832.23,105832.23,88070.47
1769662500000000000,0.156521,105832.23,105832.23,88315.2
1769664300000000000,0.156521,105832.23,105832.23,88206.12
1769666100000000000,0.156521,105832.23,105832.23,88186.54000000001
1769667900000000000,0.156521,105832.23,105832.23,88279.99
1769669700000000000,0.156521,105832.23,105832.23,88319.35
1769671500000000000,0.156521,105832.23,105832.23,88265.89
1769673300000000000,0.156521,105832.23,105832.23,88352.97
1769675100000000000,0.156081,105896.31,105896.31,88452.4
1769676900000000000,0.156081,105896.31,105896.31,88064.16
1769678700000000000,0.156081,105896.31,105896.31,88033.93
1769680500000000000,0.156081,105896.31,105896.31,87892.01
1769682300000000000,0.156081,105896.31,105896.31,87956.01
1769684100000000000,0.156081,105896.31,105896.31,87946.46
1769685900000000000,0.156081,105896.31,105896.31,87787.73000000001
1769687700000000000,0.156081,105896.31,105896.31,87846.5
1769689500000000000,0.156081,105896.31,105896.31,87940.69
1769691300000000000,0.156081,105896.31,105896.31,88121.20999999999
1769693100000000000,0.156081,105896.31,105896.31,88167.98000000001
1769694900000000000,0.156081,105896.31,105896.31,88052.88
1769696700000000000,0.156081,105896.31,105896.31,87827.48000000001
1769698500000000000,0.156081,105896.31,105896.31,87014.4
1769700300000000000,0.156081,105896.31,105896.31,85454.87
1769702100000000000,0.156081,105896.31,105896.31,84934.01999999999
1769703900000000000,0.156081,105896.31,105896.31,84504.71
1769705700000000000,0.156081,105896.31,105896.31,85270.0
1769707500000000000,0.156081,105896.31,105896.31,85059.53
1769709300000000000,0.156081,105896.31,105896.31,84261.66
1769711100000000000,0.156081,105896.31,105896.31,83881.48
1769711700000000000,0.156081,105896.31,105896.31,83895.89
1769712000000000000,0.156081,105896.31,105896.31,84024.01
1769712300000000000,0.156081,105896.31,105896.31,83894.06
1769712600000000000,0.0,106624.73,106624.73,83568.45000000001
1769712900000000000,0.0,106624.73,106624.73,83477.02
1769713200000000000,0.0,106624.73,106624.73,83568.98
1769713500000000000,0.0,106624.73,106624.73,83601.93
1769713800000000000,0.0,106624.73,106624.73,83664.86
1769714100000000000,0.0,106624.73,106624.73,83792.89
1769714400000000000,0.0,106624.73,106624.73,83553.81
1769714700000000000,0.0,106624.73,106624.73,83801.90000000001
1769715000000000000,0.0,106624.73,106624.73,84092.14
1769715300000000000,0.0,106624.73,106624.73,84073.61
1769715600000000000,0.0,106624.73,106624.73,84166.56999999999
1769715900000000000,0.0,106624.73,106624.73,84120.51
1769716200000000000,0.0,106624.73,106624.73,84100.79000000001
1769716500000000000,0.0,106624.73,106624.73,84012.11
1769716800000000000,0.0,106624.73,106624.73,83937.19
1769717100000000000,0.0,106624.73,106624.73,83980.94
1769717400000000000,0.0,106624.73,106624.73,83918.06
1769717700000000000,0.0,106624.73,106624.73,84179.99
1769718000000000000,0.0,106624.73,106624.73,84161.42
1769718300000000000,0.0,106624.73,106624.73,84000.42
1769718600000000000,0.0,106624.73,106624.73,83963.5
1769718900000000000,0.0,106624.73,106624.73,83913.25
1769719200000000000,0.0,106624.73,106624.73,84100.01
1769719500000000000,0.0,106624.73,106624.73,84116.73999999999
1769719800000000000,0.0,106624.73,106624.73,84207.87999999999
1769720100000000000,0.0,106624.73,106624.73,84216.90999999999
1769720400000000000,0.0,106624.73,106624.73,84333.62999999999
1769720700000000000,0.0,106624.73,106624.73,84445.70999999999
1769721000000000000,0.0,106624.73,106624.73,84427.2
1769721300000000000,0.0,106624.73,106624.73,84388.85
1769721600000000000,0.0,106624.73,106624.73,84249.22
1769721900000000000,0.0,106624.73,106624.73,84370.58
1769722200000000000,0.0,106624.73,106624.73,84352.24
1769722500000000000,0.0,106624.73,106624.73,84445.7
1769722800000000000,0.0,106624.73,106624.73,84448.13
1769723100000000000,0.0,106624.73,106624.73,84631.35
1769723400000000000,0.0,106624.73,106624.73,84573.70999999999
1769723700000000000,0.0,106624.73,106624.73,84526.56999999999
1769724000000000000,0.0,106624.73,106624.73,84607.98000000001
1769724300000000000,0.0,106624.73,106624.73,84565.59
1769724600000000000,0.0,106624.73,106624.73,84345.62999999999
1769724900000000000,0.0,106624.73,106624.73,84429.54999999999
1769725200000000000,0.0,106624.73,106624.73,84440.0
1769725500000000000,0.0,106624.73,106624.73,84445.29
1769725800000000000,0.0,106624.73,106624.73,84418.55
1769726100000000000,0.0,106624.73,106624.73,84389.6
1769726400000000000,0.0,106624.73,106624.73,84458.9
1769726700000000000,0.0,106624.73,106624.73,84442.0
1769727000000000000,0.0,106624.73,106624.73,84554.3
1769727300000000000,0.0,106624.73,106624.73,84570.05
1769727600000000000,0.0,106624.73,106624.73,84469.42
1769727900000000000,0.0,106624.73,106624.73,84485.72
1769728200000000000,0.0,106624.73,106624.73,84487.37999999999
1769729100000000000,0.0,106624.73,106624.73,84576.0
1769730900000000000,0.0,106624.73,106624.73,84650.16
1769732700000000000,0.059298,106623.73000000001,106623.73000000001,84368.44
1769734500000000000,0.118746,106622.73,106622.73,84192.0
1769736300000000000,0.118746,106622.73,106622.73,83772.92000000001
1769738100000000000,0.118746,106622.73,106622.73,82468.01999999999
1769739900000000000,0.118746,106622.73,106622.73,81465.36
1769741700000000000,0.118746,106622.73,106622.73,82164.88
1769743500000000000,0.118746,106622.73,106622.73,82355.67
1769745300000000000,0.118746,106622.73,106622.73,82676.43
1769747100000000000,0.118746,106622.73,106622.73,83043.35
1769748900000000000,0.118746,106622.73,106622.73,82938.92
1769750700000000000,0.118746,106622.73,106622.73,83259.54
1769752500000000000,0.118746,106622.73,106622.73,82914.19
1769754300000000000,0.118746,106622.73,106622.73,82410.54000000001
1769756100000000000,0.118746,106622.73,106622.73,82602.81
1769757900000000000,0.118746,106622.73,106622.73,82669.62999999999
1769759700000000000,0.118746,106622.73,106622.73,82816.98
1769761500000000000,0.118746,106622.73,106622.73,82700.0
1769763300000000000,0.118746,106622.73,106622.73,82671.7
1769765100000000000,0.118746,106622.73,106622.73,82410.93000000001
1769766900000000000,0.118746,106622.73,106622.73,82363.71999999999
1769768700000000000,0.118746,106622.73,106622.73,82522.67
1769770500000000000,0.118746,106622.73,106622.73,82833.92
1769772300000000000,0.118746,106622.73,106622.73,82741.15999999999
1769774100000000000,0.118746,106622.73,106622.73,83151.36
1769775900000000000,0.118746,106622.73,106622.73,82747.14
1769777700000000000,0.118746,106622.73,106622.73,82800.5
1769779500000000000,0.118746,106622.73,106622.73,82714.0
1769781300000000000,0.118746,106622.73,106622.73,82740.92000000001
1769783100000000000,0.118746,106622.73,106622.73,82980.0
1769784900000000000,0.118746,106622.73,106622.73,83098.0
1769786700000000000,0.118746,106622.73,106622.73,82620.28000000001
1769788500000000000,0.118746,106622.73,106622.73,82883.94
1769790300000000000,0.118746,106622.73,106622.73,83165.47
1769792100000000000,0.118746,106622.73,106622.73,83149.0
1769793900000000000,0.118746,106622.73,106622.73,83385.68
1769795700000000000,0.118746,106622.73,106622.73,82943.23
1769797500000000000,0.179469,106621.73000000001,106621.73000000001,82496.94
1769799300000000000,0.060545,106680.03,106680.03,83931.13
1769801100000000000,0.060545,106680.03,106680.03,84311.99
1769802900000000000,0.060545,106680.03,106680.03,84242.98999999999
1769804700000000000,0.060545,106680.03,106680.03,83954.01
1769806500000000000,0.060545,106680.03,106680.03,83906.34
1769808300000000000,0.060545,106680.03,106680.03,84264.38
1769810100000000000,0.060545,106680.03,106680.03,84273.7
1769811900000000000,0.060545,106680.03,106680.03,83941.7
1769813700000000000,0.060545,106680.03,106680.03,84219.99
1769815500000000000,0.060545,106680.03,106680.03,84030.0
1769817300000000000,0.060545,106680.03,106680.03,84260.49
1769819100000000000,0.060545,106680.03,106680.03,84173.76
1769820900000000000,0.060545,106680.03,106680.03,84067.83
1769822700000000000,0.060545,106680.03,106680.03,84132.26
1769824500000000000,0.060545,106680.03,106680.03,83999.99
1769826300000000000,0.060545,106680.03,106680.03,83892.92000000001
1769828100000000000,0.060545,106680.03,106680.03,84130.01
1769829900000000000,0.060545,106680.03,106680.03,84152.90999999999
1769831700000000000,0.060545,106680.03,106680.03,84022.69
1769833500000000000,0.060545,106680.03,106680.03,84146.22
1769835300000000000,0.060545,106680.03,106680.03,83992.45000000001
1769837100000000000,0.060545,106680.03,106680.03,83998.59
1769838900000000000,0.060545,106680.03,106680.03,84000.01
1769840700000000000,0.060545,106680.03,106680.03,83670.65
1769842500000000000,0.060545,106680.03,106680.03,83786.09
1769844300000000000,0.060545,106680.03,106680.03,83700.16
1769846100000000000,0.12045,106679.03,106679.03,83546.81
1769847900000000000,0.180513,106678.03,106678.03,83097.99
1769849700000000000,0.180513,106678.03,106678.03,83074.07
1769851500000000000,0.180513,106678.03,106678.03,83021.62999999999
1769853300000000000,0.180513,106678.03,106678.03,83109.1
1769855100000000000,0.180513,106678.03,106678.03,83055.34
1769856900000000000,0.180513,106678.03,106678.03,83160.0
1769858700000000000,0.180513,106678.03,106678.03,83000.01
1769860500000000000,0.180513,106678.03,106678.03,83020.0
1769862300000000000,0.180513,106678.03,106678.03,82994.0
1769864100000000000,0.180513,106678.03,106678.03,82762.0
1769865900000000000,0.180513,106678.03,106678.03,82827.95
1769867700000000000,0.180513,106678.03,106678.03,82767.99
1769869500000000000,0.180513,106678.03,106678.03,81588.0
1769871300000000000,0.180513,106678.03,106678.03,81479.99
1769873100000000000,0.180513,106678.03,106678.03,81315.28
1769874900000000000,0.180513,106678.03,106678.03,81302.15000000001
1769876700000000000,0.180513,106678.03,106678.03,81113.08
1769878500000000000,0.180513,106678.03,106678.03,80365.04
1769880300000000000,0.180513,106678.03,106678.03,79120.09999999999
1769881500000000000,0.180513,106678.03,106678.03,78753.93
1769881800000000000,0.0,105838.06,105838.06,78954.32
1769882100000000000,0.0,105838.06,105838.06,78893.92
1769882400000000000,0.0,105838.06,105838.06,78833.89
1769882700000000000,0.0,105838.06,105838.06,78836.73999999999
1769883000000000000,0.0,105838.06,105838.06,78622.96
1769883300000000000,0.0,105838.06,105838.06,78354.66
1769883600000000000,0.0,105838.06,105838.06,78280.0
1769883900000000000,0.0,105838.06,105838.06,78436.94
1769884200000000000,0.0,105838.06,105838.06,78416.41
1769884500000000000,0.0,105838.06,105838.06,77548.79000000001
1769884800000000000,0.0,105838.06,105838.06,77540.28000000001
1769885100000000000,0.0,105838.06,105838.06,78008.26999999999
1769885400000000000,0.0,105838.06,105838.06,77907.82
1769885700000000000,0.0,105838.06,105838.06,78038.38
1769886000000000000,0.0,105838.06,105838.06,77908.01
1769886300000000000,0.0,105838.06,105838.06,78352.9
1769886600000000000,0.0,105838.06,105838.06,78226.24
1769886900000000000,0.0,105838.06,105838.06,78175.44
1769887200000000000,0.0,105838.06,105838.06,77944.64
1769887500000000000,0.0,105838.06,105838.06,77982.54000000001
1769887800000000000,0.0,105838.06,105838.06,77540.14
1769888100000000000,0.0,105838.06,105838.06,77316.98
1769888400000000000,0.0,105838.06,105838.06,77520.01
1769888700000000000,0.0,105838.06,105838.06,77770.0
1769889000000000000,0.0,105838.06,105838.06,77792.08
1769889300000000000,0.0,105838.06,105838.06,77750.01
1769889600000000000,0.0,105838.06,105838.06,77783.14
1769889900000000000,0.0,105838.06,105838.06,77812.90999999999
1769890200000000000,0.0,105838.06,105838.06,77532.16
1769890500000000000,0.0,105838.06,105838.06,77611.35
1769890800000000000,0.0,105838.06,105838.06,77703.36
1769891100000000000,0.0,105838.06,105838.06,77382.96
1769891400000000000,0.0,105838.06,105838.06,77133.83
1769891700000000000,0.0,105838.06,105838.06,77255.6
1769892000000000000,0.0,105838.06,105838.06,77517.04
1769892300000000000,0.0,105838.06,105838.06,77412.51
1769892600000000000,0.0,105838.06,105838.06,77706.59999999999
1769892900000000000,0.0,105838.06,105838.06,77999.03
1769893200000000000,0.0,105838.06,105838.06,77707.8
1769893500000000000,0.0,105838.06,105838.06,77947.1
1769893800000000000,0.0,105838.06,105838.06,77670.56
1769894100000000000,0.0,105838.06,105838.06,77660.51
1769894400000000000,0.0,105838.06,105838.06,77481.51
1769894700000000000,0.0,105838.06,105838.06,77836.34
1769895000000000000,0.0,105838.06,105838.06,77969.99
1769895300000000000,0.0,105838.06,105838.06,78145.66
1769895600000000000,0.0,105838.06,105838.06,78166.41
1769895900000000000,0.0,105838.06,105838.06,78166.0
1769896200000000000,0.0,105838.06,105838.06,78242.29000000001
1769896500000000000,0.0,105838.06,105838.06,78292.0
1769896800000000000,0.0,105838.06,105838.06,78476.32
1769897100000000000,0.0,105838.06,105838.06,78276.97
1769897400000000000,0.0,105838.06,105838.06,78186.56
1769897700000000000,0.0,105838.06,105838.06,78102.20000000001
1769898000000000000,0.0,105838.06,105838.06,78203.01000000001
1769898300000000000,0.0,105838.06,105838.06,78341.23
1769898600000000000,0.0,105838.06,105838.06,78308.61
1769898900000000000,0.0,105838.06,105838.06,78196.13
1769899200000000000,0.0,105838.06,105838.06,78097.95999999999
1769899500000000000,0.0,105838.06,105838.06,78022.96
1769899800000000000,0.0,105838.06,105838.06,78114.07
1769900100000000000,0.0,105838.06,105838.06,78155.17
1769900400000000000,0.0,105838.06,105838.06,78219.84999999999
1769900700000000000,0.0,105838.06,105838.06,78337.5
1769901000000000000,0.0,105838.06,105838.06,78227.87999999999
1769901300000000000,0.0,105838.06,105838.06,78584.15000000001
1769901600000000000,0.0,105838.06,105838.06,79204.86
1769901900000000000,0.0,105838.06,105838.06,78975.17
1769902200000000000,0.0,105838.06,105838.06,79117.12
1769902500000000000,0.0,105838.06,105838.06,78909.39
1769902800000000000,0.0,105838.06,105838.06,78839.36
1769903100000000000,0.0,105838.06,105838.06,78739.53
1769903400000000000,0.0,105838.06,105838.06,78753.36
1769903700000000000,0.0,105838.06,105838.06,78741.09000000001
1769904000000000000,0.0,105838.06,105838.06,78919.33
1769904300000000000,0.0,105838.06,105838.06,79160.0
1769904600000000000,0.0,105838.06,105838.06,79337.87
1769904900000000000,0.0,105838.06,105838.06,79309.62999999999
1769905500000000000,0.0,105838.06,105838.06,79089.36
1769907300000000000,0.0,105838.06,105838.06,78902.31
1769909100000000000,0.0,105838.06,105838.06,78834.31
1769910900000000000,0.0,105838.06,105838.06,78532.17
1769912700000000000,0.0,105838.06,105838.06,78630.0
1769914500000000000,0.0,105838.06,105838.06,78900.01
1769916300000000000,0.0,105838.06,105838.06,78742.93000000001
1769918100000000000,0.0,105838.06,105838.06,78868.28000000001
1769919900000000000,0.0,105838.06,105838.06,78931.67
1769921700000000000,0.0,105838.06,105838.06,78971.75
1769923500000000000,0.0,105838.06,105838.06,78950.01
1769925300000000000,0.0,105838.06,105838.06,78620.90999999999
1769927100000000000,0.0,105838.06,105838.06,78710.47
1769928900000000000,0.0,105838.06,105838.06,78300.0
1769930700000000000,0.063929,105837.06,105837.06,78212.25
1769932500000000000,0.063929,105837.06,105837.06,78343.0
1769934300000000000,0.063929,105837.06,105837.06,78500.53
1769936100000000000,0.063929,105837.06,105837.06,78604.01999999999
1769937900000000000,0.063929,105837.06,105837.06,78681.42
1769939700000000000,0.063929,105837.06,105837.06,79034.45000000001
1769941500000000000,0.063929,105837.06,105837.06,79020.26999999999
1769943300000000000,0.063929,105837.06,105837.06,78279.73000000001
1769945100000000000,0.063929,105837.06,105837.06,78414.90999999999
1769946900000000000,0.063929,105837.06,105837.06,78743.56
1769948700000000000,0.063929,105837.06,105837.06,78446.68000000001
1769950500000000000,0.063929,105837.06,105837.06,78459.67
1769952300000000000,0.063929,105837.06,105837.06,78687.14
1769954100000000000,0.063929,105837.06,105837.06,78317.51
1769955900000000000,0.063929,105837.06,105837.06,77849.34
1769957700000000000,0.128499,105836.06,105836.06,78211.12
1769959500000000000,0.128499,105836.06,105836.06,76984.0
1769961300000000000,0.128499,105836.06,105836.06,77593.40000000001
1769963100000000000,0.128499,105836.06,105836.06,77534.17
1769964900000000000,0.128499,105836.06,105836.06,77494.77
1769966700000000000,0.128499,105836.06,105836.06,77556.45000000001
1769968500000000000,0.128499,105836.06,105836.06,77745.31999999999
1769970300000000000,0.128499,105836.06,105836.06,78155.34
1769972100000000000,0.128499,105836.06,105836.06,78029.28
1769973900000000000,0.128499,105836.06,105836.06,77700.0
1769975700000000000,0.128499,105836.06,105836.06,77174.78
1769977500000000000,0.128499,105836.06,105836.06,76688.73999999999
1769979300000000000,0.128499,105836.06,105836.06,77103.04
1769981100000000000,0.193851,105835.06,105835.06,76991.87
1769982900000000000,0.193851,105835.06,105835.06,76526.03
1769984700000000000,0.193851,105835.06,105835.06,77196.21
1769986500000000000,0.193851,105835.06,105835.06,77249.31
1769988300000000000,0.193851,105835.06,105835.06,76800.9
1769990100000000000,0.193851,105835.06,105835.06,76968.21
1769991900000000000,0.193851,105835.06,105835.06,77932.2
1769993700000000000,0.193851,105835.06,105835.06,77672.61
1769995500000000000,0.193851,105835.06,105835.06,77773.57
1769997300000000000,0.193851,105835.06,105835.06,77518.87
1769999100000000000,0.193851,105835.06,105835.06,77124.38
1770000900000000000,0.193851,105835.06,105835.06,76491.17
1770002700000000000,0.207101,105834.86,105834.86,75102.92
1770004500000000000,0.207101,105834.86,105834.86,76292.98
1770006300000000000,0.207101,105834.86,105834.86,76481.93
1770008100000000000,0.207101,105834.86,105834.86,75894.15000000001
1770009900000000000,0.207101,105834.86,105834.86,75088.0
1770011700000000000,0.207101,105834.86,105834.86,75502.09999999999
1770013500000000000,0.207101,105834.86,105834.86,75703.59
1770015300000000000,0.207101,105834.86,105834.86,76549.31999999999
1770017100000000000,0.207101,105834.86,105834.86,76439.87999999999
1770018900000000000,0.207101,105834.86,105834.86,76660.79000000001
1770020700000000000,0.207101,105834.86,105834.86,76789.99
1770022500000000000,0.207101,105834.86,105834.86,76881.28
1770024300000000000,0.207101,105834.86,105834.86,77360.64
1770026100000000000,0.1427,105858.41,105858.41,77725.33
1770027900000000000,0.1427,105858.41,105858.41,77664.68
1770029700000000000,0.1427,105858.41,105858.41,77504.54000000001
1770031500000000000,0.1427,105858.41,105858.41,77814.78
1770033300000000000,0.1427,105858.41,105858.41,77759.99
1770035100000000000,0.078826,105922.68000000001,105922.68000000001,78175.43000000001
1770036900000000000,0.078826,105922.68000000001,105922.68000000001,77988.51
1770038700000000000,0.078826,105922.68000000001,105922.68000000001,77918.32
1770040500000000000,0.078826,105922.68000000001,105922.68000000001,78224.79000000001
1770042300000000000,0.078826,105922.68000000001,105922.68000000001,78022.04000000001
1770044100000000000,0.078826,105922.68000000001,105922.68000000001,77844.79000000001
1770045900000000000,0.078826,105922.68000000001,105922.68000000001,78622.0
1770047700000000000,0.078826,105922.68000000001,105922.68000000001,78850.06
1770049500000000000,0.078826,105922.68000000001,105922.68000000001,79180.01
1770051300000000000,0.078826,105922.68000000001,105922.68000000001,78634.76
1770053100000000000,0.078826,105922.68000000001,105922.68000000001,78965.62999999999
1770054900000000000,0.078826,105922.68000000001,105922.68000000001,78988.64
1770056700000000000,0.078826,105922.68000000001,105922.68000000001,78430.36
1770058500000000000,0.078826,105922.68000000001,105922.68000000001,78569.84
1770060300000000000,0.078826,105922.68000000001,105922.68000000001,78480.01999999999
1770062100000000000,0.078826,105922.68000000001,105922.68000000001,78341.5
1770063900000000000,0.078826,105922.68000000001,105922.68000000001,78415.29
1770065700000000000,0.078826,105922.68000000001,105922.68000000001,78008.59
1770067500000000000,0.078826,105922.68000000001,105922.68000000001,78291.47
1770069300000000000,0.078826,105922.68000000001,105922.68000000001,78532.06
1770071100000000000,0.078826,105922.68000000001,105922.68000000001,78661.43000000001
1770072900000000000,0.078826,105922.68000000001,105922.68000000001,78795.2
1770074700000000000,0.078826,105922.68000000001,105922.68000000001,78620.73
1770076500000000000,0.078826,105922.68000000001,105922.68000000001,78738.61
1770078300000000000,0.078826,105922.68000000001,105922.68000000001,78909.49
1770080100000000000,0.015604,106037.34,106037.34,79065.24
1770081900000000000,0.015604,106037.34,106037.34,78905.59
1770083700000000000,0.015604,106037.34,106037.34,79017.62999999999
1770085500000000000,0.015604,106037.34,106037.34,78700.0
1770087300000000000,0.271536,106033.34,106033.34,77808.01
1770089100000000000,0.271536,106033.34,106033.34,78306.0
1770090900000000000,0.271536,106033.34,106033.34,78753.31999999999
1770092700000000000,0.271536,106033.34,106033.34,78509.36
1770094500000000000,0.271536,106033.34,106033.34,78798.39
1770096300000000000,0.271536,106033.34,106033.34,78431.82
1770098100000000000,0.271536,106033.34,106033.34,78240.45000000001
1770099900000000000,0.271536,106033.34,106033.34,78566.97
1770101700000000000,0.271536,106033.34,106033.34,78594.17
1770103500000000000,0.271536,106033.34,106033.34,78670.92
1770105300000000000,0.271536,106033.34,106033.34,78794.67
1770107100000000000,0.271536,106033.34,106033.34,78882.20000000001
1770108900000000000,0.271536,106033.34,106033.34,78747.96
1770110700000000000,0.271536,106033.34,106033.34,77960.51
1770112500000000000,0.271536,106033.34,106033.34,78400.01
1770114300000000000,0.271536,106033.34,106033.34,78466.07
1770116100000000000,0.271536,106033.34,106033.34,78120.36
1770117900000000000,0.271536,106033.34,106033.34,78058.20000000001
1770119700000000000,0.271536,106033.34,106033.34,78079.5
1770121500000000000,0.271536,106033.34,106033.34,78318.65
1770123300000000000,0.271536,106033.34,106033.34,78330.26
1770125100000000000,0.271536,106033.34,106033.34,78423.52
1770126900000000000,0.271536,106033.34,106033.34,78307.65000000001
1770128700000000000,0.271536,106033.34,106033.34,78425.83
1770130500000000000,0.271536,106033.34,106033.34,77201.22
1770132300000000000,0.271536,106033.34,106033.34,77736.2
1770134100000000000,0.271536,106033.34,106033.34,78132.33
1770135900000000000,0.271536,106033.34,106033.34,76693.53
1770137700000000000,0.271536,106033.34,106033.34,76488.08
1770139500000000000,0.271536,106033.34,106033.34,75900.3
1770141300000000000,0.337632,106032.34,106032.34,74915.79
1770143100000000000,0.351044,106032.14,106032.14,74088.14
1770143700000000000,0.351044,106032.14,106032.14,74189.40000000001
1770144000000000000,0.0,104878.24,104878.24,73726.8
1770144300000000000,0.0,104878.24,104878.24,73276.11
1770144600000000000,0.0,104878.24,104878.24,73190.01
1770144900000000000,0.0,104878.24,104878.24,73139.13
1770145200000000000,0.0,104878.24,104878.24,73144.26
1770145500000000000,0.0,104878.24,104878.24,73560.93000000001
1770145800000000000,0.0,104878.24,104878.24,74582.3
1770146100000000000,0.0,104878.24,104878.24,75002.06
1770146400000000000,0.0,104878.24,104878.24,74785.25
1770146700000000000,0.0,104878.24,104878.24,74933.99
1770147000000000000,0.0,104878.24,104878.24,74860.0
1770147300000000000,0.0,104878.24,104878.24,74951.93
1770147600000000000,0.0,104878.24,104878.24,74912.83
1770147900000000000,0.0,104878.24,104878.24,74497.52
1770148200000000000,0.0,104878.24,104878.24,74760.0
1770148500000000000,0.0,104878.24,104878.24,74935.0
1770148800000000000,0.0,104878.24,104878.24,74703.29
1770149100000000000,0.0,104878.24,104878.24,74637.22
1770149400000000000,0.0,104878.24,104878.24,74709.12
1770149700000000000,0.0,104878.24,104878.24,75109.5
1770150000000000000,0.0,104878.24,104878.24,75520.0
1770150300000000000,0.0,104878.24,104878.24,75662.43999999999
1770150600000000000,0.0,104878.24,104878.24,76242.77
1770150900000000000,0.0,104878.24,104878.24,76433.02
1770151200000000000,0.0,104878.24,104878.24,76388.64
1770151500000000000,0.0,104878.24,104878.24,76332.16
1770151800000000000,0.0,104878.24,104878.24,76458.66
1770152100000000000,0.0,104878.24,104878.24,76475.52
1770152400000000000,0.0,104878.24,104878.24,76928.32
1770152700000000000,0.0,104878.24,104878.24,76940.9
1770153000000000000,0.0,104878.24,104878.24,76795.01000000001
1770153300000000000,0.0,104878.24,104878.24,76446.54000000001
1770153600000000000,0.0,104878.24,104878.24,76548.98999999999
1770153900000000000,0.0,104878.24,104878.24,76497.41
1770154200000000000,0.0,104878.24,104878.24,76562.41
1770154500000000000,0.0,104878.24,104878.24,76227.67
1770154800000000000,0.0,104878.24,104878.24,76368.51
1770155100000000000,0.0,104878.24,104878.24,76274.62000000001
1770155400000000000,0.0,104878.24,104878.24,76184.29000000001
1770155700000000000,0.0,104878.24,104878.24,76239.43000000001
1770156000000000000,0.0,104878.24,104878.24,76207.01000000001
1770156300000000000,0.0,104878.24,104878.24,75829.0
1770156600000000000,0.0,104878.24,104878.24,75838.59
1770156900000000000,0.0,104878.24,104878.24,75815.57
1770157200000000000,0.0,104878.24,104878.24,75752.67
1770157500000000000,0.0,104878.24,104878.24,76030.42
1770157800000000000,0.0,104878.24,104878.24,75935.41
1770158100000000000,0.0,104878.24,104878.24,75952.0
1770158400000000000,0.0,104878.24,104878.24,75803.06
1770158700000000000,0.0,104878.24,104878.24,75449.99
1770159000000000000,0.0,104878.24,104878.24,75773.28
1770159300000000000,0.0,104878.24,104878.24,75708.83
1770159600000000000,0.0,104878.24,104878.24,75494.17
1770159900000000000,0.0,104878.24,104878.24,75619.12
1770160200000000000,0.0,104878.24,104878.24,75770.0
1770161100000000000,0.0,104878.24,104878.24,75751.64
1770162900000000000,0.0,104878.24,104878.24,75770.21
1770164700000000000,0.0,104878.24,104878.24,76029.01000000001
1770166500000000000,0.0,104878.24,104878.24,75910.88
1770168300000000000,0.065447,104877.24,104877.24,76471.1
1770170100000000000,0.065447,104877.24,104877.24,76423.73000000001
1770171900000000000,0.065447,104877.24,104877.24,76186.63
1770173700000000000,0.065447,104877.24,104877.24,75963.35
1770175500000000000,0.065447,104877.24,104877.24,76390.12
1770177300000000000,0.065447,104877.24,104877.24,76698.17
1770179100000000000,0.065447,104877.24,104877.24,76595.94
1770180900000000000,0.065447,104877.24,104877.24,76479.75
1770182700000000000,0.065447,104877.24,104877.24,76466.26999999999
1770184500000000000,0.065447,104877.24,104877.24,76279.99
1770186300000000000,0.065447,104877.24,104877.24,76486.01
1770188100000000000,0.065447,104877.24,104877.24,76652.68
1770189900000000000,0.065447,104877.24,104877.24,76452.28000000001
1770191700000000000,0.065447,104877.24,104877.24,76514.3
1770193500000000000,0.065447,104877.24,104877.24,76126.07
1770195300000000000,0.065447,104877.24,104877.24,76587.26000000001
1770197100000000000,0.065447,104877.24,104877.24,76157.86
1770198900000000000,0.065447,104877.24,104877.24,76119.0
1770200700000000000,0.065447,104877.24,104877.24,76115.45999999999
1770202500000000000,0.065447,104877.24,104877.24,76302.09999999999
1770204300000000000,0.065447,104877.24,104877.24,75847.2
1770206100000000000,0.065447,104877.24,104877.24,76017.25
1770207900000000000,0.065447,104877.24,104877.24,76071.77
1770209700000000000,0.065447,104877.24,104877.24,76180.85
1770211500000000000,0.065447,104877.24,104877.24,75858.81
1770213300000000000,0.067647,104957.86,104957.86,74867.0
1770215100000000000,0.067647,104957.86,104957.86,75298.81
1770216900000000000,0.201869,104955.86,104955.86,74359.53
1770218700000000000,0.201869,104955.86,104955.86,74911.68
1770220500000000000,0.201869,104955.86,104955.86,74136.36
1770222300000000000,0.201869,104955.86,104955.86,74150.0
1770224100000000000,0.270152,104954.86,104954.86,73636.01
1770225900000000000,0.270152,104954.86,104954.86,72473.56000000001
1770226800000000000,0.270152,104954.86,104954.86,72769.18000000001
1770227100000000000,0.0,104536.78,104536.78,72485.47
1770227400000000000,0.0,104536.78,104536.78,72382.48
1770227700000000000,0.0,104536.78,104536.78,72576.08
1770228000000000000,0.0,104536.78,104536.78,72572.73
1770228300000000000,0.0,104536.78,104536.78,72583.16
1770228600000000000,0.0,104536.78,104536.78,72858.9
1770228900000000000,0.0,104536.78,104536.78,72882.38
1770229200000000000,0.0,104536.78,104536.78,72837.54
1770229500000000000,0.0,104536.78,104536.78,73416.01999999999
1770229800000000000,0.0,104536.78,104536.78,73550.73
1770230100000000000,0.0,104536.78,104536.78,73890.94
1770230400000000000,0.0,104536.78,104536.78,74002.0
1770230700000000000,0.0,104536.78,104536.78,73730.73999999999
1770231000000000000,0.0,104536.78,104536.78,73640.0
1770231300000000000,0.0,104536.78,104536.78,73425.95999999999
1770231600000000000,0.0,104536.78,104536.78,73801.54999999999
1770231900000000000,0.0,104536.78,104536.78,73656.01
1770232200000000000,0.0,104536.78,104536.78,73532.36
1770232500000000000,0.0,104536.78,104536.78,73525.15
1770232800000000000,0.0,104536.78,104536.78,73264.01
1770233100000000000,0.0,104536.78,104536.78,73153.81
1770233400000000000,0.0,104536.78,104536.78,73390.09999999999
1770233700000000000,0.0,104536.78,104536.78,73230.01
1770234000000000000,0.0,104536.78,104536.78,73604.47
1770234300000000000,0.0,104536.78,104536.78,73618.90999999999
1770234600000000000,0.0,104536.78,104536.78,73802.93000000001
1770234900000000000,0.0,104536.78,104536.78,73923.29
1770235200000000000,0.0,104536.78,104536.78,74072.64
1770235500000000000,0.0,104536.78,104536.78,73732.11
1770235800000000000,0.0,104536.78,104536.78,73535.6
1770236100000000000,0.0,104536.78,104536.78,73780.55
1770236400000000000,0.0,104536.78,104536.78,73710.29000000001
1770236700000000000,0.0,104536.78,104536.78,73589.27
1770237000000000000,0.0,104536.78,104536.78,73540.2
1770237300000000000,0.0,104536.78,104536.78,73670.51
1770237600000000000,0.0,104536.78,104536.78,73649.3
1770237900000000000,0.0,104536.78,104536.78,73662.53
1770238200000000000,0.0,104536.78,104536.78,73585.19
1770238500000000000,0.0,104536.78,104536.78,73516.3
1770238800000000000,0.0,104536.78,104536.78,73492.01
1770239100000000000,0.0,104536.78,104536.78,73354.67
1770239400000000000,0.0,104536.78,104536.78,73569.13
1770239700000000000,0.0,104536.78,104536.78,73308.13
1770240000000000000,0.0,104536.78,104536.78,73219.57
1770240300000000000,0.0,104536.78,104536.78,73092.2
1770240600000000000,0.0,104536.78,104536.78,73259.01000000001
1770240900000000000,0.0,104536.78,104536.78,73284.08
1770241200000000000,0.0,104536.78,104536.78,72639.97
1770241500000000000,0.0,104536.78,104536.78,72239.92
1770241800000000000,0.0,104536.78,104536.78,72422.03
1770242100000000000,0.0,104536.78,104536.78,72799.99
1770242400000000000,0.0,104536.78,104536.78,72327.99
1770242700000000000,0.0,104536.78,104536.78,72186.08
1770243000000000000,0.0,104536.78,104536.78,72331.65000000001
1770243300000000000,0.0,104536.78,104536.78,72664.0
1770243600000000000,0.0,104536.78,104536.78,73286.64
1770243900000000000,0.0,104536.78,104536.78,73510.01999999999
1770244200000000000,0.0,104536.78,104536.78,73306.3
1770244500000000000,0.0,104536.78,104536.78,73152.0
1770245700000000000,0.0,104536.78,104536.78,72543.37999999999
1770247500000000000,0.0,104536.78,104536.78,73380.95
1770249300000000000,0.0,104536.78,104536.78,73165.83
1770251100000000000,0.0,104536.78,104536.78,73252.79000000001
1770252900000000000,0.0,104536.78,104536.78,72868.01999999999
1770254700000000000,0.0,104536.78,104536.78,72967.15
1770256500000000000,0.0,104536.78,104536.78,72421.26000000001
1770258300000000000,0.069747,104535.78,104535.78,72325.59
1770260100000000000,0.069747,104535.78,104535.78,71454.43999999999
1770261900000000000,0.069747,104535.78,104535.78,71515.6
1770263700000000000,0.069747,104535.78,104535.78,71223.25
1770265500000000000,0.069747,104535.78,104535.78,71028.32
1770267300000000000,0.069747,104535.78,104535.78,70888.08
1770269100000000000,0.083915,104535.58,104535.58,70433.11
1770270900000000000,0.083915,104535.58,104535.58,70732.72
1770272700000000000,0.083915,104535.58,104535.58,70527.13
1770274500000000000,0.083915,104535.58,104535.58,70951.51
1770276300000000000,0.083915,104535.58,104535.58,71416.83
1770278100000000000,0.083915,104535.58,104535.58,70756.85
1770279900000000000,0.083915,104535.58,104535.58,71344.77
1770281700000000000,0.083915,104535.58,104535.58,71054.98999999999
1770283500000000000,0.083915,104535.58,104535.58,71736.95
1770285300000000000,0.083915,104535.58,104535.58,71550.0
1770287100000000000,0.083915,104535.58,104535.58,71716.42
1770288900000000000,0.083915,104535.58,104535.58,70858.13
1770290700000000000,0.083915,104535.58,104535.58,70065.40000000001
1770292500000000000,0.083915,104535.58,104535.58,70318.34999999999
1770294300000000000,0.083915,104535.58,104535.58,69640.86
1770296100000000000,0.083915,104535.58,104535.58,69563.57
1770297900000000000,0.083915,104535.58,104535.58,69294.31
1770299700000000000,0.083915,104535.58,104535.58,69688.94
1770301500000000000,0.083915,104535.58,104535.58,70129.13
1770303300000000000,0.155771,104534.58,104534.58,69404.76000000001
1770305100000000000,0.17032,104534.38,104534.38,66851.99
1770305400000000000,0.17032,104534.38,104534.38,66984.86
1770305700000000000,0.0,103946.71,103946.71,67562.06
1770306000000000000,0.0,103946.71,103946.71,67519.99
1770306300000000000,0.0,103946.71,103946.71,67541.15
1770306600000000000,0.0,103946.71,103946.71,67698.75
1770306900000000000,0.0,103946.71,103946.71,67489.06999999999
1770307200000000000,0.0,103946.71,103946.71,67266.11
1770307500000000000,0.0,103946.71,103946.71,66957.14
1770307800000000000,0.0,103946.71,103946.71,67046.11
1770308100000000000,0.0,103946.71,103946.71,67431.06
1770308400000000000,0.0,103946.71,103946.71,68109.69
1770308700000000000,0.0,103946.71,103946.71,68175.28
1770309000000000000,0.0,103946.71,103946.71,68244.06
1770309300000000000,0.0,103946.71,103946.71,68008.19
1770309600000000000,0.0,103946.71,103946.71,67873.52
1770309900000000000,0.0,103946.71,103946.71,67990.87
1770310200000000000,0.0,103946.71,103946.71,68536.05
1770310500000000000,0.0,103946.71,103946.71,68295.15
1770310800000000000,0.0,103946.71,103946.71,67780.51
1770311100000000000,0.0,103946.71,103946.71,67394.66
1770311400000000000,0.0,103946.71,103946.71,67254.51
1770311700000000000,0.0,103946.71,103946.71,66875.87999999999
1770312000000000000,0.0,103946.71,103946.71,67592.88
1770312300000000000,0.0,103946.71,103946.71,67409.23
1770312600000000000,0.0,103946.71,103946.71,66774.24
1770312900000000000,0.0,103946.71,103946.71,66889.36
1770313200000000000,0.0,103946.71,103946.71,67109.93
1770313500000000000,0.0,103946.71,103946.71,66837.65000000001
1770313800000000000,0.0,103946.71,103946.71,66611.0
1770314100000000000,0.0,103946.71,103946.71,66181.69
1770314400000000000,0.0,103946.71,103946.71,66248.46
1770314700000000000,0.0,103946.71,103946.71,66287.7
1770315000000000000,0.0,103946.71,103946.71,66448.92000000001
1770315300000000000,0.0,103946.71,103946.71,65832.61
1770315600000000000,0.0,103946.71,103946.71,66052.79000000001
1770315900000000000,0.0,103946.71,103946.71,65851.28
1770316200000000000,0.0,103946.71,103946.71,65626.78
1770316500000000000,0.0,103946.71,103946.71,65710.01
1770316800000000000,0.0,103946.71,103946.71,65766.86
1770317100000000000,0.0,103946.71,103946.71,65560.87
1770317400000000000,0.0,103946.71,103946.71,65816.01
1770317700000000000,0.0,103946.71,103946.71,66347.0
1770318000000000000,0.0,103946.71,103946.71,66252.72
1770318300000000000,0.0,103946.71,103946.71,66142.54000000001
1770318600000000000,0.0,103946.71,103946.71,66300.03
1770318900000000000,0.0,103946.71,103946.71,66416.01999999999
1770319200000000000,0.0,103946.71,103946.71,65983.51
1770319500000000000,0.0,103946.71,103946.71,65864.3
1770319800000000000,0.0,103946.71,103946.71,65972.36
1770320100000000000,0.0,103946.71,103946.71,65984.98
1770320400000000000,0.0,103946.71,103946.71,65806.59
1770320700000000000,0.0,103946.71,103946.71,65559.99
1770321000000000000,0.0,103946.71,103946.71,65312.1
1770321300000000000,0.0,103946.71,103946.71,65265.65
1770321600000000000,0.0,103946.71,103946.71,65226.509999999995
1770321900000000000,0.0,103946.71,103946.71,65629.0
1770322200000000000,0.0,103946.71,103946.71,65051.38
1770322500000000000,0.0,103946.71,103946.71,64271.32000000001
1770322800000000000,0.0,103946.71,103946.71,64063.70999999999
1770323100000000000,0.0,103946.71,103946.71,63866.59
1770323400000000000,0.0,103946.71,103946.71,63729.090000000004
1770323700000000000,0.0,103946.71,103946.71,63679.100000000006
1770324000000000000,0.0,103946.71,103946.71,63666.94
1770324300000000000,0.0,103946.71,103946.71,63300.0
1770324600000000000,0.0,103946.71,103946.71,62556.64
1770324900000000000,0.0,103946.71,103946.71,63775.67
1770325200000000000,0.0,103946.71,103946.71,64404.509999999995
1770325500000000000,0.0,103946.71,103946.71,63951.31
1770325800000000000,0.0,103946.71,103946.71,63432.34
1770326100000000000,0.0,103946.71,103946.71,62960.829999999994
1770326400000000000,0.0,103946.71,103946.71,63922.450000000004
1770326700000000000,0.0,103946.71,103946.71,63969.92
1770327000000000000,0.0,103946.71,103946.71,63517.44
1770327300000000000,0.0,103946.71,103946.71,63839.100000000006
1770327600000000000,0.0,103946.71,103946.71,63696.29000000001
1770327900000000000,0.0,103946.71,103946.71,63661.869999999995
1770328200000000000,0.0,103946.71,103946.71,63303.740000000005
1770328500000000000,0.0,103946.71,103946.71,63213.340000000004
1770328800000000000,0.0,103946.71,103946.71,63340.0
1770329100000000000,0.0,103946.71,103946.71,63614.659999999996
1770329400000000000,0.0,103946.71,103946.71,63525.090000000004
1770329700000000000,0.0,103946.71,103946.71,62934.850000000006
1770330000000000000,0.0,103946.71,103946.71,63085.36
1770330300000000000,0.0,103946.71,103946.71,64099.369999999995
1770330600000000000,0.0,103946.71,103946.71,63882.979999999996
1770330900000000000,0.0,103946.71,103946.71,63842.15
1770331200000000000,0.0,103946.71,103946.71,64035.93
1770331500000000000,0.0,103946.71,103946.71,64034.1
1770331800000000000,0.0,103946.71,103946.71,64436.130000000005
1770332100000000000,0.0,103946.71,103946.71,63907.85999999999
1770332400000000000,0.0,103946.71,103946.71,64747.35
1770332700000000000,0.0,103946.71,103946.71,64599.53999999999
1770333000000000000,0.0,103946.71,103946.71,64581.12
1770333300000000000,0.0,103946.71,103946.71,64360.450000000004
1770333600000000000,0.0,103946.71,103946.71,64057.5
1770333900000000000,0.0,103946.71,103946.71,64409.83
1770334200000000000,0.0,103946.71,103946.71,63961.03
1770334500000000000,0.0,103946.71,103946.71,63727.82
1770334800000000000,0.0,103946.71,103946.71,63472.08
1770335100000000000,0.0,103946.71,103946.71,63391.229999999996
1770335400000000000,0.0,103946.71,103946.71,63012.450000000004
1770335700000000000,0.0,103946.71,103946.71,62909.85999999999
1770336000000000000,0.0,103946.71,103946.71,62292.8
1770336300000000000,0.0,103946.71,103946.71,61424.10999999999
1770336600000000000,0.0,103946.71,103946.71,60255.65
1770336900000000000,0.0,103946.71,103946.71,60081.740000000005
1770337200000000000,0.0,103946.71,103946.71,61060.22
1770337500000000000,0.0,103946.71,103946.71,61373.299999999996
1770337800000000000,0.0,103946.71,103946.71,62324.81
1770338100000000000,0.0,103946.71,103946.71,63225.85
1770338400000000000,0.0,103946.71,103946.71,62965.51
1770338700000000000,0.0,103946.71,103946.71,62873.33
1770339000000000000,0.0,103946.71,103946.71,63843.590000000004
1770339300000000000,0.0,103946.71,103946.71,63509.38999999999
1770339600000000000,0.0,103946.71,103946.71,64273.020000000004
1770339900000000000,0.0,103946.71,103946.71,64496.659999999996
1770340200000000000,0.0,103946.71,103946.71,64325.159999999996
1770340500000000000,0.0,103946.71,103946.71,64113.219999999994
1770340800000000000,0.0,103946.71,103946.71,64353.95999999999
1770341100000000000,0.0,103946.71,103946.71,64112.74999999999
1770341400000000000,0.0,103946.71,103946.71,64484.189999999995
1770341700000000000,0.0,103946.71,103946.71,64407.38
1770342000000000000,0.0,103946.71,103946.71,64731.00000000001
1770342300000000000,0.0,103946.71,103946.71,65302.189999999995
1770342600000000000,0.0,103946.71,103946.71,65379.149999999994
1770342900000000000,0.0,103946.71,103946.71,65714.96
1770343200000000000,0.0,103946.71,103946.71,65548.94
1770343500000000000,0.0,103946.71,103946.71,65172.84
1770343800000000000,0.0,103946.71,103946.71,64854.119999999995
1770344100000000000,0.0,103946.71,103946.71,64783.85
1770344400000000000,0.0,103946.71,103946.71,64382.71
1770344700000000000,0.0,103946.71,103946.71,64612.729999999996
1770346500000000000,0.0,103946.71,103946.71,64990.1
1770348300000000000,0.0,103946.71,103946.71,64700.009999999995
1770350100000000000,0.0,103946.71,103946.71,64168.33
1770351900000000000,0.0,103946.71,103946.71,64911.469999999994
1770353700000000000,0.0,103946.71,103946.71,64905.84
1770355500000000000,0.0,103946.71,103946.71,65466.119999999995
1770357000000000000,0.075662,103945.70999999999,103945.70999999999,66826.49
1770357300000000000,0.0,103890.98999999999,103890.98999999999,66408.11
1770357600000000000,0.0,103890.98999999999,103890.98999999999,66616.63
1770357900000000000,0.0,103890.98999999999,103890.98999999999,66498.68000000001
1770358200000000000,0.0,103890.98999999999,103890.98999999999,66176.69
1770358500000000000,0.0,103890.98999999999,103890.98999999999,65789.13
1770358800000000000,0.0,103890.98999999999,103890.98999999999,65798.55
1770359100000000000,0.0,103890.98999999999,103890.98999999999,65841.6
1770359400000000000,0.0,103890.98999999999,103890.98999999999,65399.55999999999
1770359700000000000,0.0,103890.98999999999,103890.98999999999,65282.659999999996
1770360000000000000,0.0,103890.98999999999,103890.98999999999,65082.62
1770360300000000000,0.0,103890.98999999999,103890.98999999999,64946.509999999995
1770360600000000000,0.0,103890.98999999999,103890.98999999999,65190.840000000004
1770360900000000000,0.0,103890.98999999999,103890.98999999999,64988.259999999995
1770361200000000000,0.0,103890.98999999999,103890.98999999999,64831.29
1770361500000000000,0.0,103890.98999999999,103890.98999999999,64757.98
1770361800000000000,0.0,103890.98999999999,103890.98999999999,65040.060000000005
1770362700000000000,0.0,103890.98999999999,103890.98999999999,64998.22
1770364500000000000,0.0,103890.98999999999,103890.98999999999,64856.0
1770366300000000000,0.0,103890.98999999999,103890.98999999999,64821.21
1770366600000000000,0.0,103890.98999999999,103890.98999999999,64585.229999999996
1770366900000000000,0.0,103890.98999999999,103890.98999999999,64896.62
1770367200000000000,0.0,103890.98999999999,103890.98999999999,64769.270000000004
1770367500000000000,0.0,103890.98999999999,103890.98999999999,65007.66
1770368100000000000,0.0,103890.98999999999,103890.98999999999,64895.049999999996
1770369900000000000,0.0,103890.98999999999,103890.98999999999,65631.89
1770371700000000000,0.075908,103889.99,103889.99,65799.54999999999
1770373500000000000,0.075908,103889.99,103889.99,66022.98
1770375300000000000,0.075908,103889.99,103889.99,65967.51
1770377100000000000,0.075908,103889.99,103889.99,66066.23
1770378900000000000,0.150829,103888.98999999999,103888.98999999999,66631.32
1770380700000000000,0.150829,103888.98999999999,103888.98999999999,66396.17
1770382500000000000,0.150829,103888.98999999999,103888.98999999999,66557.93
1770384300000000000,0.150829,103888.98999999999,103888.98999999999,66935.99
1770386100000000000,0.150829,103888.98999999999,103888.98999999999,67316.81999999999
1770387900000000000,0.150829,103888.98999999999,103888.98999999999,67114.64
1770389700000000000,0.150829,103888.98999999999,103888.98999999999,68194.89
1770390900000000000,0.150829,103888.98999999999,103888.98999999999,68186.71
1770391200000000000,0.0,103607.5,103607.5,68470.0
1770391500000000000,0.0,103607.5,103607.5,68170.21
1770391800000000000,0.0,103607.5,103607.5,68447.27
1770392100000000000,0.0,103607.5,103607.5,68656.0
1770392400000000000,0.0,103607.5,103607.5,68809.87
1770392700000000000,0.0,103607.5,103607.5,68976.96
1770393000000000000,0.0,103607.5,103607.5,68418.16
1770393300000000000,0.0,103607.5,103607.5,68626.0
1770393600000000000,0.0,103607.5,103607.5,68908.84
1770393900000000000,0.0,103607.5,103607.5,69270.0
1770394200000000000,0.0,103607.5,103607.5,69290.0
1770394500000000000,0.0,103607.5,103607.5,69620.26999999999
1770394800000000000,0.0,103607.5,103607.5,69611.29
1770395100000000000,0.0,103607.5,103607.5,69521.42
1770395400000000000,0.0,103607.5,103607.5,69564.90999999999
1770395700000000000,0.0,103607.5,103607.5,69570.20000000001
1770396000000000000,0.0,103607.5,103607.5,69802.0
1770396300000000000,0.0,103607.5,103607.5,69976.16
1770396600000000000,0.0,103607.5,103607.5,70203.0
1770396900000000000,0.0,103607.5,103607.5,69954.01
1770397200000000000,0.0,103607.5,103607.5,69797.2
1770397500000000000,0.0,103607.5,103607.5,70186.49
1770397800000000000,0.0,103607.5,103607.5,70225.14
1770398100000000000,0.0,103607.5,103607.5,70630.92
1770398400000000000,0.0,103607.5,103607.5,70662.01
1770398700000000000,0.0,103607.5,103607.5,70924.56999999999
1770399000000000000,0.0,103607.5,103607.5,71123.76
1770399300000000000,0.0,103607.5,103607.5,70900.01
1770399600000000000,0.0,103607.5,103607.5,71075.1
1770399900000000000,0.0,103607.5,103607.5,70972.58
1770400200000000000,0.0,103607.5,103607.5,70680.11
1770400500000000000,0.0,103607.5,103607.5,70753.53
1770400800000000000,0.0,103607.5,103607.5,70491.27
1770401100000000000,0.0,103607.5,103607.5,69703.66
1770401400000000000,0.0,103607.5,103607.5,70053.52
1770401700000000000,0.0,103607.5,103607.5,69896.64
1770402000000000000,0.0,103607.5,103607.5,69482.26999999999
1770402300000000000,0.0,103607.5,103607.5,69561.04
1770402600000000000,0.0,103607.5,103607.5,69855.4
1770402900000000000,0.0,103607.5,103607.5,70173.01000000001
1770403200000000000,0.0,103607.5,103607.5,70000.01
1770403500000000000,0.0,103607.5,103607.5,70124.14
1770403800000000000,0.0,103607.5,103607.5,69988.75
1770404100000000000,0.0,103607.5,103607.5,69776.68
1770404400000000000,0.0,103607.5,103607.5,70046.52
1770404700000000000,0.0,103607.5,103607.5,69929.84
1770405000000000000,0.0,103607.5,103607.5,69829.87
1770405300000000000,0.0,103607.5,103607.5,69928.29000000001
1770405600000000000,0.0,103607.5,103607.5,70348.11
1770405900000000000,0.0,103607.5,103607.5,70260.92000000001
1770406200000000000,0.0,103607.5,103607.5,70400.01
1770406500000000000,0.0,103607.5,103607.5,70367.37999999999
1770406800000000000,0.0,103607.5,103607.5,70388.56999999999
1770407100000000000,0.0,103607.5,103607.5,70667.1
1770407400000000000,0.0,103607.5,103607.5,70774.34999999999
1770407700000000000,0.0,103607.5,103607.5,70731.45999999999
1770408000000000000,0.0,103607.5,103607.5,70709.0
1770408300000000000,0.0,103607.5,103607.5,70491.26000000001
1770408600000000000,0.0,103607.5,103607.5,70510.69
1770408900000000000,0.0,103607.5,103607.5,70419.44
1770409200000000000,0.0,103607.5,103607.5,70580.51999999999
1770409500000000000,0.0,103607.5,103607.5,70581.56000000001
1770409800000000000,0.0,103607.5,103607.5,70787.54
1770410100000000000,0.0,103607.5,103607.5,70440.0
1770410400000000000,0.0,103607.5,103607.5,70279.90000000001
1770410700000000000,0.0,103607.5,103607.5,70401.2
1770411000000000000,0.0,103607.5,103607.5,70399.54
1770411300000000000,0.0,103607.5,103607.5,70000.13
1770411600000000000,0.0,103607.5,103607.5,70155.01000000001
1770411900000000000,0.0,103607.5,103607.5,69991.79
1770412200000000000,0.0,103607.5,103607.5,70006.4
1770412500000000000,0.0,103607.5,103607.5,70235.61
1770412800000000000,0.0,103607.5,103607.5,70302.22
1770413100000000000,0.0,103607.5,103607.5,70401.75
1770413400000000000,0.0,103607.5,103607.5,70127.64
1770413700000000000,0.0,103607.5,103607.5,70284.63
1770414000000000000,0.0,103607.5,103607.5,70285.99
1770414300000000000,0.0,103607.5,103607.5,70286.01
1770414600000000000,0.0,103607.5,103607.5,70321.89
1770414900000000000,0.0,103607.5,103607.5,70358.43
1770415200000000000,0.0,103607.5,103607.5,70571.82
1770415500000000000,0.0,103607.5,103607.5,70650.01
1770415800000000000,0.0,103607.5,103607.5,70438.12
1770416100000000000,0.0,103607.5,103607.5,70561.99
1770416400000000000,0.0,103607.5,103607.5,70661.47
1770416700000000000,0.0,103607.5,103607.5,70812.2
1770417000000000000,0.0,103607.5,103607.5,70999.28
1770417300000000000,0.0,103607.5,103607.5,71249.95999999999
1770417600000000000,0.0,103607.5,103607.5,71192.17
1770417900000000000,0.0,103607.5,103607.5,71362.71
1770418200000000000,0.0,103607.5,103607.5,71567.78
1770418500000000000,0.0,103607.5,103607.5,71354.46
1770418800000000000,0.0,103607.5,103607.5,71651.17
1770419100000000000,0.0,103607.5,103607.5,71409.01000000001
1770419400000000000,0.0,103607.5,103607.5,71121.62
1770419700000000000,0.0,103607.5,103607.5,70726.18
1770420000000000000,0.0,103607.5,103607.5,70590.76
1770420300000000000,0.0,103607.5,103607.5,70576.39
1770420600000000000,0.0,103607.5,103607.5,70737.70999999999
1770420900000000000,0.0,103607.5,103607.5,70817.99
1770421200000000000,0.0,103607.5,103607.5,70645.22
1770421500000000000,0.0,103607.5,103607.5,70712.92000000001
1770421800000000000,0.0,103607.5,103607.5,70569.99
1770422100000000000,0.0,103607.5,103607.5,70580.26
1770422400000000000,0.0,103607.5,103607.5,70257.2
1770422700000000000,0.0,103607.5,103607.5,70094.59999999999
1770423000000000000,0.0,103607.5,103607.5,70271.66
1770423900000000000,0.0,103607.5,103607.5,70111.07999999999
1770425700000000000,0.0,103607.5,103607.5,69958.0
1770427500000000000,0.0,103607.5,103607.5,69982.53
1770429300000000000,0.0,103607.5,103607.5,70471.49
1770431100000000000,0.0,103607.5,103607.5,70441.89
1770432900000000000,0.0,103607.5,103607.5,70361.37
1770434700000000000,0.070567,103606.5,103606.5,70861.62
1770436500000000000,0.070567,103606.5,103606.5,70918.98999999999
1770438300000000000,0.103634,103606.03,103606.03,71151.31
1770440100000000000,0.103634,103606.03,103606.03,70768.13
1770441900000000000,0.103634,103606.03,103606.03,70271.97
1770443700000000000,0.103634,103606.03,103606.03,70161.5
1770445500000000000,0.103634,103606.03,103606.03,70215.31
1770447300000000000,0.330133,103762.64,103762.64,68769.65000000001
1770449100000000000,0.330133,103762.64,103762.64,68031.2
1770450900000000000,0.330133,103762.64,103762.64,68087.14
1770452700000000000,0.330133,103762.64,103762.64,68404.33
1770454500000000000,0.330133,103762.64,103762.64,68495.01000000001
1770456300000000000,0.330133,103762.64,103762.64,68464.24
1770458100000000000,0.330133,103762.64,103762.64,68138.20000000001
1770459900000000000,0.330133,103762.64,103762.64,67946.20000000001
1770461700000000000,0.330133,103762.64,103762.64,67987.0
1770462000000000000,0.0,103416.88,103416.88,68090.09999999999
1770462300000000000,0.0,103416.88,103416.88,68092.9
1770462600000000000,0.0,103416.88,103416.88,67946.06
1770462900000000000,0.0,103416.88,103416.88,68048.39
1770463200000000000,0.0,103416.88,103416.88,67882.69
1770463500000000000,0.0,103416.88,103416.88,67926.9
1770463800000000000,0.0,103416.88,103416.88,67957.89
1770464100000000000,0.0,103416.88,103416.88,67854.06
1770464400000000000,0.0,103416.88,103416.88,67823.19
1770464700000000000,0.0,103416.88,103416.88,67773.87
1770465000000000000,0.0,103416.88,103416.88,67720.36
1770465300000000000,0.0,103416.88,103416.88,67972.65
1770465600000000000,0.0,103416.88,103416.88,68406.81
1770465900000000000,0.0,103416.88,103416.88,68782.18
1770466200000000000,0.0,103416.88,103416.88,68849.66
1770466500000000000,0.0,103416.88,103416.88,69864.75
1770466800000000000,0.0,103416.88,103416.88,69265.19
1770467100000000000,0.0,103416.88,103416.88,69328.68
1770467400000000000,0.0,103416.88,103416.88,69592.53
1770467700000000000,0.0,103416.88,103416.88,69295.37999999999
1770468000000000000,0.0,103416.88,103416.88,69157.33
1770468300000000000,0.0,103416.88,103416.88,69239.6
1770468600000000000,0.0,103416.88,103416.88,68818.08
1770468900000000000,0.0,103416.88,103416.88,69024.98
1770469200000000000,0.0,103416.88,103416.88,69151.5
1770470700000000000,0.0,103416.88,103416.88,69256.58
1770472500000000000,0.0,103416.88,103416.88,69093.98000000001
1770474300000000000,0.0,103416.88,103416.88,68952.69
1770476100000000000,0.0,103416.88,103416.88,68645.99
1770477900000000000,0.0,103416.88,103416.88,69268.53
1770479700000000000,0.0,103416.88,103416.88,69151.5
1770481500000000000,0.0,103416.88,103416.88,69305.5
1770483300000000000,0.0,103416.88,103416.88,68957.15999999999
1770485100000000000,0.0,103416.88,103416.88,69077.29
1770486900000000000,0.0,103416.88,103416.88,69188.81
1770488700000000000,0.0,103416.88,103416.88,69353.65000000001
1770490500000000000,0.0,103416.88,103416.88,69514.11
1770492300000000000,0.0,103416.88,103416.88,69430.38
1770494100000000000,0.0,103416.88,103416.88,69373.61
1770495900000000000,0.0,103416.88,103416.88,69443.73000000001
1770497700000000000,0.0,103416.88,103416.88,69631.18000000001
1770499500000000000,0.0,103416.88,103416.88,69500.01
1770501300000000000,0.0,103416.88,103416.88,69497.99
1770503100000000000,0.0,103416.88,103416.88,69574.37000000001
1770504900000000000,0.0,103416.88,103416.88,69399.34
1770506700000000000,0.0,103416.88,103416.88,69040.81
1770508500000000000,0.0,103416.88,103416.88,69289.37999999999
1770510300000000000,0.0,103416.88,103416.88,69050.0
1770512100000000000,0.0,103416.88,103416.88,69133.79
1770513900000000000,0.0,103416.88,103416.88,69151.49
1770515700000000000,0.0,103416.88,103416.88,69379.57
1770517500000000000,0.0,103416.88,103416.88,69436.98999999999
1770519300000000000,0.0,103416.88,103416.88,69370.7
1770521100000000000,0.0,103416.88,103416.88,69341.45
1770522900000000000,0.0,103416.88,103416.88,69099.99
1770524700000000000,0.0,103416.88,103416.88,69234.59
1770526500000000000,0.0,103416.88,103416.88,69340.16
1770528300000000000,0.0,103416.88,103416.88,69276.44
1770530100000000000,0.0,103416.88,103416.88,69220.51999999999
1770531900000000000,0.0,103416.88,103416.88,69372.08
1770533700000000000,0.0,103416.88,103416.88,69361.18000000001
1770535500000000000,0.0,103416.88,103416.88,69473.66
1770537300000000000,0.071874,103415.87999999999,103415.87999999999,69710.69
1770539100000000000,0.143478,103414.88,103414.88,70212.08
1770540900000000000,0.143478,103414.88,103414.88,70665.59
1770542700000000000,0.143478,103414.88,103414.88,70453.59
1770544500000000000,0.143478,103414.88,103414.88,70107.19
1770546300000000000,0.143478,103414.88,103414.88,70046.13
1770548100000000000,0.143478,103414.88,103414.88,70266.41
1770549900000000000,0.143478,103414.88,103414.88,70704.0
1770551700000000000,0.143478,103414.88,103414.88,70999.98000000001
1770553500000000000,0.143478,103414.88,103414.88,70959.87999999999
1770555300000000000,0.143478,103414.88,103414.88,71249.95
1770557100000000000,0.143478,103414.88,103414.88,71454.66
1770558900000000000,0.143478,103414.88,103414.88,71514.77
1770560700000000000,0.143478,103414.88,103414.88,71242.85
1770562500000000000,0.143478,103414.88,103414.88,71262.19
1770564300000000000,0.143478,103414.88,103414.88,70906.3
1770566100000000000,0.143478,103414.88,103414.88,71188.98999999999
1770567900000000000,0.143478,103414.88,103414.88,71150.73999999999
1770569700000000000,0.143478,103414.88,103414.88,70416.0
1770571500000000000,0.143478,103414.88,103414.88,70560.33
1770573300000000000,0.143478,103414.88,103414.88,70785.99
1770575100000000000,0.143478,103414.88,103414.88,70984.41
1770576900000000000,0.143478,103414.88,103414.88,71147.25
1770578700000000000,0.143478,103414.88,103414.88,71201.49
1770580500000000000,0.143478,103414.88,103414.88,71422.97
1770582300000000000,0.143478,103414.88,103414.88,71025.69
1770584100000000000,0.143478,103414.88,103414.88,70835.17
1770585900000000000,0.143478,103414.88,103414.88,70972.39
1770587700000000000,0.072595,103354.25,103354.25,70700.0
1770589500000000000,0.072595,103354.25,103354.25,70851.43000000001
1770591300000000000,0.072595,103354.25,103354.25,71066.09
1770593100000000000,0.244235,103351.8,103351.8,70514.0
1770594900000000000,0.030305,103523.97,103523.97,70330.38
1770596700000000000,0.030305,103523.97,103523.97,70479.39
1770598500000000000,0.030305,103523.97,103523.97,70502.38
1770600300000000000,0.030305,103523.97,103523.97,70715.97
1770602100000000000,0.030305,103523.97,103523.97,70369.53
1770603900000000000,0.030305,103523.97,103523.97,70460.0
1770605700000000000,0.030305,103523.97,103523.97,70629.99
1770607500000000000,0.030305,103523.97,103523.97,70821.40000000001
1770609300000000000,0.030305,103523.97,103523.97,71307.56
1770611100000000000,0.030305,103523.97,103523.97,71251.26000000001
1770612900000000000,0.030305,103523.97,103523.97,71005.01000000001
1770614700000000000,0.030305,103523.97,103523.97,71024.0
1770616500000000000,0.030305,103523.97,103523.97,71044.51
1770618300000000000,0.030305,103523.97,103523.97,70420.34999999999
1770620100000000000,0.030305,103523.97,103523.97,70667.95
1770621900000000000,0.030305,103523.97,103523.97,70722.16
1770623700000000000,0.030305,103523.97,103523.97,70422.59
1770625500000000000,0.030305,103523.97,103523.97,70087.2
1770627300000000000,0.030305,103523.97,103523.97,69873.99
1770629100000000000,0.030305,103523.97,103523.97,69895.37999999999
1770630900000000000,0.030305,103523.97,103523.97,69630.34999999999
1770632700000000000,0.030305,103523.97,103523.97,69038.84000000001
1770634500000000000,0.030305,103523.97,103523.97,68727.87999999999
1770636300000000000,0.030305,103523.97,103523.97,68866.09
1770638100000000000,0.030305,103523.97,103523.97,68928.72
1770639900000000000,0.030305,103523.97,103523.97,69042.5
1770641700000000000,0.030305,103523.97,103523.97,69147.01000000001
1770643500000000000,0.030305,103523.97,103523.97,69270.0
1770645300000000000,0.04245,103589.98000000001,103589.98000000001,68594.56999999999
1770647100000000000,0.095637,103589.25,103589.25,68994.7
1770648900000000000,0.120414,103672.24,103672.24,69272.0
1770650700000000000,0.335376,103669.24,103669.24,68921.04
1770652500000000000,0.335376,103669.24,103669.24,69563.37
1770654300000000000,0.335376,103669.24,103669.24,69604.0
1770656100000000000,0.335376,103669.24,103669.24,70093.01000000001
1770657900000000000,0.335376,103669.24,103669.24,70049.31
1770659700000000000,0.335376,103669.24,103669.24,70612.29000000001
1770661500000000000,0.335376,103669.24,103669.24,70284.03
1770663300000000000,0.335376,103669.24,103669.24,70418.68000000001
1770665100000000000,0.335376,103669.24,103669.24,70676.47
1770666900000000000,0.335376,103669.24,103669.24,70957.01000000001
1770668700000000000,0.335376,103669.24,103669.24,70550.15000000001
1770670500000000000,0.335376,103669.24,103669.24,70738.71
1770672300000000000,0.335376,103669.24,103669.24,70318.51
1770674100000000000,0.335376,103669.24,103669.24,70400.0
1770675900000000000,0.335376,103669.24,103669.24,70442.52
1770677700000000000,0.335376,103669.24,103669.24,70372.96
1770679500000000000,0.335376,103669.24,103669.24,70287.54999999999
1770681300000000000,0.335376,103669.24,103669.24,70138.0
1770683100000000000,0.335376,103669.24,103669.24,69987.99
1770684900000000000,0.335376,103669.24,103669.24,69827.33
1770686700000000000,0.335376,103669.24,103669.24,70366.01
1770688500000000000,0.335376,103669.24,103669.24,70486.81999999999
1770690300000000000,0.335376,103669.24,103669.24,70248.51
1770692100000000000,0.335376,103669.24,103669.24,70102.89
1770693900000000000,0.335376,103669.24,103669.24,69543.94
1770695700000000000,0.335376,103669.24,103669.24,69511.83
1770697500000000000,0.335376,103669.24,103669.24,69823.66
1770699300000000000,0.335376,103669.24,103669.24,69831.62
1770701100000000000,0.335376,103669.24,103669.24,69526.8
1770702900000000000,0.263341,103685.70999999999,103685.70999999999,69447.64
1770704700000000000,0.190968,103725.70999999999,103725.70999999999,69209.14
1770706500000000000,0.190968,103725.70999999999,103725.70999999999,68921.35
1770708300000000000,0.190968,103725.70999999999,103725.70999999999,69091.99
1770710100000000000,0.190968,103725.70999999999,103725.70999999999,68919.66
1770711900000000000,0.190968,103725.70999999999,103725.70999999999,69034.96
1770713700000000000,0.190968,103725.70999999999,103725.70999999999,69142.0
1770715500000000000,0.190968,103725.70999999999,103725.70999999999,69280.54000000001
1770717300000000000,0.190968,103725.70999999999,103725.70999999999,69151.5
1770719100000000000,0.190968,103725.70999999999,103725.70999999999,69176.09
1770720900000000000,0.190968,103725.70999999999,103725.70999999999,68921.68
1770722700000000000,0.190968,103725.70999999999,103725.70999999999,68931.12
1770724500000000000,0.190968,103725.70999999999,103725.70999999999,68535.01000000001
1770726300000000000,0.190968,103725.70999999999,103725.70999999999,68761.34
1770728100000000000,0.190968,103725.70999999999,103725.70999999999,68610.12
1770729900000000000,0.190968,103725.70999999999,103725.70999999999,68734.86
1770731700000000000,0.190968,103725.70999999999,103725.70999999999,69027.95
1770733500000000000,0.190968,103725.70999999999,103725.70999999999,69225.14
1770735300000000000,0.190968,103725.70999999999,103725.70999999999,68460.4
1770737100000000000,0.190968,103725.70999999999,103725.70999999999,69224.17
1770738900000000000,0.190968,103725.70999999999,103725.70999999999,69293.37
1770740700000000000,0.190968,103725.70999999999,103725.70999999999,69425.24
1770742500000000000,0.190968,103725.70999999999,103725.70999999999,69517.70999999999
1770744300000000000,0.190968,103725.70999999999,103725.70999999999,69671.23
1770746100000000000,0.190968,103725.70999999999,103725.70999999999,69925.31
1770747900000000000,0.190968,103725.70999999999,103725.70999999999,68903.74
1770749700000000000,0.190968,103725.70999999999,103725.70999999999,68894.36
1770751500000000000,0.190968,103725.70999999999,103725.70999999999,68932.0
1770753300000000000,0.190968,103725.70999999999,103725.70999999999,69062.01
1770755100000000000,0.190968,103725.70999999999,103725.70999999999,68812.75
1770756900000000000,0.190968,103725.70999999999,103725.70999999999,68753.7
1770758700000000000,0.190968,103725.70999999999,103725.70999999999,68652.26999999999
1770760500000000000,0.117966,103809.49,103809.49,68656.21
1770762300000000000,0.117966,103809.49,103809.49,68686.95
1770764100000000000,0.117966,103809.49,103809.49,68707.18000000001
1770765900000000000,0.117966,103809.49,103809.49,68663.25
1770767700000000000,0.117966,103809.49,103809.49,68841.29
1770769500000000000,0.117966,103809.49,103809.49,69186.76
1770771300000000000,0.117966,103809.49,103809.49,69201.14
1770773100000000000,0.117966,103809.49,103809.49,68959.71999999999
1770774900000000000,0.117966,103809.49,103809.49,68982.0
1770776700000000000,0.117966,103809.49,103809.49,69057.2
1770778500000000000,0.117966,103809.49,103809.49,68677.33
1770780300000000000,0.065143,103892.41,103892.41,68288.19
1770782100000000000,0.065143,103892.41,103892.41,68187.99
1770783900000000000,0.065143,103892.41,103892.41,67576.63
1770785700000000000,0.065143,103892.41,103892.41,67584.46
1770787500000000000,0.065143,103892.41,103892.41,67587.43000000001
1770789300000000000,0.065143,103892.41,103892.41,67404.28000000001
1770791100000000000,0.065143,103892.41,103892.41,67120.96
1770792900000000000,0.065143,103892.41,103892.41,66820.32
1770794700000000000,0.065143,103892.41,103892.41,67005.98000000001
1770796500000000000,0.065143,103892.41,103892.41,67032.72
1770798300000000000,0.065143,103892.41,103892.41,66926.17
1770800100000000000,0.065143,103892.41,103892.41,66981.06999999999
1770801900000000000,0.065143,103892.41,103892.41,66978.43
1770803700000000000,0.065143,103892.41,103892.41,66872.03
1770805500000000000,0.065143,103892.41,103892.41,66865.54999999999
1770807300000000000,0.065143,103892.41,103892.41,66531.99
1770809100000000000,0.065143,103892.41,103892.41,66993.06
1770810900000000000,0.065143,103892.41,103892.41,67053.03
1770812700000000000,0.065143,103892.41,103892.41,67220.85
1770814500000000000,0.065143,103892.41,103892.41,67133.5
1770816300000000000,0.065143,103892.41,103892.41,67018.77
1770818100000000000,0.139342,103891.41,103891.41,67454.49
1770819900000000000,0.213102,103890.41,103890.41,68000.0
1770821700000000000,0.012177,104235.53,104235.53,66584.6
1770823500000000000,0.067511,104234.8,104234.8,66191.99
1770825300000000000,0.067511,104234.8,104234.8,66519.73000000001
1770827100000000000,0.067511,104234.8,104234.8,66602.71
1770828900000000000,0.067511,104234.8,104234.8,66039.09000000001
1770830700000000000,0.067511,104234.8,104234.8,66655.4
1770832500000000000,0.067511,104234.8,104234.8,66518.26
1770834300000000000,0.067511,104234.8,104234.8,66917.95999999999
1770836100000000000,0.067511,104234.8,104234.8,67275.34
1770837900000000000,0.067511,104234.8,104234.8,67436.32
1770839700000000000,0.067511,104234.8,104234.8,67586.67
1770841500000000000,0.067511,104234.8,104234.8,67213.3
1770843300000000000,0.067511,104234.8,104234.8,67555.98000000001
1770845100000000000,0.067511,104234.8,104234.8,68202.84000000001
1770846900000000000,0.067511,104234.8,104234.8,67811.17
1770848700000000000,0.067511,104234.8,104234.8,67569.57
1770850500000000000,0.067511,104234.8,104234.8,67433.14
1770852300000000000,0.067511,104234.8,104234.8,67016.62000000001
1770854100000000000,0.067511,104234.8,104234.8,67082.52
1770855900000000000,0.067511,104234.8,104234.8,67392.13
1770857700000000000,0.067511,104234.8,104234.8,67460.75
1770859500000000000,0.067511,104234.8,104234.8,67809.42
1770861300000000000,0.067511,104234.8,104234.8,67699.01000000001
1770863100000000000,0.067511,104234.8,104234.8,67532.4
1770864900000000000,0.067511,104234.8,104234.8,67439.14
1770866700000000000,0.067511,104234.8,104234.8,67382.85
1770868500000000000,0.067511,104234.8,104234.8,67580.98999999999
1770870300000000000,0.067511,104234.8,104234.8,67212.01
1770872100000000000,0.067511,104234.8,104234.8,67018.4
1770873900000000000,0.067511,104234.8,104234.8,66877.01000000001
1770875700000000000,0.067511,104234.8,104234.8,67141.93
1770877500000000000,0.067511,104234.8,104234.8,67290.9
1770879300000000000,0.067511,104234.8,104234.8,67125.57
1770881100000000000,0.067511,104234.8,104234.8,67228.2
1770882900000000000,0.067511,104234.8,104234.8,67217.72
1770884700000000000,0.067511,104234.8,104234.8,66932.0
1770886500000000000,0.067511,104234.8,104234.8,67141.15
1770888300000000000,0.067511,104234.8,104234.8,67296.77
1770890100000000000,0.006672,104311.14,104311.14,67550.47
1770891900000000000,0.006672,104311.14,104311.14,67609.81
1770893700000000000,0.080432,104310.14,104310.14,68014.01
1770895500000000000,0.080432,104310.14,104310.14,68208.64
1770897300000000000,0.080432,104310.14,104310.14,68076.01
1770899100000000000,0.080432,104310.14,104310.14,67985.12
1770900900000000000,0.080432,104310.14,104310.14,67865.31
1770902700000000000,0.080432,104310.14,104310.14,67769.42
1770904500000000000,0.080432,104310.14,104310.14,68376.58
1770906300000000000,0.080432,104310.14,104310.14,67994.9
1770908100000000000,0.080432,104310.14,104310.14,67577.02
1770909900000000000,0.080432,104310.14,104310.14,67855.14
1770911700000000000,0.080432,104310.14,104310.14,67134.73999999999
1770913500000000000,0.371131,104394.71,104394.71,66065.40000000001
1770915300000000000,0.371131,104394.71,104394.71,65863.37
1770917100000000000,0.371131,104394.71,104394.71,66129.25
1770918900000000000,0.371131,104394.71,104394.71,65413.990000000005
1770920700000000000,0.371131,104394.71,104394.71,65304.009999999995
1770922500000000000,0.371131,104394.71,104394.71,65590.95
1770923400000000000,0.371131,104394.71,104394.71,65448.57
1770923700000000000,0.0,104051.18000000001,104051.18000000001,65597.0
1770924000000000000,0.0,104051.18000000001,104051.18000000001,65930.22
1770924300000000000,0.0,104051.18000000001,104051.18000000001,65780.0
1770924600000000000,0.0,104051.18000000001,104051.18000000001,65883.47
1770924900000000000,0.0,104051.18000000001,104051.18000000001,65970.83
1770925200000000000,0.0,104051.18000000001,104051.18000000001,65979.2
1770925500000000000,0.0,104051.18000000001,104051.18000000001,66056.19
1770925800000000000,0.0,104051.18000000001,104051.18000000001,65888.83
1770926100000000000,0.0,104051.18000000001,104051.18000000001,65788.36
1770926400000000000,0.0,104051.18000000001,104051.18000000001,65935.1
1770926700000000000,0.0,104051.18000000001,104051.18000000001,65841.54
1770927000000000000,0.0,104051.18000000001,104051.18000000001,65704.14
1770927300000000000,0.0,104051.18000000001,104051.18000000001,65726.06
1770927600000000000,0.0,104051.18000000001,104051.18000000001,65610.0
1770927900000000000,0.0,104051.18000000001,104051.18000000001,65505.7
1770928200000000000,0.0,104051.18000000001,104051.18000000001,65495.16
1770928500000000000,0.0,104051.18000000001,104051.18000000001,65634.41
1770928800000000000,0.0,104051.18000000001,104051.18000000001,65546.68000000001
1770929100000000000,0.0,104051.18000000001,104051.18000000001,65384.009999999995
1770929400000000000,0.0,104051.18000000001,104051.18000000001,65417.19
1770929700000000000,0.0,104051.18000000001,104051.18000000001,65428.56
1770930000000000000,0.0,104051.18000000001,104051.18000000001,65642.42
1770930300000000000,0.0,104051.18000000001,104051.18000000001,65623.8
1770930600000000000,0.0,104051.18000000001,104051.18000000001,65669.89
1770930900000000000,0.0,104051.18000000001,104051.18000000001,65779.99
1770931200000000000,0.0,104051.18000000001,104051.18000000001,65522.009999999995
1770931500000000000,0.0,104051.18000000001,104051.18000000001,65603.49
1770931800000000000,0.0,104051.18000000001,104051.18000000001,65759.99
1770932100000000000,0.0,104051.18000000001,104051.18000000001,65782.89
1770932400000000000,0.0,104051.18000000001,104051.18000000001,65817.22
1770932700000000000,0.0,104051.18000000001,104051.18000000001,65770.87
1770933000000000000,0.0,104051.18000000001,104051.18000000001,65882.19
1770933300000000000,0.0,104051.18000000001,104051.18000000001,65849.87
1770933600000000000,0.0,104051.18000000001,104051.18000000001,65878.73
1770933900000000000,0.0,104051.18000000001,104051.18000000001,65810.0
1770934200000000000,0.0,104051.18000000001,104051.18000000001,65816.45000000001
1770934500000000000,0.0,104051.18000000001,104051.18000000001,65727.99
1770934800000000000,0.0,104051.18000000001,104051.18000000001,65839.7
1770935100000000000,0.0,104051.18000000001,104051.18000000001,65959.81
1770935400000000000,0.0,104051.18000000001,104051.18000000001,65941.93
1770935700000000000,0.0,104051.18000000001,104051.18000000001,65949.66
1770936000000000000,0.0,104051.18000000001,104051.18000000001,66199.99
1770936300000000000,0.0,104051.18000000001,104051.18000000001,66352.01
1770936600000000000,0.0,104051.18000000001,104051.18000000001,66260.87
1770936900000000000,0.0,104051.18000000001,104051.18000000001,66288.0
1770938700000000000,0.0,104051.18000000001,104051.18000000001,66404.21
1770940500000000000,0.0,104051.18000000001,104051.18000000001,66272.17
1770942300000000000,0.0,104051.18000000001,104051.18000000001,66026.92
1770944100000000000,0.075869,104050.18,104050.18,65918.59999999999
1770945900000000000,0.075869,104050.18,104050.18,66225.43000000001
1770947700000000000,0.075869,104050.18,104050.18,66454.95
1770949500000000000,0.075869,104050.18,104050.18,66538.05
1770951300000000000,0.074117,104106.56,104106.56,66663.07999999999
1770953100000000000,0.074117,104106.56,104106.56,66679.0
1770954900000000000,0.074117,104106.56,104106.56,66553.08
1770956700000000000,0.074117,104106.56,104106.56,66450.01
1770958500000000000,0.074117,104106.56,104106.56,66329.22
1770960300000000000,0.074117,104106.56,104106.56,66324.94
1770962100000000000,0.074117,104106.56,104106.56,66175.79
1770963900000000000,0.074117,104106.56,104106.56,66123.99
1770965700000000000,0.074117,104106.56,104106.56,66359.28
1770967500000000000,0.074117,104106.56,104106.56,66514.43
1770969300000000000,0.074117,104106.56,104106.56,66208.96
1770971100000000000,0.074117,104106.56,104106.56,66414.04000000001
1770972900000000000,0.074117,104106.56,104106.56,66699.96
1770974700000000000,0.074117,104106.56,104106.56,66820.37000000001
1770976500000000000,0.223243,104104.56,104104.56,66959.70999999999
1770978300000000000,0.223243,104104.56,104104.56,66911.7
1770980100000000000,0.223243,104104.56,104104.56,66977.66
1770981900000000000,0.223243,104104.56,104104.56,66982.59999999999
1770983700000000000,0.223243,104104.56,104104.56,67171.42
1770985500000000000,0.223243,104104.56,104104.56,67097.17
1770987300000000000,0.223243,104104.56,104104.56,67084.0
1770989100000000000,0.223243,104104.56,104104.56,67337.20999999999
1770990900000000000,0.223243,104104.56,104104.56,67274.15000000001
1770992700000000000,0.223243,104104.56,104104.56,67311.84
1770994500000000000,0.223243,104104.56,104104.56,67733.51
1770996300000000000,0.296336,104103.56,104103.56,68895.87999999999
1770998100000000000,0.310812,104103.36,104103.36,68692.12000000001
1770999900000000000,0.310812,104103.36,104103.36,69079.39
1771001700000000000,0.310812,104103.36,104103.36,68954.69
1771003500000000000,0.310812,104103.36,104103.36,68975.97
1771005300000000000,0.310812,104103.36,104103.36,69047.99
1771007100000000000,0.310812,104103.36,104103.36,69069.99
1771008900000000000,0.310812,104103.36,104103.36,69129.99
1771010700000000000,0.310812,104103.36,104103.36,69008.0
1771011300000000000,0.310812,104103.36,104103.36,69020.01
1771011600000000000,0.0,103599.13,103599.13,68933.79999999999
1771011900000000000,0.0,103599.13,103599.13,69008.45000000001
1771012200000000000,0.0,103599.13,103599.13,68995.61
1771012500000000000,0.0,103599.13,103599.13,68938.90999999999
1771012800000000000,0.0,103599.13,103599.13,68904.42
1771013100000000000,0.0,103599.13,103599.13,68894.05
1771013400000000000,0.0,103599.13,103599.13,68805.79999999999
1771013700000000000,0.0,103599.13,103599.13,68860.4
1771014000000000000,0.0,103599.13,103599.13,68896.42
1771014300000000000,0.0,103599.13,103599.13,68828.51999999999
1771014600000000000,0.0,103599.13,103599.13,68808.01
1771014900000000000,0.0,103599.13,103599.13,68833.99
1771015200000000000,0.0,103599.13,103599.13,68846.0
1771015500000000000,0.0,103599.13,103599.13,68843.99
1771015800000000000,0.0,103599.13,103599.13,68759.70999999999
1771016100000000000,0.0,103599.13,103599.13,68777.12
1771016400000000000,0.0,103599.13,103599.13,68903.19
1771016700000000000,0.0,103599.13,103599.13,68990.88
1771017000000000000,0.0,103599.13,103599.13,69001.15
1771017300000000000,0.0,103599.13,103599.13,68933.65000000001
1771017600000000000,0.0,103599.13,103599.13,68916.0
1771017900000000000,0.0,103599.13,103599.13,68903.11
1771018200000000000,0.0,103599.13,103599.13,68855.23999999999
1771018500000000000,0.0,103599.13,103599.13,68833.98000000001
1771019700000000000,0.0,103599.13,103599.13,68902.48
1771021500000000000,0.0,103599.13,103599.13,68879.6
1771023300000000000,0.0,103599.13,103599.13,68995.28
1771025100000000000,0.0,103599.13,103599.13,68906.01
1771026900000000000,0.0,103599.13,103599.13,68853.95999999999
1771028700000000000,0.0,103599.13,103599.13,68903.19
1771030500000000000,0.0,103599.13,103599.13,69090.24
1771032300000000000,0.0,103599.13,103599.13,69052.53
1771034100000000000,0.0,103599.13,103599.13,68964.51
1771035900000000000,0.0,103599.13,103599.13,68907.84
1771037700000000000,0.0,103599.13,103599.13,68884.21
1771039500000000000,0.0,103599.13,103599.13,68937.99
1771041300000000000,0.0,103599.13,103599.13,68981.99
1771043100000000000,0.0,103599.13,103599.13,68907.99
1771044900000000000,0.0,103599.13,103599.13,68790.0
1771046700000000000,0.0,103599.13,103599.13,68876.16
1771048500000000000,0.0,103599.13,103599.13,68773.42
1771050300000000000,0.0,103599.13,103599.13,68893.98000000001
1771052100000000000,0.0,103599.13,103599.13,68936.98
1771053900000000000,0.0,103599.13,103599.13,68956.92000000001
1771055700000000000,0.072231,103598.13,103598.13,69219.26000000001
1771057500000000000,0.101699,103597.72,103597.72,69495.5
1771059300000000000,0.101699,103597.72,103597.72,69746.20000000001
1771061100000000000,0.101699,103597.72,103597.72,69595.11
1771062900000000000,0.101699,103597.72,103597.72,69714.93000000001
1771064700000000000,0.101699,103597.72,103597.72,69619.98000000001
1771066500000000000,0.101699,103597.72,103597.72,69671.86
1771068300000000000,0.101699,103597.72,103597.72,70194.0
1771070100000000000,0.101699,103597.72,103597.72,70505.74
1771071900000000000,0.101699,103597.72,103597.72,70356.38
1771073700000000000,0.101699,103597.72,103597.72,69640.2
1771075500000000000,0.101699,103597.72,103597.72,69270.67
1771077300000000000,0.101699,103597.72,103597.72,69460.0
1771079100000000000,0.101699,103597.72,103597.72,69455.6
1771080900000000000,0.101699,103597.72,103597.72,69701.66
1771082700000000000,0.101699,103597.72,103597.72,69874.24
1771084500000000000,0.101699,103597.72,103597.72,69778.28
1771086300000000000,0.101699,103597.72,103597.72,69424.93000000001
1771088100000000000,0.101699,103597.72,103597.72,69755.1
1771089900000000000,0.101699,103597.72,103597.72,69819.16
1771091700000000000,0.101699,103597.72,103597.72,69739.37999999999
1771093500000000000,0.101699,103597.72,103597.72,69742.19
1771095300000000000,0.101699,103597.72,103597.72,69772.31
1771097100000000000,0.101699,103597.72,103597.72,69840.14
1771098900000000000,0.101699,103597.72,103597.72,69873.99
1771100700000000000,0.101699,103597.72,103597.72,69830.88
1771102500000000000,0.101699,103597.72,103597.72,70023.09000000001
1771104300000000000,0.172985,103596.72,103596.72,69997.74
1771106100000000000,0.172985,103596.72,103596.72,69935.86
1771107900000000000,0.172985,103596.72,103596.72,69940.72
1771109700000000000,0.172985,103596.72,103596.72,69959.75
1771111500000000000,0.172985,103596.72,103596.72,69828.09
1771113300000000000,0.172985,103596.72,103596.72,69822.95
1771115100000000000,0.172985,103596.72,103596.72,69695.77
1771116900000000000,0.172985,103596.72,103596.72,69777.06999999999
1771118700000000000,0.172985,103596.72,103596.72,69529.34
1771120500000000000,0.172985,103596.72,103596.72,69717.65000000001
1771122300000000000,0.172985,103596.72,103596.72,69475.48000000001
1771124100000000000,0.172985,103596.72,103596.72,69480.01
1771125900000000000,0.172985,103596.72,103596.72,69445.6
1771127700000000000,0.172985,103596.72,103596.72,69954.5
1771129500000000000,0.172985,103596.72,103596.72,70198.17
1771131300000000000,0.172985,103596.72,103596.72,70183.99
1771133100000000000,0.172985,103596.72,103596.72,70331.18000000001
1771134900000000000,0.172985,103596.72,103596.72,70267.61
1771136700000000000,0.172985,103596.72,103596.72,70375.97
1771138500000000000,0.172985,103596.72,103596.72,70405.12
1771140300000000000,0.243749,103595.71999999999,103595.71999999999,70674.98999999999
1771142100000000000,0.243749,103595.71999999999,103595.71999999999,70828.42
1771143900000000000,0.257842,103595.52,103595.52,70568.01999999999
1771145700000000000,0.257842,103595.52,103595.52,70446.52
1771147500000000000,0.257842,103595.52,103595.52,70628.81999999999
1771149300000000000,0.257842,103595.52,103595.52,70419.11
1771151100000000000,0.257842,103595.52,103595.52,70433.43000000001
1771152900000000000,0.257842,103595.52,103595.52,70427.02
1771154700000000000,0.257842,103595.52,103595.52,70384.09
1771156500000000000,0.257842,103595.52,103595.52,70295.22
1771158300000000000,0.043732,103579.62,103579.62,70370.31
1771160100000000000,0.171299,103587.1,103587.1,69314.21
1771161900000000000,0.171299,103587.1,103587.1,69056.85
1771163700000000000,0.171299,103587.1,103587.1,68930.0
1771165500000000000,0.171299,103587.1,103587.1,69088.5
1771167300000000000,0.171299,103587.1,103587.1,69170.51
1771169100000000000,0.171299,103587.1,103587.1,68894.5
1771170900000000000,0.171299,103587.1,103587.1,69099.99
1771172700000000000,0.171299,103587.1,103587.1,69065.49
1771174500000000000,0.171299,103587.1,103587.1,69017.75
1771176300000000000,0.171299,103587.1,103587.1,68985.99
1771178100000000000,0.171299,103587.1,103587.1,68641.20999999999
1771179900000000000,0.171299,103587.1,103587.1,68559.92
1771181700000000000,0.171299,103587.1,103587.1,68451.44
1771183500000000000,0.171299,103587.1,103587.1,68549.39
1771185300000000000,0.171299,103587.1,103587.1,68286.63
1771187100000000000,0.171299,103587.1,103587.1,68484.94
1771188900000000000,0.171299,103587.1,103587.1,68450.0
1771190700000000000,0.171299,103587.1,103587.1,68789.99
1771192500000000000,0.171299,103587.1,103587.1,68852.01
1771194300000000000,0.098804,103529.06999999999,103529.06999999999,69011.19
1771196100000000000,0.098804,103529.06999999999,103529.06999999999,68999.96
1771197900000000000,0.244788,103527.06999999999,103527.06999999999,68648.11
1771199700000000000,0.244788,103527.06999999999,103527.06999999999,68832.58
1771201500000000000,0.244788,103527.06999999999,103527.06999999999,68850.96
1771203300000000000,0.244788,103527.06999999999,103527.06999999999,68845.81
1771205100000000000,0.244788,103527.06999999999,103527.06999999999,68722.9
1771206900000000000,0.244788,103527.06999999999,103527.06999999999,68630.81
1771208700000000000,0.244788,103527.06999999999,103527.06999999999,68350.51
1771210500000000000,0.391274,103525.06999999999,103525.06999999999,68320.48
1771212300000000000,0.391274,103525.06999999999,103525.06999999999,68182.59
1771214100000000000,0.391274,103525.06999999999,103525.06999999999,68424.81999999999
1771215900000000000,0.391274,103525.06999999999,103525.06999999999,68783.05
1771217700000000000,0.391274,103525.06999999999,103525.06999999999,68870.07
1771219500000000000,0.391274,103525.06999999999,103525.06999999999,68457.98000000001
1771221300000000000,0.391274,103525.06999999999,103525.06999999999,68385.29
1771223100000000000,0.391274,103525.06999999999,103525.06999999999,68348.37000000001
1771224900000000000,0.391274,103525.06999999999,103525.06999999999,68450.8
1771226700000000000,0.391274,103525.06999999999,103525.06999999999,68575.14
1771228500000000000,0.391274,103525.06999999999,103525.06999999999,68587.90000000001
1771230300000000000,0.391274,103525.06999999999,103525.06999999999,68735.37999999999
1771232100000000000,0.391274,103525.06999999999,103525.06999999999,68762.85
1771233900000000000,0.391274,103525.06999999999,103525.06999999999,68964.62000000001
1771235700000000000,0.391274,103525.06999999999,103525.06999999999,68992.71
1771237500000000000,0.391274,103525.06999999999,103525.06999999999,68797.39
1771239300000000000,0.391274,103525.06999999999,103525.06999999999,68798.22
1771241100000000000,0.391274,103525.06999999999,103525.06999999999,68666.03
1771242900000000000,0.391274,103525.06999999999,103525.06999999999,68812.83
1771244700000000000,0.17453,103625.15,103625.15,69505.01000000001
1771246500000000000,0.17453,103625.15,103625.15,69763.23999999999
1771248300000000000,0.17453,103625.15,103625.15,68611.0
1771250100000000000,0.17453,103625.15,103625.15,68395.1
1771251900000000000,0.17453,103625.15,103625.15,68316.81
1771253700000000000,0.17453,103625.15,103625.15,68427.64
1771255500000000000,0.17453,103625.15,103625.15,68243.06999999999
1771257300000000000,0.248431,103624.15000000001,103624.15000000001,67539.52
1771259100000000000,0.248431,103624.15000000001,103624.15000000001,67777.47
1771260900000000000,0.248431,103624.15000000001,103624.15000000001,67888.7
1771262700000000000,0.248431,103624.15000000001,103624.15000000001,67929.61
1771264500000000000,0.248431,103624.15000000001,103624.15000000001,67951.86
1771266300000000000,0.248431,103624.15000000001,103624.15000000001,68135.43000000001
1771268100000000000,0.248431,103624.15000000001,103624.15000000001,67860.13
1771269900000000000,0.248431,103624.15000000001,103624.15000000001,67970.25
1771271700000000000,0.248431,103624.15000000001,103624.15000000001,67913.43000000001
1771273500000000000,0.248431,103624.15000000001,103624.15000000001,68227.73000000001
1771275300000000000,0.248431,103624.15000000001,103624.15000000001,68530.0
1771277100000000000,0.248431,103624.15000000001,103624.15000000001,68525.99
1771278900000000000,0.248431,103624.15000000001,103624.15000000001,68862.88
1771280700000000000,0.248431,103624.15000000001,103624.15000000001,68601.0
1771282500000000000,0.248431,103624.15000000001,103624.15000000001,68591.02
1771284300000000000,0.248431,103624.15000000001,103624.15000000001,68648.01
1771286100000000000,0.248431,103624.15000000001,103624.15000000001,68892.43
1771287900000000000,0.248431,103624.15000000001,103624.15000000001,68880.59
1771289700000000000,0.248431,103624.15000000001,103624.15000000001,68878.26999999999
1771291500000000000,0.248431,103624.15000000001,103624.15000000001,68865.20999999999
1771293300000000000,0.248431,103624.15000000001,103624.15000000001,68618.11
1771295100000000000,0.103929,103736.53,103736.53,69041.6
1771296900000000000,0.103929,103736.53,103736.53,68838.48
1771298700000000000,0.103929,103736.53,103736.53,68652.0
1771300500000000000,0.103929,103736.53,103736.53,68474.9
1771302300000000000,0.103929,103736.53,103736.53,68603.95
1771304100000000000,0.103929,103736.53,103736.53,68481.67
1771305900000000000,0.103929,103736.53,103736.53,68052.01
1771307700000000000,0.103929,103736.53,103736.53,68245.70999999999
1771309500000000000,0.103929,103736.53,103736.53,68433.58
1771311300000000000,0.030911,103740.3,103740.3,68400.0
1771313100000000000,0.030911,103740.3,103740.3,68211.49
1771314900000000000,0.030911,103740.3,103740.3,68388.12000000001
1771316700000000000,0.030911,103740.3,103740.3,68299.56
1771318500000000000,0.030911,103740.3,103740.3,68177.53
1771320300000000000,0.030911,103740.3,103740.3,68031.33
1771322100000000000,0.030911,103740.3,103740.3,68126.28
1771323900000000000,0.178289,103738.3,103738.3,67916.3
1771325700000000000,0.178289,103738.3,103738.3,67845.3
1771327500000000000,0.178289,103738.3,103738.3,67900.0
1771329300000000000,0.178289,103738.3,103738.3,67854.59999999999
1771331100000000000,0.178289,103738.3,103738.3,68107.81
1771332900000000000,0.178289,103738.3,103738.3,67919.49
1771334700000000000,0.178289,103738.3,103738.3,68122.14
1771336500000000000,0.178289,103738.3,103738.3,68136.34
1771338300000000000,0.178289,103738.3,103738.3,68026.68000000001
1771340100000000000,0.326347,103736.3,103736.3,66875.06
1771341900000000000,0.326347,103736.3,103736.3,66845.0
1771343700000000000,0.326347,103736.3,103736.3,67392.05
1771345500000000000,0.326347,103736.3,103736.3,67531.95
1771347300000000000,0.326347,103736.3,103736.3,67517.36
1771349100000000000,0.326347,103736.3,103736.3,67467.45999999999
1771350900000000000,0.326347,103736.3,103736.3,67244.22
1771352700000000000,0.326347,103736.3,103736.3,67739.4
1771354500000000000,0.326347,103736.3,103736.3,68098.62000000001
1771356300000000000,0.326347,103736.3,103736.3,67880.2
1771358100000000000,0.326347,103736.3,103736.3,67793.31999999999
1771359900000000000,0.326347,103736.3,103736.3,67735.6
1771361700000000000,0.326347,103736.3,103736.3,67753.3
1771363500000000000,0.326347,103736.3,103736.3,67590.85
1771365300000000000,0.326347,103736.3,103736.3,67680.54000000001
1771367100000000000,0.326347,103736.3,103736.3,67699.99
1771368900000000000,0.326347,103736.3,103736.3,67527.71999999999
1771370700000000000,0.326347,103736.3,103736.3,67444.05
1771372500000000000,0.326347,103736.3,103736.3,67503.52
1771374300000000000,0.326347,103736.3,103736.3,67495.79
1771376100000000000,0.400646,103735.3,103735.3,67302.65
1771377900000000000,0.400646,103735.3,103735.3,67053.18000000001
1771379700000000000,0.475272,103734.3,103734.3,67165.2
1771381500000000000,0.475272,103734.3,103734.3,67220.0
1771383300000000000,0.475272,103734.3,103734.3,67335.04
1771385100000000000,0.475272,103734.3,103734.3,67539.43000000001
1771386900000000000,0.475272,103734.3,103734.3,67629.11
1771388700000000000,0.475272,103734.3,103734.3,67674.0
1771390500000000000,0.254313,103800.93000000001,103800.93000000001,67823.54
1771392300000000000,0.254313,103800.93000000001,103800.93000000001,67723.62
1771394100000000000,0.254313,103800.93000000001,103800.93000000001,67654.8
1771395900000000000,0.254313,103800.93000000001,103800.93000000001,67869.15999999999
1771397700000000000,0.254313,103800.93000000001,103800.93000000001,67850.52
1771399500000000000,0.254313,103800.93000000001,103800.93000000001,67751.14
1771401300000000000,0.034311,103932.21,103932.21,68106.43999999999
1771403100000000000,0.034311,103932.21,103932.21,68287.35
1771404900000000000,0.034311,103932.21,103932.21,68132.81999999999
1771406700000000000,0.034311,103932.21,103932.21,68149.87
1771408500000000000,0.034311,103932.21,103932.21,68157.79
1771410300000000000,0.034311,103932.21,103932.21,68041.90000000001
1771412100000000000,0.034311,103932.21,103932.21,67801.26000000001
1771413900000000000,0.034311,103932.21,103932.21,67455.43000000001
1771415700000000000,0.034311,103932.21,103932.21,67369.75
1771417500000000000,0.034311,103932.21,103932.21,67569.31
1771419300000000000,0.034311,103932.21,103932.21,67458.06
1771421100000000000,0.034311,103932.21,103932.21,67480.18
1771422900000000000,0.034311,103932.21,103932.21,67236.88
1771424700000000000,0.034311,103932.21,103932.21,67086.01
1771426500000000000,0.183775,103930.21,103930.21,67223.76
1771428300000000000,0.038309,104021.35,104021.35,67320.87
1771430100000000000,0.259559,104018.34999999999,104018.34999999999,67694.01
1771431900000000000,0.259559,104018.34999999999,104018.34999999999,67256.05
1771433700000000000,0.259559,104018.34999999999,104018.34999999999,67145.34
1771435500000000000,0.259559,104018.34999999999,104018.34999999999,67141.62
1771437300000000000,0.259559,104018.34999999999,104018.34999999999,67187.39
1771439100000000000,0.259559,104018.34999999999,104018.34999999999,66882.41
1771440900000000000,0.259559,104018.34999999999,104018.34999999999,66359.99
1771442700000000000,0.259559,104018.34999999999,104018.34999999999,66274.49
1771444500000000000,0.259559,104018.34999999999,104018.34999999999,66177.14
1771446300000000000,0.259559,104018.34999999999,104018.34999999999,66301.6
1771448100000000000,0.259559,104018.34999999999,104018.34999999999,66268.39
1771449900000000000,0.259559,104018.34999999999,104018.34999999999,66411.79
1771451700000000000,0.259559,104018.34999999999,104018.34999999999,66342.76
1771453500000000000,0.259559,104018.34999999999,104018.34999999999,66324.0
1771455300000000000,0.259559,104018.34999999999,104018.34999999999,66408.81999999999
1771457100000000000,0.259559,104018.34999999999,104018.34999999999,66314.18
1771458900000000000,0.259559,104018.34999999999,104018.34999999999,66461.0
1771460700000000000,0.259559,104018.34999999999,104018.34999999999,66405.06999999999
1771462500000000000,0.259559,104018.34999999999,104018.34999999999,66446.49
1771464300000000000,0.259559,104018.34999999999,104018.34999999999,66704.34999999999
1771466100000000000,0.259559,104018.34999999999,104018.34999999999,66866.62000000001
1771467900000000000,0.259559,104018.34999999999,104018.34999999999,66939.51
1771469700000000000,0.259559,104018.34999999999,104018.34999999999,66835.2
1771471500000000000,0.259559,104018.34999999999,104018.34999999999,66956.44
1771473300000000000,0.259559,104018.34999999999,104018.34999999999,66980.90999999999
1771475100000000000,0.259559,104018.34999999999,104018.34999999999,66888.17
1771476900000000000,0.259559,104018.34999999999,104018.34999999999,66802.75
1771478700000000000,0.259559,104018.34999999999,104018.34999999999,66741.53
1771480500000000000,0.259559,104018.34999999999,104018.34999999999,66871.35
1771482300000000000,0.334192,104017.35,104017.35,67176.84
1771484100000000000,0.408581,104016.34999999999,104016.34999999999,67150.12
1771485900000000000,0.408581,104016.34999999999,104016.34999999999,67213.02
1771487700000000000,0.408581,104016.34999999999,104016.34999999999,67206.45000000001
1771489500000000000,0.408581,104016.34999999999,104016.34999999999,66914.43
1771491300000000000,0.408581,104016.34999999999,104016.34999999999,66966.12
1771493100000000000,0.408581,104016.34999999999,104016.34999999999,67133.86
1771494900000000000,0.408581,104016.34999999999,104016.34999999999,66836.0
1771496700000000000,0.408581,104016.34999999999,104016.34999999999,66871.20999999999
1771498500000000000,0.408581,104016.34999999999,104016.34999999999,66843.07999999999
1771500300000000000,0.408581,104016.34999999999,104016.34999999999,66840.92000000001
1771502100000000000,0.183203,104230.85,104230.85,66496.01999999999
1771503900000000000,0.042919,104444.9,104444.9,66669.51
1771505700000000000,0.042919,104444.9,104444.9,66516.67
1771507500000000000,0.042919,104444.9,104444.9,66179.23
1771509300000000000,0.042919,104444.9,104444.9,65913.37
1771511100000000000,0.042919,104444.9,104444.9,65981.83
1771512900000000000,0.042919,104444.9,104444.9,66421.2
1771514700000000000,0.042919,104444.9,104444.9,66048.01
1771516500000000000,0.042919,104444.9,104444.9,66398.0
1771518300000000000,0.042919,104444.9,104444.9,66188.26
1771520100000000000,0.042919,104444.9,104444.9,66293.53
1771521900000000000,0.042919,104444.9,104444.9,66621.45
1771523700000000000,0.042919,104444.9,104444.9,66369.42
1771525500000000000,0.042919,104444.9,104444.9,66903.7
1771527300000000000,0.042919,104444.9,104444.9,67030.49
1771529100000000000,0.042919,104444.9,104444.9,66935.4
1771530900000000000,0.042919,104444.9,104444.9,67050.0
1771532700000000000,0.042919,104444.9,104444.9,66940.0
1771534500000000000,0.042919,104444.9,104444.9,67149.11
1771536300000000000,0.042919,104444.9,104444.9,67040.98999999999
1771538100000000000,0.042919,104444.9,104444.9,66916.51
1771539900000000000,0.11786,104443.90000000001,104443.90000000001,66772.0
1771541700000000000,0.11786,104443.90000000001,104443.90000000001,66915.14
1771543500000000000,0.11786,104443.90000000001,104443.90000000001,67006.28
1771545300000000000,0.11786,104443.90000000001,104443.90000000001,67003.73000000001
1771547100000000000,0.179246,104512.64,104512.64,67388.98999999999
1771548900000000000,0.179246,104512.64,104512.64,67228.90999999999
1771550700000000000,0.179246,104512.64,104512.64,67209.61
1771552500000000000,0.179246,104512.64,104512.64,67279.90000000001
1771554300000000000,0.179246,104512.64,104512.64,67201.90000000001
1771556100000000000,0.179246,104512.64,104512.64,67242.03
1771557900000000000,0.179246,104512.64,104512.64,67414.25
1771559700000000000,0.179246,104512.64,104512.64,67366.25
1771561500000000000,0.179246,104512.64,104512.64,67229.54999999999
1771563300000000000,0.179246,104512.64,104512.64,67264.83
1771565100000000000,0.179246,104512.64,104512.64,67407.34
1771566900000000000,0.179246,104512.64,104512.64,67790.09999999999
1771568700000000000,0.179246,104512.64,104512.64,67721.02
1771570500000000000,0.179246,104512.64,104512.64,67847.47
1771572300000000000,0.179246,104512.64,104512.64,67948.63
1771574100000000000,0.179246,104512.64,104512.64,67825.91
1771575900000000000,0.179246,104512.64,104512.64,67870.0
1771577700000000000,0.179246,104512.64,104512.64,67879.99
1771579500000000000,0.179246,104512.64,104512.64,68200.6
1771581300000000000,0.179246,104512.64,104512.64,68218.85
1771583100000000000,0.179246,104512.64,104512.64,68263.0
1771584900000000000,0.179246,104512.64,104512.64,67948.98999999999
1771586700000000000,0.179246,104512.64,104512.64,67874.58
1771588500000000000,0.179246,104512.64,104512.64,67318.41
1771590300000000000,0.179246,104512.64,104512.64,67323.71999999999
1771592100000000000,0.179246,104512.64,104512.64,67541.77
1771593900000000000,0.179246,104512.64,104512.64,67202.01
1771595700000000000,0.046384,104673.40000000001,104673.40000000001,66801.62
1771597500000000000,0.046384,104673.40000000001,104673.40000000001,66976.34
1771599300000000000,0.028029,104705.41,104705.41,67069.65000000001
1771601100000000000,0.101818,104704.41,104704.41,67453.70999999999
1771602900000000000,0.101818,104704.41,104704.41,67582.95
1771604700000000000,0.101818,104704.41,104704.41,67316.87
1771606500000000000,0.101818,104704.41,104704.41,67795.47
1771608300000000000,0.101818,104704.41,104704.41,67031.70999999999
1771610100000000000,0.101818,104704.41,104704.41,67613.37
1771611900000000000,0.101818,104704.41,104704.41,67664.75
1771613700000000000,0.101818,104704.41,104704.41,67924.21
1771615500000000000,0.101818,104704.41,104704.41,67625.23
1771617300000000000,0.101818,104704.41,104704.41,67646.03
1771619100000000000,0.101818,104704.41,104704.41,67580.09999999999
1771620900000000000,0.101818,104704.41,104704.41,67750.4
1771622700000000000,0.101818,104704.41,104704.41,67746.05
1771624500000000000,0.101818,104704.41,104704.41,67825.87
1771626300000000000,0.101818,104704.41,104704.41,67936.48
1771628100000000000,0.101818,104704.41,104704.41,68078.13
1771629900000000000,0.101818,104704.41,104704.41,67996.48
1771631700000000000,0.101818,104704.41,104704.41,68020.01
1771633500000000000,0.101818,104704.41,104704.41,67927.99
1771635300000000000,0.101818,104704.41,104704.41,67841.0
1771637100000000000,0.101818,104704.41,104704.41,67856.59
1771638900000000000,0.101818,104704.41,104704.41,67951.23999999999
1771640700000000000,0.101818,104704.41,104704.41,68055.20999999999
1771642500000000000,0.101818,104704.41,104704.41,68001.05
1771644300000000000,0.101818,104704.41,104704.41,67800.29000000001
1771646100000000000,0.101818,104704.41,104704.41,67667.77
1771647900000000000,0.101818,104704.41,104704.41,67717.0
1771649700000000000,0.101818,104704.41,104704.41,67816.97
1771651500000000000,0.101818,104704.41,104704.41,67860.94
1771653300000000000,0.101818,104704.41,104704.41,67851.93
1771655100000000000,0.101818,104704.41,104704.41,67873.26000000001
1771656900000000000,0.101818,104704.41,104704.41,67793.37999999999
1771658700000000000,0.101818,104704.41,104704.41,67856.01
1771660500000000000,0.101818,104704.41,104704.41,67856.01
1771662300000000000,0.175363,104703.41,104703.41,67980.85
1771664100000000000,0.175363,104703.41,104703.41,68055.03
1771665900000000000,0.248771,104702.41,104702.41,68235.09000000001
1771667700000000000,0.248771,104702.41,104702.41,68147.53
1771669500000000000,0.248771,104702.41,104702.41,68184.94
1771671300000000000,0.248771,104702.41,104702.41,68215.54
1771673100000000000,0.248771,104702.41,104702.41,68185.61
1771674900000000000,0.248771,104702.41,104702.41,68092.45000000001
1771676700000000000,0.248771,104702.41,104702.41,67968.0
1771678500000000000,0.248771,104702.41,104702.41,68203.42
1771680300000000000,0.248771,104702.41,104702.41,68237.93
1771682100000000000,0.248771,104702.41,104702.41,68259.99
1771683900000000000,0.248771,104702.41,104702.41,68432.8
1771685700000000000,0.248771,104702.41,104702.41,68450.01
1771687500000000000,0.248771,104702.41,104702.41,68453.61
1771689300000000000,0.248771,104702.41,104702.41,68615.0
1771691100000000000,0.248771,104702.41,104702.41,68274.36
1771692900000000000,0.248771,104702.41,104702.41,68322.59999999999
1771694700000000000,0.248771,104702.41,104702.41,68283.37999999999
1771696500000000000,0.248771,104702.41,104702.41,68437.45
1771698300000000000,0.248771,104702.41,104702.41,68490.45000000001
1771700100000000000,0.248771,104702.41,104702.41,68574.0
1771701900000000000,0.248771,104702.41,104702.41,68573.68
1771703700000000000,0.248771,104702.41,104702.41,68543.51
1771705500000000000,0.248771,104702.41,104702.41,68565.05
1771707300000000000,0.248771,104702.41,104702.41,68211.19
1771709100000000000,0.248771,104702.41,104702.41,68345.54999999999
1771710900000000000,0.248771,104702.41,104702.41,68379.95
1771712700000000000,0.248771,104702.41,104702.41,68263.54999999999
1771714500000000000,0.101716,104680.56,104680.56,67972.0
1771716300000000000,0.101716,104680.56,104680.56,68075.77
1771718100000000000,0.101716,104680.56,104680.56,67975.93
1771719900000000000,0.101716,104680.56,104680.56,67856.03
1771721700000000000,0.101716,104680.56,104680.56,67946.0
1771723500000000000,0.101716,104680.56,104680.56,68116.6
1771725300000000000,0.101716,104680.56,104680.56,68159.31
1771727100000000000,0.101716,104680.56,104680.56,68056.09
1771728900000000000,0.101716,104680.56,104680.56,67909.68
1771730700000000000,0.101716,104680.56,104680.56,67968.68
1771732500000000000,0.101716,104680.56,104680.56,68041.43000000001
1771734300000000000,0.101716,104680.56,104680.56,68013.40000000001
1771736100000000000,0.101716,104680.56,104680.56,67983.5
1771737900000000000,0.101716,104680.56,104680.56,67947.87999999999
1771739700000000000,0.101716,104680.56,104680.56,67977.52
1771741500000000000,0.101716,104680.56,104680.56,68116.5
1771743300000000000,0.101716,104680.56,104680.56,68038.13
1771745100000000000,0.101716,104680.56,104680.56,68023.58
1771746900000000000,0.101716,104680.56,104680.56,68005.3
1771748700000000000,0.101716,104680.56,104680.56,67963.26000000001
1771750500000000000,0.101716,104680.56,104680.56,67950.09999999999
1771752300000000000,0.101716,104680.56,104680.56,68024.11
1771754100000000000,0.101716,104680.56,104680.56,68053.31999999999
1771755900000000000,0.101716,104680.56,104680.56,68090.43999999999
1771757700000000000,0.101716,104680.56,104680.56,68129.56000000001
1771759500000000000,0.101716,104680.56,104680.56,68231.0
1771761300000000000,0.101716,104680.56,104680.56,68219.97
1771763100000000000,0.101716,104680.56,104680.56,68077.15
1771764900000000000,0.101716,104680.56,104680.56,67928.22
1771766700000000000,0.101716,104680.56,104680.56,67930.51
1771768500000000000,0.101716,104680.56,104680.56,67652.38
1771770300000000000,0.101716,104680.56,104680.56,67626.45000000001
1771772100000000000,0.027559,104712.4,104712.4,67443.89
1771773900000000000,0.027559,104712.4,104712.4,67599.03
1771775700000000000,0.027559,104712.4,104712.4,67684.14
1771777500000000000,0.027559,104712.4,104712.4,67535.74
1771779300000000000,0.027559,104712.4,104712.4,67632.76000000001
1771781100000000000,0.027559,104712.4,104712.4,67496.26999999999
1771782900000000000,0.005602,104726.42,104726.42,67384.49
1771784700000000000,0.005602,104726.42,104726.42,67340.58
1771786500000000000,0.005602,104726.42,104726.42,67422.62000000001
1771788300000000000,0.005602,104726.42,104726.42,67433.58
1771790100000000000,0.005602,104726.42,104726.42,67428.32
1771791900000000000,0.005602,104726.42,104726.42,67450.55
1771793700000000000,0.005602,104726.42,104726.42,67401.74
1771795500000000000,0.005602,104726.42,104726.42,67458.45000000001
1771797300000000000,0.005602,104726.42,104726.42,67612.66
1771799100000000000,0.005602,104726.42,104726.42,67594.09
1771800900000000000,0.005602,104726.42,104726.42,67666.16
1771802700000000000,0.005602,104726.42,104726.42,67606.64
1771804500000000000,0.005602,104726.42,104726.42,67643.4
1771806300000000000,0.005602,104726.42,104726.42,67474.01
1771808100000000000,0.005602,104726.42,104726.42,66740.47
1771809900000000000,0.005602,104726.42,104726.42,65050.0
1771811700000000000,0.005602,104726.42,104726.42,64427.65
1771813500000000000,0.005602,104726.42,104726.42,64759.75
1771815300000000000,0.005602,104726.42,104726.42,64783.55999999999
1771817100000000000,0.005602,104726.42,104726.42,64769.26
1771818300000000000,0.005602,104726.42,104726.42,64935.53999999999
1771818600000000000,0.005602,104726.42,104726.42,64976.99
1771818900000000000,0.005602,104726.42,104726.42,64934.17
1771819200000000000,0.0,104742.95,104742.95,64916.87
1771819500000000000,0.0,104742.95,104742.95,64945.740000000005
1771819800000000000,0.0,104742.95,104742.95,65023.03
1771820100000000000,0.0,104742.95,104742.95,64944.21000000001
1771820400000000000,0.0,104742.95,104742.95,64800.0
1771820700000000000,0.0,104742.95,104742.95,64778.130000000005
1771821000000000000,0.0,104742.95,104742.95,64769.57000000001
1771821300000000000,0.0,104742.95,104742.95,64688.409999999996
1771821600000000000,0.0,104742.95,104742.95,64728.729999999996
1771821900000000000,0.0,104742.95,104742.95,64710.009999999995
1771822200000000000,0.0,104742.95,104742.95,64811.77
1771822500000000000,0.0,104742.95,104742.95,64808.310000000005
1771822800000000000,0.0,104742.95,104742.95,64868.71
1771823100000000000,0.0,104742.95,104742.95,64968.33
1771823400000000000,0.0,104742.95,104742.95,65096.27
1771823700000000000,0.0,104742.95,104742.95,65123.87999999999
1771824000000000000,0.0,104742.95,104742.95,65046.67
1771824300000000000,0.0,104742.95,104742.95,65044.729999999996
1771824600000000000,0.0,104742.95,104742.95,65097.77
1771824900000000000,0.0,104742.95,104742.95,65039.92
1771825200000000000,0.0,104742.95,104742.95,65024.69
1771825500000000000,0.0,104742.95,104742.95,65003.89000000001
1771825800000000000,0.0,104742.95,104742.95,65013.01
1771826100000000000,0.0,104742.95,104742.95,65070.899999999994
1771826400000000000,0.0,104742.95,104742.95,65129.689999999995
1771826700000000000,0.0,104742.95,104742.95,65198.72
1771827000000000000,0.0,104742.95,104742.95,65363.78999999999
1771827300000000000,0.0,104742.95,104742.95,65318.17
1771827600000000000,0.0,104742.95,104742.95,65379.51
1771827900000000000,0.0,104742.95,104742.95,65310.0
1771828200000000000,0.0,104742.95,104742.95,65410.579999999994
1771828500000000000,0.0,104742.95,104742.95,65622.76
1771828800000000000,0.0,104742.95,104742.95,65533.40000000001
1771829100000000000,0.0,104742.95,104742.95,65665.62999999999
1771829400000000000,0.0,104742.95,104742.95,65797.12
1771829700000000000,0.0,104742.95,104742.95,65757.31999999999
1771830000000000000,0.0,104742.95,104742.95,65832.0
1771830300000000000,0.0,104742.95,104742.95,65750.0
1771830600000000000,0.0,104742.95,104742.95,65785.56000000001
1771830900000000000,0.0,104742.95,104742.95,65781.01000000001
1771831200000000000,0.0,104742.95,104742.95,65729.69
1771831500000000000,0.0,104742.95,104742.95,65689.65000000001
1771831800000000000,0.0,104742.95,104742.95,65774.01
1771832100000000000,0.0,104742.95,104742.95,65944.01
1771832400000000000,0.0,104742.95,104742.95,65949.06
1771833300000000000,0.0,104742.95,104742.95,65958.94
1771835100000000000,0.07622,104741.95,104741.95,65682.68000000001
1771836900000000000,0.07622,104741.95,104741.95,65676.44
1771838700000000000,0.07622,104741.95,104741.95,65844.09
1771840500000000000,0.074718,104789.65000000001,104789.65000000001,66404.90999999999
1771842300000000000,0.224918,104787.65000000001,104787.65000000001,66363.25
1771844100000000000,0.224918,104787.65000000001,104787.65000000001,66319.69
1771845900000000000,0.224918,104787.65000000001,104787.65000000001,66325.3
1771847700000000000,0.224918,104787.65000000001,104787.65000000001,66207.23
1771849500000000000,0.224918,104787.65000000001,104787.65000000001,66138.83
1771851300000000000,0.224918,104787.65000000001,104787.65000000001,66280.4
1771853100000000000,0.224918,104787.65000000001,104787.65000000001,66226.66
1771854900000000000,0.224918,104787.65000000001,104787.65000000001,66132.66
1771856700000000000,0.224918,104787.65000000001,104787.65000000001,66086.26999999999
1771858500000000000,0.224918,104787.65000000001,104787.65000000001,65923.53
1771860300000000000,0.224918,104787.65000000001,104787.65000000001,65806.54000000001
1771862100000000000,0.224918,104787.65000000001,104787.65000000001,65660.09999999999
1771863900000000000,0.004882,105053.59,105053.59,65633.14
1771865700000000000,0.004882,105053.59,105053.59,65364.65
1771867500000000000,0.004882,105053.59,105053.59,64579.25000000001
1771869300000000000,0.004882,105053.59,105053.59,64813.26
1771871100000000000,0.004882,105053.59,105053.59,64818.829999999994
1771872900000000000,0.004882,105053.59,105053.59,64635.490000000005
1771874700000000000,0.004882,105053.59,105053.59,64463.84
1771876500000000000,0.004882,105053.59,105053.59,64295.100000000006
1771878300000000000,0.004882,105053.59,105053.59,64004.35999999999
1771880100000000000,0.004882,105053.59,105053.59,64473.14
1771881900000000000,0.004882,105053.59,105053.59,64558.27
1771883700000000000,0.004882,105053.59,105053.59,64580.659999999996
1771885500000000000,0.004882,105053.59,105053.59,64941.990000000005
1771887300000000000,0.004882,105053.59,105053.59,64725.560000000005
1771889100000000000,0.004882,105053.59,105053.59,64839.939999999995
1771890900000000000,0.004882,105053.59,105053.59,64656.02
1771892700000000000,0.072197,105050.61,105050.61,64858.780000000006
1771894500000000000,0.072197,105050.61,105050.61,64941.43
1771896300000000000,0.239107,105082.59,105082.59,64432.899999999994
1771898100000000000,0.239107,105082.59,105082.59,64160.27
1771899900000000000,0.239107,105082.59,105082.59,64313.72000000001
1771901700000000000,0.239107,105082.59,105082.59,64109.810000000005
1771903500000000000,0.239107,105082.59,105082.59,63705.78
1771905300000000000,0.239107,105082.59,105082.59,63595.51
1771907100000000000,0.239107,105082.59,105082.59,63220.71
1771908900000000000,0.239107,105082.59,105082.59,63378.840000000004
1771910700000000000,0.239107,105082.59,105082.59,62820.770000000004
1771912500000000000,0.239107,105082.59,105082.59,63104.79
1771914300000000000,0.239107,105082.59,105082.59,63211.11
1771916100000000000,0.239107,105082.59,105082.59,63082.79
1771917900000000000,0.239107,105082.59,105082.59,63274.86
1771919700000000000,0.239107,105082.59,105082.59,63192.96
1771921500000000000,0.239107,105082.59,105082.59,63298.21000000001
1771923300000000000,0.239107,105082.59,105082.59,63392.15
1771925100000000000,0.239107,105082.59,105082.59,63144.829999999994
1771926900000000000,0.239107,105082.59,105082.59,63249.990000000005
1771928700000000000,0.239107,105082.59,105082.59,63269.990000000005
1771930500000000000,0.239107,105082.59,105082.59,63284.5
1771932300000000000,0.239107,105082.59,105082.59,63170.009999999995
1771934100000000000,0.239107,105082.59,105082.59,63227.100000000006
1771935900000000000,0.239107,105082.59,105082.59,63324.02
1771937700000000000,0.239107,105082.59,105082.59,62969.049999999996
1771939500000000000,0.239107,105082.59,105082.59,62920.29000000001
1771941300000000000,0.239107,105082.59,105082.59,62900.0
1771943100000000000,0.239107,105082.59,105082.59,63000.89
1771944900000000000,0.239107,105082.59,105082.59,63453.990000000005
1771946700000000000,0.239107,105082.59,105082.59,63928.22
1771948500000000000,0.239107,105082.59,105082.59,63973.97000000001
1771950300000000000,0.239107,105082.59,105082.59,63956.21000000001
1771952100000000000,0.239107,105082.59,105082.59,64265.52
1771953900000000000,0.161559,105102.36,105102.36,64147.96000000001
1771955700000000000,0.161559,105102.36,105102.36,64219.70999999999
1771957500000000000,0.161559,105102.36,105102.36,64292.0
1771959300000000000,0.161559,105102.36,105102.36,64435.06
1771961100000000000,0.161559,105102.36,105102.36,64312.96
1771962900000000000,0.161559,105102.36,105102.36,64435.03
1771964700000000000,0.161559,105102.36,105102.36,64473.95
1771966500000000000,0.161559,105102.36,105102.36,64472.899999999994
1771968300000000000,0.161559,105102.36,105102.36,63916.22
1771970100000000000,0.161559,105102.36,105102.36,64042.659999999996
1771971900000000000,0.161559,105102.36,105102.36,64145.11
1771973700000000000,0.161559,105102.36,105102.36,64120.950000000004
1771975500000000000,0.161559,105102.36,105102.36,64185.01
1771977300000000000,0.161559,105102.36,105102.36,64058.15
1771979100000000000,0.161559,105102.36,105102.36,63959.990000000005
1771980900000000000,0.161559,105102.36,105102.36,64224.3
1771982700000000000,0.08473,105168.32,105168.32,65944.66
1771984500000000000,0.08473,105168.32,105168.32,65896.75
1771986300000000000,0.08473,105168.32,105168.32,66113.25
1771988100000000000,0.08473,105168.32,105168.32,65884.83
1771989900000000000,0.08473,105168.32,105168.32,65586.17
1771991700000000000,0.08473,105168.32,105168.32,65391.73
1771993500000000000,0.08473,105168.32,105168.32,65589.68
1771995300000000000,0.08473,105168.32,105168.32,65457.990000000005
1771997100000000000,0.08473,105168.32,105168.32,65197.5
1771998900000000000,0.08473,105168.32,105168.32,64882.759999999995
1772000700000000000,0.08473,105168.32,105168.32,65027.52
1772002500000000000,0.08473,105168.32,105168.32,64898.22
1772004300000000000,0.08473,105168.32,105168.32,65116.59
1772006100000000000,0.08473,105168.32,105168.32,65028.3
1772007900000000000,0.008094,105246.68000000001,105246.68000000001,65192.310000000005
1772009700000000000,0.068222,105256.26999999999,105256.26999999999,65530.49
1772011500000000000,0.068222,105256.26999999999,105256.26999999999,65570.09999999999
1772013300000000000,0.068222,105256.26999999999,105256.26999999999,65558.71
1772015100000000000,0.068222,105256.26999999999,105256.26999999999,65368.189999999995
1772016900000000000,0.068222,105256.26999999999,105256.26999999999,65400.87
1772018700000000000,0.068222,105256.26999999999,105256.26999999999,65362.21000000001
1772020500000000000,0.068222,105256.26999999999,105256.26999999999,65430.04000000001
1772022300000000000,0.068222,105256.26999999999,105256.26999999999,65780.6
1772024100000000000,0.068222,105256.26999999999,105256.26999999999,66068.94
1772025900000000000,0.068222,105256.26999999999,105256.26999999999,66179.44
1772027700000000000,0.068222,105256.26999999999,105256.26999999999,66248.62000000001
1772029500000000000,0.068222,105256.26999999999,105256.26999999999,66579.45999999999
1772031300000000000,0.068222,105256.26999999999,105256.26999999999,66973.2
1772033100000000000,0.068222,105256.26999999999,105256.26999999999,67071.05
1772034900000000000,0.068222,105256.26999999999,105256.26999999999,67412.33
1772036700000000000,0.068222,105256.26999999999,105256.26999999999,67872.16
1772038500000000000,0.068222,105256.26999999999,105256.26999999999,68297.35
1772040300000000000,0.068222,105256.26999999999,105256.26999999999,68565.44
1772040600000000000,0.068222,105256.26999999999,105256.26999999999,68506.84000000001
1772040900000000000,0.068222,105256.26999999999,105256.26999999999,68581.67
1772041200000000000,0.068222,105256.26999999999,105256.26999999999,68770.0
1772041500000000000,0.068222,105256.26999999999,105256.26999999999,68747.70999999999
1772041800000000000,0.068222,105256.26999999999,105256.26999999999,68733.37
1772042100000000000,0.068222,105256.26999999999,105256.26999999999,68674.20000000001
1772042400000000000,0.0,105053.69,105053.69,68442.19
1772042700000000000,0.0,105053.69,105053.69,68750.0
1772043000000000000,0.0,105053.69,105053.69,68871.07999999999
1772043300000000000,0.0,105053.69,105053.69,68817.35
1772043600000000000,0.0,105053.69,105053.69,68943.86
1772043900000000000,0.0,105053.69,105053.69,69348.39
1772044200000000000,0.0,105053.69,105053.69,69308.01
1772044500000000000,0.0,105053.69,105053.69,69447.37
1772044800000000000,0.0,105053.69,105053.69,69478.55
1772045100000000000,0.0,105053.69,105053.69,69297.41
1772045400000000000,0.0,105053.69,105053.69,69308.49
1772045700000000000,0.0,105053.69,105053.69,69328.07
1772046000000000000,0.0,105053.69,105053.69,69126.0
1772046300000000000,0.0,105053.69,105053.69,69039.37999999999
1772046600000000000,0.0,105053.69,105053.69,68915.54999999999
1772046900000000000,0.0,105053.69,105053.69,68880.73999999999
1772047200000000000,0.0,105053.69,105053.69,69109.23
1772047500000000000,0.0,105053.69,105053.69,68972.9
1772047800000000000,0.0,105053.69,105053.69,68814.46
1772048100000000000,0.0,105053.69,105053.69,68868.29000000001
1772048400000000000,0.0,105053.69,105053.69,68896.61
1772048700000000000,0.0,105053.69,105053.69,69073.25
1772049000000000000,0.0,105053.69,105053.69,69046.68000000001
1772049300000000000,0.0,105053.69,105053.69,69038.26
1772049600000000000,0.0,105053.69,105053.69,68927.07999999999
1772049900000000000,0.0,105053.69,105053.69,68910.20000000001
1772050200000000000,0.0,105053.69,105053.69,68644.69
1772050500000000000,0.0,105053.69,105053.69,68761.54999999999
1772050800000000000,0.0,105053.69,105053.69,68773.45
1772051100000000000,0.0,105053.69,105053.69,68802.37000000001
1772051400000000000,0.0,105053.69,105053.69,69151.23999999999
1772051700000000000,0.0,105053.69,105053.69,69092.72
1772052000000000000,0.0,105053.69,105053.69,69124.96
1772052300000000000,0.0,105053.69,105053.69,69252.0
1772052600000000000,0.0,105053.69,105053.69,69224.5
1772052900000000000,0.0,105053.69,105053.69,69148.69
1772053200000000000,0.0,105053.69,105053.69,69135.84
1772053500000000000,0.0,105053.69,105053.69,69178.85
1772053800000000000,0.0,105053.69,105053.69,68990.90999999999
1772054100000000000,0.0,105053.69,105053.69,68984.12000000001
1772054400000000000,0.0,105053.69,105053.69,69031.3
1772054700000000000,0.0,105053.69,105053.69,68803.7
1772055000000000000,0.0,105053.69,105053.69,69271.81
1772055300000000000,0.0,105053.69,105053.69,69388.95
1772055600000000000,0.0,105053.69,105053.69,69221.59
1772055900000000000,0.0,105053.69,105053.69,69012.47
1772056200000000000,0.0,105053.69,105053.69,68999.77
1772056500000000000,0.0,105053.69,105053.69,68919.71999999999
1772056800000000000,0.0,105053.69,105053.69,69043.62
1772057100000000000,0.0,105053.69,105053.69,69028.8
1772057400000000000,0.0,105053.69,105053.69,69074.88
1772057700000000000,0.0,105053.69,105053.69,68935.44
1772058000000000000,0.0,105053.69,105053.69,68910.01
1772058300000000000,0.0,105053.69,105053.69,68878.86
1772058600000000000,0.0,105053.69,105053.69,68831.96
1772058900000000000,0.0,105053.69,105053.69,68666.43999999999
1772059200000000000,0.0,105053.69,105053.69,68420.42
1772059500000000000,0.0,105053.69,105053.69,68451.14
1772059800000000000,0.0,105053.69,105053.69,68137.2
1772060100000000000,0.0,105053.69,105053.69,68432.13
1772060400000000000,0.0,105053.69,105053.69,68382.21
1772060700000000000,0.0,105053.69,105053.69,68593.42
1772061000000000000,0.0,105053.69,105053.69,68517.64
1772061900000000000,0.0,105053.69,105053.69,68277.25
1772063700000000000,0.073806,105052.69,105052.69,67988.04
1772065500000000000,0.073806,105052.69,105052.69,68280.8
1772067300000000000,0.073806,105052.69,105052.69,68335.99
1772069100000000000,0.073806,105052.69,105052.69,68390.41
1772070900000000000,0.073806,105052.69,105052.69,68248.3
1772072700000000000,0.073806,105052.69,105052.69,67936.4
1772074500000000000,0.073806,105052.69,105052.69,68257.45
1772076300000000000,0.073806,105052.69,105052.69,68102.56999999999
1772078100000000000,0.073806,105052.69,105052.69,68216.86
1772079900000000000,0.073806,105052.69,105052.69,68562.56
1772081700000000000,0.073806,105052.69,105052.69,68571.36
1772083500000000000,0.073806,105052.69,105052.69,68357.86
1772085300000000000,0.073806,105052.69,105052.69,68443.81
1772087100000000000,0.073806,105052.69,105052.69,68255.65000000001
1772088900000000000,0.073806,105052.69,105052.69,68176.75
1772090700000000000,0.073806,105052.69,105052.69,68177.7
1772092500000000000,0.073806,105052.69,105052.69,67825.04
1772094300000000000,0.073806,105052.69,105052.69,68029.70999999999
1772096100000000000,0.073806,105052.69,105052.69,67954.01
1772097900000000000,0.073806,105052.69,105052.69,68188.51999999999
1772099700000000000,0.073806,105052.69,105052.69,68589.41
1772101500000000000,0.073806,105052.69,105052.69,68332.28000000001
1772103300000000000,0.073806,105052.69,105052.69,68301.62
1772105100000000000,0.073806,105052.69,105052.69,68158.58
1772106900000000000,0.073806,105052.69,105052.69,68051.31
1772108700000000000,0.073806,105052.69,105052.69,68150.46
1772110500000000000,0.073806,105052.69,105052.69,68171.56
1772112300000000000,0.073806,105052.69,105052.69,68158.51
1772114100000000000,0.073806,105052.69,105052.69,67905.35
1772115900000000000,0.073806,105052.69,105052.69,68116.0
1772117700000000000,0.073806,105052.69,105052.69,67697.74
1772119500000000000,0.148235,105051.69,105051.69,66979.87999999999
1772121300000000000,0.148235,105051.69,105051.69,67382.0
1772123100000000000,0.148235,105051.69,105051.69,67452.01
1772124900000000000,0.148235,105051.69,105051.69,66643.54999999999
1772126700000000000,0.148235,105051.69,105051.69,66936.31
1772128500000000000,0.148235,105051.69,105051.69,66826.8
1772130300000000000,0.148235,105051.69,105051.69,66863.0
1772132100000000000,0.148235,105051.69,105051.69,67310.53
1772133900000000000,0.074432,105071.87,105071.87,67572.96
1772135700000000000,0.074432,105071.87,105071.87,67589.22
1772137500000000000,0.074432,105071.87,105071.87,67559.79
1772139300000000000,0.074432,105071.87,105071.87,67414.07
1772141100000000000,0.074432,105071.87,105071.87,67477.12
1772142900000000000,0.074432,105071.87,105071.87,67463.65000000001
1772144700000000000,0.074432,105071.87,105071.87,67414.52
1772146500000000000,0.074432,105071.87,105071.87,67572.3
1772148300000000000,0.074432,105071.87,105071.87,67569.44
1772150100000000000,0.074432,105071.87,105071.87,67485.18000000001
1772151900000000000,0.074432,105071.87,105071.87,67307.23
1772153700000000000,0.074432,105071.87,105071.87,67226.5
1772155500000000000,0.074432,105071.87,105071.87,67073.13
1772157300000000000,0.074432,105071.87,105071.87,67352.26
1772159100000000000,0.074432,105071.87,105071.87,67412.48
1772160900000000000,0.074432,105071.87,105071.87,67266.58
1772162700000000000,0.074432,105071.87,105071.87,67112.05
1772164500000000000,0.074432,105071.87,105071.87,67600.84
1772166300000000000,0.074432,105071.87,105071.87,67947.90000000001
1772168100000000000,0.074432,105071.87,105071.87,67747.49
1772169900000000000,0.074432,105071.87,105071.87,67806.87
1772171700000000000,0.074432,105071.87,105071.87,67724.98999999999
1772173500000000000,0.074432,105071.87,105071.87,67605.15
1772175300000000000,0.074432,105071.87,105071.87,67658.14
1772177100000000000,0.074432,105071.87,105071.87,67506.39
1772178900000000000,0.074432,105071.87,105071.87,67690.59999999999
1772180700000000000,0.072748,105098.49,105098.49,67967.90000000001
1772182500000000000,0.072748,105098.49,105098.49,67926.24
1772184300000000000,0.072748,105098.49,105098.49,68026.05
1772186100000000000,0.149672,105139.54999999999,105139.54999999999,67355.73000000001
1772187900000000000,0.372761,105136.55,105136.55,66788.31
1772189700000000000,0.372761,105136.55,105136.55,66604.90999999999
1772191500000000000,0.372761,105136.55,105136.55,66525.66
1772193300000000000,0.372761,105136.55,105136.55,66126.98999999999
1772195100000000000,0.372761,105136.55,105136.55,65899.99
1772196900000000000,0.372761,105136.55,105136.55,65928.01
1772198700000000000,0.372761,105136.55,105136.55,66018.0
1772200500000000000,0.372761,105136.55,105136.55,66270.55
1772202300000000000,0.372761,105136.55,105136.55,66117.81
1772204100000000000,0.372761,105136.55,105136.55,65887.59
1772205900000000000,0.372761,105136.55,105136.55,66113.99
1772207700000000000,0.372761,105136.55,105136.55,66095.4
1772209500000000000,0.372761,105136.55,105136.55,65996.26
1772211300000000000,0.372761,105136.55,105136.55,65475.21
1772213100000000000,0.372761,105136.55,105136.55,65205.21
1772214900000000000,0.372761,105136.55,105136.55,65703.19
1772216700000000000,0.372761,105136.55,105136.55,65576.39
1772218500000000000,0.372761,105136.55,105136.55,65314.759999999995
1772220300000000000,0.372761,105136.55,105136.55,65339.58
1772222100000000000,0.372761,105136.55,105136.55,65392.18
1772223900000000000,0.372761,105136.55,105136.55,65577.54
1772225700000000000,0.372761,105136.55,105136.55,65594.67
1772227500000000000,0.372761,105136.55,105136.55,65704.54000000001
1772229300000000000,0.372761,105136.55,105136.55,65527.590000000004
1772231100000000000,0.372761,105136.55,105136.55,65466.659999999996
1772232900000000000,0.372761,105136.55,105136.55,65637.99
1772234700000000000,0.372761,105136.55,105136.55,65886.41
1772236500000000000,0.372761,105136.55,105136.55,65872.09999999999
1772238300000000000,0.372761,105136.55,105136.55,65775.8
1772240100000000000,0.372761,105136.55,105136.55,65942.0
1772241900000000000,0.372761,105136.55,105136.55,65838.0
1772243700000000000,0.372761,105136.55,105136.55,65770.36
1772245500000000000,0.372761,105136.55,105136.55,65918.71
1772247300000000000,0.372761,105136.55,105136.55,65961.13
1772249100000000000,0.372761,105136.55,105136.55,65889.86
1772250900000000000,0.372761,105136.55,105136.55,65797.42
1772252700000000000,0.372761,105136.55,105136.55,65673.05
1772254500000000000,0.372761,105136.55,105136.55,65663.2
1772256300000000000,0.372761,105136.55,105136.55,65646.08
1772258100000000000,0.372761,105136.55,105136.55,65591.03
1772259900000000000,0.372761,105136.55,105136.55,64570.21000000001
1772261700000000000,0.372761,105136.55,105136.55,63216.009999999995
1772263500000000000,0.372761,105136.55,105136.55,63512.86
1772265300000000000,0.372761,105136.55,105136.55,63826.0
1772267100000000000,0.372761,105136.55,105136.55,63628.1
1772268900000000000,0.372761,105136.55,105136.55,63473.28
1772270700000000000,0.372761,105136.55,105136.55,63842.21000000001
1772272500000000000,0.372761,105136.55,105136.55,63658.54
1772274300000000000,0.372761,105136.55,105136.55,63844.19999999999
1772274900000000000,0.372761,105136.55,105136.55,64002.36000000001
1772275200000000000,0.372761,105136.55,105136.55,63952.009999999995
1772275500000000000,0.372761,105136.55,105136.55,63953.810000000005
1772275800000000000,0.372761,105136.55,105136.55,63948.5
1772276100000000000,0.372761,105136.55,105136.55,64010.39
1772276400000000000,0.0,103907.47,103907.47,64156.89
1772276700000000000,0.0,103907.47,103907.47,64054.850000000006
1772277000000000000,0.0,103907.47,103907.47,64089.45
1772277300000000000,0.0,103907.47,103907.47,64061.53
1772277600000000000,0.0,103907.47,103907.47,64123.06999999999
1772277900000000000,0.0,103907.47,103907.47,64250.89
1772278200000000000,0.0,103907.47,103907.47,64184.009999999995
1772278500000000000,0.0,103907.47,103907.47,64048.46000000001
1772278800000000000,0.0,103907.47,103907.47,64015.97000000001
1772279100000000000,0.0,103907.47,103907.47,64042.530000000006
1772279400000000000,0.0,103907.47,103907.47,63944.35999999999
1772279700000000000,0.0,103907.47,103907.47,63844.19999999999
1772280000000000000,0.0,103907.47,103907.47,63866.0
1772280300000000000,0.0,103907.47,103907.47,63893.91
1772280600000000000,0.0,103907.47,103907.47,63944.59
1772280900000000000,0.0,103907.47,103907.47,64037.97000000001
1772281200000000000,0.0,103907.47,103907.47,63999.990000000005
1772281500000000000,0.0,103907.47,103907.47,64000.0
1772281800000000000,0.0,103907.47,103907.47,64000.009999999995
1772282100000000000,0.0,103907.47,103907.47,64034.74
1772282400000000000,0.0,103907.47,103907.47,64014.950000000004
1772282700000000000,0.0,103907.47,103907.47,63934.71
1772283000000000000,0.0,103907.47,103907.47,63905.590000000004
1772283300000000000,0.0,103907.47,103907.47,64017.19
1772283600000000000,0.0,103907.47,103907.47,63931.38
1772283900000000000,0.0,103907.47,103907.47,64025.590000000004
1772284200000000000,0.0,103907.47,103907.47,64068.61000000001
1772285100000000000,0.0,103907.47,103907.47,64029.5
1772286900000000000,0.155188,103905.47,103905.47,65106.439999999995
1772288700000000000,0.155188,103905.47,103905.47,64793.52
1772290500000000000,0.155188,103905.47,103905.47,64435.61
1772292300000000000,0.155188,103905.47,103905.47,64752.829999999994
1772294100000000000,0.155188,103905.47,103905.47,64841.18
1772295900000000000,0.155188,103905.47,103905.47,64942.770000000004
1772297700000000000,0.155188,103905.47,103905.47,65094.3
1772299500000000000,0.155188,103905.47,103905.47,65102.10999999999
1772301300000000000,0.155188,103905.47,103905.47,65442.62
1772303100000000000,0.155188,103905.47,103905.47,65187.70999999999
1772304900000000000,0.155188,103905.47,103905.47,65911.84
1772306700000000000,0.155188,103905.47,103905.47,65736.01
1772308500000000000,0.155188,103905.47,103905.47,66362.01
1772310300000000000,0.155188,103905.47,103905.47,66750.14
1772312100000000000,0.155188,103905.47,103905.47,66959.62
1772313900000000000,0.155188,103905.47,103905.47,66472.01
1772315700000000000,0.155188,103905.47,103905.47,66723.22
1772317500000000000,0.155188,103905.47,103905.47,67005.3
1772319300000000000,0.155188,103905.47,103905.47,67103.64
1772321100000000000,0.155188,103905.47,103905.47,66896.07
1772322900000000000,0.155188,103905.47,103905.47,66973.26000000001
1772324700000000000,0.155188,103905.47,103905.47,66778.32
1772326500000000000,0.155188,103905.47,103905.47,66791.29
1772328300000000000,0.155188,103905.47,103905.47,66351.03
1772330100000000000,0.155188,103905.47,103905.47,67339.36
1772331900000000000,0.155188,103905.47,103905.47,67764.51
1772333700000000000,0.155188,103905.47,103905.47,67620.65
1772335500000000000,0.155188,103905.47,103905.47,67563.49
1772337300000000000,0.155188,103905.47,103905.47,67502.16
1772339100000000000,0.155188,103905.47,103905.47,67322.85
1772340900000000000,0.155188,103905.47,103905.47,67346.5
1772342700000000000,0.155188,103905.47,103905.47,67451.26000000001
1772344500000000000,0.155188,103905.47,103905.47,67292.09
1772346300000000000,0.080668,103706.39,103706.39,67047.13
1772348100000000000,0.005797,103529.93,103529.93,66926.68000000001
1772349900000000000,0.005797,103529.93,103529.93,66987.65000000001
1772351700000000000,0.005797,103529.93,103529.93,67141.39
1772353500000000000,0.005797,103529.93,103529.93,67228.0
1772355300000000000,0.005797,103529.93,103529.93,66560.14
1772357100000000000,0.005797,103529.93,103529.93,66612.96
1772358900000000000,0.005797,103529.93,103529.93,66410.08
1772360700000000000,0.005797,103529.93,103529.93,66578.20000000001
1772362500000000000,0.005797,103529.93,103529.93,66467.06
1772364300000000000,0.005797,103529.93,103529.93,66557.84999999999
1772366100000000000,0.005797,103529.93,103529.93,66468.03
1772367900000000000,0.005797,103529.93,103529.93,66415.51
1772369700000000000,0.005797,103529.93,103529.93,66296.48
1772371500000000000,0.005797,103529.93,103529.93,66319.99
1772373300000000000,0.005797,103529.93,103529.93,66934.79000000001
1772375100000000000,0.005797,103529.93,103529.93,66917.79999999999
1772376900000000000,0.005797,103529.93,103529.93,66847.8
1772378700000000000,0.005797,103529.93,103529.93,67077.22
1772380500000000000,0.005797,103529.93,103529.93,66842.42
1772382300000000000,0.005797,103529.93,103529.93,67029.87
1772384100000000000,0.005797,103529.93,103529.93,66135.45
1772385900000000000,0.005797,103529.93,103529.93,66022.34
1772387700000000000,0.005797,103529.93,103529.93,65979.61
1772389500000000000,0.005797,103529.93,103529.93,66415.94
1772391300000000000,0.005797,103529.93,103529.93,66316.83
1772393100000000000,0.005797,103529.93,103529.93,66008.42
1772394900000000000,0.005797,103529.93,103529.93,65962.17
1772396700000000000,0.005797,103529.93,103529.93,65313.84
1772398500000000000,0.005797,103529.93,103529.93,65300.0
1772400300000000000,0.005797,103529.93,103529.93,65598.15000000001
1772402100000000000,0.005797,103529.93,103529.93,65666.20000000001
1772403900000000000,0.076406,103529.0,103529.0,65878.45000000001
1772405700000000000,0.07706,103581.25,103581.25,65268.71
1772407500000000000,0.07706,103581.25,103581.25,65635.74
1772409300000000000,0.07706,103581.25,103581.25,65776.47
1772411100000000000,0.07706,103581.25,103581.25,65936.44
1772412900000000000,0.073536,103674.93000000001,103674.93000000001,66501.52
1772414700000000000,0.073536,103674.93000000001,103674.93000000001,66561.45
1772416500000000000,0.073536,103674.93000000001,103674.93000000001,66532.01999999999
1772418300000000000,0.073536,103674.93000000001,103674.93000000001,66193.28
1772420100000000000,0.073536,103674.93000000001,103674.93000000001,66276.77
1772421900000000000,0.073536,103674.93000000001,103674.93000000001,66779.82
1772423700000000000,0.073536,103674.93000000001,103674.93000000001,66820.03
1772425500000000000,0.073536,103674.93000000001,103674.93000000001,66937.99
1772427300000000000,0.073536,103674.93000000001,103674.93000000001,66862.12
1772429100000000000,0.073536,103674.93000000001,103674.93000000001,66679.8
1772430900000000000,0.073536,103674.93000000001,103674.93000000001,66730.78
1772432700000000000,0.073536,103674.93000000001,103674.93000000001,66275.90000000001
1772434500000000000,0.073536,103674.93000000001,103674.93000000001,66204.9
1772436300000000000,0.073536,103674.93000000001,103674.93000000001,65800.01
1772438100000000000,0.073536,103674.93000000001,103674.93000000001,66007.52
1772439900000000000,0.073536,103674.93000000001,103674.93000000001,65736.37000000001
1772441700000000000,0.073536,103674.93000000001,103674.93000000001,66282.0
1772443500000000000,0.073536,103674.93000000001,103674.93000000001,66395.84999999999
1772445300000000000,0.073536,103674.93000000001,103674.93000000001,66168.62000000001
1772447100000000000,0.073536,103674.93000000001,103674.93000000001,66259.7
1772448900000000000,0.073536,103674.93000000001,103674.93000000001,66316.4
1772450700000000000,0.073536,103674.93000000001,103674.93000000001,66064.89
1772452500000000000,0.073536,103674.93000000001,103674.93000000001,66359.68
1772454300000000000,0.073536,103674.93000000001,103674.93000000001,66134.9
1772456100000000000,0.073536,103674.93000000001,103674.93000000001,65963.43000000001
1772457900000000000,0.073536,103674.93000000001,103674.93000000001,65815.35
1772459700000000000,0.079111,103727.67,103727.67,65440.009999999995
1772461500000000000,0.079111,103727.67,103727.67,65589.08
1772463300000000000,0.372734,103790.83,103790.83,67177.06
1772465100000000000,0.372734,103790.83,103790.83,68556.0
1772466900000000000,0.372734,103790.83,103790.83,69130.20000000001
1772468700000000000,0.372734,103790.83,103790.83,69383.65000000001
1772469300000000000,0.372734,103790.83,103790.83,69172.72
1772469600000000000,0.372734,103790.83,103790.83,69861.03
1772469900000000000,0.372734,103790.83,103790.83,69826.9
1772470200000000000,0.372734,103790.83,103790.83,69631.37
1772470500000000000,0.372734,103790.83,103790.83,69428.62000000001
1772470800000000000,0.372734,103790.83,103790.83,69571.43000000001
1772471100000000000,0.372734,103790.83,103790.83,69310.5
1772471400000000000,0.372734,103790.83,103790.83,69418.51
1772471700000000000,0.372734,103790.83,103790.83,69288.92000000001
1772472000000000000,0.372734,103790.83,103790.83,69409.18000000001
1772472300000000000,0.372734,103790.83,103790.83,69406.33
1772472600000000000,0.372734,103790.83,103790.83,69301.68
1772472900000000000,0.0,102774.65,102774.65,69110.09999999999
1772473200000000000,0.0,102774.65,102774.65,68844.77
1772473500000000000,0.0,102774.65,102774.65,68956.72
1772473800000000000,0.0,102774.65,102774.65,69182.05
1772474100000000000,0.0,102774.65,102774.65,69198.0
1772474400000000000,0.0,102774.65,102774.65,68927.4
1772474700000000000,0.0,102774.65,102774.65,69016.4
1772475000000000000,0.0,102774.65,102774.65,69190.32
1772475300000000000,0.0,102774.65,102774.65,68998.76
1772475600000000000,0.0,102774.65,102774.65,69044.54000000001
1772475900000000000,0.0,102774.65,102774.65,69089.06
1772476200000000000,0.0,102774.65,102774.65,69185.89
1772476500000000000,0.0,102774.65,102774.65,69056.64
1772476800000000000,0.0,102774.65,102774.65,69125.47
1772477100000000000,0.0,102774.65,102774.65,69106.65
1772477400000000000,0.0,102774.65,102774.65,69041.14
1772477700000000000,0.0,102774.65,102774.65,68877.67
1772478000000000000,0.0,102774.65,102774.65,68895.23
1772478300000000000,0.0,102774.65,102774.65,68774.52
1772478600000000000,0.0,102774.65,102774.65,68745.59
1772478900000000000,0.0,102774.65,102774.65,68875.52
1772479200000000000,0.0,102774.65,102774.65,68846.0
1772479500000000000,0.0,102774.65,102774.65,68824.0
1772479800000000000,0.0,102774.65,102774.65,68899.18000000001
1772480100000000000,0.0,102774.65,102774.65,68878.54000000001
1772480400000000000,0.0,102774.65,102774.65,68782.88
1772480700000000000,0.0,102774.65,102774.65,68928.62000000001
1772481000000000000,0.0,102774.65,102774.65,68939.19
1772481300000000000,0.0,102774.65,102774.65,68966.53
1772481600000000000,0.0,102774.65,102774.65,69140.28000000001
1772481900000000000,0.0,102774.65,102774.65,68888.37000000001
1772482200000000000,0.0,102774.65,102774.65,68738.01
1772482500000000000,0.0,102774.65,102774.65,68882.01
1772482800000000000,0.0,102774.65,102774.65,68979.09000000001
1772483100000000000,0.0,102774.65,102774.65,68951.73000000001
1772483400000000000,0.0,102774.65,102774.65,69106.12
1772483700000000000,0.0,102774.65,102774.65,69050.38
1772484000000000000,0.0,102774.65,102774.65,69229.75
1772484300000000000,0.0,102774.65,102774.65,69397.72
1772484600000000000,0.0,102774.65,102774.65,69339.62
1772484900000000000,0.0,102774.65,102774.65,69106.58
1772485200000000000,0.0,102774.65,102774.65,69089.33
1772485500000000000,0.0,102774.65,102774.65,69182.23
1772485800000000000,0.0,102774.65,102774.65,69281.62999999999
1772486100000000000,0.0,102774.65,102774.65,69199.62
1772486400000000000,0.0,102774.65,102774.65,69402.86
1772486700000000000,0.0,102774.65,102774.65,69414.59999999999
1772487000000000000,0.0,102774.65,102774.65,69422.3
1772487300000000000,0.0,102774.65,102774.65,69451.07999999999
1772487600000000000,0.0,102774.65,102774.65,69456.81999999999
1772487900000000000,0.0,102774.65,102774.65,69440.29000000001
1772488200000000000,0.0,102774.65,102774.65,69470.87
1772488500000000000,0.0,102774.65,102774.65,69413.82
1772488800000000000,0.0,102774.65,102774.65,69335.06
1772489100000000000,0.0,102774.65,102774.65,69451.52
1772489400000000000,0.0,102774.65,102774.65,69241.53
1772489700000000000,0.0,102774.65,102774.65,69186.43999999999
1772490000000000000,0.0,102774.65,102774.65,69274.93000000001
1772490300000000000,0.0,102774.65,102774.65,69364.45000000001
1772490600000000000,0.0,102774.65,102774.65,69300.64
1772490900000000000,0.0,102774.65,102774.65,69373.03
1772491200000000000,0.0,102774.65,102774.65,69410.88
1772491500000000000,0.0,102774.65,102774.65,69301.5
1772491800000000000,0.0,102774.65,102774.65,69340.8
1772492100000000000,0.0,102774.65,102774.65,69440.49
1772493900000000000,0.0,102774.65,102774.65,69002.93000000001
1772495700000000000,0.072491,102773.65000000001,102773.65000000001,68830.06
1772497500000000000,0.072491,102773.65000000001,102773.65000000001,68801.99
1772499300000000000,0.072491,102773.65000000001,102773.65000000001,69092.88
1772501100000000000,0.072491,102773.65000000001,102773.65000000001,68909.31999999999
1772502900000000000,0.072491,102773.65000000001,102773.65000000001,68760.01
1772504700000000000,0.145366,102772.65,102772.65,68461.73000000001
1772506500000000000,0.145366,102772.65,102772.65,68512.17
1772508300000000000,0.145366,102772.65,102772.65,68419.34
1772510100000000000,0.145366,102772.65,102772.65,68377.94
1772511900000000000,0.145366,102772.65,102772.65,68323.53
1772513700000000000,0.145366,102772.65,102772.65,68123.2
1772515500000000000,0.145366,102772.65,102772.65,68408.81
1772517300000000000,0.145366,102772.65,102772.65,67947.75
1772519100000000000,0.145366,102772.65,102772.65,67887.0
1772520900000000000,0.145366,102772.65,102772.65,68106.73
1772522700000000000,0.145366,102772.65,102772.65,68245.3
1772524500000000000,0.145366,102772.65,102772.65,68172.8
1772526300000000000,0.145366,102772.65,102772.65,67747.78
1772528100000000000,0.145366,102772.65,102772.65,67003.3
1772529900000000000,0.145366,102772.65,102772.65,66629.37
1772531700000000000,0.145366,102772.65,102772.65,66647.98000000001
1772533500000000000,0.145366,102772.65,102772.65,66512.33
1772535300000000000,0.145366,102772.65,102772.65,66860.3
1772537100000000000,0.145366,102772.65,102772.65,66837.45
1772538900000000000,0.145366,102772.65,102772.65,67026.61
1772540700000000000,0.145366,102772.65,102772.65,67585.2
1772542500000000000,0.145366,102772.65,102772.65,67399.84999999999
1772544300000000000,0.145366,102772.65,102772.65,67107.29
1772546100000000000,0.145366,102772.65,102772.65,66931.31
1772547900000000000,0.145366,102772.65,102772.65,67118.32
1772549700000000000,0.145366,102772.65,102772.65,66568.95
1772551500000000000,0.145366,102772.65,102772.65,66820.95
1772553300000000000,0.071308,102677.06,102677.06,67725.81
1772555100000000000,0.001797,102647.73000000001,102647.73000000001,68828.97
1772556900000000000,0.001797,102647.73000000001,102647.73000000001,68175.90000000001
1772558700000000000,0.001797,102647.73000000001,102647.73000000001,68234.65
1772560500000000000,0.001797,102647.73000000001,102647.73000000001,68318.66
1772562300000000000,0.001797,102647.73000000001,102647.73000000001,68465.88
1772564100000000000,0.001797,102647.73000000001,102647.73000000001,68628.49
1772565900000000000,0.001797,102647.73000000001,102647.73000000001,68654.25
1772567700000000000,0.001797,102647.73000000001,102647.73000000001,68435.0
1772569500000000000,0.001797,102647.73000000001,102647.73000000001,68390.95
1772571300000000000,0.001797,102647.73000000001,102647.73000000001,68266.0
1772573100000000000,0.001797,102647.73000000001,102647.73000000001,67936.44
1772574900000000000,0.001797,102647.73000000001,102647.73000000001,68024.62000000001
1772576700000000000,0.001797,102647.73000000001,102647.73000000001,68259.87
1772578500000000000,0.001797,102647.73000000001,102647.73000000001,68327.2
1772580300000000000,0.001797,102647.73000000001,102647.73000000001,68490.46
1772582100000000000,0.001797,102647.73000000001,102647.73000000001,68338.0
1772583900000000000,0.001797,102647.73000000001,102647.73000000001,68293.87
1772585700000000000,0.001797,102647.73000000001,102647.73000000001,68093.19
1772587500000000000,0.001797,102647.73000000001,102647.73000000001,68251.99
1772589300000000000,0.001797,102647.73000000001,102647.73000000001,68405.0
1772591100000000000,0.001797,102647.73000000001,102647.73000000001,68067.01000000001
1772592900000000000,0.001797,102647.73000000001,102647.73000000001,68323.33
1772594700000000000,0.001797,102647.73000000001,102647.73000000001,67976.25
1772596500000000000,0.001797,102647.73000000001,102647.73000000001,67732.2
1772598300000000000,0.001797,102647.73000000001,102647.73000000001,67600.01
1772600100000000000,0.001797,102647.73000000001,102647.73000000001,67786.0
1772601900000000000,0.001797,102647.73000000001,102647.73000000001,67831.48000000001
1772603700000000000,0.001797,102647.73000000001,102647.73000000001,68206.59
1772605500000000000,0.001797,102647.73000000001,102647.73000000001,68128.53
1772607300000000000,0.001797,102647.73000000001,102647.73000000001,68508.01999999999
1772609100000000000,0.001797,102647.73000000001,102647.73000000001,68766.45000000001
1772610900000000000,0.146565,102645.73000000001,102645.73000000001,69493.13
1772612700000000000,0.146565,102645.73000000001,102645.73000000001,69316.41
1772614500000000000,0.146565,102645.73000000001,102645.73000000001,71011.4
1772616300000000000,0.146565,102645.73000000001,102645.73000000001,71310.0
1772618100000000000,0.146565,102645.73000000001,102645.73000000001,71520.76000000001
1772618400000000000,0.146565,102645.73000000001,102645.73000000001,71634.62000000001
1772618700000000000,0.0,102272.68,102272.68,71836.81999999999
1772619000000000000,0.0,102272.68,102272.68,71655.44
1772619300000000000,0.0,102272.68,102272.68,71490.98
1772619600000000000,0.0,102272.68,102272.68,71386.01
1772619900000000000,0.0,102272.68,102272.68,71526.61
1772620200000000000,0.0,102272.68,102272.68,71359.71999999999
1772620500000000000,0.0,102272.68,102272.68,71350.84000000001
1772620800000000000,0.0,102272.68,102272.68,71322.4
1772621100000000000,0.0,102272.68,102272.68,71276.24
1772621400000000000,0.0,102272.68,102272.68,71277.79
1772621700000000000,0.0,102272.68,102272.68,71348.92000000001
1772622000000000000,0.0,102272.68,102272.68,71366.45000000001
1772622300000000000,0.0,102272.68,102272.68,71270.81
1772622600000000000,0.0,102272.68,102272.68,71427.71999999999
1772622900000000000,0.0,102272.68,102272.68,71452.41
1772623200000000000,0.0,102272.68,102272.68,71293.84
1772623500000000000,0.0,102272.68,102272.68,71225.69
1772623800000000000,0.0,102272.68,102272.68,71163.14
1772624100000000000,0.0,102272.68,102272.68,70982.06
1772624400000000000,0.0,102272.68,102272.68,71109.22
1772624700000000000,0.0,102272.68,102272.68,71051.95
1772625000000000000,0.0,102272.68,102272.68,71175.59
1772625300000000000,0.0,102272.68,102272.68,71111.4
1772625600000000000,0.0,102272.68,102272.68,70997.77
1772625900000000000,0.0,102272.68,102272.68,70867.79
1772626200000000000,0.0,102272.68,102272.68,70880.4
1772626500000000000,0.0,102272.68,102272.68,70789.99
1772626800000000000,0.0,102272.68,102272.68,70670.0
1772627100000000000,0.0,102272.68,102272.68,70628.56999999999
1772627400000000000,0.0,102272.68,102272.68,70801.34
1772627700000000000,0.0,102272.68,102272.68,70918.53
1772628000000000000,0.0,102272.68,102272.68,70973.65000000001
1772628300000000000,0.0,102272.68,102272.68,71134.97
1772628600000000000,0.0,102272.68,102272.68,71140.56999999999
1772628900000000000,0.0,102272.68,102272.68,71339.70999999999
1772629200000000000,0.0,102272.68,102272.68,71318.36
1772629500000000000,0.0,102272.68,102272.68,71524.21
1772629800000000000,0.0,102272.68,102272.68,71300.0
1772630100000000000,0.0,102272.68,102272.68,71321.15999999999
1772630400000000000,0.0,102272.68,102272.68,71251.7
1772630700000000000,0.0,102272.68,102272.68,71364.49
1772631000000000000,0.0,102272.68,102272.68,71334.55
1772631300000000000,0.0,102272.68,102272.68,71439.82
1772631600000000000,0.0,102272.68,102272.68,71432.98
1772631900000000000,0.0,102272.68,102272.68,71392.01999999999
1772632200000000000,0.0,102272.68,102272.68,71414.55
1772632500000000000,0.0,102272.68,102272.68,71477.17
1772632800000000000,0.0,102272.68,102272.68,71447.07999999999
1772633100000000000,0.0,102272.68,102272.68,71558.39
1772633400000000000,0.0,102272.68,102272.68,71807.12
1772633700000000000,0.0,102272.68,102272.68,71713.72
1772634000000000000,0.0,102272.68,102272.68,71593.35
1772634300000000000,0.0,102272.68,102272.68,71751.67
1772634600000000000,0.0,102272.68,102272.68,72430.0
1772634900000000000,0.0,102272.68,102272.68,71907.6
1772635200000000000,0.0,102272.68,102272.68,71416.59
1772635500000000000,0.0,102272.68,102272.68,71664.26
1772635800000000000,0.0,102272.68,102272.68,71705.83
1772636100000000000,0.0,102272.68,102272.68,71621.04
1772636400000000000,0.0,102272.68,102272.68,71669.0
1772636700000000000,0.0,102272.68,102272.68,72023.83
1772637000000000000,0.0,102272.68,102272.68,72003.76
1772637300000000000,0.0,102272.68,102272.68,72362.55
1772637600000000000,0.0,102272.68,102272.68,72297.61
1772637900000000000,0.0,102272.68,102272.68,72972.15000000001
1772638200000000000,0.0,102272.68,102272.68,72837.7
1772638500000000000,0.0,102272.68,102272.68,72688.89
1772638800000000000,0.0,102272.68,102272.68,72705.65000000001
1772639100000000000,0.0,102272.68,102272.68,72855.87
1772639400000000000,0.0,102272.68,102272.68,73105.02
1772639700000000000,0.0,102272.68,102272.68,73396.88
1772640000000000000,0.0,102272.68,102272.68,73264.48
1772640300000000000,0.0,102272.68,102272.68,72905.79999999999
1772640600000000000,0.0,102272.68,102272.68,72843.2
1772640900000000000,0.0,102272.68,102272.68,72827.91
1772641200000000000,0.0,102272.68,102272.68,72633.81
1772641500000000000,0.0,102272.68,102272.68,72964.39
1772641800000000000,0.0,102272.68,102272.68,73100.0
1772642100000000000,0.0,102272.68,102272.68,73168.36
1772642400000000000,0.0,102272.68,102272.68,73140.32
1772642700000000000,0.0,102272.68,102272.68,73239.97
1772643000000000000,0.0,102272.68,102272.68,73273.76
1772643300000000000,0.0,102272.68,102272.68,73294.84000000001
1772643600000000000,0.0,102272.68,102272.68,73409.99
1772643900000000000,0.0,102272.68,102272.68,73419.23
1772644200000000000,0.0,102272.68,102272.68,73545.44
1772644500000000000,0.0,102272.68,102272.68,73285.05
1772644800000000000,0.0,102272.68,102272.68,73017.77
1772645100000000000,0.0,102272.68,102272.68,73053.05
1772645400000000000,0.0,102272.68,102272.68,73159.42
1772645700000000000,0.0,102272.68,102272.68,73143.2
1772646000000000000,0.0,102272.68,102272.68,73141.79999999999
1772646300000000000,0.0,102272.68,102272.68,73240.73
1772646600000000000,0.0,102272.68,102272.68,73318.79000000001
1772646900000000000,0.0,102272.68,102272.68,73218.92
1772647200000000000,0.0,102272.68,102272.68,73330.4
1772647500000000000,0.0,102272.68,102272.68,73291.13
1772647800000000000,0.0,102272.68,102272.68,73042.63
1772648100000000000,0.0,102272.68,102272.68,73341.06
1772648400000000000,0.0,102272.68,102272.68,73329.53
1772648700000000000,0.0,102272.68,102272.68,73405.90000000001
1772649000000000000,0.0,102272.68,102272.68,73237.99
1772649300000000000,0.0,102272.68,102272.68,73253.83
1772649600000000000,0.0,102272.68,102272.68,73518.89
1772649900000000000,0.0,102272.68,102272.68,73520.0
1772650200000000000,0.0,102272.68,102272.68,73606.42
1772650500000000000,0.0,102272.68,102272.68,73693.5
1772650800000000000,0.0,102272.68,102272.68,73602.18
1772651100000000000,0.0,102272.68,102272.68,73658.25
1772651400000000000,0.0,102272.68,102272.68,73870.54000000001
1772651700000000000,0.0,102272.68,102272.68,73980.09
1772652000000000000,0.0,102272.68,102272.68,73659.90000000001
1772652300000000000,0.0,102272.68,102272.68,73557.99
1772652600000000000,0.0,102272.68,102272.68,73561.79999999999
1772652900000000000,0.0,102272.68,102272.68,73811.84999999999
1772653200000000000,0.0,102272.68,102272.68,73707.15
1772653500000000000,0.0,102272.68,102272.68,73662.37000000001
1772653800000000000,0.0,102272.68,102272.68,73738.42
1772654100000000000,0.0,102272.68,102272.68,73611.1
1772654400000000000,0.0,102272.68,102272.68,73589.57
1772654700000000000,0.0,102272.68,102272.68,73329.15999999999
1772655000000000000,0.0,102272.68,102272.68,73430.17
1772655300000000000,0.0,102272.68,102272.68,73390.68000000001
1772655600000000000,0.0,102272.68,102272.68,73404.95
1772655900000000000,0.0,102272.68,102272.68,73469.95
1772656200000000000,0.0,102272.68,102272.68,73492.73999999999
1772656500000000000,0.0,102272.68,102272.68,73419.06
1772656800000000000,0.0,102272.68,102272.68,73496.36
1772657100000000000,0.0,102272.68,102272.68,73472.5
1772657400000000000,0.0,102272.68,102272.68,73251.83
1772657700000000000,0.0,102272.68,102272.68,73019.68
1772658000000000000,0.0,102272.68,102272.68,73104.38
1772658300000000000,0.0,102272.68,102272.68,73014.26
1772658600000000000,0.0,102272.68,102272.68,73060.84
1772658900000000000,0.0,102272.68,102272.68,73101.86
1772659200000000000,0.0,102272.68,102272.68,73162.51
1772659500000000000,0.0,102272.68,102272.68,73161.57
1772659800000000000,0.0,102272.68,102272.68,73142.01
1772660100000000000,0.0,102272.68,102272.68,73297.79999999999
1772660400000000000,0.0,102272.68,102272.68,73237.6
1772660700000000000,0.0,102272.68,102272.68,73216.11
1772661000000000000,0.0,102272.68,102272.68,73208.98999999999
1772661300000000000,0.0,102272.68,102272.68,73309.72
1772661600000000000,0.0,102272.68,102272.68,73434.24
1772661900000000000,0.0,102272.68,102272.68,73458.16
1772663100000000000,0.0,102272.68,102272.68,73260.0
1772664900000000000,0.0686,102271.68,102271.68,72705.86
1772666700000000000,0.137224,102270.68000000001,102270.68000000001,72538.0
1772668500000000000,0.137224,102270.68000000001,102270.68000000001,72666.77
1772670300000000000,0.137224,102270.68000000001,102270.68000000001,72827.7
1772672100000000000,0.137224,102270.68000000001,102270.68000000001,72760.0
1772673900000000000,0.137224,102270.68000000001,102270.68000000001,72945.09000000001
1772675700000000000,0.137224,102270.68000000001,102270.68000000001,72538.72
1772677500000000000,0.137224,102270.68000000001,102270.68000000001,72716.18
1772679300000000000,0.137224,102270.68000000001,102270.68000000001,72506.19
1772681100000000000,0.137224,102270.68000000001,102270.68000000001,72531.91
1772682900000000000,0.137224,102270.68000000001,102270.68000000001,72497.89
1772684700000000000,0.137224,102270.68000000001,102270.68000000001,72793.66
1772686500000000000,0.137224,102270.68000000001,102270.68000000001,72815.7
1772688300000000000,0.137224,102270.68000000001,102270.68000000001,72480.45000000001
1772690100000000000,0.137224,102270.68000000001,102270.68000000001,72412.15000000001
1772691900000000000,0.137224,102270.68000000001,102270.68000000001,72399.06999999999
1772693700000000000,0.137224,102270.68000000001,102270.68000000001,72553.62
1772695500000000000,0.137224,102270.68000000001,102270.68000000001,72527.28
1772697300000000000,0.137224,102270.68000000001,102270.68000000001,72055.5
1772699100000000000,0.137224,102270.68000000001,102270.68000000001,71829.90000000001
1772700900000000000,0.137224,102270.68000000001,102270.68000000001,72333.7
1772702700000000000,0.137224,102270.68000000001,102270.68000000001,72690.81
1772704500000000000,0.137224,102270.68000000001,102270.68000000001,72591.59
1772706300000000000,0.137224,102270.68000000001,102270.68000000001,73151.8
1772708100000000000,0.137224,102270.68000000001,102270.68000000001,73388.92000000001
1772709900000000000,0.137224,102270.68000000001,102270.68000000001,73122.37000000001
1772711700000000000,0.137224,102270.68000000001,102270.68000000001,72915.79
1772713500000000000,0.137224,102270.68000000001,102270.68000000001,72809.1
1772715300000000000,0.137224,102270.68000000001,102270.68000000001,72890.73
1772717100000000000,0.137224,102270.68000000001,102270.68000000001,72523.37999999999
1772718900000000000,0.137224,102270.68000000001,102270.68000000001,72467.79
1772720700000000000,0.137224,102270.68000000001,102270.68000000001,72552.36
1772722500000000000,0.206533,102269.68,102269.68,72609.29
1772724300000000000,0.2763,102268.68,102268.68,71278.46
1772726100000000000,0.2763,102268.68,102268.68,71652.77
1772727900000000000,0.2763,102268.68,102268.68,70995.76
1772729700000000000,0.2763,102268.68,102268.68,71305.92
1772731500000000000,0.2763,102268.68,102268.68,70928.41
1772733300000000000,0.2763,102268.68,102268.68,70704.41
1772735100000000000,0.2763,102268.68,102268.68,70818.87
1772736900000000000,0.2763,102268.68,102268.68,70990.65
1772738700000000000,0.2763,102268.68,102268.68,71107.41
1772740500000000000,0.2763,102268.68,102268.68,70918.07
1772742300000000000,0.2763,102268.68,102268.68,71178.64
1772744100000000000,0.2763,102268.68,102268.68,71236.51
1772745900000000000,0.2763,102268.68,102268.68,71517.81
1772747700000000000,0.2763,102268.68,102268.68,71141.93
1772749500000000000,0.2763,102268.68,102268.68,71160.45000000001
1772751300000000000,0.2763,102268.68,102268.68,71208.54000000001
1772753100000000000,0.2763,102268.68,102268.68,71213.98000000001
1772754900000000000,0.2763,102268.68,102268.68,70890.72
1772756700000000000,0.2763,102268.68,102268.68,70915.99
1772758500000000000,0.2763,102268.68,102268.68,70988.19
1772760300000000000,0.2763,102268.68,102268.68,70465.03
1772762100000000000,0.2763,102268.68,102268.68,71257.2
1772763900000000000,0.2763,102268.68,102268.68,71335.89
1772765700000000000,0.2763,102268.68,102268.68,71252.43
1772767500000000000,0.2763,102268.68,102268.68,71181.0
1772769300000000000,0.2763,102268.68,102268.68,71080.38
1772771100000000000,0.2763,102268.68,102268.68,70871.89
1772772900000000000,0.2763,102268.68,102268.68,70613.61
1772774700000000000,0.2763,102268.68,102268.68,70393.09000000001
1772776500000000000,0.2763,102268.68,102268.68,70436.19
1772778300000000000,0.2763,102268.68,102268.68,70425.92
1772780100000000000,0.207934,102158.53,102158.53,70597.23
1772781900000000000,0.207934,102158.53,102158.53,70858.5
1772783700000000000,0.137613,102073.15999999999,102073.15999999999,71056.44
1772785500000000000,0.137613,102073.15999999999,102073.15999999999,70934.14
1772787300000000000,0.137613,102073.15999999999,102073.15999999999,70789.49
1772789100000000000,0.137613,102073.15999999999,102073.15999999999,70411.58
1772790900000000000,0.137613,102073.15999999999,102073.15999999999,70565.56000000001
1772792700000000000,0.137613,102073.15999999999,102073.15999999999,70778.98
1772794500000000000,0.137613,102073.15999999999,102073.15999999999,70527.93
1772796300000000000,0.137613,102073.15999999999,102073.15999999999,70547.97
1772798100000000000,0.137613,102073.15999999999,102073.15999999999,70212.95
1772799900000000000,0.352173,102070.16,102070.16,70004.19
1772801700000000000,0.352173,102070.16,102070.16,69907.0
1772803500000000000,0.352173,102070.16,102070.16,70060.84
1772805300000000000,0.395714,102069.56000000001,102069.56000000001,69208.0
1772807100000000000,0.395714,102069.56000000001,102069.56000000001,68986.01
1772808900000000000,0.395714,102069.56000000001,102069.56000000001,68409.89
1772810700000000000,0.395714,102069.56000000001,102069.56000000001,68886.86
1772812500000000000,0.395714,102069.56000000001,102069.56000000001,68504.71
1772814300000000000,0.395714,102069.56000000001,102069.56000000001,68537.47
1772816100000000000,0.395714,102069.56000000001,102069.56000000001,68446.52
1772817900000000000,0.395714,102069.56000000001,102069.56000000001,68245.83
1772819700000000000,0.395714,102069.56000000001,102069.56000000001,67955.1
1772820600000000000,0.395714,102069.56000000001,102069.56000000001,68329.24
1772820900000000000,0.0,101140.0,101140.0,68371.0
1772821200000000000,0.0,101140.0,101140.0,68380.76000000001
1772821500000000000,0.0,101140.0,101140.0,68292.0
1772821800000000000,0.0,101140.0,101140.0,68434.41
1772822100000000000,0.0,101140.0,101140.0,68403.57
1772822400000000000,0.0,101140.0,101140.0,68433.17
1772822700000000000,0.0,101140.0,101140.0,68392.0
1772823000000000000,0.0,101140.0,101140.0,68236.85
1772823300000000000,0.0,101140.0,101140.0,68181.2
1772823600000000000,0.0,101140.0,101140.0,68259.5
1772823900000000000,0.0,101140.0,101140.0,68275.56
1772824200000000000,0.0,101140.0,101140.0,68438.52
1772824500000000000,0.0,101140.0,101140.0,68477.66
1772824800000000000,0.0,101140.0,101140.0,68230.0
1772825100000000000,0.0,101140.0,101140.0,68216.47
1772825400000000000,0.0,101140.0,101140.0,68196.01
1772825700000000000,0.0,101140.0,101140.0,68172.59
1772826000000000000,0.0,101140.0,101140.0,68143.98000000001
1772826300000000000,0.0,101140.0,101140.0,68096.73999999999
1772826600000000000,0.0,101140.0,101140.0,68061.99
1772826900000000000,0.0,101140.0,101140.0,68131.79
1772827200000000000,0.0,101140.0,101140.0,68194.81
1772827500000000000,0.0,101140.0,101140.0,68186.81
1772827800000000000,0.0,101140.0,101140.0,68014.43999999999
1772828100000000000,0.0,101140.0,101140.0,68063.59
1772828400000000000,0.0,101140.0,101140.0,68034.37000000001
1772828700000000000,0.0,101140.0,101140.0,67832.73999999999
1772829000000000000,0.0,101140.0,101140.0,67814.51
1772829300000000000,0.0,101140.0,101140.0,67896.5
1772829600000000000,0.0,101140.0,101140.0,67989.0
1772829900000000000,0.0,101140.0,101140.0,68104.77
1772830200000000000,0.0,101140.0,101140.0,68121.17
1772830500000000000,0.0,101140.0,101140.0,68111.03
1772830800000000000,0.0,101140.0,101140.0,68164.08
1772831100000000000,0.0,101140.0,101140.0,68172.01
1772831400000000000,0.0,101140.0,101140.0,68148.66
1772831700000000000,0.0,101140.0,101140.0,68145.74
1772832000000000000,0.0,101140.0,101140.0,67983.47
1772832300000000000,0.0,101140.0,101140.0,68005.64
1772832600000000000,0.0,101140.0,101140.0,67998.0
1772832900000000000,0.0,101140.0,101140.0,68143.45
1772833200000000000,0.0,101140.0,101140.0,68238.56
1772833500000000000,0.0,101140.0,101140.0,68286.22
1772833800000000000,0.0,101140.0,101140.0,68245.34
1772834100000000000,0.0,101140.0,101140.0,68289.1
1772834400000000000,0.0,101140.0,101140.0,68348.58
1772835900000000000,0.0,101140.0,101140.0,68288.90999999999
1772837700000000000,0.0,101140.0,101140.0,68319.89
1772839500000000000,0.0,101140.0,101140.0,68347.76
1772841300000000000,0.0,101140.0,101140.0,68114.01999999999
1772843100000000000,0.0,101140.0,101140.0,68210.26999999999
1772844900000000000,0.0,101140.0,101140.0,68290.45000000001
1772846700000000000,0.0,101140.0,101140.0,68225.06
1772848500000000000,0.0,101140.0,101140.0,68262.01
1772850300000000000,0.0,101140.0,101140.0,68107.02
1772852100000000000,0.073456,101139.0,101139.0,68350.04000000001
1772853900000000000,0.073456,101139.0,101139.0,68233.79
1772855700000000000,0.073456,101139.0,101139.0,68095.5
1772857500000000000,0.14718,101138.0,101138.0,68028.25
1772859300000000000,0.14718,101138.0,101138.0,68063.43000000001
1772861100000000000,0.14718,101138.0,101138.0,68020.4
1772862900000000000,0.14718,101138.0,101138.0,68018.26
1772864700000000000,0.14718,101138.0,101138.0,67865.1
1772866500000000000,0.14718,101138.0,101138.0,67690.86
1772868300000000000,0.14718,101138.0,101138.0,67727.6
1772870100000000000,0.14718,101138.0,101138.0,67842.67
1772871900000000000,0.14718,101138.0,101138.0,67946.49
1772873700000000000,0.14718,101138.0,101138.0,67795.4
1772875500000000000,0.14718,101138.0,101138.0,67958.52
1772877300000000000,0.14718,101138.0,101138.0,68000.0
1772879100000000000,0.14718,101138.0,101138.0,67972.08
1772880900000000000,0.14718,101138.0,101138.0,67880.31
1772882700000000000,0.14718,101138.0,101138.0,68145.54999999999
1772884500000000000,0.14718,101138.0,101138.0,68010.01
1772886300000000000,0.14718,101138.0,101138.0,68025.0
1772888100000000000,0.14718,101138.0,101138.0,67992.54000000001
1772889900000000000,0.14718,101138.0,101138.0,67992.43
1772891700000000000,0.14718,101138.0,101138.0,67931.06
1772893500000000000,0.14718,101138.0,101138.0,67807.42
1772895300000000000,0.073573,101135.83,101135.83,68016.7
1772897100000000000,0.073573,101135.83,101135.83,67962.07
1772898900000000000,0.073573,101135.83,101135.83,67877.45
1772900700000000000,0.073573,101135.83,101135.83,67772.22
1772902500000000000,0.073573,101135.83,101135.83,67783.62999999999
1772904300000000000,0.073573,101135.83,101135.83,67882.83
1772906100000000000,0.073573,101135.83,101135.83,67788.41
1772907900000000000,0.073573,101135.83,101135.83,67662.0
1772909700000000000,0.073573,101135.83,101135.83,67568.13
1772911500000000000,0.300835,101132.77,101132.77,67227.71999999999
1772913300000000000,0.300835,101132.77,101132.77,67080.34
1772915100000000000,0.300835,101132.77,101132.77,67250.47
1772916900000000000,0.300835,101132.77,101132.77,67402.98
1772918700000000000,0.300835,101132.77,101132.77,67448.56
1772920500000000000,0.300835,101132.77,101132.77,67452.98
1772922300000000000,0.300835,101132.77,101132.77,67276.43
1772924100000000000,0.300835,101132.77,101132.77,67258.65
1772925900000000000,0.300835,101132.77,101132.77,67378.22
1772927700000000000,0.300835,101132.77,101132.77,67262.90999999999
1772929500000000000,0.300835,101132.77,101132.77,67347.61
1772931300000000000,0.300835,101132.77,101132.77,67194.77
1772933100000000000,0.300835,101132.77,101132.77,67219.99
1772934900000000000,0.300835,101132.77,101132.77,67297.27
1772936700000000000,0.300835,101132.77,101132.77,67223.65000000001
1772938500000000000,0.300835,101132.77,101132.77,66925.44
1772940300000000000,0.300835,101132.77,101132.77,67005.1
1772942100000000000,0.300835,101132.77,101132.77,67000.26
1772943900000000000,0.300835,101132.77,101132.77,67008.78
1772945700000000000,0.300835,101132.77,101132.77,66637.36
1772947500000000000,0.300835,101132.77,101132.77,67126.61
1772949300000000000,0.300835,101132.77,101132.77,67149.93
1772951100000000000,0.300835,101132.77,101132.77,67055.04
1772952900000000000,0.300835,101132.77,101132.77,67161.52
1772954700000000000,0.226691,101124.90999999999,101124.90999999999,67368.15000000001
1772956500000000000,0.226691,101124.90999999999,101124.90999999999,67319.91
1772958300000000000,0.226691,101124.90999999999,101124.90999999999,67276.85
1772960100000000000,0.226691,101124.90999999999,101124.90999999999,67539.33
1772961900000000000,0.152809,101134.73999999999,101134.73999999999,67847.62999999999
1772963700000000000,0.152809,101134.73999999999,101134.73999999999,67681.0
1772965500000000000,0.152809,101134.73999999999,101134.73999999999,68057.83
1772967300000000000,0.152809,101134.73999999999,101134.73999999999,67904.14
1772969100000000000,0.152809,101134.73999999999,101134.73999999999,67679.48000000001
1772970900000000000,0.152809,101134.73999999999,101134.73999999999,67515.0
1772972700000000000,0.376828,101131.74,101131.74,67431.45999999999
1772974500000000000,0.376828,101131.74,101131.74,67324.72
1772976300000000000,0.376828,101131.74,101131.74,67163.87999999999
1772978100000000000,0.376828,101131.74,101131.74,67234.86
1772979900000000000,0.376828,101131.74,101131.74,67265.54
1772981700000000000,0.376828,101131.74,101131.74,67339.76
1772983500000000000,0.376828,101131.74,101131.74,67175.49
1772985300000000000,0.376828,101131.74,101131.74,67218.23
1772987100000000000,0.376828,101131.74,101131.74,67113.90000000001
1772988900000000000,0.376828,101131.74,101131.74,66872.15000000001
1772990700000000000,0.376828,101131.74,101131.74,67070.24
1772992500000000000,0.376828,101131.74,101131.74,67065.0
1772994300000000000,0.376828,101131.74,101131.74,66930.67
1772996100000000000,0.376828,101131.74,101131.74,66804.0
1772997900000000000,0.376828,101131.74,101131.74,67199.54
1772999700000000000,0.376828,101131.74,101131.74,67337.42
1773001500000000000,0.376828,101131.74,101131.74,67031.79
1773003300000000000,0.376828,101131.74,101131.74,67238.8
1773005100000000000,0.574027,101129.11,101129.11,66936.05
1773006900000000000,0.574027,101129.11,101129.11,67020.01
1773008700000000000,0.574027,101129.11,101129.11,65915.07999999999
1773010500000000000,0.574027,101129.11,101129.11,66236.8
1773012300000000000,0.574027,101129.11,101129.11,66470.01
1773014100000000000,0.574027,101129.11,101129.11,65971.2
1773015900000000000,0.574027,101129.11,101129.11,66170.4
1773017700000000000,0.519729,101105.74,101105.74,66370.01
1773019500000000000,0.519729,101105.74,101105.74,66480.85
1773021300000000000,0.519729,101105.74,101105.74,66196.01
1773023100000000000,0.519729,101105.74,101105.74,66120.3
1773024900000000000,0.519729,101105.74,101105.74,66537.31999999999
1773026700000000000,0.445313,101116.76000000001,101116.76000000001,67223.52
1773028500000000000,0.445313,101116.76000000001,101116.76000000001,67205.05
1773030300000000000,0.445313,101116.76000000001,101116.76000000001,67575.86
1773032100000000000,0.445313,101116.76000000001,101116.76000000001,67130.14
1773033900000000000,0.445313,101116.76000000001,101116.76000000001,67389.83
1773035700000000000,0.445313,101116.76000000001,101116.76000000001,67911.16
1773037500000000000,0.445313,101116.76000000001,101116.76000000001,67508.24
1773039300000000000,0.445313,101116.76000000001,101116.76000000001,67267.18000000001
1773041100000000000,0.445313,101116.76000000001,101116.76000000001,67205.06
1773042900000000000,0.445313,101116.76000000001,101116.76000000001,67555.13
1773044700000000000,0.445313,101116.76000000001,101116.76000000001,67813.51
1773046500000000000,0.445313,101116.76000000001,101116.76000000001,67814.69
1773048300000000000,0.445313,101116.76000000001,101116.76000000001,68011.2
1773050100000000000,0.445313,101116.76000000001,101116.76000000001,67981.02
1773051900000000000,0.445313,101116.76000000001,101116.76000000001,67800.0
1773053700000000000,0.445313,101116.76000000001,101116.76000000001,67608.13
1773055500000000000,0.445313,101116.76000000001,101116.76000000001,67478.88
1773057300000000000,0.445313,101116.76000000001,101116.76000000001,67764.98
1773059100000000000,0.445313,101116.76000000001,101116.76000000001,68153.37
1773060900000000000,0.445313,101116.76000000001,101116.76000000001,68151.93
1773062700000000000,0.445313,101116.76000000001,101116.76000000001,68773.03
1773064500000000000,0.445313,101116.76000000001,101116.76000000001,68976.0
1773066300000000000,0.445313,101116.76000000001,101116.76000000001,69160.19
1773068100000000000,0.445313,101116.76000000001,101116.76000000001,69151.5
1773069900000000000,0.445313,101116.76000000001,101116.76000000001,69078.23
1773071700000000000,0.445313,101116.76000000001,101116.76000000001,68863.66
1773073500000000000,0.445313,101116.76000000001,101116.76000000001,68961.15999999999
1773075300000000000,0.445313,101116.76000000001,101116.76000000001,68960.12000000001
1773077100000000000,0.445313,101116.76000000001,101116.76000000001,68624.06
1773078900000000000,0.445313,101116.76000000001,101116.76000000001,68600.71
1773080700000000000,0.445313,101116.76000000001,101116.76000000001,68541.72
1773082500000000000,0.445313,101116.76000000001,101116.76000000001,68356.37000000001
1773084300000000000,0.445313,101116.76000000001,101116.76000000001,69363.45999999999
1773086100000000000,0.373364,101293.11,101293.11,68991.93
1773087900000000000,0.373364,101293.11,101293.11,68963.74
1773089700000000000,0.373364,101293.11,101293.11,68961.70999999999
1773091500000000000,0.373364,101293.11,101293.11,68840.14
1773093300000000000,0.373364,101293.11,101293.11,68919.71999999999
1773095100000000000,0.373364,101293.11,101293.11,68812.0
1773096900000000000,0.373364,101293.11,101293.11,68635.87999999999
1773098700000000000,0.373364,101293.11,101293.11,68594.92
1773100500000000000,0.373364,101293.11,101293.11,68432.16
1773102300000000000,0.373364,101293.11,101293.11,68980.01
1773104100000000000,0.373364,101293.11,101293.11,69157.37
1773105900000000000,0.373364,101293.11,101293.11,68975.69
1773107700000000000,0.373364,101293.11,101293.11,69260.01
1773109500000000000,0.373364,101293.11,101293.11,69371.03
1773111300000000000,0.359124,101338.46,101338.46,70272.01
1773113100000000000,0.359124,101338.46,101338.46,70119.05
1773114900000000000,0.359124,101338.46,101338.46,69429.84999999999
1773116700000000000,0.359124,101338.46,101338.46,69731.35
1773118500000000000,0.359124,101338.46,101338.46,70072.94
1773120300000000000,0.359124,101338.46,101338.46,70038.09
1773122100000000000,0.359124,101338.46,101338.46,69971.34
1773123900000000000,0.359124,101338.46,101338.46,70142.59
1773125700000000000,0.359124,101338.46,101338.46,69910.90999999999
1773127500000000000,0.287944,101566.4,101566.4,70322.97
1773129300000000000,0.287944,101566.4,101566.4,70406.01
1773131100000000000,0.217077,101815.26000000001,101815.26000000001,70842.22
1773132900000000000,0.217077,101815.26000000001,101815.26000000001,70709.37
1773134700000000000,0.217077,101815.26000000001,101815.26000000001,71228.0
1773136500000000000,0.217077,101815.26000000001,101815.26000000001,71078.92
1773138300000000000,0.217077,101815.26000000001,101815.26000000001,70759.73000000001
1773140100000000000,0.217077,101815.26000000001,101815.26000000001,70774.04000000001
1773141900000000000,0.217077,101815.26000000001,101815.26000000001,70654.51
1773143700000000000,0.217077,101815.26000000001,101815.26000000001,70580.94
1773145500000000000,0.217077,101815.26000000001,101815.26000000001,70384.41
1773147300000000000,0.217077,101815.26000000001,101815.26000000001,70519.86
1773149100000000000,0.217077,101815.26000000001,101815.26000000001,70874.96
1773150900000000000,0.217077,101815.26000000001,101815.26000000001,69921.12
1773152700000000000,0.217077,101815.26000000001,101815.26000000001,69799.3
1773154500000000000,0.217077,101815.26000000001,101815.26000000001,71467.81
1773156300000000000,0.217077,101815.26000000001,101815.26000000001,71348.01
1773158100000000000,0.217077,101815.26000000001,101815.26000000001,71346.16
1773159900000000000,0.217077,101815.26000000001,101815.26000000001,71364.42
1773161700000000000,0.217077,101815.26000000001,101815.26000000001,71268.59
1773163500000000000,0.217077,101815.26000000001,101815.26000000001,71046.31
1773165300000000000,0.217077,101815.26000000001,101815.26000000001,70868.61
1773167100000000000,0.217077,101815.26000000001,101815.26000000001,70318.01999999999
1773168900000000000,0.217077,101815.26000000001,101815.26000000001,70013.87
1773170700000000000,0.217077,101815.26000000001,101815.26000000001,69973.93
1773172500000000000,0.217077,101815.26000000001,101815.26000000001,70043.62999999999
1773174300000000000,0.217077,101815.26000000001,101815.26000000001,70251.2
1773176100000000000,0.217077,101815.26000000001,101815.26000000001,70235.6
1773177900000000000,0.217077,101815.26000000001,101815.26000000001,69941.48
1773179700000000000,0.217077,101815.26000000001,101815.26000000001,69763.01000000001
1773181500000000000,0.217077,101815.26000000001,101815.26000000001,69601.20999999999
1773183300000000000,0.217077,101815.26000000001,101815.26000000001,69721.58
1773185100000000000,0.217077,101815.26000000001,101815.26000000001,69821.37
1773186900000000000,0.217077,101815.26000000001,101815.26000000001,69948.63
1773188700000000000,0.145678,102028.5,102028.5,70055.16
1773190500000000000,0.145678,102028.5,102028.5,70044.87
1773192300000000000,0.145678,102028.5,102028.5,70095.70999999999
1773194100000000000,0.145678,102028.5,102028.5,70071.26000000001
1773195900000000000,0.145678,102028.5,102028.5,69968.58
1773197700000000000,0.145678,102028.5,102028.5,69810.72
1773199500000000000,0.145678,102028.5,102028.5,69527.22
1773201300000000000,0.145678,102028.5,102028.5,69551.91
1773203100000000000,0.145678,102028.5,102028.5,69980.15000000001
1773204900000000000,0.145678,102028.5,102028.5,70130.98999999999
1773206700000000000,0.145678,102028.5,102028.5,69943.67
1773208500000000000,0.145678,102028.5,102028.5,69510.36
1773210300000000000,0.145678,102028.5,102028.5,69804.18
1773212100000000000,0.145678,102028.5,102028.5,69950.01
1773213900000000000,0.145678,102028.5,102028.5,69791.28
1773215700000000000,0.145678,102028.5,102028.5,69648.29000000001
1773217500000000000,0.145678,102028.5,102028.5,69503.53
1773219300000000000,0.145678,102028.5,102028.5,69662.24
1773221100000000000,0.145678,102028.5,102028.5,69531.57
1773222900000000000,0.145678,102028.5,102028.5,69466.75
1773224700000000000,0.145678,102028.5,102028.5,69500.0
1773226500000000000,0.145678,102028.5,102028.5,69604.9
1773228300000000000,0.145678,102028.5,102028.5,69447.45
1773230100000000000,0.29014,102026.5,102026.5,69173.0
1773231900000000000,0.29014,102026.5,102026.5,69427.3
1773233700000000000,0.29014,102026.5,102026.5,69361.13
1773235500000000000,0.29014,102026.5,102026.5,70219.78
1773237300000000000,0.14816,102352.7,102352.7,70186.09
1773239100000000000,0.14816,102352.7,102352.7,70664.16
1773240900000000000,0.14816,102352.7,102352.7,70578.7
1773242700000000000,0.14816,102352.7,102352.7,70206.0
1773244500000000000,0.14816,102352.7,102352.7,70227.91
1773246300000000000,0.14816,102352.7,102352.7,70463.49
1773248100000000000,0.14816,102352.7,102352.7,70570.71
1773249900000000000,0.077896,102565.24,102565.24,71252.42
1773251700000000000,0.077896,102565.24,102565.24,70785.99
1773253500000000000,0.077896,102565.24,102565.24,70703.99
1773255300000000000,0.077896,102565.24,102565.24,70617.64
1773257100000000000,0.077896,102565.24,102565.24,70526.47
1773258900000000000,0.077896,102565.24,102565.24,70641.82
1773260700000000000,0.077896,102565.24,102565.24,70439.89
1773262500000000000,0.077896,102565.24,102565.24,70634.96
1773264300000000000,0.077896,102565.24,102565.24,70543.62999999999
1773266100000000000,0.077896,102565.24,102565.24,70741.26000000001
1773267900000000000,0.077896,102565.24,102565.24,70489.54999999999
1773269700000000000,0.077896,102565.24,102565.24,70373.01000000001
1773271500000000000,0.077896,102565.24,102565.24,70367.12
1773273300000000000,0.077896,102565.24,102565.24,70191.86
1773275100000000000,0.077896,102565.24,102565.24,70252.5
1773276900000000000,0.077896,102565.24,102565.24,70225.34
1773278700000000000,0.077896,102565.24,102565.24,69897.58
1773280500000000000,0.077896,102565.24,102565.24,69841.31
1773282300000000000,0.077896,102565.24,102565.24,69605.45
1773284100000000000,0.222246,102563.23999999999,102563.23999999999,69286.56
1773285900000000000,0.222246,102563.23999999999,102563.23999999999,69420.01
1773287700000000000,0.222246,102563.23999999999,102563.23999999999,69446.61
1773289500000000000,0.222246,102563.23999999999,102563.23999999999,69485.49
1773291300000000000,0.222246,102563.23999999999,102563.23999999999,69372.0
1773293100000000000,0.222246,102563.23999999999,102563.23999999999,69256.95
1773294900000000000,0.222246,102563.23999999999,102563.23999999999,69480.54000000001
1773296700000000000,0.222246,102563.23999999999,102563.23999999999,69536.39
1773298500000000000,0.222246,102563.23999999999,102563.23999999999,69501.44
1773300300000000000,0.222246,102563.23999999999,102563.23999999999,69606.4
1773302100000000000,0.150534,102623.34,102623.34,69826.19
1773303900000000000,0.079116,102703.7,102703.7,69807.84999999999
1773305700000000000,0.079116,102703.7,102703.7,69917.37
1773307500000000000,0.079116,102703.7,102703.7,69678.29000000001
1773309300000000000,0.079116,102703.7,102703.7,69952.51
1773311100000000000,0.079116,102703.7,102703.7,70149.15
1773312900000000000,0.079116,102703.7,102703.7,70412.11
1773314700000000000,0.079116,102703.7,102703.7,70557.24
1773316500000000000,0.079116,102703.7,102703.7,70427.91
1773318300000000000,0.079116,102703.7,102703.7,70420.58
1773320100000000000,0.079116,102703.7,102703.7,70381.79999999999
1773321900000000000,0.079116,102703.7,102703.7,70111.28
1773323700000000000,0.079116,102703.7,102703.7,69972.15000000001
1773325500000000000,0.079116,102703.7,102703.7,69953.31999999999
1773327300000000000,0.079116,102703.7,102703.7,69590.09
1773329100000000000,0.079116,102703.7,102703.7,70299.22
1773330900000000000,0.079116,102703.7,102703.7,70334.88
1773332700000000000,0.079116,102703.7,102703.7,70063.65000000001
1773334500000000000,0.079116,102703.7,102703.7,70381.15999999999
1773336300000000000,0.079116,102703.7,102703.7,70300.01
1773338100000000000,0.079116,102703.7,102703.7,70212.06
1773339900000000000,0.079116,102703.7,102703.7,70019.70999999999
1773341700000000000,0.079116,102703.7,102703.7,69819.64
1773343500000000000,0.079116,102703.7,102703.7,70209.97
1773345300000000000,0.079116,102703.7,102703.7,70432.32
1773347100000000000,0.079116,102703.7,102703.7,70307.03
1773348900000000000,0.079116,102703.7,102703.7,70164.49
1773350700000000000,0.079116,102703.7,102703.7,70289.11
1773352500000000000,0.079116,102703.7,102703.7,70268.55
1773354300000000000,0.079116,102703.7,102703.7,70180.62000000001
1773356100000000000,0.079116,102703.7,102703.7,70175.64
1773357900000000000,0.062647,102826.79000000001,102826.79000000001,70537.45
1773359700000000000,0.062647,102826.79000000001,102826.79000000001,70541.34
1773361500000000000,0.062647,102826.79000000001,102826.79000000001,71482.53
1773363300000000000,0.062647,102826.79000000001,102826.79000000001,71475.61
1773365100000000000,0.062647,102826.79000000001,102826.79000000001,71527.19
1773366900000000000,0.062647,102826.79000000001,102826.79000000001,71672.39
1773368700000000000,0.062647,102826.79000000001,102826.79000000001,71454.56
1773370500000000000,0.062647,102826.79000000001,102826.79000000001,71143.8
1773372300000000000,0.062647,102826.79000000001,102826.79000000001,71093.82
1773374100000000000,0.062647,102826.79000000001,102826.79000000001,71405.75
1773375900000000000,0.062647,102826.79000000001,102826.79000000001,71319.52
1773377700000000000,0.062647,102826.79000000001,102826.79000000001,71393.94
1773379500000000000,0.062647,102826.79000000001,102826.79000000001,71413.79999999999
1773381300000000000,0.062647,102826.79000000001,102826.79000000001,71546.29000000001
1773383100000000000,0.062647,102826.79000000001,102826.79000000001,71241.61
1773384900000000000,0.062647,102826.79000000001,102826.79000000001,71342.0
1773386700000000000,0.062647,102826.79000000001,102826.79000000001,71513.95999999999
1773388500000000000,0.062647,102826.79000000001,102826.79000000001,71612.22
1773390300000000000,0.062647,102826.79000000001,102826.79000000001,71588.04
1773392100000000000,0.062647,102826.79000000001,102826.79000000001,71821.02
1773393900000000000,0.062647,102826.79000000001,102826.79000000001,71818.07
1773395700000000000,0.062647,102826.79000000001,102826.79000000001,72006.56999999999
1773397500000000000,0.062647,102826.79000000001,102826.79000000001,72347.52
1773399300000000000,0.062647,102826.79000000001,102826.79000000001,72458.12
1773401100000000000,0.062647,102826.79000000001,102826.79000000001,72326.5
1773402900000000000,0.062647,102826.79000000001,102826.79000000001,72228.81999999999
1773404700000000000,0.062647,102826.79000000001,102826.79000000001,72412.15000000001
1773406500000000000,0.062647,102826.79000000001,102826.79000000001,72784.73
1773408300000000000,0.062647,102826.79000000001,102826.79000000001,73023.17
1773410100000000000,0.062647,102826.79000000001,102826.79000000001,73379.18000000001
1773411900000000000,0.062647,102826.79000000001,102826.79000000001,73738.52
1773413700000000000,0.006118,102696.78,102696.78,72382.72
1773415500000000000,0.006118,102696.78,102696.78,72463.70999999999
1773417300000000000,0.075539,102695.78,102695.78,71831.45999999999
1773419100000000000,0.075539,102695.78,102695.78,71393.26000000001
1773420900000000000,0.075539,102695.78,102695.78,71885.57
1773422700000000000,0.075539,102695.78,102695.78,71659.82
1773424500000000000,0.075539,102695.78,102695.78,71037.93
1773426300000000000,0.075539,102695.78,102695.78,71195.34
1773428100000000000,0.075539,102695.78,102695.78,71055.45
1773429900000000000,0.075539,102695.78,102695.78,71082.04000000001
1773431700000000000,0.075539,102695.78,102695.78,71189.95
1773433500000000000,0.075539,102695.78,102695.78,71307.96
1773435300000000000,0.075539,102695.78,102695.78,71346.84000000001
1773437100000000000,0.075539,102695.78,102695.78,71165.41
1773438900000000000,0.075539,102695.78,102695.78,71104.65
1773440700000000000,0.075539,102695.78,102695.78,70671.43000000001
1773442500000000000,0.075539,102695.78,102695.78,70814.0
1773444300000000000,0.075539,102695.78,102695.78,70900.01
1773446100000000000,0.075539,102695.78,102695.78,70930.0
